Timestamp,Name,CPU_Perc,Mem_Usage,Mem_Perc,Net_IO,Block_IO,PIDs
2026-07-30 11:23:13,docker-recorder-run-de836728b142,214.96%,51.9MiB / 30.66GiB,0.17%,0B / 0B,29.9MB / 225kB,11
2026-07-30 11:23:13,openzen,11.81%,86.75MiB / 30.66GiB,0.28%,0B / 0B,81.6MB / 69.6kB,20
2026-07-30 11:23:13,ouster,71.87%,200.3MiB / 30.66GiB,0.64%,0B / 0B,184MB / 164kB,27
2026-07-30 11:23:13,scovox,166.30%,69.57MiB / 30.66GiB,0.22%,0B / 0B,56.1MB / 246kB,7
2026-07-30 11:23:13,mapir-ffmpeg,71.63%,281.5MiB / 30.66GiB,0.90%,0B / 0B,190MB / 659kB,32
2026-07-30 11:23:13,trav_ros2,113.18%,67.68MiB / 30.66GiB,0.22%,0B / 0B,87.9MB / 152kB,2
2026-07-30 11:23:13,realsense,143.93%,65.4MiB / 30.66GiB,0.21%,0B / 0B,43.2MB / 217kB,5
2026-07-30 11:23:13,nav2,80.36%,200.8MiB / 30.66GiB,0.64%,0B / 0B,127MB / 0B,90
2026-07-30 11:23:13,glim,98.03%,59.25MiB / 30.66GiB,0.19%,0B / 0B,84.7MB / 139kB,2
2026-07-30 11:23:16,docker-recorder-run-de836728b142,0.00%,23.47MiB / 30.66GiB,0.07%,0B / 0B,42.6MB / 365kB,2
2026-07-30 11:23:16,openzen,3.40%,87.26MiB / 30.66GiB,0.28%,0B / 0B,81.6MB / 69.6kB,20
2026-07-30 11:23:16,ouster,0.46%,202MiB / 30.66GiB,0.64%,0B / 0B,184MB / 164kB,27
2026-07-30 11:23:16,scovox,3.62%,108.9MiB / 30.66GiB,0.35%,0B / 0B,78.1MB / 332kB,53
2026-07-30 11:23:16,mapir-ffmpeg,28.25%,333.4MiB / 30.66GiB,1.06%,0B / 0B,200MB / 659kB,33
2026-07-30 11:23:16,trav_ros2,1.24%,287.9MiB / 30.66GiB,0.92%,0B / 0B,125MB / 152kB,44
2026-07-30 11:23:16,realsense,17.29%,174.6MiB / 30.66GiB,0.56%,0B / 0B,107MB / 270kB,33
2026-07-30 11:23:16,nav2,2.31%,208.2MiB / 30.66GiB,0.66%,0B / 0B,127MB / 0B,90
2026-07-30 11:23:16,glim,7.83%,152.7MiB / 30.66GiB,0.49%,0B / 0B,147MB / 139kB,21
2026-07-30 11:23:19,docker-recorder-run-de836728b142,0.00%,23.06MiB / 30.66GiB,0.07%,0B / 0B,42.6MB / 365kB,2
2026-07-30 11:23:19,openzen,4.79%,87.01MiB / 30.66GiB,0.28%,0B / 0B,81.6MB / 69.6kB,20
2026-07-30 11:23:19,ouster,0.06%,200.8MiB / 30.66GiB,0.64%,0B / 0B,184MB / 164kB,27
2026-07-30 11:23:19,scovox,4.25%,106.9MiB / 30.66GiB,0.34%,0B / 0B,78.1MB / 332kB,53
2026-07-30 11:23:19,mapir-ffmpeg,27.46%,332.2MiB / 30.66GiB,1.06%,0B / 0B,200MB / 659kB,33
2026-07-30 11:23:19,trav_ros2,0.79%,286.4MiB / 30.66GiB,0.91%,0B / 0B,125MB / 152kB,44
2026-07-30 11:23:19,realsense,17.48%,174.8MiB / 30.66GiB,0.56%,0B / 0B,107MB / 270kB,33
2026-07-30 11:23:19,nav2,0.99%,207.8MiB / 30.66GiB,0.66%,0B / 0B,127MB / 0B,90
2026-07-30 11:23:19,glim,6.50%,153.3MiB / 30.66GiB,0.49%,0B / 0B,147MB / 139kB,21
2026-07-30 11:23:22,docker-recorder-run-de836728b142,0.00%,23.06MiB / 30.66GiB,0.07%,0B / 0B,42.6MB / 365kB,2
2026-07-30 11:23:22,openzen,4.45%,86.42MiB / 30.66GiB,0.28%,0B / 0B,81.6MB / 69.6kB,20
2026-07-30 11:23:22,ouster,0.40%,200.7MiB / 30.66GiB,0.64%,0B / 0B,184MB / 164kB,27
2026-07-30 11:23:22,scovox,4.11%,106.5MiB / 30.66GiB,0.34%,0B / 0B,78.1MB / 332kB,53
2026-07-30 11:23:22,mapir-ffmpeg,28.57%,333.5MiB / 30.66GiB,1.06%,0B / 0B,200MB / 659kB,33
2026-07-30 11:23:22,trav_ros2,1.46%,284.8MiB / 30.66GiB,0.91%,0B / 0B,125MB / 152kB,44
2026-07-30 11:23:22,realsense,18.09%,175.5MiB / 30.66GiB,0.56%,0B / 0B,107MB / 270kB,33
2026-07-30 11:23:22,nav2,1.78%,205MiB / 30.66GiB,0.65%,0B / 0B,127MB / 0B,90
2026-07-30 11:23:22,glim,7.17%,151.8MiB / 30.66GiB,0.48%,0B / 0B,147MB / 139kB,21
2026-07-30 11:23:25,docker-recorder-run-de836728b142,0.25%,22.88MiB / 30.66GiB,0.07%,0B / 0B,42.7MB / 9.68MB,1
2026-07-30 11:23:25,openzen,6.28%,86.44MiB / 30.66GiB,0.28%,0B / 0B,81.6MB / 2.17MB,20
2026-07-30 11:23:25,ouster,4.39%,232.5MiB / 30.66GiB,0.74%,0B / 0B,184MB / 2.91MB,30
2026-07-30 11:23:25,scovox,4.62%,116.8MiB / 30.66GiB,0.37%,0B / 0B,78.1MB / 3.61MB,53
2026-07-30 11:23:25,mapir-ffmpeg,29.61%,332.3MiB / 30.66GiB,1.06%,0B / 0B,200MB / 1.31MB,33
2026-07-30 11:23:25,trav_ros2,4.29%,317.1MiB / 30.66GiB,1.01%,0B / 0B,125MB / 1.63MB,44
2026-07-30 11:23:25,realsense,37.80%,175MiB / 30.66GiB,0.56%,0B / 0B,107MB / 3.34MB,33
2026-07-30 11:23:25,nav2,1.84%,201.8MiB / 30.66GiB,0.64%,0B / 0B,127MB / 1.16MB,90
2026-07-30 11:23:25,glim,8.10%,152.8MiB / 30.66GiB,0.49%,0B / 0B,147MB / 139kB,21
2026-07-30 11:23:25,foxglove,251.72%,67.54MiB / 30.66GiB,0.22%,0B / 0B,13.9MB / 102kB,7
2026-07-30 11:23:29,foxglove,100.42%,632.3MiB / 30.66GiB,2.01%,0B / 0B,201MB / 258kB,28
2026-07-30 11:23:29,docker-recorder-run-de836728b142,0.00%,22.88MiB / 30.66GiB,0.07%,0B / 0B,42.7MB / 9.68MB,1
2026-07-30 11:23:29,openzen,4.92%,87.04MiB / 30.66GiB,0.28%,0B / 0B,81.6MB / 2.17MB,20
2026-07-30 11:23:29,ouster,14.97%,245.2MiB / 30.66GiB,0.78%,0B / 0B,184MB / 2.91MB,30
2026-07-30 11:23:29,scovox,12.26%,202.1MiB / 30.66GiB,0.64%,0B / 0B,78.3MB / 3.61MB,53
2026-07-30 11:23:29,mapir-ffmpeg,29.14%,333.6MiB / 30.66GiB,1.06%,0B / 0B,200MB / 1.31MB,33
2026-07-30 11:23:29,trav_ros2,111.22%,477.8MiB / 30.66GiB,1.52%,0B / 0B,125MB / 1.63MB,44
2026-07-30 11:23:29,realsense,35.69%,175.1MiB / 30.66GiB,0.56%,0B / 0B,107MB / 3.34MB,33
2026-07-30 11:23:29,nav2,13.17%,217.5MiB / 30.66GiB,0.69%,0B / 0B,128MB / 1.16MB,92
2026-07-30 11:23:29,glim,74.68%,295.8MiB / 30.66GiB,0.94%,0B / 0B,149MB / 11.6MB,37
2026-07-30 11:23:32,foxglove,26.78%,613.5MiB / 30.66GiB,1.95%,0B / 0B,202MB / 258kB,28
2026-07-30 11:23:32,docker-recorder-run-de836728b142,0.00%,22.88MiB / 30.66GiB,0.07%,0B / 0B,42.7MB / 9.68MB,1
2026-07-30 11:23:32,openzen,4.95%,87.31MiB / 30.66GiB,0.28%,0B / 0B,81.6MB / 2.17MB,20
2026-07-30 11:23:32,ouster,10.22%,245.4MiB / 30.66GiB,0.78%,0B / 0B,184MB / 2.91MB,30
2026-07-30 11:23:32,scovox,94.87%,286.9MiB / 30.66GiB,0.91%,0B / 0B,78.3MB / 3.61MB,53
2026-07-30 11:23:32,mapir-ffmpeg,36.00%,333.4MiB / 30.66GiB,1.06%,0B / 0B,200MB / 1.31MB,33
2026-07-30 11:23:32,trav_ros2,111.96%,476.1MiB / 30.66GiB,1.52%,0B / 0B,125MB / 1.63MB,44
2026-07-30 11:23:32,realsense,33.95%,175.4MiB / 30.66GiB,0.56%,0B / 0B,107MB / 3.34MB,33
2026-07-30 11:23:32,nav2,14.40%,218.3MiB / 30.66GiB,0.70%,0B / 0B,128MB / 1.16MB,92
2026-07-30 11:23:32,glim,72.87%,373.1MiB / 30.66GiB,1.19%,0B / 0B,149MB / 11.6MB,37
2026-07-30 11:23:35,foxglove,15.71%,587MiB / 30.66GiB,1.87%,0B / 0B,202MB / 258kB,28
2026-07-30 11:23:35,docker-recorder-run-de836728b142,0.00%,22.88MiB / 30.66GiB,0.07%,0B / 0B,42.7MB / 9.68MB,1
2026-07-30 11:23:35,openzen,5.06%,86.82MiB / 30.66GiB,0.28%,0B / 0B,81.6MB / 2.17MB,20
2026-07-30 11:23:35,ouster,7.93%,245.6MiB / 30.66GiB,0.78%,0B / 0B,184MB / 2.91MB,30
2026-07-30 11:23:35,scovox,63.73%,338.2MiB / 30.66GiB,1.08%,0B / 0B,78.3MB / 3.61MB,53
2026-07-30 11:23:35,mapir-ffmpeg,35.24%,333.6MiB / 30.66GiB,1.06%,0B / 0B,200MB / 1.31MB,33
2026-07-30 11:23:35,trav_ros2,125.22%,479.6MiB / 30.66GiB,1.53%,0B / 0B,125MB / 1.63MB,44
2026-07-30 11:23:35,realsense,21.33%,175.1MiB / 30.66GiB,0.56%,0B / 0B,107MB / 3.34MB,33
2026-07-30 11:23:35,nav2,13.80%,218.4MiB / 30.66GiB,0.70%,0B / 0B,128MB / 1.16MB,92
2026-07-30 11:23:35,glim,70.48%,378.9MiB / 30.66GiB,1.21%,0B / 0B,149MB / 11.6MB,37
2026-07-30 11:23:39,foxglove,20.00%,605.4MiB / 30.66GiB,1.93%,0B / 0B,202MB / 258kB,28
2026-07-30 11:23:39,docker-recorder-run-de836728b142,0.00%,22.88MiB / 30.66GiB,0.07%,0B / 0B,42.7MB / 9.68MB,1
2026-07-30 11:23:39,openzen,5.41%,87.34MiB / 30.66GiB,0.28%,0B / 0B,81.6MB / 2.17MB,20
2026-07-30 11:23:39,ouster,7.96%,245.5MiB / 30.66GiB,0.78%,0B / 0B,184MB / 2.91MB,30
2026-07-30 11:23:39,scovox,93.07%,293.7MiB / 30.66GiB,0.94%,0B / 0B,78.3MB / 3.61MB,53
2026-07-30 11:23:39,mapir-ffmpeg,31.47%,333.9MiB / 30.66GiB,1.06%,0B / 0B,200MB / 1.31MB,33
2026-07-30 11:23:39,trav_ros2,111.68%,480.6MiB / 30.66GiB,1.53%,0B / 0B,125MB / 1.63MB,44
2026-07-30 11:23:39,realsense,19.35%,175.9MiB / 30.66GiB,0.56%,0B / 0B,107MB / 3.34MB,33
2026-07-30 11:23:39,nav2,14.13%,218.9MiB / 30.66GiB,0.70%,0B / 0B,128MB / 1.16MB,92
2026-07-30 11:23:39,glim,79.84%,384MiB / 30.66GiB,1.22%,0B / 0B,149MB / 11.6MB,37
2026-07-30 11:23:42,foxglove,24.04%,587.3MiB / 30.66GiB,1.87%,0B / 0B,202MB / 258kB,28
2026-07-30 11:23:42,docker-recorder-run-de836728b142,0.00%,22.88MiB / 30.66GiB,0.07%,0B / 0B,42.7MB / 9.68MB,1
2026-07-30 11:23:42,openzen,4.66%,86.86MiB / 30.66GiB,0.28%,0B / 0B,81.6MB / 2.17MB,20
2026-07-30 11:23:42,ouster,13.45%,245.7MiB / 30.66GiB,0.78%,0B / 0B,184MB / 2.91MB,30
2026-07-30 11:23:42,scovox,68.10%,344.3MiB / 30.66GiB,1.10%,0B / 0B,78.3MB / 3.61MB,53
2026-07-30 11:23:42,mapir-ffmpeg,28.02%,333.5MiB / 30.66GiB,1.06%,0B / 0B,200MB / 1.31MB,33
2026-07-30 11:23:42,trav_ros2,111.88%,480.1MiB / 30.66GiB,1.53%,0B / 0B,125MB / 1.63MB,44
2026-07-30 11:23:42,realsense,18.78%,175.4MiB / 30.66GiB,0.56%,0B / 0B,107MB / 3.34MB,33
2026-07-30 11:23:42,nav2,12.82%,219.3MiB / 30.66GiB,0.70%,0B / 0B,128MB / 1.16MB,92
2026-07-30 11:23:42,glim,73.16%,387.8MiB / 30.66GiB,1.24%,0B / 0B,149MB / 11.6MB,37
2026-07-30 11:23:45,foxglove,13.66%,610.6MiB / 30.66GiB,1.94%,0B / 0B,202MB / 258kB,28
2026-07-30 11:23:45,docker-recorder-run-de836728b142,0.00%,22.88MiB / 30.66GiB,0.07%,0B / 0B,42.7MB / 9.68MB,1
2026-07-30 11:23:45,openzen,5.40%,86.88MiB / 30.66GiB,0.28%,0B / 0B,81.6MB / 2.17MB,20
2026-07-30 11:23:45,ouster,8.08%,246.1MiB / 30.66GiB,0.78%,0B / 0B,184MB / 2.91MB,30
2026-07-30 11:23:45,scovox,100.79%,298.3MiB / 30.66GiB,0.95%,0B / 0B,78.3MB / 3.61MB,53
2026-07-30 11:23:45,mapir-ffmpeg,32.30%,334.5MiB / 30.66GiB,1.07%,0B / 0B,200MB / 1.31MB,33
2026-07-30 11:23:45,trav_ros2,111.10%,481.8MiB / 30.66GiB,1.53%,0B / 0B,125MB / 1.63MB,44
2026-07-30 11:23:45,realsense,19.18%,175.5MiB / 30.66GiB,0.56%,0B / 0B,107MB / 3.34MB,33
2026-07-30 11:23:45,nav2,13.63%,219.6MiB / 30.66GiB,0.70%,0B / 0B,128MB / 1.16MB,92
2026-07-30 11:23:45,glim,94.58%,393.3MiB / 30.66GiB,1.25%,0B / 0B,149MB / 11.6MB,37
2026-07-30 11:23:48,foxglove,15.58%,610.6MiB / 30.66GiB,1.94%,0B / 0B,202MB / 258kB,28
2026-07-30 11:23:48,docker-recorder-run-de836728b142,0.00%,22.88MiB / 30.66GiB,0.07%,0B / 0B,42.7MB / 9.68MB,1
2026-07-30 11:23:48,openzen,5.73%,86.91MiB / 30.66GiB,0.28%,0B / 0B,81.6MB / 2.17MB,20
2026-07-30 11:23:48,ouster,8.07%,245.6MiB / 30.66GiB,0.78%,0B / 0B,184MB / 2.91MB,30
2026-07-30 11:23:48,scovox,74.86%,347MiB / 30.66GiB,1.11%,0B / 0B,78.3MB / 3.61MB,53
2026-07-30 11:23:48,mapir-ffmpeg,29.09%,334.8MiB / 30.66GiB,1.07%,0B / 0B,200MB / 1.31MB,33
2026-07-30 11:23:48,trav_ros2,113.29%,482MiB / 30.66GiB,1.54%,0B / 0B,125MB / 1.63MB,44
2026-07-30 11:23:48,realsense,18.30%,175.5MiB / 30.66GiB,0.56%,0B / 0B,107MB / 3.34MB,33
2026-07-30 11:23:48,nav2,13.52%,220MiB / 30.66GiB,0.70%,0B / 0B,128MB / 1.16MB,92
2026-07-30 11:23:48,glim,74.52%,397.7MiB / 30.66GiB,1.27%,0B / 0B,149MB / 11.6MB,37
2026-07-30 11:23:51,foxglove,17.96%,609.4MiB / 30.66GiB,1.94%,0B / 0B,202MB / 258kB,28
2026-07-30 11:23:51,docker-recorder-run-de836728b142,0.00%,22.88MiB / 30.66GiB,0.07%,0B / 0B,42.7MB / 9.68MB,1
2026-07-30 11:23:51,openzen,5.38%,86.91MiB / 30.66GiB,0.28%,0B / 0B,81.6MB / 2.17MB,20
2026-07-30 11:23:51,ouster,7.00%,245.5MiB / 30.66GiB,0.78%,0B / 0B,184MB / 2.91MB,30
2026-07-30 11:23:51,scovox,84.98%,327.4MiB / 30.66GiB,1.04%,0B / 0B,78.3MB / 3.61MB,53
2026-07-30 11:23:51,mapir-ffmpeg,42.88%,333.6MiB / 30.66GiB,1.06%,0B / 0B,200MB / 1.31MB,33
2026-07-30 11:23:51,trav_ros2,109.88%,482.7MiB / 30.66GiB,1.54%,0B / 0B,125MB / 1.63MB,44
2026-07-30 11:23:51,realsense,17.78%,175.5MiB / 30.66GiB,0.56%,0B / 0B,107MB / 3.34MB,33
2026-07-30 11:23:51,nav2,12.15%,219.1MiB / 30.66GiB,0.70%,0B / 0B,128MB / 1.16MB,92
2026-07-30 11:23:51,glim,73.28%,398.3MiB / 30.66GiB,1.27%,0B / 0B,149MB / 11.6MB,37
2026-07-30 11:23:54,foxglove,14.33%,610.6MiB / 30.66GiB,1.94%,0B / 0B,202MB / 258kB,28
2026-07-30 11:23:54,docker-recorder-run-de836728b142,0.00%,22.88MiB / 30.66GiB,0.07%,0B / 0B,42.7MB / 9.68MB,1
2026-07-30 11:23:54,openzen,5.63%,87.44MiB / 30.66GiB,0.28%,0B / 0B,81.6MB / 2.17MB,20
2026-07-30 11:23:54,ouster,7.91%,245.5MiB / 30.66GiB,0.78%,0B / 0B,184MB / 2.91MB,30
2026-07-30 11:23:54,scovox,77.12%,346.9MiB / 30.66GiB,1.10%,0B / 0B,78.3MB / 3.61MB,53
2026-07-30 11:23:54,mapir-ffmpeg,30.48%,333.9MiB / 30.66GiB,1.06%,0B / 0B,200MB / 1.31MB,33
2026-07-30 11:23:54,trav_ros2,111.54%,477MiB / 30.66GiB,1.52%,0B / 0B,125MB / 1.63MB,44
2026-07-30 11:23:54,realsense,28.00%,175.3MiB / 30.66GiB,0.56%,0B / 0B,107MB / 3.34MB,33
2026-07-30 11:23:54,nav2,14.34%,220.5MiB / 30.66GiB,0.70%,0B / 0B,128MB / 1.16MB,92
2026-07-30 11:23:54,glim,66.07%,397.9MiB / 30.66GiB,1.27%,0B / 0B,149MB / 11.6MB,37
2026-07-30 11:23:57,foxglove,16.05%,607.1MiB / 30.66GiB,1.93%,0B / 0B,202MB / 500kB,28
2026-07-30 11:23:57,docker-recorder-run-de836728b142,0.00%,22.88MiB / 30.66GiB,0.07%,0B / 0B,42.7MB / 9.68MB,1
2026-07-30 11:23:57,openzen,5.07%,87.46MiB / 30.66GiB,0.28%,0B / 0B,81.6MB / 2.17MB,20
2026-07-30 11:23:57,ouster,11.49%,245.6MiB / 30.66GiB,0.78%,0B / 0B,184MB / 2.93MB,30
2026-07-30 11:23:57,scovox,78.41%,330.2MiB / 30.66GiB,1.05%,0B / 0B,78.3MB / 3.61MB,53
2026-07-30 11:23:57,mapir-ffmpeg,45.50%,334.1MiB / 30.66GiB,1.06%,0B / 0B,200MB / 1.31MB,33
2026-07-30 11:23:57,trav_ros2,113.63%,480.6MiB / 30.66GiB,1.53%,0B / 0B,125MB / 1.65MB,44
2026-07-30 11:23:57,realsense,22.08%,175.3MiB / 30.66GiB,0.56%,0B / 0B,107MB / 3.34MB,33
2026-07-30 11:23:57,nav2,12.49%,219.4MiB / 30.66GiB,0.70%,0B / 0B,128MB / 1.16MB,92
2026-07-30 11:23:57,glim,73.28%,397.9MiB / 30.66GiB,1.27%,0B / 0B,149MB / 11.6MB,37
2026-07-30 11:24:00,foxglove,17.35%,607MiB / 30.66GiB,1.93%,0B / 0B,202MB / 500kB,28
2026-07-30 11:24:00,docker-recorder-run-de836728b142,0.00%,22.88MiB / 30.66GiB,0.07%,0B / 0B,42.7MB / 9.68MB,1
2026-07-30 11:24:00,openzen,4.84%,87.21MiB / 30.66GiB,0.28%,0B / 0B,81.6MB / 2.17MB,20
2026-07-30 11:24:00,ouster,10.28%,245.6MiB / 30.66GiB,0.78%,0B / 0B,184MB / 2.93MB,30
2026-07-30 11:24:00,scovox,87.49%,252.8MiB / 30.66GiB,0.80%,0B / 0B,78.3MB / 3.69MB,53
2026-07-30 11:24:00,mapir-ffmpeg,32.76%,333.9MiB / 30.66GiB,1.06%,0B / 0B,200MB / 1.33MB,33
2026-07-30 11:24:00,trav_ros2,112.86%,483MiB / 30.66GiB,1.54%,0B / 0B,125MB / 1.65MB,44
2026-07-30 11:24:00,realsense,20.85%,175.3MiB / 30.66GiB,0.56%,0B / 0B,107MB / 3.34MB,33
2026-07-30 11:24:00,nav2,13.84%,219.7MiB / 30.66GiB,0.70%,0B / 0B,128MB / 1.19MB,92
2026-07-30 11:24:00,glim,77.22%,403MiB / 30.66GiB,1.28%,0B / 0B,149MB / 11.7MB,37
2026-07-30 11:24:03,foxglove,18.04%,606.5MiB / 30.66GiB,1.93%,0B / 0B,202MB / 3.44MB,28
2026-07-30 11:24:03,docker-recorder-run-de836728b142,0.00%,22.88MiB / 30.66GiB,0.07%,0B / 0B,42.7MB / 9.68MB,1
2026-07-30 11:24:03,openzen,5.38%,87MiB / 30.66GiB,0.28%,0B / 0B,81.6MB / 2.17MB,20
2026-07-30 11:24:03,ouster,9.28%,245.3MiB / 30.66GiB,0.78%,0B / 0B,184MB / 2.93MB,30
2026-07-30 11:24:03,scovox,78.45%,332.3MiB / 30.66GiB,1.06%,0B / 0B,78.3MB / 3.69MB,53
2026-07-30 11:24:03,mapir-ffmpeg,43.17%,334MiB / 30.66GiB,1.06%,0B / 0B,200MB / 1.33MB,33
2026-07-30 11:24:03,trav_ros2,113.71%,485.6MiB / 30.66GiB,1.55%,0B / 0B,125MB / 1.65MB,44
2026-07-30 11:24:03,realsense,18.70%,175.6MiB / 30.66GiB,0.56%,0B / 0B,107MB / 3.34MB,33
2026-07-30 11:24:03,nav2,13.28%,220.2MiB / 30.66GiB,0.70%,0B / 0B,128MB / 1.19MB,92
2026-07-30 11:24:03,glim,72.25%,403.7MiB / 30.66GiB,1.29%,0B / 0B,149MB / 11.7MB,37
2026-07-30 11:24:06,foxglove,17.09%,607MiB / 30.66GiB,1.93%,0B / 0B,202MB / 3.44MB,28
2026-07-30 11:24:06,docker-recorder-run-de836728b142,0.00%,22.88MiB / 30.66GiB,0.07%,0B / 0B,42.7MB / 9.68MB,1
2026-07-30 11:24:06,openzen,4.70%,87.01MiB / 30.66GiB,0.28%,0B / 0B,81.6MB / 2.17MB,20
2026-07-30 11:24:06,ouster,9.98%,246MiB / 30.66GiB,0.78%,0B / 0B,184MB / 2.93MB,30
2026-07-30 11:24:06,scovox,88.81%,272.3MiB / 30.66GiB,0.87%,0B / 0B,78.3MB / 3.69MB,53
2026-07-30 11:24:06,mapir-ffmpeg,33.63%,333.8MiB / 30.66GiB,1.06%,0B / 0B,200MB / 1.33MB,33
2026-07-30 11:24:06,trav_ros2,112.51%,480.7MiB / 30.66GiB,1.53%,0B / 0B,125MB / 1.65MB,44
2026-07-30 11:24:06,realsense,17.98%,175.3MiB / 30.66GiB,0.56%,0B / 0B,107MB / 3.34MB,33
2026-07-30 11:24:06,nav2,12.67%,220.2MiB / 30.66GiB,0.70%,0B / 0B,128MB / 1.19MB,92
2026-07-30 11:24:06,glim,70.35%,404.1MiB / 30.66GiB,1.29%,0B / 0B,149MB / 11.7MB,37
2026-07-30 11:24:09,foxglove,16.33%,609.1MiB / 30.66GiB,1.94%,0B / 0B,202MB / 3.48MB,28
2026-07-30 11:24:09,docker-recorder-run-de836728b142,0.00%,22.88MiB / 30.66GiB,0.07%,0B / 0B,42.7MB / 9.68MB,1
2026-07-30 11:24:09,openzen,5.91%,87.28MiB / 30.66GiB,0.28%,0B / 0B,81.6MB / 2.17MB,20
2026-07-30 11:24:09,ouster,8.11%,245.8MiB / 30.66GiB,0.78%,0B / 0B,184MB / 2.93MB,30
2026-07-30 11:24:09,scovox,92.46%,273.5MiB / 30.66GiB,0.87%,0B / 0B,78.3MB / 3.69MB,53
2026-07-30 11:24:09,mapir-ffmpeg,34.51%,334.3MiB / 30.66GiB,1.06%,0B / 0B,200MB / 1.33MB,33
2026-07-30 11:24:09,trav_ros2,118.59%,482.2MiB / 30.66GiB,1.54%,0B / 0B,125MB / 1.65MB,44
2026-07-30 11:24:09,realsense,19.37%,175.6MiB / 30.66GiB,0.56%,0B / 0B,107MB / 3.34MB,33
2026-07-30 11:24:09,nav2,14.17%,219.6MiB / 30.66GiB,0.70%,0B / 0B,128MB / 1.19MB,92
2026-07-30 11:24:09,glim,74.31%,405.9MiB / 30.66GiB,1.29%,0B / 0B,149MB / 11.7MB,37
2026-07-30 11:24:12,foxglove,19.55%,611.5MiB / 30.66GiB,1.95%,0B / 0B,202MB / 3.48MB,28
2026-07-30 11:24:12,docker-recorder-run-de836728b142,0.00%,22.88MiB / 30.66GiB,0.07%,0B / 0B,42.7MB / 9.68MB,1
2026-07-30 11:24:12,openzen,5.17%,87.06MiB / 30.66GiB,0.28%,0B / 0B,81.6MB / 2.17MB,20
2026-07-30 11:24:12,ouster,7.89%,245.9MiB / 30.66GiB,0.78%,0B / 0B,184MB / 2.93MB,30
2026-07-30 11:24:12,scovox,65.42%,338.2MiB / 30.66GiB,1.08%,0B / 0B,78.3MB / 3.69MB,53
2026-07-30 11:24:12,mapir-ffmpeg,31.21%,334.6MiB / 30.66GiB,1.07%,0B / 0B,200MB / 1.33MB,33
2026-07-30 11:24:12,trav_ros2,114.46%,486.8MiB / 30.66GiB,1.55%,0B / 0B,125MB / 1.65MB,44
2026-07-30 11:24:12,realsense,23.60%,175.6MiB / 30.66GiB,0.56%,0B / 0B,107MB / 3.34MB,33
2026-07-30 11:24:12,nav2,14.31%,220MiB / 30.66GiB,0.70%,0B / 0B,128MB / 1.19MB,92
2026-07-30 11:24:12,glim,66.32%,407.9MiB / 30.66GiB,1.30%,0B / 0B,149MB / 11.7MB,37
2026-07-30 11:24:15,foxglove,20.07%,610.6MiB / 30.66GiB,1.94%,0B / 0B,202MB / 3.48MB,28
2026-07-30 11:24:15,docker-recorder-run-de836728b142,0.00%,22.88MiB / 30.66GiB,0.07%,0B / 0B,42.7MB / 9.68MB,1
2026-07-30 11:24:15,openzen,5.03%,87.06MiB / 30.66GiB,0.28%,0B / 0B,81.6MB / 2.17MB,20
2026-07-30 11:24:15,ouster,7.71%,245.2MiB / 30.66GiB,0.78%,0B / 0B,184MB / 2.93MB,30
2026-07-30 11:24:15,scovox,92.32%,292.1MiB / 30.66GiB,0.93%,0B / 0B,78.3MB / 3.69MB,53
2026-07-30 11:24:15,mapir-ffmpeg,30.14%,333.9MiB / 30.66GiB,1.06%,0B / 0B,200MB / 1.33MB,33
2026-07-30 11:24:15,trav_ros2,118.19%,477.2MiB / 30.66GiB,1.52%,0B / 0B,125MB / 1.65MB,44
2026-07-30 11:24:15,realsense,19.45%,175.4MiB / 30.66GiB,0.56%,0B / 0B,107MB / 3.34MB,33
2026-07-30 11:24:15,nav2,13.93%,220.5MiB / 30.66GiB,0.70%,0B / 0B,128MB / 1.19MB,92
2026-07-30 11:24:15,glim,68.31%,409.7MiB / 30.66GiB,1.30%,0B / 0B,149MB / 11.7MB,37
2026-07-30 11:24:18,foxglove,17.05%,608.5MiB / 30.66GiB,1.94%,0B / 0B,202MB / 3.48MB,28
2026-07-30 11:24:18,docker-recorder-run-de836728b142,0.00%,22.88MiB / 30.66GiB,0.07%,0B / 0B,42.7MB / 9.68MB,1
2026-07-30 11:24:18,openzen,4.90%,87.34MiB / 30.66GiB,0.28%,0B / 0B,81.6MB / 2.17MB,20
2026-07-30 11:24:18,ouster,17.57%,245.6MiB / 30.66GiB,0.78%,0B / 0B,184MB / 2.93MB,30
2026-07-30 11:24:18,scovox,93.16%,295.1MiB / 30.66GiB,0.94%,0B / 0B,78.3MB / 3.69MB,53
2026-07-30 11:24:18,mapir-ffmpeg,30.33%,334.2MiB / 30.66GiB,1.06%,0B / 0B,200MB / 1.33MB,33
2026-07-30 11:24:18,trav_ros2,113.47%,477.4MiB / 30.66GiB,1.52%,0B / 0B,125MB / 1.65MB,44
2026-07-30 11:24:18,realsense,44.45%,175.7MiB / 30.66GiB,0.56%,0B / 0B,107MB / 3.34MB,33
2026-07-30 11:24:18,nav2,14.16%,219.7MiB / 30.66GiB,0.70%,0B / 0B,128MB / 1.19MB,92
2026-07-30 11:24:18,glim,68.24%,410MiB / 30.66GiB,1.31%,0B / 0B,149MB / 11.7MB,37
2026-07-30 11:24:22,foxglove,25.90%,587.7MiB / 30.66GiB,1.87%,0B / 0B,202MB / 3.48MB,28
2026-07-30 11:24:22,docker-recorder-run-de836728b142,0.00%,22.88MiB / 30.66GiB,0.07%,0B / 0B,42.7MB / 9.68MB,1
2026-07-30 11:24:22,openzen,5.36%,87.11MiB / 30.66GiB,0.28%,0B / 0B,81.6MB / 2.17MB,20
2026-07-30 11:24:22,ouster,9.28%,245.6MiB / 30.66GiB,0.78%,0B / 0B,184MB / 2.93MB,30
2026-07-30 11:24:22,scovox,100.07%,294.7MiB / 30.66GiB,0.94%,0B / 0B,78.3MB / 3.69MB,53
2026-07-30 11:24:22,mapir-ffmpeg,31.15%,334.2MiB / 30.66GiB,1.06%,0B / 0B,200MB / 1.33MB,33
2026-07-30 11:24:22,trav_ros2,116.03%,487.3MiB / 30.66GiB,1.55%,0B / 0B,125MB / 1.65MB,44
2026-07-30 11:24:22,realsense,19.39%,175.4MiB / 30.66GiB,0.56%,0B / 0B,107MB / 3.34MB,33
2026-07-30 11:24:22,nav2,13.29%,220.8MiB / 30.66GiB,0.70%,0B / 0B,128MB / 1.19MB,92
2026-07-30 11:24:22,glim,76.68%,410.8MiB / 30.66GiB,1.31%,0B / 0B,149MB / 11.7MB,37
2026-07-30 11:24:25,foxglove,18.91%,611.4MiB / 30.66GiB,1.95%,0B / 0B,202MB / 3.48MB,28
2026-07-30 11:24:25,docker-recorder-run-de836728b142,0.00%,22.88MiB / 30.66GiB,0.07%,0B / 0B,42.7MB / 9.68MB,1
2026-07-30 11:24:25,openzen,4.94%,87.63MiB / 30.66GiB,0.28%,0B / 0B,81.6MB / 2.17MB,20
2026-07-30 11:24:25,ouster,9.92%,246MiB / 30.66GiB,0.78%,0B / 0B,184MB / 2.93MB,30
2026-07-30 11:24:25,scovox,97.34%,297.7MiB / 30.66GiB,0.95%,0B / 0B,78.3MB / 3.69MB,53
2026-07-30 11:24:25,mapir-ffmpeg,36.69%,334.2MiB / 30.66GiB,1.06%,0B / 0B,200MB / 1.33MB,33
2026-07-30 11:24:25,trav_ros2,121.76%,483.7MiB / 30.66GiB,1.54%,0B / 0B,125MB / 1.65MB,44
2026-07-30 11:24:25,realsense,37.25%,175.7MiB / 30.66GiB,0.56%,0B / 0B,107MB / 3.34MB,33
2026-07-30 11:24:25,nav2,15.57%,220.4MiB / 30.66GiB,0.70%,0B / 0B,128MB / 1.19MB,92
2026-07-30 11:24:25,glim,71.82%,411.4MiB / 30.66GiB,1.31%,0B / 0B,149MB / 11.7MB,37
2026-07-30 11:24:28,foxglove,23.92%,611.2MiB / 30.66GiB,1.95%,0B / 0B,202MB / 3.48MB,28
2026-07-30 11:24:28,docker-recorder-run-de836728b142,0.00%,22.88MiB / 30.66GiB,0.07%,0B / 0B,42.7MB / 9.68MB,1
2026-07-30 11:24:28,openzen,6.13%,87.4MiB / 30.66GiB,0.28%,0B / 0B,81.6MB / 2.17MB,20
2026-07-30 11:24:28,ouster,8.17%,246MiB / 30.66GiB,0.78%,0B / 0B,184MB / 2.93MB,30
2026-07-30 11:24:28,scovox,71.71%,348.6MiB / 30.66GiB,1.11%,0B / 0B,78.3MB / 3.69MB,53
2026-07-30 11:24:28,mapir-ffmpeg,43.84%,334.5MiB / 30.66GiB,1.07%,0B / 0B,200MB / 1.33MB,33
2026-07-30 11:24:28,trav_ros2,115.80%,477.4MiB / 30.66GiB,1.52%,0B / 0B,125MB / 1.68MB,44
2026-07-30 11:24:28,realsense,18.21%,176MiB / 30.66GiB,0.56%,0B / 0B,107MB / 3.34MB,33
2026-07-30 11:24:28,nav2,13.32%,221.3MiB / 30.66GiB,0.70%,0B / 0B,128MB / 1.19MB,92
2026-07-30 11:24:28,glim,73.80%,412.2MiB / 30.66GiB,1.31%,0B / 0B,149MB / 11.7MB,37
2026-07-30 11:24:31,foxglove,15.91%,611.3MiB / 30.66GiB,1.95%,0B / 0B,202MB / 3.48MB,28
2026-07-30 11:24:31,docker-recorder-run-de836728b142,0.00%,22.88MiB / 30.66GiB,0.07%,0B / 0B,42.7MB / 9.68MB,1
2026-07-30 11:24:31,openzen,4.72%,87.16MiB / 30.66GiB,0.28%,0B / 0B,81.6MB / 2.17MB,20
2026-07-30 11:24:31,ouster,7.94%,245.4MiB / 30.66GiB,0.78%,0B / 0B,184MB / 2.93MB,30
2026-07-30 11:24:31,scovox,93.80%,327MiB / 30.66GiB,1.04%,0B / 0B,78.3MB / 3.69MB,53
2026-07-30 11:24:31,mapir-ffmpeg,29.34%,334.1MiB / 30.66GiB,1.06%,0B / 0B,200MB / 1.33MB,33
2026-07-30 11:24:31,trav_ros2,117.90%,479.7MiB / 30.66GiB,1.53%,0B / 0B,125MB / 1.68MB,44
2026-07-30 11:24:31,realsense,19.14%,175.7MiB / 30.66GiB,0.56%,0B / 0B,107MB / 3.34MB,33
2026-07-30 11:24:31,nav2,13.87%,220.4MiB / 30.66GiB,0.70%,0B / 0B,128MB / 1.19MB,92
2026-07-30 11:24:31,glim,69.96%,413.6MiB / 30.66GiB,1.32%,0B / 0B,149MB / 11.7MB,37
2026-07-30 11:24:34,foxglove,28.37%,639.1MiB / 30.66GiB,2.04%,0B / 0B,202MB / 3.49MB,28
2026-07-30 11:24:34,docker-recorder-run-de836728b142,0.00%,22.88MiB / 30.66GiB,0.07%,0B / 0B,42.7MB / 9.68MB,1
2026-07-30 11:24:34,openzen,4.68%,87.44MiB / 30.66GiB,0.28%,0B / 0B,81.6MB / 2.17MB,20
2026-07-30 11:24:34,ouster,9.78%,246.1MiB / 30.66GiB,0.78%,0B / 0B,184MB / 2.93MB,30
2026-07-30 11:24:34,scovox,78.69%,348.5MiB / 30.66GiB,1.11%,0B / 0B,78.3MB / 3.78MB,53
2026-07-30 11:24:34,mapir-ffmpeg,33.57%,334.6MiB / 30.66GiB,1.07%,0B / 0B,200MB / 1.34MB,33
2026-07-30 11:24:34,trav_ros2,114.32%,482.7MiB / 30.66GiB,1.54%,0B / 0B,125MB / 1.68MB,44
2026-07-30 11:24:34,realsense,19.95%,176.3MiB / 30.66GiB,0.56%,0B / 0B,107MB / 3.34MB,33
2026-07-30 11:24:34,nav2,12.92%,221.8MiB / 30.66GiB,0.71%,0B / 0B,128MB / 1.19MB,92
2026-07-30 11:24:34,glim,75.60%,414.7MiB / 30.66GiB,1.32%,0B / 0B,149MB / 11.7MB,37
2026-07-30 11:24:37,foxglove,15.01%,621MiB / 30.66GiB,1.98%,0B / 0B,202MB / 3.49MB,28
2026-07-30 11:24:37,docker-recorder-run-de836728b142,0.00%,22.88MiB / 30.66GiB,0.07%,0B / 0B,42.7MB / 9.68MB,1
2026-07-30 11:24:37,openzen,4.26%,87.71MiB / 30.66GiB,0.28%,0B / 0B,81.6MB / 2.17MB,20
2026-07-30 11:24:37,ouster,10.79%,246.5MiB / 30.66GiB,0.79%,0B / 0B,184MB / 2.93MB,30
2026-07-30 11:24:37,scovox,83.55%,329.5MiB / 30.66GiB,1.05%,0B / 0B,78.3MB / 3.78MB,53
2026-07-30 11:24:37,mapir-ffmpeg,29.36%,334.4MiB / 30.66GiB,1.07%,0B / 0B,200MB / 1.34MB,33
2026-07-30 11:24:37,trav_ros2,117.06%,474.4MiB / 30.66GiB,1.51%,0B / 0B,125MB / 1.68MB,44
2026-07-30 11:24:37,realsense,19.62%,175.8MiB / 30.66GiB,0.56%,0B / 0B,107MB / 3.34MB,33
2026-07-30 11:24:37,nav2,13.67%,220.9MiB / 30.66GiB,0.70%,0B / 0B,128MB / 1.19MB,92
2026-07-30 11:24:37,glim,67.11%,414.9MiB / 30.66GiB,1.32%,0B / 0B,149MB / 11.7MB,37
2026-07-30 11:24:40,foxglove,21.91%,613.4MiB / 30.66GiB,1.95%,0B / 0B,202MB / 3.49MB,28
2026-07-30 11:24:40,docker-recorder-run-de836728b142,0.00%,22.88MiB / 30.66GiB,0.07%,0B / 0B,42.7MB / 9.68MB,1
2026-07-30 11:24:40,openzen,3.80%,87.47MiB / 30.66GiB,0.28%,0B / 0B,81.6MB / 2.17MB,20
2026-07-30 11:24:40,ouster,24.69%,246MiB / 30.66GiB,0.78%,0B / 0B,184MB / 2.93MB,30
2026-07-30 11:24:40,scovox,79.33%,352MiB / 30.66GiB,1.12%,0B / 0B,78.3MB / 3.78MB,53
2026-07-30 11:24:40,mapir-ffmpeg,29.06%,334.2MiB / 30.66GiB,1.06%,0B / 0B,200MB / 1.34MB,33
2026-07-30 11:24:40,trav_ros2,116.91%,523.3MiB / 30.66GiB,1.67%,0B / 0B,125MB / 1.68MB,44
2026-07-30 11:24:40,realsense,18.86%,175.5MiB / 30.66GiB,0.56%,0B / 0B,107MB / 3.34MB,33
2026-07-30 11:24:40,nav2,13.12%,221.6MiB / 30.66GiB,0.71%,0B / 0B,128MB / 1.19MB,92
2026-07-30 11:24:40,glim,65.58%,429.2MiB / 30.66GiB,1.37%,0B / 0B,149MB / 11.7MB,37
2026-07-30 11:24:43,foxglove,14.11%,613.8MiB / 30.66GiB,1.95%,0B / 0B,202MB / 3.49MB,28
2026-07-30 11:24:43,docker-recorder-run-de836728b142,0.00%,22.88MiB / 30.66GiB,0.07%,0B / 0B,42.7MB / 9.68MB,1
2026-07-30 11:24:43,openzen,4.18%,87.25MiB / 30.66GiB,0.28%,0B / 0B,81.6MB / 2.17MB,20
2026-07-30 11:24:43,ouster,10.11%,246.6MiB / 30.66GiB,0.79%,0B / 0B,184MB / 2.93MB,30
2026-07-30 11:24:43,scovox,89.57%,257MiB / 30.66GiB,0.82%,0B / 0B,78.3MB / 3.78MB,53
2026-07-30 11:24:43,mapir-ffmpeg,28.98%,334.5MiB / 30.66GiB,1.07%,0B / 0B,200MB / 1.34MB,33
2026-07-30 11:24:43,trav_ros2,113.32%,482.8MiB / 30.66GiB,1.54%,0B / 0B,125MB / 1.68MB,44
2026-07-30 11:24:43,realsense,19.84%,175.6MiB / 30.66GiB,0.56%,0B / 0B,107MB / 3.34MB,33
2026-07-30 11:24:43,nav2,13.38%,222.1MiB / 30.66GiB,0.71%,0B / 0B,128MB / 1.19MB,92
2026-07-30 11:24:43,glim,68.79%,444.3MiB / 30.66GiB,1.42%,0B / 0B,149MB / 11.7MB,37
2026-07-30 11:24:46,foxglove,14.67%,613.5MiB / 30.66GiB,1.95%,0B / 0B,202MB / 3.49MB,28
2026-07-30 11:24:46,docker-recorder-run-de836728b142,0.00%,22.88MiB / 30.66GiB,0.07%,0B / 0B,42.7MB / 9.68MB,1
2026-07-30 11:24:46,openzen,3.54%,87.26MiB / 30.66GiB,0.28%,0B / 0B,81.6MB / 2.17MB,20
2026-07-30 11:24:46,ouster,7.12%,246.4MiB / 30.66GiB,0.78%,0B / 0B,184MB / 2.93MB,30
2026-07-30 11:24:46,scovox,86.56%,266.7MiB / 30.66GiB,0.85%,0B / 0B,78.3MB / 3.78MB,53
2026-07-30 11:24:46,mapir-ffmpeg,29.37%,334.3MiB / 30.66GiB,1.06%,0B / 0B,200MB / 1.34MB,33
2026-07-30 11:24:46,trav_ros2,115.17%,474MiB / 30.66GiB,1.51%,0B / 0B,125MB / 1.68MB,44
2026-07-30 11:24:46,realsense,18.32%,175.6MiB / 30.66GiB,0.56%,0B / 0B,107MB / 3.34MB,33
2026-07-30 11:24:46,nav2,13.96%,221MiB / 30.66GiB,0.70%,0B / 0B,128MB / 1.19MB,92
2026-07-30 11:24:46,glim,66.87%,444.3MiB / 30.66GiB,1.42%,0B / 0B,149MB / 11.7MB,37
2026-07-30 11:24:49,foxglove,12.75%,613.1MiB / 30.66GiB,1.95%,0B / 0B,202MB / 3.49MB,28
2026-07-30 11:24:49,docker-recorder-run-de836728b142,0.00%,22.88MiB / 30.66GiB,0.07%,0B / 0B,42.7MB / 9.68MB,1
2026-07-30 11:24:49,openzen,3.52%,88.02MiB / 30.66GiB,0.28%,0B / 0B,81.6MB / 2.17MB,20
2026-07-30 11:24:49,ouster,10.39%,246.8MiB / 30.66GiB,0.79%,0B / 0B,184MB / 2.93MB,30
2026-07-30 11:24:49,scovox,72.83%,334.9MiB / 30.66GiB,1.07%,0B / 0B,78.3MB / 3.78MB,53
2026-07-30 11:24:49,mapir-ffmpeg,29.37%,334.6MiB / 30.66GiB,1.07%,0B / 0B,200MB / 1.34MB,33
2026-07-30 11:24:49,trav_ros2,112.83%,481.5MiB / 30.66GiB,1.53%,0B / 0B,125MB / 1.68MB,44
2026-07-30 11:24:49,realsense,28.87%,175.9MiB / 30.66GiB,0.56%,0B / 0B,107MB / 3.34MB,33
2026-07-30 11:24:49,nav2,13.13%,221.6MiB / 30.66GiB,0.71%,0B / 0B,128MB / 1.19MB,92
2026-07-30 11:24:49,glim,70.45%,441.6MiB / 30.66GiB,1.41%,0B / 0B,149MB / 11.7MB,37
2026-07-30 11:24:52,foxglove,19.14%,619.5MiB / 30.66GiB,1.97%,0B / 0B,202MB / 3.49MB,28
2026-07-30 11:24:52,docker-recorder-run-de836728b142,0.00%,22.88MiB / 30.66GiB,0.07%,0B / 0B,42.7MB / 9.68MB,1
2026-07-30 11:24:52,openzen,4.67%,88.05MiB / 30.66GiB,0.28%,0B / 0B,81.6MB / 2.17MB,20
2026-07-30 11:24:52,ouster,20.74%,246.1MiB / 30.66GiB,0.78%,0B / 0B,184MB / 2.93MB,30
2026-07-30 11:24:52,scovox,90.10%,278.3MiB / 30.66GiB,0.89%,0B / 0B,78.3MB / 3.78MB,53
2026-07-30 11:24:52,mapir-ffmpeg,33.70%,334.9MiB / 30.66GiB,1.07%,0B / 0B,200MB / 1.34MB,33
2026-07-30 11:24:52,trav_ros2,112.04%,481.4MiB / 30.66GiB,1.53%,0B / 0B,125MB / 1.68MB,44
2026-07-30 11:24:52,realsense,38.18%,175.9MiB / 30.66GiB,0.56%,0B / 0B,107MB / 3.34MB,33
2026-07-30 11:24:52,nav2,13.51%,222.2MiB / 30.66GiB,0.71%,0B / 0B,128MB / 1.19MB,92
2026-07-30 11:24:52,glim,68.22%,442.3MiB / 30.66GiB,1.41%,0B / 0B,149MB / 11.7MB,37
2026-07-30 11:24:55,foxglove,16.81%,614.9MiB / 30.66GiB,1.96%,0B / 0B,202MB / 3.49MB,28
2026-07-30 11:24:55,docker-recorder-run-de836728b142,0.00%,22.88MiB / 30.66GiB,0.07%,0B / 0B,42.7MB / 9.68MB,1
2026-07-30 11:24:55,openzen,4.05%,87.31MiB / 30.66GiB,0.28%,0B / 0B,81.6MB / 2.17MB,20
2026-07-30 11:24:55,ouster,8.39%,246.4MiB / 30.66GiB,0.78%,0B / 0B,184MB / 2.93MB,30
2026-07-30 11:24:55,scovox,70.56%,342.7MiB / 30.66GiB,1.09%,0B / 0B,78.3MB / 3.78MB,53
2026-07-30 11:24:55,mapir-ffmpeg,32.49%,334.6MiB / 30.66GiB,1.07%,0B / 0B,200MB / 1.34MB,33
2026-07-30 11:24:55,trav_ros2,111.73%,482.1MiB / 30.66GiB,1.54%,0B / 0B,125MB / 1.68MB,44
2026-07-30 11:24:55,realsense,29.90%,175.6MiB / 30.66GiB,0.56%,0B / 0B,107MB / 3.34MB,33
2026-07-30 11:24:55,nav2,13.33%,221.7MiB / 30.66GiB,0.71%,0B / 0B,128MB / 1.19MB,92
2026-07-30 11:24:55,glim,83.93%,435.9MiB / 30.66GiB,1.39%,0B / 0B,149MB / 11.7MB,37
2026-07-30 11:24:58,foxglove,30.60%,615.8MiB / 30.66GiB,1.96%,0B / 0B,202MB / 3.49MB,28
2026-07-30 11:24:58,docker-recorder-run-de836728b142,0.00%,22.88MiB / 30.66GiB,0.07%,0B / 0B,42.7MB / 9.68MB,1
2026-07-30 11:24:58,openzen,3.93%,87.59MiB / 30.66GiB,0.28%,0B / 0B,81.6MB / 2.17MB,20
2026-07-30 11:24:58,ouster,8.13%,246.9MiB / 30.66GiB,0.79%,0B / 0B,184MB / 2.93MB,30
2026-07-30 11:24:58,scovox,94.99%,296.2MiB / 30.66GiB,0.94%,0B / 0B,78.3MB / 3.78MB,53
2026-07-30 11:24:58,mapir-ffmpeg,31.22%,334.7MiB / 30.66GiB,1.07%,0B / 0B,200MB / 1.34MB,33
2026-07-30 11:24:58,trav_ros2,116.16%,484.1MiB / 30.66GiB,1.54%,0B / 0B,125MB / 1.7MB,44
2026-07-30 11:24:58,realsense,40.56%,176.2MiB / 30.66GiB,0.56%,0B / 0B,107MB / 3.34MB,33
2026-07-30 11:24:58,nav2,13.95%,221.7MiB / 30.66GiB,0.71%,0B / 0B,128MB / 1.19MB,92
2026-07-30 11:24:58,glim,71.61%,449.4MiB / 30.66GiB,1.43%,0B / 0B,149MB / 11.7MB,37
2026-07-30 11:25:01,foxglove,21.04%,617.6MiB / 30.66GiB,1.97%,0B / 0B,202MB / 3.49MB,28
2026-07-30 11:25:01,docker-recorder-run-de836728b142,0.00%,22.88MiB / 30.66GiB,0.07%,0B / 0B,42.7MB / 9.68MB,1
2026-07-30 11:25:01,openzen,3.88%,87.36MiB / 30.66GiB,0.28%,0B / 0B,81.6MB / 2.17MB,20
2026-07-30 11:25:01,ouster,11.27%,246.2MiB / 30.66GiB,0.78%,0B / 0B,184MB / 2.93MB,30
2026-07-30 11:25:01,scovox,68.24%,348MiB / 30.66GiB,1.11%,0B / 0B,78.3MB / 3.78MB,53
2026-07-30 11:25:01,mapir-ffmpeg,30.14%,334.5MiB / 30.66GiB,1.07%,0B / 0B,200MB / 1.34MB,33
2026-07-30 11:25:01,trav_ros2,117.28%,485.1MiB / 30.66GiB,1.55%,0B / 0B,125MB / 1.7MB,44
2026-07-30 11:25:01,realsense,28.71%,175.7MiB / 30.66GiB,0.56%,0B / 0B,107MB / 3.34MB,33
2026-07-30 11:25:01,nav2,13.26%,222.1MiB / 30.66GiB,0.71%,0B / 0B,128MB / 1.19MB,92
2026-07-30 11:25:01,glim,70.97%,453MiB / 30.66GiB,1.44%,0B / 0B,149MB / 11.7MB,37
2026-07-30 11:25:05,foxglove,16.33%,617MiB / 30.66GiB,1.97%,0B / 0B,202MB / 3.49MB,28
2026-07-30 11:25:05,docker-recorder-run-de836728b142,0.00%,22.88MiB / 30.66GiB,0.07%,0B / 0B,42.7MB / 9.68MB,1
2026-07-30 11:25:05,openzen,4.36%,87.87MiB / 30.66GiB,0.28%,0B / 0B,81.6MB / 2.17MB,20
2026-07-30 11:25:05,ouster,7.86%,246.7MiB / 30.66GiB,0.79%,0B / 0B,184MB / 2.93MB,30
2026-07-30 11:25:05,scovox,93.51%,299.8MiB / 30.66GiB,0.95%,0B / 0B,78.3MB / 3.78MB,53
2026-07-30 11:25:05,mapir-ffmpeg,29.70%,334.7MiB / 30.66GiB,1.07%,0B / 0B,200MB / 1.34MB,33
2026-07-30 11:25:05,trav_ros2,115.25%,488MiB / 30.66GiB,1.55%,0B / 0B,125MB / 1.7MB,44
2026-07-30 11:25:05,realsense,18.88%,176.2MiB / 30.66GiB,0.56%,0B / 0B,107MB / 3.34MB,33
2026-07-30 11:25:05,nav2,13.74%,222.6MiB / 30.66GiB,0.71%,0B / 0B,128MB / 1.19MB,92
2026-07-30 11:25:05,glim,71.42%,443.9MiB / 30.66GiB,1.41%,0B / 0B,149MB / 11.7MB,37
2026-07-30 11:25:08,foxglove,20.06%,617.7MiB / 30.66GiB,1.97%,0B / 0B,202MB / 3.51MB,28
2026-07-30 11:25:08,docker-recorder-run-de836728b142,0.00%,22.88MiB / 30.66GiB,0.07%,0B / 0B,42.7MB / 9.68MB,1
2026-07-30 11:25:08,openzen,3.67%,87.64MiB / 30.66GiB,0.28%,0B / 0B,81.6MB / 2.17MB,20
2026-07-30 11:25:08,ouster,8.66%,246.5MiB / 30.66GiB,0.79%,0B / 0B,184MB / 2.93MB,30
2026-07-30 11:25:08,scovox,69.99%,351MiB / 30.66GiB,1.12%,0B / 0B,78.3MB / 3.88MB,53
2026-07-30 11:25:08,mapir-ffmpeg,29.41%,335.3MiB / 30.66GiB,1.07%,0B / 0B,200MB / 1.34MB,33
2026-07-30 11:25:08,trav_ros2,117.51%,478.2MiB / 30.66GiB,1.52%,0B / 0B,125MB / 1.7MB,44
2026-07-30 11:25:08,realsense,18.90%,176MiB / 30.66GiB,0.56%,0B / 0B,107MB / 3.34MB,33
2026-07-30 11:25:08,nav2,13.14%,222MiB / 30.66GiB,0.71%,0B / 0B,128MB / 1.19MB,92
2026-07-30 11:25:08,glim,72.39%,444.5MiB / 30.66GiB,1.42%,0B / 0B,149MB / 11.7MB,37
2026-07-30 11:25:11,foxglove,18.16%,613.8MiB / 30.66GiB,1.95%,0B / 0B,202MB / 3.51MB,28
2026-07-30 11:25:11,docker-recorder-run-de836728b142,0.00%,22.88MiB / 30.66GiB,0.07%,0B / 0B,42.7MB / 9.68MB,1
2026-07-30 11:25:11,openzen,3.99%,87.41MiB / 30.66GiB,0.28%,0B / 0B,81.6MB / 2.17MB,20
2026-07-30 11:25:11,ouster,7.20%,247MiB / 30.66GiB,0.79%,0B / 0B,184MB / 2.93MB,30
2026-07-30 11:25:11,scovox,87.55%,302.4MiB / 30.66GiB,0.96%,0B / 0B,78.3MB / 3.88MB,53
2026-07-30 11:25:11,mapir-ffmpeg,39.87%,334.6MiB / 30.66GiB,1.07%,0B / 0B,200MB / 1.35MB,33
2026-07-30 11:25:11,trav_ros2,110.92%,484.6MiB / 30.66GiB,1.54%,0B / 0B,125MB / 1.7MB,44
2026-07-30 11:25:11,realsense,27.26%,176MiB / 30.66GiB,0.56%,0B / 0B,107MB / 3.34MB,33
2026-07-30 11:25:11,nav2,12.28%,222.1MiB / 30.66GiB,0.71%,0B / 0B,128MB / 1.19MB,92
2026-07-30 11:25:11,glim,77.38%,444.8MiB / 30.66GiB,1.42%,0B / 0B,149MB / 11.7MB,37
2026-07-30 11:25:14,foxglove,12.83%,613.6MiB / 30.66GiB,1.95%,0B / 0B,203MB / 3.51MB,28
2026-07-30 11:25:14,docker-recorder-run-de836728b142,0.00%,22.88MiB / 30.66GiB,0.07%,0B / 0B,42.7MB / 9.68MB,1
2026-07-30 11:25:14,openzen,4.18%,87.94MiB / 30.66GiB,0.28%,0B / 0B,81.6MB / 2.17MB,20
2026-07-30 11:25:14,ouster,9.09%,246.9MiB / 30.66GiB,0.79%,0B / 0B,184MB / 2.93MB,30
2026-07-30 11:25:14,scovox,73.70%,352.8MiB / 30.66GiB,1.12%,0B / 0B,78.3MB / 3.89MB,53
2026-07-30 11:25:14,mapir-ffmpeg,29.13%,335.6MiB / 30.66GiB,1.07%,0B / 0B,200MB / 1.35MB,33
2026-07-30 11:25:14,trav_ros2,112.55%,483.6MiB / 30.66GiB,1.54%,0B / 0B,125MB / 1.7MB,44
2026-07-30 11:25:14,realsense,19.09%,176.3MiB / 30.66GiB,0.56%,0B / 0B,107MB / 3.34MB,33
2026-07-30 11:25:14,nav2,14.29%,222.3MiB / 30.66GiB,0.71%,0B / 0B,128MB / 1.19MB,92
2026-07-30 11:25:14,glim,76.24%,444.5MiB / 30.66GiB,1.42%,0B / 0B,149MB / 11.7MB,37
2026-07-30 11:25:17,foxglove,17.68%,614.4MiB / 30.66GiB,1.96%,0B / 0B,203MB / 3.51MB,28
2026-07-30 11:25:17,docker-recorder-run-de836728b142,0.00%,22.88MiB / 30.66GiB,0.07%,0B / 0B,42.7MB / 9.68MB,1
2026-07-30 11:25:17,openzen,4.42%,87.71MiB / 30.66GiB,0.28%,0B / 0B,81.6MB / 2.17MB,20
2026-07-30 11:25:17,ouster,10.83%,246.3MiB / 30.66GiB,0.78%,0B / 0B,184MB / 2.93MB,30
2026-07-30 11:25:17,scovox,88.65%,325.7MiB / 30.66GiB,1.04%,0B / 0B,78.3MB / 3.89MB,53
2026-07-30 11:25:17,mapir-ffmpeg,42.44%,333.8MiB / 30.66GiB,1.06%,0B / 0B,200MB / 1.35MB,33
2026-07-30 11:25:17,trav_ros2,114.79%,482.6MiB / 30.66GiB,1.54%,0B / 0B,125MB / 1.7MB,44
2026-07-30 11:25:17,realsense,18.35%,176MiB / 30.66GiB,0.56%,0B / 0B,107MB / 3.34MB,33
2026-07-30 11:25:17,nav2,13.21%,222.9MiB / 30.66GiB,0.71%,0B / 0B,128MB / 1.19MB,92
2026-07-30 11:25:17,glim,70.18%,444.9MiB / 30.66GiB,1.42%,0B / 0B,149MB / 11.7MB,37
2026-07-30 11:25:20,foxglove,19.88%,618MiB / 30.66GiB,1.97%,0B / 0B,203MB / 3.51MB,28
2026-07-30 11:25:20,docker-recorder-run-de836728b142,0.00%,22.88MiB / 30.66GiB,0.07%,0B / 0B,42.7MB / 9.68MB,1
2026-07-30 11:25:20,openzen,4.93%,87.95MiB / 30.66GiB,0.28%,0B / 0B,81.6MB / 2.17MB,20
2026-07-30 11:25:20,ouster,7.56%,246.1MiB / 30.66GiB,0.78%,0B / 0B,184MB / 2.93MB,30
2026-07-30 11:25:20,scovox,79.93%,349.3MiB / 30.66GiB,1.11%,0B / 0B,78.3MB / 3.89MB,53
2026-07-30 11:25:20,mapir-ffmpeg,44.99%,333.8MiB / 30.66GiB,1.06%,0B / 0B,200MB / 1.35MB,33
2026-07-30 11:25:20,trav_ros2,112.93%,477.5MiB / 30.66GiB,1.52%,0B / 0B,125MB / 1.7MB,44
2026-07-30 11:25:20,realsense,33.04%,176.3MiB / 30.66GiB,0.56%,0B / 0B,107MB / 3.34MB,33
2026-07-30 11:25:20,nav2,13.10%,222.4MiB / 30.66GiB,0.71%,0B / 0B,128MB / 1.19MB,92
2026-07-30 11:25:20,glim,71.92%,448.4MiB / 30.66GiB,1.43%,0B / 0B,149MB / 11.7MB,37
2026-07-30 11:25:23,foxglove,9.95%,613.5MiB / 30.66GiB,1.95%,0B / 0B,203MB / 3.51MB,28
2026-07-30 11:25:23,docker-recorder-run-de836728b142,0.00%,22.88MiB / 30.66GiB,0.07%,0B / 0B,42.7MB / 9.68MB,1
2026-07-30 11:25:23,openzen,3.56%,86.87MiB / 30.66GiB,0.28%,0B / 0B,81.6MB / 2.17MB,20
2026-07-30 11:25:23,ouster,8.60%,245MiB / 30.66GiB,0.78%,0B / 0B,184MB / 2.93MB,30
2026-07-30 11:25:23,scovox,83.95%,332.7MiB / 30.66GiB,1.06%,0B / 0B,78.3MB / 3.89MB,53
2026-07-30 11:25:23,mapir-ffmpeg,33.55%,335.1MiB / 30.66GiB,1.07%,0B / 0B,200MB / 1.35MB,33
2026-07-30 11:25:23,trav_ros2,110.41%,475.6MiB / 30.66GiB,1.51%,0B / 0B,125MB / 1.7MB,44
2026-07-30 11:25:23,realsense,27.10%,176.6MiB / 30.66GiB,0.56%,0B / 0B,107MB / 3.34MB,33
2026-07-30 11:25:23,nav2,14.12%,221.6MiB / 30.66GiB,0.71%,0B / 0B,128MB / 1.19MB,92
2026-07-30 11:25:23,glim,79.08%,465.9MiB / 30.66GiB,1.48%,0B / 0B,149MB / 11.7MB,37
2026-07-30 11:25:26,foxglove,14.99%,613.7MiB / 30.66GiB,1.95%,0B / 0B,203MB / 3.51MB,28
2026-07-30 11:25:26,docker-recorder-run-de836728b142,0.00%,22.88MiB / 30.66GiB,0.07%,0B / 0B,42.7MB / 9.68MB,1
2026-07-30 11:25:26,openzen,3.78%,86.63MiB / 30.66GiB,0.28%,0B / 0B,81.6MB / 2.17MB,20
2026-07-30 11:25:26,ouster,10.75%,244.9MiB / 30.66GiB,0.78%,0B / 0B,184MB / 2.93MB,30
2026-07-30 11:25:26,scovox,81.34%,252MiB / 30.66GiB,0.80%,0B / 0B,78.3MB / 3.89MB,53
2026-07-30 11:25:26,mapir-ffmpeg,28.77%,333.9MiB / 30.66GiB,1.06%,0B / 0B,200MB / 1.35MB,33
2026-07-30 11:25:26,trav_ros2,111.08%,479.9MiB / 30.66GiB,1.53%,0B / 0B,125MB / 1.7MB,44
2026-07-30 11:25:26,realsense,24.48%,175MiB / 30.66GiB,0.56%,0B / 0B,107MB / 3.34MB,33
2026-07-30 11:25:26,nav2,12.94%,219.7MiB / 30.66GiB,0.70%,0B / 0B,128MB / 1.19MB,92
2026-07-30 11:25:26,glim,77.04%,473.3MiB / 30.66GiB,1.51%,0B / 0B,149MB / 11.7MB,37
2026-07-30 11:25:29,foxglove,10.83%,613.8MiB / 30.66GiB,1.95%,0B / 0B,203MB / 3.51MB,28
2026-07-30 11:25:29,docker-recorder-run-de836728b142,0.00%,22.88MiB / 30.66GiB,0.07%,0B / 0B,42.7MB / 9.68MB,1
2026-07-30 11:25:29,openzen,4.42%,86.9MiB / 30.66GiB,0.28%,0B / 0B,81.6MB / 2.17MB,20
2026-07-30 11:25:29,ouster,8.13%,245.6MiB / 30.66GiB,0.78%,0B / 0B,184MB / 2.93MB,30
2026-07-30 11:25:29,scovox,74.72%,335.9MiB / 30.66GiB,1.07%,0B / 0B,78.3MB / 3.89MB,53
2026-07-30 11:25:29,mapir-ffmpeg,29.45%,334.4MiB / 30.66GiB,1.07%,0B / 0B,200MB / 1.35MB,33
2026-07-30 11:25:29,trav_ros2,114.04%,502.4MiB / 30.66GiB,1.60%,0B / 0B,125MB / 1.72MB,44
2026-07-30 11:25:29,realsense,21.95%,175.5MiB / 30.66GiB,0.56%,0B / 0B,107MB / 3.34MB,33
2026-07-30 11:25:29,nav2,13.84%,220MiB / 30.66GiB,0.70%,0B / 0B,128MB / 1.19MB,92
2026-07-30 11:25:29,glim,71.90%,483.5MiB / 30.66GiB,1.54%,0B / 0B,149MB / 11.7MB,37
2026-07-30 11:25:32,foxglove,12.15%,613MiB / 30.66GiB,1.95%,0B / 0B,203MB / 3.51MB,28
2026-07-30 11:25:32,docker-recorder-run-de836728b142,0.00%,22.88MiB / 30.66GiB,0.07%,0B / 0B,42.7MB / 9.68MB,1
2026-07-30 11:25:32,openzen,3.74%,86.93MiB / 30.66GiB,0.28%,0B / 0B,81.6MB / 2.17MB,20
2026-07-30 11:25:32,ouster,8.00%,245.3MiB / 30.66GiB,0.78%,0B / 0B,184MB / 2.93MB,30
2026-07-30 11:25:32,scovox,88.60%,272.6MiB / 30.66GiB,0.87%,0B / 0B,78.3MB / 3.89MB,53
2026-07-30 11:25:32,mapir-ffmpeg,36.80%,335MiB / 30.66GiB,1.07%,0B / 0B,200MB / 1.35MB,33
2026-07-30 11:25:32,trav_ros2,112.94%,470MiB / 30.66GiB,1.50%,0B / 0B,125MB / 1.72MB,44
2026-07-30 11:25:32,realsense,20.30%,175.3MiB / 30.66GiB,0.56%,0B / 0B,107MB / 3.34MB,33
2026-07-30 11:25:32,nav2,14.23%,219.5MiB / 30.66GiB,0.70%,0B / 0B,128MB / 1.19MB,92
2026-07-30 11:25:32,glim,73.27%,486MiB / 30.66GiB,1.55%,0B / 0B,149MB / 11.7MB,37
2026-07-30 11:25:35,foxglove,19.53%,613.4MiB / 30.66GiB,1.95%,0B / 0B,203MB / 3.51MB,28
2026-07-30 11:25:35,docker-recorder-run-de836728b142,0.00%,22.88MiB / 30.66GiB,0.07%,0B / 0B,42.7MB / 9.68MB,1
2026-07-30 11:25:35,openzen,3.74%,86.93MiB / 30.66GiB,0.28%,0B / 0B,81.6MB / 2.17MB,20
2026-07-30 11:25:35,ouster,9.79%,245.2MiB / 30.66GiB,0.78%,0B / 0B,184MB / 2.93MB,30
2026-07-30 11:25:35,scovox,70.57%,340.7MiB / 30.66GiB,1.09%,0B / 0B,78.3MB / 3.89MB,53
2026-07-30 11:25:35,mapir-ffmpeg,28.70%,334MiB / 30.66GiB,1.06%,0B / 0B,200MB / 1.35MB,33
2026-07-30 11:25:35,trav_ros2,121.07%,475.8MiB / 30.66GiB,1.52%,0B / 0B,125MB / 1.72MB,44
2026-07-30 11:25:35,realsense,18.48%,175.3MiB / 30.66GiB,0.56%,0B / 0B,107MB / 3.34MB,33
2026-07-30 11:25:35,nav2,12.84%,219.3MiB / 30.66GiB,0.70%,0B / 0B,128MB / 1.19MB,92
2026-07-30 11:25:35,glim,74.46%,486MiB / 30.66GiB,1.55%,0B / 0B,149MB / 11.7MB,37
2026-07-30 11:25:38,foxglove,11.56%,612.5MiB / 30.66GiB,1.95%,0B / 0B,203MB / 3.51MB,28
2026-07-30 11:25:38,docker-recorder-run-de836728b142,0.00%,22.88MiB / 30.66GiB,0.07%,0B / 0B,42.7MB / 9.68MB,1
2026-07-30 11:25:38,openzen,4.08%,86.72MiB / 30.66GiB,0.28%,0B / 0B,81.6MB / 2.17MB,20
2026-07-30 11:25:38,ouster,10.20%,244.9MiB / 30.66GiB,0.78%,0B / 0B,184MB / 2.93MB,30
2026-07-30 11:25:38,scovox,94.29%,290MiB / 30.66GiB,0.92%,0B / 0B,78.3MB / 3.89MB,53
2026-07-30 11:25:38,mapir-ffmpeg,44.07%,334.8MiB / 30.66GiB,1.07%,0B / 0B,200MB / 1.35MB,33
2026-07-30 11:25:38,trav_ros2,115.57%,485.2MiB / 30.66GiB,1.55%,0B / 0B,125MB / 1.72MB,44
2026-07-30 11:25:38,realsense,31.80%,175.5MiB / 30.66GiB,0.56%,0B / 0B,107MB / 3.34MB,33
2026-07-30 11:25:38,nav2,13.79%,219.3MiB / 30.66GiB,0.70%,0B / 0B,128MB / 1.19MB,92
2026-07-30 11:25:38,glim,91.76%,486.6MiB / 30.66GiB,1.55%,0B / 0B,149MB / 11.7MB,37
2026-07-30 11:25:41,foxglove,21.19%,588.8MiB / 30.66GiB,1.88%,0B / 0B,203MB / 3.51MB,28
2026-07-30 11:25:41,docker-recorder-run-de836728b142,0.00%,22.88MiB / 30.66GiB,0.07%,0B / 0B,42.7MB / 9.68MB,1
2026-07-30 11:25:41,openzen,3.73%,86.73MiB / 30.66GiB,0.28%,0B / 0B,81.6MB / 2.17MB,20
2026-07-30 11:25:41,ouster,8.11%,245.2MiB / 30.66GiB,0.78%,0B / 0B,184MB / 2.93MB,30
2026-07-30 11:25:41,scovox,65.57%,343.2MiB / 30.66GiB,1.09%,0B / 0B,78.3MB / 3.89MB,53
2026-07-30 11:25:41,mapir-ffmpeg,35.71%,334.1MiB / 30.66GiB,1.06%,0B / 0B,200MB / 1.35MB,33
2026-07-30 11:25:41,trav_ros2,112.59%,480.9MiB / 30.66GiB,1.53%,0B / 0B,125MB / 1.72MB,44
2026-07-30 11:25:41,realsense,26.64%,175.3MiB / 30.66GiB,0.56%,0B / 0B,107MB / 3.34MB,33
2026-07-30 11:25:41,nav2,14.09%,218.4MiB / 30.66GiB,0.70%,0B / 0B,128MB / 1.19MB,92
2026-07-30 11:25:41,glim,70.10%,486.8MiB / 30.66GiB,1.55%,0B / 0B,149MB / 11.7MB,37
2026-07-30 11:25:44,foxglove,15.95%,613.2MiB / 30.66GiB,1.95%,0B / 0B,203MB / 3.51MB,28
2026-07-30 11:25:44,docker-recorder-run-de836728b142,0.00%,22.88MiB / 30.66GiB,0.07%,0B / 0B,42.7MB / 9.68MB,1
2026-07-30 11:25:44,openzen,4.20%,86.99MiB / 30.66GiB,0.28%,0B / 0B,81.6MB / 2.17MB,20
2026-07-30 11:25:44,ouster,7.99%,245.2MiB / 30.66GiB,0.78%,0B / 0B,184MB / 2.93MB,30
2026-07-30 11:25:44,scovox,64.60%,343.7MiB / 30.66GiB,1.09%,0B / 0B,78.3MB / 3.99MB,53
2026-07-30 11:25:44,mapir-ffmpeg,40.55%,334.6MiB / 30.66GiB,1.07%,0B / 0B,200MB / 1.36MB,33
2026-07-30 11:25:44,trav_ros2,113.23%,481.9MiB / 30.66GiB,1.53%,0B / 0B,125MB / 1.72MB,44
2026-07-30 11:25:44,realsense,31.12%,175.1MiB / 30.66GiB,0.56%,0B / 0B,107MB / 3.34MB,33
2026-07-30 11:25:44,nav2,14.30%,219.7MiB / 30.66GiB,0.70%,0B / 0B,128MB / 1.19MB,92
2026-07-30 11:25:44,glim,76.33%,488MiB / 30.66GiB,1.55%,0B / 0B,149MB / 11.7MB,37
2026-07-30 11:25:48,foxglove,13.58%,613.1MiB / 30.66GiB,1.95%,0B / 0B,203MB / 3.51MB,28
2026-07-30 11:25:48,docker-recorder-run-de836728b142,0.00%,22.88MiB / 30.66GiB,0.07%,0B / 0B,42.7MB / 9.68MB,1
2026-07-30 11:25:48,openzen,3.76%,87.02MiB / 30.66GiB,0.28%,0B / 0B,81.6MB / 2.17MB,20
2026-07-30 11:25:48,ouster,8.15%,245.2MiB / 30.66GiB,0.78%,0B / 0B,184MB / 2.93MB,30
2026-07-30 11:25:48,scovox,69.04%,346.1MiB / 30.66GiB,1.10%,0B / 0B,78.3MB / 3.99MB,53
2026-07-30 11:25:48,mapir-ffmpeg,28.95%,334.7MiB / 30.66GiB,1.07%,0B / 0B,200MB / 1.36MB,33
2026-07-30 11:25:48,trav_ros2,117.80%,486.1MiB / 30.66GiB,1.55%,0B / 0B,125MB / 1.72MB,44
2026-07-30 11:25:48,realsense,18.18%,175.1MiB / 30.66GiB,0.56%,0B / 0B,107MB / 3.34MB,33
2026-07-30 11:25:48,nav2,12.43%,219.4MiB / 30.66GiB,0.70%,0B / 0B,128MB / 1.19MB,92
2026-07-30 11:25:48,glim,70.34%,487.7MiB / 30.66GiB,1.55%,0B / 0B,149MB / 11.7MB,37
2026-07-30 11:25:51,foxglove,13.96%,613.6MiB / 30.66GiB,1.95%,0B / 0B,203MB / 3.51MB,28
2026-07-30 11:25:51,docker-recorder-run-de836728b142,0.00%,22.88MiB / 30.66GiB,0.07%,0B / 0B,42.7MB / 9.68MB,1
2026-07-30 11:25:51,openzen,4.03%,86.78MiB / 30.66GiB,0.28%,0B / 0B,81.6MB / 2.17MB,20
2026-07-30 11:25:51,ouster,11.31%,245.3MiB / 30.66GiB,0.78%,0B / 0B,184MB / 2.93MB,30
2026-07-30 11:25:51,scovox,96.51%,299.4MiB / 30.66GiB,0.95%,0B / 0B,78.3MB / 3.99MB,53
2026-07-30 11:25:51,mapir-ffmpeg,44.00%,334.2MiB / 30.66GiB,1.06%,0B / 0B,200MB / 1.36MB,33
2026-07-30 11:25:51,trav_ros2,113.78%,485.6MiB / 30.66GiB,1.55%,0B / 0B,125MB / 1.72MB,44
2026-07-30 11:25:51,realsense,19.06%,175.4MiB / 30.66GiB,0.56%,0B / 0B,107MB / 3.34MB,33
2026-07-30 11:25:51,nav2,13.72%,219.7MiB / 30.66GiB,0.70%,0B / 0B,128MB / 1.19MB,92
2026-07-30 11:25:51,glim,74.69%,488.9MiB / 30.66GiB,1.56%,0B / 0B,149MB / 11.7MB,37
2026-07-30 11:25:54,foxglove,16.88%,589.6MiB / 30.66GiB,1.88%,0B / 0B,203MB / 3.51MB,28
2026-07-30 11:25:54,docker-recorder-run-de836728b142,0.00%,22.88MiB / 30.66GiB,0.07%,0B / 0B,42.7MB / 9.68MB,1
2026-07-30 11:25:54,openzen,3.94%,87.06MiB / 30.66GiB,0.28%,0B / 0B,81.6MB / 2.17MB,20
2026-07-30 11:25:54,ouster,8.61%,245.7MiB / 30.66GiB,0.78%,0B / 0B,184MB / 2.93MB,30
2026-07-30 11:25:54,scovox,68.39%,394.8MiB / 30.66GiB,1.26%,0B / 0B,78.3MB / 3.99MB,53
2026-07-30 11:25:54,mapir-ffmpeg,30.50%,334.5MiB / 30.66GiB,1.07%,0B / 0B,200MB / 1.36MB,33
2026-07-30 11:25:54,trav_ros2,112.42%,487.3MiB / 30.66GiB,1.55%,0B / 0B,125MB / 1.72MB,44
2026-07-30 11:25:54,realsense,18.87%,175.9MiB / 30.66GiB,0.56%,0B / 0B,107MB / 3.34MB,33
2026-07-30 11:25:54,nav2,14.64%,220.8MiB / 30.66GiB,0.70%,0B / 0B,128MB / 1.19MB,92
2026-07-30 11:25:54,glim,82.11%,489.5MiB / 30.66GiB,1.56%,0B / 0B,149MB / 11.7MB,37
2026-07-30 11:25:57,foxglove,10.75%,613.6MiB / 30.66GiB,1.95%,0B / 0B,203MB / 3.51MB,28
2026-07-30 11:25:57,docker-recorder-run-de836728b142,0.00%,22.88MiB / 30.66GiB,0.07%,0B / 0B,42.7MB / 9.68MB,1
2026-07-30 11:25:57,openzen,4.26%,87.08MiB / 30.66GiB,0.28%,0B / 0B,81.6MB / 2.17MB,20
2026-07-30 11:25:57,ouster,7.43%,245.1MiB / 30.66GiB,0.78%,0B / 0B,184MB / 2.93MB,30
2026-07-30 11:25:57,scovox,88.23%,326.8MiB / 30.66GiB,1.04%,0B / 0B,78.3MB / 3.99MB,53
2026-07-30 11:25:57,mapir-ffmpeg,28.90%,334.3MiB / 30.66GiB,1.06%,0B / 0B,200MB / 1.36MB,33
2026-07-30 11:25:57,trav_ros2,112.12%,481.3MiB / 30.66GiB,1.53%,0B / 0B,125MB / 1.72MB,44
2026-07-30 11:25:57,realsense,18.74%,175.4MiB / 30.66GiB,0.56%,0B / 0B,107MB / 3.34MB,33
2026-07-30 11:25:57,nav2,12.50%,220.2MiB / 30.66GiB,0.70%,0B / 0B,128MB / 1.19MB,92
2026-07-30 11:25:57,glim,68.45%,489.5MiB / 30.66GiB,1.56%,0B / 0B,149MB / 11.7MB,37
2026-07-30 11:26:00,foxglove,14.83%,614.1MiB / 30.66GiB,1.96%,0B / 0B,203MB / 3.51MB,28
2026-07-30 11:26:00,docker-recorder-run-de836728b142,0.00%,22.88MiB / 30.66GiB,0.07%,0B / 0B,42.7MB / 9.68MB,1
2026-07-30 11:26:00,openzen,4.17%,87.08MiB / 30.66GiB,0.28%,0B / 0B,81.6MB / 2.17MB,20
2026-07-30 11:26:00,ouster,7.50%,245.3MiB / 30.66GiB,0.78%,0B / 0B,184MB / 2.93MB,30
2026-07-30 11:26:00,scovox,75.46%,351.2MiB / 30.66GiB,1.12%,0B / 0B,78.3MB / 3.99MB,53
2026-07-30 11:26:00,mapir-ffmpeg,28.60%,334.3MiB / 30.66GiB,1.06%,0B / 0B,200MB / 1.36MB,33
2026-07-30 11:26:00,trav_ros2,115.58%,485.9MiB / 30.66GiB,1.55%,0B / 0B,125MB / 1.74MB,44
2026-07-30 11:26:00,realsense,18.21%,175.7MiB / 30.66GiB,0.56%,0B / 0B,107MB / 3.34MB,33
2026-07-30 11:26:00,nav2,12.59%,220.3MiB / 30.66GiB,0.70%,0B / 0B,128MB / 1.19MB,92
2026-07-30 11:26:00,glim,74.74%,491MiB / 30.66GiB,1.56%,0B / 0B,149MB / 11.7MB,37
2026-07-30 11:26:03,foxglove,13.38%,613.9MiB / 30.66GiB,1.96%,0B / 0B,203MB / 3.51MB,28
2026-07-30 11:26:03,docker-recorder-run-de836728b142,0.00%,22.88MiB / 30.66GiB,0.07%,0B / 0B,42.7MB / 9.68MB,1
2026-07-30 11:26:03,openzen,3.55%,86.87MiB / 30.66GiB,0.28%,0B / 0B,81.6MB / 2.17MB,20
2026-07-30 11:26:03,ouster,10.84%,245.3MiB / 30.66GiB,0.78%,0B / 0B,184MB / 2.93MB,30
2026-07-30 11:26:03,scovox,91.63%,332.1MiB / 30.66GiB,1.06%,0B / 0B,78.3MB / 3.99MB,53
2026-07-30 11:26:03,mapir-ffmpeg,28.90%,334.6MiB / 30.66GiB,1.07%,0B / 0B,200MB / 1.36MB,33
2026-07-30 11:26:03,trav_ros2,122.20%,481.9MiB / 30.66GiB,1.53%,0B / 0B,125MB / 1.74MB,44
2026-07-30 11:26:03,realsense,21.27%,175.4MiB / 30.66GiB,0.56%,0B / 0B,107MB / 3.34MB,33
2026-07-30 11:26:03,nav2,12.77%,219.3MiB / 30.66GiB,0.70%,0B / 0B,128MB / 1.19MB,92
2026-07-30 11:26:03,glim,66.81%,487.9MiB / 30.66GiB,1.55%,0B / 0B,149MB / 11.7MB,37
2026-07-30 11:26:06,foxglove,23.98%,618.4MiB / 30.66GiB,1.97%,0B / 0B,203MB / 3.51MB,28
2026-07-30 11:26:06,docker-recorder-run-de836728b142,0.00%,22.88MiB / 30.66GiB,0.07%,0B / 0B,42.7MB / 9.68MB,1
2026-07-30 11:26:06,openzen,4.08%,86.88MiB / 30.66GiB,0.28%,0B / 0B,81.6MB / 2.17MB,20
2026-07-30 11:26:06,ouster,7.52%,245.4MiB / 30.66GiB,0.78%,0B / 0B,184MB / 2.93MB,30
2026-07-30 11:26:06,scovox,78.05%,351.5MiB / 30.66GiB,1.12%,0B / 0B,78.3MB / 3.99MB,53
2026-07-30 11:26:06,mapir-ffmpeg,28.95%,334.4MiB / 30.66GiB,1.06%,0B / 0B,200MB / 1.36MB,33
2026-07-30 11:26:06,trav_ros2,112.21%,481.9MiB / 30.66GiB,1.53%,0B / 0B,125MB / 1.74MB,44
2026-07-30 11:26:06,realsense,23.11%,175.2MiB / 30.66GiB,0.56%,0B / 0B,107MB / 3.34MB,33
2026-07-30 11:26:06,nav2,12.57%,219.6MiB / 30.66GiB,0.70%,0B / 0B,128MB / 1.19MB,92
2026-07-30 11:26:06,glim,77.48%,490.5MiB / 30.66GiB,1.56%,0B / 0B,149MB / 11.7MB,37
2026-07-30 11:26:09,foxglove,13.15%,613.7MiB / 30.66GiB,1.95%,0B / 0B,203MB / 3.51MB,28
2026-07-30 11:26:09,docker-recorder-run-de836728b142,0.00%,22.88MiB / 30.66GiB,0.07%,0B / 0B,42.7MB / 9.68MB,1
2026-07-30 11:26:09,openzen,4.10%,87.15MiB / 30.66GiB,0.28%,0B / 0B,81.6MB / 2.17MB,20
2026-07-30 11:26:09,ouster,8.92%,245.2MiB / 30.66GiB,0.78%,0B / 0B,184MB / 2.93MB,30
2026-07-30 11:26:09,scovox,83.86%,334.5MiB / 30.66GiB,1.07%,0B / 0B,78.3MB / 3.99MB,53
2026-07-30 11:26:09,mapir-ffmpeg,36.26%,335.2MiB / 30.66GiB,1.07%,0B / 0B,200MB / 1.36MB,33
2026-07-30 11:26:09,trav_ros2,125.22%,482.5MiB / 30.66GiB,1.54%,0B / 0B,125MB / 1.74MB,44
2026-07-30 11:26:09,realsense,34.39%,175.5MiB / 30.66GiB,0.56%,0B / 0B,107MB / 3.34MB,33
2026-07-30 11:26:09,nav2,14.48%,220.9MiB / 30.66GiB,0.70%,0B / 0B,128MB / 1.19MB,92
2026-07-30 11:26:09,glim,75.26%,492.5MiB / 30.66GiB,1.57%,0B / 0B,149MB / 11.7MB,37
2026-07-30 11:26:12,foxglove,17.48%,613.8MiB / 30.66GiB,1.95%,0B / 0B,203MB / 3.51MB,28
2026-07-30 11:26:12,docker-recorder-run-de836728b142,0.00%,22.88MiB / 30.66GiB,0.07%,0B / 0B,42.7MB / 9.68MB,1
2026-07-30 11:26:12,openzen,4.47%,87.18MiB / 30.66GiB,0.28%,0B / 0B,81.6MB / 2.17MB,20
2026-07-30 11:26:12,ouster,7.63%,245.8MiB / 30.66GiB,0.78%,0B / 0B,184MB / 2.93MB,30
2026-07-30 11:26:12,scovox,86.89%,260.4MiB / 30.66GiB,0.83%,0B / 0B,78.3MB / 3.99MB,53
2026-07-30 11:26:12,mapir-ffmpeg,29.10%,335.5MiB / 30.66GiB,1.07%,0B / 0B,200MB / 1.36MB,33
2026-07-30 11:26:12,trav_ros2,112.49%,472.9MiB / 30.66GiB,1.51%,0B / 0B,125MB / 1.74MB,44
2026-07-30 11:26:12,realsense,28.63%,175.3MiB / 30.66GiB,0.56%,0B / 0B,107MB / 3.34MB,33
2026-07-30 11:26:12,nav2,13.51%,221.8MiB / 30.66GiB,0.71%,0B / 0B,128MB / 1.19MB,92
2026-07-30 11:26:12,glim,68.93%,492.1MiB / 30.66GiB,1.57%,0B / 0B,149MB / 11.7MB,37
2026-07-30 11:26:15,foxglove,11.42%,613.8MiB / 30.66GiB,1.95%,0B / 0B,203MB / 3.51MB,28
2026-07-30 11:26:15,docker-recorder-run-de836728b142,0.00%,22.88MiB / 30.66GiB,0.07%,0B / 0B,42.7MB / 9.68MB,1
2026-07-30 11:26:15,openzen,3.72%,86.93MiB / 30.66GiB,0.28%,0B / 0B,81.6MB / 2.17MB,20
2026-07-30 11:26:15,ouster,7.89%,246MiB / 30.66GiB,0.78%,0B / 0B,184MB / 2.93MB,30
2026-07-30 11:26:15,scovox,80.46%,339.8MiB / 30.66GiB,1.08%,0B / 0B,78.3MB / 4.08MB,53
2026-07-30 11:26:15,mapir-ffmpeg,28.54%,334.5MiB / 30.66GiB,1.07%,0B / 0B,200MB / 1.36MB,33
2026-07-30 11:26:15,trav_ros2,115.00%,483.7MiB / 30.66GiB,1.54%,0B / 0B,125MB / 1.74MB,44
2026-07-30 11:26:15,realsense,34.11%,175.5MiB / 30.66GiB,0.56%,0B / 0B,107MB / 3.34MB,33
2026-07-30 11:26:15,nav2,12.55%,219.9MiB / 30.66GiB,0.70%,0B / 0B,128MB / 1.19MB,92
2026-07-30 11:26:15,glim,64.28%,493.2MiB / 30.66GiB,1.57%,0B / 0B,149MB / 11.7MB,37
2026-07-30 11:26:18,foxglove,13.70%,613.4MiB / 30.66GiB,1.95%,0B / 0B,203MB / 3.51MB,28
2026-07-30 11:26:18,docker-recorder-run-de836728b142,0.00%,22.88MiB / 30.66GiB,0.07%,0B / 0B,42.7MB / 9.68MB,1
2026-07-30 11:26:18,openzen,3.85%,87.46MiB / 30.66GiB,0.28%,0B / 0B,81.6MB / 2.17MB,20
2026-07-30 11:26:18,ouster,7.76%,245.9MiB / 30.66GiB,0.78%,0B / 0B,184MB / 2.93MB,30
2026-07-30 11:26:18,scovox,88.81%,277.3MiB / 30.66GiB,0.88%,0B / 0B,78.3MB / 4.08MB,53
2026-07-30 11:26:18,mapir-ffmpeg,44.95%,335.8MiB / 30.66GiB,1.07%,0B / 0B,200MB / 1.36MB,33
2026-07-30 11:26:18,trav_ros2,114.25%,486.5MiB / 30.66GiB,1.55%,0B / 0B,125MB / 1.74MB,44
2026-07-30 11:26:18,realsense,26.44%,175.5MiB / 30.66GiB,0.56%,0B / 0B,107MB / 3.34MB,33
2026-07-30 11:26:18,nav2,14.23%,221.3MiB / 30.66GiB,0.70%,0B / 0B,128MB / 1.19MB,92
2026-07-30 11:26:18,glim,74.12%,493.3MiB / 30.66GiB,1.57%,0B / 0B,149MB / 11.7MB,37
2026-07-30 11:26:21,foxglove,12.74%,614MiB / 30.66GiB,1.96%,0B / 0B,203MB / 3.51MB,28
2026-07-30 11:26:21,docker-recorder-run-de836728b142,0.00%,22.88MiB / 30.66GiB,0.07%,0B / 0B,42.7MB / 9.68MB,1
2026-07-30 11:26:21,openzen,4.22%,86.98MiB / 30.66GiB,0.28%,0B / 0B,81.6MB / 2.17MB,20
2026-07-30 11:26:21,ouster,7.58%,245.2MiB / 30.66GiB,0.78%,0B / 0B,184MB / 2.93MB,30
2026-07-30 11:26:21,scovox,71.15%,342.3MiB / 30.66GiB,1.09%,0B / 0B,78.3MB / 4.09MB,53
2026-07-30 11:26:21,mapir-ffmpeg,29.04%,334.6MiB / 30.66GiB,1.07%,0B / 0B,200MB / 1.38MB,33
2026-07-30 11:26:21,trav_ros2,110.18%,482.9MiB / 30.66GiB,1.54%,0B / 0B,125MB / 1.74MB,44
2026-07-30 11:26:21,realsense,19.20%,175.3MiB / 30.66GiB,0.56%,0B / 0B,107MB / 3.34MB,33
2026-07-30 11:26:21,nav2,13.27%,220.4MiB / 30.66GiB,0.70%,0B / 0B,128MB / 1.19MB,92
2026-07-30 11:26:21,glim,73.03%,494MiB / 30.66GiB,1.57%,0B / 0B,149MB / 11.7MB,37
2026-07-30 11:26:24,foxglove,17.68%,613.3MiB / 30.66GiB,1.95%,0B / 0B,203MB / 3.51MB,28
2026-07-30 11:26:24,docker-recorder-run-de836728b142,0.00%,22.88MiB / 30.66GiB,0.07%,0B / 0B,42.7MB / 9.68MB,1
2026-07-30 11:26:24,openzen,4.63%,87.5MiB / 30.66GiB,0.28%,0B / 0B,81.6MB / 2.17MB,20
2026-07-30 11:26:24,ouster,14.84%,246.1MiB / 30.66GiB,0.78%,0B / 0B,184MB / 2.93MB,30
2026-07-30 11:26:24,scovox,95.13%,297MiB / 30.66GiB,0.95%,0B / 0B,78.3MB / 4.09MB,53
2026-07-30 11:26:24,mapir-ffmpeg,30.41%,335.4MiB / 30.66GiB,1.07%,0B / 0B,200MB / 1.38MB,33
2026-07-30 11:26:24,trav_ros2,114.98%,483MiB / 30.66GiB,1.54%,0B / 0B,125MB / 1.74MB,44
2026-07-30 11:26:24,realsense,23.70%,175.3MiB / 30.66GiB,0.56%,0B / 0B,107MB / 3.34MB,33
2026-07-30 11:26:24,nav2,14.77%,221.4MiB / 30.66GiB,0.71%,0B / 0B,128MB / 1.19MB,92
2026-07-30 11:26:24,glim,75.15%,494.3MiB / 30.66GiB,1.57%,0B / 0B,149MB / 11.7MB,37
2026-07-30 11:26:27,foxglove,16.94%,589.3MiB / 30.66GiB,1.88%,0B / 0B,203MB / 3.51MB,28
2026-07-30 11:26:27,docker-recorder-run-de836728b142,0.00%,22.88MiB / 30.66GiB,0.07%,0B / 0B,42.7MB / 9.68MB,1
2026-07-30 11:26:27,openzen,4.15%,87.52MiB / 30.66GiB,0.28%,0B / 0B,81.6MB / 2.17MB,20
2026-07-30 11:26:27,ouster,9.84%,245.3MiB / 30.66GiB,0.78%,0B / 0B,184MB / 2.93MB,30
2026-07-30 11:26:27,scovox,69.65%,345.2MiB / 30.66GiB,1.10%,0B / 0B,78.3MB / 4.09MB,53
2026-07-30 11:26:27,mapir-ffmpeg,30.97%,335.2MiB / 30.66GiB,1.07%,0B / 0B,200MB / 1.38MB,33
2026-07-30 11:26:27,trav_ros2,112.81%,477.7MiB / 30.66GiB,1.52%,0B / 0B,125MB / 1.74MB,44
2026-07-30 11:26:27,realsense,39.39%,175.3MiB / 30.66GiB,0.56%,0B / 0B,107MB / 3.34MB,33
2026-07-30 11:26:27,nav2,12.78%,221.4MiB / 30.66GiB,0.70%,0B / 0B,128MB / 1.19MB,92
2026-07-30 11:26:27,glim,65.10%,494.5MiB / 30.66GiB,1.58%,0B / 0B,149MB / 11.7MB,37
2026-07-30 11:26:30,foxglove,16.72%,614MiB / 30.66GiB,1.96%,0B / 0B,203MB / 3.51MB,28
2026-07-30 11:26:30,docker-recorder-run-de836728b142,0.00%,22.88MiB / 30.66GiB,0.07%,0B / 0B,42.7MB / 9.68MB,1
2026-07-30 11:26:30,openzen,4.32%,87.03MiB / 30.66GiB,0.28%,0B / 0B,81.6MB / 2.17MB,20
2026-07-30 11:26:30,ouster,10.34%,245.9MiB / 30.66GiB,0.78%,0B / 0B,184MB / 2.93MB,30
2026-07-30 11:26:30,scovox,97.20%,299.8MiB / 30.66GiB,0.95%,0B / 0B,78.3MB / 4.09MB,53
2026-07-30 11:26:30,mapir-ffmpeg,38.18%,334.7MiB / 30.66GiB,1.07%,0B / 0B,200MB / 1.38MB,33
2026-07-30 11:26:30,trav_ros2,111.07%,483.4MiB / 30.66GiB,1.54%,0B / 0B,125MB / 1.77MB,44
2026-07-30 11:26:30,realsense,19.01%,175.6MiB / 30.66GiB,0.56%,0B / 0B,107MB / 3.34MB,33
2026-07-30 11:26:30,nav2,13.01%,220.5MiB / 30.66GiB,0.70%,0B / 0B,128MB / 1.19MB,92
2026-07-30 11:26:30,glim,80.59%,494.7MiB / 30.66GiB,1.58%,0B / 0B,149MB / 11.7MB,37
2026-07-30 11:26:34,foxglove,16.05%,589.8MiB / 30.66GiB,1.88%,0B / 0B,203MB / 3.51MB,28
2026-07-30 11:26:34,docker-recorder-run-de836728b142,0.00%,22.88MiB / 30.66GiB,0.07%,0B / 0B,42.7MB / 9.68MB,1
2026-07-30 11:26:34,openzen,3.84%,87.55MiB / 30.66GiB,0.28%,0B / 0B,81.6MB / 2.17MB,20
2026-07-30 11:26:34,ouster,11.41%,246MiB / 30.66GiB,0.78%,0B / 0B,184MB / 2.93MB,30
2026-07-30 11:26:34,scovox,68.32%,350.2MiB / 30.66GiB,1.12%,0B / 0B,78.3MB / 4.09MB,53
2026-07-30 11:26:34,mapir-ffmpeg,32.55%,334.8MiB / 30.66GiB,1.07%,0B / 0B,200MB / 1.38MB,33
2026-07-30 11:26:34,trav_ros2,112.62%,487.7MiB / 30.66GiB,1.55%,0B / 0B,125MB / 1.77MB,44
2026-07-30 11:26:34,realsense,24.59%,175.9MiB / 30.66GiB,0.56%,0B / 0B,107MB / 3.34MB,33
2026-07-30 11:26:34,nav2,12.78%,220.6MiB / 30.66GiB,0.70%,0B / 0B,128MB / 1.19MB,92
2026-07-30 11:26:34,glim,90.14%,495.4MiB / 30.66GiB,1.58%,0B / 0B,149MB / 11.7MB,37
2026-07-30 11:26:37,foxglove,14.88%,613.8MiB / 30.66GiB,1.95%,0B / 0B,203MB / 3.51MB,28
2026-07-30 11:26:37,docker-recorder-run-de836728b142,0.00%,22.88MiB / 30.66GiB,0.07%,0B / 0B,42.7MB / 9.68MB,1
2026-07-30 11:26:37,openzen,3.98%,87.08MiB / 30.66GiB,0.28%,0B / 0B,81.6MB / 2.17MB,20
2026-07-30 11:26:37,ouster,11.19%,245.8MiB / 30.66GiB,0.78%,0B / 0B,184MB / 2.93MB,30
2026-07-30 11:26:37,scovox,94.46%,301.7MiB / 30.66GiB,0.96%,0B / 0B,78.3MB / 4.09MB,53
2026-07-30 11:26:37,mapir-ffmpeg,36.25%,335.3MiB / 30.66GiB,1.07%,0B / 0B,200MB / 1.38MB,33
2026-07-30 11:26:37,trav_ros2,113.60%,478MiB / 30.66GiB,1.52%,0B / 0B,125MB / 1.77MB,44
2026-07-30 11:26:37,realsense,18.68%,175.7MiB / 30.66GiB,0.56%,0B / 0B,107MB / 3.34MB,33
2026-07-30 11:26:37,nav2,13.31%,221.5MiB / 30.66GiB,0.71%,0B / 0B,128MB / 1.19MB,92
2026-07-30 11:26:37,glim,69.01%,495.3MiB / 30.66GiB,1.58%,0B / 0B,149MB / 11.7MB,37
2026-07-30 11:26:40,foxglove,13.66%,622.3MiB / 30.66GiB,1.98%,0B / 0B,203MB / 3.51MB,28
2026-07-30 11:26:40,docker-recorder-run-de836728b142,0.00%,22.88MiB / 30.66GiB,0.07%,0B / 0B,42.7MB / 9.68MB,1
2026-07-30 11:26:40,openzen,4.84%,87.08MiB / 30.66GiB,0.28%,0B / 0B,81.6MB / 2.17MB,20
2026-07-30 11:26:40,ouster,10.66%,245.9MiB / 30.66GiB,0.78%,0B / 0B,184MB / 2.93MB,30
2026-07-30 11:26:40,scovox,72.70%,352.3MiB / 30.66GiB,1.12%,0B / 0B,78.3MB / 4.09MB,53
2026-07-30 11:26:40,mapir-ffmpeg,31.47%,334.8MiB / 30.66GiB,1.07%,0B / 0B,200MB / 1.38MB,33
2026-07-30 11:26:40,trav_ros2,112.12%,477.1MiB / 30.66GiB,1.52%,0B / 0B,125MB / 1.77MB,44
2026-07-30 11:26:40,realsense,18.80%,175.9MiB / 30.66GiB,0.56%,0B / 0B,107MB / 3.34MB,33
2026-07-30 11:26:40,nav2,13.57%,221.3MiB / 30.66GiB,0.70%,0B / 0B,128MB / 1.19MB,92
2026-07-30 11:26:40,glim,74.50%,495.3MiB / 30.66GiB,1.58%,0B / 0B,149MB / 11.7MB,37
2026-07-30 11:26:43,foxglove,14.05%,620.2MiB / 30.66GiB,1.98%,0B / 0B,203MB / 3.51MB,28
2026-07-30 11:26:43,docker-recorder-run-de836728b142,0.00%,22.88MiB / 30.66GiB,0.07%,0B / 0B,42.7MB / 9.68MB,1
2026-07-30 11:26:43,openzen,4.25%,87.12MiB / 30.66GiB,0.28%,0B / 0B,81.6MB / 2.17MB,20
2026-07-30 11:26:43,ouster,22.20%,245.9MiB / 30.66GiB,0.78%,0B / 0B,184MB / 2.93MB,30
2026-07-30 11:26:43,scovox,89.44%,331.3MiB / 30.66GiB,1.06%,0B / 0B,78.3MB / 4.09MB,53
2026-07-30 11:26:43,mapir-ffmpeg,28.24%,335.4MiB / 30.66GiB,1.07%,0B / 0B,200MB / 1.38MB,33
2026-07-30 11:26:43,trav_ros2,115.44%,477.9MiB / 30.66GiB,1.52%,0B / 0B,125MB / 1.77MB,44
2026-07-30 11:26:43,realsense,18.30%,175.7MiB / 30.66GiB,0.56%,0B / 0B,107MB / 3.34MB,33
2026-07-30 11:26:43,nav2,13.56%,221.9MiB / 30.66GiB,0.71%,0B / 0B,128MB / 1.19MB,92
2026-07-30 11:26:43,glim,65.21%,498.4MiB / 30.66GiB,1.59%,0B / 0B,149MB / 11.7MB,37
2026-07-30 11:26:46,foxglove,11.51%,620MiB / 30.66GiB,1.97%,0B / 0B,203MB / 3.51MB,28
2026-07-30 11:26:46,docker-recorder-run-de836728b142,0.00%,22.88MiB / 30.66GiB,0.07%,0B / 0B,42.7MB / 9.68MB,1
2026-07-30 11:26:46,openzen,3.29%,87.13MiB / 30.66GiB,0.28%,0B / 0B,81.6MB / 2.17MB,20
2026-07-30 11:26:46,ouster,10.80%,246MiB / 30.66GiB,0.78%,0B / 0B,184MB / 2.93MB,30
2026-07-30 11:26:46,scovox,80.03%,353.6MiB / 30.66GiB,1.13%,0B / 0B,78.3MB / 4.09MB,53
2026-07-30 11:26:46,mapir-ffmpeg,29.38%,334.9MiB / 30.66GiB,1.07%,0B / 0B,200MB / 1.38MB,33
2026-07-30 11:26:46,trav_ros2,115.85%,483.8MiB / 30.66GiB,1.54%,0B / 0B,125MB / 1.77MB,44
2026-07-30 11:26:46,realsense,18.05%,176MiB / 30.66GiB,0.56%,0B / 0B,107MB / 3.34MB,33
2026-07-30 11:26:46,nav2,12.67%,221.3MiB / 30.66GiB,0.70%,0B / 0B,128MB / 1.19MB,92
2026-07-30 11:26:46,glim,77.75%,498.8MiB / 30.66GiB,1.59%,0B / 0B,149MB / 11.7MB,37
2026-07-30 11:26:49,foxglove,13.01%,619.8MiB / 30.66GiB,1.97%,0B / 0B,203MB / 3.51MB,28
2026-07-30 11:26:49,docker-recorder-run-de836728b142,0.00%,22.88MiB / 30.66GiB,0.07%,0B / 0B,42.7MB / 9.68MB,1
2026-07-30 11:26:49,openzen,4.36%,87.89MiB / 30.66GiB,0.28%,0B / 0B,81.6MB / 2.17MB,20
2026-07-30 11:26:49,ouster,9.07%,246.5MiB / 30.66GiB,0.79%,0B / 0B,184MB / 2.93MB,30
2026-07-30 11:26:49,scovox,85.68%,335.4MiB / 30.66GiB,1.07%,0B / 0B,78.3MB / 4.09MB,53
2026-07-30 11:26:49,mapir-ffmpeg,29.68%,335.5MiB / 30.66GiB,1.07%,0B / 0B,200MB / 1.38MB,33
2026-07-30 11:26:49,trav_ros2,123.88%,517.4MiB / 30.66GiB,1.65%,0B / 0B,125MB / 1.77MB,44
2026-07-30 11:26:49,realsense,18.83%,175.5MiB / 30.66GiB,0.56%,0B / 0B,107MB / 3.34MB,33
2026-07-30 11:26:49,nav2,13.92%,221.7MiB / 30.66GiB,0.71%,0B / 0B,128MB / 1.19MB,92
2026-07-30 11:26:49,glim,70.63%,498.7MiB / 30.66GiB,1.59%,0B / 0B,149MB / 11.7MB,37
2026-07-30 11:26:52,foxglove,11.62%,619.6MiB / 30.66GiB,1.97%,0B / 0B,203MB / 3.51MB,28
2026-07-30 11:26:52,docker-recorder-run-de836728b142,0.00%,22.88MiB / 30.66GiB,0.07%,0B / 0B,42.7MB / 9.68MB,1
2026-07-30 11:26:52,openzen,3.94%,87.92MiB / 30.66GiB,0.28%,0B / 0B,81.6MB / 2.17MB,20
2026-07-30 11:26:52,ouster,10.93%,246.9MiB / 30.66GiB,0.79%,0B / 0B,184MB / 2.93MB,30
2026-07-30 11:26:52,scovox,89.25%,259MiB / 30.66GiB,0.82%,0B / 0B,78.3MB / 4.18MB,53
2026-07-30 11:26:52,mapir-ffmpeg,28.48%,335.5MiB / 30.66GiB,1.07%,0B / 0B,200MB / 1.38MB,33
2026-07-30 11:26:52,trav_ros2,115.34%,488.3MiB / 30.66GiB,1.56%,0B / 0B,125MB / 1.77MB,44
2026-07-30 11:26:52,realsense,17.97%,176.2MiB / 30.66GiB,0.56%,0B / 0B,107MB / 3.34MB,33
2026-07-30 11:26:52,nav2,13.28%,221.8MiB / 30.66GiB,0.71%,0B / 0B,128MB / 1.19MB,92
2026-07-30 11:26:52,glim,74.14%,498.9MiB / 30.66GiB,1.59%,0B / 0B,149MB / 11.7MB,37
2026-07-30 11:26:55,foxglove,11.15%,622.4MiB / 30.66GiB,1.98%,0B / 0B,203MB / 3.51MB,28
2026-07-30 11:26:55,docker-recorder-run-de836728b142,0.00%,22.88MiB / 30.66GiB,0.07%,0B / 0B,42.7MB / 9.68MB,1
2026-07-30 11:26:55,openzen,3.83%,87.18MiB / 30.66GiB,0.28%,0B / 0B,81.6MB / 2.17MB,20
2026-07-30 11:26:55,ouster,8.85%,246.3MiB / 30.66GiB,0.78%,0B / 0B,184MB / 2.93MB,30
2026-07-30 11:26:55,scovox,80.32%,338MiB / 30.66GiB,1.08%,0B / 0B,78.3MB / 4.19MB,53
2026-07-30 11:26:55,mapir-ffmpeg,28.91%,335MiB / 30.66GiB,1.07%,0B / 0B,200MB / 1.39MB,33
2026-07-30 11:26:55,trav_ros2,123.57%,480.6MiB / 30.66GiB,1.53%,0B / 0B,125MB / 1.77MB,44
2026-07-30 11:26:55,realsense,18.28%,175.8MiB / 30.66GiB,0.56%,0B / 0B,107MB / 3.34MB,33
2026-07-30 11:26:55,nav2,13.35%,221.9MiB / 30.66GiB,0.71%,0B / 0B,128MB / 1.19MB,92
2026-07-30 11:26:55,glim,70.93%,499.9MiB / 30.66GiB,1.59%,0B / 0B,149MB / 11.7MB,37
2026-07-30 11:26:58,foxglove,12.27%,621.7MiB / 30.66GiB,1.98%,0B / 0B,203MB / 3.51MB,28
2026-07-30 11:26:58,docker-recorder-run-de836728b142,0.00%,22.88MiB / 30.66GiB,0.07%,0B / 0B,42.7MB / 9.68MB,1
2026-07-30 11:26:58,openzen,3.69%,87.46MiB / 30.66GiB,0.28%,0B / 0B,81.6MB / 2.17MB,20
2026-07-30 11:26:58,ouster,13.16%,245.7MiB / 30.66GiB,0.78%,0B / 0B,184MB / 2.93MB,30
2026-07-30 11:26:58,scovox,90.57%,275.6MiB / 30.66GiB,0.88%,0B / 0B,78.3MB / 4.19MB,53
2026-07-30 11:26:58,mapir-ffmpeg,28.63%,335.8MiB / 30.66GiB,1.07%,0B / 0B,200MB / 1.39MB,33
2026-07-30 11:26:58,trav_ros2,113.50%,478.7MiB / 30.66GiB,1.52%,0B / 0B,125MB / 1.77MB,44
2026-07-30 11:26:58,realsense,18.35%,176MiB / 30.66GiB,0.56%,0B / 0B,107MB / 3.34MB,33
2026-07-30 11:26:58,nav2,13.34%,221.8MiB / 30.66GiB,0.71%,0B / 0B,128MB / 1.19MB,92
2026-07-30 11:26:58,glim,69.95%,500.6MiB / 30.66GiB,1.59%,0B / 0B,149MB / 11.7MB,37
2026-07-30 11:27:01,foxglove,12.78%,617.9MiB / 30.66GiB,1.97%,0B / 0B,203MB / 3.51MB,28
2026-07-30 11:27:01,docker-recorder-run-de836728b142,0.00%,22.88MiB / 30.66GiB,0.07%,0B / 0B,42.7MB / 9.68MB,1
2026-07-30 11:27:01,openzen,3.64%,87.23MiB / 30.66GiB,0.28%,0B / 0B,81.6MB / 2.17MB,20
2026-07-30 11:27:01,ouster,8.35%,246.3MiB / 30.66GiB,0.78%,0B / 0B,184MB / 2.93MB,30
2026-07-30 11:27:01,scovox,73.71%,342.2MiB / 30.66GiB,1.09%,0B / 0B,78.3MB / 4.19MB,53
2026-07-30 11:27:01,mapir-ffmpeg,31.89%,335.1MiB / 30.66GiB,1.07%,0B / 0B,200MB / 1.39MB,33
2026-07-30 11:27:01,trav_ros2,122.98%,484.8MiB / 30.66GiB,1.54%,0B / 0B,125MB / 1.79MB,44
2026-07-30 11:27:01,realsense,24.95%,176.1MiB / 30.66GiB,0.56%,0B / 0B,107MB / 3.34MB,33
2026-07-30 11:27:01,nav2,13.17%,222.4MiB / 30.66GiB,0.71%,0B / 0B,128MB / 1.19MB,92
2026-07-30 11:27:01,glim,67.46%,501.4MiB / 30.66GiB,1.60%,0B / 0B,149MB / 11.7MB,37
2026-07-30 11:27:04,foxglove,12.22%,621.5MiB / 30.66GiB,1.98%,0B / 0B,203MB / 3.51MB,28
2026-07-30 11:27:04,docker-recorder-run-de836728b142,0.00%,22.88MiB / 30.66GiB,0.07%,0B / 0B,42.7MB / 9.68MB,1
2026-07-30 11:27:04,openzen,3.73%,87.24MiB / 30.66GiB,0.28%,0B / 0B,81.6MB / 2.17MB,20
2026-07-30 11:27:04,ouster,7.15%,246.3MiB / 30.66GiB,0.78%,0B / 0B,184MB / 2.93MB,30
2026-07-30 11:27:04,scovox,95.00%,293.3MiB / 30.66GiB,0.93%,0B / 0B,78.3MB / 4.19MB,53
2026-07-30 11:27:04,mapir-ffmpeg,29.10%,335.9MiB / 30.66GiB,1.07%,0B / 0B,200MB / 1.39MB,33
2026-07-30 11:27:04,trav_ros2,116.46%,483.7MiB / 30.66GiB,1.54%,0B / 0B,125MB / 1.79MB,44
2026-07-30 11:27:04,realsense,22.42%,176.6MiB / 30.66GiB,0.56%,0B / 0B,107MB / 3.34MB,33
2026-07-30 11:27:04,nav2,13.71%,222MiB / 30.66GiB,0.71%,0B / 0B,128MB / 1.19MB,92
2026-07-30 11:27:04,glim,72.32%,503.4MiB / 30.66GiB,1.60%,0B / 0B,149MB / 11.7MB,37
2026-07-30 11:27:07,foxglove,13.91%,592.2MiB / 30.66GiB,1.89%,0B / 0B,203MB / 3.51MB,28
2026-07-30 11:27:07,docker-recorder-run-de836728b142,0.00%,22.88MiB / 30.66GiB,0.07%,0B / 0B,42.7MB / 9.68MB,1
2026-07-30 11:27:07,openzen,3.88%,87.27MiB / 30.66GiB,0.28%,0B / 0B,81.6MB / 2.17MB,20
2026-07-30 11:27:07,ouster,7.81%,246MiB / 30.66GiB,0.78%,0B / 0B,184MB / 2.93MB,30
2026-07-30 11:27:07,scovox,66.99%,345.4MiB / 30.66GiB,1.10%,0B / 0B,78.3MB / 4.19MB,53
2026-07-30 11:27:07,mapir-ffmpeg,28.55%,335.9MiB / 30.66GiB,1.07%,0B / 0B,200MB / 1.39MB,33
2026-07-30 11:27:07,trav_ros2,113.87%,487.6MiB / 30.66GiB,1.55%,0B / 0B,125MB / 1.79MB,44
2026-07-30 11:27:07,realsense,24.78%,175.6MiB / 30.66GiB,0.56%,0B / 0B,107MB / 3.34MB,33
2026-07-30 11:27:07,nav2,13.39%,222.6MiB / 30.66GiB,0.71%,0B / 0B,128MB / 1.19MB,92
2026-07-30 11:27:07,glim,79.28%,504.8MiB / 30.66GiB,1.61%,0B / 0B,149MB / 11.7MB,37
2026-07-30 11:27:10,foxglove,11.90%,619.9MiB / 30.66GiB,1.97%,0B / 0B,203MB / 3.51MB,28
2026-07-30 11:27:10,docker-recorder-run-de836728b142,0.00%,22.88MiB / 30.66GiB,0.07%,0B / 0B,42.7MB / 9.68MB,1
2026-07-30 11:27:10,openzen,3.79%,87.28MiB / 30.66GiB,0.28%,0B / 0B,81.6MB / 2.17MB,20
2026-07-30 11:27:10,ouster,10.29%,246.1MiB / 30.66GiB,0.78%,0B / 0B,184MB / 2.93MB,30
2026-07-30 11:27:10,scovox,96.31%,300.4MiB / 30.66GiB,0.96%,0B / 0B,78.3MB / 4.19MB,53
2026-07-30 11:27:10,mapir-ffmpeg,30.15%,335.2MiB / 30.66GiB,1.07%,0B / 0B,200MB / 1.39MB,33
2026-07-30 11:27:10,trav_ros2,113.27%,484.9MiB / 30.66GiB,1.54%,0B / 0B,125MB / 1.79MB,44
2026-07-30 11:27:10,realsense,19.58%,175.9MiB / 30.66GiB,0.56%,0B / 0B,107MB / 3.34MB,33
2026-07-30 11:27:10,nav2,14.30%,221.7MiB / 30.66GiB,0.71%,0B / 0B,128MB / 1.19MB,92
2026-07-30 11:27:10,glim,80.61%,505.5MiB / 30.66GiB,1.61%,0B / 0B,149MB / 11.7MB,37
2026-07-30 11:27:14,foxglove,13.72%,592.3MiB / 30.66GiB,1.89%,0B / 0B,203MB / 3.51MB,28
2026-07-30 11:27:14,docker-recorder-run-de836728b142,0.00%,22.88MiB / 30.66GiB,0.07%,0B / 0B,42.7MB / 9.68MB,1
2026-07-30 11:27:14,openzen,4.25%,87.3MiB / 30.66GiB,0.28%,0B / 0B,81.6MB / 2.17MB,20
2026-07-30 11:27:14,ouster,9.54%,246.7MiB / 30.66GiB,0.79%,0B / 0B,184MB / 2.93MB,30
2026-07-30 11:27:14,scovox,70.02%,348.8MiB / 30.66GiB,1.11%,0B / 0B,78.3MB / 4.19MB,53
2026-07-30 11:27:14,mapir-ffmpeg,30.83%,336.5MiB / 30.66GiB,1.07%,0B / 0B,200MB / 1.39MB,33
2026-07-30 11:27:14,trav_ros2,114.60%,475.1MiB / 30.66GiB,1.51%,0B / 0B,125MB / 1.79MB,44
2026-07-30 11:27:14,realsense,21.25%,176.1MiB / 30.66GiB,0.56%,0B / 0B,107MB / 3.34MB,33
2026-07-30 11:27:14,nav2,14.65%,223MiB / 30.66GiB,0.71%,0B / 0B,128MB / 1.19MB,92
2026-07-30 11:27:14,glim,72.95%,491.4MiB / 30.66GiB,1.57%,0B / 0B,149MB / 11.7MB,37
2026-07-30 11:27:17,foxglove,17.37%,624.2MiB / 30.66GiB,1.99%,0B / 0B,203MB / 3.51MB,28
2026-07-30 11:27:17,docker-recorder-run-de836728b142,0.00%,22.88MiB / 30.66GiB,0.07%,0B / 0B,42.7MB / 9.68MB,1
2026-07-30 11:27:17,openzen,4.03%,87.57MiB / 30.66GiB,0.28%,0B / 0B,81.6MB / 2.17MB,20
2026-07-30 11:27:17,ouster,10.90%,246.2MiB / 30.66GiB,0.78%,0B / 0B,184MB / 2.93MB,30
2026-07-30 11:27:17,scovox,71.42%,351.3MiB / 30.66GiB,1.12%,0B / 0B,78.3MB / 4.19MB,53
2026-07-30 11:27:17,mapir-ffmpeg,29.63%,335.5MiB / 30.66GiB,1.07%,0B / 0B,200MB / 1.39MB,33
2026-07-30 11:27:17,trav_ros2,113.84%,475.5MiB / 30.66GiB,1.51%,0B / 0B,125MB / 1.79MB,44
2026-07-30 11:27:17,realsense,31.36%,175.7MiB / 30.66GiB,0.56%,0B / 0B,107MB / 3.34MB,33
2026-07-30 11:27:17,nav2,13.68%,222.7MiB / 30.66GiB,0.71%,0B / 0B,128MB / 1.19MB,92
2026-07-30 11:27:17,glim,71.34%,492.6MiB / 30.66GiB,1.57%,0B / 0B,149MB / 11.7MB,37
2026-07-30 11:27:20,foxglove,14.88%,598.1MiB / 30.66GiB,1.90%,0B / 0B,203MB / 3.51MB,28
2026-07-30 11:27:20,docker-recorder-run-de836728b142,0.00%,22.88MiB / 30.66GiB,0.07%,0B / 0B,42.7MB / 9.68MB,1
2026-07-30 11:27:20,openzen,3.98%,87.33MiB / 30.66GiB,0.28%,0B / 0B,81.6MB / 2.17MB,20
2026-07-30 11:27:20,ouster,10.38%,246MiB / 30.66GiB,0.78%,0B / 0B,184MB / 2.93MB,30
2026-07-30 11:27:20,scovox,69.97%,353.6MiB / 30.66GiB,1.13%,0B / 0B,78.3MB / 4.19MB,53
2026-07-30 11:27:20,mapir-ffmpeg,29.97%,335.3MiB / 30.66GiB,1.07%,0B / 0B,200MB / 1.39MB,33
2026-07-30 11:27:20,trav_ros2,114.86%,475.8MiB / 30.66GiB,1.52%,0B / 0B,125MB / 1.79MB,44
2026-07-30 11:27:20,realsense,19.17%,175.7MiB / 30.66GiB,0.56%,0B / 0B,107MB / 3.34MB,33
2026-07-30 11:27:20,nav2,12.93%,222.6MiB / 30.66GiB,0.71%,0B / 0B,128MB / 1.19MB,92
2026-07-30 11:27:20,glim,71.66%,492.7MiB / 30.66GiB,1.57%,0B / 0B,149MB / 11.7MB,37
2026-07-30 11:27:23,foxglove,11.98%,626.3MiB / 30.66GiB,1.99%,0B / 0B,203MB / 3.51MB,28
2026-07-30 11:27:23,docker-recorder-run-de836728b142,0.00%,22.88MiB / 30.66GiB,0.07%,0B / 0B,42.7MB / 9.68MB,1
2026-07-30 11:27:23,openzen,3.89%,87.36MiB / 30.66GiB,0.28%,0B / 0B,81.6MB / 2.17MB,20
2026-07-30 11:27:23,ouster,7.63%,246.7MiB / 30.66GiB,0.79%,0B / 0B,184MB / 2.93MB,30
2026-07-30 11:27:23,scovox,90.97%,330MiB / 30.66GiB,1.05%,0B / 0B,78.3MB / 4.19MB,53
2026-07-30 11:27:23,mapir-ffmpeg,40.64%,336.1MiB / 30.66GiB,1.07%,0B / 0B,200MB / 1.39MB,33
2026-07-30 11:27:23,trav_ros2,112.36%,483.8MiB / 30.66GiB,1.54%,0B / 0B,125MB / 1.79MB,44
2026-07-30 11:27:23,realsense,47.46%,175.7MiB / 30.66GiB,0.56%,0B / 0B,107MB / 3.34MB,33
2026-07-30 11:27:23,nav2,12.36%,223.2MiB / 30.66GiB,0.71%,0B / 0B,128MB / 1.19MB,92
2026-07-30 11:27:23,glim,65.14%,492.9MiB / 30.66GiB,1.57%,0B / 0B,149MB / 11.7MB,37
2026-07-30 11:27:26,foxglove,33.52%,626.6MiB / 30.66GiB,2.00%,0B / 0B,203MB / 3.51MB,28
2026-07-30 11:27:26,docker-recorder-run-de836728b142,0.00%,22.88MiB / 30.66GiB,0.07%,0B / 0B,42.7MB / 9.68MB,1
2026-07-30 11:27:26,openzen,3.96%,87.38MiB / 30.66GiB,0.28%,0B / 0B,81.6MB / 2.17MB,20
2026-07-30 11:27:26,ouster,7.79%,246.6MiB / 30.66GiB,0.79%,0B / 0B,184MB / 2.93MB,30
2026-07-30 11:27:26,scovox,73.62%,353.8MiB / 30.66GiB,1.13%,0B / 0B,78.3MB / 4.29MB,53
2026-07-30 11:27:26,mapir-ffmpeg,33.73%,335.6MiB / 30.66GiB,1.07%,0B / 0B,200MB / 1.39MB,33
2026-07-30 11:27:26,trav_ros2,112.80%,481.1MiB / 30.66GiB,1.53%,0B / 0B,125MB / 1.79MB,44
2026-07-30 11:27:26,realsense,18.37%,175.7MiB / 30.66GiB,0.56%,0B / 0B,107MB / 3.34MB,33
2026-07-30 11:27:26,nav2,12.34%,223.1MiB / 30.66GiB,0.71%,0B / 0B,128MB / 1.19MB,92
2026-07-30 11:27:26,glim,79.18%,494.8MiB / 30.66GiB,1.58%,0B / 0B,149MB / 11.7MB,37
2026-07-30 11:27:29,foxglove,12.12%,625.8MiB / 30.66GiB,1.99%,0B / 0B,203MB / 3.51MB,28
2026-07-30 11:27:29,docker-recorder-run-de836728b142,0.00%,22.88MiB / 30.66GiB,0.07%,0B / 0B,42.7MB / 9.68MB,1
2026-07-30 11:27:29,openzen,4.45%,87.65MiB / 30.66GiB,0.28%,0B / 0B,81.6MB / 2.17MB,20
2026-07-30 11:27:29,ouster,9.05%,247.4MiB / 30.66GiB,0.79%,0B / 0B,184MB / 2.93MB,30
2026-07-30 11:27:29,scovox,85.07%,334.3MiB / 30.66GiB,1.06%,0B / 0B,78.3MB / 4.29MB,53
2026-07-30 11:27:29,mapir-ffmpeg,29.65%,335.7MiB / 30.66GiB,1.07%,0B / 0B,200MB / 1.4MB,33
2026-07-30 11:27:29,trav_ros2,113.68%,488.1MiB / 30.66GiB,1.55%,0B / 0B,125MB / 1.79MB,44
2026-07-30 11:27:29,realsense,18.73%,176.2MiB / 30.66GiB,0.56%,0B / 0B,107MB / 3.34MB,33
2026-07-30 11:27:29,nav2,14.16%,224.6MiB / 30.66GiB,0.72%,0B / 0B,128MB / 1.19MB,92
2026-07-30 11:27:29,glim,71.55%,495MiB / 30.66GiB,1.58%,0B / 0B,149MB / 11.7MB,37
2026-07-30 11:27:32,foxglove,12.51%,626.5MiB / 30.66GiB,2.00%,0B / 0B,203MB / 3.51MB,28
2026-07-30 11:27:32,docker-recorder-run-de836728b142,0.00%,22.88MiB / 30.66GiB,0.07%,0B / 0B,42.7MB / 9.68MB,1
2026-07-30 11:27:32,openzen,4.83%,88.41MiB / 30.66GiB,0.28%,0B / 0B,81.6MB / 2.17MB,20
2026-07-30 11:27:32,ouster,7.99%,246.5MiB / 30.66GiB,0.79%,0B / 0B,184MB / 2.93MB,30
2026-07-30 11:27:32,scovox,81.10%,355.3MiB / 30.66GiB,1.13%,0B / 0B,78.3MB / 4.3MB,53
2026-07-30 11:27:32,mapir-ffmpeg,29.07%,336.2MiB / 30.66GiB,1.07%,0B / 0B,200MB / 1.4MB,33
2026-07-30 11:27:32,trav_ros2,113.76%,479MiB / 30.66GiB,1.53%,0B / 0B,125MB / 1.81MB,44
2026-07-30 11:27:32,realsense,34.57%,176.5MiB / 30.66GiB,0.56%,0B / 0B,107MB / 3.34MB,33
2026-07-30 11:27:32,nav2,13.80%,223.6MiB / 30.66GiB,0.71%,0B / 0B,128MB / 1.19MB,92
2026-07-30 11:27:32,glim,88.00%,496.3MiB / 30.66GiB,1.58%,0B / 0B,149MB / 11.7MB,37
2026-07-30 11:27:35,foxglove,16.93%,626.5MiB / 30.66GiB,2.00%,0B / 0B,203MB / 3.51MB,28
2026-07-30 11:27:35,docker-recorder-run-de836728b142,0.00%,22.88MiB / 30.66GiB,0.07%,0B / 0B,42.7MB / 9.68MB,1
2026-07-30 11:27:35,openzen,3.55%,87.43MiB / 30.66GiB,0.28%,0B / 0B,81.6MB / 2.17MB,20
2026-07-30 11:27:35,ouster,7.28%,246.1MiB / 30.66GiB,0.78%,0B / 0B,184MB / 2.93MB,30
2026-07-30 11:27:35,scovox,73.94%,337.5MiB / 30.66GiB,1.08%,0B / 0B,78.3MB / 4.3MB,53
2026-07-30 11:27:35,mapir-ffmpeg,28.72%,335.5MiB / 30.66GiB,1.07%,0B / 0B,200MB / 1.4MB,33
2026-07-30 11:27:35,trav_ros2,110.38%,485.1MiB / 30.66GiB,1.54%,0B / 0B,125MB / 1.81MB,44
2026-07-30 11:27:35,realsense,18.41%,176.5MiB / 30.66GiB,0.56%,0B / 0B,107MB / 3.34MB,33
2026-07-30 11:27:35,nav2,12.64%,223.4MiB / 30.66GiB,0.71%,0B / 0B,128MB / 1.19MB,92
2026-07-30 11:27:35,glim,85.39%,501.9MiB / 30.66GiB,1.60%,0B / 0B,149MB / 11.7MB,37
2026-07-30 11:27:38,foxglove,13.07%,623.8MiB / 30.66GiB,1.99%,0B / 0B,203MB / 3.51MB,28
2026-07-30 11:27:38,docker-recorder-run-de836728b142,0.00%,22.88MiB / 30.66GiB,0.07%,0B / 0B,42.7MB / 9.68MB,1
2026-07-30 11:27:38,openzen,4.01%,87.71MiB / 30.66GiB,0.28%,0B / 0B,81.6MB / 2.17MB,20
2026-07-30 11:27:38,ouster,12.64%,247.4MiB / 30.66GiB,0.79%,0B / 0B,184MB / 2.93MB,30
2026-07-30 11:27:38,scovox,87.72%,263.6MiB / 30.66GiB,0.84%,0B / 0B,78.3MB / 4.3MB,53
2026-07-30 11:27:38,mapir-ffmpeg,29.01%,336.3MiB / 30.66GiB,1.07%,0B / 0B,200MB / 1.4MB,33
2026-07-30 11:27:38,trav_ros2,111.10%,484.6MiB / 30.66GiB,1.54%,0B / 0B,125MB / 1.81MB,44
2026-07-30 11:27:38,realsense,18.59%,176MiB / 30.66GiB,0.56%,0B / 0B,107MB / 3.34MB,33
2026-07-30 11:27:38,nav2,13.40%,224.3MiB / 30.66GiB,0.71%,0B / 0B,128MB / 1.19MB,92
2026-07-30 11:27:38,glim,82.24%,502.3MiB / 30.66GiB,1.60%,0B / 0B,149MB / 11.7MB,37
2026-07-30 11:27:41,foxglove,10.64%,624.2MiB / 30.66GiB,1.99%,0B / 0B,203MB / 3.51MB,28
2026-07-30 11:27:41,docker-recorder-run-de836728b142,0.00%,22.88MiB / 30.66GiB,0.07%,0B / 0B,42.7MB / 9.68MB,1
2026-07-30 11:27:41,openzen,4.22%,87.48MiB / 30.66GiB,0.28%,0B / 0B,81.6MB / 2.17MB,20
2026-07-30 11:27:41,ouster,10.78%,246.1MiB / 30.66GiB,0.78%,0B / 0B,184MB / 2.93MB,30
2026-07-30 11:27:41,scovox,76.59%,340.3MiB / 30.66GiB,1.08%,0B / 0B,78.3MB / 4.3MB,53
2026-07-30 11:27:41,mapir-ffmpeg,28.68%,335.6MiB / 30.66GiB,1.07%,0B / 0B,200MB / 1.4MB,33
2026-07-30 11:27:41,trav_ros2,111.69%,485MiB / 30.66GiB,1.54%,0B / 0B,125MB / 1.81MB,44
2026-07-30 11:27:41,realsense,18.25%,175.8MiB / 30.66GiB,0.56%,0B / 0B,107MB / 3.34MB,33
2026-07-30 11:27:41,nav2,13.22%,223.6MiB / 30.66GiB,0.71%,0B / 0B,128MB / 1.19MB,92
2026-07-30 11:27:41,glim,72.54%,501.7MiB / 30.66GiB,1.60%,0B / 0B,149MB / 11.7MB,37
2026-07-30 11:27:44,foxglove,12.60%,624.8MiB / 30.66GiB,1.99%,0B / 0B,203MB / 3.51MB,28
2026-07-30 11:27:44,docker-recorder-run-de836728b142,0.00%,22.88MiB / 30.66GiB,0.07%,0B / 0B,42.7MB / 9.68MB,1
2026-07-30 11:27:44,openzen,3.95%,88.24MiB / 30.66GiB,0.28%,0B / 0B,81.6MB / 2.17MB,20
2026-07-30 11:27:44,ouster,10.20%,247.2MiB / 30.66GiB,0.79%,0B / 0B,184MB / 2.93MB,30
2026-07-30 11:27:44,scovox,87.78%,277.2MiB / 30.66GiB,0.88%,0B / 0B,78.3MB / 4.3MB,53
2026-07-30 11:27:44,mapir-ffmpeg,27.96%,336.1MiB / 30.66GiB,1.07%,0B / 0B,200MB / 1.4MB,33
2026-07-30 11:27:44,trav_ros2,114.40%,479.8MiB / 30.66GiB,1.53%,0B / 0B,125MB / 1.81MB,44
2026-07-30 11:27:44,realsense,19.28%,177.1MiB / 30.66GiB,0.56%,0B / 0B,107MB / 3.34MB,33
2026-07-30 11:27:44,nav2,14.25%,224.2MiB / 30.66GiB,0.71%,0B / 0B,128MB / 1.19MB,92
2026-07-30 11:27:44,glim,75.04%,502.5MiB / 30.66GiB,1.60%,0B / 0B,149MB / 11.7MB,37
2026-07-30 11:27:47,foxglove,12.74%,624.4MiB / 30.66GiB,1.99%,0B / 0B,203MB / 3.51MB,28
2026-07-30 11:27:47,docker-recorder-run-de836728b142,0.00%,22.88MiB / 30.66GiB,0.07%,0B / 0B,42.7MB / 9.68MB,1
2026-07-30 11:27:47,openzen,3.85%,87.52MiB / 30.66GiB,0.28%,0B / 0B,81.6MB / 2.17MB,20
2026-07-30 11:27:47,ouster,10.46%,246.8MiB / 30.66GiB,0.79%,0B / 0B,184MB / 2.93MB,30
2026-07-30 11:27:47,scovox,73.06%,345.4MiB / 30.66GiB,1.10%,0B / 0B,78.3MB / 4.3MB,53
2026-07-30 11:27:47,mapir-ffmpeg,38.48%,336.1MiB / 30.66GiB,1.07%,0B / 0B,200MB / 1.4MB,33
2026-07-30 11:27:47,trav_ros2,112.61%,486MiB / 30.66GiB,1.55%,0B / 0B,125MB / 1.81MB,44
2026-07-30 11:27:47,realsense,38.57%,176.3MiB / 30.66GiB,0.56%,0B / 0B,107MB / 3.34MB,33
2026-07-30 11:27:47,nav2,12.67%,223.4MiB / 30.66GiB,0.71%,0B / 0B,128MB / 1.19MB,92
2026-07-30 11:27:47,glim,63.69%,503.5MiB / 30.66GiB,1.60%,0B / 0B,149MB / 11.7MB,37
2026-07-30 11:27:50,foxglove,11.22%,624.2MiB / 30.66GiB,1.99%,0B / 0B,203MB / 3.51MB,28
2026-07-30 11:27:50,docker-recorder-run-de836728b142,0.00%,22.88MiB / 30.66GiB,0.07%,0B / 0B,42.7MB / 9.68MB,1
2026-07-30 11:27:50,openzen,3.70%,87.53MiB / 30.66GiB,0.28%,0B / 0B,81.6MB / 2.17MB,20
2026-07-30 11:27:50,ouster,7.55%,246.6MiB / 30.66GiB,0.79%,0B / 0B,184MB / 2.93MB,30
2026-07-30 11:27:50,scovox,94.51%,299.1MiB / 30.66GiB,0.95%,0B / 0B,78.3MB / 4.3MB,53
2026-07-30 11:27:50,mapir-ffmpeg,39.94%,335.6MiB / 30.66GiB,1.07%,0B / 0B,200MB / 1.4MB,33
2026-07-30 11:27:50,trav_ros2,109.81%,484.2MiB / 30.66GiB,1.54%,0B / 0B,125MB / 1.81MB,44
2026-07-30 11:27:50,realsense,18.33%,176.1MiB / 30.66GiB,0.56%,0B / 0B,107MB / 3.34MB,33
2026-07-30 11:27:50,nav2,12.56%,223.9MiB / 30.66GiB,0.71%,0B / 0B,128MB / 1.19MB,92
2026-07-30 11:27:50,glim,80.30%,503MiB / 30.66GiB,1.60%,0B / 0B,149MB / 11.7MB,37
2026-07-30 11:27:53,foxglove,13.29%,595.8MiB / 30.66GiB,1.90%,0B / 0B,203MB / 3.51MB,28
2026-07-30 11:27:53,docker-recorder-run-de836728b142,0.00%,22.88MiB / 30.66GiB,0.07%,0B / 0B,42.7MB / 9.68MB,1
2026-07-30 11:27:53,openzen,3.97%,87.8MiB / 30.66GiB,0.28%,0B / 0B,81.6MB / 2.17MB,20
2026-07-30 11:27:53,ouster,8.60%,246.9MiB / 30.66GiB,0.79%,0B / 0B,184MB / 2.93MB,30
2026-07-30 11:27:53,scovox,69.69%,347.9MiB / 30.66GiB,1.11%,0B / 0B,78.3MB / 4.3MB,53
2026-07-30 11:27:53,mapir-ffmpeg,29.50%,335.9MiB / 30.66GiB,1.07%,0B / 0B,200MB / 1.4MB,33
2026-07-30 11:27:53,trav_ros2,115.12%,479.9MiB / 30.66GiB,1.53%,0B / 0B,125MB / 1.81MB,44
2026-07-30 11:27:53,realsense,38.98%,176.1MiB / 30.66GiB,0.56%,0B / 0B,107MB / 3.34MB,33
2026-07-30 11:27:53,nav2,14.39%,224.3MiB / 30.66GiB,0.71%,0B / 0B,128MB / 1.19MB,92
2026-07-30 11:27:53,glim,81.69%,503.9MiB / 30.66GiB,1.60%,0B / 0B,149MB / 11.7MB,37
2026-07-30 11:27:57,foxglove,11.65%,623.7MiB / 30.66GiB,1.99%,0B / 0B,203MB / 3.51MB,28
2026-07-30 11:27:57,docker-recorder-run-de836728b142,0.00%,22.88MiB / 30.66GiB,0.07%,0B / 0B,42.7MB / 9.68MB,1
2026-07-30 11:27:57,openzen,4.88%,87.82MiB / 30.66GiB,0.28%,0B / 0B,81.6MB / 2.17MB,20
2026-07-30 11:27:57,ouster,7.99%,247.1MiB / 30.66GiB,0.79%,0B / 0B,184MB / 2.93MB,30
2026-07-30 11:27:57,scovox,95.48%,302.7MiB / 30.66GiB,0.96%,0B / 0B,78.3MB / 4.3MB,53
2026-07-30 11:27:57,mapir-ffmpeg,29.78%,335.9MiB / 30.66GiB,1.07%,0B / 0B,200MB / 1.4MB,33
2026-07-30 11:27:57,trav_ros2,114.11%,483.1MiB / 30.66GiB,1.54%,0B / 0B,125MB / 1.81MB,44
2026-07-30 11:27:57,realsense,20.00%,176.2MiB / 30.66GiB,0.56%,0B / 0B,107MB / 3.34MB,33
2026-07-30 11:27:57,nav2,13.31%,224.9MiB / 30.66GiB,0.72%,0B / 0B,128MB / 1.19MB,92
2026-07-30 11:27:57,glim,71.87%,503.7MiB / 30.66GiB,1.60%,0B / 0B,149MB / 11.7MB,37
2026-07-30 11:28:00,foxglove,12.20%,595.8MiB / 30.66GiB,1.90%,0B / 0B,203MB / 3.51MB,28
2026-07-30 11:28:00,docker-recorder-run-de836728b142,0.00%,22.88MiB / 30.66GiB,0.07%,0B / 0B,42.7MB / 9.68MB,1
2026-07-30 11:28:00,openzen,4.17%,87.83MiB / 30.66GiB,0.28%,0B / 0B,81.6MB / 2.17MB,20
2026-07-30 11:28:00,ouster,7.71%,247.1MiB / 30.66GiB,0.79%,0B / 0B,184MB / 2.93MB,30
2026-07-30 11:28:00,scovox,67.87%,353.3MiB / 30.66GiB,1.13%,0B / 0B,78.3MB / 4.3MB,53
2026-07-30 11:28:00,mapir-ffmpeg,29.84%,335.9MiB / 30.66GiB,1.07%,0B / 0B,200MB / 1.4MB,33
2026-07-30 11:28:00,trav_ros2,112.13%,489.5MiB / 30.66GiB,1.56%,0B / 0B,125MB / 1.81MB,44
2026-07-30 11:28:00,realsense,20.86%,175.9MiB / 30.66GiB,0.56%,0B / 0B,107MB / 3.34MB,33
2026-07-30 11:28:00,nav2,13.36%,224.9MiB / 30.66GiB,0.72%,0B / 0B,128MB / 1.19MB,92
2026-07-30 11:28:00,glim,70.03%,504MiB / 30.66GiB,1.61%,0B / 0B,149MB / 11.7MB,37
2026-07-30 11:28:03,foxglove,12.27%,624.7MiB / 30.66GiB,1.99%,0B / 0B,203MB / 3.51MB,28
2026-07-30 11:28:03,docker-recorder-run-de836728b142,0.00%,22.88MiB / 30.66GiB,0.07%,0B / 0B,42.7MB / 9.68MB,1
2026-07-30 11:28:03,openzen,3.74%,88.36MiB / 30.66GiB,0.28%,0B / 0B,81.6MB / 2.17MB,20
2026-07-30 11:28:03,ouster,14.57%,246.6MiB / 30.66GiB,0.79%,0B / 0B,184MB / 2.93MB,30
2026-07-30 11:28:03,scovox,97.01%,331.5MiB / 30.66GiB,1.06%,0B / 0B,78.3MB / 4.39MB,53
2026-07-30 11:28:03,mapir-ffmpeg,34.84%,336.5MiB / 30.66GiB,1.07%,0B / 0B,200MB / 1.4MB,33
2026-07-30 11:28:03,trav_ros2,118.72%,485.7MiB / 30.66GiB,1.55%,0B / 0B,125MB / 1.81MB,44
2026-07-30 11:28:03,realsense,26.61%,176.2MiB / 30.66GiB,0.56%,0B / 0B,107MB / 3.34MB,33
2026-07-30 11:28:03,nav2,13.61%,223.6MiB / 30.66GiB,0.71%,0B / 0B,128MB / 1.19MB,92
2026-07-30 11:28:03,glim,65.75%,504.2MiB / 30.66GiB,1.61%,0B / 0B,149MB / 11.7MB,37
2026-07-30 11:28:06,foxglove,13.37%,624.3MiB / 30.66GiB,1.99%,0B / 0B,203MB / 3.51MB,28
2026-07-30 11:28:06,docker-recorder-run-de836728b142,0.00%,22.88MiB / 30.66GiB,0.07%,0B / 0B,42.7MB / 9.68MB,1
2026-07-30 11:28:06,openzen,3.67%,87.88MiB / 30.66GiB,0.28%,0B / 0B,81.6MB / 2.17MB,20
2026-07-30 11:28:06,ouster,13.10%,247.6MiB / 30.66GiB,0.79%,0B / 0B,184MB / 2.93MB,30
2026-07-30 11:28:06,scovox,75.20%,355.5MiB / 30.66GiB,1.13%,0B / 0B,78.3MB / 4.39MB,53
2026-07-30 11:28:06,mapir-ffmpeg,29.04%,336MiB / 30.66GiB,1.07%,0B / 0B,200MB / 1.41MB,33
2026-07-30 11:28:06,trav_ros2,122.27%,486.2MiB / 30.66GiB,1.55%,0B / 0B,125MB / 1.83MB,44
2026-07-30 11:28:06,realsense,24.62%,176.2MiB / 30.66GiB,0.56%,0B / 0B,107MB / 3.34MB,33
2026-07-30 11:28:06,nav2,13.01%,224MiB / 30.66GiB,0.71%,0B / 0B,128MB / 1.19MB,92
2026-07-30 11:28:06,glim,64.82%,504.9MiB / 30.66GiB,1.61%,0B / 0B,149MB / 11.7MB,37
2026-07-30 11:28:09,foxglove,14.80%,624.2MiB / 30.66GiB,1.99%,0B / 0B,203MB / 3.51MB,28
2026-07-30 11:28:09,docker-recorder-run-de836728b142,0.00%,22.88MiB / 30.66GiB,0.07%,0B / 0B,42.7MB / 9.68MB,1
2026-07-30 11:28:09,openzen,4.38%,88.14MiB / 30.66GiB,0.28%,0B / 0B,81.6MB / 2.17MB,20
2026-07-30 11:28:09,ouster,10.66%,247MiB / 30.66GiB,0.79%,0B / 0B,184MB / 2.93MB,30
2026-07-30 11:28:09,scovox,88.30%,334.4MiB / 30.66GiB,1.07%,0B / 0B,78.3MB / 4.4MB,53
2026-07-30 11:28:09,mapir-ffmpeg,31.62%,336.3MiB / 30.66GiB,1.07%,0B / 0B,200MB / 1.41MB,33
2026-07-30 11:28:09,trav_ros2,113.98%,479.5MiB / 30.66GiB,1.53%,0B / 0B,125MB / 1.83MB,44
2026-07-30 11:28:09,realsense,22.00%,177MiB / 30.66GiB,0.56%,0B / 0B,107MB / 3.34MB,33
2026-07-30 11:28:09,nav2,13.64%,224.8MiB / 30.66GiB,0.72%,0B / 0B,128MB / 1.19MB,92
2026-07-30 11:28:09,glim,73.66%,504.5MiB / 30.66GiB,1.61%,0B / 0B,149MB / 11.7MB,37
2026-07-30 11:28:12,foxglove,20.00%,624.5MiB / 30.66GiB,1.99%,0B / 0B,203MB / 3.51MB,28
2026-07-30 11:28:12,docker-recorder-run-de836728b142,0.00%,22.88MiB / 30.66GiB,0.07%,0B / 0B,42.7MB / 9.68MB,1
2026-07-30 11:28:12,openzen,4.34%,88.91MiB / 30.66GiB,0.28%,0B / 0B,81.6MB / 2.17MB,20
2026-07-30 11:28:12,ouster,7.94%,247.7MiB / 30.66GiB,0.79%,0B / 0B,184MB / 2.93MB,30
2026-07-30 11:28:12,scovox,80.56%,356.2MiB / 30.66GiB,1.13%,0B / 0B,78.3MB / 4.4MB,53
2026-07-30 11:28:12,mapir-ffmpeg,30.94%,336.3MiB / 30.66GiB,1.07%,0B / 0B,200MB / 1.41MB,33
2026-07-30 11:28:12,trav_ros2,114.85%,486.6MiB / 30.66GiB,1.55%,0B / 0B,125MB / 1.83MB,44
2026-07-30 11:28:12,realsense,18.02%,176MiB / 30.66GiB,0.56%,0B / 0B,107MB / 3.34MB,33
2026-07-30 11:28:12,nav2,14.28%,224.2MiB / 30.66GiB,0.71%,0B / 0B,128MB / 1.19MB,92
2026-07-30 11:28:12,glim,81.60%,505.7MiB / 30.66GiB,1.61%,0B / 0B,149MB / 11.7MB,37
2026-07-30 11:28:15,foxglove,12.59%,624.8MiB / 30.66GiB,1.99%,0B / 0B,203MB / 3.51MB,28
2026-07-30 11:28:15,docker-recorder-run-de836728b142,0.00%,22.88MiB / 30.66GiB,0.07%,0B / 0B,42.7MB / 9.68MB,1
2026-07-30 11:28:15,openzen,4.44%,87.93MiB / 30.66GiB,0.28%,0B / 0B,81.6MB / 2.17MB,20
2026-07-30 11:28:15,ouster,7.60%,247.7MiB / 30.66GiB,0.79%,0B / 0B,184MB / 2.93MB,30
2026-07-30 11:28:15,scovox,80.17%,339.1MiB / 30.66GiB,1.08%,0B / 0B,78.3MB / 4.4MB,53
2026-07-30 11:28:15,mapir-ffmpeg,29.58%,336MiB / 30.66GiB,1.07%,0B / 0B,200MB / 1.41MB,33
2026-07-30 11:28:15,trav_ros2,112.78%,486.5MiB / 30.66GiB,1.55%,0B / 0B,125MB / 1.83MB,44
2026-07-30 11:28:15,realsense,39.92%,176.3MiB / 30.66GiB,0.56%,0B / 0B,107MB / 3.34MB,33
2026-07-30 11:28:15,nav2,14.07%,223.9MiB / 30.66GiB,0.71%,0B / 0B,128MB / 1.19MB,92
2026-07-30 11:28:15,glim,64.04%,506.2MiB / 30.66GiB,1.61%,0B / 0B,149MB / 11.7MB,37
2026-07-30 11:28:18,foxglove,23.82%,625MiB / 30.66GiB,1.99%,0B / 0B,203MB / 3.51MB,28
2026-07-30 11:28:18,docker-recorder-run-de836728b142,0.00%,22.88MiB / 30.66GiB,0.07%,0B / 0B,42.7MB / 9.68MB,1
2026-07-30 11:28:18,openzen,4.32%,88.45MiB / 30.66GiB,0.28%,0B / 0B,81.6MB / 2.17MB,20
2026-07-30 11:28:18,ouster,7.50%,247.1MiB / 30.66GiB,0.79%,0B / 0B,184MB / 2.93MB,30
2026-07-30 11:28:18,scovox,84.95%,269.9MiB / 30.66GiB,0.86%,0B / 0B,78.3MB / 4.4MB,53
2026-07-30 11:28:18,mapir-ffmpeg,43.71%,336.6MiB / 30.66GiB,1.07%,0B / 0B,200MB / 1.41MB,33
2026-07-30 11:28:18,trav_ros2,111.72%,486.9MiB / 30.66GiB,1.55%,0B / 0B,125MB / 1.83MB,44
2026-07-30 11:28:18,realsense,19.81%,176.5MiB / 30.66GiB,0.56%,0B / 0B,107MB / 3.34MB,33
2026-07-30 11:28:18,nav2,13.26%,224.8MiB / 30.66GiB,0.72%,0B / 0B,128MB / 1.19MB,92
2026-07-30 11:28:18,glim,72.82%,506.2MiB / 30.66GiB,1.61%,0B / 0B,149MB / 11.7MB,37
2026-07-30 11:28:21,foxglove,10.64%,624.7MiB / 30.66GiB,1.99%,0B / 0B,203MB / 3.51MB,28
2026-07-30 11:28:21,docker-recorder-run-de836728b142,0.00%,22.88MiB / 30.66GiB,0.07%,0B / 0B,42.7MB / 9.68MB,1
2026-07-30 11:28:21,openzen,3.88%,87.97MiB / 30.66GiB,0.28%,0B / 0B,81.6MB / 2.17MB,20
2026-07-30 11:28:21,ouster,17.88%,247.5MiB / 30.66GiB,0.79%,0B / 0B,184MB / 2.93MB,30
2026-07-30 11:28:21,scovox,82.44%,341.3MiB / 30.66GiB,1.09%,0B / 0B,78.3MB / 4.4MB,53
2026-07-30 11:28:21,mapir-ffmpeg,28.67%,336.1MiB / 30.66GiB,1.07%,0B / 0B,200MB / 1.41MB,33
2026-07-30 11:28:21,trav_ros2,116.01%,482MiB / 30.66GiB,1.54%,0B / 0B,125MB / 1.83MB,44
2026-07-30 11:28:21,realsense,38.41%,176.6MiB / 30.66GiB,0.56%,0B / 0B,107MB / 3.34MB,33
2026-07-30 11:28:21,nav2,12.81%,224.5MiB / 30.66GiB,0.71%,0B / 0B,128MB / 1.19MB,92
2026-07-30 11:28:21,glim,73.65%,506.3MiB / 30.66GiB,1.61%,0B / 0B,149MB / 11.7MB,37
2026-07-30 11:28:24,foxglove,13.40%,624.6MiB / 30.66GiB,1.99%,0B / 0B,203MB / 3.51MB,28
2026-07-30 11:28:24,docker-recorder-run-de836728b142,0.00%,22.88MiB / 30.66GiB,0.07%,0B / 0B,42.7MB / 9.68MB,1
2026-07-30 11:28:24,openzen,4.61%,88.47MiB / 30.66GiB,0.28%,0B / 0B,81.6MB / 2.17MB,20
2026-07-30 11:28:24,ouster,11.48%,246.9MiB / 30.66GiB,0.79%,0B / 0B,184MB / 2.93MB,30
2026-07-30 11:28:24,scovox,89.72%,279.1MiB / 30.66GiB,0.89%,0B / 0B,78.3MB / 4.4MB,53
2026-07-30 11:28:24,mapir-ffmpeg,33.65%,336.6MiB / 30.66GiB,1.07%,0B / 0B,200MB / 1.41MB,33
2026-07-30 11:28:24,trav_ros2,121.11%,485.7MiB / 30.66GiB,1.55%,0B / 0B,125MB / 1.83MB,44
2026-07-30 11:28:24,realsense,19.56%,176.8MiB / 30.66GiB,0.56%,0B / 0B,107MB / 3.34MB,33
2026-07-30 11:28:24,nav2,14.03%,225.7MiB / 30.66GiB,0.72%,0B / 0B,128MB / 1.19MB,92
2026-07-30 11:28:24,glim,75.50%,505.9MiB / 30.66GiB,1.61%,0B / 0B,149MB / 11.7MB,37
2026-07-30 11:28:27,foxglove,11.71%,624.5MiB / 30.66GiB,1.99%,0B / 0B,203MB / 3.51MB,28
2026-07-30 11:28:27,docker-recorder-run-de836728b142,0.00%,22.88MiB / 30.66GiB,0.07%,0B / 0B,42.7MB / 9.68MB,1
2026-07-30 11:28:27,openzen,4.30%,88.75MiB / 30.66GiB,0.28%,0B / 0B,81.6MB / 2.17MB,20
2026-07-30 11:28:27,ouster,10.71%,247.1MiB / 30.66GiB,0.79%,0B / 0B,184MB / 2.93MB,30
2026-07-30 11:28:27,scovox,77.79%,343.9MiB / 30.66GiB,1.10%,0B / 0B,78.3MB / 4.4MB,53
2026-07-30 11:28:27,mapir-ffmpeg,40.72%,336.6MiB / 30.66GiB,1.07%,0B / 0B,200MB / 1.41MB,33
2026-07-30 11:28:27,trav_ros2,113.30%,490.1MiB / 30.66GiB,1.56%,0B / 0B,125MB / 1.83MB,44
2026-07-30 11:28:27,realsense,18.07%,176.6MiB / 30.66GiB,0.56%,0B / 0B,107MB / 3.34MB,33
2026-07-30 11:28:27,nav2,13.51%,224.9MiB / 30.66GiB,0.72%,0B / 0B,128MB / 1.19MB,92
2026-07-30 11:28:27,glim,68.42%,506.7MiB / 30.66GiB,1.61%,0B / 0B,149MB / 11.7MB,37
2026-07-30 11:28:30,foxglove,11.33%,624.6MiB / 30.66GiB,1.99%,0B / 0B,203MB / 3.51MB,28
2026-07-30 11:28:30,docker-recorder-run-de836728b142,0.00%,22.88MiB / 30.66GiB,0.07%,0B / 0B,42.7MB / 9.68MB,1
2026-07-30 11:28:30,openzen,3.92%,88.02MiB / 30.66GiB,0.28%,0B / 0B,81.6MB / 2.17MB,20
2026-07-30 11:28:30,ouster,10.48%,247.2MiB / 30.66GiB,0.79%,0B / 0B,184MB / 2.93MB,30
2026-07-30 11:28:30,scovox,91.97%,294.6MiB / 30.66GiB,0.94%,0B / 0B,78.3MB / 4.4MB,53
2026-07-30 11:28:30,mapir-ffmpeg,29.06%,336.1MiB / 30.66GiB,1.07%,0B / 0B,200MB / 1.41MB,33
2026-07-30 11:28:30,trav_ros2,113.53%,482.6MiB / 30.66GiB,1.54%,0B / 0B,125MB / 1.83MB,44
2026-07-30 11:28:30,realsense,36.18%,176.4MiB / 30.66GiB,0.56%,0B / 0B,107MB / 3.34MB,33
2026-07-30 11:28:30,nav2,12.42%,224.9MiB / 30.66GiB,0.72%,0B / 0B,128MB / 1.19MB,92
2026-07-30 11:28:30,glim,75.96%,495.4MiB / 30.66GiB,1.58%,0B / 0B,149MB / 11.7MB,37
2026-07-30 11:28:33,foxglove,15.32%,595.8MiB / 30.66GiB,1.90%,0B / 0B,203MB / 3.51MB,28
2026-07-30 11:28:33,docker-recorder-run-de836728b142,0.00%,22.88MiB / 30.66GiB,0.07%,0B / 0B,42.7MB / 9.68MB,1
2026-07-30 11:28:33,openzen,4.22%,88.29MiB / 30.66GiB,0.28%,0B / 0B,81.6MB / 2.17MB,20
2026-07-30 11:28:33,ouster,10.50%,247.4MiB / 30.66GiB,0.79%,0B / 0B,184MB / 2.93MB,30
2026-07-30 11:28:33,scovox,67.40%,349MiB / 30.66GiB,1.11%,0B / 0B,78.3MB / 4.4MB,53
2026-07-30 11:28:33,mapir-ffmpeg,28.64%,336.4MiB / 30.66GiB,1.07%,0B / 0B,200MB / 1.41MB,33
2026-07-30 11:28:33,trav_ros2,113.62%,487.3MiB / 30.66GiB,1.55%,0B / 0B,125MB / 1.83MB,44
2026-07-30 11:28:33,realsense,35.49%,176.6MiB / 30.66GiB,0.56%,0B / 0B,107MB / 3.34MB,33
2026-07-30 11:28:33,nav2,12.74%,225.5MiB / 30.66GiB,0.72%,0B / 0B,128MB / 1.19MB,92
2026-07-30 11:28:33,glim,70.52%,496.3MiB / 30.66GiB,1.58%,0B / 0B,149MB / 11.7MB,37
2026-07-30 11:28:36,foxglove,12.97%,624.1MiB / 30.66GiB,1.99%,0B / 0B,203MB / 3.51MB,28
2026-07-30 11:28:36,docker-recorder-run-de836728b142,0.00%,22.88MiB / 30.66GiB,0.07%,0B / 0B,42.7MB / 9.68MB,1
2026-07-30 11:28:36,openzen,3.87%,88.07MiB / 30.66GiB,0.28%,0B / 0B,81.6MB / 2.17MB,20
2026-07-30 11:28:36,ouster,10.91%,247.2MiB / 30.66GiB,0.79%,0B / 0B,184MB / 2.93MB,30
2026-07-30 11:28:36,scovox,93.60%,303.5MiB / 30.66GiB,0.97%,0B / 0B,78.3MB / 4.4MB,53
2026-07-30 11:28:36,mapir-ffmpeg,29.62%,336.2MiB / 30.66GiB,1.07%,0B / 0B,200MB / 1.41MB,33
2026-07-30 11:28:36,trav_ros2,112.95%,486.4MiB / 30.66GiB,1.55%,0B / 0B,125MB / 1.86MB,44
2026-07-30 11:28:36,realsense,29.72%,176.2MiB / 30.66GiB,0.56%,0B / 0B,107MB / 3.34MB,33
2026-07-30 11:28:36,nav2,13.80%,225.4MiB / 30.66GiB,0.72%,0B / 0B,128MB / 1.19MB,92
2026-07-30 11:28:36,glim,74.51%,495.8MiB / 30.66GiB,1.58%,0B / 0B,149MB / 11.7MB,37
2026-07-30 11:28:40,foxglove,11.89%,596.5MiB / 30.66GiB,1.90%,0B / 0B,203MB / 3.51MB,28
2026-07-30 11:28:40,docker-recorder-run-de836728b142,0.00%,22.88MiB / 30.66GiB,0.07%,0B / 0B,42.7MB / 9.68MB,1
2026-07-30 11:28:40,openzen,4.21%,88.07MiB / 30.66GiB,0.28%,0B / 0B,81.6MB / 2.17MB,20
2026-07-30 11:28:40,ouster,9.96%,247.4MiB / 30.66GiB,0.79%,0B / 0B,184MB / 2.93MB,30
2026-07-30 11:28:40,scovox,67.43%,352.7MiB / 30.66GiB,1.12%,0B / 0B,78.3MB / 4.5MB,53
2026-07-30 11:28:40,mapir-ffmpeg,29.15%,336.2MiB / 30.66GiB,1.07%,0B / 0B,200MB / 1.43MB,33
2026-07-30 11:28:40,trav_ros2,118.25%,490.6MiB / 30.66GiB,1.56%,0B / 0B,125MB / 1.86MB,44
2026-07-30 11:28:40,realsense,31.41%,176.9MiB / 30.66GiB,0.56%,0B / 0B,107MB / 3.34MB,33
2026-07-30 11:28:40,nav2,12.67%,225.2MiB / 30.66GiB,0.72%,0B / 0B,128MB / 1.19MB,92
2026-07-30 11:28:40,glim,73.53%,495.8MiB / 30.66GiB,1.58%,0B / 0B,149MB / 11.7MB,37
2026-07-30 11:28:43,foxglove,16.45%,624.5MiB / 30.66GiB,1.99%,0B / 0B,203MB / 3.51MB,28
2026-07-30 11:28:43,docker-recorder-run-de836728b142,0.00%,22.88MiB / 30.66GiB,0.07%,0B / 0B,42.7MB / 9.68MB,1
2026-07-30 11:28:43,openzen,4.04%,88.6MiB / 30.66GiB,0.28%,0B / 0B,81.6MB / 2.17MB,20
2026-07-30 11:28:43,ouster,7.70%,247.5MiB / 30.66GiB,0.79%,0B / 0B,184MB / 2.93MB,30
2026-07-30 11:28:43,scovox,98.35%,306MiB / 30.66GiB,0.97%,0B / 0B,78.3MB / 4.51MB,53
2026-07-30 11:28:43,mapir-ffmpeg,29.48%,336.2MiB / 30.66GiB,1.07%,0B / 0B,200MB / 1.43MB,33
2026-07-30 11:28:43,trav_ros2,113.36%,495.7MiB / 30.66GiB,1.58%,0B / 0B,125MB / 1.86MB,44
2026-07-30 11:28:43,realsense,19.29%,176.7MiB / 30.66GiB,0.56%,0B / 0B,107MB / 3.34MB,33
2026-07-30 11:28:43,nav2,13.90%,226.3MiB / 30.66GiB,0.72%,0B / 0B,128MB / 1.19MB,92
2026-07-30 11:28:43,glim,82.24%,496.3MiB / 30.66GiB,1.58%,0B / 0B,149MB / 11.7MB,37
2026-07-30 11:28:46,foxglove,11.03%,596.5MiB / 30.66GiB,1.90%,0B / 0B,203MB / 3.51MB,28
2026-07-30 11:28:46,docker-recorder-run-de836728b142,0.00%,22.88MiB / 30.66GiB,0.07%,0B / 0B,42.7MB / 9.68MB,1
2026-07-30 11:28:46,openzen,4.18%,88.12MiB / 30.66GiB,0.28%,0B / 0B,81.6MB / 2.17MB,20
2026-07-30 11:28:46,ouster,7.87%,247.3MiB / 30.66GiB,0.79%,0B / 0B,184MB / 2.93MB,30
2026-07-30 11:28:46,scovox,67.66%,388.9MiB / 30.66GiB,1.24%,0B / 0B,78.3MB / 4.51MB,53
2026-07-30 11:28:46,mapir-ffmpeg,29.06%,336.2MiB / 30.66GiB,1.07%,0B / 0B,200MB / 1.43MB,33
2026-07-30 11:28:46,trav_ros2,110.23%,487MiB / 30.66GiB,1.55%,0B / 0B,125MB / 1.86MB,44
2026-07-30 11:28:46,realsense,28.60%,176.5MiB / 30.66GiB,0.56%,0B / 0B,107MB / 3.34MB,33
2026-07-30 11:28:46,nav2,12.54%,226.2MiB / 30.66GiB,0.72%,0B / 0B,128MB / 1.19MB,92
2026-07-30 11:28:46,glim,79.36%,496.5MiB / 30.66GiB,1.58%,0B / 0B,149MB / 11.7MB,37
2026-07-30 11:28:49,foxglove,19.36%,624.8MiB / 30.66GiB,1.99%,0B / 0B,203MB / 3.51MB,28
2026-07-30 11:28:49,docker-recorder-run-de836728b142,0.00%,22.88MiB / 30.66GiB,0.07%,0B / 0B,42.7MB / 9.68MB,1
2026-07-30 11:28:49,openzen,4.36%,88.63MiB / 30.66GiB,0.28%,0B / 0B,81.6MB / 2.17MB,20
2026-07-30 11:28:49,ouster,8.81%,248.1MiB / 30.66GiB,0.79%,0B / 0B,184MB / 2.93MB,30
2026-07-30 11:28:49,scovox,97.24%,333.4MiB / 30.66GiB,1.06%,0B / 0B,78.3MB / 4.51MB,53
2026-07-30 11:28:49,mapir-ffmpeg,36.40%,336.5MiB / 30.66GiB,1.07%,0B / 0B,200MB / 1.43MB,33
2026-07-30 11:28:49,trav_ros2,114.24%,486.9MiB / 30.66GiB,1.55%,0B / 0B,125MB / 1.86MB,44
2026-07-30 11:28:49,realsense,19.33%,177MiB / 30.66GiB,0.56%,0B / 0B,107MB / 3.34MB,33
2026-07-30 11:28:49,nav2,14.60%,225.8MiB / 30.66GiB,0.72%,0B / 0B,128MB / 1.19MB,92
2026-07-30 11:28:49,glim,82.17%,506.2MiB / 30.66GiB,1.61%,0B / 0B,149MB / 11.7MB,37
2026-07-30 11:28:52,foxglove,16.40%,624.8MiB / 30.66GiB,1.99%,0B / 0B,203MB / 3.51MB,28
2026-07-30 11:28:52,docker-recorder-run-de836728b142,0.00%,22.88MiB / 30.66GiB,0.07%,0B / 0B,42.7MB / 9.68MB,1
2026-07-30 11:28:52,openzen,4.40%,88.66MiB / 30.66GiB,0.28%,0B / 0B,81.6MB / 2.17MB,20
2026-07-30 11:28:52,ouster,19.24%,247.3MiB / 30.66GiB,0.79%,0B / 0B,184MB / 2.93MB,30
2026-07-30 11:28:52,scovox,74.38%,357.9MiB / 30.66GiB,1.14%,0B / 0B,78.3MB / 4.51MB,53
2026-07-30 11:28:52,mapir-ffmpeg,29.14%,336.5MiB / 30.66GiB,1.07%,0B / 0B,200MB / 1.43MB,33
2026-07-30 11:28:52,trav_ros2,111.58%,490.8MiB / 30.66GiB,1.56%,0B / 0B,125MB / 1.86MB,44
2026-07-30 11:28:52,realsense,38.74%,176.5MiB / 30.66GiB,0.56%,0B / 0B,107MB / 3.34MB,33
2026-07-30 11:28:52,nav2,12.61%,226.1MiB / 30.66GiB,0.72%,0B / 0B,128MB / 1.19MB,92
2026-07-30 11:28:52,glim,67.37%,523.4MiB / 30.66GiB,1.67%,0B / 0B,149MB / 11.7MB,37
2026-07-30 11:28:55,foxglove,21.06%,625.3MiB / 30.66GiB,1.99%,0B / 0B,203MB / 3.51MB,28
2026-07-30 11:28:55,docker-recorder-run-de836728b142,0.00%,22.88MiB / 30.66GiB,0.07%,0B / 0B,42.7MB / 9.68MB,1
2026-07-30 11:28:55,openzen,3.55%,88.17MiB / 30.66GiB,0.28%,0B / 0B,81.6MB / 2.17MB,20
2026-07-30 11:28:55,ouster,20.31%,247.2MiB / 30.66GiB,0.79%,0B / 0B,184MB / 2.93MB,30
2026-07-30 11:28:55,scovox,85.08%,337.6MiB / 30.66GiB,1.08%,0B / 0B,78.3MB / 4.51MB,53
2026-07-30 11:28:55,mapir-ffmpeg,43.45%,336.3MiB / 30.66GiB,1.07%,0B / 0B,200MB / 1.43MB,33
2026-07-30 11:28:55,trav_ros2,116.72%,487.4MiB / 30.66GiB,1.55%,0B / 0B,125MB / 1.86MB,44
2026-07-30 11:28:55,realsense,18.65%,176.5MiB / 30.66GiB,0.56%,0B / 0B,107MB / 3.34MB,33
2026-07-30 11:28:55,nav2,12.69%,225.4MiB / 30.66GiB,0.72%,0B / 0B,128MB / 1.19MB,92
2026-07-30 11:28:55,glim,71.12%,535.8MiB / 30.66GiB,1.71%,0B / 0B,149MB / 11.7MB,37
2026-07-30 11:28:58,foxglove,13.77%,625.2MiB / 30.66GiB,1.99%,0B / 0B,203MB / 3.51MB,28
2026-07-30 11:28:58,docker-recorder-run-de836728b142,0.00%,22.88MiB / 30.66GiB,0.07%,0B / 0B,42.7MB / 9.68MB,1
2026-07-30 11:28:58,openzen,4.20%,88.7MiB / 30.66GiB,0.28%,0B / 0B,81.6MB / 2.17MB,20
2026-07-30 11:28:58,ouster,9.25%,247.9MiB / 30.66GiB,0.79%,0B / 0B,184MB / 2.93MB,30
2026-07-30 11:28:58,scovox,80.44%,357.2MiB / 30.66GiB,1.14%,0B / 0B,78.3MB / 4.51MB,53
2026-07-30 11:28:58,mapir-ffmpeg,44.89%,336.6MiB / 30.66GiB,1.07%,0B / 0B,200MB / 1.43MB,33
2026-07-30 11:28:58,trav_ros2,116.69%,493.3MiB / 30.66GiB,1.57%,0B / 0B,125MB / 1.86MB,44
2026-07-30 11:28:58,realsense,28.71%,177MiB / 30.66GiB,0.56%,0B / 0B,107MB / 3.34MB,33
2026-07-30 11:28:58,nav2,13.66%,226.1MiB / 30.66GiB,0.72%,0B / 0B,128MB / 1.19MB,92
2026-07-30 11:28:58,glim,64.30%,538.3MiB / 30.66GiB,1.71%,0B / 0B,149MB / 11.7MB,37
2026-07-30 11:29:01,foxglove,11.75%,624.7MiB / 30.66GiB,1.99%,0B / 0B,203MB / 3.51MB,28
2026-07-30 11:29:01,docker-recorder-run-de836728b142,0.00%,22.88MiB / 30.66GiB,0.07%,0B / 0B,42.7MB / 9.68MB,1
2026-07-30 11:29:01,openzen,3.96%,88.22MiB / 30.66GiB,0.28%,0B / 0B,81.6MB / 2.17MB,20
2026-07-30 11:29:01,ouster,7.66%,247.6MiB / 30.66GiB,0.79%,0B / 0B,184MB / 2.93MB,30
2026-07-30 11:29:01,scovox,80.35%,340.7MiB / 30.66GiB,1.09%,0B / 0B,78.3MB / 4.51MB,53
2026-07-30 11:29:01,mapir-ffmpeg,29.05%,336.1MiB / 30.66GiB,1.07%,0B / 0B,200MB / 1.43MB,33
2026-07-30 11:29:01,trav_ros2,113.62%,487MiB / 30.66GiB,1.55%,0B / 0B,125MB / 1.86MB,44
2026-07-30 11:29:01,realsense,18.83%,176.3MiB / 30.66GiB,0.56%,0B / 0B,107MB / 3.34MB,33
2026-07-30 11:29:01,nav2,13.12%,226.2MiB / 30.66GiB,0.72%,0B / 0B,128MB / 1.19MB,92
2026-07-30 11:29:01,glim,72.01%,538MiB / 30.66GiB,1.71%,0B / 0B,149MB / 11.7MB,37
2026-07-30 11:29:04,foxglove,15.11%,624.5MiB / 30.66GiB,1.99%,0B / 0B,203MB / 3.51MB,28
2026-07-30 11:29:04,docker-recorder-run-de836728b142,0.00%,22.88MiB / 30.66GiB,0.07%,0B / 0B,42.7MB / 9.68MB,1
2026-07-30 11:29:04,openzen,4.36%,88.23MiB / 30.66GiB,0.28%,0B / 0B,81.6MB / 2.17MB,20
2026-07-30 11:29:04,ouster,7.87%,248.4MiB / 30.66GiB,0.79%,0B / 0B,184MB / 2.93MB,30
2026-07-30 11:29:04,scovox,85.52%,343.1MiB / 30.66GiB,1.09%,0B / 0B,78.3MB / 4.51MB,53
2026-07-30 11:29:04,mapir-ffmpeg,28.92%,336.1MiB / 30.66GiB,1.07%,0B / 0B,200MB / 1.43MB,33
2026-07-30 11:29:04,trav_ros2,118.58%,486.4MiB / 30.66GiB,1.55%,0B / 0B,125MB / 1.86MB,44
2026-07-30 11:29:04,realsense,18.55%,176.3MiB / 30.66GiB,0.56%,0B / 0B,107MB / 3.34MB,33
2026-07-30 11:29:04,nav2,12.98%,226.5MiB / 30.66GiB,0.72%,0B / 0B,128MB / 1.19MB,92
2026-07-30 11:29:04,glim,68.72%,538.7MiB / 30.66GiB,1.72%,0B / 0B,149MB / 11.7MB,37
2026-07-30 11:29:07,foxglove,18.34%,624.4MiB / 30.66GiB,1.99%,0B / 0B,203MB / 3.51MB,28
2026-07-30 11:29:07,docker-recorder-run-de836728b142,0.00%,22.88MiB / 30.66GiB,0.07%,0B / 0B,42.7MB / 9.68MB,1
2026-07-30 11:29:07,openzen,4.18%,88.26MiB / 30.66GiB,0.28%,0B / 0B,81.6MB / 2.17MB,20
2026-07-30 11:29:07,ouster,8.11%,247.6MiB / 30.66GiB,0.79%,0B / 0B,184MB / 2.93MB,30
2026-07-30 11:29:07,scovox,72.97%,346.1MiB / 30.66GiB,1.10%,0B / 0B,78.3MB / 4.51MB,53
2026-07-30 11:29:07,mapir-ffmpeg,42.23%,336.9MiB / 30.66GiB,1.07%,0B / 0B,200MB / 1.43MB,33
2026-07-30 11:29:07,trav_ros2,112.88%,486.5MiB / 30.66GiB,1.55%,0B / 0B,125MB / 1.88MB,44
2026-07-30 11:29:07,realsense,18.43%,176.6MiB / 30.66GiB,0.56%,0B / 0B,107MB / 3.34MB,33
2026-07-30 11:29:07,nav2,13.68%,226.4MiB / 30.66GiB,0.72%,0B / 0B,128MB / 1.19MB,92
2026-07-30 11:29:07,glim,77.50%,539.7MiB / 30.66GiB,1.72%,0B / 0B,149MB / 11.7MB,37
2026-07-30 11:29:10,foxglove,22.35%,627.1MiB / 30.66GiB,2.00%,0B / 0B,203MB / 3.51MB,28
2026-07-30 11:29:10,docker-recorder-run-de836728b142,0.00%,22.88MiB / 30.66GiB,0.07%,0B / 0B,42.7MB / 9.68MB,1
2026-07-30 11:29:10,openzen,3.75%,88.27MiB / 30.66GiB,0.28%,0B / 0B,81.6MB / 2.17MB,20
2026-07-30 11:29:10,ouster,8.02%,248MiB / 30.66GiB,0.79%,0B / 0B,184MB / 2.93MB,30
2026-07-30 11:29:10,scovox,93.98%,280.7MiB / 30.66GiB,0.89%,0B / 0B,78.3MB / 4.51MB,53
2026-07-30 11:29:10,mapir-ffmpeg,30.28%,336.4MiB / 30.66GiB,1.07%,0B / 0B,200MB / 1.43MB,33
2026-07-30 11:29:10,trav_ros2,117.12%,484.6MiB / 30.66GiB,1.54%,0B / 0B,125MB / 1.88MB,44
2026-07-30 11:29:10,realsense,40.71%,176.6MiB / 30.66GiB,0.56%,0B / 0B,107MB / 3.34MB,33
2026-07-30 11:29:10,nav2,13.95%,226.2MiB / 30.66GiB,0.72%,0B / 0B,128MB / 1.19MB,92
2026-07-30 11:29:10,glim,75.54%,533.8MiB / 30.66GiB,1.70%,0B / 0B,149MB / 11.7MB,37
2026-07-30 11:29:13,foxglove,14.79%,626.8MiB / 30.66GiB,2.00%,0B / 0B,203MB / 3.51MB,28
2026-07-30 11:29:13,docker-recorder-run-de836728b142,0.00%,22.88MiB / 30.66GiB,0.07%,0B / 0B,42.7MB / 9.68MB,1
2026-07-30 11:29:13,openzen,3.65%,88.29MiB / 30.66GiB,0.28%,0B / 0B,81.6MB / 2.17MB,20
2026-07-30 11:29:13,ouster,11.00%,248MiB / 30.66GiB,0.79%,0B / 0B,184MB / 2.93MB,30
2026-07-30 11:29:13,scovox,73.52%,347.9MiB / 30.66GiB,1.11%,0B / 0B,78.3MB / 4.6MB,53
2026-07-30 11:29:13,mapir-ffmpeg,29.05%,336.4MiB / 30.66GiB,1.07%,0B / 0B,200MB / 1.43MB,33
2026-07-30 11:29:13,trav_ros2,113.42%,477.3MiB / 30.66GiB,1.52%,0B / 0B,125MB / 1.88MB,44
2026-07-30 11:29:13,realsense,18.64%,176.6MiB / 30.66GiB,0.56%,0B / 0B,107MB / 3.34MB,33
2026-07-30 11:29:13,nav2,13.17%,226.1MiB / 30.66GiB,0.72%,0B / 0B,128MB / 1.19MB,92
2026-07-30 11:29:13,glim,65.88%,538.7MiB / 30.66GiB,1.72%,0B / 0B,149MB / 11.7MB,37
2026-07-30 11:29:16,foxglove,13.47%,624.6MiB / 30.66GiB,1.99%,0B / 0B,203MB / 3.51MB,28
2026-07-30 11:29:16,docker-recorder-run-de836728b142,0.00%,22.88MiB / 30.66GiB,0.07%,0B / 0B,42.7MB / 9.68MB,1
2026-07-30 11:29:16,openzen,3.84%,88.32MiB / 30.66GiB,0.28%,0B / 0B,81.6MB / 2.17MB,20
2026-07-30 11:29:16,ouster,10.77%,248.3MiB / 30.66GiB,0.79%,0B / 0B,184MB / 2.93MB,30
2026-07-30 11:29:16,scovox,96.83%,300MiB / 30.66GiB,0.96%,0B / 0B,78.3MB / 4.6MB,53
2026-07-30 11:29:16,mapir-ffmpeg,45.31%,336.5MiB / 30.66GiB,1.07%,0B / 0B,200MB / 1.44MB,33
2026-07-30 11:29:16,trav_ros2,114.19%,490.7MiB / 30.66GiB,1.56%,0B / 0B,125MB / 1.88MB,44
2026-07-30 11:29:16,realsense,51.80%,177.1MiB / 30.66GiB,0.56%,0B / 0B,107MB / 3.34MB,33
2026-07-30 11:29:16,nav2,12.92%,226.4MiB / 30.66GiB,0.72%,0B / 0B,128MB / 1.19MB,92
2026-07-30 11:29:16,glim,64.19%,533.7MiB / 30.66GiB,1.70%,0B / 0B,149MB / 11.7MB,37
2026-07-30 11:29:19,foxglove,16.60%,596.9MiB / 30.66GiB,1.90%,0B / 0B,203MB / 3.51MB,28
2026-07-30 11:29:19,docker-recorder-run-de836728b142,0.00%,22.88MiB / 30.66GiB,0.07%,0B / 0B,42.7MB / 9.68MB,1
2026-07-30 11:29:19,openzen,4.08%,88.32MiB / 30.66GiB,0.28%,0B / 0B,81.6MB / 2.17MB,20
2026-07-30 11:29:19,ouster,10.08%,248.1MiB / 30.66GiB,0.79%,0B / 0B,184MB / 2.93MB,30
2026-07-30 11:29:19,scovox,70.08%,350.9MiB / 30.66GiB,1.12%,0B / 0B,78.3MB / 4.61MB,53
2026-07-30 11:29:19,mapir-ffmpeg,33.09%,336.5MiB / 30.66GiB,1.07%,0B / 0B,200MB / 1.44MB,33
2026-07-30 11:29:19,trav_ros2,112.71%,487.5MiB / 30.66GiB,1.55%,0B / 0B,125MB / 1.88MB,44
2026-07-30 11:29:19,realsense,19.22%,176.6MiB / 30.66GiB,0.56%,0B / 0B,107MB / 3.34MB,33
2026-07-30 11:29:19,nav2,13.61%,225.9MiB / 30.66GiB,0.72%,0B / 0B,128MB / 1.19MB,92
2026-07-30 11:29:19,glim,67.47%,536.2MiB / 30.66GiB,1.71%,0B / 0B,149MB / 11.7MB,37
2026-07-30 11:29:22,foxglove,12.66%,596.5MiB / 30.66GiB,1.90%,0B / 0B,203MB / 3.51MB,28
2026-07-30 11:29:22,docker-recorder-run-de836728b142,0.00%,22.88MiB / 30.66GiB,0.07%,0B / 0B,42.7MB / 9.68MB,1
2026-07-30 11:29:22,openzen,3.98%,88.6MiB / 30.66GiB,0.28%,0B / 0B,81.6MB / 2.17MB,20
2026-07-30 11:29:22,ouster,7.91%,248.2MiB / 30.66GiB,0.79%,0B / 0B,184MB / 2.93MB,30
2026-07-30 11:29:22,scovox,99.49%,305.2MiB / 30.66GiB,0.97%,0B / 0B,78.3MB / 4.61MB,53
2026-07-30 11:29:22,mapir-ffmpeg,29.64%,336.5MiB / 30.66GiB,1.07%,0B / 0B,200MB / 1.44MB,33
2026-07-30 11:29:22,trav_ros2,118.07%,486.9MiB / 30.66GiB,1.55%,0B / 0B,125MB / 1.88MB,44
2026-07-30 11:29:22,realsense,43.49%,176.9MiB / 30.66GiB,0.56%,0B / 0B,107MB / 3.34MB,33
2026-07-30 11:29:22,nav2,13.72%,227.6MiB / 30.66GiB,0.72%,0B / 0B,128MB / 1.19MB,92
2026-07-30 11:29:22,glim,87.37%,536MiB / 30.66GiB,1.71%,0B / 0B,149MB / 11.7MB,37
2026-07-30 11:29:26,foxglove,11.46%,596.1MiB / 30.66GiB,1.90%,0B / 0B,203MB / 3.51MB,28
2026-07-30 11:29:26,docker-recorder-run-de836728b142,0.00%,22.88MiB / 30.66GiB,0.07%,0B / 0B,42.7MB / 9.68MB,1
2026-07-30 11:29:26,openzen,4.04%,88.37MiB / 30.66GiB,0.28%,0B / 0B,81.6MB / 2.17MB,20
2026-07-30 11:29:26,ouster,18.33%,248.1MiB / 30.66GiB,0.79%,0B / 0B,184MB / 2.93MB,30
2026-07-30 11:29:26,scovox,69.69%,355.5MiB / 30.66GiB,1.13%,0B / 0B,78.3MB / 4.61MB,53
2026-07-30 11:29:26,mapir-ffmpeg,28.23%,336.3MiB / 30.66GiB,1.07%,0B / 0B,200MB / 1.44MB,33
2026-07-30 11:29:26,trav_ros2,116.60%,532.5MiB / 30.66GiB,1.70%,0B / 0B,125MB / 1.88MB,44
2026-07-30 11:29:26,realsense,18.50%,176.7MiB / 30.66GiB,0.56%,0B / 0B,107MB / 3.34MB,33
2026-07-30 11:29:26,nav2,13.18%,227.2MiB / 30.66GiB,0.72%,0B / 0B,128MB / 1.19MB,92
2026-07-30 11:29:26,glim,68.46%,537.2MiB / 30.66GiB,1.71%,0B / 0B,149MB / 11.7MB,37
2026-07-30 11:29:29,foxglove,17.95%,625.2MiB / 30.66GiB,1.99%,0B / 0B,203MB / 3.51MB,28
2026-07-30 11:29:29,docker-recorder-run-de836728b142,0.00%,22.88MiB / 30.66GiB,0.07%,0B / 0B,42.7MB / 9.68MB,1
2026-07-30 11:29:29,openzen,4.58%,88.39MiB / 30.66GiB,0.28%,0B / 0B,81.6MB / 2.17MB,20
2026-07-30 11:29:29,ouster,10.41%,248.2MiB / 30.66GiB,0.79%,0B / 0B,184MB / 2.93MB,30
2026-07-30 11:29:29,scovox,101.87%,308.1MiB / 30.66GiB,0.98%,0B / 0B,78.3MB / 4.61MB,53
2026-07-30 11:29:29,mapir-ffmpeg,30.28%,338.3MiB / 30.66GiB,1.08%,0B / 0B,200MB / 1.44MB,33
2026-07-30 11:29:29,trav_ros2,112.75%,490.8MiB / 30.66GiB,1.56%,0B / 0B,125MB / 1.88MB,44
2026-07-30 11:29:29,realsense,48.58%,176.7MiB / 30.66GiB,0.56%,0B / 0B,107MB / 3.34MB,33
2026-07-30 11:29:29,nav2,14.30%,227.2MiB / 30.66GiB,0.72%,0B / 0B,128MB / 1.19MB,92
2026-07-30 11:29:29,glim,69.12%,537.2MiB / 30.66GiB,1.71%,0B / 0B,149MB / 11.7MB,37
2026-07-30 11:29:32,foxglove,17.47%,624.8MiB / 30.66GiB,1.99%,0B / 0B,203MB / 3.51MB,28
2026-07-30 11:29:32,docker-recorder-run-de836728b142,0.00%,22.88MiB / 30.66GiB,0.07%,0B / 0B,42.7MB / 9.68MB,1
2026-07-30 11:29:32,openzen,3.88%,88.65MiB / 30.66GiB,0.28%,0B / 0B,81.6MB / 2.17MB,20
2026-07-30 11:29:32,ouster,10.90%,247.9MiB / 30.66GiB,0.79%,0B / 0B,184MB / 2.93MB,30
2026-07-30 11:29:32,scovox,74.96%,358MiB / 30.66GiB,1.14%,0B / 0B,78.3MB / 4.61MB,53
2026-07-30 11:29:32,mapir-ffmpeg,29.53%,336.3MiB / 30.66GiB,1.07%,0B / 0B,200MB / 1.44MB,33
2026-07-30 11:29:32,trav_ros2,110.94%,484.2MiB / 30.66GiB,1.54%,0B / 0B,125MB / 1.88MB,44
2026-07-30 11:29:32,realsense,30.33%,176.7MiB / 30.66GiB,0.56%,0B / 0B,107MB / 3.34MB,33
2026-07-30 11:29:32,nav2,13.18%,227.3MiB / 30.66GiB,0.72%,0B / 0B,128MB / 1.19MB,92
2026-07-30 11:29:32,glim,72.40%,537.8MiB / 30.66GiB,1.71%,0B / 0B,149MB / 11.7MB,37
2026-07-30 11:29:35,foxglove,12.33%,625.4MiB / 30.66GiB,1.99%,0B / 0B,203MB / 3.51MB,28
2026-07-30 11:29:35,docker-recorder-run-de836728b142,0.00%,22.88MiB / 30.66GiB,0.07%,0B / 0B,42.7MB / 9.68MB,1
2026-07-30 11:29:35,openzen,3.92%,88.42MiB / 30.66GiB,0.28%,0B / 0B,81.6MB / 2.17MB,20
2026-07-30 11:29:35,ouster,10.88%,248.1MiB / 30.66GiB,0.79%,0B / 0B,184MB / 2.93MB,30
2026-07-30 11:29:35,scovox,96.12%,336.5MiB / 30.66GiB,1.07%,0B / 0B,78.3MB / 4.61MB,53
2026-07-30 11:29:35,mapir-ffmpeg,36.86%,336.3MiB / 30.66GiB,1.07%,0B / 0B,200MB / 1.44MB,33
2026-07-30 11:29:35,trav_ros2,113.96%,483.1MiB / 30.66GiB,1.54%,0B / 0B,125MB / 1.88MB,44
2026-07-30 11:29:35,realsense,19.41%,176.5MiB / 30.66GiB,0.56%,0B / 0B,107MB / 3.34MB,33
2026-07-30 11:29:35,nav2,13.49%,226.9MiB / 30.66GiB,0.72%,0B / 0B,128MB / 1.19MB,92
2026-07-30 11:29:35,glim,69.30%,538.8MiB / 30.66GiB,1.72%,0B / 0B,149MB / 11.7MB,37
2026-07-30 11:29:38,foxglove,15.28%,624.9MiB / 30.66GiB,1.99%,0B / 0B,203MB / 3.51MB,28
2026-07-30 11:29:38,docker-recorder-run-de836728b142,0.00%,22.88MiB / 30.66GiB,0.07%,0B / 0B,42.7MB / 9.68MB,1
2026-07-30 11:29:38,openzen,4.51%,88.95MiB / 30.66GiB,0.28%,0B / 0B,81.6MB / 2.17MB,20
2026-07-30 11:29:38,ouster,11.52%,248.2MiB / 30.66GiB,0.79%,0B / 0B,184MB / 2.93MB,30
2026-07-30 11:29:38,scovox,77.31%,359.1MiB / 30.66GiB,1.14%,0B / 0B,78.3MB / 4.61MB,53
2026-07-30 11:29:38,mapir-ffmpeg,29.60%,336.8MiB / 30.66GiB,1.07%,0B / 0B,200MB / 1.44MB,33
2026-07-30 11:29:38,trav_ros2,116.98%,526.4MiB / 30.66GiB,1.68%,0B / 0B,125MB / 1.9MB,44
2026-07-30 11:29:38,realsense,31.10%,177MiB / 30.66GiB,0.56%,0B / 0B,107MB / 3.34MB,33
2026-07-30 11:29:38,nav2,13.83%,226.9MiB / 30.66GiB,0.72%,0B / 0B,128MB / 1.19MB,92
2026-07-30 11:29:38,glim,69.80%,538.9MiB / 30.66GiB,1.72%,0B / 0B,149MB / 11.7MB,37
2026-07-30 11:29:41,foxglove,18.10%,624.9MiB / 30.66GiB,1.99%,0B / 0B,203MB / 3.51MB,28
2026-07-30 11:29:41,docker-recorder-run-de836728b142,0.00%,22.88MiB / 30.66GiB,0.07%,0B / 0B,42.7MB / 9.68MB,1
2026-07-30 11:29:41,openzen,3.33%,88.46MiB / 30.66GiB,0.28%,0B / 0B,81.6MB / 2.17MB,20
2026-07-30 11:29:41,ouster,10.02%,248.3MiB / 30.66GiB,0.79%,0B / 0B,184MB / 2.93MB,30
2026-07-30 11:29:41,scovox,88.13%,339.4MiB / 30.66GiB,1.08%,0B / 0B,78.3MB / 4.61MB,53
2026-07-30 11:29:41,mapir-ffmpeg,30.55%,336.4MiB / 30.66GiB,1.07%,0B / 0B,200MB / 1.44MB,33
2026-07-30 11:29:41,trav_ros2,111.43%,487.1MiB / 30.66GiB,1.55%,0B / 0B,125MB / 1.9MB,44
2026-07-30 11:29:41,realsense,40.02%,176.5MiB / 30.66GiB,0.56%,0B / 0B,107MB / 3.34MB,33
2026-07-30 11:29:41,nav2,13.69%,226.9MiB / 30.66GiB,0.72%,0B / 0B,128MB / 1.19MB,92
2026-07-30 11:29:41,glim,71.52%,539.4MiB / 30.66GiB,1.72%,0B / 0B,149MB / 11.7MB,37
2026-07-30 11:29:44,foxglove,18.84%,624.9MiB / 30.66GiB,1.99%,0B / 0B,203MB / 3.51MB,28
2026-07-30 11:29:44,docker-recorder-run-de836728b142,0.00%,22.88MiB / 30.66GiB,0.07%,0B / 0B,42.7MB / 9.68MB,1
2026-07-30 11:29:44,openzen,4.02%,88.98MiB / 30.66GiB,0.28%,0B / 0B,81.6MB / 2.17MB,20
2026-07-30 11:29:44,ouster,7.36%,248.3MiB / 30.66GiB,0.79%,0B / 0B,184MB / 2.93MB,30
2026-07-30 11:29:44,scovox,83.14%,330.4MiB / 30.66GiB,1.05%,0B / 0B,78.3MB / 4.69MB,53
2026-07-30 11:29:44,mapir-ffmpeg,33.15%,336.4MiB / 30.66GiB,1.07%,0B / 0B,200MB / 1.44MB,33
2026-07-30 11:29:44,trav_ros2,113.39%,486.4MiB / 30.66GiB,1.55%,0B / 0B,125MB / 1.9MB,44
2026-07-30 11:29:44,realsense,39.44%,176.8MiB / 30.66GiB,0.56%,0B / 0B,107MB / 3.34MB,33
2026-07-30 11:29:44,nav2,13.08%,227.5MiB / 30.66GiB,0.72%,0B / 0B,128MB / 1.19MB,92
2026-07-30 11:29:44,glim,74.06%,540.3MiB / 30.66GiB,1.72%,0B / 0B,149MB / 11.7MB,37
2026-07-30 11:29:47,foxglove,17.39%,625MiB / 30.66GiB,1.99%,0B / 0B,203MB / 3.51MB,28
2026-07-30 11:29:47,docker-recorder-run-de836728b142,0.00%,22.88MiB / 30.66GiB,0.07%,0B / 0B,42.7MB / 9.68MB,1
2026-07-30 11:29:47,openzen,4.05%,88.75MiB / 30.66GiB,0.28%,0B / 0B,81.6MB / 2.17MB,20
2026-07-30 11:29:47,ouster,24.05%,248.4MiB / 30.66GiB,0.79%,0B / 0B,184MB / 2.93MB,30
2026-07-30 11:29:47,scovox,85.77%,344.5MiB / 30.66GiB,1.10%,0B / 0B,78.3MB / 4.69MB,53
2026-07-30 11:29:47,mapir-ffmpeg,38.42%,337.4MiB / 30.66GiB,1.07%,0B / 0B,200MB / 1.44MB,33
2026-07-30 11:29:47,trav_ros2,115.96%,494.1MiB / 30.66GiB,1.57%,0B / 0B,125MB / 1.9MB,44
2026-07-30 11:29:47,realsense,19.41%,176.6MiB / 30.66GiB,0.56%,0B / 0B,107MB / 3.34MB,33
2026-07-30 11:29:47,nav2,12.50%,227.6MiB / 30.66GiB,0.72%,0B / 0B,128MB / 1.19MB,92
2026-07-30 11:29:47,glim,69.19%,540.6MiB / 30.66GiB,1.72%,0B / 0B,149MB / 11.7MB,37
2026-07-30 11:29:50,foxglove,19.22%,625.2MiB / 30.66GiB,1.99%,0B / 0B,203MB / 3.51MB,28
2026-07-30 11:29:50,docker-recorder-run-de836728b142,0.00%,22.88MiB / 30.66GiB,0.07%,0B / 0B,42.7MB / 9.68MB,1
2026-07-30 11:29:50,openzen,4.23%,88.52MiB / 30.66GiB,0.28%,0B / 0B,81.6MB / 2.17MB,20
2026-07-30 11:29:50,ouster,23.31%,248.5MiB / 30.66GiB,0.79%,0B / 0B,184MB / 2.93MB,30
2026-07-30 11:29:50,scovox,88.02%,273.9MiB / 30.66GiB,0.87%,0B / 0B,78.3MB / 4.7MB,53
2026-07-30 11:29:50,mapir-ffmpeg,30.72%,336.4MiB / 30.66GiB,1.07%,0B / 0B,200MB / 1.45MB,33
2026-07-30 11:29:50,trav_ros2,118.34%,478.5MiB / 30.66GiB,1.52%,0B / 0B,125MB / 1.9MB,44
2026-07-30 11:29:50,realsense,18.53%,176.8MiB / 30.66GiB,0.56%,0B / 0B,107MB / 3.34MB,33
2026-07-30 11:29:50,nav2,13.39%,226.9MiB / 30.66GiB,0.72%,0B / 0B,128MB / 1.19MB,92
2026-07-30 11:29:50,glim,65.78%,542.6MiB / 30.66GiB,1.73%,0B / 0B,149MB / 11.7MB,37
2026-07-30 11:29:53,foxglove,10.77%,625.6MiB / 30.66GiB,1.99%,0B / 0B,203MB / 3.51MB,28
2026-07-30 11:29:53,docker-recorder-run-de836728b142,0.00%,22.88MiB / 30.66GiB,0.07%,0B / 0B,42.7MB / 9.68MB,1
2026-07-30 11:29:53,openzen,4.60%,88.54MiB / 30.66GiB,0.28%,0B / 0B,81.6MB / 2.17MB,20
2026-07-30 11:29:53,ouster,10.97%,248MiB / 30.66GiB,0.79%,0B / 0B,184MB / 2.93MB,30
2026-07-30 11:29:53,scovox,81.21%,347.4MiB / 30.66GiB,1.11%,0B / 0B,78.3MB / 4.7MB,53
2026-07-30 11:29:53,mapir-ffmpeg,30.34%,337.4MiB / 30.66GiB,1.07%,0B / 0B,200MB / 1.45MB,33
2026-07-30 11:29:53,trav_ros2,112.77%,482MiB / 30.66GiB,1.54%,0B / 0B,125MB / 1.9MB,44
2026-07-30 11:29:53,realsense,19.12%,177.1MiB / 30.66GiB,0.56%,0B / 0B,107MB / 3.34MB,33
2026-07-30 11:29:53,nav2,13.26%,228.5MiB / 30.66GiB,0.73%,0B / 0B,128MB / 1.19MB,92
2026-07-30 11:29:53,glim,71.94%,542.9MiB / 30.66GiB,1.73%,0B / 0B,149MB / 11.7MB,37
2026-07-30 11:29:56,foxglove,12.09%,625MiB / 30.66GiB,1.99%,0B / 0B,203MB / 3.51MB,28
2026-07-30 11:29:56,docker-recorder-run-de836728b142,0.00%,22.88MiB / 30.66GiB,0.07%,0B / 0B,42.7MB / 9.68MB,1
2026-07-30 11:29:56,openzen,4.20%,88.57MiB / 30.66GiB,0.28%,0B / 0B,81.6MB / 2.17MB,20
2026-07-30 11:29:56,ouster,11.50%,248.5MiB / 30.66GiB,0.79%,0B / 0B,184MB / 2.93MB,30
2026-07-30 11:29:56,scovox,92.07%,289.5MiB / 30.66GiB,0.92%,0B / 0B,78.3MB / 4.7MB,53
2026-07-30 11:29:56,mapir-ffmpeg,33.67%,336.7MiB / 30.66GiB,1.07%,0B / 0B,200MB / 1.45MB,33
2026-07-30 11:29:56,trav_ros2,112.21%,488.7MiB / 30.66GiB,1.56%,0B / 0B,125MB / 1.9MB,44
2026-07-30 11:29:56,realsense,35.37%,177.1MiB / 30.66GiB,0.56%,0B / 0B,107MB / 3.34MB,33
2026-07-30 11:29:56,nav2,14.23%,228.1MiB / 30.66GiB,0.73%,0B / 0B,128MB / 1.19MB,92
2026-07-30 11:29:56,glim,70.20%,543.5MiB / 30.66GiB,1.73%,0B / 0B,149MB / 11.7MB,37
2026-07-30 11:29:59,foxglove,13.77%,624.9MiB / 30.66GiB,1.99%,0B / 0B,203MB / 3.51MB,28
2026-07-30 11:29:59,docker-recorder-run-de836728b142,0.00%,22.88MiB / 30.66GiB,0.07%,0B / 0B,42.7MB / 9.68MB,1
2026-07-30 11:29:59,openzen,3.90%,88.57MiB / 30.66GiB,0.28%,0B / 0B,81.6MB / 2.17MB,20
2026-07-30 11:29:59,ouster,14.36%,248.7MiB / 30.66GiB,0.79%,0B / 0B,184MB / 2.93MB,30
2026-07-30 11:29:59,scovox,73.32%,352.3MiB / 30.66GiB,1.12%,0B / 0B,78.3MB / 4.7MB,53
2026-07-30 11:29:59,mapir-ffmpeg,29.06%,336.5MiB / 30.66GiB,1.07%,0B / 0B,200MB / 1.45MB,33
2026-07-30 11:29:59,trav_ros2,117.22%,485.9MiB / 30.66GiB,1.55%,0B / 0B,125MB / 1.9MB,44
2026-07-30 11:29:59,realsense,18.31%,176.9MiB / 30.66GiB,0.56%,0B / 0B,107MB / 3.34MB,33
2026-07-30 11:29:59,nav2,12.68%,227.5MiB / 30.66GiB,0.72%,0B / 0B,128MB / 1.19MB,92
2026-07-30 11:29:59,glim,66.83%,543.2MiB / 30.66GiB,1.73%,0B / 0B,149MB / 11.7MB,37
2026-07-30 11:30:02,foxglove,17.74%,625.1MiB / 30.66GiB,1.99%,0B / 0B,203MB / 3.51MB,28
2026-07-30 11:30:02,docker-recorder-run-de836728b142,0.00%,22.88MiB / 30.66GiB,0.07%,0B / 0B,42.7MB / 9.68MB,1
2026-07-30 11:30:02,openzen,4.26%,88.84MiB / 30.66GiB,0.28%,0B / 0B,81.6MB / 2.17MB,20
2026-07-30 11:30:02,ouster,10.65%,248.7MiB / 30.66GiB,0.79%,0B / 0B,184MB / 2.93MB,30
2026-07-30 11:30:02,scovox,99.57%,304.2MiB / 30.66GiB,0.97%,0B / 0B,78.3MB / 4.7MB,53
2026-07-30 11:30:02,mapir-ffmpeg,29.96%,337MiB / 30.66GiB,1.07%,0B / 0B,200MB / 1.45MB,33
2026-07-30 11:30:02,trav_ros2,121.91%,492.6MiB / 30.66GiB,1.57%,0B / 0B,125MB / 1.9MB,44
2026-07-30 11:30:02,realsense,18.32%,177.2MiB / 30.66GiB,0.56%,0B / 0B,107MB / 3.34MB,33
2026-07-30 11:30:02,nav2,13.80%,228.1MiB / 30.66GiB,0.73%,0B / 0B,128MB / 1.19MB,92
2026-07-30 11:30:02,glim,85.03%,544.2MiB / 30.66GiB,1.73%,0B / 0B,149MB / 11.7MB,37
2026-07-30 11:30:06,foxglove,10.80%,596.6MiB / 30.66GiB,1.90%,0B / 0B,203MB / 3.51MB,28
2026-07-30 11:30:06,docker-recorder-run-de836728b142,0.00%,22.88MiB / 30.66GiB,0.07%,0B / 0B,42.7MB / 9.68MB,1
2026-07-30 11:30:06,openzen,3.87%,88.59MiB / 30.66GiB,0.28%,0B / 0B,81.6MB / 2.17MB,20
2026-07-30 11:30:06,ouster,9.82%,248.2MiB / 30.66GiB,0.79%,0B / 0B,184MB / 2.93MB,30
2026-07-30 11:30:06,scovox,68.52%,354.2MiB / 30.66GiB,1.13%,0B / 0B,78.3MB / 4.7MB,53
2026-07-30 11:30:06,mapir-ffmpeg,29.22%,336.5MiB / 30.66GiB,1.07%,0B / 0B,200MB / 1.45MB,33
2026-07-30 11:30:06,trav_ros2,110.48%,487.9MiB / 30.66GiB,1.55%,0B / 0B,125MB / 1.9MB,44
2026-07-30 11:30:06,realsense,35.61%,177.2MiB / 30.66GiB,0.56%,0B / 0B,107MB / 3.34MB,33
2026-07-30 11:30:06,nav2,12.57%,228.2MiB / 30.66GiB,0.73%,0B / 0B,128MB / 1.19MB,92
2026-07-30 11:30:06,glim,70.95%,544.3MiB / 30.66GiB,1.73%,0B / 0B,149MB / 11.7MB,37
2026-07-30 11:30:09,foxglove,11.93%,625.1MiB / 30.66GiB,1.99%,0B / 0B,203MB / 3.51MB,28
2026-07-30 11:30:09,docker-recorder-run-de836728b142,0.00%,22.88MiB / 30.66GiB,0.07%,0B / 0B,42.7MB / 9.68MB,1
2026-07-30 11:30:09,openzen,4.65%,89.1MiB / 30.66GiB,0.28%,0B / 0B,81.6MB / 2.17MB,20
2026-07-30 11:30:09,ouster,9.55%,248.8MiB / 30.66GiB,0.79%,0B / 0B,184MB / 2.93MB,30
2026-07-30 11:30:09,scovox,99.37%,308.8MiB / 30.66GiB,0.98%,0B / 0B,78.3MB / 4.7MB,53
2026-07-30 11:30:09,mapir-ffmpeg,38.26%,337MiB / 30.66GiB,1.07%,0B / 0B,200MB / 1.45MB,33
2026-07-30 11:30:09,trav_ros2,112.21%,488.6MiB / 30.66GiB,1.56%,0B / 0B,125MB / 1.93MB,44
2026-07-30 11:30:09,realsense,24.39%,177.2MiB / 30.66GiB,0.56%,0B / 0B,107MB / 3.34MB,33
2026-07-30 11:30:09,nav2,14.13%,228.7MiB / 30.66GiB,0.73%,0B / 0B,128MB / 1.19MB,92
2026-07-30 11:30:09,glim,74.55%,544.1MiB / 30.66GiB,1.73%,0B / 0B,149MB / 11.7MB,37
2026-07-30 11:30:12,foxglove,10.46%,597MiB / 30.66GiB,1.90%,0B / 0B,203MB / 3.51MB,28
2026-07-30 11:30:12,docker-recorder-run-de836728b142,0.00%,22.88MiB / 30.66GiB,0.07%,0B / 0B,42.7MB / 9.68MB,1
2026-07-30 11:30:12,openzen,3.66%,88.59MiB / 30.66GiB,0.28%,0B / 0B,81.6MB / 2.17MB,20
2026-07-30 11:30:12,ouster,8.10%,248.4MiB / 30.66GiB,0.79%,0B / 0B,184MB / 2.93MB,30
2026-07-30 11:30:12,scovox,68.30%,356.9MiB / 30.66GiB,1.14%,0B / 0B,78.3MB / 4.7MB,53
2026-07-30 11:30:12,mapir-ffmpeg,28.30%,336.5MiB / 30.66GiB,1.07%,0B / 0B,200MB / 1.45MB,33
2026-07-30 11:30:12,trav_ros2,113.45%,487.8MiB / 30.66GiB,1.55%,0B / 0B,125MB / 1.93MB,44
2026-07-30 11:30:12,realsense,19.47%,176.7MiB / 30.66GiB,0.56%,0B / 0B,107MB / 3.34MB,33
2026-07-30 11:30:12,nav2,13.12%,228MiB / 30.66GiB,0.73%,0B / 0B,128MB / 1.19MB,92
2026-07-30 11:30:12,glim,76.79%,545.1MiB / 30.66GiB,1.74%,0B / 0B,149MB / 11.7MB,37
2026-07-30 11:30:15,foxglove,11.45%,625.4MiB / 30.66GiB,1.99%,0B / 0B,203MB / 3.51MB,28
2026-07-30 11:30:15,docker-recorder-run-de836728b142,0.00%,22.88MiB / 30.66GiB,0.07%,0B / 0B,42.7MB / 9.68MB,1
2026-07-30 11:30:15,openzen,4.02%,88.59MiB / 30.66GiB,0.28%,0B / 0B,81.6MB / 2.17MB,20
2026-07-30 11:30:15,ouster,16.04%,248.7MiB / 30.66GiB,0.79%,0B / 0B,184MB / 2.93MB,30
2026-07-30 11:30:15,scovox,96.18%,336MiB / 30.66GiB,1.07%,0B / 0B,78.3MB / 4.78MB,53
2026-07-30 11:30:15,mapir-ffmpeg,37.06%,336.5MiB / 30.66GiB,1.07%,0B / 0B,200MB / 1.45MB,33
2026-07-30 11:30:15,trav_ros2,118.84%,491.9MiB / 30.66GiB,1.57%,0B / 0B,125MB / 1.93MB,44
2026-07-30 11:30:15,realsense,19.56%,176.7MiB / 30.66GiB,0.56%,0B / 0B,107MB / 3.34MB,33
2026-07-30 11:30:15,nav2,13.68%,227.5MiB / 30.66GiB,0.72%,0B / 0B,128MB / 1.19MB,92
2026-07-30 11:30:15,glim,74.91%,548.2MiB / 30.66GiB,1.75%,0B / 0B,149MB / 11.7MB,37
2026-07-30 11:30:18,foxglove,20.78%,625.9MiB / 30.66GiB,1.99%,0B / 0B,203MB / 3.51MB,28
2026-07-30 11:30:18,docker-recorder-run-de836728b142,0.00%,22.88MiB / 30.66GiB,0.07%,0B / 0B,42.7MB / 9.68MB,1
2026-07-30 11:30:18,openzen,3.75%,88.59MiB / 30.66GiB,0.28%,0B / 0B,81.6MB / 2.17MB,20
2026-07-30 11:30:18,ouster,10.36%,248.9MiB / 30.66GiB,0.79%,0B / 0B,184MB / 2.93MB,30
2026-07-30 11:30:18,scovox,77.20%,360.9MiB / 30.66GiB,1.15%,0B / 0B,78.3MB / 4.78MB,53
2026-07-30 11:30:18,mapir-ffmpeg,29.34%,336.7MiB / 30.66GiB,1.07%,0B / 0B,200MB / 1.45MB,33
2026-07-30 11:30:18,trav_ros2,116.01%,487.6MiB / 30.66GiB,1.55%,0B / 0B,125MB / 1.93MB,44
2026-07-30 11:30:18,realsense,18.82%,177MiB / 30.66GiB,0.56%,0B / 0B,107MB / 3.34MB,33
2026-07-30 11:30:18,nav2,13.45%,227.8MiB / 30.66GiB,0.73%,0B / 0B,128MB / 1.19MB,92
2026-07-30 11:30:18,glim,69.83%,549.7MiB / 30.66GiB,1.75%,0B / 0B,149MB / 11.7MB,37
2026-07-30 11:30:21,foxglove,12.17%,625.4MiB / 30.66GiB,1.99%,0B / 0B,203MB / 3.51MB,28
2026-07-30 11:30:21,docker-recorder-run-de836728b142,0.00%,22.88MiB / 30.66GiB,0.07%,0B / 0B,42.7MB / 9.68MB,1
2026-07-30 11:30:21,openzen,4.02%,88.59MiB / 30.66GiB,0.28%,0B / 0B,81.6MB / 2.17MB,20
2026-07-30 11:30:21,ouster,10.51%,248.6MiB / 30.66GiB,0.79%,0B / 0B,184MB / 2.93MB,30
2026-07-30 11:30:21,scovox,82.48%,339.8MiB / 30.66GiB,1.08%,0B / 0B,78.3MB / 4.78MB,53
2026-07-30 11:30:21,mapir-ffmpeg,29.36%,336.5MiB / 30.66GiB,1.07%,0B / 0B,200MB / 1.45MB,33
2026-07-30 11:30:21,trav_ros2,115.42%,488MiB / 30.66GiB,1.55%,0B / 0B,125MB / 1.93MB,44
2026-07-30 11:30:21,realsense,18.76%,176.7MiB / 30.66GiB,0.56%,0B / 0B,107MB / 3.34MB,33
2026-07-30 11:30:21,nav2,13.00%,228.3MiB / 30.66GiB,0.73%,0B / 0B,128MB / 1.19MB,92
2026-07-30 11:30:21,glim,78.56%,539.5MiB / 30.66GiB,1.72%,0B / 0B,149MB / 11.7MB,37
2026-07-30 11:30:24,foxglove,21.05%,625.9MiB / 30.66GiB,1.99%,0B / 0B,203MB / 3.51MB,28
2026-07-30 11:30:24,docker-recorder-run-de836728b142,0.00%,22.88MiB / 30.66GiB,0.07%,0B / 0B,42.7MB / 9.68MB,1
2026-07-30 11:30:24,openzen,3.81%,89.09MiB / 30.66GiB,0.28%,0B / 0B,81.6MB / 2.17MB,20
2026-07-30 11:30:24,ouster,11.10%,248.2MiB / 30.66GiB,0.79%,0B / 0B,184MB / 2.93MB,30
2026-07-30 11:30:24,scovox,77.93%,266MiB / 30.66GiB,0.85%,0B / 0B,78.3MB / 4.78MB,53
2026-07-30 11:30:24,mapir-ffmpeg,30.53%,336.5MiB / 30.66GiB,1.07%,0B / 0B,200MB / 1.47MB,33
2026-07-30 11:30:24,trav_ros2,112.14%,487.6MiB / 30.66GiB,1.55%,0B / 0B,125MB / 1.93MB,44
2026-07-30 11:30:24,realsense,25.74%,176.7MiB / 30.66GiB,0.56%,0B / 0B,107MB / 3.34MB,33
2026-07-30 11:30:24,nav2,13.31%,228.1MiB / 30.66GiB,0.73%,0B / 0B,128MB / 1.19MB,92
2026-07-30 11:30:24,glim,80.99%,543.1MiB / 30.66GiB,1.73%,0B / 0B,149MB / 11.7MB,37
2026-07-30 11:30:27,foxglove,11.36%,625.2MiB / 30.66GiB,1.99%,0B / 0B,203MB / 3.51MB,28
2026-07-30 11:30:27,docker-recorder-run-de836728b142,0.00%,22.88MiB / 30.66GiB,0.07%,0B / 0B,42.7MB / 9.68MB,1
2026-07-30 11:30:27,openzen,4.26%,88.59MiB / 30.66GiB,0.28%,0B / 0B,81.6MB / 2.17MB,20
2026-07-30 11:30:27,ouster,7.28%,248.5MiB / 30.66GiB,0.79%,0B / 0B,184MB / 2.93MB,30
2026-07-30 11:30:27,scovox,83.55%,344.6MiB / 30.66GiB,1.10%,0B / 0B,78.3MB / 4.79MB,53
2026-07-30 11:30:27,mapir-ffmpeg,45.25%,336.7MiB / 30.66GiB,1.07%,0B / 0B,200MB / 1.47MB,33
2026-07-30 11:30:27,trav_ros2,117.62%,488.6MiB / 30.66GiB,1.56%,0B / 0B,125MB / 1.93MB,44
2026-07-30 11:30:27,realsense,18.95%,176.7MiB / 30.66GiB,0.56%,0B / 0B,107MB / 3.34MB,33
2026-07-30 11:30:27,nav2,12.45%,228.1MiB / 30.66GiB,0.73%,0B / 0B,128MB / 1.19MB,92
2026-07-30 11:30:27,glim,70.23%,542.7MiB / 30.66GiB,1.73%,0B / 0B,149MB / 11.7MB,37
2026-07-30 11:30:30,foxglove,13.32%,625.4MiB / 30.66GiB,1.99%,0B / 0B,203MB / 3.51MB,28
2026-07-30 11:30:30,docker-recorder-run-de836728b142,0.00%,22.88MiB / 30.66GiB,0.07%,0B / 0B,42.7MB / 9.68MB,1
2026-07-30 11:30:30,openzen,4.32%,88.59MiB / 30.66GiB,0.28%,0B / 0B,81.6MB / 2.17MB,20
2026-07-30 11:30:30,ouster,7.85%,249.3MiB / 30.66GiB,0.79%,0B / 0B,184MB / 2.93MB,30
2026-07-30 11:30:30,scovox,89.88%,269MiB / 30.66GiB,0.86%,0B / 0B,78.3MB / 4.79MB,53
2026-07-30 11:30:30,mapir-ffmpeg,34.66%,336.5MiB / 30.66GiB,1.07%,0B / 0B,200MB / 1.47MB,33
2026-07-30 11:30:30,trav_ros2,112.97%,485.6MiB / 30.66GiB,1.55%,0B / 0B,125MB / 1.93MB,44
2026-07-30 11:30:30,realsense,19.23%,176.7MiB / 30.66GiB,0.56%,0B / 0B,107MB / 3.34MB,33
2026-07-30 11:30:30,nav2,13.13%,227.8MiB / 30.66GiB,0.73%,0B / 0B,128MB / 1.19MB,92
2026-07-30 11:30:30,glim,74.15%,544MiB / 30.66GiB,1.73%,0B / 0B,149MB / 11.7MB,37
2026-07-30 11:30:33,foxglove,11.14%,624.8MiB / 30.66GiB,1.99%,0B / 0B,203MB / 3.51MB,28
2026-07-30 11:30:33,docker-recorder-run-de836728b142,0.00%,22.88MiB / 30.66GiB,0.07%,0B / 0B,42.7MB / 9.68MB,1
2026-07-30 11:30:33,openzen,4.58%,88.6MiB / 30.66GiB,0.28%,0B / 0B,81.6MB / 2.17MB,20
2026-07-30 11:30:33,ouster,8.01%,248.4MiB / 30.66GiB,0.79%,0B / 0B,184MB / 2.93MB,30
2026-07-30 11:30:33,scovox,81.12%,348.2MiB / 30.66GiB,1.11%,0B / 0B,78.3MB / 4.79MB,53
2026-07-30 11:30:33,mapir-ffmpeg,44.74%,337MiB / 30.66GiB,1.07%,0B / 0B,200MB / 1.47MB,33
2026-07-30 11:30:33,trav_ros2,114.22%,487.3MiB / 30.66GiB,1.55%,0B / 0B,125MB / 1.93MB,44
2026-07-30 11:30:33,realsense,19.53%,176.7MiB / 30.66GiB,0.56%,0B / 0B,107MB / 3.34MB,33
2026-07-30 11:30:33,nav2,13.75%,227.8MiB / 30.66GiB,0.73%,0B / 0B,128MB / 1.19MB,92
2026-07-30 11:30:33,glim,75.94%,548MiB / 30.66GiB,1.75%,0B / 0B,149MB / 11.7MB,37
2026-07-30 11:30:36,foxglove,18.39%,625.6MiB / 30.66GiB,1.99%,0B / 0B,203MB / 3.51MB,28
2026-07-30 11:30:36,docker-recorder-run-de836728b142,0.00%,22.88MiB / 30.66GiB,0.07%,0B / 0B,42.7MB / 9.68MB,1
2026-07-30 11:30:36,openzen,4.33%,88.59MiB / 30.66GiB,0.28%,0B / 0B,81.6MB / 2.17MB,20
2026-07-30 11:30:36,ouster,7.84%,248.6MiB / 30.66GiB,0.79%,0B / 0B,184MB / 2.93MB,30
2026-07-30 11:30:36,scovox,95.63%,287.7MiB / 30.66GiB,0.92%,0B / 0B,78.3MB / 4.79MB,53
2026-07-30 11:30:36,mapir-ffmpeg,29.35%,336.5MiB / 30.66GiB,1.07%,0B / 0B,200MB / 1.47MB,33
2026-07-30 11:30:36,trav_ros2,111.87%,475.6MiB / 30.66GiB,1.51%,0B / 0B,125MB / 1.93MB,44
2026-07-30 11:30:36,realsense,19.37%,176.7MiB / 30.66GiB,0.56%,0B / 0B,107MB / 3.34MB,33
2026-07-30 11:30:36,nav2,14.16%,227.3MiB / 30.66GiB,0.72%,0B / 0B,128MB / 1.19MB,92
2026-07-30 11:30:36,glim,70.63%,548.1MiB / 30.66GiB,1.75%,0B / 0B,149MB / 11.7MB,37
2026-07-30 11:30:39,foxglove,14.48%,625.5MiB / 30.66GiB,1.99%,0B / 0B,203MB / 3.51MB,28
2026-07-30 11:30:39,docker-recorder-run-de836728b142,0.00%,22.88MiB / 30.66GiB,0.07%,0B / 0B,42.7MB / 9.68MB,1
2026-07-30 11:30:39,openzen,3.93%,88.59MiB / 30.66GiB,0.28%,0B / 0B,81.6MB / 2.17MB,20
2026-07-30 11:30:39,ouster,7.47%,248.6MiB / 30.66GiB,0.79%,0B / 0B,184MB / 2.93MB,30
2026-07-30 11:30:39,scovox,75.90%,350.4MiB / 30.66GiB,1.12%,0B / 0B,78.3MB / 4.79MB,53
2026-07-30 11:30:39,mapir-ffmpeg,44.43%,336.5MiB / 30.66GiB,1.07%,0B / 0B,200MB / 1.47MB,33
2026-07-30 11:30:39,trav_ros2,115.80%,490.8MiB / 30.66GiB,1.56%,0B / 0B,125MB / 1.95MB,44
2026-07-30 11:30:39,realsense,17.92%,177.5MiB / 30.66GiB,0.57%,0B / 0B,107MB / 3.34MB,33
2026-07-30 11:30:39,nav2,13.67%,228.1MiB / 30.66GiB,0.73%,0B / 0B,128MB / 1.19MB,92
2026-07-30 11:30:39,glim,71.10%,548.4MiB / 30.66GiB,1.75%,0B / 0B,149MB / 11.7MB,37
2026-07-30 11:30:42,foxglove,13.34%,624.7MiB / 30.66GiB,1.99%,0B / 0B,203MB / 3.51MB,28
2026-07-30 11:30:42,docker-recorder-run-de836728b142,0.00%,22.88MiB / 30.66GiB,0.07%,0B / 0B,42.7MB / 9.68MB,1
2026-07-30 11:30:42,openzen,3.96%,88.84MiB / 30.66GiB,0.28%,0B / 0B,81.6MB / 2.17MB,20
2026-07-30 11:30:42,ouster,8.45%,248.5MiB / 30.66GiB,0.79%,0B / 0B,184MB / 2.93MB,30
2026-07-30 11:30:42,scovox,99.78%,304.4MiB / 30.66GiB,0.97%,0B / 0B,78.3MB / 4.79MB,53
2026-07-30 11:30:42,mapir-ffmpeg,29.38%,336.7MiB / 30.66GiB,1.07%,0B / 0B,200MB / 1.47MB,33
2026-07-30 11:30:42,trav_ros2,122.34%,488.1MiB / 30.66GiB,1.55%,0B / 0B,125MB / 1.95MB,44
2026-07-30 11:30:42,realsense,18.80%,176.7MiB / 30.66GiB,0.56%,0B / 0B,107MB / 3.34MB,33
2026-07-30 11:30:42,nav2,14.38%,228.5MiB / 30.66GiB,0.73%,0B / 0B,128MB / 1.19MB,92
2026-07-30 11:30:42,glim,80.04%,549.2MiB / 30.66GiB,1.75%,0B / 0B,149MB / 11.7MB,37
2026-07-30 11:30:45,foxglove,11.86%,625MiB / 30.66GiB,1.99%,0B / 0B,203MB / 3.51MB,28
2026-07-30 11:30:45,docker-recorder-run-de836728b142,0.00%,22.88MiB / 30.66GiB,0.07%,0B / 0B,42.7MB / 9.68MB,1
2026-07-30 11:30:45,openzen,3.87%,88.59MiB / 30.66GiB,0.28%,0B / 0B,81.6MB / 2.17MB,20
2026-07-30 11:30:45,ouster,9.84%,248.6MiB / 30.66GiB,0.79%,0B / 0B,184MB / 2.93MB,30
2026-07-30 11:30:45,scovox,71.04%,358.2MiB / 30.66GiB,1.14%,0B / 0B,78.3MB / 4.79MB,53
2026-07-30 11:30:45,mapir-ffmpeg,33.97%,336.5MiB / 30.66GiB,1.07%,0B / 0B,200MB / 1.47MB,33
2026-07-30 11:30:45,trav_ros2,116.32%,492.8MiB / 30.66GiB,1.57%,0B / 0B,125MB / 1.95MB,44
2026-07-30 11:30:45,realsense,18.76%,176.7MiB / 30.66GiB,0.56%,0B / 0B,107MB / 3.34MB,33
2026-07-30 11:30:45,nav2,12.79%,227.8MiB / 30.66GiB,0.73%,0B / 0B,128MB / 1.19MB,92
2026-07-30 11:30:45,glim,63.49%,549.3MiB / 30.66GiB,1.75%,0B / 0B,149MB / 11.7MB,37
2026-07-30 11:30:49,foxglove,12.09%,625.2MiB / 30.66GiB,1.99%,0B / 0B,203MB / 3.51MB,28
2026-07-30 11:30:49,docker-recorder-run-de836728b142,0.00%,22.88MiB / 30.66GiB,0.07%,0B / 0B,42.7MB / 9.68MB,1
2026-07-30 11:30:49,openzen,4.05%,88.59MiB / 30.66GiB,0.28%,0B / 0B,81.6MB / 2.17MB,20
2026-07-30 11:30:49,ouster,22.47%,248.9MiB / 30.66GiB,0.79%,0B / 0B,184MB / 2.93MB,30
2026-07-30 11:30:49,scovox,103.39%,312.4MiB / 30.66GiB,1.00%,0B / 0B,78.3MB / 4.79MB,53
2026-07-30 11:30:49,mapir-ffmpeg,41.93%,336.5MiB / 30.66GiB,1.07%,0B / 0B,200MB / 1.47MB,33
2026-07-30 11:30:49,trav_ros2,114.00%,488.2MiB / 30.66GiB,1.55%,0B / 0B,125MB / 1.95MB,44
2026-07-30 11:30:49,realsense,40.43%,176.7MiB / 30.66GiB,0.56%,0B / 0B,107MB / 3.34MB,33
2026-07-30 11:30:49,nav2,15.60%,227.6MiB / 30.66GiB,0.72%,0B / 0B,128MB / 1.19MB,92
2026-07-30 11:30:49,glim,70.22%,549.4MiB / 30.66GiB,1.75%,0B / 0B,149MB / 11.7MB,37
2026-07-30 11:30:52,foxglove,12.36%,597.6MiB / 30.66GiB,1.90%,0B / 0B,203MB / 3.51MB,28
2026-07-30 11:30:52,docker-recorder-run-de836728b142,0.00%,22.88MiB / 30.66GiB,0.07%,0B / 0B,42.7MB / 9.68MB,1
2026-07-30 11:30:52,openzen,3.67%,88.59MiB / 30.66GiB,0.28%,0B / 0B,81.6MB / 2.17MB,20
2026-07-30 11:30:52,ouster,10.94%,248.7MiB / 30.66GiB,0.79%,0B / 0B,184MB / 2.93MB,30
2026-07-30 11:30:52,scovox,67.80%,357.6MiB / 30.66GiB,1.14%,0B / 0B,78.3MB / 4.88MB,53
2026-07-30 11:30:52,mapir-ffmpeg,42.05%,336.5MiB / 30.66GiB,1.07%,0B / 0B,200MB / 1.47MB,33
2026-07-30 11:30:52,trav_ros2,114.82%,484.6MiB / 30.66GiB,1.54%,0B / 0B,125MB / 1.95MB,44
2026-07-30 11:30:52,realsense,27.16%,177.2MiB / 30.66GiB,0.56%,0B / 0B,107MB / 3.34MB,33
2026-07-30 11:30:52,nav2,13.39%,227.8MiB / 30.66GiB,0.73%,0B / 0B,128MB / 1.19MB,92
2026-07-30 11:30:52,glim,68.16%,549.5MiB / 30.66GiB,1.75%,0B / 0B,149MB / 11.7MB,37
2026-07-30 11:30:55,foxglove,13.34%,625.2MiB / 30.66GiB,1.99%,0B / 0B,203MB / 3.51MB,28
2026-07-30 11:30:55,docker-recorder-run-de836728b142,0.00%,22.88MiB / 30.66GiB,0.07%,0B / 0B,42.7MB / 9.68MB,1
2026-07-30 11:30:55,openzen,4.38%,88.59MiB / 30.66GiB,0.28%,0B / 0B,81.6MB / 2.17MB,20
2026-07-30 11:30:55,ouster,10.66%,248.2MiB / 30.66GiB,0.79%,0B / 0B,184MB / 2.93MB,30
2026-07-30 11:30:55,scovox,96.30%,313.5MiB / 30.66GiB,1.00%,0B / 0B,78.3MB / 4.88MB,53
2026-07-30 11:30:55,mapir-ffmpeg,31.92%,336.5MiB / 30.66GiB,1.07%,0B / 0B,200MB / 1.47MB,33
2026-07-30 11:30:55,trav_ros2,116.38%,543.4MiB / 30.66GiB,1.73%,0B / 0B,125MB / 1.95MB,44
2026-07-30 11:30:55,realsense,31.71%,177MiB / 30.66GiB,0.56%,0B / 0B,107MB / 3.34MB,33
2026-07-30 11:30:55,nav2,12.94%,227.8MiB / 30.66GiB,0.73%,0B / 0B,128MB / 1.19MB,92
2026-07-30 11:30:55,glim,88.90%,549.4MiB / 30.66GiB,1.75%,0B / 0B,149MB / 11.7MB,37
2026-07-30 11:30:58,foxglove,17.85%,628MiB / 30.66GiB,2.00%,0B / 0B,203MB / 3.51MB,28
2026-07-30 11:30:58,docker-recorder-run-de836728b142,0.00%,22.88MiB / 30.66GiB,0.07%,0B / 0B,42.7MB / 9.68MB,1
2026-07-30 11:30:58,openzen,4.17%,88.59MiB / 30.66GiB,0.28%,0B / 0B,81.6MB / 2.17MB,20
2026-07-30 11:30:58,ouster,9.79%,248.6MiB / 30.66GiB,0.79%,0B / 0B,184MB / 2.93MB,30
2026-07-30 11:30:58,scovox,75.00%,360.5MiB / 30.66GiB,1.15%,0B / 0B,78.3MB / 4.88MB,53
2026-07-30 11:30:58,mapir-ffmpeg,30.26%,336.7MiB / 30.66GiB,1.07%,0B / 0B,200MB / 1.47MB,33
2026-07-30 11:30:58,trav_ros2,116.25%,491.7MiB / 30.66GiB,1.57%,0B / 0B,125MB / 1.95MB,44
2026-07-30 11:30:58,realsense,18.47%,177MiB / 30.66GiB,0.56%,0B / 0B,107MB / 3.34MB,33
2026-07-30 11:30:58,nav2,13.68%,228MiB / 30.66GiB,0.73%,0B / 0B,128MB / 1.19MB,92
2026-07-30 11:30:58,glim,71.77%,550.1MiB / 30.66GiB,1.75%,0B / 0B,149MB / 11.7MB,37
2026-07-30 11:31:01,foxglove,11.29%,627.2MiB / 30.66GiB,2.00%,0B / 0B,203MB / 3.51MB,28
2026-07-30 11:31:01,docker-recorder-run-de836728b142,0.00%,22.88MiB / 30.66GiB,0.07%,0B / 0B,42.7MB / 9.68MB,1
2026-07-30 11:31:01,openzen,4.05%,88.59MiB / 30.66GiB,0.28%,0B / 0B,81.6MB / 2.17MB,20
2026-07-30 11:31:01,ouster,10.30%,248.5MiB / 30.66GiB,0.79%,0B / 0B,184MB / 2.93MB,30
2026-07-30 11:31:01,scovox,91.52%,342.2MiB / 30.66GiB,1.09%,0B / 0B,78.3MB / 4.89MB,53
2026-07-30 11:31:01,mapir-ffmpeg,39.08%,336.5MiB / 30.66GiB,1.07%,0B / 0B,200MB / 1.48MB,33
2026-07-30 11:31:01,trav_ros2,113.94%,491.3MiB / 30.66GiB,1.56%,0B / 0B,125MB / 1.95MB,44
2026-07-30 11:31:01,realsense,32.54%,176.7MiB / 30.66GiB,0.56%,0B / 0B,107MB / 3.34MB,33
2026-07-30 11:31:01,nav2,13.09%,228.8MiB / 30.66GiB,0.73%,0B / 0B,128MB / 1.19MB,92
2026-07-30 11:31:01,glim,78.56%,550MiB / 30.66GiB,1.75%,0B / 0B,149MB / 11.7MB,37
2026-07-30 11:31:04,foxglove,12.56%,627.2MiB / 30.66GiB,2.00%,0B / 0B,203MB / 3.51MB,28
2026-07-30 11:31:04,docker-recorder-run-de836728b142,0.00%,22.88MiB / 30.66GiB,0.07%,0B / 0B,42.7MB / 9.68MB,1
2026-07-30 11:31:04,openzen,3.89%,89.84MiB / 30.66GiB,0.29%,0B / 0B,81.6MB / 2.17MB,20
2026-07-30 11:31:04,ouster,10.53%,248.4MiB / 30.66GiB,0.79%,0B / 0B,184MB / 2.93MB,30
2026-07-30 11:31:04,scovox,80.79%,360.7MiB / 30.66GiB,1.15%,0B / 0B,78.3MB / 4.89MB,53
2026-07-30 11:31:04,mapir-ffmpeg,30.93%,336.5MiB / 30.66GiB,1.07%,0B / 0B,200MB / 1.48MB,33
2026-07-30 11:31:04,trav_ros2,116.47%,487.1MiB / 30.66GiB,1.55%,0B / 0B,125MB / 1.95MB,44
2026-07-30 11:31:04,realsense,18.35%,177.7MiB / 30.66GiB,0.57%,0B / 0B,107MB / 3.34MB,33
2026-07-30 11:31:04,nav2,13.29%,227.8MiB / 30.66GiB,0.73%,0B / 0B,128MB / 1.19MB,92
2026-07-30 11:31:04,glim,67.94%,550.1MiB / 30.66GiB,1.75%,0B / 0B,149MB / 11.7MB,37
2026-07-30 11:31:07,foxglove,13.37%,627.3MiB / 30.66GiB,2.00%,0B / 0B,203MB / 3.51MB,28
2026-07-30 11:31:07,docker-recorder-run-de836728b142,0.00%,22.88MiB / 30.66GiB,0.07%,0B / 0B,42.7MB / 9.68MB,1
2026-07-30 11:31:07,openzen,3.69%,88.59MiB / 30.66GiB,0.28%,0B / 0B,81.6MB / 2.17MB,20
2026-07-30 11:31:07,ouster,11.30%,248.8MiB / 30.66GiB,0.79%,0B / 0B,184MB / 2.93MB,30
2026-07-30 11:31:07,scovox,80.55%,360.9MiB / 30.66GiB,1.15%,0B / 0B,78.3MB / 4.89MB,53
2026-07-30 11:31:07,mapir-ffmpeg,33.82%,336.7MiB / 30.66GiB,1.07%,0B / 0B,200MB / 1.48MB,33
2026-07-30 11:31:07,trav_ros2,113.46%,486.5MiB / 30.66GiB,1.55%,0B / 0B,125MB / 1.95MB,44
2026-07-30 11:31:07,realsense,28.97%,176.7MiB / 30.66GiB,0.56%,0B / 0B,107MB / 3.34MB,33
2026-07-30 11:31:07,nav2,13.37%,228.3MiB / 30.66GiB,0.73%,0B / 0B,128MB / 1.19MB,92
2026-07-30 11:31:07,glim,68.85%,551.1MiB / 30.66GiB,1.76%,0B / 0B,149MB / 11.7MB,37
2026-07-30 11:31:10,foxglove,14.27%,627.4MiB / 30.66GiB,2.00%,0B / 0B,203MB / 3.51MB,28
2026-07-30 11:31:10,docker-recorder-run-de836728b142,0.00%,22.88MiB / 30.66GiB,0.07%,0B / 0B,42.7MB / 9.68MB,1
2026-07-30 11:31:10,openzen,4.41%,88.59MiB / 30.66GiB,0.28%,0B / 0B,81.6MB / 2.17MB,20
2026-07-30 11:31:10,ouster,10.45%,249MiB / 30.66GiB,0.79%,0B / 0B,184MB / 2.93MB,30
2026-07-30 11:31:10,scovox,85.52%,269.1MiB / 30.66GiB,0.86%,0B / 0B,78.3MB / 4.89MB,53
2026-07-30 11:31:10,mapir-ffmpeg,30.27%,336.5MiB / 30.66GiB,1.07%,0B / 0B,200MB / 1.48MB,33
2026-07-30 11:31:10,trav_ros2,116.05%,478.9MiB / 30.66GiB,1.53%,0B / 0B,125MB / 1.97MB,44
2026-07-30 11:31:10,realsense,40.60%,177MiB / 30.66GiB,0.56%,0B / 0B,107MB / 3.34MB,33
2026-07-30 11:31:10,nav2,13.58%,227.8MiB / 30.66GiB,0.73%,0B / 0B,128MB / 1.19MB,92
2026-07-30 11:31:10,glim,76.38%,550.7MiB / 30.66GiB,1.75%,0B / 0B,149MB / 11.7MB,37
2026-07-30 11:31:13,foxglove,14.10%,627.1MiB / 30.66GiB,2.00%,0B / 0B,203MB / 3.51MB,28
2026-07-30 11:31:13,docker-recorder-run-de836728b142,0.00%,22.88MiB / 30.66GiB,0.07%,0B / 0B,42.7MB / 9.68MB,1
2026-07-30 11:31:13,openzen,4.57%,88.59MiB / 30.66GiB,0.28%,0B / 0B,81.6MB / 2.17MB,20
2026-07-30 11:31:13,ouster,10.48%,248.5MiB / 30.66GiB,0.79%,0B / 0B,184MB / 2.93MB,30
2026-07-30 11:31:13,scovox,79.01%,349.3MiB / 30.66GiB,1.11%,0B / 0B,78.3MB / 4.89MB,53
2026-07-30 11:31:13,mapir-ffmpeg,33.46%,337MiB / 30.66GiB,1.07%,0B / 0B,200MB / 1.48MB,33
2026-07-30 11:31:13,trav_ros2,113.07%,486.2MiB / 30.66GiB,1.55%,0B / 0B,125MB / 1.97MB,44
2026-07-30 11:31:13,realsense,29.70%,177MiB / 30.66GiB,0.56%,0B / 0B,107MB / 3.34MB,33
2026-07-30 11:31:13,nav2,13.89%,228.1MiB / 30.66GiB,0.73%,0B / 0B,128MB / 1.19MB,92
2026-07-30 11:31:13,glim,65.18%,551.6MiB / 30.66GiB,1.76%,0B / 0B,149MB / 11.7MB,37
2026-07-30 11:31:16,foxglove,13.05%,624.7MiB / 30.66GiB,1.99%,0B / 0B,203MB / 3.51MB,28
2026-07-30 11:31:16,docker-recorder-run-de836728b142,0.00%,22.88MiB / 30.66GiB,0.07%,0B / 0B,42.7MB / 9.68MB,1
2026-07-30 11:31:16,openzen,4.11%,88.59MiB / 30.66GiB,0.28%,0B / 0B,81.6MB / 2.17MB,20
2026-07-30 11:31:16,ouster,7.76%,248.2MiB / 30.66GiB,0.79%,0B / 0B,184MB / 2.93MB,30
2026-07-30 11:31:16,scovox,91.15%,277.8MiB / 30.66GiB,0.88%,0B / 0B,78.3MB / 4.89MB,53
2026-07-30 11:31:16,mapir-ffmpeg,33.25%,336.5MiB / 30.66GiB,1.07%,0B / 0B,200MB / 1.48MB,33
2026-07-30 11:31:16,trav_ros2,111.63%,482.3MiB / 30.66GiB,1.54%,0B / 0B,125MB / 1.97MB,44
2026-07-30 11:31:16,realsense,43.00%,176.7MiB / 30.66GiB,0.56%,0B / 0B,107MB / 3.34MB,33
2026-07-30 11:31:16,nav2,12.69%,228.3MiB / 30.66GiB,0.73%,0B / 0B,128MB / 1.19MB,92
2026-07-30 11:31:16,glim,74.30%,551.2MiB / 30.66GiB,1.76%,0B / 0B,149MB / 11.7MB,37
2026-07-30 11:31:19,foxglove,12.20%,624.6MiB / 30.66GiB,1.99%,0B / 0B,203MB / 3.51MB,28
2026-07-30 11:31:19,docker-recorder-run-de836728b142,0.00%,22.88MiB / 30.66GiB,0.07%,0B / 0B,42.7MB / 9.68MB,1
2026-07-30 11:31:19,openzen,4.51%,88.59MiB / 30.66GiB,0.28%,0B / 0B,81.6MB / 2.17MB,20
2026-07-30 11:31:19,ouster,7.90%,248.7MiB / 30.66GiB,0.79%,0B / 0B,184MB / 2.93MB,30
2026-07-30 11:31:19,scovox,83.32%,354.3MiB / 30.66GiB,1.13%,0B / 0B,78.3MB / 4.89MB,53
2026-07-30 11:31:19,mapir-ffmpeg,29.81%,336.5MiB / 30.66GiB,1.07%,0B / 0B,200MB / 1.48MB,33
2026-07-30 11:31:19,trav_ros2,118.77%,492.3MiB / 30.66GiB,1.57%,0B / 0B,125MB / 1.97MB,44
2026-07-30 11:31:19,realsense,28.23%,177MiB / 30.66GiB,0.56%,0B / 0B,107MB / 3.34MB,33
2026-07-30 11:31:19,nav2,12.71%,227.8MiB / 30.66GiB,0.73%,0B / 0B,128MB / 1.19MB,92
2026-07-30 11:31:19,glim,69.01%,552.4MiB / 30.66GiB,1.76%,0B / 0B,149MB / 11.7MB,37
2026-07-30 11:31:22,foxglove,14.48%,625.6MiB / 30.66GiB,1.99%,0B / 0B,203MB / 3.51MB,28
2026-07-30 11:31:22,docker-recorder-run-de836728b142,0.00%,22.88MiB / 30.66GiB,0.07%,0B / 0B,42.7MB / 9.68MB,1
2026-07-30 11:31:22,openzen,4.51%,88.59MiB / 30.66GiB,0.28%,0B / 0B,81.6MB / 2.17MB,20
2026-07-30 11:31:22,ouster,7.62%,248.2MiB / 30.66GiB,0.79%,0B / 0B,184MB / 2.93MB,30
2026-07-30 11:31:22,scovox,95.83%,303.2MiB / 30.66GiB,0.97%,0B / 0B,78.3MB / 4.98MB,53
2026-07-30 11:31:22,mapir-ffmpeg,31.60%,337MiB / 30.66GiB,1.07%,0B / 0B,200MB / 1.48MB,33
2026-07-30 11:31:22,trav_ros2,112.53%,494.7MiB / 30.66GiB,1.58%,0B / 0B,125MB / 1.97MB,44
2026-07-30 11:31:22,realsense,43.92%,176.7MiB / 30.66GiB,0.56%,0B / 0B,107MB / 3.34MB,33
2026-07-30 11:31:22,nav2,13.31%,227.8MiB / 30.66GiB,0.73%,0B / 0B,128MB / 1.19MB,92
2026-07-30 11:31:22,glim,75.14%,552.4MiB / 30.66GiB,1.76%,0B / 0B,149MB / 11.7MB,37
2026-07-30 11:31:25,foxglove,11.80%,624.3MiB / 30.66GiB,1.99%,0B / 0B,203MB / 3.51MB,28
2026-07-30 11:31:25,docker-recorder-run-de836728b142,0.00%,22.88MiB / 30.66GiB,0.07%,0B / 0B,42.7MB / 9.68MB,1
2026-07-30 11:31:25,openzen,4.21%,88.59MiB / 30.66GiB,0.28%,0B / 0B,81.6MB / 2.17MB,20
2026-07-30 11:31:25,ouster,19.92%,248.7MiB / 30.66GiB,0.79%,0B / 0B,184MB / 2.93MB,30
2026-07-30 11:31:25,scovox,67.37%,353.1MiB / 30.66GiB,1.12%,0B / 0B,78.3MB / 4.98MB,53
2026-07-30 11:31:25,mapir-ffmpeg,28.54%,336.5MiB / 30.66GiB,1.07%,0B / 0B,200MB / 1.48MB,33
2026-07-30 11:31:25,trav_ros2,110.57%,481.7MiB / 30.66GiB,1.53%,0B / 0B,125MB / 1.97MB,44
2026-07-30 11:31:25,realsense,18.59%,176.7MiB / 30.66GiB,0.56%,0B / 0B,107MB / 3.34MB,33
2026-07-30 11:31:25,nav2,12.11%,227.8MiB / 30.66GiB,0.73%,0B / 0B,128MB / 1.19MB,92
2026-07-30 11:31:25,glim,70.94%,552.7MiB / 30.66GiB,1.76%,0B / 0B,149MB / 11.7MB,37
2026-07-30 11:31:28,foxglove,13.90%,625.2MiB / 30.66GiB,1.99%,0B / 0B,203MB / 3.51MB,28
2026-07-30 11:31:28,docker-recorder-run-de836728b142,0.00%,22.88MiB / 30.66GiB,0.07%,0B / 0B,42.7MB / 9.68MB,1
2026-07-30 11:31:28,openzen,3.79%,88.59MiB / 30.66GiB,0.28%,0B / 0B,81.6MB / 2.17MB,20
2026-07-30 11:31:28,ouster,24.07%,248.6MiB / 30.66GiB,0.79%,0B / 0B,184MB / 2.93MB,30
2026-07-30 11:31:28,scovox,70.38%,353.4MiB / 30.66GiB,1.13%,0B / 0B,78.3MB / 4.98MB,53
2026-07-30 11:31:28,mapir-ffmpeg,30.88%,336.7MiB / 30.66GiB,1.07%,0B / 0B,200MB / 1.48MB,33
2026-07-30 11:31:28,trav_ros2,111.99%,486.3MiB / 30.66GiB,1.55%,0B / 0B,125MB / 1.97MB,44
2026-07-30 11:31:28,realsense,39.32%,177MiB / 30.66GiB,0.56%,0B / 0B,107MB / 3.34MB,33
2026-07-30 11:31:28,nav2,13.44%,228MiB / 30.66GiB,0.73%,0B / 0B,128MB / 1.19MB,92
2026-07-30 11:31:28,glim,66.52%,553.3MiB / 30.66GiB,1.76%,0B / 0B,149MB / 11.7MB,37
2026-07-30 11:31:32,foxglove,10.93%,596.8MiB / 30.66GiB,1.90%,0B / 0B,203MB / 3.51MB,28
2026-07-30 11:31:32,docker-recorder-run-de836728b142,0.00%,22.88MiB / 30.66GiB,0.07%,0B / 0B,42.7MB / 9.68MB,1
2026-07-30 11:31:32,openzen,4.24%,88.59MiB / 30.66GiB,0.28%,0B / 0B,81.6MB / 2.17MB,20
2026-07-30 11:31:32,ouster,19.72%,248.7MiB / 30.66GiB,0.79%,0B / 0B,184MB / 2.93MB,30
2026-07-30 11:31:32,scovox,69.33%,355.9MiB / 30.66GiB,1.13%,0B / 0B,78.3MB / 4.98MB,53
2026-07-30 11:31:32,mapir-ffmpeg,32.43%,336.5MiB / 30.66GiB,1.07%,0B / 0B,200MB / 1.48MB,33
2026-07-30 11:31:32,trav_ros2,117.33%,492.4MiB / 30.66GiB,1.57%,0B / 0B,125MB / 1.97MB,44
2026-07-30 11:31:32,realsense,18.32%,177MiB / 30.66GiB,0.56%,0B / 0B,107MB / 3.34MB,33
2026-07-30 11:31:32,nav2,13.33%,228.1MiB / 30.66GiB,0.73%,0B / 0B,128MB / 1.19MB,92
2026-07-30 11:31:32,glim,76.74%,553MiB / 30.66GiB,1.76%,0B / 0B,149MB / 11.7MB,37
2026-07-30 11:31:35,foxglove,12.08%,625MiB / 30.66GiB,1.99%,0B / 0B,203MB / 3.51MB,28
2026-07-30 11:31:35,docker-recorder-run-de836728b142,0.00%,22.88MiB / 30.66GiB,0.07%,0B / 0B,42.7MB / 9.68MB,1
2026-07-30 11:31:35,openzen,4.47%,88.59MiB / 30.66GiB,0.28%,0B / 0B,81.6MB / 2.17MB,20
2026-07-30 11:31:35,ouster,23.86%,248.4MiB / 30.66GiB,0.79%,0B / 0B,184MB / 2.93MB,30
2026-07-30 11:31:35,scovox,95.57%,312.7MiB / 30.66GiB,1.00%,0B / 0B,78.3MB / 4.98MB,53
2026-07-30 11:31:35,mapir-ffmpeg,28.32%,336.5MiB / 30.66GiB,1.07%,0B / 0B,200MB / 1.49MB,33
2026-07-30 11:31:35,trav_ros2,112.23%,486.2MiB / 30.66GiB,1.55%,0B / 0B,125MB / 1.97MB,44
2026-07-30 11:31:35,realsense,37.96%,177MiB / 30.66GiB,0.56%,0B / 0B,107MB / 3.34MB,33
2026-07-30 11:31:35,nav2,12.93%,228.1MiB / 30.66GiB,0.73%,0B / 0B,128MB / 1.19MB,92
2026-07-30 11:31:35,glim,72.67%,553.1MiB / 30.66GiB,1.76%,0B / 0B,149MB / 11.7MB,37
2026-07-30 11:31:38,foxglove,14.43%,625.6MiB / 30.66GiB,1.99%,0B / 0B,203MB / 3.51MB,28
2026-07-30 11:31:38,docker-recorder-run-de836728b142,0.00%,22.88MiB / 30.66GiB,0.07%,0B / 0B,42.7MB / 9.68MB,1
2026-07-30 11:31:38,openzen,4.54%,88.59MiB / 30.66GiB,0.28%,0B / 0B,81.6MB / 2.17MB,20
2026-07-30 11:31:38,ouster,21.14%,248.1MiB / 30.66GiB,0.79%,0B / 0B,184MB / 2.93MB,30
2026-07-30 11:31:38,scovox,99.35%,310.7MiB / 30.66GiB,0.99%,0B / 0B,78.3MB / 4.98MB,53
2026-07-30 11:31:38,mapir-ffmpeg,29.95%,336.7MiB / 30.66GiB,1.07%,0B / 0B,200MB / 1.49MB,33
2026-07-30 11:31:38,trav_ros2,114.05%,488.4MiB / 30.66GiB,1.56%,0B / 0B,125MB / 1.97MB,44
2026-07-30 11:31:38,realsense,20.36%,177.2MiB / 30.66GiB,0.56%,0B / 0B,107MB / 3.34MB,33
2026-07-30 11:31:38,nav2,14.34%,227.8MiB / 30.66GiB,0.73%,0B / 0B,128MB / 1.19MB,92
2026-07-30 11:31:38,glim,71.97%,553.3MiB / 30.66GiB,1.76%,0B / 0B,149MB / 11.7MB,37
2026-07-30 11:31:41,foxglove,14.32%,625.1MiB / 30.66GiB,1.99%,0B / 0B,203MB / 3.51MB,28
2026-07-30 11:31:41,docker-recorder-run-de836728b142,0.00%,22.88MiB / 30.66GiB,0.07%,0B / 0B,42.7MB / 9.68MB,1
2026-07-30 11:31:41,openzen,4.19%,88.59MiB / 30.66GiB,0.28%,0B / 0B,81.6MB / 2.17MB,20
2026-07-30 11:31:41,ouster,10.76%,248.5MiB / 30.66GiB,0.79%,0B / 0B,184MB / 2.93MB,30
2026-07-30 11:31:41,scovox,98.14%,336.1MiB / 30.66GiB,1.07%,0B / 0B,78.3MB / 4.98MB,53
2026-07-30 11:31:41,mapir-ffmpeg,45.30%,336.5MiB / 30.66GiB,1.07%,0B / 0B,200MB / 1.49MB,33
2026-07-30 11:31:41,trav_ros2,115.97%,491.1MiB / 30.66GiB,1.56%,0B / 0B,125MB / 1.99MB,44
2026-07-30 11:31:41,realsense,18.44%,177.2MiB / 30.66GiB,0.56%,0B / 0B,107MB / 3.34MB,33
2026-07-30 11:31:41,nav2,13.79%,227.8MiB / 30.66GiB,0.73%,0B / 0B,128MB / 1.19MB,92
2026-07-30 11:31:41,glim,71.64%,553.7MiB / 30.66GiB,1.76%,0B / 0B,149MB / 11.7MB,37
2026-07-30 11:31:44,foxglove,11.49%,625.4MiB / 30.66GiB,1.99%,0B / 0B,203MB / 3.51MB,28
2026-07-30 11:31:44,docker-recorder-run-de836728b142,0.00%,22.88MiB / 30.66GiB,0.07%,0B / 0B,42.7MB / 9.68MB,1
2026-07-30 11:31:44,openzen,3.59%,88.59MiB / 30.66GiB,0.28%,0B / 0B,81.6MB / 2.17MB,20
2026-07-30 11:31:44,ouster,7.39%,248.9MiB / 30.66GiB,0.79%,0B / 0B,184MB / 2.93MB,30
2026-07-30 11:31:44,scovox,73.67%,363.4MiB / 30.66GiB,1.16%,0B / 0B,78.3MB / 4.98MB,53
2026-07-30 11:31:44,mapir-ffmpeg,41.79%,336.5MiB / 30.66GiB,1.07%,0B / 0B,200MB / 1.49MB,33
2026-07-30 11:31:44,trav_ros2,114.98%,549.2MiB / 30.66GiB,1.75%,0B / 0B,125MB / 1.99MB,44
2026-07-30 11:31:44,realsense,46.32%,177.5MiB / 30.66GiB,0.57%,0B / 0B,107MB / 3.34MB,33
2026-07-30 11:31:44,nav2,12.83%,228.5MiB / 30.66GiB,0.73%,0B / 0B,128MB / 1.19MB,92
2026-07-30 11:31:44,glim,68.17%,554.2MiB / 30.66GiB,1.77%,0B / 0B,149MB / 11.7MB,37
2026-07-30 11:31:47,foxglove,12.90%,625.9MiB / 30.66GiB,1.99%,0B / 0B,203MB / 3.51MB,28
2026-07-30 11:31:47,docker-recorder-run-de836728b142,0.00%,22.88MiB / 30.66GiB,0.07%,0B / 0B,42.7MB / 9.68MB,1
2026-07-30 11:31:47,openzen,3.93%,89.09MiB / 30.66GiB,0.28%,0B / 0B,81.6MB / 2.17MB,20
2026-07-30 11:31:47,ouster,7.74%,248.3MiB / 30.66GiB,0.79%,0B / 0B,184MB / 2.93MB,30
2026-07-30 11:31:47,scovox,87.46%,341.7MiB / 30.66GiB,1.09%,0B / 0B,78.3MB / 4.98MB,53
2026-07-30 11:31:47,mapir-ffmpeg,30.08%,336.5MiB / 30.66GiB,1.07%,0B / 0B,200MB / 1.49MB,33
2026-07-30 11:31:47,trav_ros2,112.59%,491.9MiB / 30.66GiB,1.57%,0B / 0B,125MB / 1.99MB,44
2026-07-30 11:31:47,realsense,18.96%,176.7MiB / 30.66GiB,0.56%,0B / 0B,107MB / 3.34MB,33
2026-07-30 11:31:47,nav2,13.50%,228.3MiB / 30.66GiB,0.73%,0B / 0B,128MB / 1.19MB,92
2026-07-30 11:31:47,glim,73.53%,554.9MiB / 30.66GiB,1.77%,0B / 0B,149MB / 11.7MB,37
2026-07-30 11:31:50,foxglove,19.86%,625.4MiB / 30.66GiB,1.99%,0B / 0B,203MB / 3.51MB,28
2026-07-30 11:31:50,docker-recorder-run-de836728b142,0.00%,22.88MiB / 30.66GiB,0.07%,0B / 0B,42.7MB / 9.68MB,1
2026-07-30 11:31:50,openzen,3.80%,88.59MiB / 30.66GiB,0.28%,0B / 0B,81.6MB / 2.17MB,20
2026-07-30 11:31:50,ouster,9.94%,248.8MiB / 30.66GiB,0.79%,0B / 0B,184MB / 2.93MB,30
2026-07-30 11:31:50,scovox,80.60%,360.8MiB / 30.66GiB,1.15%,0B / 0B,78.3MB / 4.98MB,53
2026-07-30 11:31:50,mapir-ffmpeg,29.64%,336.5MiB / 30.66GiB,1.07%,0B / 0B,200MB / 1.49MB,33
2026-07-30 11:31:50,trav_ros2,113.45%,489MiB / 30.66GiB,1.56%,0B / 0B,125MB / 1.99MB,44
2026-07-30 11:31:50,realsense,19.52%,176.7MiB / 30.66GiB,0.56%,0B / 0B,107MB / 3.34MB,33
2026-07-30 11:31:50,nav2,13.57%,228.8MiB / 30.66GiB,0.73%,0B / 0B,128MB / 1.19MB,92
2026-07-30 11:31:50,glim,89.86%,554.4MiB / 30.66GiB,1.77%,0B / 0B,149MB / 11.7MB,37
2026-07-30 11:31:53,foxglove,16.95%,625.5MiB / 30.66GiB,1.99%,0B / 0B,203MB / 3.51MB,28
2026-07-30 11:31:53,docker-recorder-run-de836728b142,0.00%,22.88MiB / 30.66GiB,0.07%,0B / 0B,42.7MB / 9.68MB,1
2026-07-30 11:31:53,openzen,4.31%,88.59MiB / 30.66GiB,0.28%,0B / 0B,81.6MB / 2.17MB,20
2026-07-30 11:31:53,ouster,8.76%,248.3MiB / 30.66GiB,0.79%,0B / 0B,184MB / 2.93MB,30
2026-07-30 11:31:53,scovox,86.07%,347.2MiB / 30.66GiB,1.11%,0B / 0B,78.3MB / 4.98MB,53
2026-07-30 11:31:53,mapir-ffmpeg,39.88%,337.2MiB / 30.66GiB,1.07%,0B / 0B,200MB / 1.49MB,33
2026-07-30 11:31:53,trav_ros2,113.04%,482.1MiB / 30.66GiB,1.54%,0B / 0B,125MB / 1.99MB,44
2026-07-30 11:31:53,realsense,24.95%,176.7MiB / 30.66GiB,0.56%,0B / 0B,107MB / 3.34MB,33
2026-07-30 11:31:53,nav2,14.04%,228.6MiB / 30.66GiB,0.73%,0B / 0B,128MB / 1.19MB,92
2026-07-30 11:31:53,glim,67.56%,554.9MiB / 30.66GiB,1.77%,0B / 0B,149MB / 11.7MB,37
2026-07-30 11:31:56,foxglove,14.88%,624.9MiB / 30.66GiB,1.99%,0B / 0B,203MB / 3.51MB,28
2026-07-30 11:31:56,docker-recorder-run-de836728b142,0.00%,22.88MiB / 30.66GiB,0.07%,0B / 0B,42.7MB / 9.68MB,1
2026-07-30 11:31:56,openzen,4.29%,88.59MiB / 30.66GiB,0.28%,0B / 0B,81.6MB / 2.17MB,20
2026-07-30 11:31:56,ouster,8.16%,248.2MiB / 30.66GiB,0.79%,0B / 0B,184MB / 2.93MB,30
2026-07-30 11:31:56,scovox,90.60%,269.9MiB / 30.66GiB,0.86%,0B / 0B,78.3MB / 4.98MB,53
2026-07-30 11:31:56,mapir-ffmpeg,31.17%,336.5MiB / 30.66GiB,1.07%,0B / 0B,200MB / 1.49MB,33
2026-07-30 11:31:56,trav_ros2,115.37%,524.1MiB / 30.66GiB,1.67%,0B / 0B,125MB / 1.99MB,44
2026-07-30 11:31:56,realsense,18.74%,176.7MiB / 30.66GiB,0.56%,0B / 0B,107MB / 3.34MB,33
2026-07-30 11:31:56,nav2,12.87%,228.1MiB / 30.66GiB,0.73%,0B / 0B,128MB / 1.19MB,92
2026-07-30 11:31:56,glim,93.28%,555.2MiB / 30.66GiB,1.77%,0B / 0B,149MB / 11.7MB,37
2026-07-30 11:31:59,foxglove,19.60%,625.4MiB / 30.66GiB,1.99%,0B / 0B,203MB / 3.51MB,28
2026-07-30 11:31:59,docker-recorder-run-de836728b142,0.00%,22.88MiB / 30.66GiB,0.07%,0B / 0B,42.7MB / 9.68MB,1
2026-07-30 11:31:59,openzen,3.92%,88.59MiB / 30.66GiB,0.28%,0B / 0B,81.6MB / 2.17MB,20
2026-07-30 11:31:59,ouster,8.42%,248.1MiB / 30.66GiB,0.79%,0B / 0B,184MB / 2.93MB,30
2026-07-30 11:31:59,scovox,81.45%,352MiB / 30.66GiB,1.12%,0B / 0B,78.3MB / 5.08MB,53
2026-07-30 11:31:59,mapir-ffmpeg,41.11%,336.7MiB / 30.66GiB,1.07%,0B / 0B,200MB / 1.49MB,33
2026-07-30 11:31:59,trav_ros2,117.27%,487.6MiB / 30.66GiB,1.55%,0B / 0B,125MB / 1.99MB,44
2026-07-30 11:31:59,realsense,40.04%,176.7MiB / 30.66GiB,0.56%,0B / 0B,107MB / 3.34MB,33
2026-07-30 11:31:59,nav2,12.90%,228.1MiB / 30.66GiB,0.73%,0B / 0B,128MB / 1.19MB,92
2026-07-30 11:31:59,glim,67.29%,554.8MiB / 30.66GiB,1.77%,0B / 0B,149MB / 11.7MB,37
2026-07-30 11:32:02,foxglove,11.83%,627.5MiB / 30.66GiB,2.00%,0B / 0B,203MB / 3.51MB,28
2026-07-30 11:32:02,docker-recorder-run-de836728b142,0.00%,22.88MiB / 30.66GiB,0.07%,0B / 0B,42.7MB / 9.68MB,1
2026-07-30 11:32:02,openzen,4.34%,89.09MiB / 30.66GiB,0.28%,0B / 0B,81.6MB / 2.17MB,20
2026-07-30 11:32:02,ouster,8.29%,248.5MiB / 30.66GiB,0.79%,0B / 0B,184MB / 2.93MB,30
2026-07-30 11:32:02,scovox,77.98%,352.8MiB / 30.66GiB,1.12%,0B / 0B,78.3MB / 5.08MB,53
2026-07-30 11:32:02,mapir-ffmpeg,36.64%,336.5MiB / 30.66GiB,1.07%,0B / 0B,200MB / 1.49MB,33
2026-07-30 11:32:02,trav_ros2,113.13%,492MiB / 30.66GiB,1.57%,0B / 0B,125MB / 1.99MB,44
2026-07-30 11:32:02,realsense,18.87%,177MiB / 30.66GiB,0.56%,0B / 0B,107MB / 3.34MB,33
2026-07-30 11:32:02,nav2,14.02%,227.8MiB / 30.66GiB,0.73%,0B / 0B,128MB / 1.19MB,92
2026-07-30 11:32:02,glim,85.47%,555.6MiB / 30.66GiB,1.77%,0B / 0B,149MB / 11.7MB,37
2026-07-30 11:32:05,foxglove,13.28%,625.4MiB / 30.66GiB,1.99%,0B / 0B,203MB / 3.51MB,28
2026-07-30 11:32:05,docker-recorder-run-de836728b142,0.00%,22.88MiB / 30.66GiB,0.07%,0B / 0B,42.7MB / 9.68MB,1
2026-07-30 11:32:05,openzen,4.21%,88.59MiB / 30.66GiB,0.28%,0B / 0B,81.6MB / 2.17MB,20
2026-07-30 11:32:05,ouster,6.95%,248.4MiB / 30.66GiB,0.79%,0B / 0B,184MB / 2.93MB,30
2026-07-30 11:32:05,scovox,68.30%,351.3MiB / 30.66GiB,1.12%,0B / 0B,78.3MB / 5.08MB,53
2026-07-30 11:32:05,mapir-ffmpeg,29.05%,336.5MiB / 30.66GiB,1.07%,0B / 0B,200MB / 1.49MB,33
2026-07-30 11:32:05,trav_ros2,116.73%,483.8MiB / 30.66GiB,1.54%,0B / 0B,125MB / 1.99MB,44
2026-07-30 11:32:05,realsense,18.57%,176.7MiB / 30.66GiB,0.56%,0B / 0B,107MB / 3.34MB,33
2026-07-30 11:32:05,nav2,12.21%,228.3MiB / 30.66GiB,0.73%,0B / 0B,128MB / 1.19MB,92
2026-07-30 11:32:05,glim,72.32%,555.6MiB / 30.66GiB,1.77%,0B / 0B,149MB / 11.7MB,37
2026-07-30 11:32:08,foxglove,17.63%,624.6MiB / 30.66GiB,1.99%,0B / 0B,203MB / 3.51MB,28
2026-07-30 11:32:08,docker-recorder-run-de836728b142,0.00%,22.88MiB / 30.66GiB,0.07%,0B / 0B,42.7MB / 9.68MB,1
2026-07-30 11:32:08,openzen,4.32%,88.6MiB / 30.66GiB,0.28%,0B / 0B,81.6MB / 2.17MB,20
2026-07-30 11:32:08,ouster,8.09%,249.1MiB / 30.66GiB,0.79%,0B / 0B,184MB / 2.93MB,30
2026-07-30 11:32:08,scovox,100.17%,306MiB / 30.66GiB,0.97%,0B / 0B,78.3MB / 5.08MB,53
2026-07-30 11:32:08,mapir-ffmpeg,29.87%,337.5MiB / 30.66GiB,1.07%,0B / 0B,200MB / 1.49MB,33
2026-07-30 11:32:08,trav_ros2,116.66%,540.6MiB / 30.66GiB,1.72%,0B / 0B,125MB / 1.99MB,44
2026-07-30 11:32:08,realsense,18.64%,177.2MiB / 30.66GiB,0.56%,0B / 0B,107MB / 3.34MB,33
2026-07-30 11:32:08,nav2,13.81%,228.8MiB / 30.66GiB,0.73%,0B / 0B,128MB / 1.19MB,92
2026-07-30 11:32:08,glim,76.83%,556.3MiB / 30.66GiB,1.77%,0B / 0B,149MB / 11.7MB,37
2026-07-30 11:32:11,foxglove,13.04%,597MiB / 30.66GiB,1.90%,0B / 0B,203MB / 3.51MB,28
2026-07-30 11:32:11,docker-recorder-run-de836728b142,0.00%,22.88MiB / 30.66GiB,0.07%,0B / 0B,42.7MB / 9.68MB,1
2026-07-30 11:32:11,openzen,3.92%,88.59MiB / 30.66GiB,0.28%,0B / 0B,81.6MB / 2.17MB,20
2026-07-30 11:32:11,ouster,7.79%,248.3MiB / 30.66GiB,0.79%,0B / 0B,184MB / 2.93MB,30
2026-07-30 11:32:11,scovox,66.91%,356.1MiB / 30.66GiB,1.13%,0B / 0B,78.3MB / 5.08MB,53
2026-07-30 11:32:11,mapir-ffmpeg,29.27%,336.5MiB / 30.66GiB,1.07%,0B / 0B,200MB / 1.5MB,33
2026-07-30 11:32:11,trav_ros2,112.06%,485.2MiB / 30.66GiB,1.55%,0B / 0B,125MB / 1.99MB,44
2026-07-30 11:32:11,realsense,18.62%,176.7MiB / 30.66GiB,0.56%,0B / 0B,107MB / 3.34MB,33
2026-07-30 11:32:11,nav2,13.06%,227.8MiB / 30.66GiB,0.73%,0B / 0B,128MB / 1.19MB,92
2026-07-30 11:32:11,glim,82.30%,556.6MiB / 30.66GiB,1.77%,0B / 0B,149MB / 11.7MB,37
2026-07-30 11:32:15,foxglove,13.71%,624.4MiB / 30.66GiB,1.99%,0B / 0B,203MB / 3.51MB,28
2026-07-30 11:32:15,docker-recorder-run-de836728b142,0.00%,22.88MiB / 30.66GiB,0.07%,0B / 0B,42.7MB / 9.68MB,1
2026-07-30 11:32:15,openzen,3.89%,88.59MiB / 30.66GiB,0.28%,0B / 0B,81.6MB / 2.17MB,20
2026-07-30 11:32:15,ouster,17.25%,248.4MiB / 30.66GiB,0.79%,0B / 0B,184MB / 2.93MB,30
2026-07-30 11:32:15,scovox,94.88%,311MiB / 30.66GiB,0.99%,0B / 0B,78.3MB / 5.09MB,53
2026-07-30 11:32:15,mapir-ffmpeg,30.61%,336.5MiB / 30.66GiB,1.07%,0B / 0B,200MB / 1.5MB,33
2026-07-30 11:32:15,trav_ros2,117.41%,488.2MiB / 30.66GiB,1.55%,0B / 0B,125MB / 2.02MB,44
2026-07-30 11:32:15,realsense,18.81%,177MiB / 30.66GiB,0.56%,0B / 0B,107MB / 3.34MB,33
2026-07-30 11:32:15,nav2,13.17%,228.8MiB / 30.66GiB,0.73%,0B / 0B,128MB / 1.19MB,92
2026-07-30 11:32:15,glim,70.31%,556.4MiB / 30.66GiB,1.77%,0B / 0B,149MB / 11.7MB,37
2026-07-30 11:32:18,foxglove,19.82%,597.1MiB / 30.66GiB,1.90%,0B / 0B,203MB / 3.51MB,28
2026-07-30 11:32:18,docker-recorder-run-de836728b142,0.00%,22.88MiB / 30.66GiB,0.07%,0B / 0B,42.7MB / 9.68MB,1
2026-07-30 11:32:18,openzen,3.92%,88.84MiB / 30.66GiB,0.28%,0B / 0B,81.6MB / 2.17MB,20
2026-07-30 11:32:18,ouster,10.81%,248.6MiB / 30.66GiB,0.79%,0B / 0B,184MB / 2.93MB,30
2026-07-30 11:32:18,scovox,97.10%,309.9MiB / 30.66GiB,0.99%,0B / 0B,78.3MB / 5.09MB,53
2026-07-30 11:32:18,mapir-ffmpeg,29.06%,336.5MiB / 30.66GiB,1.07%,0B / 0B,200MB / 1.5MB,33
2026-07-30 11:32:18,trav_ros2,117.38%,491.8MiB / 30.66GiB,1.57%,0B / 0B,125MB / 2.02MB,44
2026-07-30 11:32:18,realsense,18.63%,177.2MiB / 30.66GiB,0.56%,0B / 0B,107MB / 3.34MB,33
2026-07-30 11:32:18,nav2,13.22%,227.8MiB / 30.66GiB,0.73%,0B / 0B,128MB / 1.19MB,92
2026-07-30 11:32:18,glim,75.03%,578.4MiB / 30.66GiB,1.84%,0B / 0B,149MB / 11.7MB,37
2026-07-30 11:32:21,foxglove,14.85%,625.3MiB / 30.66GiB,1.99%,0B / 0B,203MB / 3.51MB,28
2026-07-30 11:32:21,docker-recorder-run-de836728b142,0.00%,22.88MiB / 30.66GiB,0.07%,0B / 0B,42.7MB / 9.68MB,1
2026-07-30 11:32:21,openzen,3.96%,88.59MiB / 30.66GiB,0.28%,0B / 0B,81.6MB / 2.17MB,20
2026-07-30 11:32:21,ouster,10.93%,248.8MiB / 30.66GiB,0.79%,0B / 0B,184MB / 2.93MB,30
2026-07-30 11:32:21,scovox,95.64%,336.7MiB / 30.66GiB,1.07%,0B / 0B,78.3MB / 5.09MB,53
2026-07-30 11:32:21,mapir-ffmpeg,29.24%,336.5MiB / 30.66GiB,1.07%,0B / 0B,200MB / 1.5MB,33
2026-07-30 11:32:21,trav_ros2,113.45%,492.8MiB / 30.66GiB,1.57%,0B / 0B,125MB / 2.02MB,44
2026-07-30 11:32:21,realsense,39.59%,177MiB / 30.66GiB,0.56%,0B / 0B,107MB / 3.34MB,33
2026-07-30 11:32:21,nav2,13.50%,228.3MiB / 30.66GiB,0.73%,0B / 0B,128MB / 1.19MB,92
2026-07-30 11:32:21,glim,65.90%,588.8MiB / 30.66GiB,1.88%,0B / 0B,149MB / 11.7MB,37
2026-07-30 11:32:24,foxglove,11.18%,625.3MiB / 30.66GiB,1.99%,0B / 0B,203MB / 3.51MB,28
2026-07-30 11:32:24,docker-recorder-run-de836728b142,0.00%,22.88MiB / 30.66GiB,0.07%,0B / 0B,42.7MB / 9.68MB,1
2026-07-30 11:32:24,openzen,3.85%,88.59MiB / 30.66GiB,0.28%,0B / 0B,81.6MB / 2.17MB,20
2026-07-30 11:32:24,ouster,9.28%,248.9MiB / 30.66GiB,0.79%,0B / 0B,184MB / 2.93MB,30
2026-07-30 11:32:24,scovox,73.28%,364.6MiB / 30.66GiB,1.16%,0B / 0B,78.3MB / 5.09MB,53
2026-07-30 11:32:24,mapir-ffmpeg,35.76%,336.5MiB / 30.66GiB,1.07%,0B / 0B,200MB / 1.5MB,33
2026-07-30 11:32:24,trav_ros2,110.77%,487.9MiB / 30.66GiB,1.55%,0B / 0B,125MB / 2.02MB,44
2026-07-30 11:32:24,realsense,43.55%,177.2MiB / 30.66GiB,0.56%,0B / 0B,107MB / 3.34MB,33
2026-07-30 11:32:24,nav2,11.40%,228.1MiB / 30.66GiB,0.73%,0B / 0B,128MB / 1.19MB,92
2026-07-30 11:32:24,glim,65.47%,597.4MiB / 30.66GiB,1.90%,0B / 0B,149MB / 11.7MB,37
2026-07-30 11:32:27,foxglove,14.33%,624.6MiB / 30.66GiB,1.99%,0B / 0B,203MB / 3.51MB,28
2026-07-30 11:32:27,docker-recorder-run-de836728b142,0.00%,22.88MiB / 30.66GiB,0.07%,0B / 0B,42.7MB / 9.68MB,1
2026-07-30 11:32:27,openzen,3.79%,88.84MiB / 30.66GiB,0.28%,0B / 0B,81.6MB / 2.17MB,20
2026-07-30 11:32:27,ouster,7.64%,249.4MiB / 30.66GiB,0.79%,0B / 0B,184MB / 2.93MB,30
2026-07-30 11:32:27,scovox,87.60%,339.3MiB / 30.66GiB,1.08%,0B / 0B,78.3MB / 5.09MB,53
2026-07-30 11:32:27,mapir-ffmpeg,34.21%,336.5MiB / 30.66GiB,1.07%,0B / 0B,200MB / 1.5MB,33
2026-07-30 11:32:27,trav_ros2,111.20%,484.3MiB / 30.66GiB,1.54%,0B / 0B,125MB / 2.02MB,44
2026-07-30 11:32:27,realsense,39.46%,177MiB / 30.66GiB,0.56%,0B / 0B,107MB / 3.34MB,33
2026-07-30 11:32:27,nav2,12.99%,227.8MiB / 30.66GiB,0.73%,0B / 0B,128MB / 1.19MB,92
2026-07-30 11:32:27,glim,69.68%,598.7MiB / 30.66GiB,1.91%,0B / 0B,149MB / 11.7MB,37
2026-07-30 11:32:30,foxglove,15.17%,625.8MiB / 30.66GiB,1.99%,0B / 0B,203MB / 3.51MB,28
2026-07-30 11:32:30,docker-recorder-run-de836728b142,0.00%,22.88MiB / 30.66GiB,0.07%,0B / 0B,42.7MB / 9.68MB,1
2026-07-30 11:32:30,openzen,3.64%,88.59MiB / 30.66GiB,0.28%,0B / 0B,81.6MB / 2.17MB,20
2026-07-30 11:32:30,ouster,7.25%,249.1MiB / 30.66GiB,0.79%,0B / 0B,184MB / 2.93MB,30
2026-07-30 11:32:30,scovox,90.36%,344.1MiB / 30.66GiB,1.10%,0B / 0B,78.3MB / 5.17MB,53
2026-07-30 11:32:30,mapir-ffmpeg,42.67%,336.5MiB / 30.66GiB,1.07%,0B / 0B,200MB / 1.5MB,33
2026-07-30 11:32:30,trav_ros2,114.17%,488.4MiB / 30.66GiB,1.56%,0B / 0B,125MB / 2.02MB,44
2026-07-30 11:32:30,realsense,27.70%,176.7MiB / 30.66GiB,0.56%,0B / 0B,107MB / 3.34MB,33
2026-07-30 11:32:30,nav2,12.95%,228.8MiB / 30.66GiB,0.73%,0B / 0B,128MB / 1.19MB,92
2026-07-30 11:32:30,glim,75.75%,598.8MiB / 30.66GiB,1.91%,0B / 0B,149MB / 11.7MB,37
2026-07-30 11:32:33,foxglove,12.66%,625.4MiB / 30.66GiB,1.99%,0B / 0B,203MB / 3.51MB,28
2026-07-30 11:32:33,docker-recorder-run-de836728b142,0.00%,22.88MiB / 30.66GiB,0.07%,0B / 0B,42.7MB / 9.68MB,1
2026-07-30 11:32:33,openzen,4.73%,88.59MiB / 30.66GiB,0.28%,0B / 0B,81.6MB / 2.17MB,20
2026-07-30 11:32:33,ouster,24.37%,248.5MiB / 30.66GiB,0.79%,0B / 0B,184MB / 2.93MB,30
2026-07-30 11:32:33,scovox,88.94%,347.8MiB / 30.66GiB,1.11%,0B / 0B,78.3MB / 5.17MB,53
2026-07-30 11:32:33,mapir-ffmpeg,29.05%,336.5MiB / 30.66GiB,1.07%,0B / 0B,200MB / 1.5MB,33
2026-07-30 11:32:33,trav_ros2,115.78%,521.8MiB / 30.66GiB,1.66%,0B / 0B,125MB / 2.02MB,44
2026-07-30 11:32:33,realsense,23.64%,176.7MiB / 30.66GiB,0.56%,0B / 0B,107MB / 3.34MB,33
2026-07-30 11:32:33,nav2,14.89%,228MiB / 30.66GiB,0.73%,0B / 0B,128MB / 1.19MB,92
2026-07-30 11:32:33,glim,77.15%,599.8MiB / 30.66GiB,1.91%,0B / 0B,149MB / 11.7MB,37
2026-07-30 11:32:36,foxglove,14.94%,625.4MiB / 30.66GiB,1.99%,0B / 0B,203MB / 3.51MB,28
2026-07-30 11:32:36,docker-recorder-run-de836728b142,0.00%,22.88MiB / 30.66GiB,0.07%,0B / 0B,42.7MB / 9.68MB,1
2026-07-30 11:32:36,openzen,4.04%,88.59MiB / 30.66GiB,0.28%,0B / 0B,81.6MB / 2.17MB,20
2026-07-30 11:32:36,ouster,10.79%,248.4MiB / 30.66GiB,0.79%,0B / 0B,184MB / 2.93MB,30
2026-07-30 11:32:36,scovox,83.76%,270MiB / 30.66GiB,0.86%,0B / 0B,78.3MB / 5.17MB,53
2026-07-30 11:32:36,mapir-ffmpeg,33.75%,336.5MiB / 30.66GiB,1.07%,0B / 0B,200MB / 1.5MB,33
2026-07-30 11:32:36,trav_ros2,114.45%,487.3MiB / 30.66GiB,1.55%,0B / 0B,125MB / 2.02MB,44
2026-07-30 11:32:36,realsense,48.05%,176.7MiB / 30.66GiB,0.56%,0B / 0B,107MB / 3.34MB,33
2026-07-30 11:32:36,nav2,12.29%,227.8MiB / 30.66GiB,0.73%,0B / 0B,128MB / 1.19MB,92
2026-07-30 11:32:36,glim,71.94%,593.7MiB / 30.66GiB,1.89%,0B / 0B,149MB / 11.7MB,37
2026-07-30 11:32:39,foxglove,13.91%,625.3MiB / 30.66GiB,1.99%,0B / 0B,203MB / 3.51MB,28
2026-07-30 11:32:39,docker-recorder-run-de836728b142,0.00%,22.88MiB / 30.66GiB,0.07%,0B / 0B,42.7MB / 9.68MB,1
2026-07-30 11:32:39,openzen,4.08%,88.59MiB / 30.66GiB,0.28%,0B / 0B,81.6MB / 2.17MB,20
2026-07-30 11:32:39,ouster,10.43%,248MiB / 30.66GiB,0.79%,0B / 0B,184MB / 2.93MB,30
2026-07-30 11:32:39,scovox,80.21%,349.7MiB / 30.66GiB,1.11%,0B / 0B,78.3MB / 5.17MB,53
2026-07-30 11:32:39,mapir-ffmpeg,29.66%,336.5MiB / 30.66GiB,1.07%,0B / 0B,200MB / 1.5MB,33
2026-07-30 11:32:39,trav_ros2,112.63%,483.3MiB / 30.66GiB,1.54%,0B / 0B,125MB / 2.02MB,44
2026-07-30 11:32:39,realsense,19.06%,177MiB / 30.66GiB,0.56%,0B / 0B,107MB / 3.34MB,33
2026-07-30 11:32:39,nav2,13.50%,228.6MiB / 30.66GiB,0.73%,0B / 0B,128MB / 1.19MB,92
2026-07-30 11:32:39,glim,91.72%,593.8MiB / 30.66GiB,1.89%,0B / 0B,149MB / 11.7MB,37
2026-07-30 11:32:42,foxglove,11.43%,625.2MiB / 30.66GiB,1.99%,0B / 0B,203MB / 3.51MB,28
2026-07-30 11:32:42,docker-recorder-run-de836728b142,0.00%,22.88MiB / 30.66GiB,0.07%,0B / 0B,42.7MB / 9.68MB,1
2026-07-30 11:32:42,openzen,4.38%,88.84MiB / 30.66GiB,0.28%,0B / 0B,81.6MB / 2.17MB,20
2026-07-30 11:32:42,ouster,8.38%,248.5MiB / 30.66GiB,0.79%,0B / 0B,184MB / 2.93MB,30
2026-07-30 11:32:42,scovox,76.53%,349.1MiB / 30.66GiB,1.11%,0B / 0B,78.3MB / 5.17MB,53
2026-07-30 11:32:42,mapir-ffmpeg,32.06%,337MiB / 30.66GiB,1.07%,0B / 0B,200MB / 1.5MB,33
2026-07-30 11:32:42,trav_ros2,120.66%,479MiB / 30.66GiB,1.53%,0B / 0B,125MB / 2.02MB,44
2026-07-30 11:32:42,realsense,22.99%,176.7MiB / 30.66GiB,0.56%,0B / 0B,107MB / 3.34MB,33
2026-07-30 11:32:42,nav2,14.23%,227.8MiB / 30.66GiB,0.73%,0B / 0B,128MB / 1.19MB,92
2026-07-30 11:32:42,glim,82.66%,594.5MiB / 30.66GiB,1.89%,0B / 0B,149MB / 11.7MB,37
2026-07-30 11:32:45,foxglove,12.83%,625.3MiB / 30.66GiB,1.99%,0B / 0B,203MB / 3.51MB,28
2026-07-30 11:32:45,docker-recorder-run-de836728b142,0.00%,22.88MiB / 30.66GiB,0.07%,0B / 0B,42.7MB / 9.68MB,1
2026-07-30 11:32:45,openzen,4.13%,88.59MiB / 30.66GiB,0.28%,0B / 0B,81.6MB / 2.17MB,20
2026-07-30 11:32:45,ouster,9.78%,248.3MiB / 30.66GiB,0.79%,0B / 0B,184MB / 2.93MB,30
2026-07-30 11:32:45,scovox,75.04%,354.7MiB / 30.66GiB,1.13%,0B / 0B,78.3MB / 5.17MB,53
2026-07-30 11:32:45,mapir-ffmpeg,29.95%,336.5MiB / 30.66GiB,1.07%,0B / 0B,200MB / 1.52MB,33
2026-07-30 11:32:45,trav_ros2,116.72%,525.1MiB / 30.66GiB,1.67%,0B / 0B,125MB / 2.04MB,44
2026-07-30 11:32:45,realsense,20.37%,177MiB / 30.66GiB,0.56%,0B / 0B,107MB / 3.34MB,33
2026-07-30 11:32:45,nav2,13.44%,228.1MiB / 30.66GiB,0.73%,0B / 0B,128MB / 1.19MB,92
2026-07-30 11:32:45,glim,74.38%,594.7MiB / 30.66GiB,1.89%,0B / 0B,149MB / 11.7MB,37
2026-07-30 11:32:48,foxglove,23.98%,627.4MiB / 30.66GiB,2.00%,0B / 0B,203MB / 3.51MB,28
2026-07-30 11:32:48,docker-recorder-run-de836728b142,0.00%,22.88MiB / 30.66GiB,0.07%,0B / 0B,42.7MB / 9.68MB,1
2026-07-30 11:32:48,openzen,4.37%,88.85MiB / 30.66GiB,0.28%,0B / 0B,81.6MB / 2.17MB,20
2026-07-30 11:32:48,ouster,10.29%,248.3MiB / 30.66GiB,0.79%,0B / 0B,184MB / 2.93MB,30
2026-07-30 11:32:48,scovox,77.28%,351.6MiB / 30.66GiB,1.12%,0B / 0B,78.3MB / 5.17MB,53
2026-07-30 11:32:48,mapir-ffmpeg,29.42%,337.2MiB / 30.66GiB,1.07%,0B / 0B,200MB / 1.52MB,33
2026-07-30 11:32:48,trav_ros2,113.07%,491.6MiB / 30.66GiB,1.57%,0B / 0B,125MB / 2.04MB,44
2026-07-30 11:32:48,realsense,18.82%,177MiB / 30.66GiB,0.56%,0B / 0B,107MB / 3.34MB,33
2026-07-30 11:32:48,nav2,13.90%,227.8MiB / 30.66GiB,0.73%,0B / 0B,128MB / 1.19MB,92
2026-07-30 11:32:48,glim,78.89%,595.4MiB / 30.66GiB,1.90%,0B / 0B,149MB / 11.7MB,37
2026-07-30 11:32:51,foxglove,17.41%,599.8MiB / 30.66GiB,1.91%,0B / 0B,203MB / 3.51MB,28
2026-07-30 11:32:51,docker-recorder-run-de836728b142,0.00%,22.88MiB / 30.66GiB,0.07%,0B / 0B,42.7MB / 9.68MB,1
2026-07-30 11:32:51,openzen,4.62%,88.59MiB / 30.66GiB,0.28%,0B / 0B,81.6MB / 2.17MB,20
2026-07-30 11:32:51,ouster,7.37%,248.8MiB / 30.66GiB,0.79%,0B / 0B,184MB / 2.93MB,30
2026-07-30 11:32:51,scovox,66.70%,353.9MiB / 30.66GiB,1.13%,0B / 0B,78.3MB / 5.18MB,53
2026-07-30 11:32:51,mapir-ffmpeg,29.63%,336.5MiB / 30.66GiB,1.07%,0B / 0B,200MB / 1.52MB,33
2026-07-30 11:32:51,trav_ros2,112.49%,481.6MiB / 30.66GiB,1.53%,0B / 0B,125MB / 2.04MB,44
2026-07-30 11:32:51,realsense,38.26%,177.3MiB / 30.66GiB,0.56%,0B / 0B,107MB / 3.34MB,33
2026-07-30 11:32:51,nav2,12.65%,227.8MiB / 30.66GiB,0.73%,0B / 0B,128MB / 1.19MB,92
2026-07-30 11:32:51,glim,68.88%,596MiB / 30.66GiB,1.90%,0B / 0B,149MB / 11.7MB,37
2026-07-30 11:32:54,foxglove,15.42%,626.8MiB / 30.66GiB,2.00%,0B / 0B,203MB / 3.51MB,28
2026-07-30 11:32:54,docker-recorder-run-de836728b142,0.00%,22.88MiB / 30.66GiB,0.07%,0B / 0B,42.7MB / 9.68MB,1
2026-07-30 11:32:54,openzen,4.03%,88.59MiB / 30.66GiB,0.28%,0B / 0B,81.6MB / 2.17MB,20
2026-07-30 11:32:54,ouster,8.10%,248.4MiB / 30.66GiB,0.79%,0B / 0B,184MB / 2.93MB,30
2026-07-30 11:32:54,scovox,99.25%,308MiB / 30.66GiB,0.98%,0B / 0B,78.3MB / 5.18MB,53
2026-07-30 11:32:54,mapir-ffmpeg,43.58%,336.5MiB / 30.66GiB,1.07%,0B / 0B,200MB / 1.52MB,33
2026-07-30 11:32:54,trav_ros2,117.84%,488.1MiB / 30.66GiB,1.55%,0B / 0B,125MB / 2.04MB,44
2026-07-30 11:32:54,realsense,37.21%,177.3MiB / 30.66GiB,0.56%,0B / 0B,107MB / 3.34MB,33
2026-07-30 11:32:54,nav2,13.82%,228.3MiB / 30.66GiB,0.73%,0B / 0B,128MB / 1.19MB,92
2026-07-30 11:32:54,glim,70.09%,567.9MiB / 30.66GiB,1.81%,0B / 0B,149MB / 11.7MB,37
2026-07-30 11:32:58,foxglove,23.66%,631.4MiB / 30.66GiB,2.01%,0B / 0B,203MB / 3.51MB,28
2026-07-30 11:32:58,docker-recorder-run-de836728b142,0.00%,22.88MiB / 30.66GiB,0.07%,0B / 0B,42.7MB / 9.68MB,1
2026-07-30 11:32:58,openzen,4.11%,88.59MiB / 30.66GiB,0.28%,0B / 0B,81.6MB / 2.17MB,20
2026-07-30 11:32:58,ouster,8.00%,248.7MiB / 30.66GiB,0.79%,0B / 0B,184MB / 2.93MB,30
2026-07-30 11:32:58,scovox,72.33%,362MiB / 30.66GiB,1.15%,0B / 0B,78.3MB / 5.18MB,53
2026-07-30 11:32:58,mapir-ffmpeg,35.42%,337.4MiB / 30.66GiB,1.07%,0B / 0B,200MB / 1.52MB,33
2026-07-30 11:32:58,trav_ros2,112.64%,485.5MiB / 30.66GiB,1.55%,0B / 0B,125MB / 2.04MB,44
2026-07-30 11:32:58,realsense,19.41%,177.3MiB / 30.66GiB,0.56%,0B / 0B,107MB / 3.34MB,33
2026-07-30 11:32:58,nav2,13.14%,228.1MiB / 30.66GiB,0.73%,0B / 0B,128MB / 1.19MB,92
2026-07-30 11:32:58,glim,74.77%,567.6MiB / 30.66GiB,1.81%,0B / 0B,149MB / 11.7MB,37
2026-07-30 11:33:01,foxglove,17.80%,629.4MiB / 30.66GiB,2.00%,0B / 0B,203MB / 3.51MB,28
2026-07-30 11:33:01,docker-recorder-run-de836728b142,0.00%,22.88MiB / 30.66GiB,0.07%,0B / 0B,42.7MB / 9.68MB,1
2026-07-30 11:33:01,openzen,3.76%,88.59MiB / 30.66GiB,0.28%,0B / 0B,81.6MB / 2.17MB,20
2026-07-30 11:33:01,ouster,9.39%,248.6MiB / 30.66GiB,0.79%,0B / 0B,184MB / 2.93MB,30
2026-07-30 11:33:01,scovox,96.33%,312.1MiB / 30.66GiB,0.99%,0B / 0B,78.3MB / 5.18MB,53
2026-07-30 11:33:01,mapir-ffmpeg,29.98%,336.5MiB / 30.66GiB,1.07%,0B / 0B,200MB / 1.52MB,33
2026-07-30 11:33:01,trav_ros2,115.75%,486.6MiB / 30.66GiB,1.55%,0B / 0B,125MB / 2.04MB,44
2026-07-30 11:33:01,realsense,19.55%,177.5MiB / 30.66GiB,0.57%,0B / 0B,107MB / 3.34MB,33
2026-07-30 11:33:01,nav2,13.52%,228.6MiB / 30.66GiB,0.73%,0B / 0B,128MB / 1.19MB,92
2026-07-30 11:33:01,glim,71.60%,568.2MiB / 30.66GiB,1.81%,0B / 0B,149MB / 11.7MB,37
2026-07-30 11:33:04,foxglove,19.53%,623.3MiB / 30.66GiB,1.99%,0B / 0B,203MB / 3.51MB,28
2026-07-30 11:33:04,docker-recorder-run-de836728b142,0.00%,22.88MiB / 30.66GiB,0.07%,0B / 0B,42.7MB / 9.68MB,1
2026-07-30 11:33:04,openzen,3.83%,88.59MiB / 30.66GiB,0.28%,0B / 0B,81.6MB / 2.17MB,20
2026-07-30 11:33:04,ouster,22.11%,248.6MiB / 30.66GiB,0.79%,0B / 0B,184MB / 2.93MB,30
2026-07-30 11:33:04,scovox,73.11%,361.4MiB / 30.66GiB,1.15%,0B / 0B,78.3MB / 5.28MB,53
2026-07-30 11:33:04,mapir-ffmpeg,28.51%,337MiB / 30.66GiB,1.07%,0B / 0B,200MB / 1.52MB,33
2026-07-30 11:33:04,trav_ros2,114.79%,492MiB / 30.66GiB,1.57%,0B / 0B,125MB / 2.04MB,44
2026-07-30 11:33:04,realsense,18.52%,178MiB / 30.66GiB,0.57%,0B / 0B,107MB / 3.34MB,33
2026-07-30 11:33:04,nav2,13.02%,228.8MiB / 30.66GiB,0.73%,0B / 0B,128MB / 1.19MB,92
2026-07-30 11:33:04,glim,77.14%,568.6MiB / 30.66GiB,1.81%,0B / 0B,149MB / 11.7MB,37
2026-07-30 11:33:07,foxglove,22.68%,631.5MiB / 30.66GiB,2.01%,0B / 0B,203MB / 3.51MB,28
2026-07-30 11:33:07,docker-recorder-run-de836728b142,0.00%,22.88MiB / 30.66GiB,0.07%,0B / 0B,42.7MB / 9.68MB,1
2026-07-30 11:33:07,openzen,4.32%,88.59MiB / 30.66GiB,0.28%,0B / 0B,81.6MB / 2.17MB,20
2026-07-30 11:33:07,ouster,9.64%,248.6MiB / 30.66GiB,0.79%,0B / 0B,184MB / 2.93MB,30
2026-07-30 11:33:07,scovox,94.76%,340.3MiB / 30.66GiB,1.08%,0B / 0B,78.3MB / 5.28MB,53
2026-07-30 11:33:07,mapir-ffmpeg,30.65%,336.5MiB / 30.66GiB,1.07%,0B / 0B,200MB / 1.52MB,33
2026-07-30 11:33:07,trav_ros2,126.54%,488MiB / 30.66GiB,1.55%,0B / 0B,125MB / 2.04MB,44
2026-07-30 11:33:07,realsense,40.03%,177.3MiB / 30.66GiB,0.56%,0B / 0B,107MB / 3.34MB,33
2026-07-30 11:33:07,nav2,14.15%,228.5MiB / 30.66GiB,0.73%,0B / 0B,128MB / 1.19MB,92
2026-07-30 11:33:07,glim,85.46%,569.1MiB / 30.66GiB,1.81%,0B / 0B,149MB / 11.7MB,37
2026-07-30 11:33:10,foxglove,13.24%,622.8MiB / 30.66GiB,1.98%,0B / 0B,203MB / 3.51MB,28
2026-07-30 11:33:10,docker-recorder-run-de836728b142,0.00%,22.88MiB / 30.66GiB,0.07%,0B / 0B,42.7MB / 9.68MB,1
2026-07-30 11:33:10,openzen,3.75%,88.59MiB / 30.66GiB,0.28%,0B / 0B,81.6MB / 2.17MB,20
2026-07-30 11:33:10,ouster,10.85%,248.7MiB / 30.66GiB,0.79%,0B / 0B,184MB / 2.93MB,30
2026-07-30 11:33:10,scovox,77.50%,361.8MiB / 30.66GiB,1.15%,0B / 0B,78.3MB / 5.28MB,53
2026-07-30 11:33:10,mapir-ffmpeg,29.11%,336.5MiB / 30.66GiB,1.07%,0B / 0B,200MB / 1.52MB,33
2026-07-30 11:33:10,trav_ros2,116.55%,478MiB / 30.66GiB,1.52%,0B / 0B,125MB / 2.04MB,44
2026-07-30 11:33:10,realsense,22.46%,177.3MiB / 30.66GiB,0.56%,0B / 0B,107MB / 3.34MB,33
2026-07-30 11:33:10,nav2,13.14%,228MiB / 30.66GiB,0.73%,0B / 0B,128MB / 1.19MB,92
2026-07-30 11:33:10,glim,67.00%,569.6MiB / 30.66GiB,1.81%,0B / 0B,149MB / 11.7MB,37
2026-07-30 11:33:13,foxglove,16.26%,625MiB / 30.66GiB,1.99%,0B / 0B,203MB / 3.51MB,28
2026-07-30 11:33:13,docker-recorder-run-de836728b142,0.00%,22.88MiB / 30.66GiB,0.07%,0B / 0B,42.7MB / 9.68MB,1
2026-07-30 11:33:13,openzen,3.99%,88.59MiB / 30.66GiB,0.28%,0B / 0B,81.6MB / 2.17MB,20
2026-07-30 11:33:13,ouster,8.36%,248.5MiB / 30.66GiB,0.79%,0B / 0B,184MB / 2.93MB,30
2026-07-30 11:33:13,scovox,87.61%,345.2MiB / 30.66GiB,1.10%,0B / 0B,78.3MB / 5.28MB,53
2026-07-30 11:33:13,mapir-ffmpeg,30.83%,336.7MiB / 30.66GiB,1.07%,0B / 0B,200MB / 1.52MB,33
2026-07-30 11:33:13,trav_ros2,114.12%,488.2MiB / 30.66GiB,1.55%,0B / 0B,125MB / 2.04MB,44
2026-07-30 11:33:13,realsense,18.28%,177.3MiB / 30.66GiB,0.56%,0B / 0B,107MB / 3.34MB,33
2026-07-30 11:33:13,nav2,14.02%,228.6MiB / 30.66GiB,0.73%,0B / 0B,128MB / 1.19MB,92
2026-07-30 11:33:13,glim,72.64%,569.6MiB / 30.66GiB,1.81%,0B / 0B,149MB / 11.7MB,37
2026-07-30 11:33:16,foxglove,17.35%,623.4MiB / 30.66GiB,1.99%,0B / 0B,203MB / 3.51MB,28
2026-07-30 11:33:16,docker-recorder-run-de836728b142,0.00%,22.88MiB / 30.66GiB,0.07%,0B / 0B,42.7MB / 9.68MB,1
2026-07-30 11:33:16,openzen,4.48%,88.59MiB / 30.66GiB,0.28%,0B / 0B,81.6MB / 2.17MB,20
2026-07-30 11:33:16,ouster,7.63%,248.6MiB / 30.66GiB,0.79%,0B / 0B,184MB / 2.93MB,30
2026-07-30 11:33:16,scovox,81.46%,361.3MiB / 30.66GiB,1.15%,0B / 0B,78.3MB / 5.28MB,53
2026-07-30 11:33:16,mapir-ffmpeg,29.89%,336.5MiB / 30.66GiB,1.07%,0B / 0B,200MB / 1.52MB,33
2026-07-30 11:33:16,trav_ros2,114.50%,485MiB / 30.66GiB,1.54%,0B / 0B,125MB / 2.06MB,44
2026-07-30 11:33:16,realsense,19.95%,177.5MiB / 30.66GiB,0.57%,0B / 0B,107MB / 3.34MB,33
2026-07-30 11:33:16,nav2,14.33%,228.1MiB / 30.66GiB,0.73%,0B / 0B,128MB / 1.19MB,92
2026-07-30 11:33:16,glim,80.47%,569.3MiB / 30.66GiB,1.81%,0B / 0B,149MB / 11.7MB,37
2026-07-30 11:33:19,foxglove,17.14%,623.3MiB / 30.66GiB,1.99%,0B / 0B,203MB / 3.51MB,28
2026-07-30 11:33:19,docker-recorder-run-de836728b142,0.00%,22.88MiB / 30.66GiB,0.07%,0B / 0B,42.7MB / 9.68MB,1
2026-07-30 11:33:19,openzen,3.75%,88.59MiB / 30.66GiB,0.28%,0B / 0B,81.6MB / 2.17MB,20
2026-07-30 11:33:19,ouster,7.80%,248.4MiB / 30.66GiB,0.79%,0B / 0B,184MB / 2.93MB,30
2026-07-30 11:33:19,scovox,85.12%,349.6MiB / 30.66GiB,1.11%,0B / 0B,78.3MB / 5.28MB,53
2026-07-30 11:33:19,mapir-ffmpeg,39.09%,336.5MiB / 30.66GiB,1.07%,0B / 0B,200MB / 1.53MB,33
2026-07-30 11:33:19,trav_ros2,119.88%,488.2MiB / 30.66GiB,1.55%,0B / 0B,125MB / 2.06MB,44
2026-07-30 11:33:19,realsense,30.18%,177.8MiB / 30.66GiB,0.57%,0B / 0B,107MB / 3.34MB,33
2026-07-30 11:33:19,nav2,12.11%,228.3MiB / 30.66GiB,0.73%,0B / 0B,128MB / 1.19MB,92
2026-07-30 11:33:19,glim,69.42%,570.1MiB / 30.66GiB,1.82%,0B / 0B,149MB / 11.7MB,37
2026-07-30 11:33:22,foxglove,16.95%,623.8MiB / 30.66GiB,1.99%,0B / 0B,203MB / 3.51MB,28
2026-07-30 11:33:22,docker-recorder-run-de836728b142,0.00%,22.88MiB / 30.66GiB,0.07%,0B / 0B,42.7MB / 9.68MB,1
2026-07-30 11:33:22,openzen,3.95%,89.09MiB / 30.66GiB,0.28%,0B / 0B,81.6MB / 2.17MB,20
2026-07-30 11:33:22,ouster,8.43%,248.6MiB / 30.66GiB,0.79%,0B / 0B,184MB / 2.93MB,30
2026-07-30 11:33:22,scovox,87.08%,287.2MiB / 30.66GiB,0.91%,0B / 0B,78.3MB / 5.28MB,53
2026-07-30 11:33:22,mapir-ffmpeg,29.18%,337.2MiB / 30.66GiB,1.07%,0B / 0B,200MB / 1.53MB,33
2026-07-30 11:33:22,trav_ros2,112.00%,492.1MiB / 30.66GiB,1.57%,0B / 0B,125MB / 2.06MB,44
2026-07-30 11:33:22,realsense,27.49%,177.3MiB / 30.66GiB,0.56%,0B / 0B,107MB / 3.34MB,33
2026-07-30 11:33:22,nav2,14.57%,228.6MiB / 30.66GiB,0.73%,0B / 0B,128MB / 1.19MB,92
2026-07-30 11:33:22,glim,76.62%,569.6MiB / 30.66GiB,1.81%,0B / 0B,149MB / 11.7MB,37
2026-07-30 11:33:25,foxglove,15.97%,623MiB / 30.66GiB,1.98%,0B / 0B,203MB / 3.51MB,28
2026-07-30 11:33:25,docker-recorder-run-de836728b142,0.00%,22.88MiB / 30.66GiB,0.07%,0B / 0B,42.7MB / 9.68MB,1
2026-07-30 11:33:25,openzen,4.30%,88.59MiB / 30.66GiB,0.28%,0B / 0B,81.6MB / 2.17MB,20
2026-07-30 11:33:25,ouster,7.84%,248.1MiB / 30.66GiB,0.79%,0B / 0B,184MB / 2.93MB,30
2026-07-30 11:33:25,scovox,72.02%,348.8MiB / 30.66GiB,1.11%,0B / 0B,78.3MB / 5.28MB,53
2026-07-30 11:33:25,mapir-ffmpeg,30.46%,336.7MiB / 30.66GiB,1.07%,0B / 0B,200MB / 1.53MB,33
2026-07-30 11:33:25,trav_ros2,112.85%,484.9MiB / 30.66GiB,1.54%,0B / 0B,125MB / 2.06MB,44
2026-07-30 11:33:25,realsense,24.90%,177.5MiB / 30.66GiB,0.57%,0B / 0B,107MB / 3.34MB,33
2026-07-30 11:33:25,nav2,13.31%,228.8MiB / 30.66GiB,0.73%,0B / 0B,128MB / 1.19MB,92
2026-07-30 11:33:25,glim,77.59%,571.2MiB / 30.66GiB,1.82%,0B / 0B,149MB / 11.7MB,37
2026-07-30 11:33:28,foxglove,12.65%,623.2MiB / 30.66GiB,1.98%,0B / 0B,203MB / 3.51MB,28
2026-07-30 11:33:28,docker-recorder-run-de836728b142,0.00%,22.88MiB / 30.66GiB,0.07%,0B / 0B,42.7MB / 9.68MB,1
2026-07-30 11:33:28,openzen,4.49%,88.59MiB / 30.66GiB,0.28%,0B / 0B,81.6MB / 2.17MB,20
2026-07-30 11:33:28,ouster,8.32%,248.8MiB / 30.66GiB,0.79%,0B / 0B,184MB / 2.93MB,30
2026-07-30 11:33:28,scovox,94.76%,306.4MiB / 30.66GiB,0.98%,0B / 0B,78.3MB / 5.28MB,53
2026-07-30 11:33:28,mapir-ffmpeg,31.27%,336.5MiB / 30.66GiB,1.07%,0B / 0B,200MB / 1.53MB,33
2026-07-30 11:33:28,trav_ros2,112.52%,491.3MiB / 30.66GiB,1.56%,0B / 0B,125MB / 2.06MB,44
2026-07-30 11:33:28,realsense,28.87%,177.3MiB / 30.66GiB,0.56%,0B / 0B,107MB / 3.34MB,33
2026-07-30 11:33:28,nav2,13.65%,228.1MiB / 30.66GiB,0.73%,0B / 0B,128MB / 1.19MB,92
2026-07-30 11:33:28,glim,67.83%,570.8MiB / 30.66GiB,1.82%,0B / 0B,149MB / 11.7MB,37
2026-07-30 11:33:31,foxglove,13.79%,594.5MiB / 30.66GiB,1.89%,0B / 0B,203MB / 3.51MB,28
2026-07-30 11:33:31,docker-recorder-run-de836728b142,0.00%,22.88MiB / 30.66GiB,0.07%,0B / 0B,42.7MB / 9.68MB,1
2026-07-30 11:33:31,openzen,4.38%,88.59MiB / 30.66GiB,0.28%,0B / 0B,81.6MB / 2.17MB,20
2026-07-30 11:33:31,ouster,7.53%,248.8MiB / 30.66GiB,0.79%,0B / 0B,184MB / 2.93MB,30
2026-07-30 11:33:31,scovox,73.26%,357.3MiB / 30.66GiB,1.14%,0B / 0B,78.3MB / 5.28MB,53
2026-07-30 11:33:31,mapir-ffmpeg,31.67%,336.5MiB / 30.66GiB,1.07%,0B / 0B,200MB / 1.53MB,33
2026-07-30 11:33:31,trav_ros2,117.86%,488.4MiB / 30.66GiB,1.56%,0B / 0B,125MB / 2.06MB,44
2026-07-30 11:33:31,realsense,39.09%,177.5MiB / 30.66GiB,0.57%,0B / 0B,107MB / 3.34MB,33
2026-07-30 11:33:31,nav2,13.41%,228.1MiB / 30.66GiB,0.73%,0B / 0B,128MB / 1.19MB,92
2026-07-30 11:33:31,glim,71.87%,571.2MiB / 30.66GiB,1.82%,0B / 0B,149MB / 11.7MB,37
2026-07-30 11:33:34,foxglove,24.81%,623.5MiB / 30.66GiB,1.99%,0B / 0B,203MB / 3.51MB,28
2026-07-30 11:33:34,docker-recorder-run-de836728b142,0.00%,22.88MiB / 30.66GiB,0.07%,0B / 0B,42.7MB / 9.68MB,1
2026-07-30 11:33:34,openzen,4.49%,88.59MiB / 30.66GiB,0.28%,0B / 0B,81.6MB / 2.17MB,20
2026-07-30 11:33:34,ouster,11.25%,248.3MiB / 30.66GiB,0.79%,0B / 0B,184MB / 2.93MB,30
2026-07-30 11:33:34,scovox,94.04%,308.5MiB / 30.66GiB,0.98%,0B / 0B,78.3MB / 5.37MB,53
2026-07-30 11:33:34,mapir-ffmpeg,30.56%,336.5MiB / 30.66GiB,1.07%,0B / 0B,200MB / 1.53MB,33
2026-07-30 11:33:34,trav_ros2,111.14%,483.4MiB / 30.66GiB,1.54%,0B / 0B,125MB / 2.06MB,44
2026-07-30 11:33:34,realsense,27.89%,177.3MiB / 30.66GiB,0.56%,0B / 0B,107MB / 3.34MB,33
2026-07-30 11:33:34,nav2,13.16%,228.6MiB / 30.66GiB,0.73%,0B / 0B,128MB / 1.19MB,92
2026-07-30 11:33:34,glim,79.44%,577.6MiB / 30.66GiB,1.84%,0B / 0B,149MB / 11.7MB,37
2026-07-30 11:33:38,foxglove,12.72%,594.5MiB / 30.66GiB,1.89%,0B / 0B,203MB / 3.51MB,28
2026-07-30 11:33:38,docker-recorder-run-de836728b142,0.00%,22.88MiB / 30.66GiB,0.07%,0B / 0B,42.7MB / 9.68MB,1
2026-07-30 11:33:38,openzen,4.36%,89.09MiB / 30.66GiB,0.28%,0B / 0B,81.6MB / 2.17MB,20
2026-07-30 11:33:38,ouster,11.06%,248.8MiB / 30.66GiB,0.79%,0B / 0B,184MB / 2.93MB,30
2026-07-30 11:33:38,scovox,64.23%,354.1MiB / 30.66GiB,1.13%,0B / 0B,78.3MB / 5.37MB,53
2026-07-30 11:33:38,mapir-ffmpeg,29.78%,336.5MiB / 30.66GiB,1.07%,0B / 0B,200MB / 1.53MB,33
2026-07-30 11:33:38,trav_ros2,112.26%,488.2MiB / 30.66GiB,1.55%,0B / 0B,125MB / 2.06MB,44
2026-07-30 11:33:38,realsense,41.16%,177.3MiB / 30.66GiB,0.56%,0B / 0B,107MB / 3.34MB,33
2026-07-30 11:33:38,nav2,13.17%,228.6MiB / 30.66GiB,0.73%,0B / 0B,128MB / 1.19MB,92
2026-07-30 11:33:38,glim,65.97%,583.4MiB / 30.66GiB,1.86%,0B / 0B,149MB / 11.7MB,37
2026-07-30 11:33:41,foxglove,15.44%,622.9MiB / 30.66GiB,1.98%,0B / 0B,203MB / 3.51MB,28
2026-07-30 11:33:41,docker-recorder-run-de836728b142,0.00%,22.88MiB / 30.66GiB,0.07%,0B / 0B,42.7MB / 9.68MB,1
2026-07-30 11:33:41,openzen,4.30%,88.59MiB / 30.66GiB,0.28%,0B / 0B,81.6MB / 2.17MB,20
2026-07-30 11:33:41,ouster,10.22%,248.5MiB / 30.66GiB,0.79%,0B / 0B,184MB / 2.93MB,30
2026-07-30 11:33:41,scovox,94.76%,313.9MiB / 30.66GiB,1.00%,0B / 0B,78.3MB / 5.37MB,53
2026-07-30 11:33:41,mapir-ffmpeg,29.26%,336.7MiB / 30.66GiB,1.07%,0B / 0B,200MB / 1.53MB,33
2026-07-30 11:33:41,trav_ros2,111.87%,487.2MiB / 30.66GiB,1.55%,0B / 0B,125MB / 2.06MB,44
2026-07-30 11:33:41,realsense,23.76%,177.5MiB / 30.66GiB,0.57%,0B / 0B,107MB / 3.34MB,33
2026-07-30 11:33:41,nav2,13.48%,227.8MiB / 30.66GiB,0.73%,0B / 0B,128MB / 1.19MB,92
2026-07-30 11:33:41,glim,70.80%,584.6MiB / 30.66GiB,1.86%,0B / 0B,149MB / 11.7MB,37
2026-07-30 11:33:44,foxglove,17.22%,623MiB / 30.66GiB,1.98%,0B / 0B,203MB / 3.51MB,28
2026-07-30 11:33:44,docker-recorder-run-de836728b142,0.00%,22.88MiB / 30.66GiB,0.07%,0B / 0B,42.7MB / 9.68MB,1
2026-07-30 11:33:44,openzen,4.27%,88.59MiB / 30.66GiB,0.28%,0B / 0B,81.6MB / 2.17MB,20
2026-07-30 11:33:44,ouster,10.50%,248.2MiB / 30.66GiB,0.79%,0B / 0B,184MB / 2.93MB,30
2026-07-30 11:33:44,scovox,73.94%,362.8MiB / 30.66GiB,1.16%,0B / 0B,78.3MB / 5.37MB,53
2026-07-30 11:33:44,mapir-ffmpeg,28.77%,336.7MiB / 30.66GiB,1.07%,0B / 0B,200MB / 1.53MB,33
2026-07-30 11:33:44,trav_ros2,117.70%,488.7MiB / 30.66GiB,1.56%,0B / 0B,125MB / 2.06MB,44
2026-07-30 11:33:44,realsense,18.71%,177.3MiB / 30.66GiB,0.56%,0B / 0B,107MB / 3.34MB,33
2026-07-30 11:33:44,nav2,13.05%,228.1MiB / 30.66GiB,0.73%,0B / 0B,128MB / 1.19MB,92
2026-07-30 11:33:44,glim,72.60%,571.8MiB / 30.66GiB,1.82%,0B / 0B,149MB / 11.7MB,37
2026-07-30 11:33:47,foxglove,14.10%,622.8MiB / 30.66GiB,1.98%,0B / 0B,203MB / 3.51MB,28
2026-07-30 11:33:47,docker-recorder-run-de836728b142,0.00%,22.88MiB / 30.66GiB,0.07%,0B / 0B,42.7MB / 9.68MB,1
2026-07-30 11:33:47,openzen,4.61%,88.59MiB / 30.66GiB,0.28%,0B / 0B,81.6MB / 2.17MB,20
2026-07-30 11:33:47,ouster,18.23%,248.5MiB / 30.66GiB,0.79%,0B / 0B,184MB / 2.93MB,30
2026-07-30 11:33:47,scovox,83.44%,314.9MiB / 30.66GiB,1.00%,0B / 0B,78.3MB / 5.37MB,53
2026-07-30 11:33:47,mapir-ffmpeg,31.56%,336.5MiB / 30.66GiB,1.07%,0B / 0B,200MB / 1.53MB,33
2026-07-30 11:33:47,trav_ros2,110.15%,483.6MiB / 30.66GiB,1.54%,0B / 0B,125MB / 2.08MB,44
2026-07-30 11:33:47,realsense,19.85%,177.5MiB / 30.66GiB,0.57%,0B / 0B,107MB / 3.34MB,33
2026-07-30 11:33:47,nav2,13.40%,228.1MiB / 30.66GiB,0.73%,0B / 0B,128MB / 1.19MB,92
2026-07-30 11:33:47,glim,67.69%,572.9MiB / 30.66GiB,1.82%,0B / 0B,149MB / 11.7MB,37
2026-07-30 11:33:50,foxglove,18.60%,623.2MiB / 30.66GiB,1.98%,0B / 0B,203MB / 3.51MB,28
2026-07-30 11:33:50,docker-recorder-run-de836728b142,0.00%,22.88MiB / 30.66GiB,0.07%,0B / 0B,42.7MB / 9.68MB,1
2026-07-30 11:33:50,openzen,3.69%,88.59MiB / 30.66GiB,0.28%,0B / 0B,81.6MB / 2.17MB,20
2026-07-30 11:33:50,ouster,10.19%,248.2MiB / 30.66GiB,0.79%,0B / 0B,184MB / 2.93MB,30
2026-07-30 11:33:50,scovox,71.96%,358.4MiB / 30.66GiB,1.14%,0B / 0B,78.3MB / 5.37MB,53
2026-07-30 11:33:50,mapir-ffmpeg,28.52%,336.5MiB / 30.66GiB,1.07%,0B / 0B,200MB / 1.53MB,33
2026-07-30 11:33:50,trav_ros2,111.89%,483MiB / 30.66GiB,1.54%,0B / 0B,125MB / 2.08MB,44
2026-07-30 11:33:50,realsense,44.89%,177.3MiB / 30.66GiB,0.56%,0B / 0B,107MB / 3.34MB,33
2026-07-30 11:33:50,nav2,12.11%,227.8MiB / 30.66GiB,0.73%,0B / 0B,128MB / 1.19MB,92
2026-07-30 11:33:50,glim,79.43%,572.3MiB / 30.66GiB,1.82%,0B / 0B,149MB / 11.7MB,37
2026-07-30 11:33:53,foxglove,12.98%,623.1MiB / 30.66GiB,1.98%,0B / 0B,203MB / 3.51MB,28
2026-07-30 11:33:53,docker-recorder-run-de836728b142,0.00%,22.88MiB / 30.66GiB,0.07%,0B / 0B,42.7MB / 9.68MB,1
2026-07-30 11:33:53,openzen,4.17%,88.59MiB / 30.66GiB,0.28%,0B / 0B,81.6MB / 2.17MB,20
2026-07-30 11:33:53,ouster,10.84%,248.3MiB / 30.66GiB,0.79%,0B / 0B,184MB / 2.93MB,30
2026-07-30 11:33:53,scovox,81.13%,346.7MiB / 30.66GiB,1.10%,0B / 0B,78.3MB / 5.37MB,53
2026-07-30 11:33:53,mapir-ffmpeg,38.63%,337.2MiB / 30.66GiB,1.07%,0B / 0B,200MB / 1.53MB,33
2026-07-30 11:33:53,trav_ros2,115.92%,482.4MiB / 30.66GiB,1.54%,0B / 0B,125MB / 2.08MB,44
2026-07-30 11:33:53,realsense,25.46%,177.3MiB / 30.66GiB,0.56%,0B / 0B,107MB / 3.34MB,33
2026-07-30 11:33:53,nav2,14.80%,228.6MiB / 30.66GiB,0.73%,0B / 0B,128MB / 1.19MB,92
2026-07-30 11:33:53,glim,70.80%,573.1MiB / 30.66GiB,1.83%,0B / 0B,149MB / 11.7MB,37
2026-07-30 11:33:56,foxglove,16.54%,623.8MiB / 30.66GiB,1.99%,0B / 0B,203MB / 3.51MB,28
2026-07-30 11:33:56,docker-recorder-run-de836728b142,0.00%,22.88MiB / 30.66GiB,0.07%,0B / 0B,42.7MB / 9.68MB,1
2026-07-30 11:33:56,openzen,4.13%,88.59MiB / 30.66GiB,0.28%,0B / 0B,81.6MB / 2.17MB,20
2026-07-30 11:33:56,ouster,10.66%,248.7MiB / 30.66GiB,0.79%,0B / 0B,184MB / 2.93MB,30
2026-07-30 11:33:56,scovox,76.43%,365.1MiB / 30.66GiB,1.16%,0B / 0B,78.3MB / 5.37MB,53
2026-07-30 11:33:56,mapir-ffmpeg,29.59%,336.5MiB / 30.66GiB,1.07%,0B / 0B,200MB / 1.54MB,33
2026-07-30 11:33:56,trav_ros2,112.52%,482.4MiB / 30.66GiB,1.54%,0B / 0B,125MB / 2.08MB,44
2026-07-30 11:33:56,realsense,39.18%,177.3MiB / 30.66GiB,0.56%,0B / 0B,107MB / 3.34MB,33
2026-07-30 11:33:56,nav2,13.10%,228.3MiB / 30.66GiB,0.73%,0B / 0B,128MB / 1.19MB,92
2026-07-30 11:33:56,glim,75.33%,592.1MiB / 30.66GiB,1.89%,0B / 0B,149MB / 11.7MB,37
2026-07-30 11:33:59,foxglove,29.62%,631.2MiB / 30.66GiB,2.01%,0B / 0B,203MB / 3.51MB,28
2026-07-30 11:33:59,docker-recorder-run-de836728b142,0.00%,22.88MiB / 30.66GiB,0.07%,0B / 0B,42.7MB / 9.68MB,1
2026-07-30 11:33:59,openzen,3.85%,88.59MiB / 30.66GiB,0.28%,0B / 0B,81.6MB / 2.17MB,20
2026-07-30 11:33:59,ouster,11.14%,248.3MiB / 30.66GiB,0.79%,0B / 0B,184MB / 2.93MB,30
2026-07-30 11:33:59,scovox,85.15%,351.1MiB / 30.66GiB,1.12%,0B / 0B,78.3MB / 5.37MB,53
2026-07-30 11:33:59,mapir-ffmpeg,28.27%,336.5MiB / 30.66GiB,1.07%,0B / 0B,200MB / 1.54MB,33
2026-07-30 11:33:59,trav_ros2,114.74%,486.9MiB / 30.66GiB,1.55%,0B / 0B,125MB / 2.08MB,44
2026-07-30 11:33:59,realsense,18.84%,178MiB / 30.66GiB,0.57%,0B / 0B,107MB / 3.34MB,33
2026-07-30 11:33:59,nav2,13.22%,227.8MiB / 30.66GiB,0.73%,0B / 0B,128MB / 1.19MB,92
2026-07-30 11:33:59,glim,67.19%,609.7MiB / 30.66GiB,1.94%,0B / 0B,149MB / 11.7MB,37
2026-07-30 11:34:02,foxglove,16.94%,627.1MiB / 30.66GiB,2.00%,0B / 0B,203MB / 3.51MB,28
2026-07-30 11:34:02,docker-recorder-run-de836728b142,0.00%,22.88MiB / 30.66GiB,0.07%,0B / 0B,42.7MB / 9.68MB,1
2026-07-30 11:34:02,openzen,4.05%,88.59MiB / 30.66GiB,0.28%,0B / 0B,81.6MB / 2.17MB,20
2026-07-30 11:34:02,ouster,7.77%,248.5MiB / 30.66GiB,0.79%,0B / 0B,184MB / 2.93MB,30
2026-07-30 11:34:02,scovox,87.22%,318.1MiB / 30.66GiB,1.01%,0B / 0B,78.3MB / 5.38MB,53
2026-07-30 11:34:02,mapir-ffmpeg,30.19%,337MiB / 30.66GiB,1.07%,0B / 0B,200MB / 1.54MB,33
2026-07-30 11:34:02,trav_ros2,114.52%,485.2MiB / 30.66GiB,1.55%,0B / 0B,125MB / 2.08MB,44
2026-07-30 11:34:02,realsense,36.38%,177.5MiB / 30.66GiB,0.57%,0B / 0B,107MB / 3.34MB,33
2026-07-30 11:34:02,nav2,12.62%,227.6MiB / 30.66GiB,0.72%,0B / 0B,128MB / 1.19MB,92
2026-07-30 11:34:02,glim,83.19%,613.2MiB / 30.66GiB,1.95%,0B / 0B,149MB / 11.7MB,37
2026-07-30 11:34:05,foxglove,21.87%,627.7MiB / 30.66GiB,2.00%,0B / 0B,203MB / 3.51MB,28
2026-07-30 11:34:05,docker-recorder-run-de836728b142,0.00%,22.88MiB / 30.66GiB,0.07%,0B / 0B,42.7MB / 9.68MB,1
2026-07-30 11:34:05,openzen,3.47%,88.59MiB / 30.66GiB,0.28%,0B / 0B,81.6MB / 2.17MB,20
2026-07-30 11:34:05,ouster,7.94%,248.6MiB / 30.66GiB,0.79%,0B / 0B,184MB / 2.93MB,30
2026-07-30 11:34:05,scovox,71.34%,354.2MiB / 30.66GiB,1.13%,0B / 0B,78.3MB / 5.38MB,53
2026-07-30 11:34:05,mapir-ffmpeg,29.77%,336.5MiB / 30.66GiB,1.07%,0B / 0B,200MB / 1.54MB,33
2026-07-30 11:34:05,trav_ros2,124.70%,485.4MiB / 30.66GiB,1.55%,0B / 0B,125MB / 2.08MB,44
2026-07-30 11:34:05,realsense,31.61%,177.5MiB / 30.66GiB,0.57%,0B / 0B,107MB / 3.34MB,33
2026-07-30 11:34:05,nav2,12.60%,227.6MiB / 30.66GiB,0.72%,0B / 0B,128MB / 1.19MB,92
2026-07-30 11:34:05,glim,73.68%,617.8MiB / 30.66GiB,1.97%,0B / 0B,149MB / 11.7MB,37
2026-07-30 11:34:08,foxglove,16.48%,623.4MiB / 30.66GiB,1.99%,0B / 0B,203MB / 3.51MB,28
2026-07-30 11:34:08,docker-recorder-run-de836728b142,0.00%,22.88MiB / 30.66GiB,0.07%,0B / 0B,42.7MB / 9.68MB,1
2026-07-30 11:34:08,openzen,4.54%,88.84MiB / 30.66GiB,0.28%,0B / 0B,81.6MB / 2.17MB,20
2026-07-30 11:34:08,ouster,26.18%,248.1MiB / 30.66GiB,0.79%,0B / 0B,184MB / 2.93MB,30
2026-07-30 11:34:08,scovox,92.06%,318.8MiB / 30.66GiB,1.02%,0B / 0B,78.3MB / 5.38MB,53
2026-07-30 11:34:08,mapir-ffmpeg,30.55%,336.7MiB / 30.66GiB,1.07%,0B / 0B,200MB / 1.54MB,33
2026-07-30 11:34:08,trav_ros2,113.31%,487.8MiB / 30.66GiB,1.55%,0B / 0B,125MB / 2.08MB,44
2026-07-30 11:34:08,realsense,21.31%,177.5MiB / 30.66GiB,0.57%,0B / 0B,107MB / 3.34MB,33
2026-07-30 11:34:08,nav2,13.87%,229.1MiB / 30.66GiB,0.73%,0B / 0B,128MB / 1.19MB,92
2026-07-30 11:34:08,glim,75.25%,619.1MiB / 30.66GiB,1.97%,0B / 0B,149MB / 11.7MB,37
2026-07-30 11:34:11,foxglove,18.22%,625.6MiB / 30.66GiB,1.99%,0B / 0B,203MB / 3.51MB,28
2026-07-30 11:34:11,docker-recorder-run-de836728b142,0.00%,22.88MiB / 30.66GiB,0.07%,0B / 0B,42.7MB / 9.68MB,1
2026-07-30 11:34:11,openzen,5.06%,88.59MiB / 30.66GiB,0.28%,0B / 0B,81.6MB / 2.17MB,20
2026-07-30 11:34:11,ouster,10.63%,248.4MiB / 30.66GiB,0.79%,0B / 0B,184MB / 2.93MB,30
2026-07-30 11:34:11,scovox,94.57%,318.3MiB / 30.66GiB,1.01%,0B / 0B,78.3MB / 5.47MB,53
2026-07-30 11:34:11,mapir-ffmpeg,29.35%,336.5MiB / 30.66GiB,1.07%,0B / 0B,200MB / 1.54MB,33
2026-07-30 11:34:11,trav_ros2,113.99%,491.2MiB / 30.66GiB,1.56%,0B / 0B,125MB / 2.08MB,44
2026-07-30 11:34:11,realsense,34.10%,177.8MiB / 30.66GiB,0.57%,0B / 0B,107MB / 3.34MB,33
2026-07-30 11:34:11,nav2,12.30%,227.8MiB / 30.66GiB,0.73%,0B / 0B,128MB / 1.19MB,92
2026-07-30 11:34:11,glim,77.39%,618.7MiB / 30.66GiB,1.97%,0B / 0B,149MB / 11.7MB,37
2026-07-30 11:34:14,foxglove,22.87%,631.1MiB / 30.66GiB,2.01%,0B / 0B,203MB / 3.51MB,28
2026-07-30 11:34:14,docker-recorder-run-de836728b142,0.00%,22.88MiB / 30.66GiB,0.07%,0B / 0B,42.7MB / 9.68MB,1
2026-07-30 11:34:14,openzen,4.12%,88.59MiB / 30.66GiB,0.28%,0B / 0B,81.6MB / 2.17MB,20
2026-07-30 11:34:14,ouster,10.48%,248.3MiB / 30.66GiB,0.79%,0B / 0B,184MB / 2.93MB,30
2026-07-30 11:34:14,scovox,98.32%,318.6MiB / 30.66GiB,1.01%,0B / 0B,78.3MB / 5.47MB,53
2026-07-30 11:34:14,mapir-ffmpeg,42.49%,336.7MiB / 30.66GiB,1.07%,0B / 0B,200MB / 1.54MB,33
2026-07-30 11:34:14,trav_ros2,114.32%,478.9MiB / 30.66GiB,1.53%,0B / 0B,125MB / 2.08MB,44
2026-07-30 11:34:14,realsense,18.57%,177.3MiB / 30.66GiB,0.56%,0B / 0B,107MB / 3.34MB,33
2026-07-30 11:34:14,nav2,13.08%,228.3MiB / 30.66GiB,0.73%,0B / 0B,128MB / 1.19MB,92
2026-07-30 11:34:14,glim,72.30%,619MiB / 30.66GiB,1.97%,0B / 0B,149MB / 11.7MB,37
2026-07-30 11:34:17,foxglove,14.71%,595.7MiB / 30.66GiB,1.90%,0B / 0B,203MB / 3.51MB,28
2026-07-30 11:34:17,docker-recorder-run-de836728b142,0.00%,22.88MiB / 30.66GiB,0.07%,0B / 0B,42.7MB / 9.68MB,1
2026-07-30 11:34:17,openzen,3.82%,88.59MiB / 30.66GiB,0.28%,0B / 0B,81.6MB / 2.17MB,20
2026-07-30 11:34:17,ouster,10.66%,248.6MiB / 30.66GiB,0.79%,0B / 0B,184MB / 2.93MB,30
2026-07-30 11:34:17,scovox,70.91%,360.5MiB / 30.66GiB,1.15%,0B / 0B,78.3MB / 5.47MB,53
2026-07-30 11:34:17,mapir-ffmpeg,44.60%,337.2MiB / 30.66GiB,1.07%,0B / 0B,200MB / 1.54MB,33
2026-07-30 11:34:17,trav_ros2,118.15%,481.9MiB / 30.66GiB,1.53%,0B / 0B,125MB / 2.11MB,44
2026-07-30 11:34:17,realsense,40.63%,177.5MiB / 30.66GiB,0.57%,0B / 0B,107MB / 3.34MB,33
2026-07-30 11:34:17,nav2,13.02%,228.3MiB / 30.66GiB,0.73%,0B / 0B,128MB / 1.19MB,92
2026-07-30 11:34:17,glim,76.62%,622.9MiB / 30.66GiB,1.98%,0B / 0B,149MB / 11.7MB,37
2026-07-30 11:34:21,foxglove,21.88%,623.5MiB / 30.66GiB,1.99%,0B / 0B,203MB / 3.51MB,28
2026-07-30 11:34:21,docker-recorder-run-de836728b142,0.00%,22.88MiB / 30.66GiB,0.07%,0B / 0B,42.7MB / 9.68MB,1
2026-07-30 11:34:21,openzen,4.48%,88.59MiB / 30.66GiB,0.28%,0B / 0B,81.6MB / 2.17MB,20
2026-07-30 11:34:21,ouster,9.26%,248.7MiB / 30.66GiB,0.79%,0B / 0B,184MB / 2.93MB,30
2026-07-30 11:34:21,scovox,93.07%,318.8MiB / 30.66GiB,1.02%,0B / 0B,78.3MB / 5.47MB,53
2026-07-30 11:34:21,mapir-ffmpeg,46.04%,336.5MiB / 30.66GiB,1.07%,0B / 0B,200MB / 1.54MB,33
2026-07-30 11:34:21,trav_ros2,111.73%,481.5MiB / 30.66GiB,1.53%,0B / 0B,125MB / 2.11MB,44
2026-07-30 11:34:21,realsense,19.79%,177.5MiB / 30.66GiB,0.57%,0B / 0B,107MB / 3.34MB,33
2026-07-30 11:34:21,nav2,14.00%,228.3MiB / 30.66GiB,0.73%,0B / 0B,128MB / 1.19MB,92
2026-07-30 11:34:21,glim,71.85%,623.2MiB / 30.66GiB,1.98%,0B / 0B,149MB / 11.7MB,37
2026-07-30 11:34:24,foxglove,17.92%,595.3MiB / 30.66GiB,1.90%,0B / 0B,203MB / 3.51MB,28
2026-07-30 11:34:24,docker-recorder-run-de836728b142,0.00%,22.88MiB / 30.66GiB,0.07%,0B / 0B,42.7MB / 9.68MB,1
2026-07-30 11:34:24,openzen,3.66%,88.59MiB / 30.66GiB,0.28%,0B / 0B,81.6MB / 2.17MB,20
2026-07-30 11:34:24,ouster,7.37%,248.2MiB / 30.66GiB,0.79%,0B / 0B,184MB / 2.93MB,30
2026-07-30 11:34:24,scovox,66.91%,363.6MiB / 30.66GiB,1.16%,0B / 0B,78.3MB / 5.47MB,53
2026-07-30 11:34:24,mapir-ffmpeg,29.48%,336.5MiB / 30.66GiB,1.07%,0B / 0B,200MB / 1.54MB,33
2026-07-30 11:34:24,trav_ros2,111.74%,483.5MiB / 30.66GiB,1.54%,0B / 0B,125MB / 2.11MB,44
2026-07-30 11:34:24,realsense,18.54%,177.3MiB / 30.66GiB,0.56%,0B / 0B,107MB / 3.34MB,33
2026-07-30 11:34:24,nav2,11.81%,228.1MiB / 30.66GiB,0.73%,0B / 0B,128MB / 1.19MB,92
2026-07-30 11:34:24,glim,79.30%,624.6MiB / 30.66GiB,1.99%,0B / 0B,149MB / 11.7MB,37
2026-07-30 11:34:27,foxglove,17.00%,627.7MiB / 30.66GiB,2.00%,0B / 0B,203MB / 3.51MB,28
2026-07-30 11:34:27,docker-recorder-run-de836728b142,0.00%,22.88MiB / 30.66GiB,0.07%,0B / 0B,42.7MB / 9.68MB,1
2026-07-30 11:34:27,openzen,3.96%,88.59MiB / 30.66GiB,0.28%,0B / 0B,81.6MB / 2.17MB,20
2026-07-30 11:34:27,ouster,7.71%,248.5MiB / 30.66GiB,0.79%,0B / 0B,184MB / 2.93MB,30
2026-07-30 11:34:27,scovox,90.26%,318.7MiB / 30.66GiB,1.01%,0B / 0B,78.3MB / 5.47MB,53
2026-07-30 11:34:27,mapir-ffmpeg,35.30%,336.5MiB / 30.66GiB,1.07%,0B / 0B,200MB / 1.54MB,33
2026-07-30 11:34:27,trav_ros2,113.23%,487.9MiB / 30.66GiB,1.55%,0B / 0B,125MB / 2.11MB,44
2026-07-30 11:34:27,realsense,18.37%,177.5MiB / 30.66GiB,0.57%,0B / 0B,107MB / 3.34MB,33
2026-07-30 11:34:27,nav2,13.64%,227.8MiB / 30.66GiB,0.73%,0B / 0B,128MB / 1.19MB,92
2026-07-30 11:34:27,glim,76.74%,624.1MiB / 30.66GiB,1.99%,0B / 0B,149MB / 11.7MB,37
2026-07-30 11:34:30,foxglove,17.39%,623.8MiB / 30.66GiB,1.99%,0B / 0B,203MB / 3.51MB,28
2026-07-30 11:34:30,docker-recorder-run-de836728b142,0.00%,22.88MiB / 30.66GiB,0.07%,0B / 0B,42.7MB / 9.68MB,1
2026-07-30 11:34:30,openzen,4.17%,88.59MiB / 30.66GiB,0.28%,0B / 0B,81.6MB / 2.17MB,20
2026-07-30 11:34:30,ouster,8.14%,248.1MiB / 30.66GiB,0.79%,0B / 0B,184MB / 2.93MB,30
2026-07-30 11:34:30,scovox,88.11%,318.6MiB / 30.66GiB,1.01%,0B / 0B,78.3MB / 5.47MB,53
2026-07-30 11:34:30,mapir-ffmpeg,31.01%,336.5MiB / 30.66GiB,1.07%,0B / 0B,200MB / 1.55MB,33
2026-07-30 11:34:30,trav_ros2,118.10%,491.9MiB / 30.66GiB,1.57%,0B / 0B,125MB / 2.11MB,44
2026-07-30 11:34:30,realsense,41.28%,177.3MiB / 30.66GiB,0.56%,0B / 0B,107MB / 3.34MB,33
2026-07-30 11:34:30,nav2,13.53%,227.6MiB / 30.66GiB,0.72%,0B / 0B,128MB / 1.19MB,92
2026-07-30 11:34:30,glim,78.51%,608.1MiB / 30.66GiB,1.94%,0B / 0B,149MB / 11.7MB,37
2026-07-30 11:34:33,foxglove,21.34%,631.7MiB / 30.66GiB,2.01%,0B / 0B,203MB / 3.51MB,28
2026-07-30 11:34:33,docker-recorder-run-de836728b142,0.00%,22.88MiB / 30.66GiB,0.07%,0B / 0B,42.7MB / 9.68MB,1
2026-07-30 11:34:33,openzen,4.31%,88.59MiB / 30.66GiB,0.28%,0B / 0B,81.6MB / 2.17MB,20
2026-07-30 11:34:33,ouster,25.75%,248.6MiB / 30.66GiB,0.79%,0B / 0B,184MB / 2.93MB,30
2026-07-30 11:34:33,scovox,88.91%,344.6MiB / 30.66GiB,1.10%,0B / 0B,78.3MB / 5.47MB,53
2026-07-30 11:34:33,mapir-ffmpeg,39.27%,336.5MiB / 30.66GiB,1.07%,0B / 0B,200MB / 1.55MB,33
2026-07-30 11:34:33,trav_ros2,115.86%,485.6MiB / 30.66GiB,1.55%,0B / 0B,125MB / 2.11MB,44
2026-07-30 11:34:33,realsense,19.10%,177.3MiB / 30.66GiB,0.56%,0B / 0B,107MB / 3.34MB,33
2026-07-30 11:34:33,nav2,14.98%,228.1MiB / 30.66GiB,0.73%,0B / 0B,128MB / 1.19MB,92
2026-07-30 11:34:33,glim,71.96%,608.2MiB / 30.66GiB,1.94%,0B / 0B,149MB / 11.7MB,37
2026-07-30 11:34:36,foxglove,21.21%,631.4MiB / 30.66GiB,2.01%,0B / 0B,203MB / 3.51MB,28
2026-07-30 11:34:36,docker-recorder-run-de836728b142,0.00%,22.88MiB / 30.66GiB,0.07%,0B / 0B,42.7MB / 9.68MB,1
2026-07-30 11:34:36,openzen,4.04%,88.59MiB / 30.66GiB,0.28%,0B / 0B,81.6MB / 2.17MB,20
2026-07-30 11:34:36,ouster,8.23%,248.6MiB / 30.66GiB,0.79%,0B / 0B,184MB / 2.93MB,30
2026-07-30 11:34:36,scovox,76.89%,366MiB / 30.66GiB,1.17%,0B / 0B,78.3MB / 5.48MB,53
2026-07-30 11:34:36,mapir-ffmpeg,33.24%,336.5MiB / 30.66GiB,1.07%,0B / 0B,200MB / 1.55MB,33
2026-07-30 11:34:36,trav_ros2,114.23%,486.8MiB / 30.66GiB,1.55%,0B / 0B,125MB / 2.11MB,44
2026-07-30 11:34:36,realsense,19.37%,177.3MiB / 30.66GiB,0.56%,0B / 0B,107MB / 3.34MB,33
2026-07-30 11:34:36,nav2,13.83%,227.8MiB / 30.66GiB,0.73%,0B / 0B,128MB / 1.19MB,92
2026-07-30 11:34:36,glim,75.20%,608.6MiB / 30.66GiB,1.94%,0B / 0B,149MB / 11.7MB,37
2026-07-30 11:34:39,foxglove,18.84%,627.2MiB / 30.66GiB,2.00%,0B / 0B,203MB / 3.51MB,28
2026-07-30 11:34:39,docker-recorder-run-de836728b142,0.00%,22.88MiB / 30.66GiB,0.07%,0B / 0B,42.7MB / 9.68MB,1
2026-07-30 11:34:39,openzen,4.33%,88.59MiB / 30.66GiB,0.28%,0B / 0B,81.6MB / 2.17MB,20
2026-07-30 11:34:39,ouster,7.55%,248.8MiB / 30.66GiB,0.79%,0B / 0B,184MB / 2.93MB,30
2026-07-30 11:34:39,scovox,80.79%,349.7MiB / 30.66GiB,1.11%,0B / 0B,78.3MB / 5.48MB,53
2026-07-30 11:34:39,mapir-ffmpeg,39.39%,336.5MiB / 30.66GiB,1.07%,0B / 0B,200MB / 1.55MB,33
2026-07-30 11:34:39,trav_ros2,116.45%,518.9MiB / 30.66GiB,1.65%,0B / 0B,125MB / 2.11MB,44
2026-07-30 11:34:39,realsense,19.16%,177.3MiB / 30.66GiB,0.56%,0B / 0B,107MB / 3.34MB,33
2026-07-30 11:34:39,nav2,13.17%,228.1MiB / 30.66GiB,0.73%,0B / 0B,128MB / 1.19MB,92
2026-07-30 11:34:39,glim,80.78%,595.8MiB / 30.66GiB,1.90%,0B / 0B,149MB / 11.7MB,37
2026-07-30 11:34:42,foxglove,28.33%,626.1MiB / 30.66GiB,1.99%,0B / 0B,203MB / 3.51MB,28
2026-07-30 11:34:42,docker-recorder-run-de836728b142,0.00%,22.88MiB / 30.66GiB,0.07%,0B / 0B,42.7MB / 9.68MB,1
2026-07-30 11:34:42,openzen,3.87%,88.59MiB / 30.66GiB,0.28%,0B / 0B,81.6MB / 2.17MB,20
2026-07-30 11:34:42,ouster,7.86%,248.7MiB / 30.66GiB,0.79%,0B / 0B,184MB / 2.93MB,30
2026-07-30 11:34:42,scovox,78.22%,351.6MiB / 30.66GiB,1.12%,0B / 0B,78.3MB / 5.57MB,53
2026-07-30 11:34:42,mapir-ffmpeg,34.53%,336.7MiB / 30.66GiB,1.07%,0B / 0B,200MB / 1.55MB,33
2026-07-30 11:34:42,trav_ros2,117.20%,485.6MiB / 30.66GiB,1.55%,0B / 0B,125MB / 2.11MB,44
2026-07-30 11:34:42,realsense,37.69%,177.3MiB / 30.66GiB,0.56%,0B / 0B,107MB / 3.34MB,33
2026-07-30 11:34:42,nav2,13.52%,228.6MiB / 30.66GiB,0.73%,0B / 0B,128MB / 1.19MB,92
2026-07-30 11:34:42,glim,66.15%,607.1MiB / 30.66GiB,1.93%,0B / 0B,149MB / 11.7MB,37
2026-07-30 11:34:45,foxglove,22.19%,626.1MiB / 30.66GiB,1.99%,0B / 0B,203MB / 3.51MB,28
2026-07-30 11:34:45,docker-recorder-run-de836728b142,0.00%,22.88MiB / 30.66GiB,0.07%,0B / 0B,42.7MB / 9.68MB,1
2026-07-30 11:34:45,openzen,4.06%,88.59MiB / 30.66GiB,0.28%,0B / 0B,81.6MB / 2.17MB,20
2026-07-30 11:34:45,ouster,13.10%,248.7MiB / 30.66GiB,0.79%,0B / 0B,184MB / 2.93MB,30
2026-07-30 11:34:45,scovox,80.40%,350.7MiB / 30.66GiB,1.12%,0B / 0B,78.3MB / 5.57MB,53
2026-07-30 11:34:45,mapir-ffmpeg,28.10%,336.5MiB / 30.66GiB,1.07%,0B / 0B,200MB / 1.55MB,33
2026-07-30 11:34:45,trav_ros2,113.78%,485.6MiB / 30.66GiB,1.55%,0B / 0B,125MB / 2.11MB,44
2026-07-30 11:34:45,realsense,19.09%,177.3MiB / 30.66GiB,0.56%,0B / 0B,107MB / 3.34MB,33
2026-07-30 11:34:45,nav2,12.77%,227.6MiB / 30.66GiB,0.72%,0B / 0B,128MB / 1.19MB,92
2026-07-30 11:34:45,glim,80.76%,607.5MiB / 30.66GiB,1.93%,0B / 0B,149MB / 11.7MB,37
2026-07-30 11:34:48,foxglove,15.96%,622.9MiB / 30.66GiB,1.98%,0B / 0B,203MB / 3.51MB,28
2026-07-30 11:34:48,docker-recorder-run-de836728b142,0.00%,22.88MiB / 30.66GiB,0.07%,0B / 0B,42.7MB / 9.68MB,1
2026-07-30 11:34:48,openzen,4.01%,88.84MiB / 30.66GiB,0.28%,0B / 0B,81.6MB / 2.17MB,20
2026-07-30 11:34:48,ouster,7.75%,248.3MiB / 30.66GiB,0.79%,0B / 0B,184MB / 2.93MB,30
2026-07-30 11:34:48,scovox,92.31%,318.4MiB / 30.66GiB,1.01%,0B / 0B,78.3MB / 5.57MB,53
2026-07-30 11:34:48,mapir-ffmpeg,34.22%,336.7MiB / 30.66GiB,1.07%,0B / 0B,200MB / 1.55MB,33
2026-07-30 11:34:48,trav_ros2,112.75%,481.8MiB / 30.66GiB,1.53%,0B / 0B,125MB / 2.13MB,44
2026-07-30 11:34:48,realsense,33.99%,177.5MiB / 30.66GiB,0.57%,0B / 0B,107MB / 3.34MB,33
2026-07-30 11:34:48,nav2,14.33%,229.3MiB / 30.66GiB,0.73%,0B / 0B,128MB / 1.19MB,92
2026-07-30 11:34:48,glim,68.68%,608.1MiB / 30.66GiB,1.94%,0B / 0B,149MB / 11.7MB,37
2026-07-30 11:34:51,foxglove,17.02%,623MiB / 30.66GiB,1.98%,0B / 0B,203MB / 3.51MB,28
2026-07-30 11:34:51,docker-recorder-run-de836728b142,0.00%,22.88MiB / 30.66GiB,0.07%,0B / 0B,42.7MB / 9.68MB,1
2026-07-30 11:34:51,openzen,4.37%,88.35MiB / 30.66GiB,0.28%,0B / 0B,81.6MB / 2.17MB,20
2026-07-30 11:34:51,ouster,6.87%,248.5MiB / 30.66GiB,0.79%,0B / 0B,184MB / 2.93MB,30
2026-07-30 11:34:51,scovox,67.34%,355.5MiB / 30.66GiB,1.13%,0B / 0B,78.3MB / 5.57MB,53
2026-07-30 11:34:51,mapir-ffmpeg,29.12%,336.5MiB / 30.66GiB,1.07%,0B / 0B,200MB / 1.55MB,33
2026-07-30 11:34:51,trav_ros2,114.28%,491.5MiB / 30.66GiB,1.57%,0B / 0B,125MB / 2.13MB,44
2026-07-30 11:34:51,realsense,19.50%,177.5MiB / 30.66GiB,0.57%,0B / 0B,107MB / 3.34MB,33
2026-07-30 11:34:51,nav2,13.28%,229.1MiB / 30.66GiB,0.73%,0B / 0B,128MB / 1.19MB,92
2026-07-30 11:34:51,glim,70.68%,608.8MiB / 30.66GiB,1.94%,0B / 0B,149MB / 11.7MB,37
2026-07-30 11:34:54,foxglove,21.86%,623.8MiB / 30.66GiB,1.99%,0B / 0B,203MB / 3.51MB,28
2026-07-30 11:34:54,docker-recorder-run-de836728b142,0.00%,22.88MiB / 30.66GiB,0.07%,0B / 0B,42.7MB / 9.68MB,1
2026-07-30 11:34:54,openzen,3.72%,88.35MiB / 30.66GiB,0.28%,0B / 0B,81.6MB / 2.17MB,20
2026-07-30 11:34:54,ouster,7.41%,248.3MiB / 30.66GiB,0.79%,0B / 0B,184MB / 2.93MB,30
2026-07-30 11:34:54,scovox,95.31%,318.3MiB / 30.66GiB,1.01%,0B / 0B,78.3MB / 5.57MB,53
2026-07-30 11:34:54,mapir-ffmpeg,31.46%,336.5MiB / 30.66GiB,1.07%,0B / 0B,200MB / 1.55MB,33
2026-07-30 11:34:54,trav_ros2,111.23%,487.8MiB / 30.66GiB,1.55%,0B / 0B,125MB / 2.13MB,44
2026-07-30 11:34:54,realsense,18.15%,177.3MiB / 30.66GiB,0.56%,0B / 0B,107MB / 3.34MB,33
2026-07-30 11:34:54,nav2,13.14%,227.9MiB / 30.66GiB,0.73%,0B / 0B,128MB / 1.19MB,92
2026-07-30 11:34:54,glim,70.47%,608.7MiB / 30.66GiB,1.94%,0B / 0B,149MB / 11.7MB,37
2026-07-30 11:34:57,foxglove,19.48%,594.6MiB / 30.66GiB,1.89%,0B / 0B,203MB / 3.51MB,28
2026-07-30 11:34:57,docker-recorder-run-de836728b142,0.00%,22.88MiB / 30.66GiB,0.07%,0B / 0B,42.7MB / 9.68MB,1
2026-07-30 11:34:57,openzen,4.44%,88.35MiB / 30.66GiB,0.28%,0B / 0B,81.6MB / 2.17MB,20
2026-07-30 11:34:57,ouster,22.33%,248.5MiB / 30.66GiB,0.79%,0B / 0B,184MB / 2.93MB,30
2026-07-30 11:34:57,scovox,67.70%,357.8MiB / 30.66GiB,1.14%,0B / 0B,78.3MB / 5.57MB,53
2026-07-30 11:34:57,mapir-ffmpeg,29.32%,336.7MiB / 30.66GiB,1.07%,0B / 0B,200MB / 1.55MB,33
2026-07-30 11:34:57,trav_ros2,113.23%,491MiB / 30.66GiB,1.56%,0B / 0B,125MB / 2.13MB,44
2026-07-30 11:34:57,realsense,18.28%,177.3MiB / 30.66GiB,0.56%,0B / 0B,107MB / 3.34MB,33
2026-07-30 11:34:57,nav2,13.07%,228.8MiB / 30.66GiB,0.73%,0B / 0B,128MB / 1.19MB,92
2026-07-30 11:34:57,glim,70.20%,608.5MiB / 30.66GiB,1.94%,0B / 0B,149MB / 11.7MB,37
2026-07-30 11:35:00,foxglove,16.95%,623.2MiB / 30.66GiB,1.98%,0B / 0B,203MB / 3.51MB,28
2026-07-30 11:35:00,docker-recorder-run-de836728b142,0.00%,22.88MiB / 30.66GiB,0.07%,0B / 0B,42.7MB / 9.68MB,1
2026-07-30 11:35:00,openzen,3.88%,88.59MiB / 30.66GiB,0.28%,0B / 0B,81.6MB / 2.17MB,20
2026-07-30 11:35:00,ouster,22.16%,248.5MiB / 30.66GiB,0.79%,0B / 0B,184MB / 2.93MB,30
2026-07-30 11:35:00,scovox,89.43%,319MiB / 30.66GiB,1.02%,0B / 0B,78.3MB / 5.57MB,53
2026-07-30 11:35:00,mapir-ffmpeg,29.76%,336.7MiB / 30.66GiB,1.07%,0B / 0B,200MB / 1.55MB,33
2026-07-30 11:35:00,trav_ros2,110.88%,481.9MiB / 30.66GiB,1.53%,0B / 0B,125MB / 2.13MB,44
2026-07-30 11:35:00,realsense,20.96%,177.3MiB / 30.66GiB,0.56%,0B / 0B,107MB / 3.34MB,33
2026-07-30 11:35:00,nav2,13.74%,227.8MiB / 30.66GiB,0.73%,0B / 0B,128MB / 1.19MB,92
2026-07-30 11:35:00,glim,69.49%,615.8MiB / 30.66GiB,1.96%,0B / 0B,149MB / 11.7MB,37
2026-07-30 11:35:04,foxglove,12.26%,594.9MiB / 30.66GiB,1.89%,0B / 0B,203MB / 3.51MB,28
2026-07-30 11:35:04,docker-recorder-run-de836728b142,0.00%,22.88MiB / 30.66GiB,0.07%,0B / 0B,42.7MB / 9.68MB,1
2026-07-30 11:35:04,openzen,4.00%,88.35MiB / 30.66GiB,0.28%,0B / 0B,81.6MB / 2.17MB,20
2026-07-30 11:35:04,ouster,15.06%,248.8MiB / 30.66GiB,0.79%,0B / 0B,184MB / 2.93MB,30
2026-07-30 11:35:04,scovox,67.36%,360.9MiB / 30.66GiB,1.15%,0B / 0B,78.3MB / 5.57MB,53
2026-07-30 11:35:04,mapir-ffmpeg,29.53%,336.9MiB / 30.66GiB,1.07%,0B / 0B,200MB / 1.55MB,33
2026-07-30 11:35:04,trav_ros2,110.84%,491.4MiB / 30.66GiB,1.57%,0B / 0B,125MB / 2.13MB,44
2026-07-30 11:35:04,realsense,38.19%,178MiB / 30.66GiB,0.57%,0B / 0B,107MB / 3.34MB,33
2026-07-30 11:35:04,nav2,13.22%,228.1MiB / 30.66GiB,0.73%,0B / 0B,128MB / 1.19MB,92
2026-07-30 11:35:04,glim,65.34%,617.9MiB / 30.66GiB,1.97%,0B / 0B,149MB / 11.7MB,37
2026-07-30 11:35:07,foxglove,14.19%,627.4MiB / 30.66GiB,2.00%,0B / 0B,203MB / 3.51MB,28
2026-07-30 11:35:07,docker-recorder-run-de836728b142,0.00%,22.88MiB / 30.66GiB,0.07%,0B / 0B,42.7MB / 9.68MB,1
2026-07-30 11:35:07,openzen,4.20%,88.35MiB / 30.66GiB,0.28%,0B / 0B,81.6MB / 2.17MB,20
2026-07-30 11:35:07,ouster,9.72%,248.3MiB / 30.66GiB,0.79%,0B / 0B,184MB / 2.93MB,30
2026-07-30 11:35:07,scovox,93.20%,318.1MiB / 30.66GiB,1.01%,0B / 0B,78.3MB / 5.57MB,53
2026-07-30 11:35:07,mapir-ffmpeg,38.50%,336.5MiB / 30.66GiB,1.07%,0B / 0B,200MB / 1.56MB,33
2026-07-30 11:35:07,trav_ros2,111.94%,487.9MiB / 30.66GiB,1.55%,0B / 0B,125MB / 2.13MB,44
2026-07-30 11:35:07,realsense,19.32%,177.8MiB / 30.66GiB,0.57%,0B / 0B,107MB / 3.34MB,33
2026-07-30 11:35:07,nav2,13.41%,229MiB / 30.66GiB,0.73%,0B / 0B,128MB / 1.19MB,92
2026-07-30 11:35:07,glim,77.11%,618.7MiB / 30.66GiB,1.97%,0B / 0B,149MB / 11.7MB,37
2026-07-30 11:35:10,foxglove,18.51%,595.4MiB / 30.66GiB,1.90%,0B / 0B,203MB / 3.51MB,28
2026-07-30 11:35:10,docker-recorder-run-de836728b142,0.00%,22.88MiB / 30.66GiB,0.07%,0B / 0B,42.7MB / 9.68MB,1
2026-07-30 11:35:10,openzen,3.67%,88.35MiB / 30.66GiB,0.28%,0B / 0B,81.6MB / 2.17MB,20
2026-07-30 11:35:10,ouster,11.05%,248.6MiB / 30.66GiB,0.79%,0B / 0B,184MB / 2.93MB,30
2026-07-30 11:35:10,scovox,68.84%,364.8MiB / 30.66GiB,1.16%,0B / 0B,78.3MB / 5.57MB,53
2026-07-30 11:35:10,mapir-ffmpeg,28.86%,336.4MiB / 30.66GiB,1.07%,0B / 0B,200MB / 1.56MB,33
2026-07-30 11:35:10,trav_ros2,112.14%,491.1MiB / 30.66GiB,1.56%,0B / 0B,125MB / 2.13MB,44
2026-07-30 11:35:10,realsense,26.51%,177.3MiB / 30.66GiB,0.56%,0B / 0B,107MB / 3.34MB,33
2026-07-30 11:35:10,nav2,12.73%,228.3MiB / 30.66GiB,0.73%,0B / 0B,128MB / 1.19MB,92
2026-07-30 11:35:10,glim,78.28%,618.2MiB / 30.66GiB,1.97%,0B / 0B,149MB / 11.7MB,37
2026-07-30 11:35:13,foxglove,14.92%,623.9MiB / 30.66GiB,1.99%,0B / 0B,203MB / 3.51MB,28
2026-07-30 11:35:13,docker-recorder-run-de836728b142,0.00%,22.88MiB / 30.66GiB,0.07%,0B / 0B,42.7MB / 9.68MB,1
2026-07-30 11:35:13,openzen,4.63%,88.59MiB / 30.66GiB,0.28%,0B / 0B,81.6MB / 2.17MB,20
2026-07-30 11:35:13,ouster,10.99%,248.2MiB / 30.66GiB,0.79%,0B / 0B,184MB / 2.93MB,30
2026-07-30 11:35:13,scovox,85.15%,317.5MiB / 30.66GiB,1.01%,0B / 0B,78.3MB / 5.57MB,53
2026-07-30 11:35:13,mapir-ffmpeg,29.21%,337.2MiB / 30.66GiB,1.07%,0B / 0B,200MB / 1.56MB,33
2026-07-30 11:35:13,trav_ros2,113.58%,488.1MiB / 30.66GiB,1.55%,0B / 0B,125MB / 2.13MB,44
2026-07-30 11:35:13,realsense,19.65%,177.3MiB / 30.66GiB,0.56%,0B / 0B,107MB / 3.34MB,33
2026-07-30 11:35:13,nav2,13.29%,228.4MiB / 30.66GiB,0.73%,0B / 0B,128MB / 1.19MB,92
2026-07-30 11:35:13,glim,76.20%,618.9MiB / 30.66GiB,1.97%,0B / 0B,149MB / 11.7MB,37
2026-07-30 11:35:16,foxglove,30.54%,623.8MiB / 30.66GiB,1.99%,0B / 0B,203MB / 3.51MB,28
2026-07-30 11:35:16,docker-recorder-run-de836728b142,0.00%,22.88MiB / 30.66GiB,0.07%,0B / 0B,42.7MB / 9.68MB,1
2026-07-30 11:35:16,openzen,3.87%,88.35MiB / 30.66GiB,0.28%,0B / 0B,81.6MB / 2.17MB,20
2026-07-30 11:35:16,ouster,9.87%,248.8MiB / 30.66GiB,0.79%,0B / 0B,184MB / 2.93MB,30
2026-07-30 11:35:16,scovox,88.87%,344MiB / 30.66GiB,1.10%,0B / 0B,78.3MB / 5.57MB,53
2026-07-30 11:35:16,mapir-ffmpeg,32.37%,336.4MiB / 30.66GiB,1.07%,0B / 0B,200MB / 1.56MB,33
2026-07-30 11:35:16,trav_ros2,112.97%,491.7MiB / 30.66GiB,1.57%,0B / 0B,125MB / 2.13MB,44
2026-07-30 11:35:16,realsense,19.13%,177.3MiB / 30.66GiB,0.56%,0B / 0B,107MB / 3.34MB,33
2026-07-30 11:35:16,nav2,13.59%,227.6MiB / 30.66GiB,0.72%,0B / 0B,128MB / 1.19MB,92
2026-07-30 11:35:16,glim,73.70%,619.4MiB / 30.66GiB,1.97%,0B / 0B,149MB / 11.7MB,37
2026-07-30 11:35:19,foxglove,14.77%,623.5MiB / 30.66GiB,1.99%,0B / 0B,203MB / 3.51MB,28
2026-07-30 11:35:19,docker-recorder-run-de836728b142,0.00%,22.88MiB / 30.66GiB,0.07%,0B / 0B,42.7MB / 9.68MB,1
2026-07-30 11:35:19,openzen,3.68%,88.35MiB / 30.66GiB,0.28%,0B / 0B,81.6MB / 2.17MB,20
2026-07-30 11:35:19,ouster,10.04%,248.7MiB / 30.66GiB,0.79%,0B / 0B,184MB / 2.93MB,30
2026-07-30 11:35:19,scovox,87.02%,346.6MiB / 30.66GiB,1.10%,0B / 0B,78.3MB / 5.67MB,53
2026-07-30 11:35:19,mapir-ffmpeg,28.44%,336.4MiB / 30.66GiB,1.07%,0B / 0B,200MB / 1.56MB,33
2026-07-30 11:35:19,trav_ros2,114.46%,487.2MiB / 30.66GiB,1.55%,0B / 0B,125MB / 2.15MB,44
2026-07-30 11:35:19,realsense,19.38%,177.3MiB / 30.66GiB,0.56%,0B / 0B,107MB / 3.34MB,33
2026-07-30 11:35:19,nav2,12.69%,227.4MiB / 30.66GiB,0.72%,0B / 0B,128MB / 1.19MB,92
2026-07-30 11:35:19,glim,81.42%,624.1MiB / 30.66GiB,1.99%,0B / 0B,149MB / 11.7MB,37
2026-07-30 11:35:22,foxglove,19.41%,623.4MiB / 30.66GiB,1.99%,0B / 0B,203MB / 3.51MB,28
2026-07-30 11:35:22,docker-recorder-run-de836728b142,0.00%,22.88MiB / 30.66GiB,0.07%,0B / 0B,42.7MB / 9.68MB,1
2026-07-30 11:35:22,openzen,3.91%,88.6MiB / 30.66GiB,0.28%,0B / 0B,81.6MB / 2.17MB,20
2026-07-30 11:35:22,ouster,10.15%,248MiB / 30.66GiB,0.79%,0B / 0B,184MB / 2.93MB,30
2026-07-30 11:35:22,scovox,80.35%,318.3MiB / 30.66GiB,1.01%,0B / 0B,78.3MB / 5.67MB,53
2026-07-30 11:35:22,mapir-ffmpeg,35.32%,336.4MiB / 30.66GiB,1.07%,0B / 0B,200MB / 1.56MB,33
2026-07-30 11:35:22,trav_ros2,114.89%,492.2MiB / 30.66GiB,1.57%,0B / 0B,125MB / 2.15MB,44
2026-07-30 11:35:22,realsense,38.75%,177.5MiB / 30.66GiB,0.57%,0B / 0B,107MB / 3.34MB,33
2026-07-30 11:35:22,nav2,13.53%,228.1MiB / 30.66GiB,0.73%,0B / 0B,128MB / 1.19MB,92
2026-07-30 11:35:22,glim,66.69%,628.4MiB / 30.66GiB,2.00%,0B / 0B,149MB / 11.7MB,37
2026-07-30 11:35:25,foxglove,26.66%,623.6MiB / 30.66GiB,1.99%,0B / 0B,203MB / 3.51MB,28
2026-07-30 11:35:25,docker-recorder-run-de836728b142,0.00%,22.88MiB / 30.66GiB,0.07%,0B / 0B,42.7MB / 9.68MB,1
2026-07-30 11:35:25,openzen,3.77%,88.35MiB / 30.66GiB,0.28%,0B / 0B,81.6MB / 2.17MB,20
2026-07-30 11:35:25,ouster,11.01%,248.9MiB / 30.66GiB,0.79%,0B / 0B,184MB / 2.93MB,30
2026-07-30 11:35:25,scovox,76.86%,348.5MiB / 30.66GiB,1.11%,0B / 0B,78.3MB / 5.67MB,53
2026-07-30 11:35:25,mapir-ffmpeg,40.09%,336.5MiB / 30.66GiB,1.07%,0B / 0B,200MB / 1.56MB,33
2026-07-30 11:35:25,trav_ros2,117.88%,491.9MiB / 30.66GiB,1.57%,0B / 0B,125MB / 2.15MB,44
2026-07-30 11:35:25,realsense,19.03%,177.3MiB / 30.66GiB,0.56%,0B / 0B,107MB / 3.34MB,33
2026-07-30 11:35:25,nav2,12.69%,228MiB / 30.66GiB,0.73%,0B / 0B,128MB / 1.19MB,92
2026-07-30 11:35:25,glim,70.47%,630.4MiB / 30.66GiB,2.01%,0B / 0B,149MB / 11.7MB,37
2026-07-30 11:35:28,foxglove,17.12%,623.2MiB / 30.66GiB,1.98%,0B / 0B,203MB / 3.51MB,28
2026-07-30 11:35:28,docker-recorder-run-de836728b142,0.00%,22.88MiB / 30.66GiB,0.07%,0B / 0B,42.7MB / 9.68MB,1
2026-07-30 11:35:28,openzen,3.97%,88.61MiB / 30.66GiB,0.28%,0B / 0B,81.6MB / 2.17MB,20
2026-07-30 11:35:28,ouster,10.49%,248.2MiB / 30.66GiB,0.79%,0B / 0B,184MB / 2.93MB,30
2026-07-30 11:35:28,scovox,85.31%,317.8MiB / 30.66GiB,1.01%,0B / 0B,78.3MB / 5.67MB,53
2026-07-30 11:35:28,mapir-ffmpeg,27.73%,336.9MiB / 30.66GiB,1.07%,0B / 0B,200MB / 1.56MB,33
2026-07-30 11:35:28,trav_ros2,111.25%,487.1MiB / 30.66GiB,1.55%,0B / 0B,125MB / 2.15MB,44
2026-07-30 11:35:28,realsense,19.83%,177.3MiB / 30.66GiB,0.56%,0B / 0B,107MB / 3.34MB,33
2026-07-30 11:35:28,nav2,12.85%,228.6MiB / 30.66GiB,0.73%,0B / 0B,128MB / 1.19MB,92
2026-07-30 11:35:28,glim,78.20%,630.4MiB / 30.66GiB,2.01%,0B / 0B,149MB / 11.7MB,37
2026-07-30 11:35:31,foxglove,15.47%,627.1MiB / 30.66GiB,2.00%,0B / 0B,203MB / 3.51MB,28
2026-07-30 11:35:31,docker-recorder-run-de836728b142,0.00%,22.88MiB / 30.66GiB,0.07%,0B / 0B,42.7MB / 9.68MB,1
2026-07-30 11:35:31,openzen,3.82%,88.35MiB / 30.66GiB,0.28%,0B / 0B,81.6MB / 2.17MB,20
2026-07-30 11:35:31,ouster,7.91%,248.3MiB / 30.66GiB,0.79%,0B / 0B,184MB / 2.93MB,30
2026-07-30 11:35:31,scovox,72.81%,351.3MiB / 30.66GiB,1.12%,0B / 0B,78.3MB / 5.67MB,53
2026-07-30 11:35:31,mapir-ffmpeg,30.67%,336.4MiB / 30.66GiB,1.07%,0B / 0B,200MB / 1.56MB,33
2026-07-30 11:35:31,trav_ros2,117.91%,487.2MiB / 30.66GiB,1.55%,0B / 0B,125MB / 2.15MB,44
2026-07-30 11:35:31,realsense,19.54%,177.5MiB / 30.66GiB,0.57%,0B / 0B,107MB / 3.34MB,33
2026-07-30 11:35:31,nav2,12.82%,228.1MiB / 30.66GiB,0.73%,0B / 0B,128MB / 1.19MB,92
2026-07-30 11:35:31,glim,72.86%,633.4MiB / 30.66GiB,2.02%,0B / 0B,149MB / 11.7MB,37
2026-07-30 11:35:34,foxglove,18.52%,623.8MiB / 30.66GiB,1.99%,0B / 0B,203MB / 3.51MB,28
2026-07-30 11:35:34,docker-recorder-run-de836728b142,0.00%,22.88MiB / 30.66GiB,0.07%,0B / 0B,42.7MB / 9.68MB,1
2026-07-30 11:35:34,openzen,5.11%,88.35MiB / 30.66GiB,0.28%,0B / 0B,81.6MB / 2.17MB,20
2026-07-30 11:35:34,ouster,22.57%,248.6MiB / 30.66GiB,0.79%,0B / 0B,184MB / 2.93MB,30
2026-07-30 11:35:34,scovox,87.51%,318.2MiB / 30.66GiB,1.01%,0B / 0B,78.3MB / 5.67MB,53
2026-07-30 11:35:34,mapir-ffmpeg,37.20%,336.4MiB / 30.66GiB,1.07%,0B / 0B,200MB / 1.56MB,33
2026-07-30 11:35:34,trav_ros2,111.66%,492.1MiB / 30.66GiB,1.57%,0B / 0B,125MB / 2.15MB,44
2026-07-30 11:35:34,realsense,18.13%,177.3MiB / 30.66GiB,0.56%,0B / 0B,107MB / 3.34MB,33
2026-07-30 11:35:34,nav2,13.19%,227.9MiB / 30.66GiB,0.73%,0B / 0B,128MB / 1.19MB,92
2026-07-30 11:35:34,glim,74.63%,633.2MiB / 30.66GiB,2.02%,0B / 0B,149MB / 11.7MB,37
2026-07-30 11:35:37,foxglove,26.63%,623.6MiB / 30.66GiB,1.99%,0B / 0B,203MB / 3.51MB,28
2026-07-30 11:35:37,docker-recorder-run-de836728b142,0.00%,22.88MiB / 30.66GiB,0.07%,0B / 0B,42.7MB / 9.68MB,1
2026-07-30 11:35:37,openzen,4.15%,88.59MiB / 30.66GiB,0.28%,0B / 0B,81.6MB / 2.17MB,20
2026-07-30 11:35:37,ouster,19.83%,248.3MiB / 30.66GiB,0.79%,0B / 0B,184MB / 2.93MB,30
2026-07-30 11:35:37,scovox,69.51%,356.5MiB / 30.66GiB,1.14%,0B / 0B,78.3MB / 5.67MB,53
2026-07-30 11:35:37,mapir-ffmpeg,28.48%,336.7MiB / 30.66GiB,1.07%,0B / 0B,200MB / 1.56MB,33
2026-07-30 11:35:37,trav_ros2,117.51%,488.2MiB / 30.66GiB,1.55%,0B / 0B,125MB / 2.15MB,44
2026-07-30 11:35:37,realsense,38.58%,177.5MiB / 30.66GiB,0.57%,0B / 0B,107MB / 3.34MB,33
2026-07-30 11:35:37,nav2,12.16%,228.1MiB / 30.66GiB,0.73%,0B / 0B,128MB / 1.19MB,92
2026-07-30 11:35:37,glim,78.60%,618.1MiB / 30.66GiB,1.97%,0B / 0B,149MB / 11.7MB,37
2026-07-30 11:35:40,foxglove,19.85%,627.4MiB / 30.66GiB,2.00%,0B / 0B,203MB / 3.51MB,28
2026-07-30 11:35:40,docker-recorder-run-de836728b142,0.00%,22.88MiB / 30.66GiB,0.07%,0B / 0B,42.7MB / 9.68MB,1
2026-07-30 11:35:40,openzen,4.40%,88.35MiB / 30.66GiB,0.28%,0B / 0B,81.6MB / 2.17MB,20
2026-07-30 11:35:40,ouster,25.71%,248.2MiB / 30.66GiB,0.79%,0B / 0B,184MB / 2.93MB,30
2026-07-30 11:35:40,scovox,73.03%,357MiB / 30.66GiB,1.14%,0B / 0B,78.3MB / 5.67MB,53
2026-07-30 11:35:40,mapir-ffmpeg,28.63%,336.4MiB / 30.66GiB,1.07%,0B / 0B,200MB / 1.58MB,33
2026-07-30 11:35:40,trav_ros2,111.86%,492.3MiB / 30.66GiB,1.57%,0B / 0B,125MB / 2.15MB,44
2026-07-30 11:35:40,realsense,38.78%,177.5MiB / 30.66GiB,0.57%,0B / 0B,107MB / 3.34MB,33
2026-07-30 11:35:40,nav2,13.52%,228.1MiB / 30.66GiB,0.73%,0B / 0B,128MB / 1.19MB,92
2026-07-30 11:35:40,glim,70.00%,618.7MiB / 30.66GiB,1.97%,0B / 0B,149MB / 11.7MB,37
2026-07-30 11:35:43,foxglove,21.66%,597.1MiB / 30.66GiB,1.90%,0B / 0B,203MB / 3.51MB,28
2026-07-30 11:35:43,docker-recorder-run-de836728b142,0.00%,22.88MiB / 30.66GiB,0.07%,0B / 0B,42.7MB / 9.68MB,1
2026-07-30 11:35:43,openzen,3.60%,88.6MiB / 30.66GiB,0.28%,0B / 0B,81.6MB / 2.17MB,20
2026-07-30 11:35:43,ouster,10.28%,248.3MiB / 30.66GiB,0.79%,0B / 0B,184MB / 2.93MB,30
2026-07-30 11:35:43,scovox,65.87%,359.3MiB / 30.66GiB,1.14%,0B / 0B,78.3MB / 5.67MB,53
2026-07-30 11:35:43,mapir-ffmpeg,43.47%,336.7MiB / 30.66GiB,1.07%,0B / 0B,200MB / 1.58MB,33
2026-07-30 11:35:43,trav_ros2,118.72%,488.4MiB / 30.66GiB,1.56%,0B / 0B,125MB / 2.15MB,44
2026-07-30 11:35:43,realsense,34.83%,177.8MiB / 30.66GiB,0.57%,0B / 0B,107MB / 3.34MB,33
2026-07-30 11:35:43,nav2,12.78%,228.1MiB / 30.66GiB,0.73%,0B / 0B,128MB / 1.19MB,92
2026-07-30 11:35:43,glim,73.39%,618.4MiB / 30.66GiB,1.97%,0B / 0B,149MB / 11.7MB,37
2026-07-30 11:35:46,foxglove,16.54%,622.7MiB / 30.66GiB,1.98%,0B / 0B,203MB / 3.51MB,28
2026-07-30 11:35:46,docker-recorder-run-de836728b142,0.00%,22.88MiB / 30.66GiB,0.07%,0B / 0B,42.7MB / 9.68MB,1
2026-07-30 11:35:46,openzen,5.29%,88.35MiB / 30.66GiB,0.28%,0B / 0B,81.6MB / 2.17MB,20
2026-07-30 11:35:46,ouster,10.60%,248.3MiB / 30.66GiB,0.79%,0B / 0B,184MB / 2.93MB,30
2026-07-30 11:35:46,scovox,85.01%,317.9MiB / 30.66GiB,1.01%,0B / 0B,78.3MB / 5.67MB,53
2026-07-30 11:35:46,mapir-ffmpeg,29.38%,336.4MiB / 30.66GiB,1.07%,0B / 0B,200MB / 1.58MB,33
2026-07-30 11:35:46,trav_ros2,112.84%,480.9MiB / 30.66GiB,1.53%,0B / 0B,125MB / 2.15MB,44
2026-07-30 11:35:46,realsense,18.74%,178.1MiB / 30.66GiB,0.57%,0B / 0B,107MB / 3.34MB,33
2026-07-30 11:35:46,nav2,14.21%,228.1MiB / 30.66GiB,0.73%,0B / 0B,128MB / 1.19MB,92
2026-07-30 11:35:46,glim,79.85%,613.5MiB / 30.66GiB,1.95%,0B / 0B,149MB / 11.7MB,37
2026-07-30 11:35:50,foxglove,13.13%,595.6MiB / 30.66GiB,1.90%,0B / 0B,203MB / 3.51MB,28
2026-07-30 11:35:50,docker-recorder-run-de836728b142,0.00%,22.88MiB / 30.66GiB,0.07%,0B / 0B,42.7MB / 9.68MB,1
2026-07-30 11:35:50,openzen,3.82%,88.35MiB / 30.66GiB,0.28%,0B / 0B,81.6MB / 2.17MB,20
2026-07-30 11:35:50,ouster,9.89%,248.3MiB / 30.66GiB,0.79%,0B / 0B,184MB / 2.93MB,30
2026-07-30 11:35:50,scovox,94.25%,318.1MiB / 30.66GiB,1.01%,0B / 0B,78.3MB / 5.76MB,53
2026-07-30 11:35:50,mapir-ffmpeg,28.87%,336.4MiB / 30.66GiB,1.07%,0B / 0B,200MB / 1.58MB,33
2026-07-30 11:35:50,trav_ros2,121.42%,488MiB / 30.66GiB,1.55%,0B / 0B,125MB / 2.17MB,44
2026-07-30 11:35:50,realsense,27.56%,177.5MiB / 30.66GiB,0.57%,0B / 0B,107MB / 3.34MB,33
2026-07-30 11:35:50,nav2,12.30%,228.3MiB / 30.66GiB,0.73%,0B / 0B,128MB / 1.19MB,92
2026-07-30 11:35:50,glim,69.49%,613.5MiB / 30.66GiB,1.95%,0B / 0B,149MB / 11.7MB,37
2026-07-30 11:35:53,foxglove,18.85%,623.6MiB / 30.66GiB,1.99%,0B / 0B,203MB / 3.51MB,28
2026-07-30 11:35:53,docker-recorder-run-de836728b142,0.00%,22.88MiB / 30.66GiB,0.07%,0B / 0B,42.7MB / 9.68MB,1
2026-07-30 11:35:53,openzen,4.09%,88.84MiB / 30.66GiB,0.28%,0B / 0B,81.6MB / 2.17MB,20
2026-07-30 11:35:53,ouster,10.40%,249.2MiB / 30.66GiB,0.79%,0B / 0B,184MB / 2.93MB,30
2026-07-30 11:35:53,scovox,94.29%,317.8MiB / 30.66GiB,1.01%,0B / 0B,78.3MB / 5.76MB,53
2026-07-30 11:35:53,mapir-ffmpeg,30.33%,336.7MiB / 30.66GiB,1.07%,0B / 0B,200MB / 1.58MB,33
2026-07-30 11:35:53,trav_ros2,112.15%,482.2MiB / 30.66GiB,1.54%,0B / 0B,125MB / 2.17MB,44
2026-07-30 11:35:53,realsense,21.32%,177.5MiB / 30.66GiB,0.57%,0B / 0B,107MB / 3.34MB,33
2026-07-30 11:35:53,nav2,14.55%,228.8MiB / 30.66GiB,0.73%,0B / 0B,128MB / 1.19MB,92
2026-07-30 11:35:53,glim,88.97%,614.4MiB / 30.66GiB,1.96%,0B / 0B,149MB / 11.7MB,37
2026-07-30 11:35:56,foxglove,17.45%,623.9MiB / 30.66GiB,1.99%,0B / 0B,203MB / 3.51MB,28
2026-07-30 11:35:56,docker-recorder-run-de836728b142,0.00%,22.88MiB / 30.66GiB,0.07%,0B / 0B,42.7MB / 9.68MB,1
2026-07-30 11:35:56,openzen,3.80%,88.35MiB / 30.66GiB,0.28%,0B / 0B,81.6MB / 2.17MB,20
2026-07-30 11:35:56,ouster,11.11%,248.7MiB / 30.66GiB,0.79%,0B / 0B,184MB / 2.93MB,30
2026-07-30 11:35:56,scovox,69.83%,364.3MiB / 30.66GiB,1.16%,0B / 0B,78.3MB / 5.76MB,53
2026-07-30 11:35:56,mapir-ffmpeg,30.65%,336.4MiB / 30.66GiB,1.07%,0B / 0B,200MB / 1.58MB,33
2026-07-30 11:35:56,trav_ros2,121.03%,485.8MiB / 30.66GiB,1.55%,0B / 0B,125MB / 2.17MB,44
2026-07-30 11:35:56,realsense,21.09%,177.3MiB / 30.66GiB,0.56%,0B / 0B,107MB / 3.34MB,33
2026-07-30 11:35:56,nav2,13.83%,228.6MiB / 30.66GiB,0.73%,0B / 0B,128MB / 1.19MB,92
2026-07-30 11:35:56,glim,87.41%,614.2MiB / 30.66GiB,1.96%,0B / 0B,149MB / 11.7MB,37
2026-07-30 11:35:59,foxglove,16.25%,623.9MiB / 30.66GiB,1.99%,0B / 0B,203MB / 3.51MB,28
2026-07-30 11:35:59,docker-recorder-run-de836728b142,0.00%,22.88MiB / 30.66GiB,0.07%,0B / 0B,42.7MB / 9.68MB,1
2026-07-30 11:35:59,openzen,4.38%,88.35MiB / 30.66GiB,0.28%,0B / 0B,81.6MB / 2.17MB,20
2026-07-30 11:35:59,ouster,10.65%,248.1MiB / 30.66GiB,0.79%,0B / 0B,184MB / 2.93MB,30
2026-07-30 11:35:59,scovox,89.18%,345.3MiB / 30.66GiB,1.10%,0B / 0B,78.3MB / 5.76MB,53
2026-07-30 11:35:59,mapir-ffmpeg,28.89%,336.7MiB / 30.66GiB,1.07%,0B / 0B,200MB / 1.58MB,33
2026-07-30 11:35:59,trav_ros2,114.56%,484.9MiB / 30.66GiB,1.54%,0B / 0B,125MB / 2.17MB,44
2026-07-30 11:35:59,realsense,18.33%,177.8MiB / 30.66GiB,0.57%,0B / 0B,107MB / 3.34MB,33
2026-07-30 11:35:59,nav2,13.49%,228.3MiB / 30.66GiB,0.73%,0B / 0B,128MB / 1.19MB,92
2026-07-30 11:35:59,glim,73.75%,624.7MiB / 30.66GiB,1.99%,0B / 0B,149MB / 11.7MB,37
2026-07-30 11:36:02,foxglove,16.67%,625.9MiB / 30.66GiB,1.99%,0B / 0B,203MB / 3.51MB,28
2026-07-30 11:36:02,docker-recorder-run-de836728b142,0.00%,22.88MiB / 30.66GiB,0.07%,0B / 0B,42.7MB / 9.68MB,1
2026-07-30 11:36:02,openzen,3.97%,88.59MiB / 30.66GiB,0.28%,0B / 0B,81.6MB / 2.17MB,20
2026-07-30 11:36:02,ouster,8.98%,248.1MiB / 30.66GiB,0.79%,0B / 0B,184MB / 2.93MB,30
2026-07-30 11:36:02,scovox,78.29%,366.7MiB / 30.66GiB,1.17%,0B / 0B,78.3MB / 5.76MB,53
2026-07-30 11:36:02,mapir-ffmpeg,33.34%,336.4MiB / 30.66GiB,1.07%,0B / 0B,200MB / 1.58MB,33
2026-07-30 11:36:02,trav_ros2,118.94%,522.3MiB / 30.66GiB,1.66%,0B / 0B,125MB / 2.17MB,44
2026-07-30 11:36:02,realsense,39.18%,177.8MiB / 30.66GiB,0.57%,0B / 0B,107MB / 3.34MB,33
2026-07-30 11:36:02,nav2,13.60%,228.6MiB / 30.66GiB,0.73%,0B / 0B,128MB / 1.19MB,92
2026-07-30 11:36:02,glim,79.31%,624.9MiB / 30.66GiB,1.99%,0B / 0B,149MB / 11.7MB,37
2026-07-30 11:36:05,foxglove,12.36%,623.2MiB / 30.66GiB,1.98%,0B / 0B,203MB / 3.51MB,28
2026-07-30 11:36:05,docker-recorder-run-de836728b142,0.00%,22.88MiB / 30.66GiB,0.07%,0B / 0B,42.7MB / 9.68MB,1
2026-07-30 11:36:05,openzen,4.02%,88.35MiB / 30.66GiB,0.28%,0B / 0B,81.6MB / 2.17MB,20
2026-07-30 11:36:05,ouster,10.13%,248.8MiB / 30.66GiB,0.79%,0B / 0B,184MB / 2.93MB,30
2026-07-30 11:36:05,scovox,85.46%,346.8MiB / 30.66GiB,1.10%,0B / 0B,78.3MB / 5.76MB,53
2026-07-30 11:36:05,mapir-ffmpeg,30.21%,336.4MiB / 30.66GiB,1.07%,0B / 0B,200MB / 1.58MB,33
2026-07-30 11:36:05,trav_ros2,112.96%,473.2MiB / 30.66GiB,1.51%,0B / 0B,125MB / 2.17MB,44
2026-07-30 11:36:05,realsense,18.73%,177.3MiB / 30.66GiB,0.56%,0B / 0B,107MB / 3.34MB,33
2026-07-30 11:36:05,nav2,13.05%,228.3MiB / 30.66GiB,0.73%,0B / 0B,128MB / 1.19MB,92
2026-07-30 11:36:05,glim,72.40%,624.9MiB / 30.66GiB,1.99%,0B / 0B,149MB / 11.7MB,37
2026-07-30 11:36:08,foxglove,20.19%,626MiB / 30.66GiB,1.99%,0B / 0B,203MB / 3.51MB,28
2026-07-30 11:36:08,docker-recorder-run-de836728b142,0.00%,22.88MiB / 30.66GiB,0.07%,0B / 0B,42.7MB / 9.68MB,1
2026-07-30 11:36:08,openzen,3.71%,88.86MiB / 30.66GiB,0.28%,0B / 0B,81.6MB / 2.17MB,20
2026-07-30 11:36:08,ouster,9.37%,248.3MiB / 30.66GiB,0.79%,0B / 0B,184MB / 2.93MB,30
2026-07-30 11:36:08,scovox,81.99%,318.5MiB / 30.66GiB,1.01%,0B / 0B,78.3MB / 5.76MB,53
2026-07-30 11:36:08,mapir-ffmpeg,29.04%,336.9MiB / 30.66GiB,1.07%,0B / 0B,200MB / 1.58MB,33
2026-07-30 11:36:08,trav_ros2,112.89%,482.9MiB / 30.66GiB,1.54%,0B / 0B,125MB / 2.17MB,44
2026-07-30 11:36:08,realsense,17.88%,177.3MiB / 30.66GiB,0.56%,0B / 0B,107MB / 3.34MB,33
2026-07-30 11:36:08,nav2,12.23%,228.5MiB / 30.66GiB,0.73%,0B / 0B,128MB / 1.19MB,92
2026-07-30 11:36:08,glim,77.42%,625.5MiB / 30.66GiB,1.99%,0B / 0B,149MB / 11.7MB,37
2026-07-30 11:36:11,foxglove,13.09%,623.3MiB / 30.66GiB,1.99%,0B / 0B,203MB / 3.51MB,28
2026-07-30 11:36:11,docker-recorder-run-de836728b142,0.00%,22.88MiB / 30.66GiB,0.07%,0B / 0B,42.7MB / 9.68MB,1
2026-07-30 11:36:11,openzen,4.15%,88.35MiB / 30.66GiB,0.28%,0B / 0B,81.6MB / 2.17MB,20
2026-07-30 11:36:11,ouster,10.63%,248.1MiB / 30.66GiB,0.79%,0B / 0B,184MB / 2.93MB,30
2026-07-30 11:36:11,scovox,73.47%,346.4MiB / 30.66GiB,1.10%,0B / 0B,78.3MB / 5.76MB,53
2026-07-30 11:36:11,mapir-ffmpeg,29.19%,336.4MiB / 30.66GiB,1.07%,0B / 0B,200MB / 1.58MB,33
2026-07-30 11:36:11,trav_ros2,111.67%,486.8MiB / 30.66GiB,1.55%,0B / 0B,125MB / 2.17MB,44
2026-07-30 11:36:11,realsense,19.97%,177.6MiB / 30.66GiB,0.57%,0B / 0B,107MB / 3.34MB,33
2026-07-30 11:36:11,nav2,12.74%,228.6MiB / 30.66GiB,0.73%,0B / 0B,128MB / 1.19MB,92
2026-07-30 11:36:11,glim,69.47%,611.6MiB / 30.66GiB,1.95%,0B / 0B,149MB / 11.7MB,37
2026-07-30 11:36:14,foxglove,12.92%,623.9MiB / 30.66GiB,1.99%,0B / 0B,203MB / 3.51MB,28
2026-07-30 11:36:14,docker-recorder-run-de836728b142,0.00%,22.88MiB / 30.66GiB,0.07%,0B / 0B,42.7MB / 9.68MB,1
2026-07-30 11:36:14,openzen,3.84%,88.35MiB / 30.66GiB,0.28%,0B / 0B,81.6MB / 2.17MB,20
2026-07-30 11:36:14,ouster,7.55%,249.3MiB / 30.66GiB,0.79%,0B / 0B,184MB / 2.93MB,30
2026-07-30 11:36:14,scovox,87.99%,318.7MiB / 30.66GiB,1.01%,0B / 0B,78.3MB / 5.76MB,53
2026-07-30 11:36:14,mapir-ffmpeg,43.74%,336.4MiB / 30.66GiB,1.07%,0B / 0B,200MB / 1.59MB,33
2026-07-30 11:36:14,trav_ros2,113.69%,487.3MiB / 30.66GiB,1.55%,0B / 0B,125MB / 2.17MB,44
2026-07-30 11:36:14,realsense,18.10%,177.8MiB / 30.66GiB,0.57%,0B / 0B,107MB / 3.34MB,33
2026-07-30 11:36:14,nav2,12.89%,228.8MiB / 30.66GiB,0.73%,0B / 0B,128MB / 1.19MB,92
2026-07-30 11:36:14,glim,69.48%,611.4MiB / 30.66GiB,1.95%,0B / 0B,149MB / 11.7MB,37
2026-07-30 11:36:17,foxglove,16.62%,625.2MiB / 30.66GiB,1.99%,0B / 0B,203MB / 3.51MB,28
2026-07-30 11:36:17,docker-recorder-run-de836728b142,0.00%,22.88MiB / 30.66GiB,0.07%,0B / 0B,42.7MB / 9.68MB,1
2026-07-30 11:36:17,openzen,4.02%,89.09MiB / 30.66GiB,0.28%,0B / 0B,81.6MB / 2.17MB,20
2026-07-30 11:36:17,ouster,7.44%,248.4MiB / 30.66GiB,0.79%,0B / 0B,184MB / 2.93MB,30
2026-07-30 11:36:17,scovox,70.63%,354MiB / 30.66GiB,1.13%,0B / 0B,78.3MB / 5.76MB,53
2026-07-30 11:36:17,mapir-ffmpeg,29.39%,337.2MiB / 30.66GiB,1.07%,0B / 0B,200MB / 1.59MB,33
2026-07-30 11:36:17,trav_ros2,115.06%,491.7MiB / 30.66GiB,1.57%,0B / 0B,125MB / 2.17MB,44
2026-07-30 11:36:17,realsense,21.20%,177.3MiB / 30.66GiB,0.56%,0B / 0B,107MB / 3.34MB,33
2026-07-30 11:36:17,nav2,13.63%,228.1MiB / 30.66GiB,0.73%,0B / 0B,128MB / 1.19MB,92
2026-07-30 11:36:17,glim,68.17%,612.3MiB / 30.66GiB,1.95%,0B / 0B,149MB / 11.7MB,37
2026-07-30 11:36:20,foxglove,13.91%,625.8MiB / 30.66GiB,1.99%,0B / 0B,203MB / 3.51MB,28
2026-07-30 11:36:20,docker-recorder-run-de836728b142,0.00%,22.88MiB / 30.66GiB,0.07%,0B / 0B,42.7MB / 9.68MB,1
2026-07-30 11:36:20,openzen,3.77%,88.35MiB / 30.66GiB,0.28%,0B / 0B,81.6MB / 2.17MB,20
2026-07-30 11:36:20,ouster,24.78%,248.3MiB / 30.66GiB,0.79%,0B / 0B,184MB / 2.93MB,30
2026-07-30 11:36:20,scovox,91.80%,318.2MiB / 30.66GiB,1.01%,0B / 0B,78.3MB / 5.85MB,53
2026-07-30 11:36:20,mapir-ffmpeg,28.04%,336.4MiB / 30.66GiB,1.07%,0B / 0B,200MB / 1.59MB,33
2026-07-30 11:36:20,trav_ros2,113.51%,486.2MiB / 30.66GiB,1.55%,0B / 0B,125MB / 2.17MB,44
2026-07-30 11:36:20,realsense,17.93%,177.3MiB / 30.66GiB,0.56%,0B / 0B,107MB / 3.34MB,33
2026-07-30 11:36:20,nav2,12.71%,228.3MiB / 30.66GiB,0.73%,0B / 0B,128MB / 1.19MB,92
2026-07-30 11:36:20,glim,83.85%,612.6MiB / 30.66GiB,1.95%,0B / 0B,149MB / 11.7MB,37
2026-07-30 11:36:23,foxglove,18.95%,623.7MiB / 30.66GiB,1.99%,0B / 0B,203MB / 3.51MB,28
2026-07-30 11:36:23,docker-recorder-run-de836728b142,0.00%,22.88MiB / 30.66GiB,0.07%,0B / 0B,42.7MB / 9.68MB,1
2026-07-30 11:36:23,openzen,3.88%,88.35MiB / 30.66GiB,0.28%,0B / 0B,81.6MB / 2.17MB,20
2026-07-30 11:36:23,ouster,9.36%,248.6MiB / 30.66GiB,0.79%,0B / 0B,184MB / 2.93MB,30
2026-07-30 11:36:23,scovox,69.07%,359.2MiB / 30.66GiB,1.14%,0B / 0B,78.3MB / 5.85MB,53
2026-07-30 11:36:23,mapir-ffmpeg,44.00%,336.7MiB / 30.66GiB,1.07%,0B / 0B,200MB / 1.59MB,33
2026-07-30 11:36:23,trav_ros2,113.08%,488.5MiB / 30.66GiB,1.56%,0B / 0B,125MB / 2.2MB,44
2026-07-30 11:36:23,realsense,40.22%,177.3MiB / 30.66GiB,0.56%,0B / 0B,107MB / 3.34MB,33
2026-07-30 11:36:23,nav2,13.64%,228.6MiB / 30.66GiB,0.73%,0B / 0B,128MB / 1.19MB,92
2026-07-30 11:36:23,glim,67.88%,612.3MiB / 30.66GiB,1.95%,0B / 0B,149MB / 11.7MB,37
2026-07-30 11:36:26,foxglove,20.30%,625.4MiB / 30.66GiB,1.99%,0B / 0B,203MB / 3.51MB,28
2026-07-30 11:36:26,docker-recorder-run-de836728b142,0.00%,22.88MiB / 30.66GiB,0.07%,0B / 0B,42.7MB / 9.68MB,1
2026-07-30 11:36:26,openzen,4.25%,88.35MiB / 30.66GiB,0.28%,0B / 0B,81.6MB / 2.17MB,20
2026-07-30 11:36:26,ouster,7.88%,249.1MiB / 30.66GiB,0.79%,0B / 0B,184MB / 2.93MB,30
2026-07-30 11:36:26,scovox,95.98%,318.2MiB / 30.66GiB,1.01%,0B / 0B,78.3MB / 5.85MB,53
2026-07-30 11:36:26,mapir-ffmpeg,43.70%,336.4MiB / 30.66GiB,1.07%,0B / 0B,200MB / 1.59MB,33
2026-07-30 11:36:26,trav_ros2,111.75%,491.5MiB / 30.66GiB,1.57%,0B / 0B,125MB / 2.2MB,44
2026-07-30 11:36:26,realsense,19.86%,177.5MiB / 30.66GiB,0.57%,0B / 0B,107MB / 3.34MB,33
2026-07-30 11:36:26,nav2,13.56%,228.6MiB / 30.66GiB,0.73%,0B / 0B,128MB / 1.19MB,92
2026-07-30 11:36:26,glim,69.86%,613.7MiB / 30.66GiB,1.95%,0B / 0B,149MB / 11.7MB,37
2026-07-30 11:36:29,foxglove,15.99%,595.2MiB / 30.66GiB,1.90%,0B / 0B,203MB / 3.51MB,28
2026-07-30 11:36:29,docker-recorder-run-de836728b142,0.00%,22.88MiB / 30.66GiB,0.07%,0B / 0B,42.7MB / 9.68MB,1
2026-07-30 11:36:29,openzen,4.25%,88.6MiB / 30.66GiB,0.28%,0B / 0B,81.6MB / 2.17MB,20
2026-07-30 11:36:29,ouster,10.10%,248.6MiB / 30.66GiB,0.79%,0B / 0B,184MB / 2.93MB,30
2026-07-30 11:36:29,scovox,70.37%,360.9MiB / 30.66GiB,1.15%,0B / 0B,78.3MB / 5.85MB,53
2026-07-30 11:36:29,mapir-ffmpeg,32.58%,336.4MiB / 30.66GiB,1.07%,0B / 0B,200MB / 1.59MB,33
2026-07-30 11:36:29,trav_ros2,113.82%,482.4MiB / 30.66GiB,1.54%,0B / 0B,125MB / 2.2MB,44
2026-07-30 11:36:29,realsense,33.19%,177.3MiB / 30.66GiB,0.56%,0B / 0B,107MB / 3.34MB,33
2026-07-30 11:36:29,nav2,14.82%,229.3MiB / 30.66GiB,0.73%,0B / 0B,128MB / 1.19MB,92
2026-07-30 11:36:29,glim,75.27%,614.8MiB / 30.66GiB,1.96%,0B / 0B,149MB / 11.7MB,37
2026-07-30 11:36:33,foxglove,16.58%,623.5MiB / 30.66GiB,1.99%,0B / 0B,203MB / 3.51MB,28
2026-07-30 11:36:33,docker-recorder-run-de836728b142,0.00%,22.88MiB / 30.66GiB,0.07%,0B / 0B,42.7MB / 9.68MB,1
2026-07-30 11:36:33,openzen,4.35%,88.35MiB / 30.66GiB,0.28%,0B / 0B,81.6MB / 2.17MB,20
2026-07-30 11:36:33,ouster,7.83%,248.3MiB / 30.66GiB,0.79%,0B / 0B,184MB / 2.93MB,30
2026-07-30 11:36:33,scovox,93.28%,318.7MiB / 30.66GiB,1.02%,0B / 0B,78.3MB / 5.85MB,53
2026-07-30 11:36:33,mapir-ffmpeg,33.00%,337.2MiB / 30.66GiB,1.07%,0B / 0B,200MB / 1.59MB,33
2026-07-30 11:36:33,trav_ros2,113.91%,478.4MiB / 30.66GiB,1.52%,0B / 0B,125MB / 2.2MB,44
2026-07-30 11:36:33,realsense,40.01%,177.3MiB / 30.66GiB,0.56%,0B / 0B,107MB / 3.34MB,33
2026-07-30 11:36:33,nav2,13.46%,229MiB / 30.66GiB,0.73%,0B / 0B,128MB / 1.19MB,92
2026-07-30 11:36:33,glim,81.35%,615.1MiB / 30.66GiB,1.96%,0B / 0B,149MB / 11.7MB,37
2026-07-30 11:36:36,foxglove,12.87%,595.3MiB / 30.66GiB,1.90%,0B / 0B,203MB / 3.51MB,28
2026-07-30 11:36:36,docker-recorder-run-de836728b142,0.00%,22.88MiB / 30.66GiB,0.07%,0B / 0B,42.7MB / 9.68MB,1
2026-07-30 11:36:36,openzen,3.76%,88.35MiB / 30.66GiB,0.28%,0B / 0B,81.6MB / 2.17MB,20
2026-07-30 11:36:36,ouster,7.62%,248MiB / 30.66GiB,0.79%,0B / 0B,184MB / 2.93MB,30
2026-07-30 11:36:36,scovox,67.75%,363.8MiB / 30.66GiB,1.16%,0B / 0B,78.3MB / 5.85MB,53
2026-07-30 11:36:36,mapir-ffmpeg,30.92%,336.5MiB / 30.66GiB,1.07%,0B / 0B,200MB / 1.59MB,33
2026-07-30 11:36:36,trav_ros2,112.29%,486.4MiB / 30.66GiB,1.55%,0B / 0B,125MB / 2.2MB,44
2026-07-30 11:36:36,realsense,39.14%,177.5MiB / 30.66GiB,0.57%,0B / 0B,107MB / 3.34MB,33
2026-07-30 11:36:36,nav2,13.30%,227.8MiB / 30.66GiB,0.73%,0B / 0B,128MB / 1.19MB,92
2026-07-30 11:36:36,glim,75.29%,616.1MiB / 30.66GiB,1.96%,0B / 0B,149MB / 11.7MB,37
2026-07-30 11:36:39,foxglove,15.79%,624MiB / 30.66GiB,1.99%,0B / 0B,203MB / 3.51MB,28
2026-07-30 11:36:39,docker-recorder-run-de836728b142,0.00%,22.88MiB / 30.66GiB,0.07%,0B / 0B,42.7MB / 9.68MB,1
2026-07-30 11:36:39,openzen,3.88%,88.35MiB / 30.66GiB,0.28%,0B / 0B,81.6MB / 2.17MB,20
2026-07-30 11:36:39,ouster,15.52%,248.7MiB / 30.66GiB,0.79%,0B / 0B,184MB / 2.93MB,30
2026-07-30 11:36:39,scovox,96.17%,318.3MiB / 30.66GiB,1.01%,0B / 0B,78.3MB / 5.85MB,53
2026-07-30 11:36:39,mapir-ffmpeg,31.69%,336.4MiB / 30.66GiB,1.07%,0B / 0B,200MB / 1.59MB,33
2026-07-30 11:36:39,trav_ros2,112.53%,486.8MiB / 30.66GiB,1.55%,0B / 0B,125MB / 2.2MB,44
2026-07-30 11:36:39,realsense,20.04%,178.3MiB / 30.66GiB,0.57%,0B / 0B,107MB / 3.34MB,33
2026-07-30 11:36:39,nav2,13.96%,228.6MiB / 30.66GiB,0.73%,0B / 0B,128MB / 1.19MB,92
2026-07-30 11:36:39,glim,69.16%,615.8MiB / 30.66GiB,1.96%,0B / 0B,149MB / 11.7MB,37
2026-07-30 11:36:42,foxglove,20.75%,633.7MiB / 30.66GiB,2.02%,0B / 0B,203MB / 3.51MB,28
2026-07-30 11:36:42,docker-recorder-run-de836728b142,0.00%,22.88MiB / 30.66GiB,0.07%,0B / 0B,42.7MB / 9.68MB,1
2026-07-30 11:36:42,openzen,3.99%,88.35MiB / 30.66GiB,0.28%,0B / 0B,81.6MB / 2.17MB,20
2026-07-30 11:36:42,ouster,10.88%,248.6MiB / 30.66GiB,0.79%,0B / 0B,184MB / 2.93MB,30
2026-07-30 11:36:42,scovox,73.94%,364.9MiB / 30.66GiB,1.16%,0B / 0B,78.3MB / 5.85MB,53
2026-07-30 11:36:42,mapir-ffmpeg,35.35%,336.4MiB / 30.66GiB,1.07%,0B / 0B,200MB / 1.59MB,33
2026-07-30 11:36:42,trav_ros2,117.43%,484.9MiB / 30.66GiB,1.54%,0B / 0B,125MB / 2.2MB,44
2026-07-30 11:36:42,realsense,21.73%,177.8MiB / 30.66GiB,0.57%,0B / 0B,107MB / 3.34MB,33
2026-07-30 11:36:42,nav2,13.33%,228.8MiB / 30.66GiB,0.73%,0B / 0B,128MB / 1.19MB,92
2026-07-30 11:36:42,glim,72.74%,615.5MiB / 30.66GiB,1.96%,0B / 0B,149MB / 11.7MB,37
2026-07-30 11:36:45,foxglove,13.97%,629.8MiB / 30.66GiB,2.01%,0B / 0B,203MB / 3.51MB,28
2026-07-30 11:36:45,docker-recorder-run-de836728b142,0.00%,22.88MiB / 30.66GiB,0.07%,0B / 0B,42.7MB / 9.68MB,1
2026-07-30 11:36:45,openzen,3.60%,88.35MiB / 30.66GiB,0.28%,0B / 0B,81.6MB / 2.17MB,20
2026-07-30 11:36:45,ouster,8.34%,248.9MiB / 30.66GiB,0.79%,0B / 0B,184MB / 2.93MB,30
2026-07-30 11:36:45,scovox,88.07%,344.5MiB / 30.66GiB,1.10%,0B / 0B,78.3MB / 5.85MB,53
2026-07-30 11:36:45,mapir-ffmpeg,35.98%,336.4MiB / 30.66GiB,1.07%,0B / 0B,200MB / 1.59MB,33
2026-07-30 11:36:45,trav_ros2,114.93%,487MiB / 30.66GiB,1.55%,0B / 0B,125MB / 2.2MB,44
2026-07-30 11:36:45,realsense,23.75%,177.5MiB / 30.66GiB,0.57%,0B / 0B,107MB / 3.34MB,33
2026-07-30 11:36:45,nav2,12.32%,229MiB / 30.66GiB,0.73%,0B / 0B,128MB / 1.19MB,92
2026-07-30 11:36:45,glim,78.29%,616.3MiB / 30.66GiB,1.96%,0B / 0B,149MB / 11.7MB,37
2026-07-30 11:36:48,foxglove,19.29%,629.7MiB / 30.66GiB,2.01%,0B / 0B,203MB / 3.51MB,28
2026-07-30 11:36:48,docker-recorder-run-de836728b142,0.00%,22.88MiB / 30.66GiB,0.07%,0B / 0B,42.7MB / 9.68MB,1
2026-07-30 11:36:48,openzen,4.03%,88.85MiB / 30.66GiB,0.28%,0B / 0B,81.6MB / 2.17MB,20
2026-07-30 11:36:48,ouster,8.14%,248.8MiB / 30.66GiB,0.79%,0B / 0B,184MB / 2.93MB,30
2026-07-30 11:36:48,scovox,77.77%,365.6MiB / 30.66GiB,1.16%,0B / 0B,78.3MB / 5.85MB,53
2026-07-30 11:36:48,mapir-ffmpeg,38.16%,337MiB / 30.66GiB,1.07%,0B / 0B,200MB / 1.59MB,33
2026-07-30 11:36:48,trav_ros2,111.47%,491.5MiB / 30.66GiB,1.57%,0B / 0B,125MB / 2.2MB,44
2026-07-30 11:36:48,realsense,18.77%,177.5MiB / 30.66GiB,0.57%,0B / 0B,107MB / 3.34MB,33
2026-07-30 11:36:48,nav2,12.47%,228.6MiB / 30.66GiB,0.73%,0B / 0B,128MB / 1.19MB,92
2026-07-30 11:36:48,glim,66.43%,616.5MiB / 30.66GiB,1.96%,0B / 0B,149MB / 11.7MB,37
2026-07-30 11:36:51,foxglove,21.54%,629.7MiB / 30.66GiB,2.01%,0B / 0B,203MB / 3.51MB,28
2026-07-30 11:36:51,docker-recorder-run-de836728b142,0.00%,22.88MiB / 30.66GiB,0.07%,0B / 0B,42.7MB / 9.68MB,1
2026-07-30 11:36:51,openzen,3.68%,88.35MiB / 30.66GiB,0.28%,0B / 0B,81.6MB / 2.17MB,20
2026-07-30 11:36:51,ouster,7.48%,247.9MiB / 30.66GiB,0.79%,0B / 0B,184MB / 2.93MB,30
2026-07-30 11:36:51,scovox,78.97%,349.4MiB / 30.66GiB,1.11%,0B / 0B,78.3MB / 5.85MB,53
2026-07-30 11:36:51,mapir-ffmpeg,29.45%,336.5MiB / 30.66GiB,1.07%,0B / 0B,200MB / 1.6MB,33
2026-07-30 11:36:51,trav_ros2,111.12%,487.6MiB / 30.66GiB,1.55%,0B / 0B,125MB / 2.2MB,44
2026-07-30 11:36:51,realsense,18.57%,177.5MiB / 30.66GiB,0.57%,0B / 0B,107MB / 3.34MB,33
2026-07-30 11:36:51,nav2,12.71%,227.9MiB / 30.66GiB,0.73%,0B / 0B,128MB / 1.19MB,92
2026-07-30 11:36:51,glim,72.86%,626.4MiB / 30.66GiB,2.00%,0B / 0B,149MB / 11.7MB,37
2026-07-30 11:36:54,foxglove,16.39%,623.1MiB / 30.66GiB,1.98%,0B / 0B,203MB / 3.51MB,28
2026-07-30 11:36:54,docker-recorder-run-de836728b142,0.00%,22.88MiB / 30.66GiB,0.07%,0B / 0B,42.7MB / 9.68MB,1
2026-07-30 11:36:54,openzen,3.47%,88.35MiB / 30.66GiB,0.28%,0B / 0B,81.6MB / 2.17MB,20
2026-07-30 11:36:54,ouster,7.60%,248.2MiB / 30.66GiB,0.79%,0B / 0B,184MB / 2.93MB,30
2026-07-30 11:36:54,scovox,84.58%,326.1MiB / 30.66GiB,1.04%,0B / 0B,78.3MB / 5.94MB,53
2026-07-30 11:36:54,mapir-ffmpeg,29.04%,336.7MiB / 30.66GiB,1.07%,0B / 0B,200MB / 1.6MB,33
2026-07-30 11:36:54,trav_ros2,113.79%,484.5MiB / 30.66GiB,1.54%,0B / 0B,125MB / 2.22MB,44
2026-07-30 11:36:54,realsense,19.56%,177.5MiB / 30.66GiB,0.57%,0B / 0B,107MB / 3.34MB,33
2026-07-30 11:36:54,nav2,12.64%,228.8MiB / 30.66GiB,0.73%,0B / 0B,128MB / 1.19MB,92
2026-07-30 11:36:54,glim,74.96%,626.3MiB / 30.66GiB,1.99%,0B / 0B,149MB / 11.7MB,37
2026-07-30 11:36:57,foxglove,14.62%,623.4MiB / 30.66GiB,1.99%,0B / 0B,203MB / 3.51MB,28
2026-07-30 11:36:57,docker-recorder-run-de836728b142,0.00%,22.88MiB / 30.66GiB,0.07%,0B / 0B,42.7MB / 9.68MB,1
2026-07-30 11:36:57,openzen,4.98%,88.84MiB / 30.66GiB,0.28%,0B / 0B,81.6MB / 2.17MB,20
2026-07-30 11:36:57,ouster,7.99%,247.8MiB / 30.66GiB,0.79%,0B / 0B,184MB / 2.93MB,30
2026-07-30 11:36:57,scovox,79.40%,359.5MiB / 30.66GiB,1.15%,0B / 0B,78.3MB / 5.95MB,53
2026-07-30 11:36:57,mapir-ffmpeg,28.74%,336.7MiB / 30.66GiB,1.07%,0B / 0B,200MB / 1.6MB,33
2026-07-30 11:36:57,trav_ros2,111.59%,486.1MiB / 30.66GiB,1.55%,0B / 0B,125MB / 2.22MB,44
2026-07-30 11:36:57,realsense,19.34%,177.5MiB / 30.66GiB,0.57%,0B / 0B,107MB / 3.34MB,33
2026-07-30 11:36:57,nav2,13.60%,228.1MiB / 30.66GiB,0.73%,0B / 0B,128MB / 1.19MB,92
2026-07-30 11:36:57,glim,81.84%,631.3MiB / 30.66GiB,2.01%,0B / 0B,149MB / 11.7MB,37
2026-07-30 11:37:00,foxglove,18.08%,623.6MiB / 30.66GiB,1.99%,0B / 0B,203MB / 3.51MB,28
2026-07-30 11:37:00,docker-recorder-run-de836728b142,0.00%,22.88MiB / 30.66GiB,0.07%,0B / 0B,42.7MB / 9.68MB,1
2026-07-30 11:37:00,openzen,4.24%,88.6MiB / 30.66GiB,0.28%,0B / 0B,81.6MB / 2.17MB,20
2026-07-30 11:37:00,ouster,8.02%,248.7MiB / 30.66GiB,0.79%,0B / 0B,184MB / 2.93MB,30
2026-07-30 11:37:00,scovox,90.29%,326.5MiB / 30.66GiB,1.04%,0B / 0B,78.3MB / 5.95MB,53
2026-07-30 11:37:00,mapir-ffmpeg,39.40%,336.4MiB / 30.66GiB,1.07%,0B / 0B,200MB / 1.6MB,33
2026-07-30 11:37:00,trav_ros2,110.33%,486MiB / 30.66GiB,1.55%,0B / 0B,125MB / 2.22MB,44
2026-07-30 11:37:00,realsense,40.04%,177.3MiB / 30.66GiB,0.56%,0B / 0B,107MB / 3.34MB,33
2026-07-30 11:37:00,nav2,13.84%,228.6MiB / 30.66GiB,0.73%,0B / 0B,128MB / 1.19MB,92
2026-07-30 11:37:00,glim,75.35%,616.6MiB / 30.66GiB,1.96%,0B / 0B,149MB / 11.7MB,37
2026-07-30 11:37:03,foxglove,12.16%,633.3MiB / 30.66GiB,2.02%,0B / 0B,203MB / 3.51MB,28
2026-07-30 11:37:03,docker-recorder-run-de836728b142,0.00%,22.88MiB / 30.66GiB,0.07%,0B / 0B,42.7MB / 9.68MB,1
2026-07-30 11:37:03,openzen,4.10%,88.35MiB / 30.66GiB,0.28%,0B / 0B,81.6MB / 2.17MB,20
2026-07-30 11:37:03,ouster,8.26%,248.2MiB / 30.66GiB,0.79%,0B / 0B,184MB / 2.93MB,30
2026-07-30 11:37:03,scovox,68.25%,364.6MiB / 30.66GiB,1.16%,0B / 0B,78.3MB / 5.95MB,53
2026-07-30 11:37:03,mapir-ffmpeg,28.70%,336.4MiB / 30.66GiB,1.07%,0B / 0B,200MB / 1.6MB,33
2026-07-30 11:37:03,trav_ros2,114.75%,481.9MiB / 30.66GiB,1.53%,0B / 0B,125MB / 2.22MB,44
2026-07-30 11:37:03,realsense,17.71%,177.3MiB / 30.66GiB,0.56%,0B / 0B,107MB / 3.34MB,33
2026-07-30 11:37:03,nav2,13.12%,228.1MiB / 30.66GiB,0.73%,0B / 0B,128MB / 1.19MB,92
2026-07-30 11:37:03,glim,65.64%,617.7MiB / 30.66GiB,1.97%,0B / 0B,149MB / 11.7MB,37
2026-07-30 11:37:06,foxglove,18.55%,631.5MiB / 30.66GiB,2.01%,0B / 0B,203MB / 3.51MB,28
2026-07-30 11:37:06,docker-recorder-run-de836728b142,0.00%,22.88MiB / 30.66GiB,0.07%,0B / 0B,42.7MB / 9.68MB,1
2026-07-30 11:37:06,openzen,3.97%,88.35MiB / 30.66GiB,0.28%,0B / 0B,81.6MB / 2.17MB,20
2026-07-30 11:37:06,ouster,7.47%,248.7MiB / 30.66GiB,0.79%,0B / 0B,184MB / 2.93MB,30
2026-07-30 11:37:06,scovox,96.27%,326.3MiB / 30.66GiB,1.04%,0B / 0B,78.3MB / 5.95MB,53
2026-07-30 11:37:06,mapir-ffmpeg,37.94%,336.4MiB / 30.66GiB,1.07%,0B / 0B,200MB / 1.6MB,33
2026-07-30 11:37:06,trav_ros2,112.43%,487.8MiB / 30.66GiB,1.55%,0B / 0B,125MB / 2.22MB,44
2026-07-30 11:37:06,realsense,37.53%,177.5MiB / 30.66GiB,0.57%,0B / 0B,107MB / 3.34MB,33
2026-07-30 11:37:06,nav2,13.70%,229MiB / 30.66GiB,0.73%,0B / 0B,128MB / 1.19MB,92
2026-07-30 11:37:06,glim,73.49%,620.5MiB / 30.66GiB,1.98%,0B / 0B,149MB / 11.7MB,37
2026-07-30 11:37:09,foxglove,12.75%,596.4MiB / 30.66GiB,1.90%,0B / 0B,203MB / 3.51MB,28
2026-07-30 11:37:09,docker-recorder-run-de836728b142,0.00%,22.88MiB / 30.66GiB,0.07%,0B / 0B,42.7MB / 9.68MB,1
2026-07-30 11:37:09,openzen,4.60%,88.35MiB / 30.66GiB,0.28%,0B / 0B,81.6MB / 2.17MB,20
2026-07-30 11:37:09,ouster,7.45%,248.4MiB / 30.66GiB,0.79%,0B / 0B,184MB / 2.93MB,30
2026-07-30 11:37:09,scovox,69.20%,367.4MiB / 30.66GiB,1.17%,0B / 0B,78.3MB / 5.95MB,53
2026-07-30 11:37:09,mapir-ffmpeg,28.98%,336.5MiB / 30.66GiB,1.07%,0B / 0B,200MB / 1.6MB,33
2026-07-30 11:37:09,trav_ros2,111.21%,492.4MiB / 30.66GiB,1.57%,0B / 0B,125MB / 2.22MB,44
2026-07-30 11:37:09,realsense,38.99%,177.8MiB / 30.66GiB,0.57%,0B / 0B,107MB / 3.34MB,33
2026-07-30 11:37:09,nav2,13.25%,228.8MiB / 30.66GiB,0.73%,0B / 0B,128MB / 1.19MB,92
2026-07-30 11:37:09,glim,72.50%,621.1MiB / 30.66GiB,1.98%,0B / 0B,149MB / 11.7MB,37
2026-07-30 11:37:12,foxglove,16.03%,630.1MiB / 30.66GiB,2.01%,0B / 0B,203MB / 3.51MB,28
2026-07-30 11:37:12,docker-recorder-run-de836728b142,0.00%,22.88MiB / 30.66GiB,0.07%,0B / 0B,42.7MB / 9.68MB,1
2026-07-30 11:37:12,openzen,4.40%,88.85MiB / 30.66GiB,0.28%,0B / 0B,81.6MB / 2.17MB,20
2026-07-30 11:37:12,ouster,7.72%,248.2MiB / 30.66GiB,0.79%,0B / 0B,184MB / 2.93MB,30
2026-07-30 11:37:12,scovox,94.60%,326.1MiB / 30.66GiB,1.04%,0B / 0B,78.3MB / 5.95MB,53
2026-07-30 11:37:12,mapir-ffmpeg,35.04%,336.9MiB / 30.66GiB,1.07%,0B / 0B,200MB / 1.6MB,33
2026-07-30 11:37:12,trav_ros2,112.23%,491.4MiB / 30.66GiB,1.57%,0B / 0B,125MB / 2.22MB,44
2026-07-30 11:37:12,realsense,35.44%,177.5MiB / 30.66GiB,0.57%,0B / 0B,107MB / 3.34MB,33
2026-07-30 11:37:12,nav2,14.12%,228.3MiB / 30.66GiB,0.73%,0B / 0B,128MB / 1.19MB,92
2026-07-30 11:37:12,glim,69.75%,621.6MiB / 30.66GiB,1.98%,0B / 0B,149MB / 11.7MB,37
2026-07-30 11:37:16,foxglove,12.75%,597.4MiB / 30.66GiB,1.90%,0B / 0B,203MB / 3.51MB,28
2026-07-30 11:37:16,docker-recorder-run-de836728b142,0.00%,22.88MiB / 30.66GiB,0.07%,0B / 0B,42.7MB / 9.68MB,1
2026-07-30 11:37:16,openzen,4.12%,88.35MiB / 30.66GiB,0.28%,0B / 0B,81.6MB / 2.17MB,20
2026-07-30 11:37:16,ouster,24.45%,249.1MiB / 30.66GiB,0.79%,0B / 0B,184MB / 2.93MB,30
2026-07-30 11:37:16,scovox,68.90%,370.5MiB / 30.66GiB,1.18%,0B / 0B,78.3MB / 5.95MB,53
2026-07-30 11:37:16,mapir-ffmpeg,28.28%,336.4MiB / 30.66GiB,1.07%,0B / 0B,200MB / 1.6MB,33
2026-07-30 11:37:16,trav_ros2,111.59%,478.6MiB / 30.66GiB,1.52%,0B / 0B,125MB / 2.22MB,44
2026-07-30 11:37:16,realsense,18.42%,177.8MiB / 30.66GiB,0.57%,0B / 0B,107MB / 3.34MB,33
2026-07-30 11:37:16,nav2,13.04%,228.6MiB / 30.66GiB,0.73%,0B / 0B,128MB / 1.19MB,92
2026-07-30 11:37:16,glim,66.88%,626.2MiB / 30.66GiB,1.99%,0B / 0B,149MB / 11.7MB,37
2026-07-30 11:37:19,foxglove,17.79%,629.8MiB / 30.66GiB,2.01%,0B / 0B,203MB / 3.51MB,28
2026-07-30 11:37:19,docker-recorder-run-de836728b142,0.00%,22.88MiB / 30.66GiB,0.07%,0B / 0B,42.7MB / 9.68MB,1
2026-07-30 11:37:19,openzen,4.14%,88.6MiB / 30.66GiB,0.28%,0B / 0B,81.6MB / 2.17MB,20
2026-07-30 11:37:19,ouster,24.92%,247.9MiB / 30.66GiB,0.79%,0B / 0B,184MB / 2.93MB,30
2026-07-30 11:37:19,scovox,94.13%,326.9MiB / 30.66GiB,1.04%,0B / 0B,78.3MB / 5.95MB,53
2026-07-30 11:37:19,mapir-ffmpeg,42.44%,336.7MiB / 30.66GiB,1.07%,0B / 0B,200MB / 1.6MB,33
2026-07-30 11:37:19,trav_ros2,116.37%,481.3MiB / 30.66GiB,1.53%,0B / 0B,125MB / 2.22MB,44
2026-07-30 11:37:19,realsense,22.12%,177.8MiB / 30.66GiB,0.57%,0B / 0B,107MB / 3.34MB,33
2026-07-30 11:37:19,nav2,12.83%,228.3MiB / 30.66GiB,0.73%,0B / 0B,128MB / 1.19MB,92
2026-07-30 11:37:19,glim,62.78%,625.7MiB / 30.66GiB,1.99%,0B / 0B,149MB / 11.7MB,37
2026-07-30 11:37:22,foxglove,15.94%,629.4MiB / 30.66GiB,2.00%,0B / 0B,203MB / 3.51MB,28
2026-07-30 11:37:22,docker-recorder-run-de836728b142,0.00%,22.88MiB / 30.66GiB,0.07%,0B / 0B,42.7MB / 9.68MB,1
2026-07-30 11:37:22,openzen,3.91%,88.35MiB / 30.66GiB,0.28%,0B / 0B,81.6MB / 2.17MB,20
2026-07-30 11:37:22,ouster,10.79%,248.3MiB / 30.66GiB,0.79%,0B / 0B,184MB / 2.93MB,30
2026-07-30 11:37:22,scovox,101.56%,350.5MiB / 30.66GiB,1.12%,0B / 0B,78.3MB / 5.95MB,53
2026-07-30 11:37:22,mapir-ffmpeg,29.81%,336.7MiB / 30.66GiB,1.07%,0B / 0B,200MB / 1.6MB,33
2026-07-30 11:37:22,trav_ros2,113.81%,481.9MiB / 30.66GiB,1.53%,0B / 0B,125MB / 2.22MB,44
2026-07-30 11:37:22,realsense,19.40%,178MiB / 30.66GiB,0.57%,0B / 0B,107MB / 3.34MB,33
2026-07-30 11:37:22,nav2,14.71%,228.6MiB / 30.66GiB,0.73%,0B / 0B,128MB / 1.19MB,92
2026-07-30 11:37:22,glim,82.03%,627MiB / 30.66GiB,2.00%,0B / 0B,149MB / 11.7MB,37
2026-07-30 11:37:25,foxglove,13.49%,629.5MiB / 30.66GiB,2.00%,0B / 0B,203MB / 3.51MB,28
2026-07-30 11:37:25,docker-recorder-run-de836728b142,0.00%,22.88MiB / 30.66GiB,0.07%,0B / 0B,42.7MB / 9.68MB,1
2026-07-30 11:37:25,openzen,4.20%,88.6MiB / 30.66GiB,0.28%,0B / 0B,81.6MB / 2.17MB,20
2026-07-30 11:37:25,ouster,10.35%,248.7MiB / 30.66GiB,0.79%,0B / 0B,184MB / 2.93MB,30
2026-07-30 11:37:25,scovox,97.56%,350.7MiB / 30.66GiB,1.12%,0B / 0B,78.3MB / 5.95MB,53
2026-07-30 11:37:25,mapir-ffmpeg,29.88%,336.5MiB / 30.66GiB,1.07%,0B / 0B,200MB / 1.61MB,33
2026-07-30 11:37:25,trav_ros2,117.89%,488.4MiB / 30.66GiB,1.56%,0B / 0B,125MB / 2.24MB,44
2026-07-30 11:37:25,realsense,33.18%,177.5MiB / 30.66GiB,0.57%,0B / 0B,107MB / 3.34MB,33
2026-07-30 11:37:25,nav2,12.87%,229.1MiB / 30.66GiB,0.73%,0B / 0B,128MB / 1.19MB,92
2026-07-30 11:37:25,glim,88.13%,626.4MiB / 30.66GiB,1.99%,0B / 0B,149MB / 11.7MB,37
2026-07-30 11:37:28,foxglove,13.60%,628.7MiB / 30.66GiB,2.00%,0B / 0B,203MB / 3.51MB,28
2026-07-30 11:37:28,docker-recorder-run-de836728b142,0.00%,22.88MiB / 30.66GiB,0.07%,0B / 0B,42.7MB / 9.68MB,1
2026-07-30 11:37:28,openzen,3.76%,88.85MiB / 30.66GiB,0.28%,0B / 0B,81.6MB / 2.17MB,20
2026-07-30 11:37:28,ouster,9.98%,249MiB / 30.66GiB,0.79%,0B / 0B,184MB / 2.93MB,30
2026-07-30 11:37:28,scovox,75.97%,375MiB / 30.66GiB,1.19%,0B / 0B,78.3MB / 6.05MB,53
2026-07-30 11:37:28,mapir-ffmpeg,29.48%,337.2MiB / 30.66GiB,1.07%,0B / 0B,200MB / 1.61MB,33
2026-07-30 11:37:28,trav_ros2,113.17%,492.1MiB / 30.66GiB,1.57%,0B / 0B,125MB / 2.24MB,44
2026-07-30 11:37:28,realsense,22.14%,177.3MiB / 30.66GiB,0.56%,0B / 0B,107MB / 3.34MB,33
2026-07-30 11:37:28,nav2,12.08%,228.1MiB / 30.66GiB,0.73%,0B / 0B,128MB / 1.19MB,92
2026-07-30 11:37:28,glim,75.05%,627.4MiB / 30.66GiB,2.00%,0B / 0B,149MB / 11.7MB,37
2026-07-30 11:37:31,foxglove,17.31%,629.5MiB / 30.66GiB,2.00%,0B / 0B,203MB / 3.51MB,28
2026-07-30 11:37:31,docker-recorder-run-de836728b142,0.00%,22.88MiB / 30.66GiB,0.07%,0B / 0B,42.7MB / 9.68MB,1
2026-07-30 11:37:31,openzen,3.86%,88.35MiB / 30.66GiB,0.28%,0B / 0B,81.6MB / 2.17MB,20
2026-07-30 11:37:31,ouster,7.52%,248.6MiB / 30.66GiB,0.79%,0B / 0B,184MB / 2.93MB,30
2026-07-30 11:37:31,scovox,84.04%,355.9MiB / 30.66GiB,1.13%,0B / 0B,78.3MB / 6.05MB,53
2026-07-30 11:37:31,mapir-ffmpeg,41.34%,336.4MiB / 30.66GiB,1.07%,0B / 0B,200MB / 1.61MB,33
2026-07-30 11:37:31,trav_ros2,118.05%,482.6MiB / 30.66GiB,1.54%,0B / 0B,125MB / 2.24MB,44
2026-07-30 11:37:31,realsense,19.05%,177.5MiB / 30.66GiB,0.57%,0B / 0B,107MB / 3.34MB,33
2026-07-30 11:37:31,nav2,12.99%,228.3MiB / 30.66GiB,0.73%,0B / 0B,128MB / 1.19MB,92
2026-07-30 11:37:31,glim,72.29%,628.1MiB / 30.66GiB,2.00%,0B / 0B,149MB / 11.7MB,37
2026-07-30 11:37:34,foxglove,30.69%,629.6MiB / 30.66GiB,2.01%,0B / 0B,203MB / 3.51MB,28
2026-07-30 11:37:34,docker-recorder-run-de836728b142,0.00%,22.88MiB / 30.66GiB,0.07%,0B / 0B,42.7MB / 9.68MB,1
2026-07-30 11:37:34,openzen,4.02%,88.35MiB / 30.66GiB,0.28%,0B / 0B,81.6MB / 2.17MB,20
2026-07-30 11:37:34,ouster,7.41%,247.9MiB / 30.66GiB,0.79%,0B / 0B,184MB / 2.93MB,30
2026-07-30 11:37:34,scovox,79.00%,375.7MiB / 30.66GiB,1.20%,0B / 0B,78.3MB / 6.05MB,53
2026-07-30 11:37:34,mapir-ffmpeg,29.42%,336.4MiB / 30.66GiB,1.07%,0B / 0B,200MB / 1.61MB,33
2026-07-30 11:37:34,trav_ros2,111.59%,482.3MiB / 30.66GiB,1.54%,0B / 0B,125MB / 2.24MB,44
2026-07-30 11:37:34,realsense,18.36%,177.3MiB / 30.66GiB,0.56%,0B / 0B,107MB / 3.34MB,33
2026-07-30 11:37:34,nav2,12.23%,228.6MiB / 30.66GiB,0.73%,0B / 0B,128MB / 1.19MB,92
2026-07-30 11:37:34,glim,69.02%,634MiB / 30.66GiB,2.02%,0B / 0B,149MB / 11.7MB,37
2026-07-30 11:37:37,foxglove,17.41%,632MiB / 30.66GiB,2.01%,0B / 0B,203MB / 3.51MB,28
2026-07-30 11:37:37,docker-recorder-run-de836728b142,0.00%,22.88MiB / 30.66GiB,0.07%,0B / 0B,42.7MB / 9.68MB,1
2026-07-30 11:37:37,openzen,4.21%,88.6MiB / 30.66GiB,0.28%,0B / 0B,81.6MB / 2.17MB,20
2026-07-30 11:37:37,ouster,7.28%,248.3MiB / 30.66GiB,0.79%,0B / 0B,184MB / 2.93MB,30
2026-07-30 11:37:37,scovox,81.31%,357.3MiB / 30.66GiB,1.14%,0B / 0B,78.3MB / 6.05MB,53
2026-07-30 11:37:37,mapir-ffmpeg,29.56%,337.4MiB / 30.66GiB,1.07%,0B / 0B,200MB / 1.61MB,33
2026-07-30 11:37:37,trav_ros2,121.85%,482.1MiB / 30.66GiB,1.54%,0B / 0B,125MB / 2.24MB,44
2026-07-30 11:37:37,realsense,17.82%,177.3MiB / 30.66GiB,0.56%,0B / 0B,107MB / 3.34MB,33
2026-07-30 11:37:37,nav2,12.20%,228.1MiB / 30.66GiB,0.73%,0B / 0B,128MB / 1.19MB,92
2026-07-30 11:37:37,glim,75.99%,633.7MiB / 30.66GiB,2.02%,0B / 0B,149MB / 11.7MB,37
2026-07-30 11:37:40,foxglove,17.37%,629.6MiB / 30.66GiB,2.01%,0B / 0B,203MB / 3.51MB,28
2026-07-30 11:37:40,docker-recorder-run-de836728b142,0.00%,22.88MiB / 30.66GiB,0.07%,0B / 0B,42.7MB / 9.68MB,1
2026-07-30 11:37:40,openzen,3.89%,88.35MiB / 30.66GiB,0.28%,0B / 0B,81.6MB / 2.17MB,20
2026-07-30 11:37:40,ouster,7.74%,248.3MiB / 30.66GiB,0.79%,0B / 0B,184MB / 2.93MB,30
2026-07-30 11:37:40,scovox,87.88%,326.8MiB / 30.66GiB,1.04%,0B / 0B,78.3MB / 6.05MB,53
2026-07-30 11:37:40,mapir-ffmpeg,29.04%,336.4MiB / 30.66GiB,1.07%,0B / 0B,200MB / 1.61MB,33
2026-07-30 11:37:40,trav_ros2,113.10%,484.7MiB / 30.66GiB,1.54%,0B / 0B,125MB / 2.24MB,44
2026-07-30 11:37:40,realsense,18.73%,177.3MiB / 30.66GiB,0.56%,0B / 0B,107MB / 3.34MB,33
2026-07-30 11:37:40,nav2,12.73%,228.3MiB / 30.66GiB,0.73%,0B / 0B,128MB / 1.19MB,92
2026-07-30 11:37:40,glim,69.96%,634.3MiB / 30.66GiB,2.02%,0B / 0B,149MB / 11.7MB,37
2026-07-30 11:37:43,foxglove,14.83%,629.6MiB / 30.66GiB,2.01%,0B / 0B,203MB / 3.51MB,28
2026-07-30 11:37:43,docker-recorder-run-de836728b142,0.00%,22.88MiB / 30.66GiB,0.07%,0B / 0B,42.7MB / 9.68MB,1
2026-07-30 11:37:43,openzen,4.74%,88.35MiB / 30.66GiB,0.28%,0B / 0B,81.6MB / 2.17MB,20
2026-07-30 11:37:43,ouster,7.94%,248.3MiB / 30.66GiB,0.79%,0B / 0B,184MB / 2.93MB,30
2026-07-30 11:37:43,scovox,76.25%,363MiB / 30.66GiB,1.16%,0B / 0B,78.3MB / 6.05MB,53
2026-07-30 11:37:43,mapir-ffmpeg,29.30%,336.7MiB / 30.66GiB,1.07%,0B / 0B,200MB / 1.61MB,33
2026-07-30 11:37:43,trav_ros2,115.57%,518.3MiB / 30.66GiB,1.65%,0B / 0B,125MB / 2.24MB,44
2026-07-30 11:37:43,realsense,18.00%,177.3MiB / 30.66GiB,0.56%,0B / 0B,107MB / 3.34MB,33
2026-07-30 11:37:43,nav2,13.00%,228.6MiB / 30.66GiB,0.73%,0B / 0B,128MB / 1.19MB,92
2026-07-30 11:37:43,glim,64.24%,634.3MiB / 30.66GiB,2.02%,0B / 0B,149MB / 11.7MB,37
2026-07-30 11:37:46,foxglove,24.63%,631.5MiB / 30.66GiB,2.01%,0B / 0B,203MB / 3.51MB,28
2026-07-30 11:37:46,docker-recorder-run-de836728b142,0.00%,22.88MiB / 30.66GiB,0.07%,0B / 0B,42.7MB / 9.68MB,1
2026-07-30 11:37:46,openzen,4.12%,88.35MiB / 30.66GiB,0.28%,0B / 0B,81.6MB / 2.17MB,20
2026-07-30 11:37:46,ouster,7.88%,248MiB / 30.66GiB,0.79%,0B / 0B,184MB / 2.93MB,30
2026-07-30 11:37:46,scovox,90.74%,326.6MiB / 30.66GiB,1.04%,0B / 0B,78.3MB / 6.05MB,53
2026-07-30 11:37:46,mapir-ffmpeg,30.21%,336.5MiB / 30.66GiB,1.07%,0B / 0B,200MB / 1.61MB,33
2026-07-30 11:37:46,trav_ros2,112.27%,486.2MiB / 30.66GiB,1.55%,0B / 0B,125MB / 2.24MB,44
2026-07-30 11:37:46,realsense,26.42%,178MiB / 30.66GiB,0.57%,0B / 0B,107MB / 3.34MB,33
2026-07-30 11:37:46,nav2,13.41%,228.1MiB / 30.66GiB,0.73%,0B / 0B,128MB / 1.19MB,92
2026-07-30 11:37:46,glim,66.87%,634.8MiB / 30.66GiB,2.02%,0B / 0B,149MB / 11.7MB,37
2026-07-30 11:37:49,foxglove,12.44%,628.8MiB / 30.66GiB,2.00%,0B / 0B,203MB / 3.51MB,28
2026-07-30 11:37:49,docker-recorder-run-de836728b142,0.00%,22.88MiB / 30.66GiB,0.07%,0B / 0B,42.7MB / 9.68MB,1
2026-07-30 11:37:49,openzen,3.26%,88.35MiB / 30.66GiB,0.28%,0B / 0B,81.6MB / 2.17MB,20
2026-07-30 11:37:49,ouster,7.51%,248.7MiB / 30.66GiB,0.79%,0B / 0B,184MB / 2.93MB,30
2026-07-30 11:37:49,scovox,70.55%,365.3MiB / 30.66GiB,1.16%,0B / 0B,78.3MB / 6.05MB,53
2026-07-30 11:37:49,mapir-ffmpeg,40.90%,336.4MiB / 30.66GiB,1.07%,0B / 0B,200MB / 1.61MB,33
2026-07-30 11:37:49,trav_ros2,115.41%,550.7MiB / 30.66GiB,1.75%,0B / 0B,125MB / 2.24MB,44
2026-07-30 11:37:49,realsense,18.38%,177.5MiB / 30.66GiB,0.57%,0B / 0B,107MB / 3.34MB,33
2026-07-30 11:37:49,nav2,12.39%,228.6MiB / 30.66GiB,0.73%,0B / 0B,128MB / 1.19MB,92
2026-07-30 11:37:49,glim,78.86%,635.2MiB / 30.66GiB,2.02%,0B / 0B,149MB / 11.7MB,37
2026-07-30 11:37:52,foxglove,13.97%,628.9MiB / 30.66GiB,2.00%,0B / 0B,203MB / 3.51MB,28
2026-07-30 11:37:52,docker-recorder-run-de836728b142,0.00%,22.88MiB / 30.66GiB,0.07%,0B / 0B,42.7MB / 9.68MB,1
2026-07-30 11:37:52,openzen,4.10%,88.6MiB / 30.66GiB,0.28%,0B / 0B,81.6MB / 2.17MB,20
2026-07-30 11:37:52,ouster,7.71%,248.7MiB / 30.66GiB,0.79%,0B / 0B,184MB / 2.93MB,30
2026-07-30 11:37:52,scovox,95.69%,326.3MiB / 30.66GiB,1.04%,0B / 0B,78.3MB / 6.05MB,53
2026-07-30 11:37:52,mapir-ffmpeg,42.66%,337.2MiB / 30.66GiB,1.07%,0B / 0B,200MB / 1.61MB,33
2026-07-30 11:37:52,trav_ros2,112.07%,485.5MiB / 30.66GiB,1.55%,0B / 0B,125MB / 2.24MB,44
2026-07-30 11:37:52,realsense,18.46%,177.3MiB / 30.66GiB,0.56%,0B / 0B,107MB / 3.34MB,33
2026-07-30 11:37:52,nav2,13.02%,228.1MiB / 30.66GiB,0.73%,0B / 0B,128MB / 1.19MB,92
2026-07-30 11:37:52,glim,76.40%,635.5MiB / 30.66GiB,2.02%,0B / 0B,149MB / 11.7MB,37
2026-07-30 11:37:55,foxglove,24.23%,596.9MiB / 30.66GiB,1.90%,0B / 0B,203MB / 3.51MB,28
2026-07-30 11:37:55,docker-recorder-run-de836728b142,0.00%,22.88MiB / 30.66GiB,0.07%,0B / 0B,42.7MB / 9.68MB,1
2026-07-30 11:37:55,openzen,3.94%,88.35MiB / 30.66GiB,0.28%,0B / 0B,81.6MB / 2.17MB,20
2026-07-30 11:37:55,ouster,8.08%,248.6MiB / 30.66GiB,0.79%,0B / 0B,184MB / 2.93MB,30
2026-07-30 11:37:55,scovox,73.90%,369.8MiB / 30.66GiB,1.18%,0B / 0B,78.3MB / 6.05MB,53
2026-07-30 11:37:55,mapir-ffmpeg,28.77%,336.4MiB / 30.66GiB,1.07%,0B / 0B,200MB / 1.61MB,33
2026-07-30 11:37:55,trav_ros2,120.59%,531.6MiB / 30.66GiB,1.69%,0B / 0B,125MB / 2.27MB,44
2026-07-30 11:37:55,realsense,39.35%,177.8MiB / 30.66GiB,0.57%,0B / 0B,107MB / 3.34MB,33
2026-07-30 11:37:55,nav2,12.75%,228.3MiB / 30.66GiB,0.73%,0B / 0B,128MB / 1.19MB,92
2026-07-30 11:37:55,glim,77.01%,635.7MiB / 30.66GiB,2.02%,0B / 0B,149MB / 11.7MB,37
2026-07-30 11:37:59,foxglove,14.06%,629.2MiB / 30.66GiB,2.00%,0B / 0B,203MB / 3.51MB,28
2026-07-30 11:37:59,docker-recorder-run-de836728b142,0.00%,22.88MiB / 30.66GiB,0.07%,0B / 0B,42.7MB / 9.68MB,1
2026-07-30 11:37:59,openzen,4.16%,88.6MiB / 30.66GiB,0.28%,0B / 0B,81.6MB / 2.17MB,20
2026-07-30 11:37:59,ouster,7.94%,248.4MiB / 30.66GiB,0.79%,0B / 0B,184MB / 2.93MB,30
2026-07-30 11:37:59,scovox,95.50%,326.1MiB / 30.66GiB,1.04%,0B / 0B,78.3MB / 6.14MB,53
2026-07-30 11:37:59,mapir-ffmpeg,44.31%,336.9MiB / 30.66GiB,1.07%,0B / 0B,200MB / 1.61MB,33
2026-07-30 11:37:59,trav_ros2,114.42%,488.3MiB / 30.66GiB,1.56%,0B / 0B,125MB / 2.27MB,44
2026-07-30 11:37:59,realsense,18.76%,177.5MiB / 30.66GiB,0.57%,0B / 0B,107MB / 3.34MB,33
2026-07-30 11:37:59,nav2,12.70%,227.8MiB / 30.66GiB,0.73%,0B / 0B,128MB / 1.19MB,92
2026-07-30 11:37:59,glim,66.89%,645.5MiB / 30.66GiB,2.06%,0B / 0B,149MB / 11.7MB,37
2026-07-30 11:38:02,foxglove,20.83%,599.2MiB / 30.66GiB,1.91%,0B / 0B,203MB / 3.51MB,28
2026-07-30 11:38:02,docker-recorder-run-de836728b142,0.00%,22.88MiB / 30.66GiB,0.07%,0B / 0B,42.7MB / 9.68MB,1
2026-07-30 11:38:02,openzen,3.58%,88.59MiB / 30.66GiB,0.28%,0B / 0B,81.6MB / 2.17MB,20
2026-07-30 11:38:02,ouster,11.64%,247.9MiB / 30.66GiB,0.79%,0B / 0B,184MB / 2.93MB,30
2026-07-30 11:38:02,scovox,70.43%,372.7MiB / 30.66GiB,1.19%,0B / 0B,78.3MB / 6.14MB,53
2026-07-30 11:38:02,mapir-ffmpeg,30.82%,336.5MiB / 30.66GiB,1.07%,0B / 0B,200MB / 1.63MB,33
2026-07-30 11:38:02,trav_ros2,120.27%,550.6MiB / 30.66GiB,1.75%,0B / 0B,125MB / 2.27MB,44
2026-07-30 11:38:02,realsense,29.34%,177.5MiB / 30.66GiB,0.57%,0B / 0B,107MB / 3.34MB,33
2026-07-30 11:38:02,nav2,13.50%,228.6MiB / 30.66GiB,0.73%,0B / 0B,128MB / 1.19MB,92
2026-07-30 11:38:02,glim,82.85%,651.8MiB / 30.66GiB,2.08%,0B / 0B,149MB / 11.7MB,37
2026-07-30 11:38:05,foxglove,20.00%,630.3MiB / 30.66GiB,2.01%,0B / 0B,203MB / 3.51MB,28
2026-07-30 11:38:05,docker-recorder-run-de836728b142,0.00%,22.88MiB / 30.66GiB,0.07%,0B / 0B,42.7MB / 9.68MB,1
2026-07-30 11:38:05,openzen,4.34%,88.35MiB / 30.66GiB,0.28%,0B / 0B,81.6MB / 2.17MB,20
2026-07-30 11:38:05,ouster,10.69%,248.8MiB / 30.66GiB,0.79%,0B / 0B,184MB / 2.93MB,30
2026-07-30 11:38:05,scovox,101.95%,351MiB / 30.66GiB,1.12%,0B / 0B,78.3MB / 6.14MB,53
2026-07-30 11:38:05,mapir-ffmpeg,30.99%,336.4MiB / 30.66GiB,1.07%,0B / 0B,200MB / 1.63MB,33
2026-07-30 11:38:05,trav_ros2,110.44%,482.4MiB / 30.66GiB,1.54%,0B / 0B,125MB / 2.27MB,44
2026-07-30 11:38:05,realsense,38.41%,177.5MiB / 30.66GiB,0.57%,0B / 0B,107MB / 3.34MB,33
2026-07-30 11:38:05,nav2,13.23%,228.3MiB / 30.66GiB,0.73%,0B / 0B,128MB / 1.19MB,92
2026-07-30 11:38:05,glim,82.88%,653MiB / 30.66GiB,2.08%,0B / 0B,149MB / 11.7MB,37
2026-07-30 11:38:08,foxglove,19.68%,629.1MiB / 30.66GiB,2.00%,0B / 0B,203MB / 3.51MB,28
2026-07-30 11:38:08,docker-recorder-run-de836728b142,0.00%,22.88MiB / 30.66GiB,0.07%,0B / 0B,42.7MB / 9.68MB,1
2026-07-30 11:38:08,openzen,4.21%,88.35MiB / 30.66GiB,0.28%,0B / 0B,81.6MB / 2.17MB,20
2026-07-30 11:38:08,ouster,10.44%,248.4MiB / 30.66GiB,0.79%,0B / 0B,184MB / 2.93MB,30
2026-07-30 11:38:08,scovox,91.83%,350.9MiB / 30.66GiB,1.12%,0B / 0B,78.3MB / 6.14MB,53
2026-07-30 11:38:08,mapir-ffmpeg,30.28%,336.9MiB / 30.66GiB,1.07%,0B / 0B,200MB / 1.63MB,33
2026-07-30 11:38:08,trav_ros2,118.26%,484.1MiB / 30.66GiB,1.54%,0B / 0B,125MB / 2.27MB,44
2026-07-30 11:38:08,realsense,19.45%,177.3MiB / 30.66GiB,0.56%,0B / 0B,107MB / 3.34MB,33
2026-07-30 11:38:08,nav2,12.49%,228.6MiB / 30.66GiB,0.73%,0B / 0B,128MB / 1.19MB,92
2026-07-30 11:38:08,glim,70.23%,637.8MiB / 30.66GiB,2.03%,0B / 0B,149MB / 11.7MB,37
2026-07-30 11:38:11,foxglove,25.16%,630.5MiB / 30.66GiB,2.01%,0B / 0B,203MB / 3.51MB,28
2026-07-30 11:38:11,docker-recorder-run-de836728b142,0.00%,22.88MiB / 30.66GiB,0.07%,0B / 0B,42.7MB / 9.68MB,1
2026-07-30 11:38:11,openzen,3.77%,88.35MiB / 30.66GiB,0.28%,0B / 0B,81.6MB / 2.17MB,20
2026-07-30 11:38:11,ouster,9.53%,248MiB / 30.66GiB,0.79%,0B / 0B,184MB / 2.93MB,30
2026-07-30 11:38:11,scovox,85.22%,352.7MiB / 30.66GiB,1.12%,0B / 0B,78.3MB / 6.14MB,53
2026-07-30 11:38:11,mapir-ffmpeg,29.63%,336.4MiB / 30.66GiB,1.07%,0B / 0B,200MB / 1.63MB,33
2026-07-30 11:38:11,trav_ros2,115.21%,478.2MiB / 30.66GiB,1.52%,0B / 0B,125MB / 2.27MB,44
2026-07-30 11:38:11,realsense,39.77%,177.5MiB / 30.66GiB,0.57%,0B / 0B,107MB / 3.34MB,33
2026-07-30 11:38:11,nav2,13.23%,228.3MiB / 30.66GiB,0.73%,0B / 0B,128MB / 1.19MB,92
2026-07-30 11:38:11,glim,73.92%,638.5MiB / 30.66GiB,2.03%,0B / 0B,149MB / 11.7MB,37
2026-07-30 11:38:14,foxglove,14.18%,629.2MiB / 30.66GiB,2.00%,0B / 0B,203MB / 3.51MB,28
2026-07-30 11:38:14,docker-recorder-run-de836728b142,0.00%,22.88MiB / 30.66GiB,0.07%,0B / 0B,42.7MB / 9.68MB,1
2026-07-30 11:38:14,openzen,4.00%,88.6MiB / 30.66GiB,0.28%,0B / 0B,81.6MB / 2.17MB,20
2026-07-30 11:38:14,ouster,9.29%,248.8MiB / 30.66GiB,0.79%,0B / 0B,184MB / 2.93MB,30
2026-07-30 11:38:14,scovox,79.21%,374.8MiB / 30.66GiB,1.19%,0B / 0B,78.3MB / 6.14MB,53
2026-07-30 11:38:14,mapir-ffmpeg,33.49%,336.7MiB / 30.66GiB,1.07%,0B / 0B,200MB / 1.63MB,33
2026-07-30 11:38:14,trav_ros2,111.91%,481.7MiB / 30.66GiB,1.53%,0B / 0B,125MB / 2.27MB,44
2026-07-30 11:38:14,realsense,18.68%,177.5MiB / 30.66GiB,0.57%,0B / 0B,107MB / 3.34MB,33
2026-07-30 11:38:14,nav2,12.86%,228.8MiB / 30.66GiB,0.73%,0B / 0B,128MB / 1.19MB,92
2026-07-30 11:38:14,glim,79.98%,638.4MiB / 30.66GiB,2.03%,0B / 0B,149MB / 11.7MB,37
2026-07-30 11:38:17,foxglove,16.65%,629.7MiB / 30.66GiB,2.01%,0B / 0B,203MB / 3.51MB,28
2026-07-30 11:38:17,docker-recorder-run-de836728b142,0.00%,22.88MiB / 30.66GiB,0.07%,0B / 0B,42.7MB / 9.68MB,1
2026-07-30 11:38:17,openzen,3.76%,88.84MiB / 30.66GiB,0.28%,0B / 0B,81.6MB / 2.17MB,20
2026-07-30 11:38:17,ouster,10.62%,249.4MiB / 30.66GiB,0.79%,0B / 0B,184MB / 2.93MB,30
2026-07-30 11:38:17,scovox,82.54%,355.4MiB / 30.66GiB,1.13%,0B / 0B,78.3MB / 6.14MB,53
2026-07-30 11:38:17,mapir-ffmpeg,30.58%,336.7MiB / 30.66GiB,1.07%,0B / 0B,200MB / 1.63MB,33
2026-07-30 11:38:17,trav_ros2,112.55%,487.4MiB / 30.66GiB,1.55%,0B / 0B,125MB / 2.27MB,44
2026-07-30 11:38:17,realsense,18.55%,177.5MiB / 30.66GiB,0.57%,0B / 0B,107MB / 3.34MB,33
2026-07-30 11:38:17,nav2,14.76%,228.4MiB / 30.66GiB,0.73%,0B / 0B,128MB / 1.19MB,92
2026-07-30 11:38:17,glim,76.88%,638.9MiB / 30.66GiB,2.03%,0B / 0B,149MB / 11.7MB,37
2026-07-30 11:38:20,foxglove,19.94%,629.3MiB / 30.66GiB,2.00%,0B / 0B,203MB / 3.51MB,28
2026-07-30 11:38:20,docker-recorder-run-de836728b142,0.00%,22.88MiB / 30.66GiB,0.07%,0B / 0B,42.7MB / 9.68MB,1
2026-07-30 11:38:20,openzen,3.60%,88.35MiB / 30.66GiB,0.28%,0B / 0B,81.6MB / 2.17MB,20
2026-07-30 11:38:20,ouster,7.87%,248.9MiB / 30.66GiB,0.79%,0B / 0B,184MB / 2.93MB,30
2026-07-30 11:38:20,scovox,86.14%,326.8MiB / 30.66GiB,1.04%,0B / 0B,78.3MB / 6.14MB,53
2026-07-30 11:38:20,mapir-ffmpeg,28.84%,336.5MiB / 30.66GiB,1.07%,0B / 0B,200MB / 1.63MB,33
2026-07-30 11:38:20,trav_ros2,111.97%,487.9MiB / 30.66GiB,1.55%,0B / 0B,125MB / 2.27MB,44
2026-07-30 11:38:20,realsense,19.57%,177.8MiB / 30.66GiB,0.57%,0B / 0B,107MB / 3.34MB,33
2026-07-30 11:38:20,nav2,12.93%,228.6MiB / 30.66GiB,0.73%,0B / 0B,128MB / 1.19MB,92
2026-07-30 11:38:20,glim,74.55%,639.5MiB / 30.66GiB,2.04%,0B / 0B,149MB / 11.7MB,37
2026-07-30 11:38:23,foxglove,25.92%,629.8MiB / 30.66GiB,2.01%,0B / 0B,203MB / 3.51MB,28
2026-07-30 11:38:23,docker-recorder-run-de836728b142,0.00%,22.88MiB / 30.66GiB,0.07%,0B / 0B,42.7MB / 9.68MB,1
2026-07-30 11:38:23,openzen,4.00%,88.35MiB / 30.66GiB,0.28%,0B / 0B,81.6MB / 2.17MB,20
2026-07-30 11:38:23,ouster,7.87%,248.9MiB / 30.66GiB,0.79%,0B / 0B,184MB / 2.93MB,30
2026-07-30 11:38:23,scovox,80.47%,360.5MiB / 30.66GiB,1.15%,0B / 0B,78.3MB / 6.14MB,53
2026-07-30 11:38:23,mapir-ffmpeg,28.57%,336.7MiB / 30.66GiB,1.07%,0B / 0B,200MB / 1.63MB,33
2026-07-30 11:38:23,trav_ros2,112.55%,491.1MiB / 30.66GiB,1.56%,0B / 0B,125MB / 2.27MB,44
2026-07-30 11:38:23,realsense,22.16%,178MiB / 30.66GiB,0.57%,0B / 0B,107MB / 3.34MB,33
2026-07-30 11:38:23,nav2,12.52%,228.3MiB / 30.66GiB,0.73%,0B / 0B,128MB / 1.19MB,92
2026-07-30 11:38:23,glim,76.94%,639.8MiB / 30.66GiB,2.04%,0B / 0B,149MB / 11.7MB,37
2026-07-30 11:38:26,foxglove,16.98%,629.6MiB / 30.66GiB,2.01%,0B / 0B,203MB / 3.51MB,28
2026-07-30 11:38:26,docker-recorder-run-de836728b142,0.00%,22.88MiB / 30.66GiB,0.07%,0B / 0B,42.7MB / 9.68MB,1
2026-07-30 11:38:26,openzen,3.79%,88.35MiB / 30.66GiB,0.28%,0B / 0B,81.6MB / 2.17MB,20
2026-07-30 11:38:26,ouster,8.24%,248MiB / 30.66GiB,0.79%,0B / 0B,184MB / 2.93MB,30
2026-07-30 11:38:26,scovox,88.74%,326.5MiB / 30.66GiB,1.04%,0B / 0B,78.3MB / 6.14MB,53
2026-07-30 11:38:26,mapir-ffmpeg,29.46%,336.9MiB / 30.66GiB,1.07%,0B / 0B,200MB / 1.63MB,33
2026-07-30 11:38:26,trav_ros2,117.14%,487.7MiB / 30.66GiB,1.55%,0B / 0B,125MB / 2.29MB,44
2026-07-30 11:38:26,realsense,27.83%,177.5MiB / 30.66GiB,0.57%,0B / 0B,107MB / 3.34MB,33
2026-07-30 11:38:26,nav2,12.99%,228.1MiB / 30.66GiB,0.73%,0B / 0B,128MB / 1.19MB,92
2026-07-30 11:38:26,glim,83.38%,639.8MiB / 30.66GiB,2.04%,0B / 0B,149MB / 11.7MB,37
2026-07-30 11:38:29,foxglove,12.51%,631.4MiB / 30.66GiB,2.01%,0B / 0B,203MB / 3.51MB,28
2026-07-30 11:38:29,docker-recorder-run-de836728b142,0.00%,22.88MiB / 30.66GiB,0.07%,0B / 0B,42.7MB / 9.68MB,1
2026-07-30 11:38:29,openzen,4.19%,88.35MiB / 30.66GiB,0.28%,0B / 0B,81.6MB / 2.17MB,20
2026-07-30 11:38:29,ouster,6.96%,248.8MiB / 30.66GiB,0.79%,0B / 0B,184MB / 2.93MB,30
2026-07-30 11:38:29,scovox,70.45%,362.8MiB / 30.66GiB,1.16%,0B / 0B,78.3MB / 6.23MB,53
2026-07-30 11:38:29,mapir-ffmpeg,30.28%,336.4MiB / 30.66GiB,1.07%,0B / 0B,200MB / 1.63MB,33
2026-07-30 11:38:29,trav_ros2,113.67%,487.9MiB / 30.66GiB,1.55%,0B / 0B,125MB / 2.29MB,44
2026-07-30 11:38:29,realsense,18.36%,177.8MiB / 30.66GiB,0.57%,0B / 0B,107MB / 3.34MB,33
2026-07-30 11:38:29,nav2,12.08%,227.6MiB / 30.66GiB,0.72%,0B / 0B,128MB / 1.19MB,92
2026-07-30 11:38:29,glim,84.44%,640.3MiB / 30.66GiB,2.04%,0B / 0B,149MB / 11.7MB,37
2026-07-30 11:38:32,foxglove,14.52%,629.3MiB / 30.66GiB,2.00%,0B / 0B,203MB / 3.51MB,28
2026-07-30 11:38:32,docker-recorder-run-de836728b142,0.00%,22.88MiB / 30.66GiB,0.07%,0B / 0B,42.7MB / 9.68MB,1
2026-07-30 11:38:32,openzen,4.28%,88.35MiB / 30.66GiB,0.28%,0B / 0B,81.6MB / 2.17MB,20
2026-07-30 11:38:32,ouster,7.51%,248.3MiB / 30.66GiB,0.79%,0B / 0B,184MB / 2.93MB,30
2026-07-30 11:38:32,scovox,95.68%,326.2MiB / 30.66GiB,1.04%,0B / 0B,78.3MB / 6.23MB,53
2026-07-30 11:38:32,mapir-ffmpeg,43.51%,337.2MiB / 30.66GiB,1.07%,0B / 0B,200MB / 1.63MB,33
2026-07-30 11:38:32,trav_ros2,112.31%,488.3MiB / 30.66GiB,1.56%,0B / 0B,125MB / 2.29MB,44
2026-07-30 11:38:32,realsense,26.40%,177.5MiB / 30.66GiB,0.57%,0B / 0B,107MB / 3.34MB,33
2026-07-30 11:38:32,nav2,13.56%,229.6MiB / 30.66GiB,0.73%,0B / 0B,128MB / 1.19MB,92
2026-07-30 11:38:32,glim,61.55%,641MiB / 30.66GiB,2.04%,0B / 0B,149MB / 11.7MB,37
2026-07-30 11:38:35,foxglove,12.81%,597.6MiB / 30.66GiB,1.90%,0B / 0B,203MB / 3.51MB,28
2026-07-30 11:38:35,docker-recorder-run-de836728b142,0.00%,22.88MiB / 30.66GiB,0.07%,0B / 0B,42.7MB / 9.68MB,1
2026-07-30 11:38:35,openzen,4.15%,88.35MiB / 30.66GiB,0.28%,0B / 0B,81.6MB / 2.17MB,20
2026-07-30 11:38:35,ouster,7.14%,248.6MiB / 30.66GiB,0.79%,0B / 0B,184MB / 2.93MB,30
2026-07-30 11:38:35,scovox,72.56%,367.6MiB / 30.66GiB,1.17%,0B / 0B,78.3MB / 6.23MB,53
2026-07-30 11:38:35,mapir-ffmpeg,28.92%,336.5MiB / 30.66GiB,1.07%,0B / 0B,200MB / 1.64MB,33
2026-07-30 11:38:35,trav_ros2,112.38%,487.8MiB / 30.66GiB,1.55%,0B / 0B,125MB / 2.29MB,44
2026-07-30 11:38:35,realsense,30.02%,177.8MiB / 30.66GiB,0.57%,0B / 0B,107MB / 3.34MB,33
2026-07-30 11:38:35,nav2,12.27%,228.3MiB / 30.66GiB,0.73%,0B / 0B,128MB / 1.19MB,92
2026-07-30 11:38:35,glim,70.56%,640.9MiB / 30.66GiB,2.04%,0B / 0B,149MB / 11.7MB,37
2026-07-30 11:38:38,foxglove,20.98%,629.4MiB / 30.66GiB,2.00%,0B / 0B,203MB / 3.51MB,28
2026-07-30 11:38:38,docker-recorder-run-de836728b142,0.00%,22.88MiB / 30.66GiB,0.07%,0B / 0B,42.7MB / 9.68MB,1
2026-07-30 11:38:38,openzen,3.48%,88.35MiB / 30.66GiB,0.28%,0B / 0B,81.6MB / 2.17MB,20
2026-07-30 11:38:38,ouster,10.16%,248.1MiB / 30.66GiB,0.79%,0B / 0B,184MB / 2.93MB,30
2026-07-30 11:38:38,scovox,95.50%,326.3MiB / 30.66GiB,1.04%,0B / 0B,78.3MB / 6.23MB,53
2026-07-30 11:38:38,mapir-ffmpeg,30.34%,336.7MiB / 30.66GiB,1.07%,0B / 0B,200MB / 1.64MB,33
2026-07-30 11:38:38,trav_ros2,112.49%,487.9MiB / 30.66GiB,1.55%,0B / 0B,125MB / 2.29MB,44
2026-07-30 11:38:38,realsense,18.84%,177.8MiB / 30.66GiB,0.57%,0B / 0B,107MB / 3.34MB,33
2026-07-30 11:38:38,nav2,12.64%,227.8MiB / 30.66GiB,0.73%,0B / 0B,128MB / 1.19MB,92
2026-07-30 11:38:38,glim,67.40%,641.3MiB / 30.66GiB,2.04%,0B / 0B,149MB / 11.7MB,37
2026-07-30 11:38:42,foxglove,11.93%,596.8MiB / 30.66GiB,1.90%,0B / 0B,203MB / 3.51MB,28
2026-07-30 11:38:42,docker-recorder-run-de836728b142,0.00%,22.88MiB / 30.66GiB,0.07%,0B / 0B,42.7MB / 9.68MB,1
2026-07-30 11:38:42,openzen,4.40%,88.59MiB / 30.66GiB,0.28%,0B / 0B,81.6MB / 2.17MB,20
2026-07-30 11:38:42,ouster,7.79%,248.7MiB / 30.66GiB,0.79%,0B / 0B,184MB / 2.93MB,30
2026-07-30 11:38:42,scovox,66.66%,370.1MiB / 30.66GiB,1.18%,0B / 0B,78.3MB / 6.23MB,53
2026-07-30 11:38:42,mapir-ffmpeg,28.85%,336.7MiB / 30.66GiB,1.07%,0B / 0B,200MB / 1.64MB,33
2026-07-30 11:38:42,trav_ros2,112.32%,491.7MiB / 30.66GiB,1.57%,0B / 0B,125MB / 2.29MB,44
2026-07-30 11:38:42,realsense,42.62%,177.5MiB / 30.66GiB,0.57%,0B / 0B,107MB / 3.34MB,33
2026-07-30 11:38:42,nav2,13.36%,227.6MiB / 30.66GiB,0.72%,0B / 0B,128MB / 1.19MB,92
2026-07-30 11:38:42,glim,64.93%,641.4MiB / 30.66GiB,2.04%,0B / 0B,149MB / 11.7MB,37
2026-07-30 11:38:45,foxglove,19.60%,628.6MiB / 30.66GiB,2.00%,0B / 0B,203MB / 3.51MB,28
2026-07-30 11:38:45,docker-recorder-run-de836728b142,0.00%,22.88MiB / 30.66GiB,0.07%,0B / 0B,42.7MB / 9.68MB,1
2026-07-30 11:38:45,openzen,4.42%,88.35MiB / 30.66GiB,0.28%,0B / 0B,81.6MB / 2.17MB,20
2026-07-30 11:38:45,ouster,8.13%,248.8MiB / 30.66GiB,0.79%,0B / 0B,184MB / 2.93MB,30
2026-07-30 11:38:45,scovox,95.81%,326.4MiB / 30.66GiB,1.04%,0B / 0B,78.3MB / 6.23MB,53
2026-07-30 11:38:45,mapir-ffmpeg,29.21%,336.7MiB / 30.66GiB,1.07%,0B / 0B,200MB / 1.64MB,33
2026-07-30 11:38:45,trav_ros2,113.96%,484.5MiB / 30.66GiB,1.54%,0B / 0B,125MB / 2.29MB,44
2026-07-30 11:38:45,realsense,26.25%,177.5MiB / 30.66GiB,0.57%,0B / 0B,107MB / 3.34MB,33
2026-07-30 11:38:45,nav2,14.09%,227.9MiB / 30.66GiB,0.73%,0B / 0B,128MB / 1.19MB,92
2026-07-30 11:38:45,glim,81.77%,642.1MiB / 30.66GiB,2.05%,0B / 0B,149MB / 11.7MB,37
2026-07-30 11:38:48,foxglove,23.46%,629.5MiB / 30.66GiB,2.00%,0B / 0B,203MB / 3.51MB,28
2026-07-30 11:38:48,docker-recorder-run-de836728b142,0.00%,22.88MiB / 30.66GiB,0.07%,0B / 0B,42.7MB / 9.68MB,1
2026-07-30 11:38:48,openzen,4.27%,88.84MiB / 30.66GiB,0.28%,0B / 0B,81.6MB / 2.17MB,20
2026-07-30 11:38:48,ouster,17.29%,248.2MiB / 30.66GiB,0.79%,0B / 0B,184MB / 2.93MB,30
2026-07-30 11:38:48,scovox,93.10%,334.8MiB / 30.66GiB,1.07%,0B / 0B,78.3MB / 6.23MB,53
2026-07-30 11:38:48,mapir-ffmpeg,29.21%,336.9MiB / 30.66GiB,1.07%,0B / 0B,200MB / 1.64MB,33
2026-07-30 11:38:48,trav_ros2,113.04%,484.1MiB / 30.66GiB,1.54%,0B / 0B,125MB / 2.29MB,44
2026-07-30 11:38:48,realsense,28.16%,177.5MiB / 30.66GiB,0.57%,0B / 0B,107MB / 3.34MB,33
2026-07-30 11:38:48,nav2,13.90%,227.8MiB / 30.66GiB,0.73%,0B / 0B,128MB / 1.19MB,92
2026-07-30 11:38:48,glim,94.76%,641.9MiB / 30.66GiB,2.04%,0B / 0B,149MB / 11.7MB,37
2026-07-30 11:38:51,foxglove,19.96%,630MiB / 30.66GiB,2.01%,0B / 0B,203MB / 3.51MB,28
2026-07-30 11:38:51,docker-recorder-run-de836728b142,0.00%,22.88MiB / 30.66GiB,0.07%,0B / 0B,42.7MB / 9.68MB,1
2026-07-30 11:38:51,openzen,4.50%,88.35MiB / 30.66GiB,0.28%,0B / 0B,81.6MB / 2.17MB,20
2026-07-30 11:38:51,ouster,7.69%,248.7MiB / 30.66GiB,0.79%,0B / 0B,184MB / 2.93MB,30
2026-07-30 11:38:51,scovox,92.16%,353.4MiB / 30.66GiB,1.13%,0B / 0B,78.3MB / 6.23MB,53
2026-07-30 11:38:51,mapir-ffmpeg,29.52%,336.5MiB / 30.66GiB,1.07%,0B / 0B,200MB / 1.64MB,33
2026-07-30 11:38:51,trav_ros2,116.41%,547.9MiB / 30.66GiB,1.74%,0B / 0B,125MB / 2.29MB,44
2026-07-30 11:38:51,realsense,18.65%,177.8MiB / 30.66GiB,0.57%,0B / 0B,107MB / 3.34MB,33
2026-07-30 11:38:51,nav2,13.25%,228.3MiB / 30.66GiB,0.73%,0B / 0B,128MB / 1.19MB,92
2026-07-30 11:38:51,glim,80.47%,642MiB / 30.66GiB,2.04%,0B / 0B,149MB / 11.7MB,37
2026-07-30 11:38:54,foxglove,23.39%,629.4MiB / 30.66GiB,2.00%,0B / 0B,203MB / 3.51MB,28
2026-07-30 11:38:54,docker-recorder-run-de836728b142,0.00%,22.88MiB / 30.66GiB,0.07%,0B / 0B,42.7MB / 9.68MB,1
2026-07-30 11:38:54,openzen,4.31%,88.35MiB / 30.66GiB,0.28%,0B / 0B,81.6MB / 2.17MB,20
2026-07-30 11:38:54,ouster,13.70%,248.7MiB / 30.66GiB,0.79%,0B / 0B,184MB / 2.93MB,30
2026-07-30 11:38:54,scovox,79.82%,375.3MiB / 30.66GiB,1.20%,0B / 0B,78.3MB / 6.23MB,53
2026-07-30 11:38:54,mapir-ffmpeg,28.98%,336.4MiB / 30.66GiB,1.07%,0B / 0B,200MB / 1.64MB,33
2026-07-30 11:38:54,trav_ros2,113.65%,491.1MiB / 30.66GiB,1.56%,0B / 0B,125MB / 2.29MB,44
2026-07-30 11:38:54,realsense,48.90%,178.3MiB / 30.66GiB,0.57%,0B / 0B,107MB / 3.34MB,33
2026-07-30 11:38:54,nav2,11.56%,228.3MiB / 30.66GiB,0.73%,0B / 0B,128MB / 1.19MB,92
2026-07-30 11:38:54,glim,63.85%,642.7MiB / 30.66GiB,2.05%,0B / 0B,149MB / 11.7MB,37
2026-07-30 11:38:57,foxglove,14.71%,629.6MiB / 30.66GiB,2.01%,0B / 0B,203MB / 3.51MB,28
2026-07-30 11:38:57,docker-recorder-run-de836728b142,0.00%,22.88MiB / 30.66GiB,0.07%,0B / 0B,42.7MB / 9.68MB,1
2026-07-30 11:38:57,openzen,4.94%,88.62MiB / 30.66GiB,0.28%,0B / 0B,81.6MB / 2.17MB,20
2026-07-30 11:38:57,ouster,26.08%,249MiB / 30.66GiB,0.79%,0B / 0B,184MB / 2.93MB,30
2026-07-30 11:38:57,scovox,77.22%,374.9MiB / 30.66GiB,1.19%,0B / 0B,78.3MB / 6.23MB,53
2026-07-30 11:38:57,mapir-ffmpeg,42.62%,336.7MiB / 30.66GiB,1.07%,0B / 0B,200MB / 1.64MB,33
2026-07-30 11:38:57,trav_ros2,112.99%,490.7MiB / 30.66GiB,1.56%,0B / 0B,125MB / 2.31MB,44
2026-07-30 11:38:57,realsense,18.59%,177.8MiB / 30.66GiB,0.57%,0B / 0B,107MB / 3.34MB,33
2026-07-30 11:38:57,nav2,14.35%,228.1MiB / 30.66GiB,0.73%,0B / 0B,128MB / 1.19MB,92
2026-07-30 11:38:57,glim,75.24%,643.2MiB / 30.66GiB,2.05%,0B / 0B,149MB / 11.7MB,37
2026-07-30 11:39:00,foxglove,24.94%,635.5MiB / 30.66GiB,2.02%,0B / 0B,203MB / 3.51MB,28
2026-07-30 11:39:00,docker-recorder-run-de836728b142,0.00%,22.88MiB / 30.66GiB,0.07%,0B / 0B,42.7MB / 9.68MB,1
2026-07-30 11:39:00,openzen,4.20%,88.35MiB / 30.66GiB,0.28%,0B / 0B,81.6MB / 2.17MB,20
2026-07-30 11:39:00,ouster,21.92%,248.4MiB / 30.66GiB,0.79%,0B / 0B,184MB / 2.93MB,30
2026-07-30 11:39:00,scovox,77.76%,374.1MiB / 30.66GiB,1.19%,0B / 0B,78.3MB / 6.32MB,53
2026-07-30 11:39:00,mapir-ffmpeg,28.93%,336.4MiB / 30.66GiB,1.07%,0B / 0B,200MB / 1.64MB,33
2026-07-30 11:39:00,trav_ros2,114.65%,482.4MiB / 30.66GiB,1.54%,0B / 0B,125MB / 2.31MB,44
2026-07-30 11:39:00,realsense,18.56%,177.5MiB / 30.66GiB,0.57%,0B / 0B,107MB / 3.34MB,33
2026-07-30 11:39:00,nav2,13.24%,228.6MiB / 30.66GiB,0.73%,0B / 0B,128MB / 1.19MB,92
2026-07-30 11:39:00,glim,73.82%,643.9MiB / 30.66GiB,2.05%,0B / 0B,149MB / 11.7MB,37
2026-07-30 11:39:03,foxglove,14.86%,636.3MiB / 30.66GiB,2.03%,0B / 0B,203MB / 3.51MB,28
2026-07-30 11:39:03,docker-recorder-run-de836728b142,0.00%,22.88MiB / 30.66GiB,0.07%,0B / 0B,42.7MB / 9.68MB,1
2026-07-30 11:39:03,openzen,4.11%,88.35MiB / 30.66GiB,0.28%,0B / 0B,81.6MB / 2.17MB,20
2026-07-30 11:39:03,ouster,10.45%,248.3MiB / 30.66GiB,0.79%,0B / 0B,184MB / 2.93MB,30
2026-07-30 11:39:03,scovox,85.52%,357.5MiB / 30.66GiB,1.14%,0B / 0B,78.3MB / 6.32MB,53
2026-07-30 11:39:03,mapir-ffmpeg,32.45%,336.4MiB / 30.66GiB,1.07%,0B / 0B,200MB / 1.64MB,33
2026-07-30 11:39:03,trav_ros2,112.79%,485.6MiB / 30.66GiB,1.55%,0B / 0B,125MB / 2.31MB,44
2026-07-30 11:39:03,realsense,45.72%,177.8MiB / 30.66GiB,0.57%,0B / 0B,107MB / 3.34MB,33
2026-07-30 11:39:03,nav2,13.14%,228.3MiB / 30.66GiB,0.73%,0B / 0B,128MB / 1.19MB,92
2026-07-30 11:39:03,glim,66.25%,643.9MiB / 30.66GiB,2.05%,0B / 0B,149MB / 11.7MB,37
2026-07-30 11:39:06,foxglove,29.07%,646.9MiB / 30.66GiB,2.06%,0B / 0B,203MB / 3.51MB,28
2026-07-30 11:39:06,docker-recorder-run-de836728b142,0.00%,22.88MiB / 30.66GiB,0.07%,0B / 0B,42.7MB / 9.68MB,1
2026-07-30 11:39:06,openzen,4.04%,88.35MiB / 30.66GiB,0.28%,0B / 0B,81.6MB / 2.17MB,20
2026-07-30 11:39:06,ouster,10.11%,248.4MiB / 30.66GiB,0.79%,0B / 0B,184MB / 2.93MB,30
2026-07-30 11:39:06,scovox,85.15%,326.4MiB / 30.66GiB,1.04%,0B / 0B,78.3MB / 6.32MB,53
2026-07-30 11:39:06,mapir-ffmpeg,29.44%,336.5MiB / 30.66GiB,1.07%,0B / 0B,200MB / 1.64MB,33
2026-07-30 11:39:06,trav_ros2,117.30%,481.9MiB / 30.66GiB,1.53%,0B / 0B,125MB / 2.31MB,44
2026-07-30 11:39:06,realsense,39.12%,177.8MiB / 30.66GiB,0.57%,0B / 0B,107MB / 3.34MB,33
2026-07-30 11:39:06,nav2,13.43%,227.9MiB / 30.66GiB,0.73%,0B / 0B,128MB / 1.19MB,92
2026-07-30 11:39:06,glim,77.87%,644.2MiB / 30.66GiB,2.05%,0B / 0B,149MB / 11.7MB,37
2026-07-30 11:39:09,foxglove,21.67%,643.8MiB / 30.66GiB,2.05%,0B / 0B,203MB / 3.51MB,28
2026-07-30 11:39:09,docker-recorder-run-de836728b142,0.00%,22.88MiB / 30.66GiB,0.07%,0B / 0B,42.7MB / 9.68MB,1
2026-07-30 11:39:09,openzen,4.08%,88.35MiB / 30.66GiB,0.28%,0B / 0B,81.6MB / 2.17MB,20
2026-07-30 11:39:09,ouster,10.74%,249.2MiB / 30.66GiB,0.79%,0B / 0B,184MB / 2.93MB,30
2026-07-30 11:39:09,scovox,73.56%,362.8MiB / 30.66GiB,1.16%,0B / 0B,78.3MB / 6.32MB,53
2026-07-30 11:39:09,mapir-ffmpeg,37.04%,336.5MiB / 30.66GiB,1.07%,0B / 0B,200MB / 1.65MB,33
2026-07-30 11:39:09,trav_ros2,112.19%,478.4MiB / 30.66GiB,1.52%,0B / 0B,125MB / 2.31MB,44
2026-07-30 11:39:09,realsense,18.97%,177.5MiB / 30.66GiB,0.57%,0B / 0B,107MB / 3.34MB,33
2026-07-30 11:39:09,nav2,12.55%,227.9MiB / 30.66GiB,0.73%,0B / 0B,128MB / 1.19MB,92
2026-07-30 11:39:09,glim,66.10%,644.6MiB / 30.66GiB,2.05%,0B / 0B,149MB / 11.7MB,37
2026-07-30 11:39:12,foxglove,22.94%,644MiB / 30.66GiB,2.05%,0B / 0B,203MB / 3.51MB,28
2026-07-30 11:39:12,docker-recorder-run-de836728b142,0.00%,22.88MiB / 30.66GiB,0.07%,0B / 0B,42.7MB / 9.68MB,1
2026-07-30 11:39:12,openzen,4.35%,88.84MiB / 30.66GiB,0.28%,0B / 0B,81.6MB / 2.17MB,20
2026-07-30 11:39:12,ouster,11.00%,248.1MiB / 30.66GiB,0.79%,0B / 0B,184MB / 2.93MB,30
2026-07-30 11:39:12,scovox,93.23%,326.8MiB / 30.66GiB,1.04%,0B / 0B,78.3MB / 6.32MB,53
2026-07-30 11:39:12,mapir-ffmpeg,30.39%,336.7MiB / 30.66GiB,1.07%,0B / 0B,200MB / 1.65MB,33
2026-07-30 11:39:12,trav_ros2,112.50%,478.4MiB / 30.66GiB,1.52%,0B / 0B,125MB / 2.31MB,44
2026-07-30 11:39:12,realsense,32.46%,177.5MiB / 30.66GiB,0.57%,0B / 0B,107MB / 3.34MB,33
2026-07-30 11:39:12,nav2,13.44%,228.1MiB / 30.66GiB,0.73%,0B / 0B,128MB / 1.19MB,92
2026-07-30 11:39:12,glim,76.29%,644.1MiB / 30.66GiB,2.05%,0B / 0B,149MB / 11.7MB,37
2026-07-30 11:39:15,foxglove,19.29%,645.7MiB / 30.66GiB,2.06%,0B / 0B,203MB / 3.51MB,28
2026-07-30 11:39:15,docker-recorder-run-de836728b142,0.00%,22.88MiB / 30.66GiB,0.07%,0B / 0B,42.7MB / 9.68MB,1
2026-07-30 11:39:15,openzen,4.03%,88.35MiB / 30.66GiB,0.28%,0B / 0B,81.6MB / 2.17MB,20
2026-07-30 11:39:15,ouster,10.82%,248.7MiB / 30.66GiB,0.79%,0B / 0B,184MB / 2.93MB,30
2026-07-30 11:39:15,scovox,76.61%,365.1MiB / 30.66GiB,1.16%,0B / 0B,78.3MB / 6.32MB,53
2026-07-30 11:39:15,mapir-ffmpeg,29.90%,336.5MiB / 30.66GiB,1.07%,0B / 0B,200MB / 1.65MB,33
2026-07-30 11:39:15,trav_ros2,112.96%,481.6MiB / 30.66GiB,1.53%,0B / 0B,125MB / 2.31MB,44
2026-07-30 11:39:15,realsense,18.33%,177.8MiB / 30.66GiB,0.57%,0B / 0B,107MB / 3.34MB,33
2026-07-30 11:39:15,nav2,13.09%,228.1MiB / 30.66GiB,0.73%,0B / 0B,128MB / 1.19MB,92
2026-07-30 11:39:15,glim,73.99%,645.1MiB / 30.66GiB,2.05%,0B / 0B,149MB / 11.7MB,37
2026-07-30 11:39:18,foxglove,18.41%,640.1MiB / 30.66GiB,2.04%,0B / 0B,203MB / 3.51MB,28
2026-07-30 11:39:18,docker-recorder-run-de836728b142,0.00%,22.88MiB / 30.66GiB,0.07%,0B / 0B,42.7MB / 9.68MB,1
2026-07-30 11:39:18,openzen,3.68%,88.35MiB / 30.66GiB,0.28%,0B / 0B,81.6MB / 2.17MB,20
2026-07-30 11:39:18,ouster,10.74%,248.9MiB / 30.66GiB,0.79%,0B / 0B,184MB / 2.93MB,30
2026-07-30 11:39:18,scovox,92.65%,326MiB / 30.66GiB,1.04%,0B / 0B,78.3MB / 6.32MB,53
2026-07-30 11:39:18,mapir-ffmpeg,42.85%,336.7MiB / 30.66GiB,1.07%,0B / 0B,200MB / 1.65MB,33
2026-07-30 11:39:18,trav_ros2,112.94%,486.9MiB / 30.66GiB,1.55%,0B / 0B,125MB / 2.31MB,44
2026-07-30 11:39:18,realsense,22.55%,177.8MiB / 30.66GiB,0.57%,0B / 0B,107MB / 3.34MB,33
2026-07-30 11:39:18,nav2,12.61%,228.1MiB / 30.66GiB,0.73%,0B / 0B,128MB / 1.19MB,92
2026-07-30 11:39:18,glim,95.76%,645.2MiB / 30.66GiB,2.05%,0B / 0B,149MB / 11.7MB,37
2026-07-30 11:39:21,foxglove,19.19%,605MiB / 30.66GiB,1.93%,0B / 0B,203MB / 3.51MB,28
2026-07-30 11:39:21,docker-recorder-run-de836728b142,0.00%,22.88MiB / 30.66GiB,0.07%,0B / 0B,42.7MB / 9.68MB,1
2026-07-30 11:39:21,openzen,4.19%,88.35MiB / 30.66GiB,0.28%,0B / 0B,81.6MB / 2.17MB,20
2026-07-30 11:39:21,ouster,10.57%,248.3MiB / 30.66GiB,0.79%,0B / 0B,184MB / 2.93MB,30
2026-07-30 11:39:21,scovox,66.92%,369MiB / 30.66GiB,1.18%,0B / 0B,78.3MB / 6.33MB,53
2026-07-30 11:39:21,mapir-ffmpeg,29.35%,336.7MiB / 30.66GiB,1.07%,0B / 0B,200MB / 1.65MB,33
2026-07-30 11:39:21,trav_ros2,112.89%,481.8MiB / 30.66GiB,1.53%,0B / 0B,125MB / 2.31MB,44
2026-07-30 11:39:21,realsense,18.41%,177.8MiB / 30.66GiB,0.57%,0B / 0B,107MB / 3.34MB,33
2026-07-30 11:39:21,nav2,13.26%,228.6MiB / 30.66GiB,0.73%,0B / 0B,128MB / 1.19MB,92
2026-07-30 11:39:21,glim,69.15%,645.8MiB / 30.66GiB,2.06%,0B / 0B,149MB / 11.7MB,37
2026-07-30 11:39:25,foxglove,15.01%,637.5MiB / 30.66GiB,2.03%,0B / 0B,203MB / 3.51MB,28
2026-07-30 11:39:25,docker-recorder-run-de836728b142,0.00%,22.88MiB / 30.66GiB,0.07%,0B / 0B,42.7MB / 9.68MB,1
2026-07-30 11:39:25,openzen,4.56%,88.6MiB / 30.66GiB,0.28%,0B / 0B,81.6MB / 2.17MB,20
2026-07-30 11:39:25,ouster,10.73%,248.2MiB / 30.66GiB,0.79%,0B / 0B,184MB / 2.93MB,30
2026-07-30 11:39:25,scovox,94.41%,326.6MiB / 30.66GiB,1.04%,0B / 0B,78.3MB / 6.33MB,53
2026-07-30 11:39:25,mapir-ffmpeg,28.95%,336.5MiB / 30.66GiB,1.07%,0B / 0B,200MB / 1.65MB,33
2026-07-30 11:39:25,trav_ros2,112.81%,485.4MiB / 30.66GiB,1.55%,0B / 0B,125MB / 2.31MB,44
2026-07-30 11:39:25,realsense,32.71%,177.5MiB / 30.66GiB,0.57%,0B / 0B,107MB / 3.34MB,33
2026-07-30 11:39:25,nav2,14.30%,228.6MiB / 30.66GiB,0.73%,0B / 0B,128MB / 1.19MB,92
2026-07-30 11:39:25,glim,71.32%,652.6MiB / 30.66GiB,2.08%,0B / 0B,149MB / 11.7MB,37
2026-07-30 11:39:28,foxglove,18.37%,599.9MiB / 30.66GiB,1.91%,0B / 0B,203MB / 3.51MB,28
2026-07-30 11:39:28,docker-recorder-run-de836728b142,0.00%,22.88MiB / 30.66GiB,0.07%,0B / 0B,42.7MB / 9.68MB,1
2026-07-30 11:39:28,openzen,4.32%,88.35MiB / 30.66GiB,0.28%,0B / 0B,81.6MB / 2.17MB,20
2026-07-30 11:39:28,ouster,9.71%,247.8MiB / 30.66GiB,0.79%,0B / 0B,184MB / 2.93MB,30
2026-07-30 11:39:28,scovox,67.44%,368.6MiB / 30.66GiB,1.17%,0B / 0B,78.3MB / 6.33MB,53
2026-07-30 11:39:28,mapir-ffmpeg,34.27%,336.7MiB / 30.66GiB,1.07%,0B / 0B,200MB / 1.65MB,33
2026-07-30 11:39:28,trav_ros2,118.57%,550.3MiB / 30.66GiB,1.75%,0B / 0B,125MB / 2.33MB,44
2026-07-30 11:39:28,realsense,20.47%,177.5MiB / 30.66GiB,0.57%,0B / 0B,107MB / 3.34MB,33
2026-07-30 11:39:28,nav2,13.16%,228.8MiB / 30.66GiB,0.73%,0B / 0B,128MB / 1.19MB,92
2026-07-30 11:39:28,glim,86.19%,671.4MiB / 30.66GiB,2.14%,0B / 0B,149MB / 11.7MB,37
2026-07-30 11:39:31,foxglove,13.26%,631.9MiB / 30.66GiB,2.01%,0B / 0B,203MB / 3.51MB,28
2026-07-30 11:39:31,docker-recorder-run-de836728b142,0.00%,22.88MiB / 30.66GiB,0.07%,0B / 0B,42.7MB / 9.68MB,1
2026-07-30 11:39:31,openzen,4.62%,88.35MiB / 30.66GiB,0.28%,0B / 0B,81.6MB / 2.17MB,20
2026-07-30 11:39:31,ouster,10.38%,247.9MiB / 30.66GiB,0.79%,0B / 0B,184MB / 2.93MB,30
2026-07-30 11:39:31,scovox,70.70%,370.9MiB / 30.66GiB,1.18%,0B / 0B,78.3MB / 6.33MB,53
2026-07-30 11:39:31,mapir-ffmpeg,30.50%,336.7MiB / 30.66GiB,1.07%,0B / 0B,200MB / 1.65MB,33
2026-07-30 11:39:31,trav_ros2,113.67%,482.3MiB / 30.66GiB,1.54%,0B / 0B,125MB / 2.33MB,44
2026-07-30 11:39:31,realsense,18.59%,177.5MiB / 30.66GiB,0.57%,0B / 0B,107MB / 3.34MB,33
2026-07-30 11:39:31,nav2,13.31%,228.4MiB / 30.66GiB,0.73%,0B / 0B,128MB / 1.19MB,92
2026-07-30 11:39:31,glim,84.99%,682.6MiB / 30.66GiB,2.17%,0B / 0B,149MB / 11.7MB,37
2026-07-30 11:39:34,foxglove,19.75%,631.7MiB / 30.66GiB,2.01%,0B / 0B,203MB / 3.51MB,28
2026-07-30 11:39:34,docker-recorder-run-de836728b142,0.00%,22.88MiB / 30.66GiB,0.07%,0B / 0B,42.7MB / 9.68MB,1
2026-07-30 11:39:34,openzen,3.47%,88.35MiB / 30.66GiB,0.28%,0B / 0B,81.6MB / 2.17MB,20
2026-07-30 11:39:34,ouster,9.58%,248.4MiB / 30.66GiB,0.79%,0B / 0B,184MB / 2.93MB,30
2026-07-30 11:39:34,scovox,71.80%,371.4MiB / 30.66GiB,1.18%,0B / 0B,78.3MB / 6.41MB,53
2026-07-30 11:39:34,mapir-ffmpeg,29.87%,336.5MiB / 30.66GiB,1.07%,0B / 0B,200MB / 1.65MB,33
2026-07-30 11:39:34,trav_ros2,112.67%,485.2MiB / 30.66GiB,1.55%,0B / 0B,125MB / 2.33MB,44
2026-07-30 11:39:34,realsense,36.06%,178.5MiB / 30.66GiB,0.57%,0B / 0B,107MB / 3.34MB,33
2026-07-30 11:39:34,nav2,12.33%,227.9MiB / 30.66GiB,0.73%,0B / 0B,128MB / 1.19MB,92
2026-07-30 11:39:34,glim,76.65%,683.4MiB / 30.66GiB,2.18%,0B / 0B,149MB / 11.7MB,37
2026-07-30 11:39:37,foxglove,15.45%,631.5MiB / 30.66GiB,2.01%,0B / 0B,203MB / 3.51MB,28
2026-07-30 11:39:37,docker-recorder-run-de836728b142,0.00%,22.88MiB / 30.66GiB,0.07%,0B / 0B,42.7MB / 9.68MB,1
2026-07-30 11:39:37,openzen,3.93%,88.6MiB / 30.66GiB,0.28%,0B / 0B,81.6MB / 2.17MB,20
2026-07-30 11:39:37,ouster,8.43%,248.7MiB / 30.66GiB,0.79%,0B / 0B,184MB / 2.93MB,30
2026-07-30 11:39:37,scovox,80.55%,351.5MiB / 30.66GiB,1.12%,0B / 0B,78.3MB / 6.41MB,53
2026-07-30 11:39:37,mapir-ffmpeg,35.61%,336.7MiB / 30.66GiB,1.07%,0B / 0B,200MB / 1.65MB,33
2026-07-30 11:39:37,trav_ros2,113.54%,481.5MiB / 30.66GiB,1.53%,0B / 0B,125MB / 2.33MB,44
2026-07-30 11:39:37,realsense,42.09%,177.8MiB / 30.66GiB,0.57%,0B / 0B,107MB / 3.34MB,33
2026-07-30 11:39:37,nav2,13.58%,228.4MiB / 30.66GiB,0.73%,0B / 0B,128MB / 1.19MB,92
2026-07-30 11:39:37,glim,80.91%,682.3MiB / 30.66GiB,2.17%,0B / 0B,149MB / 11.7MB,37
2026-07-30 11:39:40,foxglove,20.33%,632.1MiB / 30.66GiB,2.01%,0B / 0B,203MB / 3.51MB,28
2026-07-30 11:39:40,docker-recorder-run-de836728b142,0.00%,22.88MiB / 30.66GiB,0.07%,0B / 0B,42.7MB / 9.68MB,1
2026-07-30 11:39:40,openzen,4.84%,88.35MiB / 30.66GiB,0.28%,0B / 0B,81.6MB / 2.17MB,20
2026-07-30 11:39:40,ouster,7.62%,248.3MiB / 30.66GiB,0.79%,0B / 0B,184MB / 2.93MB,30
2026-07-30 11:39:40,scovox,76.95%,372.1MiB / 30.66GiB,1.18%,0B / 0B,78.3MB / 6.41MB,53
2026-07-30 11:39:40,mapir-ffmpeg,30.27%,336.5MiB / 30.66GiB,1.07%,0B / 0B,200MB / 1.65MB,33
2026-07-30 11:39:40,trav_ros2,112.65%,482.2MiB / 30.66GiB,1.54%,0B / 0B,125MB / 2.33MB,44
2026-07-30 11:39:40,realsense,22.68%,177.8MiB / 30.66GiB,0.57%,0B / 0B,107MB / 3.34MB,33
2026-07-30 11:39:40,nav2,13.09%,227.9MiB / 30.66GiB,0.73%,0B / 0B,128MB / 1.19MB,92
2026-07-30 11:39:40,glim,81.50%,683.6MiB / 30.66GiB,2.18%,0B / 0B,149MB / 11.7MB,37
2026-07-30 11:39:43,foxglove,12.72%,633.7MiB / 30.66GiB,2.02%,0B / 0B,203MB / 3.51MB,28
2026-07-30 11:39:43,docker-recorder-run-de836728b142,0.00%,22.88MiB / 30.66GiB,0.07%,0B / 0B,42.7MB / 9.68MB,1
2026-07-30 11:39:43,openzen,4.02%,88.35MiB / 30.66GiB,0.28%,0B / 0B,81.6MB / 2.17MB,20
2026-07-30 11:39:43,ouster,7.62%,248.7MiB / 30.66GiB,0.79%,0B / 0B,184MB / 2.93MB,30
2026-07-30 11:39:43,scovox,80.62%,356.6MiB / 30.66GiB,1.14%,0B / 0B,78.3MB / 6.41MB,53
2026-07-30 11:39:43,mapir-ffmpeg,28.80%,337.2MiB / 30.66GiB,1.07%,0B / 0B,200MB / 1.65MB,33
2026-07-30 11:39:43,trav_ros2,114.31%,482.2MiB / 30.66GiB,1.54%,0B / 0B,125MB / 2.33MB,44
2026-07-30 11:39:43,realsense,38.18%,177.8MiB / 30.66GiB,0.57%,0B / 0B,107MB / 3.34MB,33
2026-07-30 11:39:43,nav2,13.18%,228.1MiB / 30.66GiB,0.73%,0B / 0B,128MB / 1.19MB,92
2026-07-30 11:39:43,glim,74.16%,669.2MiB / 30.66GiB,2.13%,0B / 0B,149MB / 11.7MB,37
2026-07-30 11:39:46,foxglove,13.87%,634MiB / 30.66GiB,2.02%,0B / 0B,203MB / 3.51MB,28
2026-07-30 11:39:46,docker-recorder-run-de836728b142,0.00%,22.88MiB / 30.66GiB,0.07%,0B / 0B,42.7MB / 9.68MB,1
2026-07-30 11:39:46,openzen,3.85%,88.35MiB / 30.66GiB,0.28%,0B / 0B,81.6MB / 2.17MB,20
2026-07-30 11:39:46,ouster,8.41%,248MiB / 30.66GiB,0.79%,0B / 0B,184MB / 2.93MB,30
2026-07-30 11:39:46,scovox,81.85%,326.1MiB / 30.66GiB,1.04%,0B / 0B,78.3MB / 6.41MB,53
2026-07-30 11:39:46,mapir-ffmpeg,30.87%,336.5MiB / 30.66GiB,1.07%,0B / 0B,200MB / 1.66MB,33
2026-07-30 11:39:46,trav_ros2,110.59%,481.6MiB / 30.66GiB,1.53%,0B / 0B,125MB / 2.33MB,44
2026-07-30 11:39:46,realsense,18.73%,178.3MiB / 30.66GiB,0.57%,0B / 0B,107MB / 3.34MB,33
2026-07-30 11:39:46,nav2,12.88%,228.1MiB / 30.66GiB,0.73%,0B / 0B,128MB / 1.19MB,92
2026-07-30 11:39:46,glim,73.17%,678.5MiB / 30.66GiB,2.16%,0B / 0B,149MB / 11.7MB,37
2026-07-30 11:39:49,foxglove,15.98%,631.4MiB / 30.66GiB,2.01%,0B / 0B,203MB / 3.51MB,28
2026-07-30 11:39:49,docker-recorder-run-de836728b142,0.00%,22.88MiB / 30.66GiB,0.07%,0B / 0B,42.7MB / 9.68MB,1
2026-07-30 11:39:49,openzen,4.58%,88.35MiB / 30.66GiB,0.28%,0B / 0B,81.6MB / 2.17MB,20
2026-07-30 11:39:49,ouster,9.70%,248.2MiB / 30.66GiB,0.79%,0B / 0B,184MB / 2.93MB,30
2026-07-30 11:39:49,scovox,69.49%,358.3MiB / 30.66GiB,1.14%,0B / 0B,78.3MB / 6.41MB,53
2026-07-30 11:39:49,mapir-ffmpeg,30.52%,336.5MiB / 30.66GiB,1.07%,0B / 0B,200MB / 1.66MB,33
2026-07-30 11:39:49,trav_ros2,112.49%,478.1MiB / 30.66GiB,1.52%,0B / 0B,125MB / 2.33MB,44
2026-07-30 11:39:49,realsense,18.76%,178MiB / 30.66GiB,0.57%,0B / 0B,107MB / 3.34MB,33
2026-07-30 11:39:49,nav2,13.51%,228.4MiB / 30.66GiB,0.73%,0B / 0B,128MB / 1.19MB,92
2026-07-30 11:39:49,glim,78.31%,680.9MiB / 30.66GiB,2.17%,0B / 0B,149MB / 11.7MB,37
2026-07-30 11:39:52,foxglove,18.53%,633.6MiB / 30.66GiB,2.02%,0B / 0B,203MB / 3.51MB,28
2026-07-30 11:39:52,docker-recorder-run-de836728b142,0.00%,22.88MiB / 30.66GiB,0.07%,0B / 0B,42.7MB / 9.68MB,1
2026-07-30 11:39:52,openzen,4.12%,88.59MiB / 30.66GiB,0.28%,0B / 0B,81.6MB / 2.17MB,20
2026-07-30 11:39:52,ouster,10.52%,248.6MiB / 30.66GiB,0.79%,0B / 0B,184MB / 2.93MB,30
2026-07-30 11:39:52,scovox,89.34%,326.6MiB / 30.66GiB,1.04%,0B / 0B,78.3MB / 6.41MB,53
2026-07-30 11:39:52,mapir-ffmpeg,28.91%,337.7MiB / 30.66GiB,1.08%,0B / 0B,200MB / 1.66MB,33
2026-07-30 11:39:52,trav_ros2,111.45%,487.7MiB / 30.66GiB,1.55%,0B / 0B,125MB / 2.33MB,44
2026-07-30 11:39:52,realsense,18.51%,178MiB / 30.66GiB,0.57%,0B / 0B,107MB / 3.34MB,33
2026-07-30 11:39:52,nav2,13.89%,228.6MiB / 30.66GiB,0.73%,0B / 0B,128MB / 1.19MB,92
2026-07-30 11:39:52,glim,82.02%,683.6MiB / 30.66GiB,2.18%,0B / 0B,149MB / 11.7MB,37
2026-07-30 11:39:55,foxglove,12.97%,633.6MiB / 30.66GiB,2.02%,0B / 0B,203MB / 3.51MB,28
2026-07-30 11:39:55,docker-recorder-run-de836728b142,0.00%,22.88MiB / 30.66GiB,0.07%,0B / 0B,42.7MB / 9.68MB,1
2026-07-30 11:39:55,openzen,4.41%,88.35MiB / 30.66GiB,0.28%,0B / 0B,81.6MB / 2.17MB,20
2026-07-30 11:39:55,ouster,10.16%,248.5MiB / 30.66GiB,0.79%,0B / 0B,184MB / 2.93MB,30
2026-07-30 11:39:55,scovox,71.68%,360.4MiB / 30.66GiB,1.15%,0B / 0B,78.3MB / 6.41MB,53
2026-07-30 11:39:55,mapir-ffmpeg,36.57%,336.5MiB / 30.66GiB,1.07%,0B / 0B,200MB / 1.66MB,33
2026-07-30 11:39:55,trav_ros2,111.87%,488.6MiB / 30.66GiB,1.56%,0B / 0B,125MB / 2.33MB,44
2026-07-30 11:39:55,realsense,21.91%,177.8MiB / 30.66GiB,0.57%,0B / 0B,107MB / 3.34MB,33
2026-07-30 11:39:55,nav2,12.54%,228.1MiB / 30.66GiB,0.73%,0B / 0B,128MB / 1.19MB,92
2026-07-30 11:39:55,glim,76.70%,695.2MiB / 30.66GiB,2.21%,0B / 0B,149MB / 11.7MB,37
2026-07-30 11:39:58,foxglove,13.04%,631.5MiB / 30.66GiB,2.01%,0B / 0B,203MB / 3.51MB,28
2026-07-30 11:39:58,docker-recorder-run-de836728b142,0.00%,22.88MiB / 30.66GiB,0.07%,0B / 0B,42.7MB / 9.68MB,1
2026-07-30 11:39:58,openzen,3.57%,88.35MiB / 30.66GiB,0.28%,0B / 0B,81.6MB / 2.17MB,20
2026-07-30 11:39:58,ouster,10.51%,248.8MiB / 30.66GiB,0.79%,0B / 0B,184MB / 2.93MB,30
2026-07-30 11:39:58,scovox,84.33%,326.3MiB / 30.66GiB,1.04%,0B / 0B,78.3MB / 6.42MB,53
2026-07-30 11:39:58,mapir-ffmpeg,33.47%,336.5MiB / 30.66GiB,1.07%,0B / 0B,200MB / 1.66MB,33
2026-07-30 11:39:58,trav_ros2,116.55%,490.9MiB / 30.66GiB,1.56%,0B / 0B,125MB / 2.35MB,44
2026-07-30 11:39:58,realsense,18.95%,177.5MiB / 30.66GiB,0.57%,0B / 0B,107MB / 3.34MB,33
2026-07-30 11:39:58,nav2,13.33%,228.3MiB / 30.66GiB,0.73%,0B / 0B,128MB / 1.19MB,92
2026-07-30 11:39:58,glim,88.70%,695.2MiB / 30.66GiB,2.21%,0B / 0B,149MB / 11.7MB,37
2026-07-30 11:40:01,foxglove,12.52%,601MiB / 30.66GiB,1.91%,0B / 0B,203MB / 3.51MB,28
2026-07-30 11:40:01,docker-recorder-run-de836728b142,0.00%,22.88MiB / 30.66GiB,0.07%,0B / 0B,42.7MB / 9.68MB,1
2026-07-30 11:40:01,openzen,4.69%,88.35MiB / 30.66GiB,0.28%,0B / 0B,81.6MB / 2.17MB,20
2026-07-30 11:40:01,ouster,10.45%,248.5MiB / 30.66GiB,0.79%,0B / 0B,184MB / 2.93MB,30
2026-07-30 11:40:01,scovox,63.75%,364.8MiB / 30.66GiB,1.16%,0B / 0B,78.3MB / 6.5MB,53
2026-07-30 11:40:01,mapir-ffmpeg,44.05%,336.5MiB / 30.66GiB,1.07%,0B / 0B,200MB / 1.66MB,33
2026-07-30 11:40:01,trav_ros2,112.39%,488.1MiB / 30.66GiB,1.55%,0B / 0B,125MB / 2.35MB,44
2026-07-30 11:40:01,realsense,17.87%,177.5MiB / 30.66GiB,0.57%,0B / 0B,107MB / 3.34MB,33
2026-07-30 11:40:01,nav2,13.47%,227.9MiB / 30.66GiB,0.73%,0B / 0B,128MB / 1.19MB,92
2026-07-30 11:40:01,glim,72.53%,680.9MiB / 30.66GiB,2.17%,0B / 0B,149MB / 11.7MB,37
2026-07-30 11:40:04,foxglove,13.63%,631.2MiB / 30.66GiB,2.01%,0B / 0B,203MB / 3.51MB,28
2026-07-30 11:40:04,docker-recorder-run-de836728b142,0.00%,22.88MiB / 30.66GiB,0.07%,0B / 0B,42.7MB / 9.68MB,1
2026-07-30 11:40:04,openzen,3.94%,88.35MiB / 30.66GiB,0.28%,0B / 0B,81.6MB / 2.17MB,20
2026-07-30 11:40:04,ouster,10.28%,248.5MiB / 30.66GiB,0.79%,0B / 0B,184MB / 2.93MB,30
2026-07-30 11:40:04,scovox,85.73%,326.8MiB / 30.66GiB,1.04%,0B / 0B,78.3MB / 6.5MB,53
2026-07-30 11:40:04,mapir-ffmpeg,40.80%,336.5MiB / 30.66GiB,1.07%,0B / 0B,200MB / 1.66MB,33
2026-07-30 11:40:04,trav_ros2,118.57%,492.5MiB / 30.66GiB,1.57%,0B / 0B,125MB / 2.35MB,44
2026-07-30 11:40:04,realsense,18.21%,177.8MiB / 30.66GiB,0.57%,0B / 0B,107MB / 3.34MB,33
2026-07-30 11:40:04,nav2,13.34%,228.6MiB / 30.66GiB,0.73%,0B / 0B,128MB / 1.19MB,92
2026-07-30 11:40:04,glim,65.54%,681.9MiB / 30.66GiB,2.17%,0B / 0B,149MB / 11.7MB,37
2026-07-30 11:40:07,foxglove,12.60%,599.4MiB / 30.66GiB,1.91%,0B / 0B,203MB / 3.51MB,28
2026-07-30 11:40:07,docker-recorder-run-de836728b142,0.00%,22.88MiB / 30.66GiB,0.07%,0B / 0B,42.7MB / 9.68MB,1
2026-07-30 11:40:07,openzen,4.18%,88.6MiB / 30.66GiB,0.28%,0B / 0B,81.6MB / 2.17MB,20
2026-07-30 11:40:07,ouster,9.09%,249MiB / 30.66GiB,0.79%,0B / 0B,184MB / 2.93MB,30
2026-07-30 11:40:07,scovox,65.25%,366.6MiB / 30.66GiB,1.17%,0B / 0B,78.3MB / 6.5MB,53
2026-07-30 11:40:07,mapir-ffmpeg,29.51%,337MiB / 30.66GiB,1.07%,0B / 0B,200MB / 1.66MB,33
2026-07-30 11:40:07,trav_ros2,112.76%,491MiB / 30.66GiB,1.56%,0B / 0B,125MB / 2.35MB,44
2026-07-30 11:40:07,realsense,19.63%,177.5MiB / 30.66GiB,0.57%,0B / 0B,107MB / 3.34MB,33
2026-07-30 11:40:07,nav2,12.33%,229.3MiB / 30.66GiB,0.73%,0B / 0B,128MB / 1.19MB,92
2026-07-30 11:40:07,glim,69.99%,682MiB / 30.66GiB,2.17%,0B / 0B,149MB / 11.7MB,37
2026-07-30 11:40:11,foxglove,19.01%,631.6MiB / 30.66GiB,2.01%,0B / 0B,203MB / 3.51MB,28
2026-07-30 11:40:11,docker-recorder-run-de836728b142,0.00%,22.88MiB / 30.66GiB,0.07%,0B / 0B,42.7MB / 9.68MB,1
2026-07-30 11:40:11,openzen,3.86%,88.35MiB / 30.66GiB,0.28%,0B / 0B,81.6MB / 2.17MB,20
2026-07-30 11:40:11,ouster,10.85%,248.6MiB / 30.66GiB,0.79%,0B / 0B,184MB / 2.93MB,30
2026-07-30 11:40:11,scovox,94.07%,326.6MiB / 30.66GiB,1.04%,0B / 0B,78.3MB / 6.5MB,53
2026-07-30 11:40:11,mapir-ffmpeg,39.13%,336.5MiB / 30.66GiB,1.07%,0B / 0B,200MB / 1.66MB,33
2026-07-30 11:40:11,trav_ros2,112.65%,491.3MiB / 30.66GiB,1.56%,0B / 0B,125MB / 2.35MB,44
2026-07-30 11:40:11,realsense,39.42%,177.5MiB / 30.66GiB,0.57%,0B / 0B,107MB / 3.34MB,33
2026-07-30 11:40:11,nav2,12.65%,228.6MiB / 30.66GiB,0.73%,0B / 0B,128MB / 1.19MB,92
2026-07-30 11:40:11,glim,67.03%,683MiB / 30.66GiB,2.18%,0B / 0B,149MB / 11.7MB,37
2026-07-30 11:40:14,foxglove,17.73%,599.3MiB / 30.66GiB,1.91%,0B / 0B,203MB / 3.51MB,28
2026-07-30 11:40:14,docker-recorder-run-de836728b142,0.00%,22.88MiB / 30.66GiB,0.07%,0B / 0B,42.7MB / 9.68MB,1
2026-07-30 11:40:14,openzen,3.82%,88.35MiB / 30.66GiB,0.28%,0B / 0B,81.6MB / 2.17MB,20
2026-07-30 11:40:14,ouster,10.01%,249MiB / 30.66GiB,0.79%,0B / 0B,184MB / 2.93MB,30
2026-07-30 11:40:14,scovox,62.22%,369.7MiB / 30.66GiB,1.18%,0B / 0B,78.3MB / 6.5MB,53
2026-07-30 11:40:14,mapir-ffmpeg,28.60%,336.5MiB / 30.66GiB,1.07%,0B / 0B,200MB / 1.66MB,33
2026-07-30 11:40:14,trav_ros2,112.98%,484.6MiB / 30.66GiB,1.54%,0B / 0B,125MB / 2.35MB,44
2026-07-30 11:40:14,realsense,17.84%,177.8MiB / 30.66GiB,0.57%,0B / 0B,107MB / 3.34MB,33
2026-07-30 11:40:14,nav2,12.47%,228.6MiB / 30.66GiB,0.73%,0B / 0B,128MB / 1.19MB,92
2026-07-30 11:40:14,glim,77.00%,670.9MiB / 30.66GiB,2.14%,0B / 0B,149MB / 11.7MB,37
2026-07-30 11:40:17,foxglove,15.48%,633.7MiB / 30.66GiB,2.02%,0B / 0B,203MB / 3.51MB,28
2026-07-30 11:40:17,docker-recorder-run-de836728b142,0.00%,22.88MiB / 30.66GiB,0.07%,0B / 0B,42.7MB / 9.68MB,1
2026-07-30 11:40:17,openzen,4.36%,88.35MiB / 30.66GiB,0.28%,0B / 0B,81.6MB / 2.17MB,20
2026-07-30 11:40:17,ouster,10.67%,248.4MiB / 30.66GiB,0.79%,0B / 0B,184MB / 2.93MB,30
2026-07-30 11:40:17,scovox,84.88%,326.6MiB / 30.66GiB,1.04%,0B / 0B,78.3MB / 6.5MB,53
2026-07-30 11:40:17,mapir-ffmpeg,38.13%,337.2MiB / 30.66GiB,1.07%,0B / 0B,200MB / 1.66MB,33
2026-07-30 11:40:17,trav_ros2,113.50%,488.8MiB / 30.66GiB,1.56%,0B / 0B,125MB / 2.35MB,44
2026-07-30 11:40:17,realsense,19.20%,177.5MiB / 30.66GiB,0.57%,0B / 0B,107MB / 3.34MB,33
2026-07-30 11:40:17,nav2,14.88%,228.1MiB / 30.66GiB,0.73%,0B / 0B,128MB / 1.19MB,92
2026-07-30 11:40:17,glim,86.24%,671.8MiB / 30.66GiB,2.14%,0B / 0B,149MB / 11.7MB,37
2026-07-30 11:40:20,foxglove,25.99%,633.2MiB / 30.66GiB,2.02%,0B / 0B,203MB / 3.51MB,28
2026-07-30 11:40:20,docker-recorder-run-de836728b142,0.00%,22.88MiB / 30.66GiB,0.07%,0B / 0B,42.7MB / 9.68MB,1
2026-07-30 11:40:20,openzen,4.25%,88.35MiB / 30.66GiB,0.28%,0B / 0B,81.6MB / 2.17MB,20
2026-07-30 11:40:20,ouster,10.76%,248.7MiB / 30.66GiB,0.79%,0B / 0B,184MB / 2.93MB,30
2026-07-30 11:40:20,scovox,76.81%,371.8MiB / 30.66GiB,1.18%,0B / 0B,78.3MB / 6.5MB,53
2026-07-30 11:40:20,mapir-ffmpeg,29.89%,336.5MiB / 30.66GiB,1.07%,0B / 0B,200MB / 1.68MB,33
2026-07-30 11:40:20,trav_ros2,113.13%,492.2MiB / 30.66GiB,1.57%,0B / 0B,125MB / 2.35MB,44
2026-07-30 11:40:20,realsense,39.57%,177.5MiB / 30.66GiB,0.57%,0B / 0B,107MB / 3.34MB,33
2026-07-30 11:40:20,nav2,12.80%,227.9MiB / 30.66GiB,0.73%,0B / 0B,128MB / 1.19MB,92
2026-07-30 11:40:20,glim,86.53%,671.9MiB / 30.66GiB,2.14%,0B / 0B,149MB / 11.7MB,37
2026-07-30 11:40:23,foxglove,13.66%,631.7MiB / 30.66GiB,2.01%,0B / 0B,203MB / 3.51MB,28
2026-07-30 11:40:23,docker-recorder-run-de836728b142,0.00%,22.88MiB / 30.66GiB,0.07%,0B / 0B,42.7MB / 9.68MB,1
2026-07-30 11:40:23,openzen,3.90%,88.35MiB / 30.66GiB,0.28%,0B / 0B,81.6MB / 2.17MB,20
2026-07-30 11:40:23,ouster,10.26%,248.5MiB / 30.66GiB,0.79%,0B / 0B,184MB / 2.93MB,30
2026-07-30 11:40:23,scovox,78.01%,354.1MiB / 30.66GiB,1.13%,0B / 0B,78.3MB / 6.5MB,53
2026-07-30 11:40:23,mapir-ffmpeg,28.83%,336.5MiB / 30.66GiB,1.07%,0B / 0B,200MB / 1.68MB,33
2026-07-30 11:40:23,trav_ros2,113.65%,496.4MiB / 30.66GiB,1.58%,0B / 0B,125MB / 2.35MB,44
2026-07-30 11:40:23,realsense,18.62%,177.8MiB / 30.66GiB,0.57%,0B / 0B,107MB / 3.34MB,33
2026-07-30 11:40:23,nav2,12.80%,227.9MiB / 30.66GiB,0.73%,0B / 0B,128MB / 1.19MB,92
2026-07-30 11:40:23,glim,80.39%,674.1MiB / 30.66GiB,2.15%,0B / 0B,149MB / 11.7MB,37
2026-07-30 11:40:26,foxglove,14.75%,633.3MiB / 30.66GiB,2.02%,0B / 0B,203MB / 3.51MB,28
2026-07-30 11:40:26,docker-recorder-run-de836728b142,0.00%,22.88MiB / 30.66GiB,0.07%,0B / 0B,42.7MB / 9.68MB,1
2026-07-30 11:40:26,openzen,3.68%,88.35MiB / 30.66GiB,0.28%,0B / 0B,81.6MB / 2.17MB,20
2026-07-30 11:40:26,ouster,11.42%,248.5MiB / 30.66GiB,0.79%,0B / 0B,184MB / 2.93MB,30
2026-07-30 11:40:26,scovox,79.46%,372.6MiB / 30.66GiB,1.19%,0B / 0B,78.3MB / 6.5MB,53
2026-07-30 11:40:26,mapir-ffmpeg,31.80%,336.5MiB / 30.66GiB,1.07%,0B / 0B,200MB / 1.68MB,33
2026-07-30 11:40:26,trav_ros2,115.36%,522.5MiB / 30.66GiB,1.66%,0B / 0B,125MB / 2.35MB,44
2026-07-30 11:40:26,realsense,18.71%,178.3MiB / 30.66GiB,0.57%,0B / 0B,107MB / 3.34MB,33
2026-07-30 11:40:26,nav2,13.79%,228.8MiB / 30.66GiB,0.73%,0B / 0B,128MB / 1.19MB,92
2026-07-30 11:40:26,glim,71.36%,674.7MiB / 30.66GiB,2.15%,0B / 0B,149MB / 11.7MB,37
2026-07-30 11:40:29,foxglove,20.29%,633.1MiB / 30.66GiB,2.02%,0B / 0B,203MB / 3.51MB,28
2026-07-30 11:40:29,docker-recorder-run-de836728b142,0.00%,22.88MiB / 30.66GiB,0.07%,0B / 0B,42.7MB / 9.68MB,1
2026-07-30 11:40:29,openzen,4.63%,88.35MiB / 30.66GiB,0.28%,0B / 0B,81.6MB / 2.17MB,20
2026-07-30 11:40:29,ouster,7.37%,249.1MiB / 30.66GiB,0.79%,0B / 0B,184MB / 2.93MB,30
2026-07-30 11:40:29,scovox,79.00%,356.3MiB / 30.66GiB,1.13%,0B / 0B,78.3MB / 6.5MB,53
2026-07-30 11:40:29,mapir-ffmpeg,37.39%,336.5MiB / 30.66GiB,1.07%,0B / 0B,200MB / 1.68MB,33
2026-07-30 11:40:29,trav_ros2,111.02%,488.1MiB / 30.66GiB,1.55%,0B / 0B,125MB / 2.37MB,44
2026-07-30 11:40:29,realsense,19.77%,178MiB / 30.66GiB,0.57%,0B / 0B,107MB / 3.34MB,33
2026-07-30 11:40:29,nav2,13.06%,227.9MiB / 30.66GiB,0.73%,0B / 0B,128MB / 1.19MB,92
2026-07-30 11:40:29,glim,82.75%,674.4MiB / 30.66GiB,2.15%,0B / 0B,149MB / 11.7MB,37
2026-07-30 11:40:32,foxglove,17.66%,631.8MiB / 30.66GiB,2.01%,0B / 0B,203MB / 3.51MB,28
2026-07-30 11:40:32,docker-recorder-run-de836728b142,0.00%,22.88MiB / 30.66GiB,0.07%,0B / 0B,42.7MB / 9.68MB,1
2026-07-30 11:40:32,openzen,4.00%,88.85MiB / 30.66GiB,0.28%,0B / 0B,81.6MB / 2.17MB,20
2026-07-30 11:40:32,ouster,7.47%,248.3MiB / 30.66GiB,0.79%,0B / 0B,184MB / 2.93MB,30
2026-07-30 11:40:32,scovox,83.77%,327.4MiB / 30.66GiB,1.04%,0B / 0B,78.3MB / 6.59MB,53
2026-07-30 11:40:32,mapir-ffmpeg,34.83%,336.7MiB / 30.66GiB,1.07%,0B / 0B,200MB / 1.68MB,33
2026-07-30 11:40:32,trav_ros2,110.77%,487.2MiB / 30.66GiB,1.55%,0B / 0B,125MB / 2.37MB,44
2026-07-30 11:40:32,realsense,18.76%,177.8MiB / 30.66GiB,0.57%,0B / 0B,107MB / 3.34MB,33
2026-07-30 11:40:32,nav2,13.49%,227.6MiB / 30.66GiB,0.72%,0B / 0B,128MB / 1.19MB,92
2026-07-30 11:40:32,glim,95.04%,677.3MiB / 30.66GiB,2.16%,0B / 0B,149MB / 11.7MB,37
2026-07-30 11:40:35,foxglove,15.20%,633.4MiB / 30.66GiB,2.02%,0B / 0B,203MB / 3.51MB,28
2026-07-30 11:40:35,docker-recorder-run-de836728b142,0.00%,22.88MiB / 30.66GiB,0.07%,0B / 0B,42.7MB / 9.68MB,1
2026-07-30 11:40:35,openzen,4.64%,88.35MiB / 30.66GiB,0.28%,0B / 0B,81.6MB / 2.17MB,20
2026-07-30 11:40:35,ouster,7.33%,248.9MiB / 30.66GiB,0.79%,0B / 0B,184MB / 2.93MB,30
2026-07-30 11:40:35,scovox,68.77%,359.5MiB / 30.66GiB,1.15%,0B / 0B,78.3MB / 6.59MB,53
2026-07-30 11:40:35,mapir-ffmpeg,28.61%,336.5MiB / 30.66GiB,1.07%,0B / 0B,200MB / 1.68MB,33
2026-07-30 11:40:35,trav_ros2,112.03%,488.6MiB / 30.66GiB,1.56%,0B / 0B,125MB / 2.37MB,44
2026-07-30 11:40:35,realsense,40.38%,177.5MiB / 30.66GiB,0.57%,0B / 0B,107MB / 3.34MB,33
2026-07-30 11:40:35,nav2,11.83%,228.6MiB / 30.66GiB,0.73%,0B / 0B,128MB / 1.19MB,92
2026-07-30 11:40:35,glim,73.01%,677.6MiB / 30.66GiB,2.16%,0B / 0B,149MB / 11.7MB,37
2026-07-30 11:40:38,foxglove,15.96%,631.6MiB / 30.66GiB,2.01%,0B / 0B,203MB / 3.51MB,28
2026-07-30 11:40:38,docker-recorder-run-de836728b142,0.00%,22.88MiB / 30.66GiB,0.07%,0B / 0B,42.7MB / 9.68MB,1
2026-07-30 11:40:38,openzen,3.82%,88.35MiB / 30.66GiB,0.28%,0B / 0B,81.6MB / 2.17MB,20
2026-07-30 11:40:38,ouster,14.39%,248.1MiB / 30.66GiB,0.79%,0B / 0B,184MB / 2.93MB,30
2026-07-30 11:40:38,scovox,86.44%,326.5MiB / 30.66GiB,1.04%,0B / 0B,78.3MB / 6.59MB,53
2026-07-30 11:40:38,mapir-ffmpeg,28.74%,336.7MiB / 30.66GiB,1.07%,0B / 0B,200MB / 1.68MB,33
2026-07-30 11:40:38,trav_ros2,113.40%,483.6MiB / 30.66GiB,1.54%,0B / 0B,125MB / 2.37MB,44
2026-07-30 11:40:38,realsense,39.66%,177.5MiB / 30.66GiB,0.57%,0B / 0B,107MB / 3.34MB,33
2026-07-30 11:40:38,nav2,13.03%,228.4MiB / 30.66GiB,0.73%,0B / 0B,128MB / 1.19MB,92
2026-07-30 11:40:38,glim,74.60%,660.7MiB / 30.66GiB,2.10%,0B / 0B,149MB / 11.7MB,37
2026-07-30 11:40:41,foxglove,12.23%,631.9MiB / 30.66GiB,2.01%,0B / 0B,203MB / 3.51MB,28
2026-07-30 11:40:41,docker-recorder-run-de836728b142,0.00%,22.88MiB / 30.66GiB,0.07%,0B / 0B,42.7MB / 9.68MB,1
2026-07-30 11:40:41,openzen,3.69%,88.35MiB / 30.66GiB,0.28%,0B / 0B,81.6MB / 2.17MB,20
2026-07-30 11:40:41,ouster,10.14%,248.8MiB / 30.66GiB,0.79%,0B / 0B,184MB / 2.93MB,30
2026-07-30 11:40:41,scovox,70.78%,363.6MiB / 30.66GiB,1.16%,0B / 0B,78.3MB / 6.59MB,53
2026-07-30 11:40:41,mapir-ffmpeg,28.66%,336.9MiB / 30.66GiB,1.07%,0B / 0B,200MB / 1.68MB,33
2026-07-30 11:40:41,trav_ros2,111.74%,486.5MiB / 30.66GiB,1.55%,0B / 0B,125MB / 2.37MB,44
2026-07-30 11:40:41,realsense,31.29%,177.5MiB / 30.66GiB,0.57%,0B / 0B,107MB / 3.34MB,33
2026-07-30 11:40:41,nav2,13.28%,227.6MiB / 30.66GiB,0.72%,0B / 0B,128MB / 1.19MB,92
2026-07-30 11:40:41,glim,72.68%,661.2MiB / 30.66GiB,2.11%,0B / 0B,149MB / 11.7MB,37
2026-07-30 11:40:44,foxglove,13.91%,633.3MiB / 30.66GiB,2.02%,0B / 0B,203MB / 3.51MB,28
2026-07-30 11:40:44,docker-recorder-run-de836728b142,0.00%,22.88MiB / 30.66GiB,0.07%,0B / 0B,42.7MB / 9.68MB,1
2026-07-30 11:40:44,openzen,4.16%,88.35MiB / 30.66GiB,0.28%,0B / 0B,81.6MB / 2.17MB,20
2026-07-30 11:40:44,ouster,10.48%,248.1MiB / 30.66GiB,0.79%,0B / 0B,184MB / 2.93MB,30
2026-07-30 11:40:44,scovox,91.09%,326.6MiB / 30.66GiB,1.04%,0B / 0B,78.3MB / 6.59MB,53
2026-07-30 11:40:44,mapir-ffmpeg,28.63%,336.5MiB / 30.66GiB,1.07%,0B / 0B,200MB / 1.68MB,33
2026-07-30 11:40:44,trav_ros2,112.42%,488.1MiB / 30.66GiB,1.55%,0B / 0B,125MB / 2.37MB,44
2026-07-30 11:40:44,realsense,18.37%,177.8MiB / 30.66GiB,0.57%,0B / 0B,107MB / 3.34MB,33
2026-07-30 11:40:44,nav2,13.05%,228.1MiB / 30.66GiB,0.73%,0B / 0B,128MB / 1.19MB,92
2026-07-30 11:40:44,glim,67.98%,663.7MiB / 30.66GiB,2.11%,0B / 0B,149MB / 11.7MB,37
2026-07-30 11:40:47,foxglove,12.47%,599.1MiB / 30.66GiB,1.91%,0B / 0B,203MB / 3.51MB,28
2026-07-30 11:40:47,docker-recorder-run-de836728b142,0.00%,22.88MiB / 30.66GiB,0.07%,0B / 0B,42.7MB / 9.68MB,1
2026-07-30 11:40:47,openzen,4.10%,88.6MiB / 30.66GiB,0.28%,0B / 0B,81.6MB / 2.17MB,20
2026-07-30 11:40:47,ouster,9.87%,248.8MiB / 30.66GiB,0.79%,0B / 0B,184MB / 2.93MB,30
2026-07-30 11:40:47,scovox,67.26%,366.7MiB / 30.66GiB,1.17%,0B / 0B,78.3MB / 6.59MB,53
2026-07-30 11:40:47,mapir-ffmpeg,27.74%,337.2MiB / 30.66GiB,1.07%,0B / 0B,200MB / 1.68MB,33
2026-07-30 11:40:47,trav_ros2,110.70%,486MiB / 30.66GiB,1.55%,0B / 0B,125MB / 2.37MB,44
2026-07-30 11:40:47,realsense,18.97%,177.5MiB / 30.66GiB,0.57%,0B / 0B,107MB / 3.34MB,33
2026-07-30 11:40:47,nav2,12.47%,228.1MiB / 30.66GiB,0.73%,0B / 0B,128MB / 1.19MB,92
2026-07-30 11:40:47,glim,69.91%,666.6MiB / 30.66GiB,2.12%,0B / 0B,149MB / 11.7MB,37
2026-07-30 11:40:50,foxglove,15.88%,630.7MiB / 30.66GiB,2.01%,0B / 0B,203MB / 3.51MB,28
2026-07-30 11:40:50,docker-recorder-run-de836728b142,0.00%,22.88MiB / 30.66GiB,0.07%,0B / 0B,42.7MB / 9.68MB,1
2026-07-30 11:40:50,openzen,4.45%,88.35MiB / 30.66GiB,0.28%,0B / 0B,81.6MB / 2.17MB,20
2026-07-30 11:40:50,ouster,10.47%,248.7MiB / 30.66GiB,0.79%,0B / 0B,184MB / 2.93MB,30
2026-07-30 11:40:50,scovox,95.73%,326.5MiB / 30.66GiB,1.04%,0B / 0B,78.3MB / 6.59MB,53
2026-07-30 11:40:50,mapir-ffmpeg,29.23%,336.5MiB / 30.66GiB,1.07%,0B / 0B,200MB / 1.68MB,33
2026-07-30 11:40:50,trav_ros2,113.51%,488.1MiB / 30.66GiB,1.55%,0B / 0B,125MB / 2.37MB,44
2026-07-30 11:40:50,realsense,19.01%,177.5MiB / 30.66GiB,0.57%,0B / 0B,107MB / 3.34MB,33
2026-07-30 11:40:50,nav2,12.92%,227.9MiB / 30.66GiB,0.73%,0B / 0B,128MB / 1.19MB,92
2026-07-30 11:40:50,glim,68.67%,666.7MiB / 30.66GiB,2.12%,0B / 0B,149MB / 11.7MB,37
2026-07-30 11:40:54,foxglove,29.26%,598.8MiB / 30.66GiB,1.91%,0B / 0B,203MB / 3.51MB,28
2026-07-30 11:40:54,docker-recorder-run-de836728b142,0.00%,22.88MiB / 30.66GiB,0.07%,0B / 0B,42.7MB / 9.68MB,1
2026-07-30 11:40:54,openzen,3.72%,88.35MiB / 30.66GiB,0.28%,0B / 0B,81.6MB / 2.17MB,20
2026-07-30 11:40:54,ouster,7.68%,249.1MiB / 30.66GiB,0.79%,0B / 0B,184MB / 2.93MB,30
2026-07-30 11:40:54,scovox,67.68%,369MiB / 30.66GiB,1.18%,0B / 0B,78.3MB / 6.59MB,53
2026-07-30 11:40:54,mapir-ffmpeg,28.49%,336.7MiB / 30.66GiB,1.07%,0B / 0B,200MB / 1.69MB,33
2026-07-30 11:40:54,trav_ros2,111.99%,492.1MiB / 30.66GiB,1.57%,0B / 0B,125MB / 2.37MB,44
2026-07-30 11:40:54,realsense,38.77%,177.8MiB / 30.66GiB,0.57%,0B / 0B,107MB / 3.34MB,33
2026-07-30 11:40:54,nav2,11.85%,227.6MiB / 30.66GiB,0.72%,0B / 0B,128MB / 1.19MB,92
2026-07-30 11:40:54,glim,75.49%,671.3MiB / 30.66GiB,2.14%,0B / 0B,149MB / 11.7MB,37
2026-07-30 11:40:57,foxglove,21.26%,630.8MiB / 30.66GiB,2.01%,0B / 0B,203MB / 3.51MB,28
2026-07-30 11:40:57,docker-recorder-run-de836728b142,0.00%,22.88MiB / 30.66GiB,0.07%,0B / 0B,42.7MB / 9.68MB,1
2026-07-30 11:40:57,openzen,4.06%,88.6MiB / 30.66GiB,0.28%,0B / 0B,81.6MB / 2.17MB,20
2026-07-30 11:40:57,ouster,7.85%,249MiB / 30.66GiB,0.79%,0B / 0B,184MB / 2.93MB,30
2026-07-30 11:40:57,scovox,89.19%,326.2MiB / 30.66GiB,1.04%,0B / 0B,78.3MB / 6.59MB,53
2026-07-30 11:40:57,mapir-ffmpeg,29.38%,336.5MiB / 30.66GiB,1.07%,0B / 0B,200MB / 1.69MB,33
2026-07-30 11:40:57,trav_ros2,112.36%,488.2MiB / 30.66GiB,1.55%,0B / 0B,125MB / 2.37MB,44
2026-07-30 11:40:57,realsense,18.45%,177.5MiB / 30.66GiB,0.57%,0B / 0B,107MB / 3.34MB,33
2026-07-30 11:40:57,nav2,13.90%,228.6MiB / 30.66GiB,0.73%,0B / 0B,128MB / 1.19MB,92
2026-07-30 11:40:57,glim,75.40%,688.3MiB / 30.66GiB,2.19%,0B / 0B,149MB / 11.7MB,37
2026-07-30 11:41:00,foxglove,16.06%,599.6MiB / 30.66GiB,1.91%,0B / 0B,203MB / 3.51MB,28
2026-07-30 11:41:00,docker-recorder-run-de836728b142,0.00%,22.88MiB / 30.66GiB,0.07%,0B / 0B,42.7MB / 9.68MB,1
2026-07-30 11:41:00,openzen,4.08%,88.35MiB / 30.66GiB,0.28%,0B / 0B,81.6MB / 2.17MB,20
2026-07-30 11:41:00,ouster,7.50%,248.3MiB / 30.66GiB,0.79%,0B / 0B,184MB / 2.93MB,30
2026-07-30 11:41:00,scovox,61.69%,371.4MiB / 30.66GiB,1.18%,0B / 0B,78.3MB / 6.59MB,53
2026-07-30 11:41:00,mapir-ffmpeg,43.54%,336.5MiB / 30.66GiB,1.07%,0B / 0B,200MB / 1.69MB,33
2026-07-30 11:41:00,trav_ros2,113.15%,488.2MiB / 30.66GiB,1.55%,0B / 0B,125MB / 2.37MB,44
2026-07-30 11:41:00,realsense,19.06%,177.5MiB / 30.66GiB,0.57%,0B / 0B,107MB / 3.34MB,33
2026-07-30 11:41:00,nav2,13.05%,227.9MiB / 30.66GiB,0.73%,0B / 0B,128MB / 1.19MB,92
2026-07-30 11:41:00,glim,63.09%,689MiB / 30.66GiB,2.19%,0B / 0B,149MB / 11.7MB,37
2026-07-30 11:41:03,foxglove,22.79%,633.7MiB / 30.66GiB,2.02%,0B / 0B,203MB / 3.51MB,28
2026-07-30 11:41:03,docker-recorder-run-de836728b142,0.00%,22.88MiB / 30.66GiB,0.07%,0B / 0B,42.7MB / 9.68MB,1
2026-07-30 11:41:03,openzen,3.91%,88.6MiB / 30.66GiB,0.28%,0B / 0B,81.6MB / 2.17MB,20
2026-07-30 11:41:03,ouster,7.10%,248.5MiB / 30.66GiB,0.79%,0B / 0B,184MB / 2.93MB,30
2026-07-30 11:41:03,scovox,84.90%,325.9MiB / 30.66GiB,1.04%,0B / 0B,78.3MB / 6.67MB,53
2026-07-30 11:41:03,mapir-ffmpeg,31.42%,337.2MiB / 30.66GiB,1.07%,0B / 0B,200MB / 1.69MB,33
2026-07-30 11:41:03,trav_ros2,116.59%,491.1MiB / 30.66GiB,1.56%,0B / 0B,125MB / 2.39MB,44
2026-07-30 11:41:03,realsense,18.47%,177.5MiB / 30.66GiB,0.57%,0B / 0B,107MB / 3.34MB,33
2026-07-30 11:41:03,nav2,12.62%,227.6MiB / 30.66GiB,0.73%,0B / 0B,128MB / 1.19MB,92
2026-07-30 11:41:03,glim,74.40%,671.3MiB / 30.66GiB,2.14%,0B / 0B,149MB / 11.7MB,37
2026-07-30 11:41:06,foxglove,16.77%,631.6MiB / 30.66GiB,2.01%,0B / 0B,203MB / 3.51MB,28
2026-07-30 11:41:06,docker-recorder-run-de836728b142,0.00%,22.88MiB / 30.66GiB,0.07%,0B / 0B,42.7MB / 9.68MB,1
2026-07-30 11:41:06,openzen,3.77%,88.35MiB / 30.66GiB,0.28%,0B / 0B,81.6MB / 2.17MB,20
2026-07-30 11:41:06,ouster,9.83%,248.5MiB / 30.66GiB,0.79%,0B / 0B,184MB / 2.93MB,30
2026-07-30 11:41:06,scovox,73.00%,373.1MiB / 30.66GiB,1.19%,0B / 0B,78.3MB / 6.67MB,53
2026-07-30 11:41:06,mapir-ffmpeg,29.06%,336.5MiB / 30.66GiB,1.07%,0B / 0B,200MB / 1.69MB,33
2026-07-30 11:41:06,trav_ros2,112.02%,484.5MiB / 30.66GiB,1.54%,0B / 0B,125MB / 2.39MB,44
2026-07-30 11:41:06,realsense,51.15%,178MiB / 30.66GiB,0.57%,0B / 0B,107MB / 3.34MB,33
2026-07-30 11:41:06,nav2,13.20%,229.3MiB / 30.66GiB,0.73%,0B / 0B,128MB / 1.19MB,92
2026-07-30 11:41:06,glim,66.76%,671.6MiB / 30.66GiB,2.14%,0B / 0B,149MB / 11.7MB,37
2026-07-30 11:41:09,foxglove,13.37%,631.7MiB / 30.66GiB,2.01%,0B / 0B,203MB / 3.51MB,28
2026-07-30 11:41:09,docker-recorder-run-de836728b142,0.00%,22.88MiB / 30.66GiB,0.07%,0B / 0B,42.7MB / 9.68MB,1
2026-07-30 11:41:09,openzen,3.89%,88.35MiB / 30.66GiB,0.28%,0B / 0B,81.6MB / 2.17MB,20
2026-07-30 11:41:09,ouster,11.48%,248.1MiB / 30.66GiB,0.79%,0B / 0B,184MB / 2.93MB,30
2026-07-30 11:41:09,scovox,82.33%,354.5MiB / 30.66GiB,1.13%,0B / 0B,78.3MB / 6.68MB,53
2026-07-30 11:41:09,mapir-ffmpeg,39.77%,336.5MiB / 30.66GiB,1.07%,0B / 0B,200MB / 1.69MB,33
2026-07-30 11:41:09,trav_ros2,112.89%,487.8MiB / 30.66GiB,1.55%,0B / 0B,125MB / 2.39MB,44
2026-07-30 11:41:09,realsense,19.94%,177.8MiB / 30.66GiB,0.57%,0B / 0B,107MB / 3.34MB,33
2026-07-30 11:41:09,nav2,13.00%,228.4MiB / 30.66GiB,0.73%,0B / 0B,128MB / 1.19MB,92
2026-07-30 11:41:09,glim,77.78%,672.3MiB / 30.66GiB,2.14%,0B / 0B,149MB / 11.7MB,37
2026-07-30 11:41:12,foxglove,17.00%,631.9MiB / 30.66GiB,2.01%,0B / 0B,203MB / 3.51MB,28
2026-07-30 11:41:12,docker-recorder-run-de836728b142,0.00%,22.88MiB / 30.66GiB,0.07%,0B / 0B,42.7MB / 9.68MB,1
2026-07-30 11:41:12,openzen,3.89%,88.85MiB / 30.66GiB,0.28%,0B / 0B,81.6MB / 2.17MB,20
2026-07-30 11:41:12,ouster,7.20%,247.7MiB / 30.66GiB,0.79%,0B / 0B,184MB / 2.93MB,30
2026-07-30 11:41:12,scovox,77.11%,326.4MiB / 30.66GiB,1.04%,0B / 0B,78.3MB / 6.68MB,53
2026-07-30 11:41:12,mapir-ffmpeg,29.05%,336.5MiB / 30.66GiB,1.07%,0B / 0B,200MB / 1.69MB,33
2026-07-30 11:41:12,trav_ros2,112.56%,488.3MiB / 30.66GiB,1.56%,0B / 0B,125MB / 2.39MB,44
2026-07-30 11:41:12,realsense,39.33%,177.8MiB / 30.66GiB,0.57%,0B / 0B,107MB / 3.34MB,33
2026-07-30 11:41:12,nav2,13.19%,228.3MiB / 30.66GiB,0.73%,0B / 0B,128MB / 1.19MB,92
2026-07-30 11:41:12,glim,75.59%,683MiB / 30.66GiB,2.18%,0B / 0B,149MB / 11.7MB,37
2026-07-30 11:41:15,foxglove,14.87%,631.6MiB / 30.66GiB,2.01%,0B / 0B,203MB / 3.51MB,28
2026-07-30 11:41:15,docker-recorder-run-de836728b142,0.00%,22.88MiB / 30.66GiB,0.07%,0B / 0B,42.7MB / 9.68MB,1
2026-07-30 11:41:15,openzen,3.89%,88.35MiB / 30.66GiB,0.28%,0B / 0B,81.6MB / 2.17MB,20
2026-07-30 11:41:15,ouster,7.19%,248.2MiB / 30.66GiB,0.79%,0B / 0B,184MB / 2.93MB,30
2026-07-30 11:41:15,scovox,82.11%,356.4MiB / 30.66GiB,1.14%,0B / 0B,78.3MB / 6.68MB,53
2026-07-30 11:41:15,mapir-ffmpeg,43.67%,336.5MiB / 30.66GiB,1.07%,0B / 0B,200MB / 1.69MB,33
2026-07-30 11:41:15,trav_ros2,113.63%,487.6MiB / 30.66GiB,1.55%,0B / 0B,125MB / 2.39MB,44
2026-07-30 11:41:15,realsense,19.16%,178MiB / 30.66GiB,0.57%,0B / 0B,107MB / 3.34MB,33
2026-07-30 11:41:15,nav2,13.25%,227.9MiB / 30.66GiB,0.73%,0B / 0B,128MB / 1.19MB,92
2026-07-30 11:41:15,glim,81.75%,683.9MiB / 30.66GiB,2.18%,0B / 0B,149MB / 11.7MB,37
2026-07-30 11:41:18,foxglove,15.21%,631.5MiB / 30.66GiB,2.01%,0B / 0B,203MB / 3.51MB,28
2026-07-30 11:41:18,docker-recorder-run-de836728b142,0.00%,22.88MiB / 30.66GiB,0.07%,0B / 0B,42.7MB / 9.68MB,1
2026-07-30 11:41:18,openzen,3.78%,88.35MiB / 30.66GiB,0.28%,0B / 0B,81.6MB / 2.17MB,20
2026-07-30 11:41:18,ouster,24.97%,248.4MiB / 30.66GiB,0.79%,0B / 0B,184MB / 2.93MB,30
2026-07-30 11:41:18,scovox,85.03%,326.6MiB / 30.66GiB,1.04%,0B / 0B,78.3MB / 6.68MB,53
2026-07-30 11:41:18,mapir-ffmpeg,43.51%,336.7MiB / 30.66GiB,1.07%,0B / 0B,200MB / 1.69MB,33
2026-07-30 11:41:18,trav_ros2,116.72%,492.1MiB / 30.66GiB,1.57%,0B / 0B,125MB / 2.39MB,44
2026-07-30 11:41:18,realsense,18.91%,177.5MiB / 30.66GiB,0.57%,0B / 0B,107MB / 3.34MB,33
2026-07-30 11:41:18,nav2,13.49%,227.9MiB / 30.66GiB,0.73%,0B / 0B,128MB / 1.19MB,92
2026-07-30 11:41:18,glim,66.31%,710.7MiB / 30.66GiB,2.26%,0B / 0B,149MB / 11.7MB,37
2026-07-30 11:41:21,foxglove,11.91%,633.5MiB / 30.66GiB,2.02%,0B / 0B,203MB / 3.51MB,28
2026-07-30 11:41:21,docker-recorder-run-de836728b142,0.00%,22.88MiB / 30.66GiB,0.07%,0B / 0B,42.7MB / 9.68MB,1
2026-07-30 11:41:21,openzen,3.62%,88.59MiB / 30.66GiB,0.28%,0B / 0B,81.6MB / 2.17MB,20
2026-07-30 11:41:21,ouster,10.20%,248.5MiB / 30.66GiB,0.79%,0B / 0B,184MB / 2.93MB,30
2026-07-30 11:41:21,scovox,74.03%,358.4MiB / 30.66GiB,1.14%,0B / 0B,78.3MB / 6.68MB,53
2026-07-30 11:41:21,mapir-ffmpeg,28.87%,336.5MiB / 30.66GiB,1.07%,0B / 0B,200MB / 1.69MB,33
2026-07-30 11:41:21,trav_ros2,115.00%,488.3MiB / 30.66GiB,1.56%,0B / 0B,125MB / 2.39MB,44
2026-07-30 11:41:21,realsense,18.83%,177.8MiB / 30.66GiB,0.57%,0B / 0B,107MB / 3.34MB,33
2026-07-30 11:41:21,nav2,13.07%,228.3MiB / 30.66GiB,0.73%,0B / 0B,128MB / 1.19MB,92
2026-07-30 11:41:21,glim,80.35%,716.3MiB / 30.66GiB,2.28%,0B / 0B,149MB / 11.7MB,37
2026-07-30 11:41:24,foxglove,15.86%,631.7MiB / 30.66GiB,2.01%,0B / 0B,203MB / 3.51MB,28
2026-07-30 11:41:24,docker-recorder-run-de836728b142,0.00%,22.88MiB / 30.66GiB,0.07%,0B / 0B,42.7MB / 9.68MB,1
2026-07-30 11:41:24,openzen,4.12%,88.35MiB / 30.66GiB,0.28%,0B / 0B,81.6MB / 2.17MB,20
2026-07-30 11:41:24,ouster,9.04%,247.9MiB / 30.66GiB,0.79%,0B / 0B,184MB / 2.93MB,30
2026-07-30 11:41:24,scovox,89.31%,326.2MiB / 30.66GiB,1.04%,0B / 0B,78.3MB / 6.68MB,53
2026-07-30 11:41:24,mapir-ffmpeg,29.18%,336.5MiB / 30.66GiB,1.07%,0B / 0B,200MB / 1.69MB,33
2026-07-30 11:41:24,trav_ros2,111.56%,491.9MiB / 30.66GiB,1.57%,0B / 0B,125MB / 2.39MB,44
2026-07-30 11:41:24,realsense,38.26%,177.5MiB / 30.66GiB,0.57%,0B / 0B,107MB / 3.34MB,33
2026-07-30 11:41:24,nav2,13.07%,228.1MiB / 30.66GiB,0.73%,0B / 0B,128MB / 1.19MB,92
2026-07-30 11:41:24,glim,79.83%,700MiB / 30.66GiB,2.23%,0B / 0B,149MB / 11.7MB,37
2026-07-30 11:41:27,foxglove,14.66%,631.8MiB / 30.66GiB,2.01%,0B / 0B,203MB / 3.51MB,28
2026-07-30 11:41:27,docker-recorder-run-de836728b142,0.00%,22.88MiB / 30.66GiB,0.07%,0B / 0B,42.7MB / 9.68MB,1
2026-07-30 11:41:27,openzen,3.43%,88.35MiB / 30.66GiB,0.28%,0B / 0B,81.6MB / 2.17MB,20
2026-07-30 11:41:27,ouster,7.35%,248.6MiB / 30.66GiB,0.79%,0B / 0B,184MB / 2.93MB,30
2026-07-30 11:41:27,scovox,68.71%,362.6MiB / 30.66GiB,1.15%,0B / 0B,78.3MB / 6.68MB,53
2026-07-30 11:41:27,mapir-ffmpeg,29.11%,336.9MiB / 30.66GiB,1.07%,0B / 0B,200MB / 1.69MB,33
2026-07-30 11:41:27,trav_ros2,115.98%,491.1MiB / 30.66GiB,1.56%,0B / 0B,125MB / 2.39MB,44
2026-07-30 11:41:27,realsense,27.73%,177.5MiB / 30.66GiB,0.57%,0B / 0B,107MB / 3.34MB,33
2026-07-30 11:41:27,nav2,13.11%,228.6MiB / 30.66GiB,0.73%,0B / 0B,128MB / 1.19MB,92
2026-07-30 11:41:27,glim,66.49%,671.3MiB / 30.66GiB,2.14%,0B / 0B,149MB / 11.7MB,37
2026-07-30 11:41:30,foxglove,14.96%,633.5MiB / 30.66GiB,2.02%,0B / 0B,203MB / 3.51MB,28
2026-07-30 11:41:30,docker-recorder-run-de836728b142,0.00%,22.88MiB / 30.66GiB,0.07%,0B / 0B,42.7MB / 9.68MB,1
2026-07-30 11:41:30,openzen,4.68%,88.35MiB / 30.66GiB,0.28%,0B / 0B,81.6MB / 2.17MB,20
2026-07-30 11:41:30,ouster,11.92%,249.3MiB / 30.66GiB,0.79%,0B / 0B,184MB / 2.93MB,30
2026-07-30 11:41:30,scovox,90.02%,326.4MiB / 30.66GiB,1.04%,0B / 0B,78.3MB / 6.68MB,53
2026-07-30 11:41:30,mapir-ffmpeg,43.95%,336.7MiB / 30.66GiB,1.07%,0B / 0B,200MB / 1.7MB,33
2026-07-30 11:41:30,trav_ros2,114.59%,488.6MiB / 30.66GiB,1.56%,0B / 0B,125MB / 2.39MB,44
2026-07-30 11:41:30,realsense,31.41%,177.8MiB / 30.66GiB,0.57%,0B / 0B,107MB / 3.34MB,33
2026-07-30 11:41:30,nav2,14.00%,228.1MiB / 30.66GiB,0.73%,0B / 0B,128MB / 1.19MB,92
2026-07-30 11:41:30,glim,71.47%,675.6MiB / 30.66GiB,2.15%,0B / 0B,149MB / 11.7MB,37
2026-07-30 11:41:33,foxglove,21.07%,599.6MiB / 30.66GiB,1.91%,0B / 0B,203MB / 3.51MB,28
2026-07-30 11:41:33,docker-recorder-run-de836728b142,0.00%,22.88MiB / 30.66GiB,0.07%,0B / 0B,42.7MB / 9.68MB,1
2026-07-30 11:41:33,openzen,3.97%,88.35MiB / 30.66GiB,0.28%,0B / 0B,81.6MB / 2.17MB,20
2026-07-30 11:41:33,ouster,10.61%,248.6MiB / 30.66GiB,0.79%,0B / 0B,184MB / 2.93MB,30
2026-07-30 11:41:33,scovox,67.12%,366MiB / 30.66GiB,1.17%,0B / 0B,78.3MB / 6.77MB,53
2026-07-30 11:41:33,mapir-ffmpeg,40.33%,336.5MiB / 30.66GiB,1.07%,0B / 0B,200MB / 1.7MB,33
2026-07-30 11:41:33,trav_ros2,112.73%,491.8MiB / 30.66GiB,1.57%,0B / 0B,125MB / 2.41MB,44
2026-07-30 11:41:33,realsense,26.30%,177.8MiB / 30.66GiB,0.57%,0B / 0B,107MB / 3.34MB,33
2026-07-30 11:41:33,nav2,13.42%,228.1MiB / 30.66GiB,0.73%,0B / 0B,128MB / 1.19MB,92
2026-07-30 11:41:33,glim,65.00%,681.1MiB / 30.66GiB,2.17%,0B / 0B,149MB / 11.7MB,37
2026-07-30 11:41:36,foxglove,14.40%,631.1MiB / 30.66GiB,2.01%,0B / 0B,203MB / 3.51MB,28
2026-07-30 11:41:36,docker-recorder-run-de836728b142,0.00%,22.88MiB / 30.66GiB,0.07%,0B / 0B,42.7MB / 9.68MB,1
2026-07-30 11:41:36,openzen,4.33%,88.6MiB / 30.66GiB,0.28%,0B / 0B,81.6MB / 2.17MB,20
2026-07-30 11:41:36,ouster,7.50%,248.1MiB / 30.66GiB,0.79%,0B / 0B,184MB / 2.93MB,30
2026-07-30 11:41:36,scovox,87.06%,326MiB / 30.66GiB,1.04%,0B / 0B,78.3MB / 6.77MB,53
2026-07-30 11:41:36,mapir-ffmpeg,44.76%,336.5MiB / 30.66GiB,1.07%,0B / 0B,200MB / 1.7MB,33
2026-07-30 11:41:36,trav_ros2,112.04%,481.4MiB / 30.66GiB,1.53%,0B / 0B,125MB / 2.41MB,44
2026-07-30 11:41:36,realsense,27.19%,178MiB / 30.66GiB,0.57%,0B / 0B,107MB / 3.34MB,33
2026-07-30 11:41:36,nav2,13.30%,228.6MiB / 30.66GiB,0.73%,0B / 0B,128MB / 1.19MB,92
2026-07-30 11:41:36,glim,77.32%,682.4MiB / 30.66GiB,2.17%,0B / 0B,149MB / 11.7MB,37
2026-07-30 11:41:40,foxglove,12.39%,599.1MiB / 30.66GiB,1.91%,0B / 0B,203MB / 3.51MB,28
2026-07-30 11:41:40,docker-recorder-run-de836728b142,0.00%,22.88MiB / 30.66GiB,0.07%,0B / 0B,42.7MB / 9.68MB,1
2026-07-30 11:41:40,openzen,3.85%,88.35MiB / 30.66GiB,0.28%,0B / 0B,81.6MB / 2.17MB,20
2026-07-30 11:41:40,ouster,7.99%,247.8MiB / 30.66GiB,0.79%,0B / 0B,184MB / 2.93MB,30
2026-07-30 11:41:40,scovox,66.80%,370.1MiB / 30.66GiB,1.18%,0B / 0B,78.3MB / 6.77MB,53
2026-07-30 11:41:40,mapir-ffmpeg,29.24%,336.5MiB / 30.66GiB,1.07%,0B / 0B,200MB / 1.7MB,33
2026-07-30 11:41:40,trav_ros2,118.75%,482.9MiB / 30.66GiB,1.54%,0B / 0B,125MB / 2.41MB,44
2026-07-30 11:41:40,realsense,17.94%,177.8MiB / 30.66GiB,0.57%,0B / 0B,107MB / 3.34MB,33
2026-07-30 11:41:40,nav2,12.72%,228.6MiB / 30.66GiB,0.73%,0B / 0B,128MB / 1.19MB,92
2026-07-30 11:41:40,glim,77.18%,682.6MiB / 30.66GiB,2.17%,0B / 0B,149MB / 11.7MB,37
2026-07-30 11:41:43,foxglove,19.12%,631.5MiB / 30.66GiB,2.01%,0B / 0B,203MB / 3.51MB,28
2026-07-30 11:41:43,docker-recorder-run-de836728b142,0.00%,22.88MiB / 30.66GiB,0.07%,0B / 0B,42.7MB / 9.68MB,1
2026-07-30 11:41:43,openzen,3.92%,88.6MiB / 30.66GiB,0.28%,0B / 0B,81.6MB / 2.17MB,20
2026-07-30 11:41:43,ouster,7.92%,248.4MiB / 30.66GiB,0.79%,0B / 0B,184MB / 2.93MB,30
2026-07-30 11:41:43,scovox,85.86%,326.4MiB / 30.66GiB,1.04%,0B / 0B,78.3MB / 6.77MB,53
2026-07-30 11:41:43,mapir-ffmpeg,28.88%,336.7MiB / 30.66GiB,1.07%,0B / 0B,200MB / 1.7MB,33
2026-07-30 11:41:43,trav_ros2,116.35%,478.7MiB / 30.66GiB,1.52%,0B / 0B,125MB / 2.41MB,44
2026-07-30 11:41:43,realsense,18.71%,177.5MiB / 30.66GiB,0.57%,0B / 0B,107MB / 3.34MB,33
2026-07-30 11:41:43,nav2,13.00%,228.2MiB / 30.66GiB,0.73%,0B / 0B,128MB / 1.19MB,92
2026-07-30 11:41:43,glim,89.99%,691.2MiB / 30.66GiB,2.20%,0B / 0B,149MB / 11.7MB,37
2026-07-30 11:41:46,foxglove,15.66%,633.6MiB / 30.66GiB,2.02%,0B / 0B,203MB / 3.51MB,28
2026-07-30 11:41:46,docker-recorder-run-de836728b142,0.00%,22.88MiB / 30.66GiB,0.07%,0B / 0B,42.7MB / 9.68MB,1
2026-07-30 11:41:46,openzen,4.29%,88.59MiB / 30.66GiB,0.28%,0B / 0B,81.6MB / 2.17MB,20
2026-07-30 11:41:46,ouster,7.68%,248.5MiB / 30.66GiB,0.79%,0B / 0B,184MB / 2.93MB,30
2026-07-30 11:41:46,scovox,71.50%,371.9MiB / 30.66GiB,1.18%,0B / 0B,78.3MB / 6.77MB,53
2026-07-30 11:41:46,mapir-ffmpeg,29.07%,336.7MiB / 30.66GiB,1.07%,0B / 0B,200MB / 1.7MB,33
2026-07-30 11:41:46,trav_ros2,114.97%,481.6MiB / 30.66GiB,1.53%,0B / 0B,125MB / 2.41MB,44
2026-07-30 11:41:46,realsense,39.42%,177.8MiB / 30.66GiB,0.57%,0B / 0B,107MB / 3.34MB,33
2026-07-30 11:41:46,nav2,12.71%,228.1MiB / 30.66GiB,0.73%,0B / 0B,128MB / 1.19MB,92
2026-07-30 11:41:46,glim,73.47%,693.2MiB / 30.66GiB,2.21%,0B / 0B,149MB / 11.7MB,37
2026-07-30 11:41:49,foxglove,16.17%,634.1MiB / 30.66GiB,2.02%,0B / 0B,203MB / 3.51MB,28
2026-07-30 11:41:49,docker-recorder-run-de836728b142,0.00%,22.88MiB / 30.66GiB,0.07%,0B / 0B,42.7MB / 9.68MB,1
2026-07-30 11:41:49,openzen,3.77%,88.35MiB / 30.66GiB,0.28%,0B / 0B,81.6MB / 2.17MB,20
2026-07-30 11:41:49,ouster,7.74%,247.9MiB / 30.66GiB,0.79%,0B / 0B,184MB / 2.93MB,30
2026-07-30 11:41:49,scovox,81.98%,351.4MiB / 30.66GiB,1.12%,0B / 0B,78.3MB / 6.77MB,53
2026-07-30 11:41:49,mapir-ffmpeg,29.44%,336.5MiB / 30.66GiB,1.07%,0B / 0B,200MB / 1.7MB,33
2026-07-30 11:41:49,trav_ros2,111.14%,482.9MiB / 30.66GiB,1.54%,0B / 0B,125MB / 2.41MB,44
2026-07-30 11:41:49,realsense,19.21%,178MiB / 30.66GiB,0.57%,0B / 0B,107MB / 3.34MB,33
2026-07-30 11:41:49,nav2,13.74%,228.6MiB / 30.66GiB,0.73%,0B / 0B,128MB / 1.19MB,92
2026-07-30 11:41:49,glim,92.51%,669.5MiB / 30.66GiB,2.13%,0B / 0B,149MB / 11.7MB,37
2026-07-30 11:41:52,foxglove,22.08%,631.4MiB / 30.66GiB,2.01%,0B / 0B,203MB / 3.51MB,28
2026-07-30 11:41:52,docker-recorder-run-de836728b142,0.00%,22.88MiB / 30.66GiB,0.07%,0B / 0B,42.7MB / 9.68MB,1
2026-07-30 11:41:52,openzen,3.74%,88.6MiB / 30.66GiB,0.28%,0B / 0B,81.6MB / 2.17MB,20
2026-07-30 11:41:52,ouster,7.72%,248.3MiB / 30.66GiB,0.79%,0B / 0B,184MB / 2.93MB,30
2026-07-30 11:41:52,scovox,72.04%,369.7MiB / 30.66GiB,1.18%,0B / 0B,78.3MB / 6.77MB,53
2026-07-30 11:41:52,mapir-ffmpeg,28.80%,336.5MiB / 30.66GiB,1.07%,0B / 0B,200MB / 1.7MB,33
2026-07-30 11:41:52,trav_ros2,114.41%,481.6MiB / 30.66GiB,1.53%,0B / 0B,125MB / 2.41MB,44
2026-07-30 11:41:52,realsense,31.88%,177.8MiB / 30.66GiB,0.57%,0B / 0B,107MB / 3.34MB,33
2026-07-30 11:41:52,nav2,12.38%,228.6MiB / 30.66GiB,0.73%,0B / 0B,128MB / 1.19MB,92
2026-07-30 11:41:52,glim,71.31%,670.2MiB / 30.66GiB,2.13%,0B / 0B,149MB / 11.7MB,37
2026-07-30 11:41:55,foxglove,16.78%,632.9MiB / 30.66GiB,2.02%,0B / 0B,203MB / 3.51MB,28
2026-07-30 11:41:55,docker-recorder-run-de836728b142,0.00%,22.88MiB / 30.66GiB,0.07%,0B / 0B,42.7MB / 9.68MB,1
2026-07-30 11:41:55,openzen,4.79%,88.35MiB / 30.66GiB,0.28%,0B / 0B,81.6MB / 2.17MB,20
2026-07-30 11:41:55,ouster,7.33%,248.4MiB / 30.66GiB,0.79%,0B / 0B,184MB / 2.93MB,30
2026-07-30 11:41:55,scovox,73.56%,354.4MiB / 30.66GiB,1.13%,0B / 0B,78.3MB / 6.77MB,53
2026-07-30 11:41:55,mapir-ffmpeg,29.93%,336.5MiB / 30.66GiB,1.07%,0B / 0B,200MB / 1.7MB,33
2026-07-30 11:41:55,trav_ros2,116.10%,482.2MiB / 30.66GiB,1.54%,0B / 0B,125MB / 2.41MB,44
2026-07-30 11:41:55,realsense,40.54%,177.8MiB / 30.66GiB,0.57%,0B / 0B,107MB / 3.34MB,33
2026-07-30 11:41:55,nav2,13.45%,228.1MiB / 30.66GiB,0.73%,0B / 0B,128MB / 1.19MB,92
2026-07-30 11:41:55,glim,69.57%,670.6MiB / 30.66GiB,2.14%,0B / 0B,149MB / 11.7MB,37
2026-07-30 11:41:58,foxglove,20.77%,631.2MiB / 30.66GiB,2.01%,0B / 0B,203MB / 3.51MB,28
2026-07-30 11:41:58,docker-recorder-run-de836728b142,0.00%,22.88MiB / 30.66GiB,0.07%,0B / 0B,42.7MB / 9.68MB,1
2026-07-30 11:41:58,openzen,4.22%,88.35MiB / 30.66GiB,0.28%,0B / 0B,81.6MB / 2.17MB,20
2026-07-30 11:41:58,ouster,7.67%,248.6MiB / 30.66GiB,0.79%,0B / 0B,184MB / 2.93MB,30
2026-07-30 11:41:58,scovox,81.42%,326.9MiB / 30.66GiB,1.04%,0B / 0B,78.3MB / 6.77MB,53
2026-07-30 11:41:58,mapir-ffmpeg,30.51%,336.7MiB / 30.66GiB,1.07%,0B / 0B,200MB / 1.7MB,33
2026-07-30 11:41:58,trav_ros2,112.83%,481.7MiB / 30.66GiB,1.53%,0B / 0B,125MB / 2.41MB,44
2026-07-30 11:41:58,realsense,27.39%,177.8MiB / 30.66GiB,0.57%,0B / 0B,107MB / 3.34MB,33
2026-07-30 11:41:58,nav2,13.17%,228.9MiB / 30.66GiB,0.73%,0B / 0B,128MB / 1.19MB,92
2026-07-30 11:41:58,glim,77.14%,670.9MiB / 30.66GiB,2.14%,0B / 0B,149MB / 11.7MB,37
2026-07-30 11:42:01,foxglove,17.88%,631.7MiB / 30.66GiB,2.01%,0B / 0B,203MB / 3.51MB,28
2026-07-30 11:42:01,docker-recorder-run-de836728b142,0.00%,22.88MiB / 30.66GiB,0.07%,0B / 0B,42.7MB / 9.68MB,1
2026-07-30 11:42:01,openzen,4.30%,88.35MiB / 30.66GiB,0.28%,0B / 0B,81.6MB / 2.17MB,20
2026-07-30 11:42:01,ouster,8.33%,248.9MiB / 30.66GiB,0.79%,0B / 0B,184MB / 2.93MB,30
2026-07-30 11:42:01,scovox,67.93%,356MiB / 30.66GiB,1.13%,0B / 0B,78.3MB / 6.77MB,53
2026-07-30 11:42:01,mapir-ffmpeg,36.99%,336.7MiB / 30.66GiB,1.07%,0B / 0B,200MB / 1.7MB,33
2026-07-30 11:42:01,trav_ros2,112.82%,481.3MiB / 30.66GiB,1.53%,0B / 0B,125MB / 2.41MB,44
2026-07-30 11:42:01,realsense,19.65%,177.8MiB / 30.66GiB,0.57%,0B / 0B,107MB / 3.34MB,33
2026-07-30 11:42:01,nav2,14.26%,227.9MiB / 30.66GiB,0.73%,0B / 0B,128MB / 1.19MB,92
2026-07-30 11:42:01,glim,77.69%,671.6MiB / 30.66GiB,2.14%,0B / 0B,149MB / 11.7MB,37
2026-07-30 11:42:04,foxglove,20.59%,635.7MiB / 30.66GiB,2.02%,0B / 0B,203MB / 3.51MB,28
2026-07-30 11:42:04,docker-recorder-run-de836728b142,0.00%,22.88MiB / 30.66GiB,0.07%,0B / 0B,42.7MB / 9.68MB,1
2026-07-30 11:42:04,openzen,3.90%,88.35MiB / 30.66GiB,0.28%,0B / 0B,81.6MB / 2.17MB,20
2026-07-30 11:42:04,ouster,7.45%,248.2MiB / 30.66GiB,0.79%,0B / 0B,184MB / 2.93MB,30
2026-07-30 11:42:04,scovox,68.90%,356.8MiB / 30.66GiB,1.14%,0B / 0B,78.3MB / 6.77MB,53
2026-07-30 11:42:04,mapir-ffmpeg,31.50%,336.5MiB / 30.66GiB,1.07%,0B / 0B,200MB / 1.71MB,33
2026-07-30 11:42:04,trav_ros2,112.96%,482.6MiB / 30.66GiB,1.54%,0B / 0B,125MB / 2.44MB,44
2026-07-30 11:42:04,realsense,19.58%,178.3MiB / 30.66GiB,0.57%,0B / 0B,107MB / 3.34MB,33
2026-07-30 11:42:04,nav2,13.73%,228.1MiB / 30.66GiB,0.73%,0B / 0B,128MB / 1.19MB,92
2026-07-30 11:42:04,glim,70.42%,671.6MiB / 30.66GiB,2.14%,0B / 0B,149MB / 11.7MB,37
2026-07-30 11:42:07,foxglove,15.22%,631.4MiB / 30.66GiB,2.01%,0B / 0B,203MB / 3.51MB,28
2026-07-30 11:42:07,docker-recorder-run-de836728b142,0.00%,22.88MiB / 30.66GiB,0.07%,0B / 0B,42.7MB / 9.68MB,1
2026-07-30 11:42:07,openzen,3.73%,88.59MiB / 30.66GiB,0.28%,0B / 0B,81.6MB / 2.17MB,20
2026-07-30 11:42:07,ouster,7.34%,248.6MiB / 30.66GiB,0.79%,0B / 0B,184MB / 2.93MB,30
2026-07-30 11:42:07,scovox,67.63%,360.9MiB / 30.66GiB,1.15%,0B / 0B,78.3MB / 6.86MB,53
2026-07-30 11:42:07,mapir-ffmpeg,29.74%,336.7MiB / 30.66GiB,1.07%,0B / 0B,200MB / 1.71MB,33
2026-07-30 11:42:07,trav_ros2,112.14%,482.3MiB / 30.66GiB,1.54%,0B / 0B,125MB / 2.44MB,44
2026-07-30 11:42:07,realsense,18.37%,177.5MiB / 30.66GiB,0.57%,0B / 0B,107MB / 3.34MB,33
2026-07-30 11:42:07,nav2,12.13%,228.1MiB / 30.66GiB,0.73%,0B / 0B,128MB / 1.19MB,92
2026-07-30 11:42:07,glim,73.06%,672.2MiB / 30.66GiB,2.14%,0B / 0B,149MB / 11.7MB,37
2026-07-30 11:42:10,foxglove,17.27%,631.5MiB / 30.66GiB,2.01%,0B / 0B,203MB / 3.51MB,28
2026-07-30 11:42:10,docker-recorder-run-de836728b142,0.00%,22.88MiB / 30.66GiB,0.07%,0B / 0B,42.7MB / 9.68MB,1
2026-07-30 11:42:10,openzen,3.95%,88.36MiB / 30.66GiB,0.28%,0B / 0B,81.6MB / 2.17MB,20
2026-07-30 11:42:10,ouster,7.47%,247.6MiB / 30.66GiB,0.79%,0B / 0B,184MB / 2.93MB,30
2026-07-30 11:42:10,scovox,89.54%,326.8MiB / 30.66GiB,1.04%,0B / 0B,78.3MB / 6.86MB,53
2026-07-30 11:42:10,mapir-ffmpeg,34.67%,336.5MiB / 30.66GiB,1.07%,0B / 0B,200MB / 1.71MB,33
2026-07-30 11:42:10,trav_ros2,111.54%,482MiB / 30.66GiB,1.54%,0B / 0B,125MB / 2.44MB,44
2026-07-30 11:42:10,realsense,46.90%,178MiB / 30.66GiB,0.57%,0B / 0B,107MB / 3.34MB,33
2026-07-30 11:42:10,nav2,11.90%,228.6MiB / 30.66GiB,0.73%,0B / 0B,128MB / 1.19MB,92
2026-07-30 11:42:10,glim,97.67%,671.9MiB / 30.66GiB,2.14%,0B / 0B,149MB / 11.7MB,37
2026-07-30 11:42:13,foxglove,13.94%,631.2MiB / 30.66GiB,2.01%,0B / 0B,203MB / 3.51MB,28
2026-07-30 11:42:13,docker-recorder-run-de836728b142,0.00%,22.88MiB / 30.66GiB,0.07%,0B / 0B,42.7MB / 9.68MB,1
2026-07-30 11:42:13,openzen,3.69%,88.35MiB / 30.66GiB,0.28%,0B / 0B,81.6MB / 2.17MB,20
2026-07-30 11:42:13,ouster,7.73%,248.5MiB / 30.66GiB,0.79%,0B / 0B,184MB / 2.93MB,30
2026-07-30 11:42:13,scovox,64.79%,361.9MiB / 30.66GiB,1.15%,0B / 0B,78.3MB / 6.86MB,53
2026-07-30 11:42:13,mapir-ffmpeg,32.70%,336.7MiB / 30.66GiB,1.07%,0B / 0B,200MB / 1.71MB,33
2026-07-30 11:42:13,trav_ros2,111.71%,481.7MiB / 30.66GiB,1.53%,0B / 0B,125MB / 2.44MB,44
2026-07-30 11:42:13,realsense,30.39%,177.5MiB / 30.66GiB,0.57%,0B / 0B,107MB / 3.34MB,33
2026-07-30 11:42:13,nav2,12.71%,228.4MiB / 30.66GiB,0.73%,0B / 0B,128MB / 1.19MB,92
2026-07-30 11:42:13,glim,77.37%,672.8MiB / 30.66GiB,2.14%,0B / 0B,149MB / 11.7MB,37
2026-07-30 11:42:16,foxglove,13.34%,630.9MiB / 30.66GiB,2.01%,0B / 0B,203MB / 3.51MB,28
2026-07-30 11:42:16,docker-recorder-run-de836728b142,0.00%,22.88MiB / 30.66GiB,0.07%,0B / 0B,42.7MB / 9.68MB,1
2026-07-30 11:42:16,openzen,4.66%,88.59MiB / 30.66GiB,0.28%,0B / 0B,81.6MB / 2.17MB,20
2026-07-30 11:42:16,ouster,18.94%,248.9MiB / 30.66GiB,0.79%,0B / 0B,184MB / 2.93MB,30
2026-07-30 11:42:16,scovox,89.36%,326.9MiB / 30.66GiB,1.04%,0B / 0B,78.3MB / 6.86MB,53
2026-07-30 11:42:16,mapir-ffmpeg,33.88%,336.9MiB / 30.66GiB,1.07%,0B / 0B,200MB / 1.71MB,33
2026-07-30 11:42:16,trav_ros2,120.67%,482.3MiB / 30.66GiB,1.54%,0B / 0B,125MB / 2.44MB,44
2026-07-30 11:42:16,realsense,26.45%,177.5MiB / 30.66GiB,0.57%,0B / 0B,107MB / 3.34MB,33
2026-07-30 11:42:16,nav2,13.91%,228.3MiB / 30.66GiB,0.73%,0B / 0B,128MB / 1.19MB,92
2026-07-30 11:42:16,glim,71.62%,673.4MiB / 30.66GiB,2.14%,0B / 0B,149MB / 11.7MB,37
2026-07-30 11:42:19,foxglove,16.38%,599.6MiB / 30.66GiB,1.91%,0B / 0B,203MB / 3.51MB,28
2026-07-30 11:42:19,docker-recorder-run-de836728b142,0.00%,22.88MiB / 30.66GiB,0.07%,0B / 0B,42.7MB / 9.68MB,1
2026-07-30 11:42:19,openzen,4.31%,88.35MiB / 30.66GiB,0.28%,0B / 0B,81.6MB / 2.17MB,20
2026-07-30 11:42:19,ouster,8.72%,248MiB / 30.66GiB,0.79%,0B / 0B,184MB / 2.93MB,30
2026-07-30 11:42:19,scovox,67.62%,366.6MiB / 30.66GiB,1.17%,0B / 0B,78.3MB / 6.86MB,53
2026-07-30 11:42:19,mapir-ffmpeg,33.11%,336.5MiB / 30.66GiB,1.07%,0B / 0B,200MB / 1.71MB,33
2026-07-30 11:42:19,trav_ros2,110.88%,481.6MiB / 30.66GiB,1.53%,0B / 0B,125MB / 2.44MB,44
2026-07-30 11:42:19,realsense,32.84%,177.5MiB / 30.66GiB,0.57%,0B / 0B,107MB / 3.34MB,33
2026-07-30 11:42:19,nav2,12.99%,228.1MiB / 30.66GiB,0.73%,0B / 0B,128MB / 1.19MB,92
2026-07-30 11:42:19,glim,72.27%,673.2MiB / 30.66GiB,2.14%,0B / 0B,149MB / 11.7MB,37
2026-07-30 11:42:23,foxglove,18.17%,631.5MiB / 30.66GiB,2.01%,0B / 0B,203MB / 3.51MB,28
2026-07-30 11:42:23,docker-recorder-run-de836728b142,0.00%,22.88MiB / 30.66GiB,0.07%,0B / 0B,42.7MB / 9.68MB,1
2026-07-30 11:42:23,openzen,4.36%,88.6MiB / 30.66GiB,0.28%,0B / 0B,81.6MB / 2.17MB,20
2026-07-30 11:42:23,ouster,8.48%,248.8MiB / 30.66GiB,0.79%,0B / 0B,184MB / 2.93MB,30
2026-07-30 11:42:23,scovox,94.16%,327MiB / 30.66GiB,1.04%,0B / 0B,78.3MB / 6.86MB,53
2026-07-30 11:42:23,mapir-ffmpeg,29.76%,336.7MiB / 30.66GiB,1.07%,0B / 0B,200MB / 1.71MB,33
2026-07-30 11:42:23,trav_ros2,112.21%,481MiB / 30.66GiB,1.53%,0B / 0B,125MB / 2.44MB,44
2026-07-30 11:42:23,realsense,24.71%,177.8MiB / 30.66GiB,0.57%,0B / 0B,107MB / 3.34MB,33
2026-07-30 11:42:23,nav2,11.98%,228.4MiB / 30.66GiB,0.73%,0B / 0B,128MB / 1.19MB,92
2026-07-30 11:42:23,glim,84.95%,673.9MiB / 30.66GiB,2.15%,0B / 0B,149MB / 11.7MB,37
2026-07-30 11:42:26,foxglove,17.04%,599.4MiB / 30.66GiB,1.91%,0B / 0B,203MB / 3.51MB,28
2026-07-30 11:42:26,docker-recorder-run-de836728b142,0.00%,22.88MiB / 30.66GiB,0.07%,0B / 0B,42.7MB / 9.68MB,1
2026-07-30 11:42:26,openzen,3.75%,88.35MiB / 30.66GiB,0.28%,0B / 0B,81.6MB / 2.17MB,20
2026-07-30 11:42:26,ouster,7.93%,248.6MiB / 30.66GiB,0.79%,0B / 0B,184MB / 2.93MB,30
2026-07-30 11:42:26,scovox,67.40%,369MiB / 30.66GiB,1.18%,0B / 0B,78.3MB / 6.86MB,53
2026-07-30 11:42:26,mapir-ffmpeg,29.32%,336.7MiB / 30.66GiB,1.07%,0B / 0B,200MB / 1.71MB,33
2026-07-30 11:42:26,trav_ros2,112.39%,486.1MiB / 30.66GiB,1.55%,0B / 0B,125MB / 2.44MB,44
2026-07-30 11:42:26,realsense,27.33%,178.6MiB / 30.66GiB,0.57%,0B / 0B,107MB / 3.34MB,33
2026-07-30 11:42:26,nav2,13.90%,228.6MiB / 30.66GiB,0.73%,0B / 0B,128MB / 1.19MB,92
2026-07-30 11:42:26,glim,67.16%,674.5MiB / 30.66GiB,2.15%,0B / 0B,149MB / 11.7MB,37
2026-07-30 11:42:29,foxglove,15.59%,633.3MiB / 30.66GiB,2.02%,0B / 0B,203MB / 3.51MB,28
2026-07-30 11:42:29,docker-recorder-run-de836728b142,0.00%,22.88MiB / 30.66GiB,0.07%,0B / 0B,42.7MB / 9.68MB,1
2026-07-30 11:42:29,openzen,3.96%,88.35MiB / 30.66GiB,0.28%,0B / 0B,81.6MB / 2.17MB,20
2026-07-30 11:42:29,ouster,7.67%,248.6MiB / 30.66GiB,0.79%,0B / 0B,184MB / 2.93MB,30
2026-07-30 11:42:29,scovox,86.61%,326.7MiB / 30.66GiB,1.04%,0B / 0B,78.3MB / 6.86MB,53
2026-07-30 11:42:29,mapir-ffmpeg,32.65%,336.5MiB / 30.66GiB,1.07%,0B / 0B,200MB / 1.71MB,33
2026-07-30 11:42:29,trav_ros2,111.75%,478.6MiB / 30.66GiB,1.52%,0B / 0B,125MB / 2.44MB,44
2026-07-30 11:42:29,realsense,17.94%,177.8MiB / 30.66GiB,0.57%,0B / 0B,107MB / 3.34MB,33
2026-07-30 11:42:29,nav2,13.44%,229.1MiB / 30.66GiB,0.73%,0B / 0B,128MB / 1.19MB,92
2026-07-30 11:42:29,glim,67.68%,674.2MiB / 30.66GiB,2.15%,0B / 0B,149MB / 11.7MB,37
2026-07-30 11:42:32,foxglove,19.67%,633.2MiB / 30.66GiB,2.02%,0B / 0B,203MB / 3.51MB,28
2026-07-30 11:42:32,docker-recorder-run-de836728b142,0.00%,22.88MiB / 30.66GiB,0.07%,0B / 0B,42.7MB / 9.68MB,1
2026-07-30 11:42:32,openzen,3.75%,88.35MiB / 30.66GiB,0.28%,0B / 0B,81.6MB / 2.17MB,20
2026-07-30 11:42:32,ouster,8.37%,248.4MiB / 30.66GiB,0.79%,0B / 0B,184MB / 2.93MB,30
2026-07-30 11:42:32,scovox,74.73%,370.8MiB / 30.66GiB,1.18%,0B / 0B,78.3MB / 6.86MB,53
2026-07-30 11:42:32,mapir-ffmpeg,28.95%,336.5MiB / 30.66GiB,1.07%,0B / 0B,200MB / 1.71MB,33
2026-07-30 11:42:32,trav_ros2,117.13%,481.3MiB / 30.66GiB,1.53%,0B / 0B,125MB / 2.44MB,44
2026-07-30 11:42:32,realsense,29.03%,178MiB / 30.66GiB,0.57%,0B / 0B,107MB / 3.34MB,33
2026-07-30 11:42:32,nav2,12.54%,227.9MiB / 30.66GiB,0.73%,0B / 0B,128MB / 1.19MB,92
2026-07-30 11:42:32,glim,71.21%,674.3MiB / 30.66GiB,2.15%,0B / 0B,149MB / 11.7MB,37
2026-07-30 11:42:35,foxglove,14.49%,631.5MiB / 30.66GiB,2.01%,0B / 0B,203MB / 3.51MB,28
2026-07-30 11:42:35,docker-recorder-run-de836728b142,0.00%,22.88MiB / 30.66GiB,0.07%,0B / 0B,42.7MB / 9.68MB,1
2026-07-30 11:42:35,openzen,3.62%,88.35MiB / 30.66GiB,0.28%,0B / 0B,81.6MB / 2.17MB,20
2026-07-30 11:42:35,ouster,7.72%,248.5MiB / 30.66GiB,0.79%,0B / 0B,184MB / 2.93MB,30
2026-07-30 11:42:35,scovox,78.48%,351.1MiB / 30.66GiB,1.12%,0B / 0B,78.3MB / 6.95MB,53
2026-07-30 11:42:35,mapir-ffmpeg,42.08%,336.7MiB / 30.66GiB,1.07%,0B / 0B,200MB / 1.71MB,33
2026-07-30 11:42:35,trav_ros2,112.05%,485.6MiB / 30.66GiB,1.55%,0B / 0B,125MB / 2.46MB,44
2026-07-30 11:42:35,realsense,18.05%,177.5MiB / 30.66GiB,0.57%,0B / 0B,107MB / 3.34MB,33
2026-07-30 11:42:35,nav2,12.46%,228.1MiB / 30.66GiB,0.73%,0B / 0B,128MB / 1.19MB,92
2026-07-30 11:42:35,glim,85.57%,675.1MiB / 30.66GiB,2.15%,0B / 0B,149MB / 11.7MB,37
2026-07-30 11:42:38,foxglove,13.87%,631.8MiB / 30.66GiB,2.01%,0B / 0B,203MB / 3.51MB,28
2026-07-30 11:42:38,docker-recorder-run-de836728b142,0.00%,22.88MiB / 30.66GiB,0.07%,0B / 0B,42.7MB / 9.68MB,1
2026-07-30 11:42:38,openzen,3.92%,88.6MiB / 30.66GiB,0.28%,0B / 0B,81.6MB / 2.17MB,20
2026-07-30 11:42:38,ouster,18.38%,248.3MiB / 30.66GiB,0.79%,0B / 0B,184MB / 2.93MB,30
2026-07-30 11:42:38,scovox,76.70%,370.9MiB / 30.66GiB,1.18%,0B / 0B,78.3MB / 6.95MB,53
2026-07-30 11:42:38,mapir-ffmpeg,28.16%,337MiB / 30.66GiB,1.07%,0B / 0B,200MB / 1.71MB,33
2026-07-30 11:42:38,trav_ros2,111.91%,481.8MiB / 30.66GiB,1.53%,0B / 0B,125MB / 2.46MB,44
2026-07-30 11:42:38,realsense,23.03%,177.5MiB / 30.66GiB,0.57%,0B / 0B,107MB / 3.34MB,33
2026-07-30 11:42:38,nav2,12.83%,227.6MiB / 30.66GiB,0.72%,0B / 0B,128MB / 1.19MB,92
2026-07-30 11:42:38,glim,67.40%,675.9MiB / 30.66GiB,2.15%,0B / 0B,149MB / 11.7MB,37
2026-07-30 11:42:41,foxglove,29.58%,631.5MiB / 30.66GiB,2.01%,0B / 0B,203MB / 3.51MB,28
2026-07-30 11:42:41,docker-recorder-run-de836728b142,0.00%,22.88MiB / 30.66GiB,0.07%,0B / 0B,42.7MB / 9.68MB,1
2026-07-30 11:42:41,openzen,4.34%,88.35MiB / 30.66GiB,0.28%,0B / 0B,81.6MB / 2.17MB,20
2026-07-30 11:42:41,ouster,7.80%,249.3MiB / 30.66GiB,0.79%,0B / 0B,184MB / 2.93MB,30
2026-07-30 11:42:41,scovox,72.77%,353.3MiB / 30.66GiB,1.13%,0B / 0B,78.3MB / 6.95MB,53
2026-07-30 11:42:41,mapir-ffmpeg,29.34%,337.2MiB / 30.66GiB,1.07%,0B / 0B,200MB / 1.72MB,33
2026-07-30 11:42:41,trav_ros2,110.29%,481.5MiB / 30.66GiB,1.53%,0B / 0B,125MB / 2.46MB,44
2026-07-30 11:42:41,realsense,17.98%,177.8MiB / 30.66GiB,0.57%,0B / 0B,107MB / 3.34MB,33
2026-07-30 11:42:41,nav2,13.67%,228.6MiB / 30.66GiB,0.73%,0B / 0B,128MB / 1.19MB,92
2026-07-30 11:42:41,glim,78.65%,675.8MiB / 30.66GiB,2.15%,0B / 0B,149MB / 11.7MB,37
2026-07-30 11:42:44,foxglove,25.80%,631.1MiB / 30.66GiB,2.01%,0B / 0B,203MB / 3.51MB,28
2026-07-30 11:42:44,docker-recorder-run-de836728b142,0.00%,22.88MiB / 30.66GiB,0.07%,0B / 0B,42.7MB / 9.68MB,1
2026-07-30 11:42:44,openzen,3.48%,88.35MiB / 30.66GiB,0.28%,0B / 0B,81.6MB / 2.17MB,20
2026-07-30 11:42:44,ouster,7.41%,248.4MiB / 30.66GiB,0.79%,0B / 0B,184MB / 2.93MB,30
2026-07-30 11:42:44,scovox,71.30%,355.3MiB / 30.66GiB,1.13%,0B / 0B,78.3MB / 6.95MB,53
2026-07-30 11:42:44,mapir-ffmpeg,28.14%,336.5MiB / 30.66GiB,1.07%,0B / 0B,200MB / 1.72MB,33
2026-07-30 11:42:44,trav_ros2,109.52%,486.3MiB / 30.66GiB,1.55%,0B / 0B,125MB / 2.46MB,44
2026-07-30 11:42:44,realsense,33.43%,178MiB / 30.66GiB,0.57%,0B / 0B,107MB / 3.34MB,33
2026-07-30 11:42:44,nav2,12.62%,227.9MiB / 30.66GiB,0.73%,0B / 0B,128MB / 1.19MB,92
2026-07-30 11:42:44,glim,73.24%,677.2MiB / 30.66GiB,2.16%,0B / 0B,149MB / 11.7MB,37
2026-07-30 11:42:47,foxglove,16.06%,631.5MiB / 30.66GiB,2.01%,0B / 0B,203MB / 3.51MB,28
2026-07-30 11:42:47,docker-recorder-run-de836728b142,0.00%,22.88MiB / 30.66GiB,0.07%,0B / 0B,42.7MB / 9.68MB,1
2026-07-30 11:42:47,openzen,3.91%,88.6MiB / 30.66GiB,0.28%,0B / 0B,81.6MB / 2.17MB,20
2026-07-30 11:42:47,ouster,7.36%,249.1MiB / 30.66GiB,0.79%,0B / 0B,184MB / 2.93MB,30
2026-07-30 11:42:47,scovox,64.88%,357.9MiB / 30.66GiB,1.14%,0B / 0B,78.3MB / 6.96MB,53
2026-07-30 11:42:47,mapir-ffmpeg,30.88%,337MiB / 30.66GiB,1.07%,0B / 0B,200MB / 1.72MB,33
2026-07-30 11:42:47,trav_ros2,111.57%,488.2MiB / 30.66GiB,1.55%,0B / 0B,125MB / 2.46MB,44
2026-07-30 11:42:47,realsense,18.33%,177.5MiB / 30.66GiB,0.57%,0B / 0B,107MB / 3.34MB,33
2026-07-30 11:42:47,nav2,12.17%,228.1MiB / 30.66GiB,0.73%,0B / 0B,128MB / 1.19MB,92
2026-07-30 11:42:47,glim,69.99%,676.3MiB / 30.66GiB,2.15%,0B / 0B,149MB / 11.7MB,37
2026-07-30 11:42:50,foxglove,26.10%,631.2MiB / 30.66GiB,2.01%,0B / 0B,203MB / 3.51MB,28
2026-07-30 11:42:50,docker-recorder-run-de836728b142,0.00%,22.88MiB / 30.66GiB,0.07%,0B / 0B,42.7MB / 9.68MB,1
2026-07-30 11:42:50,openzen,3.89%,88.36MiB / 30.66GiB,0.28%,0B / 0B,81.6MB / 2.17MB,20
2026-07-30 11:42:50,ouster,20.39%,248.8MiB / 30.66GiB,0.79%,0B / 0B,184MB / 2.93MB,30
2026-07-30 11:42:50,scovox,88.80%,326.5MiB / 30.66GiB,1.04%,0B / 0B,78.3MB / 6.96MB,53
2026-07-30 11:42:50,mapir-ffmpeg,29.79%,336.5MiB / 30.66GiB,1.07%,0B / 0B,200MB / 1.72MB,33
2026-07-30 11:42:50,trav_ros2,112.35%,487.1MiB / 30.66GiB,1.55%,0B / 0B,125MB / 2.46MB,44
2026-07-30 11:42:50,realsense,37.17%,178MiB / 30.66GiB,0.57%,0B / 0B,107MB / 3.34MB,33
2026-07-30 11:42:50,nav2,13.16%,228.4MiB / 30.66GiB,0.73%,0B / 0B,128MB / 1.19MB,92
2026-07-30 11:42:50,glim,70.08%,676.3MiB / 30.66GiB,2.15%,0B / 0B,149MB / 11.7MB,37
2026-07-30 11:42:53,foxglove,13.30%,631.3MiB / 30.66GiB,2.01%,0B / 0B,203MB / 3.51MB,28
2026-07-30 11:42:53,docker-recorder-run-de836728b142,0.00%,22.88MiB / 30.66GiB,0.07%,0B / 0B,42.7MB / 9.68MB,1
2026-07-30 11:42:53,openzen,4.03%,88.61MiB / 30.66GiB,0.28%,0B / 0B,81.6MB / 2.17MB,20
2026-07-30 11:42:53,ouster,24.04%,249MiB / 30.66GiB,0.79%,0B / 0B,184MB / 2.93MB,30
2026-07-30 11:42:53,scovox,67.76%,359.6MiB / 30.66GiB,1.15%,0B / 0B,78.3MB / 6.96MB,53
2026-07-30 11:42:53,mapir-ffmpeg,28.65%,337.2MiB / 30.66GiB,1.07%,0B / 0B,200MB / 1.72MB,33
2026-07-30 11:42:53,trav_ros2,120.15%,490.6MiB / 30.66GiB,1.56%,0B / 0B,125MB / 2.46MB,44
2026-07-30 11:42:53,realsense,40.19%,177.8MiB / 30.66GiB,0.57%,0B / 0B,107MB / 3.34MB,33
2026-07-30 11:42:53,nav2,13.94%,228.4MiB / 30.66GiB,0.73%,0B / 0B,128MB / 1.19MB,92
2026-07-30 11:42:53,glim,74.38%,677.4MiB / 30.66GiB,2.16%,0B / 0B,149MB / 11.7MB,37
2026-07-30 11:42:56,foxglove,16.84%,631.7MiB / 30.66GiB,2.01%,0B / 0B,203MB / 3.51MB,28
2026-07-30 11:42:56,docker-recorder-run-de836728b142,0.00%,22.88MiB / 30.66GiB,0.07%,0B / 0B,42.7MB / 9.68MB,1
2026-07-30 11:42:56,openzen,3.40%,88.35MiB / 30.66GiB,0.28%,0B / 0B,81.6MB / 2.17MB,20
2026-07-30 11:42:56,ouster,9.97%,248.4MiB / 30.66GiB,0.79%,0B / 0B,184MB / 2.93MB,30
2026-07-30 11:42:56,scovox,85.16%,326.8MiB / 30.66GiB,1.04%,0B / 0B,78.3MB / 6.96MB,53
2026-07-30 11:42:56,mapir-ffmpeg,30.01%,337MiB / 30.66GiB,1.07%,0B / 0B,200MB / 1.72MB,33
2026-07-30 11:42:56,trav_ros2,112.81%,488.1MiB / 30.66GiB,1.55%,0B / 0B,125MB / 2.46MB,44
2026-07-30 11:42:56,realsense,38.93%,177.8MiB / 30.66GiB,0.57%,0B / 0B,107MB / 3.34MB,33
2026-07-30 11:42:56,nav2,13.68%,228.6MiB / 30.66GiB,0.73%,0B / 0B,128MB / 1.19MB,92
2026-07-30 11:42:56,glim,72.76%,677.2MiB / 30.66GiB,2.16%,0B / 0B,149MB / 11.7MB,37
2026-07-30 11:42:59,foxglove,14.60%,599.7MiB / 30.66GiB,1.91%,0B / 0B,203MB / 3.51MB,28
2026-07-30 11:42:59,docker-recorder-run-de836728b142,0.00%,22.88MiB / 30.66GiB,0.07%,0B / 0B,42.7MB / 9.68MB,1
2026-07-30 11:42:59,openzen,3.55%,88.35MiB / 30.66GiB,0.28%,0B / 0B,81.6MB / 2.17MB,20
2026-07-30 11:42:59,ouster,9.50%,249.1MiB / 30.66GiB,0.79%,0B / 0B,184MB / 2.93MB,30
2026-07-30 11:42:59,scovox,62.62%,364.6MiB / 30.66GiB,1.16%,0B / 0B,78.3MB / 6.96MB,53
2026-07-30 11:42:59,mapir-ffmpeg,29.00%,336.7MiB / 30.66GiB,1.07%,0B / 0B,200MB / 1.72MB,33
2026-07-30 11:42:59,trav_ros2,114.74%,482.1MiB / 30.66GiB,1.54%,0B / 0B,125MB / 2.46MB,44
2026-07-30 11:42:59,realsense,32.46%,177.5MiB / 30.66GiB,0.57%,0B / 0B,107MB / 3.34MB,33
2026-07-30 11:42:59,nav2,12.58%,228.1MiB / 30.66GiB,0.73%,0B / 0B,128MB / 1.19MB,92
2026-07-30 11:42:59,glim,75.56%,678MiB / 30.66GiB,2.16%,0B / 0B,149MB / 11.7MB,37
2026-07-30 11:43:02,foxglove,15.63%,631.2MiB / 30.66GiB,2.01%,0B / 0B,203MB / 3.51MB,28
2026-07-30 11:43:02,docker-recorder-run-de836728b142,0.00%,22.88MiB / 30.66GiB,0.07%,0B / 0B,42.7MB / 9.68MB,1
2026-07-30 11:43:02,openzen,4.44%,88.35MiB / 30.66GiB,0.28%,0B / 0B,81.6MB / 2.17MB,20
2026-07-30 11:43:02,ouster,9.83%,248.9MiB / 30.66GiB,0.79%,0B / 0B,184MB / 2.93MB,30
2026-07-30 11:43:02,scovox,87.97%,326.9MiB / 30.66GiB,1.04%,0B / 0B,78.3MB / 6.96MB,53
2026-07-30 11:43:02,mapir-ffmpeg,29.05%,336.9MiB / 30.66GiB,1.07%,0B / 0B,200MB / 1.72MB,33
2026-07-30 11:43:02,trav_ros2,111.66%,488.9MiB / 30.66GiB,1.56%,0B / 0B,125MB / 2.46MB,44
2026-07-30 11:43:02,realsense,17.98%,177.8MiB / 30.66GiB,0.57%,0B / 0B,107MB / 3.34MB,33
2026-07-30 11:43:02,nav2,12.60%,228.6MiB / 30.66GiB,0.73%,0B / 0B,128MB / 1.19MB,92
2026-07-30 11:43:02,glim,68.89%,677.9MiB / 30.66GiB,2.16%,0B / 0B,149MB / 11.7MB,37
2026-07-30 11:43:06,foxglove,12.16%,600.7MiB / 30.66GiB,1.91%,0B / 0B,203MB / 3.51MB,28
2026-07-30 11:43:06,docker-recorder-run-de836728b142,0.00%,22.88MiB / 30.66GiB,0.07%,0B / 0B,42.7MB / 9.68MB,1
2026-07-30 11:43:06,openzen,4.14%,88.35MiB / 30.66GiB,0.28%,0B / 0B,81.6MB / 2.17MB,20
2026-07-30 11:43:06,ouster,10.30%,248.2MiB / 30.66GiB,0.79%,0B / 0B,184MB / 2.93MB,30
2026-07-30 11:43:06,scovox,67.64%,370.2MiB / 30.66GiB,1.18%,0B / 0B,78.3MB / 7.04MB,53
2026-07-30 11:43:06,mapir-ffmpeg,28.40%,336.7MiB / 30.66GiB,1.07%,0B / 0B,200MB / 1.72MB,33
2026-07-30 11:43:06,trav_ros2,113.68%,487.5MiB / 30.66GiB,1.55%,0B / 0B,125MB / 2.48MB,44
2026-07-30 11:43:06,realsense,18.69%,177.8MiB / 30.66GiB,0.57%,0B / 0B,107MB / 3.34MB,33
2026-07-30 11:43:06,nav2,12.87%,228.1MiB / 30.66GiB,0.73%,0B / 0B,128MB / 1.19MB,92
2026-07-30 11:43:06,glim,77.27%,678.2MiB / 30.66GiB,2.16%,0B / 0B,149MB / 11.7MB,37
2026-07-30 11:43:09,foxglove,20.32%,633.9MiB / 30.66GiB,2.02%,0B / 0B,203MB / 3.51MB,28
2026-07-30 11:43:09,docker-recorder-run-de836728b142,0.00%,22.88MiB / 30.66GiB,0.07%,0B / 0B,42.7MB / 9.68MB,1
2026-07-30 11:43:09,openzen,4.02%,88.35MiB / 30.66GiB,0.28%,0B / 0B,81.6MB / 2.17MB,20
2026-07-30 11:43:09,ouster,10.36%,248.8MiB / 30.66GiB,0.79%,0B / 0B,184MB / 2.93MB,30
2026-07-30 11:43:09,scovox,91.44%,327MiB / 30.66GiB,1.04%,0B / 0B,78.3MB / 7.04MB,53
2026-07-30 11:43:09,mapir-ffmpeg,29.56%,336.5MiB / 30.66GiB,1.07%,0B / 0B,200MB / 1.72MB,33
2026-07-30 11:43:09,trav_ros2,112.18%,488.3MiB / 30.66GiB,1.56%,0B / 0B,125MB / 2.48MB,44
2026-07-30 11:43:09,realsense,34.43%,178MiB / 30.66GiB,0.57%,0B / 0B,107MB / 3.34MB,33
2026-07-30 11:43:09,nav2,13.23%,228.6MiB / 30.66GiB,0.73%,0B / 0B,128MB / 1.19MB,92
2026-07-30 11:43:09,glim,71.79%,679.1MiB / 30.66GiB,2.16%,0B / 0B,149MB / 11.7MB,37
2026-07-30 11:43:12,foxglove,13.81%,632.3MiB / 30.66GiB,2.01%,0B / 0B,203MB / 3.51MB,28
2026-07-30 11:43:12,docker-recorder-run-de836728b142,0.00%,22.88MiB / 30.66GiB,0.07%,0B / 0B,42.7MB / 9.68MB,1
2026-07-30 11:43:12,openzen,4.03%,88.35MiB / 30.66GiB,0.28%,0B / 0B,81.6MB / 2.17MB,20
2026-07-30 11:43:12,ouster,7.62%,248.8MiB / 30.66GiB,0.79%,0B / 0B,184MB / 2.93MB,30
2026-07-30 11:43:12,scovox,83.67%,327.5MiB / 30.66GiB,1.04%,0B / 0B,78.3MB / 7.04MB,53
2026-07-30 11:43:12,mapir-ffmpeg,41.02%,336.5MiB / 30.66GiB,1.07%,0B / 0B,200MB / 1.72MB,33
2026-07-30 11:43:12,trav_ros2,114.73%,491.8MiB / 30.66GiB,1.57%,0B / 0B,125MB / 2.48MB,44
2026-07-30 11:43:12,realsense,24.28%,177.5MiB / 30.66GiB,0.57%,0B / 0B,107MB / 3.34MB,33
2026-07-30 11:43:12,nav2,13.26%,227.6MiB / 30.66GiB,0.72%,0B / 0B,128MB / 1.19MB,92
2026-07-30 11:43:12,glim,73.41%,679.1MiB / 30.66GiB,2.16%,0B / 0B,149MB / 11.7MB,37
2026-07-30 11:43:15,foxglove,15.35%,631.8MiB / 30.66GiB,2.01%,0B / 0B,203MB / 3.51MB,28
2026-07-30 11:43:15,docker-recorder-run-de836728b142,0.00%,22.88MiB / 30.66GiB,0.07%,0B / 0B,42.7MB / 9.68MB,1
2026-07-30 11:43:15,openzen,4.19%,88.35MiB / 30.66GiB,0.28%,0B / 0B,81.6MB / 2.17MB,20
2026-07-30 11:43:15,ouster,7.11%,248.2MiB / 30.66GiB,0.79%,0B / 0B,184MB / 2.93MB,30
2026-07-30 11:43:15,scovox,70.40%,369.7MiB / 30.66GiB,1.18%,0B / 0B,78.3MB / 7.04MB,53
2026-07-30 11:43:15,mapir-ffmpeg,29.24%,336.5MiB / 30.66GiB,1.07%,0B / 0B,200MB / 1.74MB,33
2026-07-30 11:43:15,trav_ros2,122.92%,533.7MiB / 30.66GiB,1.70%,0B / 0B,125MB / 2.48MB,44
2026-07-30 11:43:15,realsense,20.07%,177.5MiB / 30.66GiB,0.57%,0B / 0B,107MB / 3.34MB,33
2026-07-30 11:43:15,nav2,12.99%,228.4MiB / 30.66GiB,0.73%,0B / 0B,128MB / 1.19MB,92
2026-07-30 11:43:15,glim,69.65%,680MiB / 30.66GiB,2.17%,0B / 0B,149MB / 11.7MB,37
2026-07-30 11:43:18,foxglove,14.24%,631.9MiB / 30.66GiB,2.01%,0B / 0B,203MB / 3.51MB,28
2026-07-30 11:43:18,docker-recorder-run-de836728b142,0.00%,22.88MiB / 30.66GiB,0.07%,0B / 0B,42.7MB / 9.68MB,1
2026-07-30 11:43:18,openzen,3.29%,88.35MiB / 30.66GiB,0.28%,0B / 0B,81.6MB / 2.17MB,20
2026-07-30 11:43:18,ouster,7.89%,248.5MiB / 30.66GiB,0.79%,0B / 0B,184MB / 2.93MB,30
2026-07-30 11:43:18,scovox,74.61%,369.3MiB / 30.66GiB,1.18%,0B / 0B,78.3MB / 7.04MB,53
2026-07-30 11:43:18,mapir-ffmpeg,28.55%,336.7MiB / 30.66GiB,1.07%,0B / 0B,200MB / 1.74MB,33
2026-07-30 11:43:18,trav_ros2,111.65%,487.8MiB / 30.66GiB,1.55%,0B / 0B,125MB / 2.48MB,44
2026-07-30 11:43:18,realsense,32.33%,177.5MiB / 30.66GiB,0.57%,0B / 0B,107MB / 3.34MB,33
2026-07-30 11:43:18,nav2,12.57%,227.6MiB / 30.66GiB,0.72%,0B / 0B,128MB / 1.19MB,92
2026-07-30 11:43:18,glim,88.87%,680MiB / 30.66GiB,2.17%,0B / 0B,149MB / 11.7MB,37
2026-07-30 11:43:21,foxglove,13.11%,631.4MiB / 30.66GiB,2.01%,0B / 0B,203MB / 3.51MB,28
2026-07-30 11:43:21,docker-recorder-run-de836728b142,0.00%,22.88MiB / 30.66GiB,0.07%,0B / 0B,42.7MB / 9.68MB,1
2026-07-30 11:43:21,openzen,4.94%,88.35MiB / 30.66GiB,0.28%,0B / 0B,81.6MB / 2.17MB,20
2026-07-30 11:43:21,ouster,7.96%,248.4MiB / 30.66GiB,0.79%,0B / 0B,184MB / 2.93MB,30
2026-07-30 11:43:21,scovox,77.31%,352.1MiB / 30.66GiB,1.12%,0B / 0B,78.3MB / 7.05MB,53
2026-07-30 11:43:21,mapir-ffmpeg,43.17%,337.2MiB / 30.66GiB,1.07%,0B / 0B,200MB / 1.74MB,33
2026-07-30 11:43:21,trav_ros2,113.08%,488.5MiB / 30.66GiB,1.56%,0B / 0B,125MB / 2.48MB,44
2026-07-30 11:43:21,realsense,18.75%,177.5MiB / 30.66GiB,0.57%,0B / 0B,107MB / 3.34MB,33
2026-07-30 11:43:21,nav2,14.65%,228.9MiB / 30.66GiB,0.73%,0B / 0B,128MB / 1.19MB,92
2026-07-30 11:43:21,glim,72.58%,679.5MiB / 30.66GiB,2.16%,0B / 0B,149MB / 11.7MB,37
2026-07-30 11:43:24,foxglove,14.71%,631.1MiB / 30.66GiB,2.01%,0B / 0B,203MB / 3.51MB,28
2026-07-30 11:43:24,docker-recorder-run-de836728b142,0.00%,22.88MiB / 30.66GiB,0.07%,0B / 0B,42.7MB / 9.68MB,1
2026-07-30 11:43:24,openzen,4.67%,88.35MiB / 30.66GiB,0.28%,0B / 0B,81.6MB / 2.17MB,20
2026-07-30 11:43:24,ouster,24.06%,248.7MiB / 30.66GiB,0.79%,0B / 0B,184MB / 2.93MB,30
2026-07-30 11:43:24,scovox,76.85%,326.6MiB / 30.66GiB,1.04%,0B / 0B,78.3MB / 7.05MB,53
2026-07-30 11:43:24,mapir-ffmpeg,28.80%,336.7MiB / 30.66GiB,1.07%,0B / 0B,200MB / 1.74MB,33
2026-07-30 11:43:24,trav_ros2,114.62%,488.1MiB / 30.66GiB,1.55%,0B / 0B,125MB / 2.48MB,44
2026-07-30 11:43:24,realsense,18.31%,177.5MiB / 30.66GiB,0.57%,0B / 0B,107MB / 3.34MB,33
2026-07-30 11:43:24,nav2,13.57%,228.4MiB / 30.66GiB,0.73%,0B / 0B,128MB / 1.19MB,92
2026-07-30 11:43:24,glim,68.28%,680.3MiB / 30.66GiB,2.17%,0B / 0B,149MB / 11.7MB,37
2026-07-30 11:43:27,foxglove,12.31%,631.7MiB / 30.66GiB,2.01%,0B / 0B,203MB / 3.51MB,28
2026-07-30 11:43:27,docker-recorder-run-de836728b142,0.00%,22.88MiB / 30.66GiB,0.07%,0B / 0B,42.7MB / 9.68MB,1
2026-07-30 11:43:27,openzen,4.22%,88.6MiB / 30.66GiB,0.28%,0B / 0B,81.6MB / 2.17MB,20
2026-07-30 11:43:27,ouster,9.78%,248.4MiB / 30.66GiB,0.79%,0B / 0B,184MB / 2.93MB,30
2026-07-30 11:43:27,scovox,70.00%,354MiB / 30.66GiB,1.13%,0B / 0B,78.3MB / 7.05MB,53
2026-07-30 11:43:27,mapir-ffmpeg,44.66%,337MiB / 30.66GiB,1.07%,0B / 0B,200MB / 1.74MB,33
2026-07-30 11:43:27,trav_ros2,112.29%,484MiB / 30.66GiB,1.54%,0B / 0B,125MB / 2.48MB,44
2026-07-30 11:43:27,realsense,40.33%,177.5MiB / 30.66GiB,0.57%,0B / 0B,107MB / 3.34MB,33
2026-07-30 11:43:27,nav2,12.93%,228.4MiB / 30.66GiB,0.73%,0B / 0B,128MB / 1.19MB,92
2026-07-30 11:43:27,glim,64.41%,681.1MiB / 30.66GiB,2.17%,0B / 0B,149MB / 11.7MB,37
2026-07-30 11:43:30,foxglove,13.44%,631.8MiB / 30.66GiB,2.01%,0B / 0B,203MB / 3.51MB,28
2026-07-30 11:43:30,docker-recorder-run-de836728b142,0.00%,22.88MiB / 30.66GiB,0.07%,0B / 0B,42.7MB / 9.68MB,1
2026-07-30 11:43:30,openzen,3.72%,88.35MiB / 30.66GiB,0.28%,0B / 0B,81.6MB / 2.17MB,20
2026-07-30 11:43:30,ouster,10.65%,248.7MiB / 30.66GiB,0.79%,0B / 0B,184MB / 2.93MB,30
2026-07-30 11:43:30,scovox,84.67%,326.6MiB / 30.66GiB,1.04%,0B / 0B,78.3MB / 7.05MB,53
2026-07-30 11:43:30,mapir-ffmpeg,44.13%,336.5MiB / 30.66GiB,1.07%,0B / 0B,200MB / 1.74MB,33
2026-07-30 11:43:30,trav_ros2,123.15%,488.5MiB / 30.66GiB,1.56%,0B / 0B,125MB / 2.48MB,44
2026-07-30 11:43:30,realsense,38.94%,177.6MiB / 30.66GiB,0.57%,0B / 0B,107MB / 3.34MB,33
2026-07-30 11:43:30,nav2,13.20%,228.1MiB / 30.66GiB,0.73%,0B / 0B,128MB / 1.19MB,92
2026-07-30 11:43:30,glim,73.85%,681MiB / 30.66GiB,2.17%,0B / 0B,149MB / 11.7MB,37
2026-07-30 11:43:33,foxglove,17.99%,632.1MiB / 30.66GiB,2.01%,0B / 0B,203MB / 3.51MB,28
2026-07-30 11:43:33,docker-recorder-run-de836728b142,0.00%,22.88MiB / 30.66GiB,0.07%,0B / 0B,42.7MB / 9.68MB,1
2026-07-30 11:43:33,openzen,3.91%,88.6MiB / 30.66GiB,0.28%,0B / 0B,81.6MB / 2.17MB,20
2026-07-30 11:43:33,ouster,10.62%,248.3MiB / 30.66GiB,0.79%,0B / 0B,184MB / 2.93MB,30
2026-07-30 11:43:33,scovox,65.89%,358.7MiB / 30.66GiB,1.14%,0B / 0B,78.3MB / 7.05MB,53
2026-07-30 11:43:33,mapir-ffmpeg,28.88%,336.5MiB / 30.66GiB,1.07%,0B / 0B,200MB / 1.74MB,33
2026-07-30 11:43:33,trav_ros2,113.03%,488.2MiB / 30.66GiB,1.55%,0B / 0B,125MB / 2.48MB,44
2026-07-30 11:43:33,realsense,18.88%,177.5MiB / 30.66GiB,0.57%,0B / 0B,107MB / 3.34MB,33
2026-07-30 11:43:33,nav2,12.54%,228.6MiB / 30.66GiB,0.73%,0B / 0B,128MB / 1.19MB,92
2026-07-30 11:43:33,glim,69.63%,681.1MiB / 30.66GiB,2.17%,0B / 0B,149MB / 11.7MB,37
2026-07-30 11:43:36,foxglove,15.29%,631.5MiB / 30.66GiB,2.01%,0B / 0B,203MB / 3.51MB,28
2026-07-30 11:43:36,docker-recorder-run-de836728b142,0.00%,22.88MiB / 30.66GiB,0.07%,0B / 0B,42.7MB / 9.68MB,1
2026-07-30 11:43:36,openzen,4.00%,89.34MiB / 30.66GiB,0.28%,0B / 0B,81.6MB / 2.17MB,20
2026-07-30 11:43:36,ouster,10.59%,248.1MiB / 30.66GiB,0.79%,0B / 0B,184MB / 2.93MB,30
2026-07-30 11:43:36,scovox,83.73%,326.7MiB / 30.66GiB,1.04%,0B / 0B,78.3MB / 7.14MB,53
2026-07-30 11:43:36,mapir-ffmpeg,30.75%,336.7MiB / 30.66GiB,1.07%,0B / 0B,200MB / 1.74MB,33
2026-07-30 11:43:36,trav_ros2,113.31%,486.9MiB / 30.66GiB,1.55%,0B / 0B,125MB / 2.5MB,44
2026-07-30 11:43:36,realsense,38.79%,177.5MiB / 30.66GiB,0.57%,0B / 0B,107MB / 3.34MB,33
2026-07-30 11:43:36,nav2,12.89%,228.9MiB / 30.66GiB,0.73%,0B / 0B,128MB / 1.19MB,92
2026-07-30 11:43:36,glim,69.63%,681.7MiB / 30.66GiB,2.17%,0B / 0B,149MB / 11.7MB,37
2026-07-30 11:43:39,foxglove,19.22%,631.5MiB / 30.66GiB,2.01%,0B / 0B,203MB / 3.51MB,28
2026-07-30 11:43:39,docker-recorder-run-de836728b142,0.00%,22.88MiB / 30.66GiB,0.07%,0B / 0B,42.7MB / 9.68MB,1
2026-07-30 11:43:39,openzen,3.80%,88.35MiB / 30.66GiB,0.28%,0B / 0B,81.6MB / 2.17MB,20
2026-07-30 11:43:39,ouster,9.02%,249.1MiB / 30.66GiB,0.79%,0B / 0B,184MB / 2.93MB,30
2026-07-30 11:43:39,scovox,62.96%,361.2MiB / 30.66GiB,1.15%,0B / 0B,78.3MB / 7.14MB,53
2026-07-30 11:43:39,mapir-ffmpeg,30.27%,336.5MiB / 30.66GiB,1.07%,0B / 0B,200MB / 1.74MB,33
2026-07-30 11:43:39,trav_ros2,111.69%,486.9MiB / 30.66GiB,1.55%,0B / 0B,125MB / 2.5MB,44
2026-07-30 11:43:39,realsense,29.46%,177.8MiB / 30.66GiB,0.57%,0B / 0B,107MB / 3.34MB,33
2026-07-30 11:43:39,nav2,12.40%,228.4MiB / 30.66GiB,0.73%,0B / 0B,128MB / 1.19MB,92
2026-07-30 11:43:39,glim,73.67%,682MiB / 30.66GiB,2.17%,0B / 0B,149MB / 11.7MB,37
2026-07-30 11:43:42,foxglove,21.12%,631.1MiB / 30.66GiB,2.01%,0B / 0B,203MB / 3.51MB,28
2026-07-30 11:43:42,docker-recorder-run-de836728b142,0.00%,22.88MiB / 30.66GiB,0.07%,0B / 0B,42.7MB / 9.68MB,1
2026-07-30 11:43:42,openzen,4.31%,88.6MiB / 30.66GiB,0.28%,0B / 0B,81.6MB / 2.17MB,20
2026-07-30 11:43:42,ouster,11.08%,248.4MiB / 30.66GiB,0.79%,0B / 0B,184MB / 2.93MB,30
2026-07-30 11:43:42,scovox,70.05%,362.7MiB / 30.66GiB,1.16%,0B / 0B,78.3MB / 7.14MB,53
2026-07-30 11:43:42,mapir-ffmpeg,42.42%,337.2MiB / 30.66GiB,1.07%,0B / 0B,200MB / 1.74MB,33
2026-07-30 11:43:42,trav_ros2,115.03%,487MiB / 30.66GiB,1.55%,0B / 0B,125MB / 2.5MB,44
2026-07-30 11:43:42,realsense,18.70%,177.8MiB / 30.66GiB,0.57%,0B / 0B,107MB / 3.34MB,33
2026-07-30 11:43:42,nav2,13.26%,227.8MiB / 30.66GiB,0.73%,0B / 0B,128MB / 1.19MB,92
2026-07-30 11:43:42,glim,71.86%,682.5MiB / 30.66GiB,2.17%,0B / 0B,149MB / 11.7MB,37
2026-07-30 11:43:45,foxglove,14.01%,599.5MiB / 30.66GiB,1.91%,0B / 0B,203MB / 3.51MB,28
2026-07-30 11:43:45,docker-recorder-run-de836728b142,0.00%,22.88MiB / 30.66GiB,0.07%,0B / 0B,42.7MB / 9.68MB,1
2026-07-30 11:43:45,openzen,3.98%,88.35MiB / 30.66GiB,0.28%,0B / 0B,81.6MB / 2.17MB,20
2026-07-30 11:43:45,ouster,9.99%,248.9MiB / 30.66GiB,0.79%,0B / 0B,184MB / 2.93MB,30
2026-07-30 11:43:45,scovox,66.02%,363.3MiB / 30.66GiB,1.16%,0B / 0B,78.3MB / 7.14MB,53
2026-07-30 11:43:45,mapir-ffmpeg,45.55%,336.5MiB / 30.66GiB,1.07%,0B / 0B,200MB / 1.74MB,33
2026-07-30 11:43:45,trav_ros2,113.65%,487.4MiB / 30.66GiB,1.55%,0B / 0B,125MB / 2.5MB,44
2026-07-30 11:43:45,realsense,19.35%,177.8MiB / 30.66GiB,0.57%,0B / 0B,107MB / 3.34MB,33
2026-07-30 11:43:45,nav2,13.59%,229.1MiB / 30.66GiB,0.73%,0B / 0B,128MB / 1.19MB,92
2026-07-30 11:43:45,glim,71.62%,682.7MiB / 30.66GiB,2.17%,0B / 0B,149MB / 11.7MB,37
2026-07-30 11:43:48,foxglove,25.07%,630.8MiB / 30.66GiB,2.01%,0B / 0B,203MB / 3.51MB,28
2026-07-30 11:43:48,docker-recorder-run-de836728b142,0.00%,22.88MiB / 30.66GiB,0.07%,0B / 0B,42.7MB / 9.68MB,1
2026-07-30 11:43:48,openzen,4.11%,88.35MiB / 30.66GiB,0.28%,0B / 0B,81.6MB / 2.17MB,20
2026-07-30 11:43:48,ouster,10.48%,248.7MiB / 30.66GiB,0.79%,0B / 0B,184MB / 2.93MB,30
2026-07-30 11:43:48,scovox,65.70%,365.1MiB / 30.66GiB,1.16%,0B / 0B,78.3MB / 7.14MB,53
2026-07-30 11:43:48,mapir-ffmpeg,30.34%,336.5MiB / 30.66GiB,1.07%,0B / 0B,200MB / 1.75MB,33
2026-07-30 11:43:48,trav_ros2,113.90%,482.5MiB / 30.66GiB,1.54%,0B / 0B,125MB / 2.5MB,44
2026-07-30 11:43:48,realsense,18.63%,177.8MiB / 30.66GiB,0.57%,0B / 0B,107MB / 3.34MB,33
2026-07-30 11:43:48,nav2,12.82%,227.6MiB / 30.66GiB,0.72%,0B / 0B,128MB / 1.19MB,92
2026-07-30 11:43:48,glim,72.90%,683.2MiB / 30.66GiB,2.18%,0B / 0B,149MB / 11.7MB,37
2026-07-30 11:43:52,foxglove,17.88%,599.8MiB / 30.66GiB,1.91%,0B / 0B,203MB / 3.51MB,28
2026-07-30 11:43:52,docker-recorder-run-de836728b142,0.00%,22.88MiB / 30.66GiB,0.07%,0B / 0B,42.7MB / 9.68MB,1
2026-07-30 11:43:52,openzen,3.56%,88.35MiB / 30.66GiB,0.28%,0B / 0B,81.6MB / 2.17MB,20
2026-07-30 11:43:52,ouster,7.39%,248.5MiB / 30.66GiB,0.79%,0B / 0B,184MB / 2.93MB,30
2026-07-30 11:43:52,scovox,61.65%,367.5MiB / 30.66GiB,1.17%,0B / 0B,78.3MB / 7.14MB,53
2026-07-30 11:43:52,mapir-ffmpeg,29.12%,336.5MiB / 30.66GiB,1.07%,0B / 0B,200MB / 1.75MB,33
2026-07-30 11:43:52,trav_ros2,112.90%,487.4MiB / 30.66GiB,1.55%,0B / 0B,125MB / 2.5MB,44
2026-07-30 11:43:52,realsense,18.20%,178MiB / 30.66GiB,0.57%,0B / 0B,107MB / 3.34MB,33
2026-07-30 11:43:52,nav2,12.50%,227.9MiB / 30.66GiB,0.73%,0B / 0B,128MB / 1.19MB,92
2026-07-30 11:43:52,glim,77.29%,683MiB / 30.66GiB,2.18%,0B / 0B,149MB / 11.7MB,37
2026-07-30 11:43:55,foxglove,14.63%,631.6MiB / 30.66GiB,2.01%,0B / 0B,203MB / 3.51MB,28
2026-07-30 11:43:55,docker-recorder-run-de836728b142,0.00%,22.88MiB / 30.66GiB,0.07%,0B / 0B,42.7MB / 9.68MB,1
2026-07-30 11:43:55,openzen,4.13%,88.35MiB / 30.66GiB,0.28%,0B / 0B,81.6MB / 2.17MB,20
2026-07-30 11:43:55,ouster,7.73%,249.2MiB / 30.66GiB,0.79%,0B / 0B,184MB / 2.93MB,30
2026-07-30 11:43:55,scovox,92.71%,327.2MiB / 30.66GiB,1.04%,0B / 0B,78.3MB / 7.14MB,53
2026-07-30 11:43:55,mapir-ffmpeg,34.98%,336.5MiB / 30.66GiB,1.07%,0B / 0B,200MB / 1.75MB,33
2026-07-30 11:43:55,trav_ros2,114.87%,488.2MiB / 30.66GiB,1.55%,0B / 0B,125MB / 2.5MB,44
2026-07-30 11:43:55,realsense,29.07%,177.8MiB / 30.66GiB,0.57%,0B / 0B,107MB / 3.34MB,33
2026-07-30 11:43:55,nav2,13.60%,228.2MiB / 30.66GiB,0.73%,0B / 0B,128MB / 1.19MB,92
2026-07-30 11:43:55,glim,71.53%,683.1MiB / 30.66GiB,2.18%,0B / 0B,149MB / 11.7MB,37
2026-07-30 11:43:58,foxglove,15.57%,633.3MiB / 30.66GiB,2.02%,0B / 0B,203MB / 3.51MB,28
2026-07-30 11:43:58,docker-recorder-run-de836728b142,0.00%,22.88MiB / 30.66GiB,0.07%,0B / 0B,42.7MB / 9.68MB,1
2026-07-30 11:43:58,openzen,3.91%,88.6MiB / 30.66GiB,0.28%,0B / 0B,81.6MB / 2.17MB,20
2026-07-30 11:43:58,ouster,6.73%,248.4MiB / 30.66GiB,0.79%,0B / 0B,184MB / 2.93MB,30
2026-07-30 11:43:58,scovox,70.83%,369.5MiB / 30.66GiB,1.18%,0B / 0B,78.3MB / 7.14MB,53
2026-07-30 11:43:58,mapir-ffmpeg,30.45%,336.7MiB / 30.66GiB,1.07%,0B / 0B,200MB / 1.75MB,33
2026-07-30 11:43:58,trav_ros2,112.76%,488MiB / 30.66GiB,1.55%,0B / 0B,125MB / 2.5MB,44
2026-07-30 11:43:58,realsense,18.35%,177.5MiB / 30.66GiB,0.57%,0B / 0B,107MB / 3.34MB,33
2026-07-30 11:43:58,nav2,12.25%,228.4MiB / 30.66GiB,0.73%,0B / 0B,128MB / 1.19MB,92
2026-07-30 11:43:58,glim,77.92%,683.5MiB / 30.66GiB,2.18%,0B / 0B,149MB / 11.7MB,37
2026-07-30 11:44:01,foxglove,21.62%,632.2MiB / 30.66GiB,2.01%,0B / 0B,203MB / 3.51MB,28
2026-07-30 11:44:01,docker-recorder-run-de836728b142,0.00%,22.88MiB / 30.66GiB,0.07%,0B / 0B,42.7MB / 9.68MB,1
2026-07-30 11:44:01,openzen,4.22%,88.6MiB / 30.66GiB,0.28%,0B / 0B,81.6MB / 2.17MB,20
2026-07-30 11:44:01,ouster,11.36%,249.1MiB / 30.66GiB,0.79%,0B / 0B,184MB / 2.93MB,30
2026-07-30 11:44:01,scovox,80.41%,326.6MiB / 30.66GiB,1.04%,0B / 0B,78.3MB / 7.14MB,53
2026-07-30 11:44:01,mapir-ffmpeg,34.14%,336.7MiB / 30.66GiB,1.07%,0B / 0B,200MB / 1.75MB,33
2026-07-30 11:44:01,trav_ros2,113.54%,487.8MiB / 30.66GiB,1.55%,0B / 0B,125MB / 2.5MB,44
2026-07-30 11:44:01,realsense,22.52%,177.5MiB / 30.66GiB,0.57%,0B / 0B,107MB / 3.34MB,33
2026-07-30 11:44:01,nav2,13.77%,228.4MiB / 30.66GiB,0.73%,0B / 0B,128MB / 1.19MB,92
2026-07-30 11:44:01,glim,67.53%,683.9MiB / 30.66GiB,2.18%,0B / 0B,149MB / 11.7MB,37
2026-07-30 11:44:04,foxglove,18.58%,631.7MiB / 30.66GiB,2.01%,0B / 0B,203MB / 3.51MB,28
2026-07-30 11:44:04,docker-recorder-run-de836728b142,0.00%,22.88MiB / 30.66GiB,0.07%,0B / 0B,42.7MB / 9.68MB,1
2026-07-30 11:44:04,openzen,4.22%,88.35MiB / 30.66GiB,0.28%,0B / 0B,81.6MB / 2.17MB,20
2026-07-30 11:44:04,ouster,7.76%,248.3MiB / 30.66GiB,0.79%,0B / 0B,184MB / 2.93MB,30
2026-07-30 11:44:04,scovox,70.54%,369.6MiB / 30.66GiB,1.18%,0B / 0B,78.3MB / 7.14MB,53
2026-07-30 11:44:04,mapir-ffmpeg,28.86%,336.7MiB / 30.66GiB,1.07%,0B / 0B,200MB / 1.75MB,33
2026-07-30 11:44:04,trav_ros2,111.60%,487.9MiB / 30.66GiB,1.55%,0B / 0B,125MB / 2.5MB,44
2026-07-30 11:44:04,realsense,31.74%,177.8MiB / 30.66GiB,0.57%,0B / 0B,107MB / 3.34MB,33
2026-07-30 11:44:04,nav2,13.70%,228.4MiB / 30.66GiB,0.73%,0B / 0B,128MB / 1.19MB,92
2026-07-30 11:44:04,glim,73.69%,684.9MiB / 30.66GiB,2.18%,0B / 0B,149MB / 11.7MB,37
2026-07-30 11:44:07,foxglove,20.72%,631.5MiB / 30.66GiB,2.01%,0B / 0B,203MB / 3.51MB,28
2026-07-30 11:44:07,docker-recorder-run-de836728b142,0.00%,22.88MiB / 30.66GiB,0.07%,0B / 0B,42.7MB / 9.68MB,1
2026-07-30 11:44:07,openzen,3.73%,88.36MiB / 30.66GiB,0.28%,0B / 0B,81.6MB / 2.17MB,20
2026-07-30 11:44:07,ouster,9.90%,248.6MiB / 30.66GiB,0.79%,0B / 0B,184MB / 2.93MB,30
2026-07-30 11:44:07,scovox,72.10%,352MiB / 30.66GiB,1.12%,0B / 0B,78.3MB / 7.23MB,53
2026-07-30 11:44:07,mapir-ffmpeg,28.66%,336.5MiB / 30.66GiB,1.07%,0B / 0B,200MB / 1.75MB,33
2026-07-30 11:44:07,trav_ros2,119.51%,496.2MiB / 30.66GiB,1.58%,0B / 0B,125MB / 2.52MB,44
2026-07-30 11:44:07,realsense,18.23%,177.5MiB / 30.66GiB,0.57%,0B / 0B,107MB / 3.34MB,33
2026-07-30 11:44:07,nav2,11.84%,228.1MiB / 30.66GiB,0.73%,0B / 0B,128MB / 1.19MB,92
2026-07-30 11:44:07,glim,82.32%,685MiB / 30.66GiB,2.18%,0B / 0B,149MB / 11.7MB,37
2026-07-30 11:44:10,foxglove,16.79%,631.8MiB / 30.66GiB,2.01%,0B / 0B,203MB / 3.51MB,28
2026-07-30 11:44:10,docker-recorder-run-de836728b142,0.00%,22.88MiB / 30.66GiB,0.07%,0B / 0B,42.7MB / 9.68MB,1
2026-07-30 11:44:10,openzen,3.80%,88.35MiB / 30.66GiB,0.28%,0B / 0B,81.6MB / 2.17MB,20
2026-07-30 11:44:10,ouster,7.58%,249MiB / 30.66GiB,0.79%,0B / 0B,184MB / 2.93MB,30
2026-07-30 11:44:10,scovox,78.79%,326.6MiB / 30.66GiB,1.04%,0B / 0B,78.3MB / 7.23MB,53
2026-07-30 11:44:10,mapir-ffmpeg,28.89%,336.5MiB / 30.66GiB,1.07%,0B / 0B,200MB / 1.75MB,33
2026-07-30 11:44:10,trav_ros2,111.55%,478.3MiB / 30.66GiB,1.52%,0B / 0B,125MB / 2.52MB,44
2026-07-30 11:44:10,realsense,19.25%,178MiB / 30.66GiB,0.57%,0B / 0B,107MB / 3.34MB,33
2026-07-30 11:44:10,nav2,13.65%,228.1MiB / 30.66GiB,0.73%,0B / 0B,128MB / 1.19MB,92
2026-07-30 11:44:10,glim,82.95%,685.7MiB / 30.66GiB,2.18%,0B / 0B,149MB / 11.7MB,37
2026-07-30 11:44:13,foxglove,14.83%,631.4MiB / 30.66GiB,2.01%,0B / 0B,203MB / 3.51MB,28
2026-07-30 11:44:13,docker-recorder-run-de836728b142,0.00%,22.88MiB / 30.66GiB,0.07%,0B / 0B,42.7MB / 9.68MB,1
2026-07-30 11:44:13,openzen,4.49%,88.35MiB / 30.66GiB,0.28%,0B / 0B,81.6MB / 2.17MB,20
2026-07-30 11:44:13,ouster,8.99%,248.3MiB / 30.66GiB,0.79%,0B / 0B,184MB / 2.93MB,30
2026-07-30 11:44:13,scovox,65.21%,354.8MiB / 30.66GiB,1.13%,0B / 0B,78.3MB / 7.23MB,53
2026-07-30 11:44:13,mapir-ffmpeg,37.94%,336.7MiB / 30.66GiB,1.07%,0B / 0B,200MB / 1.75MB,33
2026-07-30 11:44:13,trav_ros2,116.04%,486.9MiB / 30.66GiB,1.55%,0B / 0B,125MB / 2.52MB,44
2026-07-30 11:44:13,realsense,19.10%,177.5MiB / 30.66GiB,0.57%,0B / 0B,107MB / 3.34MB,33
2026-07-30 11:44:13,nav2,13.19%,228.8MiB / 30.66GiB,0.73%,0B / 0B,128MB / 1.19MB,92
2026-07-30 11:44:13,glim,76.26%,685MiB / 30.66GiB,2.18%,0B / 0B,149MB / 11.7MB,37
2026-07-30 11:44:16,foxglove,27.64%,631.5MiB / 30.66GiB,2.01%,0B / 0B,203MB / 3.51MB,28
2026-07-30 11:44:16,docker-recorder-run-de836728b142,0.00%,22.88MiB / 30.66GiB,0.07%,0B / 0B,42.7MB / 9.68MB,1
2026-07-30 11:44:16,openzen,3.98%,88.6MiB / 30.66GiB,0.28%,0B / 0B,81.6MB / 2.17MB,20
2026-07-30 11:44:16,ouster,7.67%,248.8MiB / 30.66GiB,0.79%,0B / 0B,184MB / 2.93MB,30
2026-07-30 11:44:16,scovox,86.37%,325.8MiB / 30.66GiB,1.04%,0B / 0B,78.3MB / 7.23MB,53
2026-07-30 11:44:16,mapir-ffmpeg,28.64%,337.2MiB / 30.66GiB,1.07%,0B / 0B,200MB / 1.75MB,33
2026-07-30 11:44:16,trav_ros2,112.08%,487.9MiB / 30.66GiB,1.55%,0B / 0B,125MB / 2.52MB,44
2026-07-30 11:44:16,realsense,18.99%,177.5MiB / 30.66GiB,0.57%,0B / 0B,107MB / 3.34MB,33
2026-07-30 11:44:16,nav2,13.19%,228.4MiB / 30.66GiB,0.73%,0B / 0B,128MB / 1.19MB,92
2026-07-30 11:44:16,glim,75.27%,685.5MiB / 30.66GiB,2.18%,0B / 0B,149MB / 11.7MB,37
2026-07-30 11:44:19,foxglove,14.32%,631.2MiB / 30.66GiB,2.01%,0B / 0B,203MB / 3.51MB,28
2026-07-30 11:44:19,docker-recorder-run-de836728b142,0.00%,22.88MiB / 30.66GiB,0.07%,0B / 0B,42.7MB / 9.68MB,1
2026-07-30 11:44:19,openzen,3.47%,88.35MiB / 30.66GiB,0.28%,0B / 0B,81.6MB / 2.17MB,20
2026-07-30 11:44:19,ouster,7.76%,248.4MiB / 30.66GiB,0.79%,0B / 0B,184MB / 2.93MB,30
2026-07-30 11:44:19,scovox,66.35%,359.4MiB / 30.66GiB,1.14%,0B / 0B,78.3MB / 7.23MB,53
2026-07-30 11:44:19,mapir-ffmpeg,44.16%,336.5MiB / 30.66GiB,1.07%,0B / 0B,200MB / 1.75MB,33
2026-07-30 11:44:19,trav_ros2,115.65%,488.1MiB / 30.66GiB,1.55%,0B / 0B,125MB / 2.52MB,44
2026-07-30 11:44:19,realsense,19.37%,177.8MiB / 30.66GiB,0.57%,0B / 0B,107MB / 3.34MB,33
2026-07-30 11:44:19,nav2,13.20%,227.4MiB / 30.66GiB,0.72%,0B / 0B,128MB / 1.19MB,92
2026-07-30 11:44:19,glim,82.60%,685.8MiB / 30.66GiB,2.18%,0B / 0B,149MB / 11.7MB,37
2026-07-30 11:44:22,foxglove,23.59%,631MiB / 30.66GiB,2.01%,0B / 0B,203MB / 3.51MB,28
2026-07-30 11:44:22,docker-recorder-run-de836728b142,0.00%,22.88MiB / 30.66GiB,0.07%,0B / 0B,42.7MB / 9.68MB,1
2026-07-30 11:44:22,openzen,4.41%,88.35MiB / 30.66GiB,0.28%,0B / 0B,81.6MB / 2.17MB,20
2026-07-30 11:44:22,ouster,20.79%,248.5MiB / 30.66GiB,0.79%,0B / 0B,184MB / 2.93MB,30
2026-07-30 11:44:22,scovox,89.58%,326.6MiB / 30.66GiB,1.04%,0B / 0B,78.3MB / 7.23MB,53
2026-07-30 11:44:22,mapir-ffmpeg,29.86%,336.5MiB / 30.66GiB,1.07%,0B / 0B,200MB / 1.75MB,33
2026-07-30 11:44:22,trav_ros2,119.68%,488MiB / 30.66GiB,1.55%,0B / 0B,125MB / 2.52MB,44
2026-07-30 11:44:22,realsense,37.96%,177.5MiB / 30.66GiB,0.57%,0B / 0B,107MB / 3.34MB,33
2026-07-30 11:44:22,nav2,12.17%,228.6MiB / 30.66GiB,0.73%,0B / 0B,128MB / 1.19MB,92
2026-07-30 11:44:22,glim,64.47%,686.2MiB / 30.66GiB,2.19%,0B / 0B,149MB / 11.7MB,37
2026-07-30 11:44:25,foxglove,15.37%,631.6MiB / 30.66GiB,2.01%,0B / 0B,203MB / 3.51MB,28
2026-07-30 11:44:25,docker-recorder-run-de836728b142,0.00%,22.88MiB / 30.66GiB,0.07%,0B / 0B,42.7MB / 9.68MB,1
2026-07-30 11:44:25,openzen,3.92%,88.36MiB / 30.66GiB,0.28%,0B / 0B,81.6MB / 2.17MB,20
2026-07-30 11:44:25,ouster,10.85%,248.2MiB / 30.66GiB,0.79%,0B / 0B,184MB / 2.93MB,30
2026-07-30 11:44:25,scovox,88.65%,326.1MiB / 30.66GiB,1.04%,0B / 0B,78.3MB / 7.23MB,53
2026-07-30 11:44:25,mapir-ffmpeg,45.16%,336.5MiB / 30.66GiB,1.07%,0B / 0B,200MB / 1.76MB,33
2026-07-30 11:44:25,trav_ros2,114.66%,475.2MiB / 30.66GiB,1.51%,0B / 0B,125MB / 2.52MB,44
2026-07-30 11:44:25,realsense,19.06%,177.8MiB / 30.66GiB,0.57%,0B / 0B,107MB / 3.34MB,33
2026-07-30 11:44:25,nav2,13.13%,229.1MiB / 30.66GiB,0.73%,0B / 0B,128MB / 1.19MB,92
2026-07-30 11:44:25,glim,81.25%,686.8MiB / 30.66GiB,2.19%,0B / 0B,149MB / 11.7MB,37
2026-07-30 11:44:28,foxglove,15.47%,631.1MiB / 30.66GiB,2.01%,0B / 0B,203MB / 3.51MB,28
2026-07-30 11:44:28,docker-recorder-run-de836728b142,0.00%,22.88MiB / 30.66GiB,0.07%,0B / 0B,42.7MB / 9.68MB,1
2026-07-30 11:44:28,openzen,4.59%,88.35MiB / 30.66GiB,0.28%,0B / 0B,81.6MB / 2.17MB,20
2026-07-30 11:44:28,ouster,10.83%,248.5MiB / 30.66GiB,0.79%,0B / 0B,184MB / 2.93MB,30
2026-07-30 11:44:28,scovox,90.97%,326.5MiB / 30.66GiB,1.04%,0B / 0B,78.3MB / 7.23MB,53
2026-07-30 11:44:28,mapir-ffmpeg,44.68%,336.7MiB / 30.66GiB,1.07%,0B / 0B,200MB / 1.76MB,33
2026-07-30 11:44:28,trav_ros2,116.12%,487.2MiB / 30.66GiB,1.55%,0B / 0B,125MB / 2.52MB,44
2026-07-30 11:44:28,realsense,19.84%,177.8MiB / 30.66GiB,0.57%,0B / 0B,107MB / 3.34MB,33
2026-07-30 11:44:28,nav2,13.26%,228.8MiB / 30.66GiB,0.73%,0B / 0B,128MB / 1.19MB,92
2026-07-30 11:44:28,glim,72.26%,686.8MiB / 30.66GiB,2.19%,0B / 0B,149MB / 11.7MB,37
2026-07-30 11:44:31,foxglove,15.63%,599.4MiB / 30.66GiB,1.91%,0B / 0B,203MB / 3.51MB,28
2026-07-30 11:44:31,docker-recorder-run-de836728b142,0.00%,22.88MiB / 30.66GiB,0.07%,0B / 0B,42.7MB / 9.68MB,1
2026-07-30 11:44:31,openzen,4.18%,88.35MiB / 30.66GiB,0.28%,0B / 0B,81.6MB / 2.17MB,20
2026-07-30 11:44:31,ouster,10.63%,249.1MiB / 30.66GiB,0.79%,0B / 0B,184MB / 2.93MB,30
2026-07-30 11:44:31,scovox,68.33%,365.9MiB / 30.66GiB,1.17%,0B / 0B,78.3MB / 7.23MB,53
2026-07-30 11:44:31,mapir-ffmpeg,29.04%,336.5MiB / 30.66GiB,1.07%,0B / 0B,200MB / 1.76MB,33
2026-07-30 11:44:31,trav_ros2,112.81%,488.2MiB / 30.66GiB,1.55%,0B / 0B,125MB / 2.52MB,44
2026-07-30 11:44:31,realsense,19.55%,177.8MiB / 30.66GiB,0.57%,0B / 0B,107MB / 3.34MB,33
2026-07-30 11:44:31,nav2,12.66%,228.1MiB / 30.66GiB,0.73%,0B / 0B,128MB / 1.19MB,92
2026-07-30 11:44:31,glim,84.79%,687.5MiB / 30.66GiB,2.19%,0B / 0B,149MB / 11.7MB,37
2026-07-30 11:44:35,foxglove,15.17%,633.6MiB / 30.66GiB,2.02%,0B / 0B,203MB / 3.51MB,28
2026-07-30 11:44:35,docker-recorder-run-de836728b142,0.00%,22.88MiB / 30.66GiB,0.07%,0B / 0B,42.7MB / 9.68MB,1
2026-07-30 11:44:35,openzen,3.55%,88.35MiB / 30.66GiB,0.28%,0B / 0B,81.6MB / 2.17MB,20
2026-07-30 11:44:35,ouster,10.36%,249MiB / 30.66GiB,0.79%,0B / 0B,184MB / 2.93MB,30
2026-07-30 11:44:35,scovox,90.27%,326.8MiB / 30.66GiB,1.04%,0B / 0B,78.3MB / 7.23MB,53
2026-07-30 11:44:35,mapir-ffmpeg,29.85%,336.5MiB / 30.66GiB,1.07%,0B / 0B,200MB / 1.76MB,33
2026-07-30 11:44:35,trav_ros2,113.17%,487.7MiB / 30.66GiB,1.55%,0B / 0B,125MB / 2.52MB,44
2026-07-30 11:44:35,realsense,28.11%,177.8MiB / 30.66GiB,0.57%,0B / 0B,107MB / 3.34MB,33
2026-07-30 11:44:35,nav2,13.55%,228.3MiB / 30.66GiB,0.73%,0B / 0B,128MB / 1.19MB,92
2026-07-30 11:44:35,glim,87.59%,687.6MiB / 30.66GiB,2.19%,0B / 0B,149MB / 11.7MB,37
2026-07-30 11:44:38,foxglove,13.98%,599.3MiB / 30.66GiB,1.91%,0B / 0B,203MB / 3.51MB,28
2026-07-30 11:44:38,docker-recorder-run-de836728b142,0.00%,22.88MiB / 30.66GiB,0.07%,0B / 0B,42.7MB / 9.68MB,1
2026-07-30 11:44:38,openzen,3.50%,88.35MiB / 30.66GiB,0.28%,0B / 0B,81.6MB / 2.17MB,20
2026-07-30 11:44:38,ouster,9.30%,248.6MiB / 30.66GiB,0.79%,0B / 0B,184MB / 2.93MB,30
2026-07-30 11:44:38,scovox,68.23%,367.5MiB / 30.66GiB,1.17%,0B / 0B,78.3MB / 7.32MB,53
2026-07-30 11:44:38,mapir-ffmpeg,29.79%,336.9MiB / 30.66GiB,1.07%,0B / 0B,200MB / 1.76MB,33
2026-07-30 11:44:38,trav_ros2,115.11%,487MiB / 30.66GiB,1.55%,0B / 0B,125MB / 2.54MB,44
2026-07-30 11:44:38,realsense,18.69%,177.5MiB / 30.66GiB,0.57%,0B / 0B,107MB / 3.34MB,33
2026-07-30 11:44:38,nav2,12.07%,228.1MiB / 30.66GiB,0.73%,0B / 0B,128MB / 1.19MB,92
2026-07-30 11:44:38,glim,80.95%,688MiB / 30.66GiB,2.19%,0B / 0B,149MB / 11.7MB,37
2026-07-30 11:44:41,foxglove,12.72%,631MiB / 30.66GiB,2.01%,0B / 0B,203MB / 3.51MB,28
2026-07-30 11:44:41,docker-recorder-run-de836728b142,0.00%,22.88MiB / 30.66GiB,0.07%,0B / 0B,42.7MB / 9.68MB,1
2026-07-30 11:44:41,openzen,4.00%,88.6MiB / 30.66GiB,0.28%,0B / 0B,81.6MB / 2.17MB,20
2026-07-30 11:44:41,ouster,7.75%,248MiB / 30.66GiB,0.79%,0B / 0B,184MB / 2.93MB,30
2026-07-30 11:44:41,scovox,81.00%,327MiB / 30.66GiB,1.04%,0B / 0B,78.3MB / 7.32MB,53
2026-07-30 11:44:41,mapir-ffmpeg,44.65%,336.5MiB / 30.66GiB,1.07%,0B / 0B,200MB / 1.76MB,33
2026-07-30 11:44:41,trav_ros2,114.07%,487.2MiB / 30.66GiB,1.55%,0B / 0B,125MB / 2.54MB,44
2026-07-30 11:44:41,realsense,19.11%,177.5MiB / 30.66GiB,0.57%,0B / 0B,107MB / 3.34MB,33
2026-07-30 11:44:41,nav2,13.15%,228.1MiB / 30.66GiB,0.73%,0B / 0B,128MB / 1.19MB,92
2026-07-30 11:44:41,glim,76.34%,687.8MiB / 30.66GiB,2.19%,0B / 0B,149MB / 11.7MB,37
2026-07-30 11:44:44,foxglove,21.31%,632.3MiB / 30.66GiB,2.01%,0B / 0B,203MB / 3.51MB,28
2026-07-30 11:44:44,docker-recorder-run-de836728b142,0.00%,22.88MiB / 30.66GiB,0.07%,0B / 0B,42.7MB / 9.68MB,1
2026-07-30 11:44:44,openzen,3.89%,88.35MiB / 30.66GiB,0.28%,0B / 0B,81.6MB / 2.17MB,20
2026-07-30 11:44:44,ouster,7.76%,248.3MiB / 30.66GiB,0.79%,0B / 0B,184MB / 2.93MB,30
2026-07-30 11:44:44,scovox,72.35%,371.7MiB / 30.66GiB,1.18%,0B / 0B,78.3MB / 7.32MB,53
2026-07-30 11:44:44,mapir-ffmpeg,29.14%,336.7MiB / 30.66GiB,1.07%,0B / 0B,200MB / 1.76MB,33
2026-07-30 11:44:44,trav_ros2,112.31%,491MiB / 30.66GiB,1.56%,0B / 0B,125MB / 2.54MB,44
2026-07-30 11:44:44,realsense,24.89%,177.5MiB / 30.66GiB,0.57%,0B / 0B,107MB / 3.34MB,33
2026-07-30 11:44:44,nav2,13.61%,227.7MiB / 30.66GiB,0.73%,0B / 0B,128MB / 1.19MB,92
2026-07-30 11:44:44,glim,90.91%,688.1MiB / 30.66GiB,2.19%,0B / 0B,149MB / 11.7MB,37
2026-07-30 11:44:47,foxglove,16.57%,631.4MiB / 30.66GiB,2.01%,0B / 0B,203MB / 3.51MB,28
2026-07-30 11:44:47,docker-recorder-run-de836728b142,0.00%,22.88MiB / 30.66GiB,0.07%,0B / 0B,42.7MB / 9.68MB,1
2026-07-30 11:44:47,openzen,4.25%,88.35MiB / 30.66GiB,0.28%,0B / 0B,81.6MB / 2.17MB,20
2026-07-30 11:44:47,ouster,8.06%,249.2MiB / 30.66GiB,0.79%,0B / 0B,184MB / 2.93MB,30
2026-07-30 11:44:47,scovox,79.28%,326.6MiB / 30.66GiB,1.04%,0B / 0B,78.3MB / 7.32MB,53
2026-07-30 11:44:47,mapir-ffmpeg,32.35%,336.5MiB / 30.66GiB,1.07%,0B / 0B,200MB / 1.76MB,33
2026-07-30 11:44:47,trav_ros2,112.83%,486.3MiB / 30.66GiB,1.55%,0B / 0B,125MB / 2.54MB,44
2026-07-30 11:44:47,realsense,20.31%,177.5MiB / 30.66GiB,0.57%,0B / 0B,107MB / 3.34MB,33
2026-07-30 11:44:47,nav2,12.29%,228.1MiB / 30.66GiB,0.73%,0B / 0B,128MB / 1.19MB,92
2026-07-30 11:44:47,glim,73.61%,689.5MiB / 30.66GiB,2.20%,0B / 0B,149MB / 11.7MB,37
2026-07-30 11:44:50,foxglove,18.06%,631.6MiB / 30.66GiB,2.01%,0B / 0B,203MB / 3.51MB,28
2026-07-30 11:44:50,docker-recorder-run-de836728b142,0.00%,22.88MiB / 30.66GiB,0.07%,0B / 0B,42.7MB / 9.68MB,1
2026-07-30 11:44:50,openzen,4.23%,88.6MiB / 30.66GiB,0.28%,0B / 0B,81.6MB / 2.17MB,20
2026-07-30 11:44:50,ouster,7.78%,248.6MiB / 30.66GiB,0.79%,0B / 0B,184MB / 2.93MB,30
2026-07-30 11:44:50,scovox,78.36%,370.4MiB / 30.66GiB,1.18%,0B / 0B,78.3MB / 7.32MB,53
2026-07-30 11:44:50,mapir-ffmpeg,29.10%,336.5MiB / 30.66GiB,1.07%,0B / 0B,200MB / 1.76MB,33
2026-07-30 11:44:50,trav_ros2,114.44%,487MiB / 30.66GiB,1.55%,0B / 0B,125MB / 2.54MB,44
2026-07-30 11:44:50,realsense,19.92%,177.8MiB / 30.66GiB,0.57%,0B / 0B,107MB / 3.34MB,33
2026-07-30 11:44:50,nav2,13.50%,227.7MiB / 30.66GiB,0.73%,0B / 0B,128MB / 1.19MB,92
2026-07-30 11:44:50,glim,83.53%,689.3MiB / 30.66GiB,2.20%,0B / 0B,149MB / 11.7MB,37
2026-07-30 11:44:53,foxglove,12.32%,631.3MiB / 30.66GiB,2.01%,0B / 0B,203MB / 3.51MB,28
2026-07-30 11:44:53,docker-recorder-run-de836728b142,0.00%,22.88MiB / 30.66GiB,0.07%,0B / 0B,42.7MB / 9.68MB,1
2026-07-30 11:44:53,openzen,3.76%,88.35MiB / 30.66GiB,0.28%,0B / 0B,81.6MB / 2.17MB,20
2026-07-30 11:44:53,ouster,7.69%,249.1MiB / 30.66GiB,0.79%,0B / 0B,184MB / 2.93MB,30
2026-07-30 11:44:53,scovox,72.28%,355.4MiB / 30.66GiB,1.13%,0B / 0B,78.3MB / 7.32MB,53
2026-07-30 11:44:53,mapir-ffmpeg,28.40%,336.7MiB / 30.66GiB,1.07%,0B / 0B,200MB / 1.76MB,33
2026-07-30 11:44:53,trav_ros2,112.31%,488.3MiB / 30.66GiB,1.56%,0B / 0B,125MB / 2.54MB,44
2026-07-30 11:44:53,realsense,18.09%,177.5MiB / 30.66GiB,0.57%,0B / 0B,107MB / 3.34MB,33
2026-07-30 11:44:53,nav2,12.83%,228.1MiB / 30.66GiB,0.73%,0B / 0B,128MB / 1.19MB,92
2026-07-30 11:44:53,glim,75.36%,690MiB / 30.66GiB,2.20%,0B / 0B,149MB / 11.7MB,37
2026-07-30 11:44:56,foxglove,23.73%,631.5MiB / 30.66GiB,2.01%,0B / 0B,203MB / 3.51MB,28
2026-07-30 11:44:56,docker-recorder-run-de836728b142,0.00%,22.88MiB / 30.66GiB,0.07%,0B / 0B,42.7MB / 9.68MB,1
2026-07-30 11:44:56,openzen,3.81%,88.6MiB / 30.66GiB,0.28%,0B / 0B,81.6MB / 2.17MB,20
2026-07-30 11:44:56,ouster,11.29%,248.5MiB / 30.66GiB,0.79%,0B / 0B,184MB / 2.93MB,30
2026-07-30 11:44:56,scovox,77.91%,326.7MiB / 30.66GiB,1.04%,0B / 0B,78.3MB / 7.32MB,53
2026-07-30 11:44:56,mapir-ffmpeg,29.06%,336.5MiB / 30.66GiB,1.07%,0B / 0B,200MB / 1.76MB,33
2026-07-30 11:44:56,trav_ros2,114.00%,491.6MiB / 30.66GiB,1.57%,0B / 0B,125MB / 2.54MB,44
2026-07-30 11:44:56,realsense,25.67%,177.5MiB / 30.66GiB,0.57%,0B / 0B,107MB / 3.34MB,33
2026-07-30 11:44:56,nav2,11.95%,228.1MiB / 30.66GiB,0.73%,0B / 0B,128MB / 1.19MB,92
2026-07-30 11:44:56,glim,70.12%,689.4MiB / 30.66GiB,2.20%,0B / 0B,149MB / 11.7MB,37
2026-07-30 11:44:59,foxglove,15.24%,631.3MiB / 30.66GiB,2.01%,0B / 0B,203MB / 3.51MB,28
2026-07-30 11:44:59,docker-recorder-run-de836728b142,0.00%,22.88MiB / 30.66GiB,0.07%,0B / 0B,42.7MB / 9.68MB,1
2026-07-30 11:44:59,openzen,4.18%,88.35MiB / 30.66GiB,0.28%,0B / 0B,81.6MB / 2.17MB,20
2026-07-30 11:44:59,ouster,7.51%,248.2MiB / 30.66GiB,0.79%,0B / 0B,184MB / 2.93MB,30
2026-07-30 11:44:59,scovox,66.00%,356.4MiB / 30.66GiB,1.14%,0B / 0B,78.3MB / 7.32MB,53
2026-07-30 11:44:59,mapir-ffmpeg,29.63%,336.5MiB / 30.66GiB,1.07%,0B / 0B,200MB / 1.77MB,33
2026-07-30 11:44:59,trav_ros2,117.56%,498.9MiB / 30.66GiB,1.59%,0B / 0B,125MB / 2.54MB,44
2026-07-30 11:44:59,realsense,22.22%,177.8MiB / 30.66GiB,0.57%,0B / 0B,107MB / 3.34MB,33
2026-07-30 11:44:59,nav2,13.21%,228.6MiB / 30.66GiB,0.73%,0B / 0B,128MB / 1.19MB,92
2026-07-30 11:44:59,glim,76.54%,689.7MiB / 30.66GiB,2.20%,0B / 0B,149MB / 11.7MB,37
2026-07-30 11:45:02,foxglove,14.76%,631.5MiB / 30.66GiB,2.01%,0B / 0B,203MB / 3.51MB,28
2026-07-30 11:45:02,docker-recorder-run-de836728b142,0.00%,22.88MiB / 30.66GiB,0.07%,0B / 0B,42.7MB / 9.68MB,1
2026-07-30 11:45:02,openzen,4.40%,88.6MiB / 30.66GiB,0.28%,0B / 0B,81.6MB / 2.17MB,20
2026-07-30 11:45:02,ouster,10.16%,248.6MiB / 30.66GiB,0.79%,0B / 0B,184MB / 2.93MB,30
2026-07-30 11:45:02,scovox,85.62%,326.6MiB / 30.66GiB,1.04%,0B / 0B,78.3MB / 7.32MB,53
2026-07-30 11:45:02,mapir-ffmpeg,37.61%,336.9MiB / 30.66GiB,1.07%,0B / 0B,200MB / 1.77MB,33
2026-07-30 11:45:02,trav_ros2,113.40%,483.5MiB / 30.66GiB,1.54%,0B / 0B,125MB / 2.54MB,44
2026-07-30 11:45:02,realsense,30.36%,177.5MiB / 30.66GiB,0.57%,0B / 0B,107MB / 3.34MB,33
2026-07-30 11:45:02,nav2,12.03%,228.4MiB / 30.66GiB,0.73%,0B / 0B,128MB / 1.19MB,92
2026-07-30 11:45:02,glim,72.73%,691.2MiB / 30.66GiB,2.20%,0B / 0B,149MB / 11.7MB,37
2026-07-30 11:45:05,foxglove,17.22%,631.7MiB / 30.66GiB,2.01%,0B / 0B,203MB / 3.51MB,28
2026-07-30 11:45:05,docker-recorder-run-de836728b142,0.00%,22.88MiB / 30.66GiB,0.07%,0B / 0B,42.7MB / 9.68MB,1
2026-07-30 11:45:05,openzen,3.87%,88.35MiB / 30.66GiB,0.28%,0B / 0B,81.6MB / 2.17MB,20
2026-07-30 11:45:05,ouster,9.84%,248.7MiB / 30.66GiB,0.79%,0B / 0B,184MB / 2.93MB,30
2026-07-30 11:45:05,scovox,63.56%,360.4MiB / 30.66GiB,1.15%,0B / 0B,78.3MB / 7.32MB,53
2026-07-30 11:45:05,mapir-ffmpeg,29.80%,336.5MiB / 30.66GiB,1.07%,0B / 0B,200MB / 1.77MB,33
2026-07-30 11:45:05,trav_ros2,113.56%,488.7MiB / 30.66GiB,1.56%,0B / 0B,125MB / 2.54MB,44
2026-07-30 11:45:05,realsense,18.03%,177.8MiB / 30.66GiB,0.57%,0B / 0B,107MB / 3.34MB,33
2026-07-30 11:45:05,nav2,12.47%,228.6MiB / 30.66GiB,0.73%,0B / 0B,128MB / 1.19MB,92
2026-07-30 11:45:05,glim,72.06%,691.1MiB / 30.66GiB,2.20%,0B / 0B,149MB / 11.7MB,37
2026-07-30 11:45:08,foxglove,24.07%,631.1MiB / 30.66GiB,2.01%,0B / 0B,203MB / 3.51MB,28
2026-07-30 11:45:08,docker-recorder-run-de836728b142,0.00%,22.88MiB / 30.66GiB,0.07%,0B / 0B,42.7MB / 9.68MB,1
2026-07-30 11:45:08,openzen,3.79%,88.6MiB / 30.66GiB,0.28%,0B / 0B,81.6MB / 2.17MB,20
2026-07-30 11:45:08,ouster,10.33%,248.1MiB / 30.66GiB,0.79%,0B / 0B,184MB / 2.93MB,30
2026-07-30 11:45:08,scovox,88.51%,326.2MiB / 30.66GiB,1.04%,0B / 0B,78.3MB / 7.41MB,53
2026-07-30 11:45:08,mapir-ffmpeg,44.43%,336.7MiB / 30.66GiB,1.07%,0B / 0B,200MB / 1.77MB,33
2026-07-30 11:45:08,trav_ros2,113.41%,488.1MiB / 30.66GiB,1.55%,0B / 0B,125MB / 2.56MB,44
2026-07-30 11:45:08,realsense,18.65%,177.8MiB / 30.66GiB,0.57%,0B / 0B,107MB / 3.34MB,33
2026-07-30 11:45:08,nav2,12.57%,228.4MiB / 30.66GiB,0.73%,0B / 0B,128MB / 1.19MB,92
2026-07-30 11:45:08,glim,86.38%,691.2MiB / 30.66GiB,2.20%,0B / 0B,149MB / 11.7MB,37
2026-07-30 11:45:11,foxglove,16.52%,599.7MiB / 30.66GiB,1.91%,0B / 0B,203MB / 3.51MB,28
2026-07-30 11:45:11,docker-recorder-run-de836728b142,0.00%,22.88MiB / 30.66GiB,0.07%,0B / 0B,42.7MB / 9.68MB,1
2026-07-30 11:45:11,openzen,4.11%,88.35MiB / 30.66GiB,0.28%,0B / 0B,81.6MB / 2.17MB,20
2026-07-30 11:45:11,ouster,7.56%,248.2MiB / 30.66GiB,0.79%,0B / 0B,184MB / 2.93MB,30
2026-07-30 11:45:11,scovox,65.09%,363.5MiB / 30.66GiB,1.16%,0B / 0B,78.3MB / 7.41MB,53
2026-07-30 11:45:11,mapir-ffmpeg,29.31%,336.5MiB / 30.66GiB,1.07%,0B / 0B,200MB / 1.77MB,33
2026-07-30 11:45:11,trav_ros2,112.90%,488MiB / 30.66GiB,1.55%,0B / 0B,125MB / 2.56MB,44
2026-07-30 11:45:11,realsense,31.51%,177.8MiB / 30.66GiB,0.57%,0B / 0B,107MB / 3.34MB,33
2026-07-30 11:45:11,nav2,12.45%,228.9MiB / 30.66GiB,0.73%,0B / 0B,128MB / 1.19MB,92
2026-07-30 11:45:11,glim,72.68%,691.4MiB / 30.66GiB,2.20%,0B / 0B,149MB / 11.7MB,37
2026-07-30 11:45:14,foxglove,20.61%,631.3MiB / 30.66GiB,2.01%,0B / 0B,203MB / 3.51MB,28
2026-07-30 11:45:14,docker-recorder-run-de836728b142,0.00%,22.88MiB / 30.66GiB,0.07%,0B / 0B,42.7MB / 9.68MB,1
2026-07-30 11:45:14,openzen,4.69%,88.35MiB / 30.66GiB,0.28%,0B / 0B,81.6MB / 2.17MB,20
2026-07-30 11:45:14,ouster,7.59%,248.3MiB / 30.66GiB,0.79%,0B / 0B,184MB / 2.93MB,30
2026-07-30 11:45:14,scovox,82.66%,326.2MiB / 30.66GiB,1.04%,0B / 0B,78.3MB / 7.41MB,53
2026-07-30 11:45:14,mapir-ffmpeg,30.08%,336.7MiB / 30.66GiB,1.07%,0B / 0B,200MB / 1.77MB,33
2026-07-30 11:45:14,trav_ros2,117.72%,492.5MiB / 30.66GiB,1.57%,0B / 0B,125MB / 2.56MB,44
2026-07-30 11:45:14,realsense,25.70%,178MiB / 30.66GiB,0.57%,0B / 0B,107MB / 3.34MB,33
2026-07-30 11:45:14,nav2,12.78%,227.6MiB / 30.66GiB,0.72%,0B / 0B,128MB / 1.19MB,92
2026-07-30 11:45:14,glim,79.95%,703.2MiB / 30.66GiB,2.24%,0B / 0B,149MB / 11.7MB,37
2026-07-30 11:45:17,foxglove,15.12%,599MiB / 30.66GiB,1.91%,0B / 0B,203MB / 3.51MB,28
2026-07-30 11:45:17,docker-recorder-run-de836728b142,0.00%,22.88MiB / 30.66GiB,0.07%,0B / 0B,42.7MB / 9.68MB,1
2026-07-30 11:45:17,openzen,3.58%,88.35MiB / 30.66GiB,0.28%,0B / 0B,81.6MB / 2.17MB,20
2026-07-30 11:45:17,ouster,7.74%,248.5MiB / 30.66GiB,0.79%,0B / 0B,184MB / 2.93MB,30
2026-07-30 11:45:17,scovox,66.40%,364.1MiB / 30.66GiB,1.16%,0B / 0B,78.3MB / 7.41MB,53
2026-07-30 11:45:17,mapir-ffmpeg,32.05%,336.7MiB / 30.66GiB,1.07%,0B / 0B,200MB / 1.77MB,33
2026-07-30 11:45:17,trav_ros2,112.30%,481.7MiB / 30.66GiB,1.53%,0B / 0B,125MB / 2.56MB,44
2026-07-30 11:45:17,realsense,18.46%,178MiB / 30.66GiB,0.57%,0B / 0B,107MB / 3.34MB,33
2026-07-30 11:45:17,nav2,12.30%,228.8MiB / 30.66GiB,0.73%,0B / 0B,128MB / 1.19MB,92
2026-07-30 11:45:17,glim,74.42%,707.2MiB / 30.66GiB,2.25%,0B / 0B,149MB / 11.7MB,37
2026-07-30 11:45:21,foxglove,19.06%,630.7MiB / 30.66GiB,2.01%,0B / 0B,203MB / 3.51MB,28
2026-07-30 11:45:21,docker-recorder-run-de836728b142,0.00%,22.88MiB / 30.66GiB,0.07%,0B / 0B,42.7MB / 9.68MB,1
2026-07-30 11:45:21,openzen,4.19%,88.61MiB / 30.66GiB,0.28%,0B / 0B,81.6MB / 2.17MB,20
2026-07-30 11:45:21,ouster,11.32%,248.3MiB / 30.66GiB,0.79%,0B / 0B,184MB / 2.93MB,30
2026-07-30 11:45:21,scovox,95.32%,326.4MiB / 30.66GiB,1.04%,0B / 0B,78.3MB / 7.41MB,53
2026-07-30 11:45:21,mapir-ffmpeg,29.92%,336.7MiB / 30.66GiB,1.07%,0B / 0B,200MB / 1.77MB,33
2026-07-30 11:45:21,trav_ros2,113.15%,486.1MiB / 30.66GiB,1.55%,0B / 0B,125MB / 2.56MB,44
2026-07-30 11:45:21,realsense,21.87%,177.8MiB / 30.66GiB,0.57%,0B / 0B,107MB / 3.34MB,33
2026-07-30 11:45:21,nav2,14.26%,228.1MiB / 30.66GiB,0.73%,0B / 0B,128MB / 1.19MB,92
2026-07-30 11:45:21,glim,70.04%,708.6MiB / 30.66GiB,2.26%,0B / 0B,149MB / 11.7MB,37
2026-07-30 11:45:24,foxglove,19.83%,599MiB / 30.66GiB,1.91%,0B / 0B,203MB / 3.51MB,28
2026-07-30 11:45:24,docker-recorder-run-de836728b142,0.00%,22.88MiB / 30.66GiB,0.07%,0B / 0B,42.7MB / 9.68MB,1
2026-07-30 11:45:24,openzen,3.54%,88.35MiB / 30.66GiB,0.28%,0B / 0B,81.6MB / 2.17MB,20
2026-07-30 11:45:24,ouster,7.52%,249MiB / 30.66GiB,0.79%,0B / 0B,184MB / 2.93MB,30
2026-07-30 11:45:24,scovox,85.59%,326.1MiB / 30.66GiB,1.04%,0B / 0B,78.3MB / 7.41MB,53
2026-07-30 11:45:24,mapir-ffmpeg,29.13%,336.5MiB / 30.66GiB,1.07%,0B / 0B,200MB / 1.77MB,33
2026-07-30 11:45:24,trav_ros2,111.78%,486.2MiB / 30.66GiB,1.55%,0B / 0B,125MB / 2.56MB,44
2026-07-30 11:45:24,realsense,18.82%,177.8MiB / 30.66GiB,0.57%,0B / 0B,107MB / 3.34MB,33
2026-07-30 11:45:24,nav2,13.86%,228.4MiB / 30.66GiB,0.73%,0B / 0B,128MB / 1.19MB,92
2026-07-30 11:45:24,glim,80.16%,699.7MiB / 30.66GiB,2.23%,0B / 0B,149MB / 11.7MB,37
2026-07-30 11:45:27,foxglove,19.92%,631.6MiB / 30.66GiB,2.01%,0B / 0B,203MB / 3.51MB,28
2026-07-30 11:45:27,docker-recorder-run-de836728b142,0.00%,22.88MiB / 30.66GiB,0.07%,0B / 0B,42.7MB / 9.68MB,1
2026-07-30 11:45:27,openzen,4.19%,88.35MiB / 30.66GiB,0.28%,0B / 0B,81.6MB / 2.17MB,20
2026-07-30 11:45:27,ouster,15.90%,248.2MiB / 30.66GiB,0.79%,0B / 0B,184MB / 2.93MB,30
2026-07-30 11:45:27,scovox,70.98%,371.2MiB / 30.66GiB,1.18%,0B / 0B,78.3MB / 7.41MB,53
2026-07-30 11:45:27,mapir-ffmpeg,28.99%,336.5MiB / 30.66GiB,1.07%,0B / 0B,200MB / 1.77MB,33
2026-07-30 11:45:27,trav_ros2,113.18%,487.8MiB / 30.66GiB,1.55%,0B / 0B,125MB / 2.56MB,44
2026-07-30 11:45:27,realsense,22.47%,177.8MiB / 30.66GiB,0.57%,0B / 0B,107MB / 3.34MB,33
2026-07-30 11:45:27,nav2,12.93%,228.4MiB / 30.66GiB,0.73%,0B / 0B,128MB / 1.19MB,92
2026-07-30 11:45:27,glim,72.46%,708.7MiB / 30.66GiB,2.26%,0B / 0B,149MB / 11.7MB,37
2026-07-30 11:45:30,foxglove,17.31%,631MiB / 30.66GiB,2.01%,0B / 0B,203MB / 3.51MB,28
2026-07-30 11:45:30,docker-recorder-run-de836728b142,0.00%,22.88MiB / 30.66GiB,0.07%,0B / 0B,42.7MB / 9.68MB,1
2026-07-30 11:45:30,openzen,3.96%,88.35MiB / 30.66GiB,0.28%,0B / 0B,81.6MB / 2.17MB,20
2026-07-30 11:45:30,ouster,8.90%,249.1MiB / 30.66GiB,0.79%,0B / 0B,184MB / 2.93MB,30
2026-07-30 11:45:30,scovox,71.18%,370.7MiB / 30.66GiB,1.18%,0B / 0B,78.3MB / 7.41MB,53
2026-07-30 11:45:30,mapir-ffmpeg,29.85%,336.5MiB / 30.66GiB,1.07%,0B / 0B,200MB / 1.77MB,33
2026-07-30 11:45:30,trav_ros2,119.83%,487.6MiB / 30.66GiB,1.55%,0B / 0B,125MB / 2.56MB,44
2026-07-30 11:45:30,realsense,35.71%,177.5MiB / 30.66GiB,0.57%,0B / 0B,107MB / 3.34MB,33
2026-07-30 11:45:30,nav2,13.14%,228.8MiB / 30.66GiB,0.73%,0B / 0B,128MB / 1.19MB,92
2026-07-30 11:45:30,glim,84.03%,709.9MiB / 30.66GiB,2.26%,0B / 0B,149MB / 11.7MB,37
2026-07-30 11:45:33,foxglove,19.02%,632.1MiB / 30.66GiB,2.01%,0B / 0B,203MB / 3.51MB,28
2026-07-30 11:45:33,docker-recorder-run-de836728b142,0.00%,22.88MiB / 30.66GiB,0.07%,0B / 0B,42.7MB / 9.68MB,1
2026-07-30 11:45:33,openzen,4.73%,88.35MiB / 30.66GiB,0.28%,0B / 0B,81.6MB / 2.17MB,20
2026-07-30 11:45:33,ouster,22.16%,248.2MiB / 30.66GiB,0.79%,0B / 0B,184MB / 2.93MB,30
2026-07-30 11:45:33,scovox,76.97%,350.6MiB / 30.66GiB,1.12%,0B / 0B,78.3MB / 7.41MB,53
2026-07-30 11:45:33,mapir-ffmpeg,41.56%,336.7MiB / 30.66GiB,1.07%,0B / 0B,200MB / 1.77MB,33
2026-07-30 11:45:33,trav_ros2,114.38%,498.4MiB / 30.66GiB,1.59%,0B / 0B,125MB / 2.56MB,44
2026-07-30 11:45:33,realsense,18.85%,177.8MiB / 30.66GiB,0.57%,0B / 0B,107MB / 3.34MB,33
2026-07-30 11:45:33,nav2,13.69%,227.9MiB / 30.66GiB,0.73%,0B / 0B,128MB / 1.19MB,92
2026-07-30 11:45:33,glim,69.93%,711.1MiB / 30.66GiB,2.26%,0B / 0B,149MB / 11.7MB,37
2026-07-30 11:45:36,foxglove,14.91%,631.8MiB / 30.66GiB,2.01%,0B / 0B,203MB / 3.51MB,28
2026-07-30 11:45:36,docker-recorder-run-de836728b142,0.00%,22.88MiB / 30.66GiB,0.07%,0B / 0B,42.7MB / 9.68MB,1
2026-07-30 11:45:36,openzen,4.17%,88.85MiB / 30.66GiB,0.28%,0B / 0B,81.6MB / 2.17MB,20
2026-07-30 11:45:36,ouster,7.75%,249.1MiB / 30.66GiB,0.79%,0B / 0B,184MB / 2.93MB,30
2026-07-30 11:45:36,scovox,77.14%,326.2MiB / 30.66GiB,1.04%,0B / 0B,78.3MB / 7.41MB,53
2026-07-30 11:45:36,mapir-ffmpeg,28.37%,336.5MiB / 30.66GiB,1.07%,0B / 0B,200MB / 1.79MB,33
2026-07-30 11:45:36,trav_ros2,111.77%,484.8MiB / 30.66GiB,1.54%,0B / 0B,125MB / 2.56MB,44
2026-07-30 11:45:36,realsense,27.86%,177.5MiB / 30.66GiB,0.57%,0B / 0B,107MB / 3.34MB,33
2026-07-30 11:45:36,nav2,13.44%,227.4MiB / 30.66GiB,0.72%,0B / 0B,128MB / 1.19MB,92
2026-07-30 11:45:36,glim,73.34%,723.5MiB / 30.66GiB,2.30%,0B / 0B,149MB / 11.7MB,37
2026-07-30 11:45:39,foxglove,21.05%,631.2MiB / 30.66GiB,2.01%,0B / 0B,203MB / 3.51MB,28
2026-07-30 11:45:39,docker-recorder-run-de836728b142,0.00%,22.88MiB / 30.66GiB,0.07%,0B / 0B,42.7MB / 9.68MB,1
2026-07-30 11:45:39,openzen,4.06%,88.35MiB / 30.66GiB,0.28%,0B / 0B,81.6MB / 2.17MB,20
2026-07-30 11:45:39,ouster,9.66%,247.8MiB / 30.66GiB,0.79%,0B / 0B,184MB / 2.93MB,30
2026-07-30 11:45:39,scovox,73.43%,356.1MiB / 30.66GiB,1.13%,0B / 0B,78.3MB / 7.5MB,53
2026-07-30 11:45:39,mapir-ffmpeg,28.85%,336.5MiB / 30.66GiB,1.07%,0B / 0B,200MB / 1.79MB,33
2026-07-30 11:45:39,trav_ros2,113.42%,491.9MiB / 30.66GiB,1.57%,0B / 0B,125MB / 2.56MB,44
2026-07-30 11:45:39,realsense,18.30%,178MiB / 30.66GiB,0.57%,0B / 0B,107MB / 3.34MB,33
2026-07-30 11:45:39,nav2,12.75%,228.6MiB / 30.66GiB,0.73%,0B / 0B,128MB / 1.19MB,92
2026-07-30 11:45:39,glim,86.39%,732.1MiB / 30.66GiB,2.33%,0B / 0B,149MB / 11.7MB,37
2026-07-30 11:45:42,foxglove,13.75%,633.3MiB / 30.66GiB,2.02%,0B / 0B,203MB / 3.51MB,28
2026-07-30 11:45:42,docker-recorder-run-de836728b142,0.00%,22.88MiB / 30.66GiB,0.07%,0B / 0B,42.7MB / 9.68MB,1
2026-07-30 11:45:42,openzen,3.98%,88.85MiB / 30.66GiB,0.28%,0B / 0B,81.6MB / 2.17MB,20
2026-07-30 11:45:42,ouster,10.85%,248.3MiB / 30.66GiB,0.79%,0B / 0B,184MB / 2.93MB,30
2026-07-30 11:45:42,scovox,84.42%,326.7MiB / 30.66GiB,1.04%,0B / 0B,78.3MB / 7.5MB,53
2026-07-30 11:45:42,mapir-ffmpeg,28.67%,337MiB / 30.66GiB,1.07%,0B / 0B,200MB / 1.79MB,33
2026-07-30 11:45:42,trav_ros2,112.74%,488.1MiB / 30.66GiB,1.55%,0B / 0B,125MB / 2.58MB,44
2026-07-30 11:45:42,realsense,27.74%,177.8MiB / 30.66GiB,0.57%,0B / 0B,107MB / 3.34MB,33
2026-07-30 11:45:42,nav2,13.05%,227.9MiB / 30.66GiB,0.73%,0B / 0B,128MB / 1.19MB,92
2026-07-30 11:45:42,glim,88.52%,709.5MiB / 30.66GiB,2.26%,0B / 0B,149MB / 11.7MB,37
2026-07-30 11:45:45,foxglove,23.25%,633.3MiB / 30.66GiB,2.02%,0B / 0B,203MB / 3.51MB,28
2026-07-30 11:45:45,docker-recorder-run-de836728b142,0.00%,22.88MiB / 30.66GiB,0.07%,0B / 0B,42.7MB / 9.68MB,1
2026-07-30 11:45:45,openzen,4.16%,88.36MiB / 30.66GiB,0.28%,0B / 0B,81.6MB / 2.17MB,20
2026-07-30 11:45:45,ouster,7.64%,248.7MiB / 30.66GiB,0.79%,0B / 0B,184MB / 2.93MB,30
2026-07-30 11:45:45,scovox,71.73%,357.3MiB / 30.66GiB,1.14%,0B / 0B,78.3MB / 7.5MB,53
2026-07-30 11:45:45,mapir-ffmpeg,28.82%,336.5MiB / 30.66GiB,1.07%,0B / 0B,200MB / 1.79MB,33
2026-07-30 11:45:45,trav_ros2,123.48%,488.3MiB / 30.66GiB,1.56%,0B / 0B,125MB / 2.58MB,44
2026-07-30 11:45:45,realsense,38.37%,177.5MiB / 30.66GiB,0.57%,0B / 0B,107MB / 3.34MB,33
2026-07-30 11:45:45,nav2,13.00%,228.1MiB / 30.66GiB,0.73%,0B / 0B,128MB / 1.19MB,92
2026-07-30 11:45:45,glim,76.80%,715.2MiB / 30.66GiB,2.28%,0B / 0B,149MB / 11.7MB,37
2026-07-30 11:45:48,foxglove,18.14%,631.5MiB / 30.66GiB,2.01%,0B / 0B,203MB / 3.51MB,28
2026-07-30 11:45:48,docker-recorder-run-de836728b142,0.00%,22.88MiB / 30.66GiB,0.07%,0B / 0B,42.7MB / 9.68MB,1
2026-07-30 11:45:48,openzen,4.28%,88.6MiB / 30.66GiB,0.28%,0B / 0B,81.6MB / 2.17MB,20
2026-07-30 11:45:48,ouster,10.86%,247.9MiB / 30.66GiB,0.79%,0B / 0B,184MB / 2.93MB,30
2026-07-30 11:45:48,scovox,84.80%,327.2MiB / 30.66GiB,1.04%,0B / 0B,78.3MB / 7.5MB,53
2026-07-30 11:45:48,mapir-ffmpeg,29.35%,336.9MiB / 30.66GiB,1.07%,0B / 0B,200MB / 1.79MB,33
2026-07-30 11:45:48,trav_ros2,115.85%,488.4MiB / 30.66GiB,1.56%,0B / 0B,125MB / 2.58MB,44
2026-07-30 11:45:48,realsense,37.62%,177.5MiB / 30.66GiB,0.57%,0B / 0B,107MB / 3.34MB,33
2026-07-30 11:45:48,nav2,13.15%,228.1MiB / 30.66GiB,0.73%,0B / 0B,128MB / 1.19MB,92
2026-07-30 11:45:48,glim,72.93%,715.5MiB / 30.66GiB,2.28%,0B / 0B,149MB / 11.7MB,37
2026-07-30 11:45:51,foxglove,15.79%,633.6MiB / 30.66GiB,2.02%,0B / 0B,203MB / 3.51MB,28
2026-07-30 11:45:51,docker-recorder-run-de836728b142,0.00%,22.88MiB / 30.66GiB,0.07%,0B / 0B,42.7MB / 9.68MB,1
2026-07-30 11:45:51,openzen,3.90%,88.35MiB / 30.66GiB,0.28%,0B / 0B,81.6MB / 2.17MB,20
2026-07-30 11:45:51,ouster,7.28%,248.4MiB / 30.66GiB,0.79%,0B / 0B,184MB / 2.93MB,30
2026-07-30 11:45:51,scovox,66.92%,362MiB / 30.66GiB,1.15%,0B / 0B,78.3MB / 7.5MB,53
2026-07-30 11:45:51,mapir-ffmpeg,28.27%,336.5MiB / 30.66GiB,1.07%,0B / 0B,200MB / 1.79MB,33
2026-07-30 11:45:51,trav_ros2,110.02%,488.1MiB / 30.66GiB,1.55%,0B / 0B,125MB / 2.58MB,44
2026-07-30 11:45:51,realsense,25.02%,177.8MiB / 30.66GiB,0.57%,0B / 0B,107MB / 3.34MB,33
2026-07-30 11:45:51,nav2,12.57%,228.6MiB / 30.66GiB,0.73%,0B / 0B,128MB / 1.19MB,92
2026-07-30 11:45:51,glim,80.78%,715.5MiB / 30.66GiB,2.28%,0B / 0B,149MB / 11.7MB,37
2026-07-30 11:45:54,foxglove,12.85%,633.6MiB / 30.66GiB,2.02%,0B / 0B,203MB / 3.51MB,28
2026-07-30 11:45:54,docker-recorder-run-de836728b142,0.00%,22.88MiB / 30.66GiB,0.07%,0B / 0B,42.7MB / 9.68MB,1
2026-07-30 11:45:54,openzen,4.25%,88.35MiB / 30.66GiB,0.28%,0B / 0B,81.6MB / 2.17MB,20
2026-07-30 11:45:54,ouster,7.81%,248.6MiB / 30.66GiB,0.79%,0B / 0B,184MB / 2.93MB,30
2026-07-30 11:45:54,scovox,92.67%,326.9MiB / 30.66GiB,1.04%,0B / 0B,78.3MB / 7.5MB,53
2026-07-30 11:45:54,mapir-ffmpeg,40.03%,336.7MiB / 30.66GiB,1.07%,0B / 0B,200MB / 1.79MB,33
2026-07-30 11:45:54,trav_ros2,112.53%,487.8MiB / 30.66GiB,1.55%,0B / 0B,125MB / 2.58MB,44
2026-07-30 11:45:54,realsense,19.17%,178MiB / 30.66GiB,0.57%,0B / 0B,107MB / 3.34MB,33
2026-07-30 11:45:54,nav2,13.02%,228.8MiB / 30.66GiB,0.73%,0B / 0B,128MB / 1.19MB,92
2026-07-30 11:45:54,glim,72.28%,716.8MiB / 30.66GiB,2.28%,0B / 0B,149MB / 11.7MB,37
2026-07-30 11:45:57,foxglove,17.87%,599.6MiB / 30.66GiB,1.91%,0B / 0B,203MB / 3.51MB,28
2026-07-30 11:45:57,docker-recorder-run-de836728b142,0.00%,22.88MiB / 30.66GiB,0.07%,0B / 0B,42.7MB / 9.68MB,1
2026-07-30 11:45:57,openzen,4.11%,88.6MiB / 30.66GiB,0.28%,0B / 0B,81.6MB / 2.17MB,20
2026-07-30 11:45:57,ouster,12.32%,248MiB / 30.66GiB,0.79%,0B / 0B,184MB / 2.93MB,30
2026-07-30 11:45:57,scovox,68.12%,364.4MiB / 30.66GiB,1.16%,0B / 0B,78.3MB / 7.5MB,53
2026-07-30 11:45:57,mapir-ffmpeg,29.28%,337.2MiB / 30.66GiB,1.07%,0B / 0B,200MB / 1.79MB,33
2026-07-30 11:45:57,trav_ros2,112.86%,488.5MiB / 30.66GiB,1.56%,0B / 0B,125MB / 2.58MB,44
2026-07-30 11:45:57,realsense,28.49%,177.5MiB / 30.66GiB,0.57%,0B / 0B,107MB / 3.34MB,33
2026-07-30 11:45:57,nav2,12.64%,228.1MiB / 30.66GiB,0.73%,0B / 0B,128MB / 1.19MB,92
2026-07-30 11:45:57,glim,79.45%,716.6MiB / 30.66GiB,2.28%,0B / 0B,149MB / 11.7MB,37
2026-07-30 11:46:00,foxglove,13.82%,633.5MiB / 30.66GiB,2.02%,0B / 0B,203MB / 3.51MB,28
2026-07-30 11:46:00,docker-recorder-run-de836728b142,0.00%,22.88MiB / 30.66GiB,0.07%,0B / 0B,42.7MB / 9.68MB,1
2026-07-30 11:46:00,openzen,4.28%,88.85MiB / 30.66GiB,0.28%,0B / 0B,81.6MB / 2.17MB,20
2026-07-30 11:46:00,ouster,7.80%,248.6MiB / 30.66GiB,0.79%,0B / 0B,184MB / 2.93MB,30
2026-07-30 11:46:00,scovox,65.86%,364.4MiB / 30.66GiB,1.16%,0B / 0B,78.3MB / 7.5MB,53
2026-07-30 11:46:00,mapir-ffmpeg,43.94%,336.7MiB / 30.66GiB,1.07%,0B / 0B,200MB / 1.79MB,33
2026-07-30 11:46:00,trav_ros2,117.89%,488.3MiB / 30.66GiB,1.56%,0B / 0B,125MB / 2.58MB,44
2026-07-30 11:46:00,realsense,39.43%,177.8MiB / 30.66GiB,0.57%,0B / 0B,107MB / 3.34MB,33
2026-07-30 11:46:00,nav2,12.87%,228.6MiB / 30.66GiB,0.73%,0B / 0B,128MB / 1.19MB,92
2026-07-30 11:46:00,glim,69.70%,708.8MiB / 30.66GiB,2.26%,0B / 0B,149MB / 11.7MB,37
2026-07-30 11:46:04,foxglove,14.41%,599.6MiB / 30.66GiB,1.91%,0B / 0B,203MB / 3.51MB,28
2026-07-30 11:46:04,docker-recorder-run-de836728b142,0.00%,22.88MiB / 30.66GiB,0.07%,0B / 0B,42.7MB / 9.68MB,1
2026-07-30 11:46:04,openzen,4.42%,88.35MiB / 30.66GiB,0.28%,0B / 0B,81.6MB / 2.17MB,20
2026-07-30 11:46:04,ouster,7.90%,249MiB / 30.66GiB,0.79%,0B / 0B,184MB / 2.93MB,30
2026-07-30 11:46:04,scovox,64.06%,366.5MiB / 30.66GiB,1.17%,0B / 0B,78.3MB / 7.5MB,53
2026-07-30 11:46:04,mapir-ffmpeg,35.23%,336.5MiB / 30.66GiB,1.07%,0B / 0B,200MB / 1.79MB,33
2026-07-30 11:46:04,trav_ros2,112.08%,488.2MiB / 30.66GiB,1.55%,0B / 0B,125MB / 2.58MB,44
2026-07-30 11:46:04,realsense,18.67%,177.8MiB / 30.66GiB,0.57%,0B / 0B,107MB / 3.34MB,33
2026-07-30 11:46:04,nav2,13.09%,228.1MiB / 30.66GiB,0.73%,0B / 0B,128MB / 1.19MB,92
2026-07-30 11:46:04,glim,70.50%,720.4MiB / 30.66GiB,2.29%,0B / 0B,149MB / 11.7MB,37
2026-07-30 11:46:07,foxglove,16.56%,631.7MiB / 30.66GiB,2.01%,0B / 0B,203MB / 3.51MB,28
2026-07-30 11:46:07,docker-recorder-run-de836728b142,0.00%,22.88MiB / 30.66GiB,0.07%,0B / 0B,42.7MB / 9.68MB,1
2026-07-30 11:46:07,openzen,3.84%,88.35MiB / 30.66GiB,0.28%,0B / 0B,81.6MB / 2.17MB,20
2026-07-30 11:46:07,ouster,7.33%,248.7MiB / 30.66GiB,0.79%,0B / 0B,184MB / 2.93MB,30
2026-07-30 11:46:07,scovox,87.01%,326.5MiB / 30.66GiB,1.04%,0B / 0B,78.3MB / 7.5MB,53
2026-07-30 11:46:07,mapir-ffmpeg,37.42%,336.5MiB / 30.66GiB,1.07%,0B / 0B,200MB / 1.79MB,33
2026-07-30 11:46:07,trav_ros2,112.06%,483.7MiB / 30.66GiB,1.54%,0B / 0B,125MB / 2.58MB,44
2026-07-30 11:46:07,realsense,22.82%,177.5MiB / 30.66GiB,0.57%,0B / 0B,107MB / 3.34MB,33
2026-07-30 11:46:07,nav2,12.77%,228.4MiB / 30.66GiB,0.73%,0B / 0B,128MB / 1.19MB,92
2026-07-30 11:46:07,glim,84.19%,737.4MiB / 30.66GiB,2.35%,0B / 0B,149MB / 11.7MB,37
2026-07-30 11:46:10,foxglove,22.68%,631.9MiB / 30.66GiB,2.01%,0B / 0B,203MB / 3.51MB,28
2026-07-30 11:46:10,docker-recorder-run-de836728b142,0.00%,22.88MiB / 30.66GiB,0.07%,0B / 0B,42.7MB / 9.68MB,1
2026-07-30 11:46:10,openzen,3.83%,88.35MiB / 30.66GiB,0.28%,0B / 0B,81.6MB / 2.17MB,20
2026-07-30 11:46:10,ouster,8.00%,248.3MiB / 30.66GiB,0.79%,0B / 0B,184MB / 2.93MB,30
2026-07-30 11:46:10,scovox,67.92%,371.7MiB / 30.66GiB,1.18%,0B / 0B,78.3MB / 7.59MB,53
2026-07-30 11:46:10,mapir-ffmpeg,28.35%,336.7MiB / 30.66GiB,1.07%,0B / 0B,200MB / 1.8MB,33
2026-07-30 11:46:10,trav_ros2,111.46%,484.5MiB / 30.66GiB,1.54%,0B / 0B,125MB / 2.58MB,44
2026-07-30 11:46:10,realsense,18.41%,178MiB / 30.66GiB,0.57%,0B / 0B,107MB / 3.34MB,33
2026-07-30 11:46:10,nav2,13.00%,228.1MiB / 30.66GiB,0.73%,0B / 0B,128MB / 1.19MB,92
2026-07-30 11:46:10,glim,75.31%,740.5MiB / 30.66GiB,2.36%,0B / 0B,149MB / 11.7MB,37
2026-07-30 11:46:13,foxglove,19.75%,631.6MiB / 30.66GiB,2.01%,0B / 0B,203MB / 3.51MB,28
2026-07-30 11:46:13,docker-recorder-run-de836728b142,0.00%,22.88MiB / 30.66GiB,0.07%,0B / 0B,42.7MB / 9.68MB,1
2026-07-30 11:46:13,openzen,3.93%,88.35MiB / 30.66GiB,0.28%,0B / 0B,81.6MB / 2.17MB,20
2026-07-30 11:46:13,ouster,7.58%,248.5MiB / 30.66GiB,0.79%,0B / 0B,184MB / 2.93MB,30
2026-07-30 11:46:13,scovox,85.33%,327.4MiB / 30.66GiB,1.04%,0B / 0B,78.3MB / 7.59MB,53
2026-07-30 11:46:13,mapir-ffmpeg,29.29%,336.7MiB / 30.66GiB,1.07%,0B / 0B,200MB / 1.8MB,33
2026-07-30 11:46:13,trav_ros2,117.03%,482.9MiB / 30.66GiB,1.54%,0B / 0B,125MB / 2.61MB,44
2026-07-30 11:46:13,realsense,44.29%,177.8MiB / 30.66GiB,0.57%,0B / 0B,107MB / 3.34MB,33
2026-07-30 11:46:13,nav2,12.73%,228.3MiB / 30.66GiB,0.73%,0B / 0B,128MB / 1.19MB,92
2026-07-30 11:46:13,glim,72.23%,742.1MiB / 30.66GiB,2.36%,0B / 0B,149MB / 11.7MB,37
2026-07-30 11:46:16,foxglove,20.45%,631MiB / 30.66GiB,2.01%,0B / 0B,203MB / 3.51MB,28
2026-07-30 11:46:16,docker-recorder-run-de836728b142,0.00%,22.88MiB / 30.66GiB,0.07%,0B / 0B,42.7MB / 9.68MB,1
2026-07-30 11:46:16,openzen,4.38%,88.35MiB / 30.66GiB,0.28%,0B / 0B,81.6MB / 2.17MB,20
2026-07-30 11:46:16,ouster,6.94%,248.2MiB / 30.66GiB,0.79%,0B / 0B,184MB / 2.93MB,30
2026-07-30 11:46:16,scovox,71.24%,371.4MiB / 30.66GiB,1.18%,0B / 0B,78.3MB / 7.59MB,53
2026-07-30 11:46:16,mapir-ffmpeg,31.71%,336.5MiB / 30.66GiB,1.07%,0B / 0B,200MB / 1.8MB,33
2026-07-30 11:46:16,trav_ros2,117.81%,487MiB / 30.66GiB,1.55%,0B / 0B,125MB / 2.61MB,44
2026-07-30 11:46:16,realsense,18.05%,177.8MiB / 30.66GiB,0.57%,0B / 0B,107MB / 3.34MB,33
2026-07-30 11:46:16,nav2,11.80%,227.9MiB / 30.66GiB,0.73%,0B / 0B,128MB / 1.19MB,92
2026-07-30 11:46:16,glim,84.26%,747.6MiB / 30.66GiB,2.38%,0B / 0B,149MB / 11.7MB,37
2026-07-30 11:46:19,foxglove,13.39%,633.5MiB / 30.66GiB,2.02%,0B / 0B,203MB / 3.51MB,28
2026-07-30 11:46:19,docker-recorder-run-de836728b142,0.00%,22.88MiB / 30.66GiB,0.07%,0B / 0B,42.7MB / 9.68MB,1
2026-07-30 11:46:19,openzen,3.49%,88.35MiB / 30.66GiB,0.28%,0B / 0B,81.6MB / 2.17MB,20
2026-07-30 11:46:19,ouster,7.71%,248.5MiB / 30.66GiB,0.79%,0B / 0B,184MB / 2.93MB,30
2026-07-30 11:46:19,scovox,83.78%,353.7MiB / 30.66GiB,1.13%,0B / 0B,78.3MB / 7.59MB,53
2026-07-30 11:46:19,mapir-ffmpeg,29.03%,336.5MiB / 30.66GiB,1.07%,0B / 0B,200MB / 1.8MB,33
2026-07-30 11:46:19,trav_ros2,112.19%,487.1MiB / 30.66GiB,1.55%,0B / 0B,125MB / 2.61MB,44
2026-07-30 11:46:19,realsense,39.36%,177.8MiB / 30.66GiB,0.57%,0B / 0B,107MB / 3.34MB,33
2026-07-30 11:46:19,nav2,12.87%,227.8MiB / 30.66GiB,0.73%,0B / 0B,128MB / 1.19MB,92
2026-07-30 11:46:19,glim,78.81%,748.3MiB / 30.66GiB,2.38%,0B / 0B,149MB / 11.7MB,37
2026-07-30 11:46:22,foxglove,13.32%,631.2MiB / 30.66GiB,2.01%,0B / 0B,203MB / 3.51MB,28
2026-07-30 11:46:22,docker-recorder-run-de836728b142,0.00%,22.88MiB / 30.66GiB,0.07%,0B / 0B,42.7MB / 9.68MB,1
2026-07-30 11:46:22,openzen,3.30%,88.6MiB / 30.66GiB,0.28%,0B / 0B,81.6MB / 2.17MB,20
2026-07-30 11:46:22,ouster,9.38%,248.3MiB / 30.66GiB,0.79%,0B / 0B,184MB / 2.93MB,30
2026-07-30 11:46:22,scovox,78.33%,371.1MiB / 30.66GiB,1.18%,0B / 0B,78.3MB / 7.59MB,53
2026-07-30 11:46:22,mapir-ffmpeg,37.66%,336.5MiB / 30.66GiB,1.07%,0B / 0B,200MB / 1.8MB,33
2026-07-30 11:46:22,trav_ros2,113.54%,482.4MiB / 30.66GiB,1.54%,0B / 0B,125MB / 2.61MB,44
2026-07-30 11:46:22,realsense,39.75%,177.8MiB / 30.66GiB,0.57%,0B / 0B,107MB / 3.34MB,33
2026-07-30 11:46:22,nav2,12.98%,227.9MiB / 30.66GiB,0.73%,0B / 0B,128MB / 1.19MB,92
2026-07-30 11:46:22,glim,78.97%,753MiB / 30.66GiB,2.40%,0B / 0B,149MB / 11.7MB,37
2026-07-30 11:46:25,foxglove,14.27%,631.8MiB / 30.66GiB,2.01%,0B / 0B,203MB / 3.51MB,28
2026-07-30 11:46:25,docker-recorder-run-de836728b142,0.00%,22.88MiB / 30.66GiB,0.07%,0B / 0B,42.7MB / 9.68MB,1
2026-07-30 11:46:25,openzen,4.03%,88.61MiB / 30.66GiB,0.28%,0B / 0B,81.6MB / 2.17MB,20
2026-07-30 11:46:25,ouster,7.36%,248.6MiB / 30.66GiB,0.79%,0B / 0B,184MB / 2.93MB,30
2026-07-30 11:46:25,scovox,69.44%,355.6MiB / 30.66GiB,1.13%,0B / 0B,78.3MB / 7.59MB,53
2026-07-30 11:46:25,mapir-ffmpeg,43.19%,336.7MiB / 30.66GiB,1.07%,0B / 0B,200MB / 1.8MB,33
2026-07-30 11:46:25,trav_ros2,112.36%,482.3MiB / 30.66GiB,1.54%,0B / 0B,125MB / 2.61MB,44
2026-07-30 11:46:25,realsense,18.25%,177.5MiB / 30.66GiB,0.57%,0B / 0B,107MB / 3.34MB,33
2026-07-30 11:46:25,nav2,13.76%,227.5MiB / 30.66GiB,0.72%,0B / 0B,128MB / 1.19MB,92
2026-07-30 11:46:25,glim,88.48%,755.8MiB / 30.66GiB,2.41%,0B / 0B,149MB / 11.7MB,37
2026-07-30 11:46:28,foxglove,14.09%,631.5MiB / 30.66GiB,2.01%,0B / 0B,203MB / 3.51MB,28
2026-07-30 11:46:28,docker-recorder-run-de836728b142,0.00%,22.88MiB / 30.66GiB,0.07%,0B / 0B,42.7MB / 9.68MB,1
2026-07-30 11:46:28,openzen,3.86%,88.35MiB / 30.66GiB,0.28%,0B / 0B,81.6MB / 2.17MB,20
2026-07-30 11:46:28,ouster,7.55%,248.4MiB / 30.66GiB,0.79%,0B / 0B,184MB / 2.93MB,30
2026-07-30 11:46:28,scovox,82.37%,326.5MiB / 30.66GiB,1.04%,0B / 0B,78.3MB / 7.59MB,53
2026-07-30 11:46:28,mapir-ffmpeg,30.40%,336.7MiB / 30.66GiB,1.07%,0B / 0B,200MB / 1.8MB,33
2026-07-30 11:46:28,trav_ros2,112.50%,481.3MiB / 30.66GiB,1.53%,0B / 0B,125MB / 2.61MB,44
2026-07-30 11:46:28,realsense,37.41%,177.5MiB / 30.66GiB,0.57%,0B / 0B,107MB / 3.34MB,33
2026-07-30 11:46:28,nav2,13.05%,228.8MiB / 30.66GiB,0.73%,0B / 0B,128MB / 1.19MB,92
2026-07-30 11:46:28,glim,69.72%,746.3MiB / 30.66GiB,2.38%,0B / 0B,149MB / 11.7MB,37
2026-07-30 11:46:31,foxglove,13.63%,632MiB / 30.66GiB,2.01%,0B / 0B,203MB / 3.51MB,28
2026-07-30 11:46:31,docker-recorder-run-de836728b142,0.00%,22.88MiB / 30.66GiB,0.07%,0B / 0B,42.7MB / 9.68MB,1
2026-07-30 11:46:31,openzen,4.47%,88.35MiB / 30.66GiB,0.28%,0B / 0B,81.6MB / 2.17MB,20
2026-07-30 11:46:31,ouster,7.63%,248.9MiB / 30.66GiB,0.79%,0B / 0B,184MB / 2.93MB,30
2026-07-30 11:46:31,scovox,69.70%,358.1MiB / 30.66GiB,1.14%,0B / 0B,78.3MB / 7.59MB,53
2026-07-30 11:46:31,mapir-ffmpeg,41.41%,336.5MiB / 30.66GiB,1.07%,0B / 0B,200MB / 1.8MB,33
2026-07-30 11:46:31,trav_ros2,122.22%,478.8MiB / 30.66GiB,1.52%,0B / 0B,125MB / 2.61MB,44
2026-07-30 11:46:31,realsense,39.61%,177.5MiB / 30.66GiB,0.57%,0B / 0B,107MB / 3.34MB,33
2026-07-30 11:46:31,nav2,13.59%,227.7MiB / 30.66GiB,0.73%,0B / 0B,128MB / 1.19MB,92
2026-07-30 11:46:31,glim,83.48%,752.8MiB / 30.66GiB,2.40%,0B / 0B,149MB / 11.7MB,37
2026-07-30 11:46:34,foxglove,13.50%,631.2MiB / 30.66GiB,2.01%,0B / 0B,203MB / 3.51MB,28
2026-07-30 11:46:34,docker-recorder-run-de836728b142,0.00%,22.88MiB / 30.66GiB,0.07%,0B / 0B,42.7MB / 9.68MB,1
2026-07-30 11:46:34,openzen,3.64%,88.35MiB / 30.66GiB,0.28%,0B / 0B,81.6MB / 2.17MB,20
2026-07-30 11:46:34,ouster,25.31%,248.5MiB / 30.66GiB,0.79%,0B / 0B,184MB / 2.93MB,30
2026-07-30 11:46:34,scovox,89.02%,326.4MiB / 30.66GiB,1.04%,0B / 0B,78.3MB / 7.59MB,53
2026-07-30 11:46:34,mapir-ffmpeg,28.64%,337MiB / 30.66GiB,1.07%,0B / 0B,200MB / 1.8MB,33
2026-07-30 11:46:34,trav_ros2,115.93%,478.3MiB / 30.66GiB,1.52%,0B / 0B,125MB / 2.61MB,44
2026-07-30 11:46:34,realsense,18.75%,178.1MiB / 30.66GiB,0.57%,0B / 0B,107MB / 3.34MB,33
2026-07-30 11:46:34,nav2,13.89%,228.6MiB / 30.66GiB,0.73%,0B / 0B,128MB / 1.19MB,92
2026-07-30 11:46:34,glim,72.15%,754MiB / 30.66GiB,2.40%,0B / 0B,149MB / 11.7MB,37
2026-07-30 11:46:37,foxglove,13.71%,631.4MiB / 30.66GiB,2.01%,0B / 0B,203MB / 3.51MB,28
2026-07-30 11:46:37,docker-recorder-run-de836728b142,0.00%,22.88MiB / 30.66GiB,0.07%,0B / 0B,42.7MB / 9.68MB,1
2026-07-30 11:46:37,openzen,3.80%,88.6MiB / 30.66GiB,0.28%,0B / 0B,81.6MB / 2.17MB,20
2026-07-30 11:46:37,ouster,10.57%,248.4MiB / 30.66GiB,0.79%,0B / 0B,184MB / 2.93MB,30
2026-07-30 11:46:37,scovox,63.26%,362.3MiB / 30.66GiB,1.15%,0B / 0B,78.3MB / 7.59MB,53
2026-07-30 11:46:37,mapir-ffmpeg,44.07%,336.7MiB / 30.66GiB,1.07%,0B / 0B,200MB / 1.8MB,33
2026-07-30 11:46:37,trav_ros2,113.35%,482.6MiB / 30.66GiB,1.54%,0B / 0B,125MB / 2.61MB,44
2026-07-30 11:46:37,realsense,18.52%,177.5MiB / 30.66GiB,0.57%,0B / 0B,107MB / 3.34MB,33
2026-07-30 11:46:37,nav2,13.38%,228.6MiB / 30.66GiB,0.73%,0B / 0B,128MB / 1.19MB,92
2026-07-30 11:46:37,glim,72.40%,754.2MiB / 30.66GiB,2.40%,0B / 0B,149MB / 11.7MB,37
2026-07-30 11:46:40,foxglove,22.41%,631MiB / 30.66GiB,2.01%,0B / 0B,203MB / 3.51MB,28
2026-07-30 11:46:40,docker-recorder-run-de836728b142,0.00%,22.88MiB / 30.66GiB,0.07%,0B / 0B,42.7MB / 9.68MB,1
2026-07-30 11:46:40,openzen,3.63%,88.35MiB / 30.66GiB,0.28%,0B / 0B,81.6MB / 2.17MB,20
2026-07-30 11:46:40,ouster,8.98%,248.5MiB / 30.66GiB,0.79%,0B / 0B,184MB / 2.93MB,30
2026-07-30 11:46:40,scovox,91.32%,326.8MiB / 30.66GiB,1.04%,0B / 0B,78.3MB / 7.67MB,53
2026-07-30 11:46:40,mapir-ffmpeg,32.02%,336.7MiB / 30.66GiB,1.07%,0B / 0B,200MB / 1.8MB,33
2026-07-30 11:46:40,trav_ros2,112.70%,491.1MiB / 30.66GiB,1.56%,0B / 0B,125MB / 2.61MB,44
2026-07-30 11:46:40,realsense,38.96%,177.5MiB / 30.66GiB,0.57%,0B / 0B,107MB / 3.34MB,33
2026-07-30 11:46:40,nav2,14.01%,229.9MiB / 30.66GiB,0.73%,0B / 0B,128MB / 1.19MB,92
2026-07-30 11:46:40,glim,77.98%,757.2MiB / 30.66GiB,2.41%,0B / 0B,149MB / 11.7MB,37
2026-07-30 11:46:43,foxglove,27.85%,598.5MiB / 30.66GiB,1.91%,0B / 0B,203MB / 3.51MB,28
2026-07-30 11:46:43,docker-recorder-run-de836728b142,0.00%,22.88MiB / 30.66GiB,0.07%,0B / 0B,42.7MB / 9.68MB,1
2026-07-30 11:46:43,openzen,4.05%,88.35MiB / 30.66GiB,0.28%,0B / 0B,81.6MB / 2.17MB,20
2026-07-30 11:46:43,ouster,7.33%,248.4MiB / 30.66GiB,0.79%,0B / 0B,184MB / 2.93MB,30
2026-07-30 11:46:43,scovox,66.54%,364.4MiB / 30.66GiB,1.16%,0B / 0B,78.3MB / 7.67MB,53
2026-07-30 11:46:43,mapir-ffmpeg,28.98%,336.5MiB / 30.66GiB,1.07%,0B / 0B,200MB / 1.8MB,33
2026-07-30 11:46:43,trav_ros2,115.37%,488.2MiB / 30.66GiB,1.55%,0B / 0B,125MB / 2.63MB,44
2026-07-30 11:46:43,realsense,18.93%,177.8MiB / 30.66GiB,0.57%,0B / 0B,107MB / 3.34MB,33
2026-07-30 11:46:43,nav2,12.20%,227.9MiB / 30.66GiB,0.73%,0B / 0B,128MB / 1.19MB,92
2026-07-30 11:46:43,glim,77.87%,758.9MiB / 30.66GiB,2.42%,0B / 0B,149MB / 11.7MB,37
2026-07-30 11:46:46,foxglove,17.56%,633.3MiB / 30.66GiB,2.02%,0B / 0B,203MB / 3.51MB,28
2026-07-30 11:46:46,docker-recorder-run-de836728b142,0.00%,22.88MiB / 30.66GiB,0.07%,0B / 0B,42.7MB / 9.68MB,1
2026-07-30 11:46:46,openzen,3.86%,88.35MiB / 30.66GiB,0.28%,0B / 0B,81.6MB / 2.17MB,20
2026-07-30 11:46:46,ouster,7.99%,249.1MiB / 30.66GiB,0.79%,0B / 0B,184MB / 2.93MB,30
2026-07-30 11:46:46,scovox,88.89%,326.2MiB / 30.66GiB,1.04%,0B / 0B,78.3MB / 7.67MB,53
2026-07-30 11:46:46,mapir-ffmpeg,29.42%,336.5MiB / 30.66GiB,1.07%,0B / 0B,200MB / 1.81MB,33
2026-07-30 11:46:46,trav_ros2,118.40%,482.1MiB / 30.66GiB,1.54%,0B / 0B,125MB / 2.63MB,44
2026-07-30 11:46:46,realsense,44.84%,177.5MiB / 30.66GiB,0.57%,0B / 0B,107MB / 3.34MB,33
2026-07-30 11:46:46,nav2,12.23%,227.9MiB / 30.66GiB,0.73%,0B / 0B,128MB / 1.19MB,92
2026-07-30 11:46:46,glim,68.65%,759MiB / 30.66GiB,2.42%,0B / 0B,149MB / 11.7MB,37
2026-07-30 11:46:50,foxglove,16.60%,599.3MiB / 30.66GiB,1.91%,0B / 0B,203MB / 3.51MB,28
2026-07-30 11:46:50,docker-recorder-run-de836728b142,0.00%,22.88MiB / 30.66GiB,0.07%,0B / 0B,42.7MB / 9.68MB,1
2026-07-30 11:46:50,openzen,3.93%,88.35MiB / 30.66GiB,0.28%,0B / 0B,81.6MB / 2.17MB,20
2026-07-30 11:46:50,ouster,8.16%,248.4MiB / 30.66GiB,0.79%,0B / 0B,184MB / 2.93MB,30
2026-07-30 11:46:50,scovox,65.68%,368.9MiB / 30.66GiB,1.17%,0B / 0B,78.3MB / 7.67MB,53
2026-07-30 11:46:50,mapir-ffmpeg,44.25%,336.9MiB / 30.66GiB,1.07%,0B / 0B,200MB / 1.81MB,33
2026-07-30 11:46:50,trav_ros2,114.22%,486.5MiB / 30.66GiB,1.55%,0B / 0B,125MB / 2.63MB,44
2026-07-30 11:46:50,realsense,18.91%,177.8MiB / 30.66GiB,0.57%,0B / 0B,107MB / 3.34MB,33
2026-07-30 11:46:50,nav2,13.06%,227.9MiB / 30.66GiB,0.73%,0B / 0B,128MB / 1.19MB,92
2026-07-30 11:46:50,glim,80.06%,760.2MiB / 30.66GiB,2.42%,0B / 0B,149MB / 11.7MB,37
2026-07-30 11:46:53,foxglove,19.54%,631.3MiB / 30.66GiB,2.01%,0B / 0B,203MB / 3.51MB,28
2026-07-30 11:46:53,docker-recorder-run-de836728b142,0.00%,22.88MiB / 30.66GiB,0.07%,0B / 0B,42.7MB / 9.68MB,1
2026-07-30 11:46:53,openzen,4.59%,88.6MiB / 30.66GiB,0.28%,0B / 0B,81.6MB / 2.17MB,20
2026-07-30 11:46:53,ouster,24.43%,248.6MiB / 30.66GiB,0.79%,0B / 0B,184MB / 2.93MB,30
2026-07-30 11:46:53,scovox,88.58%,326MiB / 30.66GiB,1.04%,0B / 0B,78.3MB / 7.68MB,53
2026-07-30 11:46:53,mapir-ffmpeg,41.64%,336.9MiB / 30.66GiB,1.07%,0B / 0B,200MB / 1.81MB,33
2026-07-30 11:46:53,trav_ros2,113.08%,483.1MiB / 30.66GiB,1.54%,0B / 0B,125MB / 2.63MB,44
2026-07-30 11:46:53,realsense,18.58%,177.8MiB / 30.66GiB,0.57%,0B / 0B,107MB / 3.34MB,33
2026-07-30 11:46:53,nav2,13.65%,228.1MiB / 30.66GiB,0.73%,0B / 0B,128MB / 1.19MB,92
2026-07-30 11:46:53,glim,68.07%,759.7MiB / 30.66GiB,2.42%,0B / 0B,149MB / 11.7MB,37
2026-07-30 11:46:56,foxglove,17.50%,631.6MiB / 30.66GiB,2.01%,0B / 0B,203MB / 3.51MB,28
2026-07-30 11:46:56,docker-recorder-run-de836728b142,0.00%,22.88MiB / 30.66GiB,0.07%,0B / 0B,42.7MB / 9.68MB,1
2026-07-30 11:46:56,openzen,3.86%,88.35MiB / 30.66GiB,0.28%,0B / 0B,81.6MB / 2.17MB,20
2026-07-30 11:46:56,ouster,18.36%,248.8MiB / 30.66GiB,0.79%,0B / 0B,184MB / 2.93MB,30
2026-07-30 11:46:56,scovox,72.03%,371.2MiB / 30.66GiB,1.18%,0B / 0B,78.3MB / 7.68MB,53
2026-07-30 11:46:56,mapir-ffmpeg,40.92%,336.5MiB / 30.66GiB,1.07%,0B / 0B,200MB / 1.81MB,33
2026-07-30 11:46:56,trav_ros2,113.06%,487.9MiB / 30.66GiB,1.55%,0B / 0B,125MB / 2.63MB,44
2026-07-30 11:46:56,realsense,19.67%,177.8MiB / 30.66GiB,0.57%,0B / 0B,107MB / 3.34MB,33
2026-07-30 11:46:56,nav2,13.18%,228.6MiB / 30.66GiB,0.73%,0B / 0B,128MB / 1.19MB,92
2026-07-30 11:46:56,glim,75.90%,760.7MiB / 30.66GiB,2.42%,0B / 0B,149MB / 11.7MB,37
2026-07-30 11:46:59,foxglove,13.02%,631.4MiB / 30.66GiB,2.01%,0B / 0B,203MB / 3.51MB,28
2026-07-30 11:46:59,docker-recorder-run-de836728b142,0.00%,22.88MiB / 30.66GiB,0.07%,0B / 0B,42.7MB / 9.68MB,1
2026-07-30 11:46:59,openzen,3.79%,88.35MiB / 30.66GiB,0.28%,0B / 0B,81.6MB / 2.17MB,20
2026-07-30 11:46:59,ouster,7.38%,248.3MiB / 30.66GiB,0.79%,0B / 0B,184MB / 2.93MB,30
2026-07-30 11:46:59,scovox,79.11%,351.5MiB / 30.66GiB,1.12%,0B / 0B,78.3MB / 7.68MB,53
2026-07-30 11:46:59,mapir-ffmpeg,29.31%,336.5MiB / 30.66GiB,1.07%,0B / 0B,200MB / 1.81MB,33
2026-07-30 11:46:59,trav_ros2,113.94%,478.8MiB / 30.66GiB,1.52%,0B / 0B,125MB / 2.63MB,44
2026-07-30 11:46:59,realsense,17.64%,177.8MiB / 30.66GiB,0.57%,0B / 0B,107MB / 3.34MB,33
2026-07-30 11:46:59,nav2,12.64%,227.9MiB / 30.66GiB,0.73%,0B / 0B,128MB / 1.19MB,92
2026-07-30 11:46:59,glim,64.36%,760.8MiB / 30.66GiB,2.42%,0B / 0B,149MB / 11.7MB,37
2026-07-30 11:47:02,foxglove,25.77%,633.8MiB / 30.66GiB,2.02%,0B / 0B,203MB / 3.51MB,28
2026-07-30 11:47:02,docker-recorder-run-de836728b142,0.00%,22.88MiB / 30.66GiB,0.07%,0B / 0B,42.7MB / 9.68MB,1
2026-07-30 11:47:02,openzen,4.09%,88.6MiB / 30.66GiB,0.28%,0B / 0B,81.6MB / 2.17MB,20
2026-07-30 11:47:02,ouster,7.00%,248.5MiB / 30.66GiB,0.79%,0B / 0B,184MB / 2.93MB,30
2026-07-30 11:47:02,scovox,71.79%,370.9MiB / 30.66GiB,1.18%,0B / 0B,78.3MB / 7.68MB,53
2026-07-30 11:47:02,mapir-ffmpeg,41.54%,336.5MiB / 30.66GiB,1.07%,0B / 0B,200MB / 1.81MB,33
2026-07-30 11:47:02,trav_ros2,116.67%,491.2MiB / 30.66GiB,1.56%,0B / 0B,125MB / 2.63MB,44
2026-07-30 11:47:02,realsense,31.50%,177.5MiB / 30.66GiB,0.57%,0B / 0B,107MB / 3.34MB,33
2026-07-30 11:47:02,nav2,12.41%,228.4MiB / 30.66GiB,0.73%,0B / 0B,128MB / 1.19MB,92
2026-07-30 11:47:02,glim,69.37%,761.6MiB / 30.66GiB,2.43%,0B / 0B,149MB / 11.7MB,37
2026-07-30 11:47:05,foxglove,14.32%,633.8MiB / 30.66GiB,2.02%,0B / 0B,203MB / 3.51MB,28
2026-07-30 11:47:05,docker-recorder-run-de836728b142,0.00%,22.88MiB / 30.66GiB,0.07%,0B / 0B,42.7MB / 9.68MB,1
2026-07-30 11:47:05,openzen,4.68%,88.6MiB / 30.66GiB,0.28%,0B / 0B,81.6MB / 2.17MB,20
2026-07-30 11:47:05,ouster,7.38%,248.7MiB / 30.66GiB,0.79%,0B / 0B,184MB / 2.93MB,30
2026-07-30 11:47:05,scovox,76.44%,353.3MiB / 30.66GiB,1.13%,0B / 0B,78.3MB / 7.68MB,53
2026-07-30 11:47:05,mapir-ffmpeg,29.81%,336.5MiB / 30.66GiB,1.07%,0B / 0B,200MB / 1.81MB,33
2026-07-30 11:47:05,trav_ros2,111.55%,487.8MiB / 30.66GiB,1.55%,0B / 0B,125MB / 2.63MB,44
2026-07-30 11:47:05,realsense,37.08%,177.5MiB / 30.66GiB,0.57%,0B / 0B,107MB / 3.34MB,33
2026-07-30 11:47:05,nav2,14.28%,228.2MiB / 30.66GiB,0.73%,0B / 0B,128MB / 1.19MB,92
2026-07-30 11:47:05,glim,76.40%,762MiB / 30.66GiB,2.43%,0B / 0B,149MB / 11.7MB,37
2026-07-30 11:47:08,foxglove,16.45%,631.7MiB / 30.66GiB,2.01%,0B / 0B,203MB / 3.51MB,28
2026-07-30 11:47:08,docker-recorder-run-de836728b142,0.00%,22.88MiB / 30.66GiB,0.07%,0B / 0B,42.7MB / 9.68MB,1
2026-07-30 11:47:08,openzen,4.01%,88.6MiB / 30.66GiB,0.28%,0B / 0B,81.6MB / 2.17MB,20
2026-07-30 11:47:08,ouster,7.53%,248.9MiB / 30.66GiB,0.79%,0B / 0B,184MB / 2.93MB,30
2026-07-30 11:47:08,scovox,81.75%,326.4MiB / 30.66GiB,1.04%,0B / 0B,78.3MB / 7.68MB,53
2026-07-30 11:47:08,mapir-ffmpeg,28.67%,336.5MiB / 30.66GiB,1.07%,0B / 0B,200MB / 1.81MB,33
2026-07-30 11:47:08,trav_ros2,115.22%,491.5MiB / 30.66GiB,1.57%,0B / 0B,125MB / 2.63MB,44
2026-07-30 11:47:08,realsense,19.49%,177.8MiB / 30.66GiB,0.57%,0B / 0B,107MB / 3.34MB,33
2026-07-30 11:47:08,nav2,13.11%,229.1MiB / 30.66GiB,0.73%,0B / 0B,128MB / 1.19MB,92
2026-07-30 11:47:08,glim,82.75%,762.4MiB / 30.66GiB,2.43%,0B / 0B,149MB / 11.7MB,37
2026-07-30 11:47:11,foxglove,14.46%,633.4MiB / 30.66GiB,2.02%,0B / 0B,203MB / 3.51MB,28
2026-07-30 11:47:11,docker-recorder-run-de836728b142,0.00%,22.88MiB / 30.66GiB,0.07%,0B / 0B,42.7MB / 9.68MB,1
2026-07-30 11:47:11,openzen,4.04%,88.35MiB / 30.66GiB,0.28%,0B / 0B,81.6MB / 2.17MB,20
2026-07-30 11:47:11,ouster,7.38%,248.5MiB / 30.66GiB,0.79%,0B / 0B,184MB / 2.93MB,30
2026-07-30 11:47:11,scovox,69.51%,358.2MiB / 30.66GiB,1.14%,0B / 0B,78.3MB / 7.77MB,53
2026-07-30 11:47:11,mapir-ffmpeg,28.39%,336.5MiB / 30.66GiB,1.07%,0B / 0B,200MB / 1.81MB,33
2026-07-30 11:47:11,trav_ros2,112.74%,487.1MiB / 30.66GiB,1.55%,0B / 0B,125MB / 2.63MB,44
2026-07-30 11:47:11,realsense,18.64%,177.8MiB / 30.66GiB,0.57%,0B / 0B,107MB / 3.34MB,33
2026-07-30 11:47:11,nav2,12.68%,228.6MiB / 30.66GiB,0.73%,0B / 0B,128MB / 1.19MB,92
2026-07-30 11:47:11,glim,66.75%,763.1MiB / 30.66GiB,2.43%,0B / 0B,149MB / 11.7MB,37
2026-07-30 11:47:14,foxglove,18.75%,631.9MiB / 30.66GiB,2.01%,0B / 0B,203MB / 3.51MB,28
2026-07-30 11:47:14,docker-recorder-run-de836728b142,0.00%,22.88MiB / 30.66GiB,0.07%,0B / 0B,42.7MB / 9.68MB,1
2026-07-30 11:47:14,openzen,4.24%,88.35MiB / 30.66GiB,0.28%,0B / 0B,81.6MB / 2.17MB,20
2026-07-30 11:47:14,ouster,7.20%,248.5MiB / 30.66GiB,0.79%,0B / 0B,184MB / 2.93MB,30
2026-07-30 11:47:14,scovox,88.98%,327MiB / 30.66GiB,1.04%,0B / 0B,78.3MB / 7.77MB,53
2026-07-30 11:47:14,mapir-ffmpeg,44.03%,336.7MiB / 30.66GiB,1.07%,0B / 0B,200MB / 1.81MB,33
2026-07-30 11:47:14,trav_ros2,111.11%,487.6MiB / 30.66GiB,1.55%,0B / 0B,125MB / 2.65MB,44
2026-07-30 11:47:14,realsense,18.68%,177.5MiB / 30.66GiB,0.57%,0B / 0B,107MB / 3.34MB,33
2026-07-30 11:47:14,nav2,14.20%,228.4MiB / 30.66GiB,0.73%,0B / 0B,128MB / 1.19MB,92
2026-07-30 11:47:14,glim,67.59%,762.5MiB / 30.66GiB,2.43%,0B / 0B,149MB / 11.7MB,37
2026-07-30 11:47:17,foxglove,13.97%,630.9MiB / 30.66GiB,2.01%,0B / 0B,203MB / 3.51MB,28
2026-07-30 11:47:17,docker-recorder-run-de836728b142,0.00%,22.88MiB / 30.66GiB,0.07%,0B / 0B,42.7MB / 9.68MB,1
2026-07-30 11:47:17,openzen,4.25%,88.6MiB / 30.66GiB,0.28%,0B / 0B,81.6MB / 2.17MB,20
2026-07-30 11:47:17,ouster,12.93%,248.9MiB / 30.66GiB,0.79%,0B / 0B,184MB / 2.93MB,30
2026-07-30 11:47:17,scovox,86.61%,326.4MiB / 30.66GiB,1.04%,0B / 0B,78.3MB / 7.77MB,53
2026-07-30 11:47:17,mapir-ffmpeg,35.73%,336.9MiB / 30.66GiB,1.07%,0B / 0B,200MB / 1.81MB,33
2026-07-30 11:47:17,trav_ros2,111.33%,488.5MiB / 30.66GiB,1.56%,0B / 0B,125MB / 2.65MB,44
2026-07-30 11:47:17,realsense,18.97%,177.8MiB / 30.66GiB,0.57%,0B / 0B,107MB / 3.34MB,33
2026-07-30 11:47:17,nav2,12.69%,227.9MiB / 30.66GiB,0.73%,0B / 0B,128MB / 1.19MB,92
2026-07-30 11:47:17,glim,75.03%,764.3MiB / 30.66GiB,2.43%,0B / 0B,149MB / 11.7MB,37
2026-07-30 11:47:20,foxglove,17.78%,631.2MiB / 30.66GiB,2.01%,0B / 0B,203MB / 3.51MB,28
2026-07-30 11:47:20,docker-recorder-run-de836728b142,0.00%,22.88MiB / 30.66GiB,0.07%,0B / 0B,42.7MB / 9.68MB,1
2026-07-30 11:47:20,openzen,4.09%,88.35MiB / 30.66GiB,0.28%,0B / 0B,81.6MB / 2.17MB,20
2026-07-30 11:47:20,ouster,10.61%,248.6MiB / 30.66GiB,0.79%,0B / 0B,184MB / 2.93MB,30
2026-07-30 11:47:20,scovox,87.66%,326.3MiB / 30.66GiB,1.04%,0B / 0B,78.3MB / 7.77MB,53
2026-07-30 11:47:20,mapir-ffmpeg,30.16%,337.5MiB / 30.66GiB,1.07%,0B / 0B,200MB / 1.82MB,33
2026-07-30 11:47:20,trav_ros2,113.88%,487.9MiB / 30.66GiB,1.55%,0B / 0B,125MB / 2.65MB,44
2026-07-30 11:47:20,realsense,22.58%,177.5MiB / 30.66GiB,0.57%,0B / 0B,107MB / 3.34MB,33
2026-07-30 11:47:20,nav2,13.93%,228.6MiB / 30.66GiB,0.73%,0B / 0B,128MB / 1.19MB,92
2026-07-30 11:47:20,glim,73.59%,763.6MiB / 30.66GiB,2.43%,0B / 0B,149MB / 11.7MB,37
2026-07-30 11:47:23,foxglove,20.75%,600MiB / 30.66GiB,1.91%,0B / 0B,203MB / 3.51MB,28
2026-07-30 11:47:23,docker-recorder-run-de836728b142,0.00%,22.88MiB / 30.66GiB,0.07%,0B / 0B,42.7MB / 9.68MB,1
2026-07-30 11:47:23,openzen,3.66%,88.35MiB / 30.66GiB,0.28%,0B / 0B,81.6MB / 2.17MB,20
2026-07-30 11:47:23,ouster,10.40%,247.9MiB / 30.66GiB,0.79%,0B / 0B,184MB / 2.93MB,30
2026-07-30 11:47:23,scovox,62.11%,362.3MiB / 30.66GiB,1.15%,0B / 0B,78.3MB / 7.77MB,53
2026-07-30 11:47:23,mapir-ffmpeg,29.21%,336.5MiB / 30.66GiB,1.07%,0B / 0B,200MB / 1.82MB,33
2026-07-30 11:47:23,trav_ros2,113.14%,486.1MiB / 30.66GiB,1.55%,0B / 0B,125MB / 2.65MB,44
2026-07-30 11:47:23,realsense,42.95%,177.5MiB / 30.66GiB,0.57%,0B / 0B,107MB / 3.34MB,33
2026-07-30 11:47:23,nav2,12.46%,227.9MiB / 30.66GiB,0.73%,0B / 0B,128MB / 1.19MB,92
2026-07-30 11:47:23,glim,76.18%,764.4MiB / 30.66GiB,2.43%,0B / 0B,149MB / 11.7MB,37
2026-07-30 11:47:26,foxglove,17.73%,631.3MiB / 30.66GiB,2.01%,0B / 0B,203MB / 3.51MB,28
2026-07-30 11:47:26,docker-recorder-run-de836728b142,0.00%,22.88MiB / 30.66GiB,0.07%,0B / 0B,42.7MB / 9.68MB,1
2026-07-30 11:47:26,openzen,3.67%,88.35MiB / 30.66GiB,0.28%,0B / 0B,81.6MB / 2.17MB,20
2026-07-30 11:47:26,ouster,9.97%,248.4MiB / 30.66GiB,0.79%,0B / 0B,184MB / 2.93MB,30
2026-07-30 11:47:26,scovox,92.89%,326.4MiB / 30.66GiB,1.04%,0B / 0B,78.3MB / 7.77MB,53
2026-07-30 11:47:26,mapir-ffmpeg,33.24%,336.5MiB / 30.66GiB,1.07%,0B / 0B,200MB / 1.82MB,33
2026-07-30 11:47:26,trav_ros2,113.47%,488.2MiB / 30.66GiB,1.55%,0B / 0B,125MB / 2.65MB,44
2026-07-30 11:47:26,realsense,29.91%,177.5MiB / 30.66GiB,0.57%,0B / 0B,107MB / 3.34MB,33
2026-07-30 11:47:26,nav2,12.92%,227.9MiB / 30.66GiB,0.73%,0B / 0B,128MB / 1.19MB,92
2026-07-30 11:47:26,glim,77.81%,764.7MiB / 30.66GiB,2.44%,0B / 0B,149MB / 11.7MB,37
2026-07-30 11:47:29,foxglove,15.78%,601.3MiB / 30.66GiB,1.92%,0B / 0B,203MB / 3.51MB,28
2026-07-30 11:47:29,docker-recorder-run-de836728b142,0.00%,22.88MiB / 30.66GiB,0.07%,0B / 0B,42.7MB / 9.68MB,1
2026-07-30 11:47:29,openzen,3.82%,88.35MiB / 30.66GiB,0.28%,0B / 0B,81.6MB / 2.17MB,20
2026-07-30 11:47:29,ouster,10.31%,248.2MiB / 30.66GiB,0.79%,0B / 0B,184MB / 2.93MB,30
2026-07-30 11:47:29,scovox,64.11%,366.5MiB / 30.66GiB,1.17%,0B / 0B,78.3MB / 7.77MB,53
2026-07-30 11:47:29,mapir-ffmpeg,29.40%,336.5MiB / 30.66GiB,1.07%,0B / 0B,200MB / 1.82MB,33
2026-07-30 11:47:29,trav_ros2,113.10%,488.5MiB / 30.66GiB,1.56%,0B / 0B,125MB / 2.65MB,44
2026-07-30 11:47:29,realsense,49.74%,177.5MiB / 30.66GiB,0.57%,0B / 0B,107MB / 3.34MB,33
2026-07-30 11:47:29,nav2,12.00%,228.1MiB / 30.66GiB,0.73%,0B / 0B,128MB / 1.19MB,92
2026-07-30 11:47:29,glim,80.32%,764.9MiB / 30.66GiB,2.44%,0B / 0B,149MB / 11.7MB,37
2026-07-30 11:47:33,foxglove,14.39%,631.9MiB / 30.66GiB,2.01%,0B / 0B,203MB / 3.51MB,28
2026-07-30 11:47:33,docker-recorder-run-de836728b142,0.00%,22.88MiB / 30.66GiB,0.07%,0B / 0B,42.7MB / 9.68MB,1
2026-07-30 11:47:33,openzen,4.26%,88.6MiB / 30.66GiB,0.28%,0B / 0B,81.6MB / 2.17MB,20
2026-07-30 11:47:33,ouster,11.23%,248.7MiB / 30.66GiB,0.79%,0B / 0B,184MB / 2.93MB,30
2026-07-30 11:47:33,scovox,98.05%,327.3MiB / 30.66GiB,1.04%,0B / 0B,78.3MB / 7.77MB,53
2026-07-30 11:47:33,mapir-ffmpeg,30.15%,336.7MiB / 30.66GiB,1.07%,0B / 0B,200MB / 1.82MB,33
2026-07-30 11:47:33,trav_ros2,117.74%,488.1MiB / 30.66GiB,1.55%,0B / 0B,125MB / 2.65MB,44
2026-07-30 11:47:33,realsense,27.44%,177.8MiB / 30.66GiB,0.57%,0B / 0B,107MB / 3.34MB,33
2026-07-30 11:47:33,nav2,14.00%,228.1MiB / 30.66GiB,0.73%,0B / 0B,128MB / 1.19MB,92
2026-07-30 11:47:33,glim,69.74%,764.7MiB / 30.66GiB,2.44%,0B / 0B,149MB / 11.7MB,37
2026-07-30 11:47:36,foxglove,23.33%,599.9MiB / 30.66GiB,1.91%,0B / 0B,203MB / 3.51MB,28
2026-07-30 11:47:36,docker-recorder-run-de836728b142,0.00%,22.88MiB / 30.66GiB,0.07%,0B / 0B,42.7MB / 9.68MB,1
2026-07-30 11:47:36,openzen,4.03%,88.35MiB / 30.66GiB,0.28%,0B / 0B,81.6MB / 2.17MB,20
2026-07-30 11:47:36,ouster,10.16%,249MiB / 30.66GiB,0.79%,0B / 0B,184MB / 2.93MB,30
2026-07-30 11:47:36,scovox,65.05%,369.3MiB / 30.66GiB,1.18%,0B / 0B,78.3MB / 7.77MB,53
2026-07-30 11:47:36,mapir-ffmpeg,29.51%,336.5MiB / 30.66GiB,1.07%,0B / 0B,200MB / 1.82MB,33
2026-07-30 11:47:36,trav_ros2,113.44%,487.9MiB / 30.66GiB,1.55%,0B / 0B,125MB / 2.65MB,44
2026-07-30 11:47:36,realsense,18.34%,177.8MiB / 30.66GiB,0.57%,0B / 0B,107MB / 3.34MB,33
2026-07-30 11:47:36,nav2,12.95%,228.4MiB / 30.66GiB,0.73%,0B / 0B,128MB / 1.19MB,92
2026-07-30 11:47:36,glim,71.19%,766MiB / 30.66GiB,2.44%,0B / 0B,149MB / 11.7MB,37
2026-07-30 11:47:39,foxglove,13.09%,631.3MiB / 30.66GiB,2.01%,0B / 0B,203MB / 3.51MB,28
2026-07-30 11:47:39,docker-recorder-run-de836728b142,0.00%,22.88MiB / 30.66GiB,0.07%,0B / 0B,42.7MB / 9.68MB,1
2026-07-30 11:47:39,openzen,4.31%,88.35MiB / 30.66GiB,0.28%,0B / 0B,81.6MB / 2.17MB,20
2026-07-30 11:47:39,ouster,10.51%,249MiB / 30.66GiB,0.79%,0B / 0B,184MB / 2.93MB,30
2026-07-30 11:47:39,scovox,71.84%,372.2MiB / 30.66GiB,1.19%,0B / 0B,78.3MB / 7.77MB,53
2026-07-30 11:47:39,mapir-ffmpeg,35.24%,336.7MiB / 30.66GiB,1.07%,0B / 0B,200MB / 1.82MB,33
2026-07-30 11:47:39,trav_ros2,114.31%,481.6MiB / 30.66GiB,1.53%,0B / 0B,125MB / 2.65MB,44
2026-07-30 11:47:39,realsense,18.79%,178.3MiB / 30.66GiB,0.57%,0B / 0B,107MB / 3.34MB,33
2026-07-30 11:47:39,nav2,13.44%,228.1MiB / 30.66GiB,0.73%,0B / 0B,128MB / 1.19MB,92
2026-07-30 11:47:39,glim,79.73%,765.5MiB / 30.66GiB,2.44%,0B / 0B,149MB / 11.7MB,37
2026-07-30 11:47:42,foxglove,18.39%,631.7MiB / 30.66GiB,2.01%,0B / 0B,203MB / 3.51MB,28
2026-07-30 11:47:42,docker-recorder-run-de836728b142,0.00%,22.88MiB / 30.66GiB,0.07%,0B / 0B,42.7MB / 9.68MB,1
2026-07-30 11:47:42,openzen,3.67%,88.35MiB / 30.66GiB,0.28%,0B / 0B,81.6MB / 2.17MB,20
2026-07-30 11:47:42,ouster,11.21%,248.3MiB / 30.66GiB,0.79%,0B / 0B,184MB / 2.93MB,30
2026-07-30 11:47:42,scovox,83.63%,342MiB / 30.66GiB,1.09%,0B / 0B,78.3MB / 7.77MB,53
2026-07-30 11:47:42,mapir-ffmpeg,42.77%,336.5MiB / 30.66GiB,1.07%,0B / 0B,200MB / 1.82MB,33
2026-07-30 11:47:42,trav_ros2,119.79%,482.7MiB / 30.66GiB,1.54%,0B / 0B,125MB / 2.65MB,44
2026-07-30 11:47:42,realsense,18.59%,177.8MiB / 30.66GiB,0.57%,0B / 0B,107MB / 3.34MB,33
2026-07-30 11:47:42,nav2,12.77%,227.6MiB / 30.66GiB,0.73%,0B / 0B,128MB / 1.19MB,92
2026-07-30 11:47:42,glim,82.14%,766.1MiB / 30.66GiB,2.44%,0B / 0B,149MB / 11.7MB,37
2026-07-30 11:47:45,foxglove,16.10%,633.5MiB / 30.66GiB,2.02%,0B / 0B,203MB / 3.51MB,28
2026-07-30 11:47:45,docker-recorder-run-de836728b142,0.00%,22.88MiB / 30.66GiB,0.07%,0B / 0B,42.7MB / 9.68MB,1
2026-07-30 11:47:45,openzen,4.42%,88.35MiB / 30.66GiB,0.28%,0B / 0B,81.6MB / 2.17MB,20
2026-07-30 11:47:45,ouster,10.48%,248.1MiB / 30.66GiB,0.79%,0B / 0B,184MB / 2.93MB,30
2026-07-30 11:47:45,scovox,82.25%,351.4MiB / 30.66GiB,1.12%,0B / 0B,78.3MB / 7.86MB,53
2026-07-30 11:47:45,mapir-ffmpeg,29.42%,336.9MiB / 30.66GiB,1.07%,0B / 0B,200MB / 1.82MB,33
2026-07-30 11:47:45,trav_ros2,113.00%,482MiB / 30.66GiB,1.54%,0B / 0B,125MB / 2.67MB,44
2026-07-30 11:47:45,realsense,22.21%,177.5MiB / 30.66GiB,0.57%,0B / 0B,107MB / 3.34MB,33
2026-07-30 11:47:45,nav2,14.51%,228.6MiB / 30.66GiB,0.73%,0B / 0B,128MB / 1.19MB,92
2026-07-30 11:47:45,glim,78.28%,766.2MiB / 30.66GiB,2.44%,0B / 0B,149MB / 11.7MB,37
2026-07-30 11:47:48,foxglove,20.45%,633.6MiB / 30.66GiB,2.02%,0B / 0B,203MB / 3.51MB,28
2026-07-30 11:47:48,docker-recorder-run-de836728b142,0.00%,22.88MiB / 30.66GiB,0.07%,0B / 0B,42.7MB / 9.68MB,1
2026-07-30 11:47:48,openzen,5.14%,88.35MiB / 30.66GiB,0.28%,0B / 0B,81.6MB / 2.17MB,20
2026-07-30 11:47:48,ouster,9.34%,248.6MiB / 30.66GiB,0.79%,0B / 0B,184MB / 2.93MB,30
2026-07-30 11:47:48,scovox,78.67%,371.1MiB / 30.66GiB,1.18%,0B / 0B,78.3MB / 7.86MB,53
2026-07-30 11:47:48,mapir-ffmpeg,39.86%,336.7MiB / 30.66GiB,1.07%,0B / 0B,200MB / 1.82MB,33
2026-07-30 11:47:48,trav_ros2,111.08%,481.4MiB / 30.66GiB,1.53%,0B / 0B,125MB / 2.67MB,44
2026-07-30 11:47:48,realsense,25.49%,177.5MiB / 30.66GiB,0.57%,0B / 0B,107MB / 3.34MB,33
2026-07-30 11:47:48,nav2,13.35%,228.3MiB / 30.66GiB,0.73%,0B / 0B,128MB / 1.19MB,92
2026-07-30 11:47:48,glim,72.46%,766.8MiB / 30.66GiB,2.44%,0B / 0B,149MB / 11.7MB,37
2026-07-30 11:47:51,foxglove,20.48%,631.8MiB / 30.66GiB,2.01%,0B / 0B,203MB / 3.51MB,28
2026-07-30 11:47:51,docker-recorder-run-de836728b142,0.00%,22.88MiB / 30.66GiB,0.07%,0B / 0B,42.7MB / 9.68MB,1
2026-07-30 11:47:51,openzen,3.30%,88.35MiB / 30.66GiB,0.28%,0B / 0B,81.6MB / 2.17MB,20
2026-07-30 11:47:51,ouster,7.48%,248.1MiB / 30.66GiB,0.79%,0B / 0B,184MB / 2.93MB,30
2026-07-30 11:47:51,scovox,68.88%,353.8MiB / 30.66GiB,1.13%,0B / 0B,78.3MB / 7.86MB,53
2026-07-30 11:47:51,mapir-ffmpeg,42.32%,336.5MiB / 30.66GiB,1.07%,0B / 0B,200MB / 1.82MB,33
2026-07-30 11:47:51,trav_ros2,110.77%,482.2MiB / 30.66GiB,1.54%,0B / 0B,125MB / 2.67MB,44
2026-07-30 11:47:51,realsense,20.57%,177.8MiB / 30.66GiB,0.57%,0B / 0B,107MB / 3.34MB,33
2026-07-30 11:47:51,nav2,12.46%,228.1MiB / 30.66GiB,0.73%,0B / 0B,128MB / 1.19MB,92
2026-07-30 11:47:51,glim,74.29%,754MiB / 30.66GiB,2.40%,0B / 0B,149MB / 11.7MB,37
2026-07-30 11:47:54,foxglove,16.47%,633.7MiB / 30.66GiB,2.02%,0B / 0B,203MB / 3.51MB,28
2026-07-30 11:47:54,docker-recorder-run-de836728b142,0.00%,22.88MiB / 30.66GiB,0.07%,0B / 0B,42.7MB / 9.68MB,1
2026-07-30 11:47:54,openzen,4.10%,88.35MiB / 30.66GiB,0.28%,0B / 0B,81.6MB / 2.17MB,20
2026-07-30 11:47:54,ouster,7.43%,248.1MiB / 30.66GiB,0.79%,0B / 0B,184MB / 2.93MB,30
2026-07-30 11:47:54,scovox,83.74%,326.6MiB / 30.66GiB,1.04%,0B / 0B,78.3MB / 7.86MB,53
2026-07-30 11:47:54,mapir-ffmpeg,28.37%,336.5MiB / 30.66GiB,1.07%,0B / 0B,200MB / 1.84MB,33
2026-07-30 11:47:54,trav_ros2,112.26%,478MiB / 30.66GiB,1.52%,0B / 0B,125MB / 2.67MB,44
2026-07-30 11:47:54,realsense,28.67%,178MiB / 30.66GiB,0.57%,0B / 0B,107MB / 3.34MB,33
2026-07-30 11:47:54,nav2,13.82%,227.9MiB / 30.66GiB,0.73%,0B / 0B,128MB / 1.19MB,92
2026-07-30 11:47:54,glim,65.57%,754.9MiB / 30.66GiB,2.40%,0B / 0B,149MB / 11.7MB,37
2026-07-30 11:47:57,foxglove,13.33%,633.6MiB / 30.66GiB,2.02%,0B / 0B,203MB / 3.51MB,28
2026-07-30 11:47:57,docker-recorder-run-de836728b142,0.00%,22.88MiB / 30.66GiB,0.07%,0B / 0B,42.7MB / 9.68MB,1
2026-07-30 11:47:57,openzen,3.36%,88.6MiB / 30.66GiB,0.28%,0B / 0B,81.6MB / 2.17MB,20
2026-07-30 11:47:57,ouster,7.15%,248.9MiB / 30.66GiB,0.79%,0B / 0B,184MB / 2.93MB,30
2026-07-30 11:47:57,scovox,66.27%,357.8MiB / 30.66GiB,1.14%,0B / 0B,78.3MB / 7.86MB,53
2026-07-30 11:47:57,mapir-ffmpeg,34.38%,337.2MiB / 30.66GiB,1.07%,0B / 0B,200MB / 1.84MB,33
2026-07-30 11:47:57,trav_ros2,121.75%,486.9MiB / 30.66GiB,1.55%,0B / 0B,125MB / 2.67MB,44
2026-07-30 11:47:57,realsense,37.48%,177.8MiB / 30.66GiB,0.57%,0B / 0B,107MB / 3.34MB,33
2026-07-30 11:47:57,nav2,12.64%,228.6MiB / 30.66GiB,0.73%,0B / 0B,128MB / 1.19MB,92
2026-07-30 11:47:57,glim,75.65%,754.5MiB / 30.66GiB,2.40%,0B / 0B,149MB / 11.7MB,37
2026-07-30 11:48:00,foxglove,20.29%,631.4MiB / 30.66GiB,2.01%,0B / 0B,203MB / 3.51MB,28
2026-07-30 11:48:00,docker-recorder-run-de836728b142,0.00%,22.88MiB / 30.66GiB,0.07%,0B / 0B,42.7MB / 9.68MB,1
2026-07-30 11:48:00,openzen,3.83%,88.36MiB / 30.66GiB,0.28%,0B / 0B,81.6MB / 2.17MB,20
2026-07-30 11:48:00,ouster,7.55%,248.4MiB / 30.66GiB,0.79%,0B / 0B,184MB / 2.93MB,30
2026-07-30 11:48:00,scovox,86.44%,326.2MiB / 30.66GiB,1.04%,0B / 0B,78.3MB / 7.86MB,53
2026-07-30 11:48:00,mapir-ffmpeg,28.88%,337MiB / 30.66GiB,1.07%,0B / 0B,200MB / 1.84MB,33
2026-07-30 11:48:00,trav_ros2,111.00%,482.2MiB / 30.66GiB,1.54%,0B / 0B,125MB / 2.67MB,44
2026-07-30 11:48:00,realsense,18.76%,177.5MiB / 30.66GiB,0.57%,0B / 0B,107MB / 3.34MB,33
2026-07-30 11:48:00,nav2,14.23%,229.3MiB / 30.66GiB,0.73%,0B / 0B,128MB / 1.19MB,92
2026-07-30 11:48:00,glim,73.62%,755.4MiB / 30.66GiB,2.41%,0B / 0B,149MB / 11.7MB,37
2026-07-30 11:48:03,foxglove,27.54%,633.5MiB / 30.66GiB,2.02%,0B / 0B,203MB / 3.51MB,28
2026-07-30 11:48:03,docker-recorder-run-de836728b142,0.00%,22.88MiB / 30.66GiB,0.07%,0B / 0B,42.7MB / 9.68MB,1
2026-07-30 11:48:03,openzen,3.85%,88.6MiB / 30.66GiB,0.28%,0B / 0B,81.6MB / 2.17MB,20
2026-07-30 11:48:03,ouster,7.24%,248.4MiB / 30.66GiB,0.79%,0B / 0B,184MB / 2.93MB,30
2026-07-30 11:48:03,scovox,67.00%,362.5MiB / 30.66GiB,1.15%,0B / 0B,78.3MB / 7.86MB,53
2026-07-30 11:48:03,mapir-ffmpeg,28.05%,336.7MiB / 30.66GiB,1.07%,0B / 0B,200MB / 1.84MB,33
2026-07-30 11:48:03,trav_ros2,113.62%,488MiB / 30.66GiB,1.55%,0B / 0B,125MB / 2.67MB,44
2026-07-30 11:48:03,realsense,18.98%,177.8MiB / 30.66GiB,0.57%,0B / 0B,107MB / 3.34MB,33
2026-07-30 11:48:03,nav2,12.69%,228.1MiB / 30.66GiB,0.73%,0B / 0B,128MB / 1.19MB,92
2026-07-30 11:48:03,glim,84.84%,755.9MiB / 30.66GiB,2.41%,0B / 0B,149MB / 11.7MB,37
2026-07-30 11:48:06,foxglove,14.85%,633.2MiB / 30.66GiB,2.02%,0B / 0B,203MB / 3.51MB,28
2026-07-30 11:48:06,docker-recorder-run-de836728b142,0.00%,22.88MiB / 30.66GiB,0.07%,0B / 0B,42.7MB / 9.68MB,1
2026-07-30 11:48:06,openzen,3.65%,88.35MiB / 30.66GiB,0.28%,0B / 0B,81.6MB / 2.17MB,20
2026-07-30 11:48:06,ouster,7.78%,248.9MiB / 30.66GiB,0.79%,0B / 0B,184MB / 2.93MB,30
2026-07-30 11:48:06,scovox,90.70%,326.7MiB / 30.66GiB,1.04%,0B / 0B,78.3MB / 7.86MB,53
2026-07-30 11:48:06,mapir-ffmpeg,42.96%,336.5MiB / 30.66GiB,1.07%,0B / 0B,200MB / 1.84MB,33
2026-07-30 11:48:06,trav_ros2,112.61%,488.4MiB / 30.66GiB,1.56%,0B / 0B,125MB / 2.67MB,44
2026-07-30 11:48:06,realsense,19.06%,177.8MiB / 30.66GiB,0.57%,0B / 0B,107MB / 3.34MB,33
2026-07-30 11:48:06,nav2,12.78%,227.9MiB / 30.66GiB,0.73%,0B / 0B,128MB / 1.19MB,92
2026-07-30 11:48:06,glim,66.94%,756.5MiB / 30.66GiB,2.41%,0B / 0B,149MB / 11.7MB,37
2026-07-30 11:48:09,foxglove,23.04%,599.6MiB / 30.66GiB,1.91%,0B / 0B,203MB / 3.51MB,28
2026-07-30 11:48:09,docker-recorder-run-de836728b142,0.00%,22.88MiB / 30.66GiB,0.07%,0B / 0B,42.7MB / 9.68MB,1
2026-07-30 11:48:09,openzen,3.39%,88.36MiB / 30.66GiB,0.28%,0B / 0B,81.6MB / 2.17MB,20
2026-07-30 11:48:09,ouster,7.48%,248.2MiB / 30.66GiB,0.79%,0B / 0B,184MB / 2.93MB,30
2026-07-30 11:48:09,scovox,66.33%,365.8MiB / 30.66GiB,1.17%,0B / 0B,78.3MB / 7.86MB,53
2026-07-30 11:48:09,mapir-ffmpeg,34.51%,337.5MiB / 30.66GiB,1.07%,0B / 0B,200MB / 1.84MB,33
2026-07-30 11:48:09,trav_ros2,112.87%,482.3MiB / 30.66GiB,1.54%,0B / 0B,125MB / 2.67MB,44
2026-07-30 11:48:09,realsense,28.96%,177.8MiB / 30.66GiB,0.57%,0B / 0B,107MB / 3.34MB,33
2026-07-30 11:48:09,nav2,12.71%,228.1MiB / 30.66GiB,0.73%,0B / 0B,128MB / 1.19MB,92
2026-07-30 11:48:09,glim,77.87%,756.2MiB / 30.66GiB,2.41%,0B / 0B,149MB / 11.7MB,37
2026-07-30 11:48:12,foxglove,13.77%,631.1MiB / 30.66GiB,2.01%,0B / 0B,203MB / 3.51MB,28
2026-07-30 11:48:12,docker-recorder-run-de836728b142,0.00%,22.88MiB / 30.66GiB,0.07%,0B / 0B,42.7MB / 9.68MB,1
2026-07-30 11:48:12,openzen,4.20%,88.35MiB / 30.66GiB,0.28%,0B / 0B,81.6MB / 2.17MB,20
2026-07-30 11:48:12,ouster,7.58%,248.4MiB / 30.66GiB,0.79%,0B / 0B,184MB / 2.93MB,30
2026-07-30 11:48:12,scovox,93.52%,326.8MiB / 30.66GiB,1.04%,0B / 0B,78.3MB / 7.95MB,53
2026-07-30 11:48:12,mapir-ffmpeg,37.78%,337MiB / 30.66GiB,1.07%,0B / 0B,200MB / 1.84MB,33
2026-07-30 11:48:12,trav_ros2,118.03%,481.9MiB / 30.66GiB,1.53%,0B / 0B,125MB / 2.67MB,44
2026-07-30 11:48:12,realsense,21.35%,178MiB / 30.66GiB,0.57%,0B / 0B,107MB / 3.34MB,33
2026-07-30 11:48:12,nav2,13.05%,227.9MiB / 30.66GiB,0.73%,0B / 0B,128MB / 1.19MB,92
2026-07-30 11:48:12,glim,66.91%,756.6MiB / 30.66GiB,2.41%,0B / 0B,149MB / 11.7MB,37
2026-07-30 11:48:16,foxglove,13.45%,599.5MiB / 30.66GiB,1.91%,0B / 0B,203MB / 3.51MB,28
2026-07-30 11:48:16,docker-recorder-run-de836728b142,0.00%,22.88MiB / 30.66GiB,0.07%,0B / 0B,42.7MB / 9.68MB,1
2026-07-30 11:48:16,openzen,4.64%,88.35MiB / 30.66GiB,0.28%,0B / 0B,81.6MB / 2.17MB,20
2026-07-30 11:48:16,ouster,7.42%,248.3MiB / 30.66GiB,0.79%,0B / 0B,184MB / 2.93MB,30
2026-07-30 11:48:16,scovox,68.06%,368.6MiB / 30.66GiB,1.17%,0B / 0B,78.3MB / 7.95MB,53
2026-07-30 11:48:16,mapir-ffmpeg,31.85%,336.5MiB / 30.66GiB,1.07%,0B / 0B,200MB / 1.84MB,33
2026-07-30 11:48:16,trav_ros2,111.44%,485.7MiB / 30.66GiB,1.55%,0B / 0B,125MB / 2.69MB,44
2026-07-30 11:48:16,realsense,40.39%,177.5MiB / 30.66GiB,0.57%,0B / 0B,107MB / 3.34MB,33
2026-07-30 11:48:16,nav2,13.34%,228.1MiB / 30.66GiB,0.73%,0B / 0B,128MB / 1.19MB,92
2026-07-30 11:48:16,glim,82.10%,773.2MiB / 30.66GiB,2.46%,0B / 0B,149MB / 11.7MB,37
2026-07-30 11:48:19,foxglove,16.54%,631.7MiB / 30.66GiB,2.01%,0B / 0B,203MB / 3.51MB,28
2026-07-30 11:48:19,docker-recorder-run-de836728b142,0.00%,22.88MiB / 30.66GiB,0.07%,0B / 0B,42.7MB / 9.68MB,1
2026-07-30 11:48:19,openzen,3.74%,88.35MiB / 30.66GiB,0.28%,0B / 0B,81.6MB / 2.17MB,20
2026-07-30 11:48:19,ouster,7.55%,248.1MiB / 30.66GiB,0.79%,0B / 0B,184MB / 2.93MB,30
2026-07-30 11:48:19,scovox,96.20%,326.3MiB / 30.66GiB,1.04%,0B / 0B,78.3MB / 7.95MB,53
2026-07-30 11:48:19,mapir-ffmpeg,44.01%,337.2MiB / 30.66GiB,1.07%,0B / 0B,200MB / 1.84MB,33
2026-07-30 11:48:19,trav_ros2,113.61%,482MiB / 30.66GiB,1.54%,0B / 0B,125MB / 2.69MB,44
2026-07-30 11:48:19,realsense,28.65%,177.8MiB / 30.66GiB,0.57%,0B / 0B,107MB / 3.34MB,33
2026-07-30 11:48:19,nav2,13.25%,228.6MiB / 30.66GiB,0.73%,0B / 0B,128MB / 1.19MB,92
2026-07-30 11:48:19,glim,73.48%,784.1MiB / 30.66GiB,2.50%,0B / 0B,149MB / 11.7MB,37
2026-07-30 11:48:22,foxglove,17.10%,632.1MiB / 30.66GiB,2.01%,0B / 0B,203MB / 3.51MB,28
2026-07-30 11:48:22,docker-recorder-run-de836728b142,0.00%,22.88MiB / 30.66GiB,0.07%,0B / 0B,42.7MB / 9.68MB,1
2026-07-30 11:48:22,openzen,3.29%,88.35MiB / 30.66GiB,0.28%,0B / 0B,81.6MB / 2.17MB,20
2026-07-30 11:48:22,ouster,6.98%,248.2MiB / 30.66GiB,0.79%,0B / 0B,184MB / 2.93MB,30
2026-07-30 11:48:22,scovox,68.84%,373.2MiB / 30.66GiB,1.19%,0B / 0B,78.3MB / 7.95MB,53
2026-07-30 11:48:22,mapir-ffmpeg,43.46%,336.5MiB / 30.66GiB,1.07%,0B / 0B,200MB / 1.84MB,33
2026-07-30 11:48:22,trav_ros2,111.41%,482.4MiB / 30.66GiB,1.54%,0B / 0B,125MB / 2.69MB,44
2026-07-30 11:48:22,realsense,19.77%,177.8MiB / 30.66GiB,0.57%,0B / 0B,107MB / 3.34MB,33
2026-07-30 11:48:22,nav2,12.84%,228.4MiB / 30.66GiB,0.73%,0B / 0B,128MB / 1.19MB,92
2026-07-30 11:48:22,glim,84.29%,784MiB / 30.66GiB,2.50%,0B / 0B,149MB / 11.7MB,37
2026-07-30 11:48:25,foxglove,19.23%,632.1MiB / 30.66GiB,2.01%,0B / 0B,203MB / 3.51MB,28
2026-07-30 11:48:25,docker-recorder-run-de836728b142,0.00%,22.88MiB / 30.66GiB,0.07%,0B / 0B,42.7MB / 9.68MB,1
2026-07-30 11:48:25,openzen,4.40%,88.6MiB / 30.66GiB,0.28%,0B / 0B,81.6MB / 2.17MB,20
2026-07-30 11:48:25,ouster,8.36%,248.4MiB / 30.66GiB,0.79%,0B / 0B,184MB / 2.93MB,30
2026-07-30 11:48:25,scovox,90.16%,352.1MiB / 30.66GiB,1.12%,0B / 0B,78.3MB / 7.95MB,53
2026-07-30 11:48:25,mapir-ffmpeg,29.74%,337.2MiB / 30.66GiB,1.07%,0B / 0B,200MB / 1.84MB,33
2026-07-30 11:48:25,trav_ros2,113.27%,491.5MiB / 30.66GiB,1.57%,0B / 0B,125MB / 2.69MB,44
2026-07-30 11:48:25,realsense,39.26%,177.8MiB / 30.66GiB,0.57%,0B / 0B,107MB / 3.34MB,33
2026-07-30 11:48:25,nav2,13.21%,228.9MiB / 30.66GiB,0.73%,0B / 0B,128MB / 1.19MB,92
2026-07-30 11:48:25,glim,77.87%,784MiB / 30.66GiB,2.50%,0B / 0B,149MB / 11.7MB,37
2026-07-30 11:48:28,foxglove,13.88%,631.7MiB / 30.66GiB,2.01%,0B / 0B,203MB / 3.51MB,28
2026-07-30 11:48:28,docker-recorder-run-de836728b142,0.00%,22.88MiB / 30.66GiB,0.07%,0B / 0B,42.7MB / 9.68MB,1
2026-07-30 11:48:28,openzen,3.79%,88.6MiB / 30.66GiB,0.28%,0B / 0B,81.6MB / 2.17MB,20
2026-07-30 11:48:28,ouster,8.07%,249.2MiB / 30.66GiB,0.79%,0B / 0B,184MB / 2.93MB,30
2026-07-30 11:48:28,scovox,77.30%,373.1MiB / 30.66GiB,1.19%,0B / 0B,78.3MB / 7.95MB,53
2026-07-30 11:48:28,mapir-ffmpeg,29.09%,336.7MiB / 30.66GiB,1.07%,0B / 0B,200MB / 1.84MB,33
2026-07-30 11:48:28,trav_ros2,115.76%,517.9MiB / 30.66GiB,1.65%,0B / 0B,125MB / 2.69MB,44
2026-07-30 11:48:28,realsense,19.76%,177.5MiB / 30.66GiB,0.57%,0B / 0B,107MB / 3.34MB,33
2026-07-30 11:48:28,nav2,13.29%,227.7MiB / 30.66GiB,0.73%,0B / 0B,128MB / 1.19MB,92
2026-07-30 11:48:28,glim,89.46%,784MiB / 30.66GiB,2.50%,0B / 0B,149MB / 11.7MB,37
2026-07-30 11:48:31,foxglove,43.31%,632.2MiB / 30.66GiB,2.01%,0B / 0B,203MB / 3.51MB,28
2026-07-30 11:48:31,docker-recorder-run-de836728b142,0.00%,22.88MiB / 30.66GiB,0.07%,0B / 0B,42.7MB / 9.68MB,1
2026-07-30 11:48:31,openzen,3.81%,88.35MiB / 30.66GiB,0.28%,0B / 0B,81.6MB / 2.17MB,20
2026-07-30 11:48:31,ouster,7.86%,247.9MiB / 30.66GiB,0.79%,0B / 0B,184MB / 2.93MB,30
2026-07-30 11:48:31,scovox,78.00%,373.2MiB / 30.66GiB,1.19%,0B / 0B,78.3MB / 7.95MB,53
2026-07-30 11:48:31,mapir-ffmpeg,32.73%,336.5MiB / 30.66GiB,1.07%,0B / 0B,200MB / 1.85MB,33
2026-07-30 11:48:31,trav_ros2,112.90%,483.3MiB / 30.66GiB,1.54%,0B / 0B,125MB / 2.69MB,44
2026-07-30 11:48:31,realsense,17.81%,177.5MiB / 30.66GiB,0.57%,0B / 0B,107MB / 3.34MB,33
2026-07-30 11:48:31,nav2,12.69%,227.9MiB / 30.66GiB,0.73%,0B / 0B,128MB / 1.19MB,92
2026-07-30 11:48:31,glim,67.41%,767.5MiB / 30.66GiB,2.44%,0B / 0B,149MB / 11.7MB,37
2026-07-30 11:48:34,foxglove,14.48%,631.4MiB / 30.66GiB,2.01%,0B / 0B,203MB / 3.51MB,28
2026-07-30 11:48:34,docker-recorder-run-de836728b142,0.00%,22.88MiB / 30.66GiB,0.07%,0B / 0B,42.7MB / 9.68MB,1
2026-07-30 11:48:34,openzen,4.51%,88.36MiB / 30.66GiB,0.28%,0B / 0B,81.6MB / 2.17MB,20
2026-07-30 11:48:34,ouster,8.36%,248.4MiB / 30.66GiB,0.79%,0B / 0B,184MB / 2.93MB,30
2026-07-30 11:48:34,scovox,85.37%,357MiB / 30.66GiB,1.14%,0B / 0B,78.3MB / 7.95MB,53
2026-07-30 11:48:34,mapir-ffmpeg,41.99%,336.7MiB / 30.66GiB,1.07%,0B / 0B,200MB / 1.85MB,33
2026-07-30 11:48:34,trav_ros2,112.36%,487.4MiB / 30.66GiB,1.55%,0B / 0B,125MB / 2.69MB,44
2026-07-30 11:48:34,realsense,36.94%,178.3MiB / 30.66GiB,0.57%,0B / 0B,107MB / 3.34MB,33
2026-07-30 11:48:34,nav2,13.43%,228.6MiB / 30.66GiB,0.73%,0B / 0B,128MB / 1.19MB,92
2026-07-30 11:48:34,glim,78.13%,765MiB / 30.66GiB,2.44%,0B / 0B,149MB / 11.7MB,37
2026-07-30 11:48:37,foxglove,18.54%,631.8MiB / 30.66GiB,2.01%,0B / 0B,203MB / 3.51MB,28
2026-07-30 11:48:37,docker-recorder-run-de836728b142,0.00%,22.88MiB / 30.66GiB,0.07%,0B / 0B,42.7MB / 9.68MB,1
2026-07-30 11:48:37,openzen,3.52%,88.85MiB / 30.66GiB,0.28%,0B / 0B,81.6MB / 2.17MB,20
2026-07-30 11:48:37,ouster,24.16%,248.1MiB / 30.66GiB,0.79%,0B / 0B,184MB / 2.93MB,30
2026-07-30 11:48:37,scovox,75.05%,356.7MiB / 30.66GiB,1.14%,0B / 0B,78.3MB / 7.95MB,53
2026-07-30 11:48:37,mapir-ffmpeg,28.71%,336.5MiB / 30.66GiB,1.07%,0B / 0B,200MB / 1.85MB,33
2026-07-30 11:48:37,trav_ros2,114.60%,487.8MiB / 30.66GiB,1.55%,0B / 0B,125MB / 2.69MB,44
2026-07-30 11:48:37,realsense,18.97%,177.5MiB / 30.66GiB,0.57%,0B / 0B,107MB / 3.34MB,33
2026-07-30 11:48:37,nav2,12.68%,228.4MiB / 30.66GiB,0.73%,0B / 0B,128MB / 1.19MB,92
2026-07-30 11:48:37,glim,75.22%,765.5MiB / 30.66GiB,2.44%,0B / 0B,149MB / 11.7MB,37
2026-07-30 11:48:40,foxglove,19.20%,634MiB / 30.66GiB,2.02%,0B / 0B,203MB / 3.51MB,28
2026-07-30 11:48:40,docker-recorder-run-de836728b142,0.00%,22.88MiB / 30.66GiB,0.07%,0B / 0B,42.7MB / 9.68MB,1
2026-07-30 11:48:40,openzen,3.63%,88.35MiB / 30.66GiB,0.28%,0B / 0B,81.6MB / 2.17MB,20
2026-07-30 11:48:40,ouster,10.19%,248.3MiB / 30.66GiB,0.79%,0B / 0B,184MB / 2.93MB,30
2026-07-30 11:48:40,scovox,87.40%,326.5MiB / 30.66GiB,1.04%,0B / 0B,78.3MB / 7.95MB,53
2026-07-30 11:48:40,mapir-ffmpeg,30.73%,336.5MiB / 30.66GiB,1.07%,0B / 0B,200MB / 1.85MB,33
2026-07-30 11:48:40,trav_ros2,112.39%,488.2MiB / 30.66GiB,1.55%,0B / 0B,125MB / 2.69MB,44
2026-07-30 11:48:40,realsense,19.62%,177.8MiB / 30.66GiB,0.57%,0B / 0B,107MB / 3.34MB,33
2026-07-30 11:48:40,nav2,13.18%,228.2MiB / 30.66GiB,0.73%,0B / 0B,128MB / 1.19MB,92
2026-07-30 11:48:40,glim,81.20%,760.1MiB / 30.66GiB,2.42%,0B / 0B,149MB / 11.7MB,37
2026-07-30 11:48:43,foxglove,16.06%,631.2MiB / 30.66GiB,2.01%,0B / 0B,203MB / 3.51MB,28
2026-07-30 11:48:43,docker-recorder-run-de836728b142,0.00%,22.88MiB / 30.66GiB,0.07%,0B / 0B,42.7MB / 9.68MB,1
2026-07-30 11:48:43,openzen,4.38%,88.35MiB / 30.66GiB,0.28%,0B / 0B,81.6MB / 2.17MB,20
2026-07-30 11:48:43,ouster,11.09%,248.8MiB / 30.66GiB,0.79%,0B / 0B,184MB / 2.93MB,30
2026-07-30 11:48:43,scovox,71.14%,359.3MiB / 30.66GiB,1.14%,0B / 0B,78.3MB / 8.04MB,53
2026-07-30 11:48:43,mapir-ffmpeg,30.25%,336.7MiB / 30.66GiB,1.07%,0B / 0B,200MB / 1.85MB,33
2026-07-30 11:48:43,trav_ros2,112.92%,488.2MiB / 30.66GiB,1.55%,0B / 0B,125MB / 2.69MB,44
2026-07-30 11:48:43,realsense,33.98%,177.5MiB / 30.66GiB,0.57%,0B / 0B,107MB / 3.34MB,33
2026-07-30 11:48:43,nav2,13.62%,228.1MiB / 30.66GiB,0.73%,0B / 0B,128MB / 1.19MB,92
2026-07-30 11:48:43,glim,74.19%,765.7MiB / 30.66GiB,2.44%,0B / 0B,149MB / 11.7MB,37
2026-07-30 11:48:46,foxglove,25.00%,632.1MiB / 30.66GiB,2.01%,0B / 0B,203MB / 3.51MB,28
2026-07-30 11:48:46,docker-recorder-run-de836728b142,0.00%,22.88MiB / 30.66GiB,0.07%,0B / 0B,42.7MB / 9.68MB,1
2026-07-30 11:48:46,openzen,3.74%,88.35MiB / 30.66GiB,0.28%,0B / 0B,81.6MB / 2.17MB,20
2026-07-30 11:48:46,ouster,10.03%,248.6MiB / 30.66GiB,0.79%,0B / 0B,184MB / 2.93MB,30
2026-07-30 11:48:46,scovox,91.21%,326.3MiB / 30.66GiB,1.04%,0B / 0B,78.3MB / 8.04MB,53
2026-07-30 11:48:46,mapir-ffmpeg,29.25%,336.5MiB / 30.66GiB,1.07%,0B / 0B,200MB / 1.85MB,33
2026-07-30 11:48:46,trav_ros2,111.90%,483.6MiB / 30.66GiB,1.54%,0B / 0B,125MB / 2.71MB,44
2026-07-30 11:48:46,realsense,30.94%,177.5MiB / 30.66GiB,0.57%,0B / 0B,107MB / 3.34MB,33
2026-07-30 11:48:46,nav2,13.24%,227.9MiB / 30.66GiB,0.73%,0B / 0B,128MB / 1.19MB,92
2026-07-30 11:48:46,glim,73.21%,766.9MiB / 30.66GiB,2.44%,0B / 0B,149MB / 11.7MB,37
2026-07-30 11:48:49,foxglove,13.88%,631.6MiB / 30.66GiB,2.01%,0B / 0B,203MB / 3.51MB,28
2026-07-30 11:48:49,docker-recorder-run-de836728b142,0.00%,22.88MiB / 30.66GiB,0.07%,0B / 0B,42.7MB / 9.68MB,1
2026-07-30 11:48:49,openzen,3.95%,88.6MiB / 30.66GiB,0.28%,0B / 0B,81.6MB / 2.17MB,20
2026-07-30 11:48:49,ouster,9.47%,248.2MiB / 30.66GiB,0.79%,0B / 0B,184MB / 2.93MB,30
2026-07-30 11:48:49,scovox,65.89%,364.5MiB / 30.66GiB,1.16%,0B / 0B,78.3MB / 8.04MB,53
2026-07-30 11:48:49,mapir-ffmpeg,41.84%,336.7MiB / 30.66GiB,1.07%,0B / 0B,200MB / 1.85MB,33
2026-07-30 11:48:49,trav_ros2,111.54%,487.3MiB / 30.66GiB,1.55%,0B / 0B,125MB / 2.71MB,44
2026-07-30 11:48:49,realsense,37.82%,177.5MiB / 30.66GiB,0.57%,0B / 0B,107MB / 3.34MB,33
2026-07-30 11:48:49,nav2,13.18%,228.1MiB / 30.66GiB,0.73%,0B / 0B,128MB / 1.19MB,92
2026-07-30 11:48:49,glim,79.96%,767.1MiB / 30.66GiB,2.44%,0B / 0B,149MB / 11.7MB,37
2026-07-30 11:48:52,foxglove,14.44%,631.3MiB / 30.66GiB,2.01%,0B / 0B,203MB / 3.51MB,28
2026-07-30 11:48:52,docker-recorder-run-de836728b142,0.00%,22.88MiB / 30.66GiB,0.07%,0B / 0B,42.7MB / 9.68MB,1
2026-07-30 11:48:52,openzen,4.03%,88.85MiB / 30.66GiB,0.28%,0B / 0B,81.6MB / 2.17MB,20
2026-07-30 11:48:52,ouster,8.51%,248.4MiB / 30.66GiB,0.79%,0B / 0B,184MB / 2.93MB,30
2026-07-30 11:48:52,scovox,91.62%,326.5MiB / 30.66GiB,1.04%,0B / 0B,78.3MB / 8.04MB,53
2026-07-30 11:48:52,mapir-ffmpeg,29.85%,337.2MiB / 30.66GiB,1.07%,0B / 0B,200MB / 1.85MB,33
2026-07-30 11:48:52,trav_ros2,117.17%,488.3MiB / 30.66GiB,1.56%,0B / 0B,125MB / 2.71MB,44
2026-07-30 11:48:52,realsense,38.92%,177.5MiB / 30.66GiB,0.57%,0B / 0B,107MB / 3.34MB,33
2026-07-30 11:48:52,nav2,13.21%,228.2MiB / 30.66GiB,0.73%,0B / 0B,128MB / 1.19MB,92
2026-07-30 11:48:52,glim,81.32%,767.2MiB / 30.66GiB,2.44%,0B / 0B,149MB / 11.7MB,37
2026-07-30 11:48:55,foxglove,14.30%,599.4MiB / 30.66GiB,1.91%,0B / 0B,203MB / 3.51MB,28
2026-07-30 11:48:55,docker-recorder-run-de836728b142,0.00%,22.88MiB / 30.66GiB,0.07%,0B / 0B,42.7MB / 9.68MB,1
2026-07-30 11:48:55,openzen,3.75%,88.35MiB / 30.66GiB,0.28%,0B / 0B,81.6MB / 2.17MB,20
2026-07-30 11:48:55,ouster,7.39%,248.9MiB / 30.66GiB,0.79%,0B / 0B,184MB / 2.93MB,30
2026-07-30 11:48:55,scovox,68.21%,365.9MiB / 30.66GiB,1.17%,0B / 0B,78.3MB / 8.04MB,53
2026-07-30 11:48:55,mapir-ffmpeg,45.38%,336.5MiB / 30.66GiB,1.07%,0B / 0B,200MB / 1.85MB,33
2026-07-30 11:48:55,trav_ros2,110.88%,488.4MiB / 30.66GiB,1.56%,0B / 0B,125MB / 2.71MB,44
2026-07-30 11:48:55,realsense,18.53%,177.8MiB / 30.66GiB,0.57%,0B / 0B,107MB / 3.34MB,33
2026-07-30 11:48:55,nav2,13.85%,228.6MiB / 30.66GiB,0.73%,0B / 0B,128MB / 1.19MB,92
2026-07-30 11:48:55,glim,97.30%,768.2MiB / 30.66GiB,2.45%,0B / 0B,149MB / 11.7MB,37
2026-07-30 11:48:59,foxglove,16.03%,630.9MiB / 30.66GiB,2.01%,0B / 0B,203MB / 3.51MB,28
2026-07-30 11:48:59,docker-recorder-run-de836728b142,0.00%,22.88MiB / 30.66GiB,0.07%,0B / 0B,42.7MB / 9.68MB,1
2026-07-30 11:48:59,openzen,3.62%,88.6MiB / 30.66GiB,0.28%,0B / 0B,81.6MB / 2.17MB,20
2026-07-30 11:48:59,ouster,7.34%,248.6MiB / 30.66GiB,0.79%,0B / 0B,184MB / 2.93MB,30
2026-07-30 11:48:59,scovox,89.40%,326.6MiB / 30.66GiB,1.04%,0B / 0B,78.3MB / 8.04MB,53
2026-07-30 11:48:59,mapir-ffmpeg,44.61%,336.7MiB / 30.66GiB,1.07%,0B / 0B,200MB / 1.85MB,33
2026-07-30 11:48:59,trav_ros2,111.57%,482.5MiB / 30.66GiB,1.54%,0B / 0B,125MB / 2.71MB,44
2026-07-30 11:48:59,realsense,29.85%,177.8MiB / 30.66GiB,0.57%,0B / 0B,107MB / 3.34MB,33
2026-07-30 11:48:59,nav2,12.84%,228.4MiB / 30.66GiB,0.73%,0B / 0B,128MB / 1.19MB,92
2026-07-30 11:48:59,glim,74.36%,771.3MiB / 30.66GiB,2.46%,0B / 0B,149MB / 11.7MB,37
2026-07-30 11:49:02,foxglove,20.97%,599.1MiB / 30.66GiB,1.91%,0B / 0B,203MB / 3.51MB,28
2026-07-30 11:49:02,docker-recorder-run-de836728b142,0.00%,22.88MiB / 30.66GiB,0.07%,0B / 0B,42.7MB / 9.68MB,1
2026-07-30 11:49:02,openzen,4.33%,88.35MiB / 30.66GiB,0.28%,0B / 0B,81.6MB / 2.17MB,20
2026-07-30 11:49:02,ouster,7.23%,248.8MiB / 30.66GiB,0.79%,0B / 0B,184MB / 2.93MB,30
2026-07-30 11:49:02,scovox,67.44%,370.7MiB / 30.66GiB,1.18%,0B / 0B,78.3MB / 8.04MB,53
2026-07-30 11:49:02,mapir-ffmpeg,29.45%,336.5MiB / 30.66GiB,1.07%,0B / 0B,200MB / 1.85MB,33
2026-07-30 11:49:02,trav_ros2,110.80%,486.5MiB / 30.66GiB,1.55%,0B / 0B,125MB / 2.71MB,44
2026-07-30 11:49:02,realsense,25.00%,177.5MiB / 30.66GiB,0.57%,0B / 0B,107MB / 3.34MB,33
2026-07-30 11:49:02,nav2,12.45%,227.9MiB / 30.66GiB,0.73%,0B / 0B,128MB / 1.19MB,92
2026-07-30 11:49:02,glim,77.49%,771.7MiB / 30.66GiB,2.46%,0B / 0B,149MB / 11.7MB,37
2026-07-30 11:49:05,foxglove,20.98%,633.5MiB / 30.66GiB,2.02%,0B / 0B,203MB / 3.51MB,28
2026-07-30 11:49:05,docker-recorder-run-de836728b142,0.00%,22.88MiB / 30.66GiB,0.07%,0B / 0B,42.7MB / 9.68MB,1
2026-07-30 11:49:05,openzen,4.55%,88.35MiB / 30.66GiB,0.28%,0B / 0B,81.6MB / 2.17MB,20
2026-07-30 11:49:05,ouster,8.22%,248.6MiB / 30.66GiB,0.79%,0B / 0B,184MB / 2.93MB,30
2026-07-30 11:49:05,scovox,93.83%,326.6MiB / 30.66GiB,1.04%,0B / 0B,78.3MB / 8.04MB,53
2026-07-30 11:49:05,mapir-ffmpeg,30.96%,336.7MiB / 30.66GiB,1.07%,0B / 0B,200MB / 1.86MB,33
2026-07-30 11:49:05,trav_ros2,111.07%,488.5MiB / 30.66GiB,1.56%,0B / 0B,125MB / 2.71MB,44
2026-07-30 11:49:05,realsense,19.59%,177.8MiB / 30.66GiB,0.57%,0B / 0B,107MB / 3.34MB,33
2026-07-30 11:49:05,nav2,14.76%,227.9MiB / 30.66GiB,0.73%,0B / 0B,128MB / 1.19MB,92
2026-07-30 11:49:05,glim,84.29%,774.5MiB / 30.66GiB,2.47%,0B / 0B,149MB / 11.7MB,37
2026-07-30 11:49:08,foxglove,12.91%,631.2MiB / 30.66GiB,2.01%,0B / 0B,203MB / 3.51MB,28
2026-07-30 11:49:08,docker-recorder-run-de836728b142,0.00%,22.88MiB / 30.66GiB,0.07%,0B / 0B,42.7MB / 9.68MB,1
2026-07-30 11:49:08,openzen,3.92%,88.35MiB / 30.66GiB,0.28%,0B / 0B,81.6MB / 2.17MB,20
2026-07-30 11:49:08,ouster,8.12%,247.9MiB / 30.66GiB,0.79%,0B / 0B,184MB / 2.93MB,30
2026-07-30 11:49:08,scovox,76.46%,372.8MiB / 30.66GiB,1.19%,0B / 0B,78.3MB / 8.04MB,53
2026-07-30 11:49:08,mapir-ffmpeg,43.43%,336.7MiB / 30.66GiB,1.07%,0B / 0B,200MB / 1.86MB,33
2026-07-30 11:49:08,trav_ros2,111.94%,488.6MiB / 30.66GiB,1.56%,0B / 0B,125MB / 2.71MB,44
2026-07-30 11:49:08,realsense,42.64%,177.5MiB / 30.66GiB,0.57%,0B / 0B,107MB / 3.34MB,33
2026-07-30 11:49:08,nav2,12.83%,228.1MiB / 30.66GiB,0.73%,0B / 0B,128MB / 1.19MB,92
2026-07-30 11:49:08,glim,69.01%,789.4MiB / 30.66GiB,2.51%,0B / 0B,149MB / 11.7MB,37
2026-07-30 11:49:11,foxglove,13.30%,633.6MiB / 30.66GiB,2.02%,0B / 0B,203MB / 3.51MB,28
2026-07-30 11:49:11,docker-recorder-run-de836728b142,0.00%,22.88MiB / 30.66GiB,0.07%,0B / 0B,42.7MB / 9.68MB,1
2026-07-30 11:49:11,openzen,3.71%,88.35MiB / 30.66GiB,0.28%,0B / 0B,81.6MB / 2.17MB,20
2026-07-30 11:49:11,ouster,10.55%,248.6MiB / 30.66GiB,0.79%,0B / 0B,184MB / 2.93MB,30
2026-07-30 11:49:11,scovox,82.33%,352.3MiB / 30.66GiB,1.12%,0B / 0B,78.3MB / 8.04MB,53
2026-07-30 11:49:11,mapir-ffmpeg,36.81%,336.5MiB / 30.66GiB,1.07%,0B / 0B,200MB / 1.86MB,33
2026-07-30 11:49:11,trav_ros2,113.78%,483.5MiB / 30.66GiB,1.54%,0B / 0B,125MB / 2.71MB,44
2026-07-30 11:49:11,realsense,18.39%,177.8MiB / 30.66GiB,0.57%,0B / 0B,107MB / 3.34MB,33
2026-07-30 11:49:11,nav2,13.07%,228.6MiB / 30.66GiB,0.73%,0B / 0B,128MB / 1.19MB,92
2026-07-30 11:49:11,glim,73.61%,790.9MiB / 30.66GiB,2.52%,0B / 0B,149MB / 11.7MB,37
2026-07-30 11:49:14,foxglove,24.85%,633.5MiB / 30.66GiB,2.02%,0B / 0B,203MB / 3.51MB,28
2026-07-30 11:49:14,docker-recorder-run-de836728b142,0.00%,22.88MiB / 30.66GiB,0.07%,0B / 0B,42.7MB / 9.68MB,1
2026-07-30 11:49:14,openzen,4.28%,88.35MiB / 30.66GiB,0.28%,0B / 0B,81.6MB / 2.17MB,20
2026-07-30 11:49:14,ouster,10.77%,248MiB / 30.66GiB,0.79%,0B / 0B,184MB / 2.93MB,30
2026-07-30 11:49:14,scovox,85.68%,352.4MiB / 30.66GiB,1.12%,0B / 0B,78.3MB / 8.04MB,53
2026-07-30 11:49:14,mapir-ffmpeg,28.73%,336.5MiB / 30.66GiB,1.07%,0B / 0B,200MB / 1.86MB,33
2026-07-30 11:49:14,trav_ros2,113.04%,481.4MiB / 30.66GiB,1.53%,0B / 0B,125MB / 2.71MB,44
2026-07-30 11:49:14,realsense,18.85%,178.5MiB / 30.66GiB,0.57%,0B / 0B,107MB / 3.34MB,33
2026-07-30 11:49:14,nav2,13.03%,228.1MiB / 30.66GiB,0.73%,0B / 0B,128MB / 1.19MB,92
2026-07-30 11:49:14,glim,82.67%,791.9MiB / 30.66GiB,2.52%,0B / 0B,149MB / 11.7MB,37
2026-07-30 11:49:17,foxglove,20.37%,631.9MiB / 30.66GiB,2.01%,0B / 0B,203MB / 3.51MB,28
2026-07-30 11:49:17,docker-recorder-run-de836728b142,0.00%,22.88MiB / 30.66GiB,0.07%,0B / 0B,42.7MB / 9.68MB,1
2026-07-30 11:49:17,openzen,3.84%,88.6MiB / 30.66GiB,0.28%,0B / 0B,81.6MB / 2.17MB,20
2026-07-30 11:49:17,ouster,10.35%,248.3MiB / 30.66GiB,0.79%,0B / 0B,184MB / 2.93MB,30
2026-07-30 11:49:17,scovox,79.24%,354.7MiB / 30.66GiB,1.13%,0B / 0B,78.3MB / 8.13MB,53
2026-07-30 11:49:17,mapir-ffmpeg,29.53%,336.5MiB / 30.66GiB,1.07%,0B / 0B,200MB / 1.86MB,33
2026-07-30 11:49:17,trav_ros2,119.19%,487.9MiB / 30.66GiB,1.55%,0B / 0B,125MB / 2.74MB,44
2026-07-30 11:49:17,realsense,18.02%,177.5MiB / 30.66GiB,0.57%,0B / 0B,107MB / 3.34MB,33
2026-07-30 11:49:17,nav2,12.91%,228.1MiB / 30.66GiB,0.73%,0B / 0B,128MB / 1.19MB,92
2026-07-30 11:49:17,glim,74.21%,795.7MiB / 30.66GiB,2.53%,0B / 0B,149MB / 11.7MB,37
2026-07-30 11:49:20,foxglove,14.83%,631.8MiB / 30.66GiB,2.01%,0B / 0B,203MB / 3.51MB,28
2026-07-30 11:49:20,docker-recorder-run-de836728b142,0.00%,22.88MiB / 30.66GiB,0.07%,0B / 0B,42.7MB / 9.68MB,1
2026-07-30 11:49:20,openzen,3.98%,88.61MiB / 30.66GiB,0.28%,0B / 0B,81.6MB / 2.17MB,20
2026-07-30 11:49:20,ouster,7.11%,248.3MiB / 30.66GiB,0.79%,0B / 0B,184MB / 2.93MB,30
2026-07-30 11:49:20,scovox,82.59%,326.9MiB / 30.66GiB,1.04%,0B / 0B,78.3MB / 8.13MB,53
2026-07-30 11:49:20,mapir-ffmpeg,28.53%,336.5MiB / 30.66GiB,1.07%,0B / 0B,200MB / 1.86MB,33
2026-07-30 11:49:20,trav_ros2,114.50%,493.8MiB / 30.66GiB,1.57%,0B / 0B,125MB / 2.74MB,44
2026-07-30 11:49:20,realsense,18.18%,177.8MiB / 30.66GiB,0.57%,0B / 0B,107MB / 3.34MB,33
2026-07-30 11:49:20,nav2,12.15%,228.6MiB / 30.66GiB,0.73%,0B / 0B,128MB / 1.19MB,92
2026-07-30 11:49:20,glim,74.02%,800.4MiB / 30.66GiB,2.55%,0B / 0B,149MB / 11.7MB,37
2026-07-30 11:49:23,foxglove,12.32%,631.2MiB / 30.66GiB,2.01%,0B / 0B,203MB / 3.51MB,28
2026-07-30 11:49:23,docker-recorder-run-de836728b142,0.00%,22.88MiB / 30.66GiB,0.07%,0B / 0B,42.7MB / 9.68MB,1
2026-07-30 11:49:23,openzen,4.06%,88.35MiB / 30.66GiB,0.28%,0B / 0B,81.6MB / 2.17MB,20
2026-07-30 11:49:23,ouster,7.63%,248.6MiB / 30.66GiB,0.79%,0B / 0B,184MB / 2.93MB,30
2026-07-30 11:49:23,scovox,77.64%,359.2MiB / 30.66GiB,1.14%,0B / 0B,78.3MB / 8.13MB,53
2026-07-30 11:49:23,mapir-ffmpeg,43.02%,336.7MiB / 30.66GiB,1.07%,0B / 0B,200MB / 1.86MB,33
2026-07-30 11:49:23,trav_ros2,113.14%,481.9MiB / 30.66GiB,1.53%,0B / 0B,125MB / 2.74MB,44
2026-07-30 11:49:23,realsense,26.49%,177.5MiB / 30.66GiB,0.57%,0B / 0B,107MB / 3.34MB,33
2026-07-30 11:49:23,nav2,13.27%,228.1MiB / 30.66GiB,0.73%,0B / 0B,128MB / 1.19MB,92
2026-07-30 11:49:23,glim,79.52%,799.9MiB / 30.66GiB,2.55%,0B / 0B,149MB / 11.7MB,37
2026-07-30 11:49:26,foxglove,16.75%,631.7MiB / 30.66GiB,2.01%,0B / 0B,203MB / 3.51MB,28
2026-07-30 11:49:26,docker-recorder-run-de836728b142,0.00%,22.88MiB / 30.66GiB,0.07%,0B / 0B,42.7MB / 9.68MB,1
2026-07-30 11:49:26,openzen,4.15%,88.35MiB / 30.66GiB,0.28%,0B / 0B,81.6MB / 2.17MB,20
2026-07-30 11:49:26,ouster,20.01%,248.8MiB / 30.66GiB,0.79%,0B / 0B,184MB / 2.93MB,30
2026-07-30 11:49:26,scovox,87.94%,326.2MiB / 30.66GiB,1.04%,0B / 0B,78.3MB / 8.13MB,53
2026-07-30 11:49:26,mapir-ffmpeg,28.85%,336.5MiB / 30.66GiB,1.07%,0B / 0B,200MB / 1.86MB,33
2026-07-30 11:49:26,trav_ros2,112.75%,481.4MiB / 30.66GiB,1.53%,0B / 0B,125MB / 2.74MB,44
2026-07-30 11:49:26,realsense,19.51%,177.5MiB / 30.66GiB,0.57%,0B / 0B,107MB / 3.34MB,33
2026-07-30 11:49:26,nav2,12.68%,228.4MiB / 30.66GiB,0.73%,0B / 0B,128MB / 1.19MB,92
2026-07-30 11:49:26,glim,80.23%,795.7MiB / 30.66GiB,2.53%,0B / 0B,149MB / 11.7MB,37
2026-07-30 11:49:29,foxglove,22.01%,630.9MiB / 30.66GiB,2.01%,0B / 0B,203MB / 3.51MB,28
2026-07-30 11:49:29,docker-recorder-run-de836728b142,0.00%,22.88MiB / 30.66GiB,0.07%,0B / 0B,42.7MB / 9.68MB,1
2026-07-30 11:49:29,openzen,3.94%,88.36MiB / 30.66GiB,0.28%,0B / 0B,81.6MB / 2.17MB,20
2026-07-30 11:49:29,ouster,10.28%,248.7MiB / 30.66GiB,0.79%,0B / 0B,184MB / 2.93MB,30
2026-07-30 11:49:29,scovox,66.62%,361.3MiB / 30.66GiB,1.15%,0B / 0B,78.3MB / 8.13MB,53
2026-07-30 11:49:29,mapir-ffmpeg,28.97%,336.5MiB / 30.66GiB,1.07%,0B / 0B,200MB / 1.86MB,33
2026-07-30 11:49:29,trav_ros2,114.82%,492.6MiB / 30.66GiB,1.57%,0B / 0B,125MB / 2.74MB,44
2026-07-30 11:49:29,realsense,19.08%,177.8MiB / 30.66GiB,0.57%,0B / 0B,107MB / 3.34MB,33
2026-07-30 11:49:29,nav2,13.12%,228.4MiB / 30.66GiB,0.73%,0B / 0B,128MB / 1.19MB,92
2026-07-30 11:49:29,glim,76.95%,799.5MiB / 30.66GiB,2.55%,0B / 0B,149MB / 11.7MB,37
2026-07-30 11:49:32,foxglove,19.79%,632MiB / 30.66GiB,2.01%,0B / 0B,203MB / 3.51MB,28
2026-07-30 11:49:32,docker-recorder-run-de836728b142,0.00%,22.88MiB / 30.66GiB,0.07%,0B / 0B,42.7MB / 9.68MB,1
2026-07-30 11:49:32,openzen,4.24%,88.35MiB / 30.66GiB,0.28%,0B / 0B,81.6MB / 2.17MB,20
2026-07-30 11:49:32,ouster,7.07%,248.4MiB / 30.66GiB,0.79%,0B / 0B,184MB / 2.93MB,30
2026-07-30 11:49:32,scovox,91.12%,325.9MiB / 30.66GiB,1.04%,0B / 0B,78.3MB / 8.13MB,53
2026-07-30 11:49:32,mapir-ffmpeg,31.89%,337MiB / 30.66GiB,1.07%,0B / 0B,200MB / 1.86MB,33
2026-07-30 11:49:32,trav_ros2,118.33%,490.9MiB / 30.66GiB,1.56%,0B / 0B,125MB / 2.74MB,44
2026-07-30 11:49:32,realsense,30.50%,177.5MiB / 30.66GiB,0.57%,0B / 0B,107MB / 3.34MB,33
2026-07-30 11:49:32,nav2,13.39%,228.2MiB / 30.66GiB,0.73%,0B / 0B,128MB / 1.19MB,92
2026-07-30 11:49:32,glim,68.66%,798.7MiB / 30.66GiB,2.54%,0B / 0B,149MB / 11.7MB,37
2026-07-30 11:49:35,foxglove,16.39%,605.1MiB / 30.66GiB,1.93%,0B / 0B,203MB / 3.51MB,28
2026-07-30 11:49:35,docker-recorder-run-de836728b142,0.00%,22.88MiB / 30.66GiB,0.07%,0B / 0B,42.7MB / 9.68MB,1
2026-07-30 11:49:35,openzen,3.82%,88.35MiB / 30.66GiB,0.28%,0B / 0B,81.6MB / 2.17MB,20
2026-07-30 11:49:35,ouster,7.99%,248MiB / 30.66GiB,0.79%,0B / 0B,184MB / 2.93MB,30
2026-07-30 11:49:35,scovox,68.80%,364.2MiB / 30.66GiB,1.16%,0B / 0B,78.3MB / 8.13MB,53
2026-07-30 11:49:35,mapir-ffmpeg,28.43%,336.7MiB / 30.66GiB,1.07%,0B / 0B,200MB / 1.86MB,33
2026-07-30 11:49:35,trav_ros2,113.37%,484.7MiB / 30.66GiB,1.54%,0B / 0B,125MB / 2.74MB,44
2026-07-30 11:49:35,realsense,30.46%,177.5MiB / 30.66GiB,0.57%,0B / 0B,107MB / 3.34MB,33
2026-07-30 11:49:35,nav2,12.41%,228.2MiB / 30.66GiB,0.73%,0B / 0B,128MB / 1.19MB,92
2026-07-30 11:49:35,glim,74.11%,799.5MiB / 30.66GiB,2.55%,0B / 0B,149MB / 11.7MB,37
2026-07-30 11:49:38,foxglove,18.09%,637.7MiB / 30.66GiB,2.03%,0B / 0B,203MB / 3.51MB,28
2026-07-30 11:49:38,docker-recorder-run-de836728b142,0.00%,22.88MiB / 30.66GiB,0.07%,0B / 0B,42.7MB / 9.68MB,1
2026-07-30 11:49:38,openzen,4.37%,88.35MiB / 30.66GiB,0.28%,0B / 0B,81.6MB / 2.17MB,20
2026-07-30 11:49:38,ouster,7.41%,247.8MiB / 30.66GiB,0.79%,0B / 0B,184MB / 2.93MB,30
2026-07-30 11:49:38,scovox,92.34%,326.5MiB / 30.66GiB,1.04%,0B / 0B,78.3MB / 8.13MB,53
2026-07-30 11:49:38,mapir-ffmpeg,29.90%,336.7MiB / 30.66GiB,1.07%,0B / 0B,200MB / 1.86MB,33
2026-07-30 11:49:38,trav_ros2,112.97%,490.9MiB / 30.66GiB,1.56%,0B / 0B,125MB / 2.74MB,44
2026-07-30 11:49:38,realsense,39.61%,178MiB / 30.66GiB,0.57%,0B / 0B,107MB / 3.34MB,33
2026-07-30 11:49:38,nav2,14.00%,227.9MiB / 30.66GiB,0.73%,0B / 0B,128MB / 1.19MB,92
2026-07-30 11:49:38,glim,76.35%,787.5MiB / 30.66GiB,2.51%,0B / 0B,149MB / 11.7MB,37
2026-07-30 11:49:41,foxglove,13.46%,604.8MiB / 30.66GiB,1.93%,0B / 0B,203MB / 3.51MB,28
2026-07-30 11:49:41,docker-recorder-run-de836728b142,0.00%,22.88MiB / 30.66GiB,0.07%,0B / 0B,42.7MB / 9.68MB,1
2026-07-30 11:49:41,openzen,4.58%,88.35MiB / 30.66GiB,0.28%,0B / 0B,81.6MB / 2.17MB,20
2026-07-30 11:49:41,ouster,7.68%,248.6MiB / 30.66GiB,0.79%,0B / 0B,184MB / 2.93MB,30
2026-07-30 11:49:41,scovox,92.70%,326.8MiB / 30.66GiB,1.04%,0B / 0B,78.3MB / 8.13MB,53
2026-07-30 11:49:41,mapir-ffmpeg,38.36%,336.5MiB / 30.66GiB,1.07%,0B / 0B,200MB / 1.87MB,33
2026-07-30 11:49:41,trav_ros2,120.91%,491MiB / 30.66GiB,1.56%,0B / 0B,125MB / 2.74MB,44
2026-07-30 11:49:41,realsense,19.71%,177.5MiB / 30.66GiB,0.57%,0B / 0B,107MB / 3.34MB,33
2026-07-30 11:49:41,nav2,12.76%,228.4MiB / 30.66GiB,0.73%,0B / 0B,128MB / 1.19MB,92
2026-07-30 11:49:41,glim,71.50%,793.5MiB / 30.66GiB,2.53%,0B / 0B,149MB / 11.7MB,37
2026-07-30 11:49:45,foxglove,18.99%,637.4MiB / 30.66GiB,2.03%,0B / 0B,203MB / 3.51MB,28
2026-07-30 11:49:45,docker-recorder-run-de836728b142,0.00%,22.88MiB / 30.66GiB,0.07%,0B / 0B,42.7MB / 9.68MB,1
2026-07-30 11:49:45,openzen,3.84%,88.35MiB / 30.66GiB,0.28%,0B / 0B,81.6MB / 2.17MB,20
2026-07-30 11:49:45,ouster,8.08%,248.8MiB / 30.66GiB,0.79%,0B / 0B,184MB / 2.93MB,30
2026-07-30 11:49:45,scovox,93.79%,327.1MiB / 30.66GiB,1.04%,0B / 0B,78.3MB / 8.22MB,53
2026-07-30 11:49:45,mapir-ffmpeg,30.22%,336.7MiB / 30.66GiB,1.07%,0B / 0B,200MB / 1.87MB,33
2026-07-30 11:49:45,trav_ros2,113.74%,481.6MiB / 30.66GiB,1.53%,0B / 0B,125MB / 2.74MB,44
2026-07-30 11:49:45,realsense,39.03%,177.5MiB / 30.66GiB,0.57%,0B / 0B,107MB / 3.34MB,33
2026-07-30 11:49:45,nav2,13.39%,227.7MiB / 30.66GiB,0.73%,0B / 0B,128MB / 1.19MB,92
2026-07-30 11:49:45,glim,90.34%,786MiB / 30.66GiB,2.50%,0B / 0B,149MB / 11.7MB,37
2026-07-30 11:49:48,foxglove,21.08%,605.1MiB / 30.66GiB,1.93%,0B / 0B,203MB / 3.51MB,28
2026-07-30 11:49:48,docker-recorder-run-de836728b142,0.00%,22.88MiB / 30.66GiB,0.07%,0B / 0B,42.7MB / 9.68MB,1
2026-07-30 11:49:48,openzen,3.51%,88.6MiB / 30.66GiB,0.28%,0B / 0B,81.6MB / 2.17MB,20
2026-07-30 11:49:48,ouster,8.11%,248.1MiB / 30.66GiB,0.79%,0B / 0B,184MB / 2.93MB,30
2026-07-30 11:49:48,scovox,68.35%,373.3MiB / 30.66GiB,1.19%,0B / 0B,78.3MB / 8.22MB,53
2026-07-30 11:49:48,mapir-ffmpeg,36.43%,337MiB / 30.66GiB,1.07%,0B / 0B,200MB / 1.87MB,33
2026-07-30 11:49:48,trav_ros2,112.92%,486.2MiB / 30.66GiB,1.55%,0B / 0B,125MB / 2.76MB,44
2026-07-30 11:49:48,realsense,19.30%,177.8MiB / 30.66GiB,0.57%,0B / 0B,107MB / 3.34MB,33
2026-07-30 11:49:48,nav2,13.19%,228.6MiB / 30.66GiB,0.73%,0B / 0B,128MB / 1.19MB,92
2026-07-30 11:49:48,glim,76.85%,782.1MiB / 30.66GiB,2.49%,0B / 0B,149MB / 11.7MB,37
2026-07-30 11:49:51,foxglove,13.80%,637MiB / 30.66GiB,2.03%,0B / 0B,203MB / 3.51MB,28
2026-07-30 11:49:51,docker-recorder-run-de836728b142,0.00%,22.88MiB / 30.66GiB,0.07%,0B / 0B,42.7MB / 9.68MB,1
2026-07-30 11:49:51,openzen,4.06%,88.35MiB / 30.66GiB,0.28%,0B / 0B,81.6MB / 2.17MB,20
2026-07-30 11:49:51,ouster,7.34%,248.4MiB / 30.66GiB,0.79%,0B / 0B,184MB / 2.93MB,30
2026-07-30 11:49:51,scovox,82.77%,326.5MiB / 30.66GiB,1.04%,0B / 0B,78.3MB / 8.22MB,53
2026-07-30 11:49:51,mapir-ffmpeg,29.12%,336.5MiB / 30.66GiB,1.07%,0B / 0B,200MB / 1.87MB,33
2026-07-30 11:49:51,trav_ros2,112.68%,481.2MiB / 30.66GiB,1.53%,0B / 0B,125MB / 2.76MB,44
2026-07-30 11:49:51,realsense,31.66%,177.8MiB / 30.66GiB,0.57%,0B / 0B,107MB / 3.34MB,33
2026-07-30 11:49:51,nav2,12.39%,228.1MiB / 30.66GiB,0.73%,0B / 0B,128MB / 1.19MB,92
2026-07-30 11:49:51,glim,73.70%,786.4MiB / 30.66GiB,2.50%,0B / 0B,149MB / 11.7MB,37
2026-07-30 11:49:54,foxglove,14.54%,637.4MiB / 30.66GiB,2.03%,0B / 0B,203MB / 3.51MB,28
2026-07-30 11:49:54,docker-recorder-run-de836728b142,0.00%,22.88MiB / 30.66GiB,0.07%,0B / 0B,42.7MB / 9.68MB,1
2026-07-30 11:49:54,openzen,3.64%,88.35MiB / 30.66GiB,0.28%,0B / 0B,81.6MB / 2.17MB,20
2026-07-30 11:49:54,ouster,8.01%,248.5MiB / 30.66GiB,0.79%,0B / 0B,184MB / 2.93MB,30
2026-07-30 11:49:54,scovox,77.76%,373.3MiB / 30.66GiB,1.19%,0B / 0B,78.3MB / 8.22MB,53
2026-07-30 11:49:54,mapir-ffmpeg,37.57%,336.5MiB / 30.66GiB,1.07%,0B / 0B,200MB / 1.87MB,33
2026-07-30 11:49:54,trav_ros2,112.91%,487.8MiB / 30.66GiB,1.55%,0B / 0B,125MB / 2.76MB,44
2026-07-30 11:49:54,realsense,33.53%,178MiB / 30.66GiB,0.57%,0B / 0B,107MB / 3.34MB,33
2026-07-30 11:49:54,nav2,13.28%,227.9MiB / 30.66GiB,0.73%,0B / 0B,128MB / 1.19MB,92
2026-07-30 11:49:54,glim,75.37%,794.5MiB / 30.66GiB,2.53%,0B / 0B,149MB / 11.7MB,37
2026-07-30 11:49:57,foxglove,25.50%,639.6MiB / 30.66GiB,2.04%,0B / 0B,203MB / 3.51MB,28
2026-07-30 11:49:57,docker-recorder-run-de836728b142,0.00%,22.88MiB / 30.66GiB,0.07%,0B / 0B,42.7MB / 9.68MB,1
2026-07-30 11:49:57,openzen,3.94%,88.35MiB / 30.66GiB,0.28%,0B / 0B,81.6MB / 2.17MB,20
2026-07-30 11:49:57,ouster,7.06%,248.2MiB / 30.66GiB,0.79%,0B / 0B,184MB / 2.93MB,30
2026-07-30 11:49:57,scovox,93.49%,354.3MiB / 30.66GiB,1.13%,0B / 0B,78.3MB / 8.22MB,53
2026-07-30 11:49:57,mapir-ffmpeg,30.58%,336.5MiB / 30.66GiB,1.07%,0B / 0B,200MB / 1.87MB,33
2026-07-30 11:49:57,trav_ros2,119.32%,487.4MiB / 30.66GiB,1.55%,0B / 0B,125MB / 2.76MB,44
2026-07-30 11:49:57,realsense,18.36%,178MiB / 30.66GiB,0.57%,0B / 0B,107MB / 3.34MB,33
2026-07-30 11:49:57,nav2,13.37%,227.7MiB / 30.66GiB,0.73%,0B / 0B,128MB / 1.19MB,92
2026-07-30 11:49:57,glim,76.85%,795.8MiB / 30.66GiB,2.53%,0B / 0B,149MB / 11.7MB,37
2026-07-30 11:50:00,foxglove,17.24%,637.6MiB / 30.66GiB,2.03%,0B / 0B,203MB / 3.51MB,28
2026-07-30 11:50:00,docker-recorder-run-de836728b142,0.00%,22.88MiB / 30.66GiB,0.07%,0B / 0B,42.7MB / 9.68MB,1
2026-07-30 11:50:00,openzen,3.67%,88.35MiB / 30.66GiB,0.28%,0B / 0B,81.6MB / 2.17MB,20
2026-07-30 11:50:00,ouster,7.81%,248.5MiB / 30.66GiB,0.79%,0B / 0B,184MB / 2.93MB,30
2026-07-30 11:50:00,scovox,79.18%,373MiB / 30.66GiB,1.19%,0B / 0B,78.3MB / 8.22MB,53
2026-07-30 11:50:00,mapir-ffmpeg,29.11%,336.5MiB / 30.66GiB,1.07%,0B / 0B,200MB / 1.87MB,33
2026-07-30 11:50:00,trav_ros2,112.58%,492.4MiB / 30.66GiB,1.57%,0B / 0B,125MB / 2.76MB,44
2026-07-30 11:50:00,realsense,18.69%,178MiB / 30.66GiB,0.57%,0B / 0B,107MB / 3.34MB,33
2026-07-30 11:50:00,nav2,12.66%,228.6MiB / 30.66GiB,0.73%,0B / 0B,128MB / 1.19MB,92
2026-07-30 11:50:00,glim,69.53%,796.1MiB / 30.66GiB,2.54%,0B / 0B,149MB / 11.7MB,37
2026-07-30 11:50:03,foxglove,13.46%,637.1MiB / 30.66GiB,2.03%,0B / 0B,203MB / 3.51MB,28
2026-07-30 11:50:03,docker-recorder-run-de836728b142,0.00%,22.88MiB / 30.66GiB,0.07%,0B / 0B,42.7MB / 9.68MB,1
2026-07-30 11:50:03,openzen,4.07%,88.35MiB / 30.66GiB,0.28%,0B / 0B,81.6MB / 2.17MB,20
2026-07-30 11:50:03,ouster,7.66%,248.5MiB / 30.66GiB,0.79%,0B / 0B,184MB / 2.93MB,30
2026-07-30 11:50:03,scovox,73.98%,356.7MiB / 30.66GiB,1.14%,0B / 0B,78.3MB / 8.22MB,53
2026-07-30 11:50:03,mapir-ffmpeg,29.01%,336.7MiB / 30.66GiB,1.07%,0B / 0B,200MB / 1.87MB,33
2026-07-30 11:50:03,trav_ros2,114.25%,485MiB / 30.66GiB,1.54%,0B / 0B,125MB / 2.76MB,44
2026-07-30 11:50:03,realsense,20.09%,177.8MiB / 30.66GiB,0.57%,0B / 0B,107MB / 3.34MB,33
2026-07-30 11:50:03,nav2,12.62%,228.4MiB / 30.66GiB,0.73%,0B / 0B,128MB / 1.19MB,92
2026-07-30 11:50:03,glim,69.47%,797.1MiB / 30.66GiB,2.54%,0B / 0B,149MB / 11.7MB,37
2026-07-30 11:50:06,foxglove,20.94%,637.6MiB / 30.66GiB,2.03%,0B / 0B,203MB / 3.51MB,28
2026-07-30 11:50:06,docker-recorder-run-de836728b142,0.00%,22.88MiB / 30.66GiB,0.07%,0B / 0B,42.7MB / 9.68MB,1
2026-07-30 11:50:06,openzen,4.32%,88.35MiB / 30.66GiB,0.28%,0B / 0B,81.6MB / 2.17MB,20
2026-07-30 11:50:06,ouster,20.67%,248.6MiB / 30.66GiB,0.79%,0B / 0B,184MB / 2.93MB,30
2026-07-30 11:50:06,scovox,82.44%,327.2MiB / 30.66GiB,1.04%,0B / 0B,78.3MB / 8.22MB,53
2026-07-30 11:50:06,mapir-ffmpeg,42.65%,336.5MiB / 30.66GiB,1.07%,0B / 0B,200MB / 1.87MB,33
2026-07-30 11:50:06,trav_ros2,111.77%,482.4MiB / 30.66GiB,1.54%,0B / 0B,125MB / 2.76MB,44
2026-07-30 11:50:06,realsense,18.42%,178MiB / 30.66GiB,0.57%,0B / 0B,107MB / 3.34MB,33
2026-07-30 11:50:06,nav2,12.31%,228.1MiB / 30.66GiB,0.73%,0B / 0B,128MB / 1.19MB,92
2026-07-30 11:50:06,glim,72.59%,797.2MiB / 30.66GiB,2.54%,0B / 0B,149MB / 11.7MB,37
2026-07-30 11:50:09,foxglove,15.60%,637.9MiB / 30.66GiB,2.03%,0B / 0B,203MB / 3.51MB,28
2026-07-30 11:50:09,docker-recorder-run-de836728b142,0.00%,22.88MiB / 30.66GiB,0.07%,0B / 0B,42.7MB / 9.68MB,1
2026-07-30 11:50:09,openzen,4.42%,88.36MiB / 30.66GiB,0.28%,0B / 0B,81.6MB / 2.17MB,20
2026-07-30 11:50:09,ouster,20.32%,248.3MiB / 30.66GiB,0.79%,0B / 0B,184MB / 2.93MB,30
2026-07-30 11:50:09,scovox,74.24%,359.3MiB / 30.66GiB,1.14%,0B / 0B,78.3MB / 8.22MB,53
2026-07-30 11:50:09,mapir-ffmpeg,46.05%,336.7MiB / 30.66GiB,1.07%,0B / 0B,200MB / 1.87MB,33
2026-07-30 11:50:09,trav_ros2,112.53%,485.6MiB / 30.66GiB,1.55%,0B / 0B,125MB / 2.76MB,44
2026-07-30 11:50:09,realsense,26.67%,177.8MiB / 30.66GiB,0.57%,0B / 0B,107MB / 3.34MB,33
2026-07-30 11:50:09,nav2,14.46%,228.1MiB / 30.66GiB,0.73%,0B / 0B,128MB / 1.19MB,92
2026-07-30 11:50:09,glim,69.96%,797.8MiB / 30.66GiB,2.54%,0B / 0B,149MB / 11.7MB,37
2026-07-30 11:50:12,foxglove,16.24%,639.1MiB / 30.66GiB,2.04%,0B / 0B,203MB / 3.51MB,28
2026-07-30 11:50:12,docker-recorder-run-de836728b142,0.00%,22.88MiB / 30.66GiB,0.07%,0B / 0B,42.7MB / 9.68MB,1
2026-07-30 11:50:12,openzen,4.06%,88.35MiB / 30.66GiB,0.28%,0B / 0B,81.6MB / 2.17MB,20
2026-07-30 11:50:12,ouster,10.23%,248.9MiB / 30.66GiB,0.79%,0B / 0B,184MB / 2.93MB,30
2026-07-30 11:50:12,scovox,67.57%,362.6MiB / 30.66GiB,1.15%,0B / 0B,78.3MB / 8.22MB,53
2026-07-30 11:50:12,mapir-ffmpeg,32.09%,336.7MiB / 30.66GiB,1.07%,0B / 0B,200MB / 1.87MB,33
2026-07-30 11:50:12,trav_ros2,110.92%,486.3MiB / 30.66GiB,1.55%,0B / 0B,125MB / 2.76MB,44
2026-07-30 11:50:12,realsense,28.78%,177.8MiB / 30.66GiB,0.57%,0B / 0B,107MB / 3.34MB,33
2026-07-30 11:50:12,nav2,12.86%,228.1MiB / 30.66GiB,0.73%,0B / 0B,128MB / 1.19MB,92
2026-07-30 11:50:12,glim,96.58%,796.8MiB / 30.66GiB,2.54%,0B / 0B,149MB / 11.7MB,37
2026-07-30 11:50:15,foxglove,15.64%,637.5MiB / 30.66GiB,2.03%,0B / 0B,203MB / 3.51MB,28
2026-07-30 11:50:15,docker-recorder-run-de836728b142,0.00%,22.88MiB / 30.66GiB,0.07%,0B / 0B,42.7MB / 9.68MB,1
2026-07-30 11:50:15,openzen,4.06%,88.35MiB / 30.66GiB,0.28%,0B / 0B,81.6MB / 2.17MB,20
2026-07-30 11:50:15,ouster,8.21%,249.1MiB / 30.66GiB,0.79%,0B / 0B,184MB / 2.93MB,30
2026-07-30 11:50:15,scovox,68.23%,364.2MiB / 30.66GiB,1.16%,0B / 0B,78.3MB / 8.3MB,53
2026-07-30 11:50:15,mapir-ffmpeg,28.66%,336.5MiB / 30.66GiB,1.07%,0B / 0B,200MB / 1.88MB,33
2026-07-30 11:50:15,trav_ros2,111.71%,487.8MiB / 30.66GiB,1.55%,0B / 0B,125MB / 2.76MB,44
2026-07-30 11:50:15,realsense,39.29%,177.5MiB / 30.66GiB,0.57%,0B / 0B,107MB / 3.34MB,33
2026-07-30 11:50:15,nav2,12.24%,228.4MiB / 30.66GiB,0.73%,0B / 0B,128MB / 1.19MB,92
2026-07-30 11:50:15,glim,68.19%,797.6MiB / 30.66GiB,2.54%,0B / 0B,149MB / 11.7MB,37
2026-07-30 11:50:18,foxglove,16.45%,637.7MiB / 30.66GiB,2.03%,0B / 0B,203MB / 3.51MB,28
2026-07-30 11:50:18,docker-recorder-run-de836728b142,0.00%,22.88MiB / 30.66GiB,0.07%,0B / 0B,42.7MB / 9.68MB,1
2026-07-30 11:50:18,openzen,4.45%,88.35MiB / 30.66GiB,0.28%,0B / 0B,81.6MB / 2.17MB,20
2026-07-30 11:50:18,ouster,7.66%,247.9MiB / 30.66GiB,0.79%,0B / 0B,184MB / 2.93MB,30
2026-07-30 11:50:18,scovox,90.96%,327.9MiB / 30.66GiB,1.04%,0B / 0B,78.3MB / 8.3MB,53
2026-07-30 11:50:18,mapir-ffmpeg,30.42%,336.5MiB / 30.66GiB,1.07%,0B / 0B,200MB / 1.88MB,33
2026-07-30 11:50:18,trav_ros2,112.63%,488MiB / 30.66GiB,1.55%,0B / 0B,125MB / 2.76MB,44
2026-07-30 11:50:18,realsense,24.13%,177.8MiB / 30.66GiB,0.57%,0B / 0B,107MB / 3.34MB,33
2026-07-30 11:50:18,nav2,13.33%,228.4MiB / 30.66GiB,0.73%,0B / 0B,128MB / 1.19MB,92
2026-07-30 11:50:18,glim,68.66%,797.8MiB / 30.66GiB,2.54%,0B / 0B,149MB / 11.7MB,37
2026-07-30 11:50:21,foxglove,18.09%,605.4MiB / 30.66GiB,1.93%,0B / 0B,203MB / 3.51MB,28
2026-07-30 11:50:21,docker-recorder-run-de836728b142,0.00%,22.88MiB / 30.66GiB,0.07%,0B / 0B,42.7MB / 9.68MB,1
2026-07-30 11:50:21,openzen,3.47%,88.35MiB / 30.66GiB,0.28%,0B / 0B,81.6MB / 2.17MB,20
2026-07-30 11:50:21,ouster,7.33%,249MiB / 30.66GiB,0.79%,0B / 0B,184MB / 2.93MB,30
2026-07-30 11:50:21,scovox,63.55%,366.3MiB / 30.66GiB,1.17%,0B / 0B,78.3MB / 8.31MB,53
2026-07-30 11:50:21,mapir-ffmpeg,28.55%,336.5MiB / 30.66GiB,1.07%,0B / 0B,200MB / 1.88MB,33
2026-07-30 11:50:21,trav_ros2,117.65%,487.3MiB / 30.66GiB,1.55%,0B / 0B,125MB / 2.78MB,44
2026-07-30 11:50:21,realsense,24.55%,177.5MiB / 30.66GiB,0.57%,0B / 0B,107MB / 3.34MB,33
2026-07-30 11:50:21,nav2,12.16%,227.9MiB / 30.66GiB,0.73%,0B / 0B,128MB / 1.19MB,92
2026-07-30 11:50:21,glim,77.25%,797.6MiB / 30.66GiB,2.54%,0B / 0B,149MB / 11.7MB,37
2026-07-30 11:50:24,foxglove,15.47%,639.2MiB / 30.66GiB,2.04%,0B / 0B,203MB / 3.51MB,28
2026-07-30 11:50:24,docker-recorder-run-de836728b142,0.00%,22.88MiB / 30.66GiB,0.07%,0B / 0B,42.7MB / 9.68MB,1
2026-07-30 11:50:24,openzen,4.71%,88.35MiB / 30.66GiB,0.28%,0B / 0B,81.6MB / 2.17MB,20
2026-07-30 11:50:24,ouster,8.34%,248.5MiB / 30.66GiB,0.79%,0B / 0B,184MB / 2.93MB,30
2026-07-30 11:50:24,scovox,92.47%,326.3MiB / 30.66GiB,1.04%,0B / 0B,78.3MB / 8.31MB,53
2026-07-30 11:50:24,mapir-ffmpeg,28.92%,336.5MiB / 30.66GiB,1.07%,0B / 0B,200MB / 1.88MB,33
2026-07-30 11:50:24,trav_ros2,114.85%,487.7MiB / 30.66GiB,1.55%,0B / 0B,125MB / 2.78MB,44
2026-07-30 11:50:24,realsense,20.83%,177.5MiB / 30.66GiB,0.57%,0B / 0B,107MB / 3.34MB,33
2026-07-30 11:50:24,nav2,13.52%,228.1MiB / 30.66GiB,0.73%,0B / 0B,128MB / 1.19MB,92
2026-07-30 11:50:24,glim,72.38%,792.5MiB / 30.66GiB,2.52%,0B / 0B,149MB / 11.7MB,37
2026-07-30 11:50:28,foxglove,14.75%,607.2MiB / 30.66GiB,1.93%,0B / 0B,203MB / 3.51MB,28
2026-07-30 11:50:28,docker-recorder-run-de836728b142,0.00%,22.88MiB / 30.66GiB,0.07%,0B / 0B,42.7MB / 9.68MB,1
2026-07-30 11:50:28,openzen,3.89%,88.6MiB / 30.66GiB,0.28%,0B / 0B,81.6MB / 2.17MB,20
2026-07-30 11:50:28,ouster,7.88%,248.3MiB / 30.66GiB,0.79%,0B / 0B,184MB / 2.93MB,30
2026-07-30 11:50:28,scovox,62.04%,369.1MiB / 30.66GiB,1.18%,0B / 0B,78.3MB / 8.31MB,53
2026-07-30 11:50:28,mapir-ffmpeg,44.13%,336.5MiB / 30.66GiB,1.07%,0B / 0B,200MB / 1.88MB,33
2026-07-30 11:50:28,trav_ros2,114.05%,491.1MiB / 30.66GiB,1.56%,0B / 0B,125MB / 2.78MB,44
2026-07-30 11:50:28,realsense,18.14%,177.5MiB / 30.66GiB,0.57%,0B / 0B,107MB / 3.34MB,33
2026-07-30 11:50:28,nav2,13.00%,227.9MiB / 30.66GiB,0.73%,0B / 0B,128MB / 1.19MB,92
2026-07-30 11:50:28,glim,89.59%,795.7MiB / 30.66GiB,2.53%,0B / 0B,149MB / 11.7MB,37
2026-07-30 11:50:31,foxglove,17.59%,637.6MiB / 30.66GiB,2.03%,0B / 0B,203MB / 3.51MB,28
2026-07-30 11:50:31,docker-recorder-run-de836728b142,0.00%,22.88MiB / 30.66GiB,0.07%,0B / 0B,42.7MB / 9.68MB,1
2026-07-30 11:50:31,openzen,4.43%,88.35MiB / 30.66GiB,0.28%,0B / 0B,81.6MB / 2.17MB,20
2026-07-30 11:50:31,ouster,7.82%,248.2MiB / 30.66GiB,0.79%,0B / 0B,184MB / 2.93MB,30
2026-07-30 11:50:31,scovox,93.20%,327.3MiB / 30.66GiB,1.04%,0B / 0B,78.3MB / 8.31MB,53
2026-07-30 11:50:31,mapir-ffmpeg,33.51%,336.5MiB / 30.66GiB,1.07%,0B / 0B,200MB / 1.88MB,33
2026-07-30 11:50:31,trav_ros2,114.74%,488.5MiB / 30.66GiB,1.56%,0B / 0B,125MB / 2.78MB,44
2026-07-30 11:50:31,realsense,20.47%,177.5MiB / 30.66GiB,0.57%,0B / 0B,107MB / 3.34MB,33
2026-07-30 11:50:31,nav2,13.57%,227.9MiB / 30.66GiB,0.73%,0B / 0B,128MB / 1.19MB,92
2026-07-30 11:50:31,glim,75.41%,798.2MiB / 30.66GiB,2.54%,0B / 0B,149MB / 11.7MB,37
2026-07-30 11:50:34,foxglove,18.79%,640MiB / 30.66GiB,2.04%,0B / 0B,203MB / 3.51MB,28
2026-07-30 11:50:34,docker-recorder-run-de836728b142,0.00%,22.88MiB / 30.66GiB,0.07%,0B / 0B,42.7MB / 9.68MB,1
2026-07-30 11:50:34,openzen,3.83%,88.35MiB / 30.66GiB,0.28%,0B / 0B,81.6MB / 2.17MB,20
2026-07-30 11:50:34,ouster,7.89%,248.3MiB / 30.66GiB,0.79%,0B / 0B,184MB / 2.93MB,30
2026-07-30 11:50:34,scovox,70.29%,373.3MiB / 30.66GiB,1.19%,0B / 0B,78.3MB / 8.31MB,53
2026-07-30 11:50:34,mapir-ffmpeg,28.84%,336.7MiB / 30.66GiB,1.07%,0B / 0B,200MB / 1.88MB,33
2026-07-30 11:50:34,trav_ros2,112.99%,471.3MiB / 30.66GiB,1.50%,0B / 0B,125MB / 2.78MB,44
2026-07-30 11:50:34,realsense,38.60%,177.8MiB / 30.66GiB,0.57%,0B / 0B,107MB / 3.34MB,33
2026-07-30 11:50:34,nav2,13.65%,227.9MiB / 30.66GiB,0.73%,0B / 0B,128MB / 1.19MB,92
2026-07-30 11:50:34,glim,71.82%,799.1MiB / 30.66GiB,2.55%,0B / 0B,149MB / 11.7MB,37
2026-07-30 11:50:37,foxglove,17.01%,639.9MiB / 30.66GiB,2.04%,0B / 0B,203MB / 3.51MB,28
2026-07-30 11:50:37,docker-recorder-run-de836728b142,0.00%,22.88MiB / 30.66GiB,0.07%,0B / 0B,42.7MB / 9.68MB,1
2026-07-30 11:50:37,openzen,3.18%,88.35MiB / 30.66GiB,0.28%,0B / 0B,81.6MB / 2.17MB,20
2026-07-30 11:50:37,ouster,7.70%,248.2MiB / 30.66GiB,0.79%,0B / 0B,184MB / 2.93MB,30
2026-07-30 11:50:37,scovox,86.77%,353.3MiB / 30.66GiB,1.13%,0B / 0B,78.3MB / 8.31MB,53
2026-07-30 11:50:37,mapir-ffmpeg,44.18%,336.5MiB / 30.66GiB,1.07%,0B / 0B,200MB / 1.88MB,33
2026-07-30 11:50:37,trav_ros2,113.41%,478.8MiB / 30.66GiB,1.52%,0B / 0B,125MB / 2.78MB,44
2026-07-30 11:50:37,realsense,18.53%,177.5MiB / 30.66GiB,0.57%,0B / 0B,107MB / 3.34MB,33
2026-07-30 11:50:37,nav2,12.66%,227.9MiB / 30.66GiB,0.73%,0B / 0B,128MB / 1.19MB,92
2026-07-30 11:50:37,glim,81.80%,799.3MiB / 30.66GiB,2.55%,0B / 0B,149MB / 11.7MB,37
2026-07-30 11:50:40,foxglove,23.45%,638MiB / 30.66GiB,2.03%,0B / 0B,203MB / 3.51MB,28
2026-07-30 11:50:40,docker-recorder-run-de836728b142,0.00%,22.88MiB / 30.66GiB,0.07%,0B / 0B,42.7MB / 9.68MB,1
2026-07-30 11:50:40,openzen,3.86%,88.35MiB / 30.66GiB,0.28%,0B / 0B,81.6MB / 2.17MB,20
2026-07-30 11:50:40,ouster,7.18%,248.5MiB / 30.66GiB,0.79%,0B / 0B,184MB / 2.93MB,30
2026-07-30 11:50:40,scovox,74.51%,373.4MiB / 30.66GiB,1.19%,0B / 0B,78.3MB / 8.31MB,53
2026-07-30 11:50:40,mapir-ffmpeg,29.33%,336.5MiB / 30.66GiB,1.07%,0B / 0B,200MB / 1.88MB,33
2026-07-30 11:50:40,trav_ros2,112.19%,481.2MiB / 30.66GiB,1.53%,0B / 0B,125MB / 2.78MB,44
2026-07-30 11:50:40,realsense,18.50%,177.5MiB / 30.66GiB,0.57%,0B / 0B,107MB / 3.34MB,33
2026-07-30 11:50:40,nav2,12.61%,228.6MiB / 30.66GiB,0.73%,0B / 0B,128MB / 1.19MB,92
2026-07-30 11:50:40,glim,77.27%,800MiB / 30.66GiB,2.55%,0B / 0B,149MB / 11.7MB,37
2026-07-30 11:50:43,foxglove,13.09%,637.2MiB / 30.66GiB,2.03%,0B / 0B,203MB / 3.51MB,28
2026-07-30 11:50:43,docker-recorder-run-de836728b142,0.00%,22.88MiB / 30.66GiB,0.07%,0B / 0B,42.7MB / 9.68MB,1
2026-07-30 11:50:43,openzen,4.18%,88.35MiB / 30.66GiB,0.28%,0B / 0B,81.6MB / 2.17MB,20
2026-07-30 11:50:43,ouster,7.58%,248.1MiB / 30.66GiB,0.79%,0B / 0B,184MB / 2.93MB,30
2026-07-30 11:50:43,scovox,79.20%,354.6MiB / 30.66GiB,1.13%,0B / 0B,78.3MB / 8.31MB,53
2026-07-30 11:50:43,mapir-ffmpeg,29.46%,336.7MiB / 30.66GiB,1.07%,0B / 0B,200MB / 1.88MB,33
2026-07-30 11:50:43,trav_ros2,115.85%,486.3MiB / 30.66GiB,1.55%,0B / 0B,125MB / 2.78MB,44
2026-07-30 11:50:43,realsense,18.23%,178MiB / 30.66GiB,0.57%,0B / 0B,107MB / 3.34MB,33
2026-07-30 11:50:43,nav2,13.51%,227.7MiB / 30.66GiB,0.73%,0B / 0B,128MB / 1.19MB,92
2026-07-30 11:50:43,glim,78.71%,807.1MiB / 30.66GiB,2.57%,0B / 0B,149MB / 11.7MB,37
2026-07-30 11:50:46,foxglove,16.03%,638.5MiB / 30.66GiB,2.03%,0B / 0B,203MB / 3.51MB,28
2026-07-30 11:50:46,docker-recorder-run-de836728b142,0.00%,22.88MiB / 30.66GiB,0.07%,0B / 0B,42.7MB / 9.68MB,1
2026-07-30 11:50:46,openzen,3.92%,88.35MiB / 30.66GiB,0.28%,0B / 0B,81.6MB / 2.17MB,20
2026-07-30 11:50:46,ouster,7.45%,248.6MiB / 30.66GiB,0.79%,0B / 0B,184MB / 2.93MB,30
2026-07-30 11:50:46,scovox,78.99%,327.1MiB / 30.66GiB,1.04%,0B / 0B,78.3MB / 8.4MB,53
2026-07-30 11:50:46,mapir-ffmpeg,28.60%,336.5MiB / 30.66GiB,1.07%,0B / 0B,200MB / 1.88MB,33
2026-07-30 11:50:46,trav_ros2,119.29%,534.9MiB / 30.66GiB,1.70%,0B / 0B,125MB / 2.78MB,44
2026-07-30 11:50:46,realsense,18.70%,177.8MiB / 30.66GiB,0.57%,0B / 0B,107MB / 3.34MB,33
2026-07-30 11:50:46,nav2,12.81%,228.6MiB / 30.66GiB,0.73%,0B / 0B,128MB / 1.19MB,92
2026-07-30 11:50:46,glim,73.14%,814.4MiB / 30.66GiB,2.59%,0B / 0B,149MB / 11.7MB,37
2026-07-30 11:50:49,foxglove,19.43%,638.1MiB / 30.66GiB,2.03%,0B / 0B,203MB / 3.51MB,28
2026-07-30 11:50:49,docker-recorder-run-de836728b142,0.00%,22.88MiB / 30.66GiB,0.07%,0B / 0B,42.7MB / 9.68MB,1
2026-07-30 11:50:49,openzen,3.63%,88.59MiB / 30.66GiB,0.28%,0B / 0B,81.6MB / 2.17MB,20
2026-07-30 11:50:49,ouster,7.56%,248.6MiB / 30.66GiB,0.79%,0B / 0B,184MB / 2.93MB,30
2026-07-30 11:50:49,scovox,71.14%,356.6MiB / 30.66GiB,1.14%,0B / 0B,78.3MB / 8.4MB,53
2026-07-30 11:50:49,mapir-ffmpeg,42.30%,337.2MiB / 30.66GiB,1.07%,0B / 0B,200MB / 1.9MB,33
2026-07-30 11:50:49,trav_ros2,113.39%,485.6MiB / 30.66GiB,1.55%,0B / 0B,125MB / 2.78MB,44
2026-07-30 11:50:49,realsense,50.88%,178.3MiB / 30.66GiB,0.57%,0B / 0B,107MB / 3.34MB,33
2026-07-30 11:50:49,nav2,13.82%,228.1MiB / 30.66GiB,0.73%,0B / 0B,128MB / 1.19MB,92
2026-07-30 11:50:49,glim,72.47%,815.8MiB / 30.66GiB,2.60%,0B / 0B,149MB / 11.7MB,37
2026-07-30 11:50:52,foxglove,20.07%,637.7MiB / 30.66GiB,2.03%,0B / 0B,203MB / 3.51MB,28
2026-07-30 11:50:52,docker-recorder-run-de836728b142,0.00%,22.88MiB / 30.66GiB,0.07%,0B / 0B,42.7MB / 9.68MB,1
2026-07-30 11:50:52,openzen,4.82%,88.85MiB / 30.66GiB,0.28%,0B / 0B,81.6MB / 2.17MB,20
2026-07-30 11:50:52,ouster,7.66%,248.5MiB / 30.66GiB,0.79%,0B / 0B,184MB / 2.93MB,30
2026-07-30 11:50:52,scovox,87.34%,326.3MiB / 30.66GiB,1.04%,0B / 0B,78.3MB / 8.4MB,53
2026-07-30 11:50:52,mapir-ffmpeg,28.90%,336.7MiB / 30.66GiB,1.07%,0B / 0B,200MB / 1.9MB,33
2026-07-30 11:50:52,trav_ros2,115.18%,491.1MiB / 30.66GiB,1.56%,0B / 0B,125MB / 2.8MB,44
2026-07-30 11:50:52,realsense,38.71%,177.5MiB / 30.66GiB,0.57%,0B / 0B,107MB / 3.34MB,33
2026-07-30 11:50:52,nav2,12.82%,227.9MiB / 30.66GiB,0.73%,0B / 0B,128MB / 1.19MB,92
2026-07-30 11:50:52,glim,98.04%,816.1MiB / 30.66GiB,2.60%,0B / 0B,149MB / 11.7MB,37
2026-07-30 11:50:55,foxglove,14.57%,637.9MiB / 30.66GiB,2.03%,0B / 0B,203MB / 3.51MB,28
2026-07-30 11:50:55,docker-recorder-run-de836728b142,0.00%,22.88MiB / 30.66GiB,0.07%,0B / 0B,42.7MB / 9.68MB,1
2026-07-30 11:50:55,openzen,3.90%,88.35MiB / 30.66GiB,0.28%,0B / 0B,81.6MB / 2.17MB,20
2026-07-30 11:50:55,ouster,7.33%,249.1MiB / 30.66GiB,0.79%,0B / 0B,184MB / 2.93MB,30
2026-07-30 11:50:55,scovox,70.76%,361.8MiB / 30.66GiB,1.15%,0B / 0B,78.3MB / 8.4MB,53
2026-07-30 11:50:55,mapir-ffmpeg,39.89%,336.5MiB / 30.66GiB,1.07%,0B / 0B,200MB / 1.9MB,33
2026-07-30 11:50:55,trav_ros2,115.37%,488.1MiB / 30.66GiB,1.55%,0B / 0B,125MB / 2.8MB,44
2026-07-30 11:50:55,realsense,39.58%,177.8MiB / 30.66GiB,0.57%,0B / 0B,107MB / 3.34MB,33
2026-07-30 11:50:55,nav2,12.35%,228.1MiB / 30.66GiB,0.73%,0B / 0B,128MB / 1.19MB,92
2026-07-30 11:50:55,glim,77.88%,795.1MiB / 30.66GiB,2.53%,0B / 0B,149MB / 11.7MB,37
2026-07-30 11:50:58,foxglove,19.39%,638MiB / 30.66GiB,2.03%,0B / 0B,203MB / 3.51MB,28
2026-07-30 11:50:58,docker-recorder-run-de836728b142,0.00%,22.88MiB / 30.66GiB,0.07%,0B / 0B,42.7MB / 9.68MB,1
2026-07-30 11:50:58,openzen,5.02%,88.35MiB / 30.66GiB,0.28%,0B / 0B,81.6MB / 2.17MB,20
2026-07-30 11:50:58,ouster,7.67%,248.3MiB / 30.66GiB,0.79%,0B / 0B,184MB / 2.93MB,30
2026-07-30 11:50:58,scovox,94.01%,327MiB / 30.66GiB,1.04%,0B / 0B,78.3MB / 8.4MB,53
2026-07-30 11:50:58,mapir-ffmpeg,28.73%,336.7MiB / 30.66GiB,1.07%,0B / 0B,200MB / 1.9MB,33
2026-07-30 11:50:58,trav_ros2,115.99%,482.5MiB / 30.66GiB,1.54%,0B / 0B,125MB / 2.8MB,44
2026-07-30 11:50:58,realsense,25.06%,177.8MiB / 30.66GiB,0.57%,0B / 0B,107MB / 3.34MB,33
2026-07-30 11:50:58,nav2,13.73%,228.4MiB / 30.66GiB,0.73%,0B / 0B,128MB / 1.19MB,92
2026-07-30 11:50:58,glim,68.32%,798.3MiB / 30.66GiB,2.54%,0B / 0B,149MB / 11.7MB,37
2026-07-30 11:51:01,foxglove,21.40%,637.3MiB / 30.66GiB,2.03%,0B / 0B,203MB / 3.51MB,28
2026-07-30 11:51:01,docker-recorder-run-de836728b142,0.00%,22.88MiB / 30.66GiB,0.07%,0B / 0B,42.7MB / 9.68MB,1
2026-07-30 11:51:01,openzen,4.88%,88.35MiB / 30.66GiB,0.28%,0B / 0B,81.6MB / 2.17MB,20
2026-07-30 11:51:01,ouster,6.82%,247.9MiB / 30.66GiB,0.79%,0B / 0B,184MB / 2.93MB,30
2026-07-30 11:51:01,scovox,93.93%,326.3MiB / 30.66GiB,1.04%,0B / 0B,78.3MB / 8.4MB,53
2026-07-30 11:51:01,mapir-ffmpeg,28.41%,336.5MiB / 30.66GiB,1.07%,0B / 0B,200MB / 1.9MB,33
2026-07-30 11:51:01,trav_ros2,115.32%,492.3MiB / 30.66GiB,1.57%,0B / 0B,125MB / 2.8MB,44
2026-07-30 11:51:01,realsense,39.44%,177.5MiB / 30.66GiB,0.57%,0B / 0B,107MB / 3.34MB,33
2026-07-30 11:51:01,nav2,13.07%,228.4MiB / 30.66GiB,0.73%,0B / 0B,128MB / 1.19MB,92
2026-07-30 11:51:01,glim,74.51%,797.8MiB / 30.66GiB,2.54%,0B / 0B,149MB / 11.7MB,37
2026-07-30 11:51:04,foxglove,32.68%,637.2MiB / 30.66GiB,2.03%,0B / 0B,203MB / 3.51MB,28
2026-07-30 11:51:04,docker-recorder-run-de836728b142,0.00%,22.88MiB / 30.66GiB,0.07%,0B / 0B,42.7MB / 9.68MB,1
2026-07-30 11:51:04,openzen,3.54%,88.85MiB / 30.66GiB,0.28%,0B / 0B,81.6MB / 2.17MB,20
2026-07-30 11:51:04,ouster,7.50%,249MiB / 30.66GiB,0.79%,0B / 0B,184MB / 2.93MB,30
2026-07-30 11:51:04,scovox,91.72%,326.7MiB / 30.66GiB,1.04%,0B / 0B,78.3MB / 8.4MB,53
2026-07-30 11:51:04,mapir-ffmpeg,28.51%,337MiB / 30.66GiB,1.07%,0B / 0B,200MB / 1.9MB,33
2026-07-30 11:51:04,trav_ros2,110.95%,486.2MiB / 30.66GiB,1.55%,0B / 0B,125MB / 2.8MB,44
2026-07-30 11:51:04,realsense,38.16%,177.5MiB / 30.66GiB,0.57%,0B / 0B,107MB / 3.34MB,33
2026-07-30 11:51:04,nav2,12.77%,228.4MiB / 30.66GiB,0.73%,0B / 0B,128MB / 1.19MB,92
2026-07-30 11:51:04,glim,79.07%,799.1MiB / 30.66GiB,2.55%,0B / 0B,149MB / 11.7MB,37
2026-07-30 11:51:07,foxglove,14.83%,608.1MiB / 30.66GiB,1.94%,0B / 0B,203MB / 3.51MB,28
2026-07-30 11:51:07,docker-recorder-run-de836728b142,0.00%,22.88MiB / 30.66GiB,0.07%,0B / 0B,42.7MB / 9.68MB,1
2026-07-30 11:51:07,openzen,3.29%,88.6MiB / 30.66GiB,0.28%,0B / 0B,81.6MB / 2.17MB,20
2026-07-30 11:51:07,ouster,7.40%,248.1MiB / 30.66GiB,0.79%,0B / 0B,184MB / 2.93MB,30
2026-07-30 11:51:07,scovox,67.36%,367.2MiB / 30.66GiB,1.17%,0B / 0B,78.3MB / 8.4MB,53
2026-07-30 11:51:07,mapir-ffmpeg,27.40%,336.7MiB / 30.66GiB,1.07%,0B / 0B,200MB / 1.9MB,33
2026-07-30 11:51:07,trav_ros2,111.66%,486.6MiB / 30.66GiB,1.55%,0B / 0B,125MB / 2.8MB,44
2026-07-30 11:51:07,realsense,31.75%,177.3MiB / 30.66GiB,0.56%,0B / 0B,107MB / 3.34MB,33
2026-07-30 11:51:07,nav2,12.46%,228.4MiB / 30.66GiB,0.73%,0B / 0B,128MB / 1.19MB,92
2026-07-30 11:51:07,glim,72.64%,799.7MiB / 30.66GiB,2.55%,0B / 0B,149MB / 11.7MB,37
2026-07-30 11:51:11,foxglove,17.63%,639.6MiB / 30.66GiB,2.04%,0B / 0B,203MB / 3.51MB,28
2026-07-30 11:51:11,docker-recorder-run-de836728b142,0.00%,22.88MiB / 30.66GiB,0.07%,0B / 0B,42.7MB / 9.68MB,1
2026-07-30 11:51:11,openzen,3.61%,88.35MiB / 30.66GiB,0.28%,0B / 0B,81.6MB / 2.17MB,20
2026-07-30 11:51:11,ouster,10.80%,248.6MiB / 30.66GiB,0.79%,0B / 0B,184MB / 2.93MB,30
2026-07-30 11:51:11,scovox,95.32%,326.6MiB / 30.66GiB,1.04%,0B / 0B,78.3MB / 8.4MB,53
2026-07-30 11:51:11,mapir-ffmpeg,29.69%,336.5MiB / 30.66GiB,1.07%,0B / 0B,200MB / 1.9MB,33
2026-07-30 11:51:11,trav_ros2,112.40%,486.9MiB / 30.66GiB,1.55%,0B / 0B,125MB / 2.8MB,44
2026-07-30 11:51:11,realsense,39.77%,177.5MiB / 30.66GiB,0.57%,0B / 0B,107MB / 3.34MB,33
2026-07-30 11:51:11,nav2,12.72%,228.4MiB / 30.66GiB,0.73%,0B / 0B,128MB / 1.19MB,92
2026-07-30 11:51:11,glim,69.85%,798.8MiB / 30.66GiB,2.54%,0B / 0B,149MB / 11.7MB,37
2026-07-30 11:51:14,foxglove,12.56%,607.1MiB / 30.66GiB,1.93%,0B / 0B,203MB / 3.51MB,28
2026-07-30 11:51:14,docker-recorder-run-de836728b142,0.00%,22.88MiB / 30.66GiB,0.07%,0B / 0B,42.7MB / 9.68MB,1
2026-07-30 11:51:14,openzen,4.77%,88.35MiB / 30.66GiB,0.28%,0B / 0B,81.6MB / 2.17MB,20
2026-07-30 11:51:14,ouster,10.95%,248.5MiB / 30.66GiB,0.79%,0B / 0B,184MB / 2.93MB,30
2026-07-30 11:51:14,scovox,91.25%,326.1MiB / 30.66GiB,1.04%,0B / 0B,78.3MB / 8.4MB,53
2026-07-30 11:51:14,mapir-ffmpeg,32.35%,336.5MiB / 30.66GiB,1.07%,0B / 0B,200MB / 1.9MB,33
2026-07-30 11:51:14,trav_ros2,113.08%,492.7MiB / 30.66GiB,1.57%,0B / 0B,125MB / 2.8MB,44
2026-07-30 11:51:14,realsense,18.92%,177.8MiB / 30.66GiB,0.57%,0B / 0B,107MB / 3.34MB,33
2026-07-30 11:51:14,nav2,13.60%,227.9MiB / 30.66GiB,0.73%,0B / 0B,128MB / 1.19MB,92
2026-07-30 11:51:14,glim,74.33%,799.8MiB / 30.66GiB,2.55%,0B / 0B,149MB / 11.7MB,37
2026-07-30 11:51:17,foxglove,13.10%,639.2MiB / 30.66GiB,2.04%,0B / 0B,203MB / 3.51MB,28
2026-07-30 11:51:17,docker-recorder-run-de836728b142,0.00%,22.88MiB / 30.66GiB,0.07%,0B / 0B,42.7MB / 9.68MB,1
2026-07-30 11:51:17,openzen,4.23%,88.35MiB / 30.66GiB,0.28%,0B / 0B,81.6MB / 2.17MB,20
2026-07-30 11:51:17,ouster,7.54%,249MiB / 30.66GiB,0.79%,0B / 0B,184MB / 2.93MB,30
2026-07-30 11:51:17,scovox,89.91%,326.5MiB / 30.66GiB,1.04%,0B / 0B,78.3MB / 8.4MB,53
2026-07-30 11:51:17,mapir-ffmpeg,32.61%,336.5MiB / 30.66GiB,1.07%,0B / 0B,200MB / 1.9MB,33
2026-07-30 11:51:17,trav_ros2,120.78%,484.6MiB / 30.66GiB,1.54%,0B / 0B,125MB / 2.8MB,44
2026-07-30 11:51:17,realsense,19.98%,177.5MiB / 30.66GiB,0.57%,0B / 0B,107MB / 3.34MB,33
2026-07-30 11:51:17,nav2,12.59%,228.3MiB / 30.66GiB,0.73%,0B / 0B,128MB / 1.19MB,92
2026-07-30 11:51:17,glim,70.18%,800.5MiB / 30.66GiB,2.55%,0B / 0B,149MB / 11.7MB,37
2026-07-30 11:51:20,foxglove,17.55%,638.2MiB / 30.66GiB,2.03%,0B / 0B,203MB / 3.51MB,28
2026-07-30 11:51:20,docker-recorder-run-de836728b142,0.00%,22.88MiB / 30.66GiB,0.07%,0B / 0B,42.7MB / 9.68MB,1
2026-07-30 11:51:20,openzen,3.97%,88.35MiB / 30.66GiB,0.28%,0B / 0B,81.6MB / 2.17MB,20
2026-07-30 11:51:20,ouster,7.44%,249.2MiB / 30.66GiB,0.79%,0B / 0B,184MB / 2.93MB,30
2026-07-30 11:51:20,scovox,71.16%,373.2MiB / 30.66GiB,1.19%,0B / 0B,78.3MB / 8.4MB,53
2026-07-30 11:51:20,mapir-ffmpeg,28.73%,336.5MiB / 30.66GiB,1.07%,0B / 0B,200MB / 1.9MB,33
2026-07-30 11:51:20,trav_ros2,111.05%,488.2MiB / 30.66GiB,1.56%,0B / 0B,125MB / 2.8MB,44
2026-07-30 11:51:20,realsense,46.63%,177.5MiB / 30.66GiB,0.57%,0B / 0B,107MB / 3.34MB,33
2026-07-30 11:51:20,nav2,13.34%,227.7MiB / 30.66GiB,0.73%,0B / 0B,128MB / 1.19MB,92
2026-07-30 11:51:20,glim,67.00%,800.3MiB / 30.66GiB,2.55%,0B / 0B,149MB / 11.7MB,37
2026-07-30 11:51:23,foxglove,17.09%,638.1MiB / 30.66GiB,2.03%,0B / 0B,203MB / 3.51MB,28
2026-07-30 11:51:23,docker-recorder-run-de836728b142,0.00%,22.88MiB / 30.66GiB,0.07%,0B / 0B,42.7MB / 9.68MB,1
2026-07-30 11:51:23,openzen,4.16%,88.35MiB / 30.66GiB,0.28%,0B / 0B,81.6MB / 2.17MB,20
2026-07-30 11:51:23,ouster,7.83%,249MiB / 30.66GiB,0.79%,0B / 0B,184MB / 2.93MB,30
2026-07-30 11:51:23,scovox,84.19%,348.1MiB / 30.66GiB,1.11%,0B / 0B,78.3MB / 8.5MB,53
2026-07-30 11:51:23,mapir-ffmpeg,29.33%,336.5MiB / 30.66GiB,1.07%,0B / 0B,200MB / 1.9MB,33
2026-07-30 11:51:23,trav_ros2,113.21%,485.9MiB / 30.66GiB,1.55%,0B / 0B,125MB / 2.82MB,44
2026-07-30 11:51:23,realsense,33.25%,178MiB / 30.66GiB,0.57%,0B / 0B,107MB / 3.34MB,33
2026-07-30 11:51:23,nav2,14.19%,228.6MiB / 30.66GiB,0.73%,0B / 0B,128MB / 1.19MB,92
2026-07-30 11:51:23,glim,91.43%,800.7MiB / 30.66GiB,2.55%,0B / 0B,149MB / 11.7MB,37
2026-07-30 11:51:26,foxglove,24.89%,637.8MiB / 30.66GiB,2.03%,0B / 0B,203MB / 3.51MB,28
2026-07-30 11:51:26,docker-recorder-run-de836728b142,0.00%,22.88MiB / 30.66GiB,0.07%,0B / 0B,42.7MB / 9.68MB,1
2026-07-30 11:51:26,openzen,4.67%,88.35MiB / 30.66GiB,0.28%,0B / 0B,81.6MB / 2.17MB,20
2026-07-30 11:51:26,ouster,7.37%,248.8MiB / 30.66GiB,0.79%,0B / 0B,184MB / 2.93MB,30
2026-07-30 11:51:26,scovox,77.20%,372.4MiB / 30.66GiB,1.19%,0B / 0B,78.3MB / 8.5MB,53
2026-07-30 11:51:26,mapir-ffmpeg,28.87%,336.5MiB / 30.66GiB,1.07%,0B / 0B,200MB / 1.91MB,33
2026-07-30 11:51:26,trav_ros2,114.01%,492.3MiB / 30.66GiB,1.57%,0B / 0B,125MB / 2.82MB,44
2026-07-30 11:51:26,realsense,18.56%,177.5MiB / 30.66GiB,0.57%,0B / 0B,107MB / 3.34MB,33
2026-07-30 11:51:26,nav2,12.47%,228.1MiB / 30.66GiB,0.73%,0B / 0B,128MB / 1.19MB,92
2026-07-30 11:51:26,glim,85.28%,800.5MiB / 30.66GiB,2.55%,0B / 0B,149MB / 11.7MB,37
2026-07-30 11:51:29,foxglove,14.18%,637.5MiB / 30.66GiB,2.03%,0B / 0B,203MB / 3.51MB,28
2026-07-30 11:51:29,docker-recorder-run-de836728b142,0.00%,22.88MiB / 30.66GiB,0.07%,0B / 0B,42.7MB / 9.68MB,1
2026-07-30 11:51:29,openzen,4.41%,88.36MiB / 30.66GiB,0.28%,0B / 0B,81.6MB / 2.17MB,20
2026-07-30 11:51:29,ouster,8.48%,249.3MiB / 30.66GiB,0.79%,0B / 0B,184MB / 2.93MB,30
2026-07-30 11:51:29,scovox,78.29%,355.6MiB / 30.66GiB,1.13%,0B / 0B,78.3MB / 8.5MB,53
2026-07-30 11:51:29,mapir-ffmpeg,28.88%,336.9MiB / 30.66GiB,1.07%,0B / 0B,200MB / 1.91MB,33
2026-07-30 11:51:29,trav_ros2,111.24%,482.3MiB / 30.66GiB,1.54%,0B / 0B,125MB / 2.82MB,44
2026-07-30 11:51:29,realsense,22.12%,177.5MiB / 30.66GiB,0.57%,0B / 0B,107MB / 3.34MB,33
2026-07-30 11:51:29,nav2,13.09%,229.1MiB / 30.66GiB,0.73%,0B / 0B,128MB / 1.19MB,92
2026-07-30 11:51:29,glim,108.19%,800.9MiB / 30.66GiB,2.55%,0B / 0B,149MB / 11.7MB,37
2026-07-30 11:51:32,foxglove,18.27%,637.2MiB / 30.66GiB,2.03%,0B / 0B,203MB / 3.51MB,28
2026-07-30 11:51:32,docker-recorder-run-de836728b142,0.00%,22.88MiB / 30.66GiB,0.07%,0B / 0B,42.7MB / 9.68MB,1
2026-07-30 11:51:32,openzen,4.52%,88.6MiB / 30.66GiB,0.28%,0B / 0B,81.6MB / 2.17MB,20
2026-07-30 11:51:32,ouster,7.70%,248MiB / 30.66GiB,0.79%,0B / 0B,184MB / 2.93MB,30
2026-07-30 11:51:32,scovox,82.29%,326.5MiB / 30.66GiB,1.04%,0B / 0B,78.3MB / 8.51MB,53
2026-07-30 11:51:32,mapir-ffmpeg,37.75%,337MiB / 30.66GiB,1.07%,0B / 0B,200MB / 1.91MB,33
2026-07-30 11:51:32,trav_ros2,111.90%,486.2MiB / 30.66GiB,1.55%,0B / 0B,125MB / 2.82MB,44
2026-07-30 11:51:32,realsense,39.00%,177.5MiB / 30.66GiB,0.57%,0B / 0B,107MB / 3.34MB,33
2026-07-30 11:51:32,nav2,13.76%,227.9MiB / 30.66GiB,0.73%,0B / 0B,128MB / 1.19MB,92
2026-07-30 11:51:32,glim,72.79%,802MiB / 30.66GiB,2.55%,0B / 0B,149MB / 11.7MB,37
2026-07-30 11:51:35,foxglove,16.80%,637MiB / 30.66GiB,2.03%,0B / 0B,203MB / 3.51MB,28
2026-07-30 11:51:35,docker-recorder-run-de836728b142,0.00%,22.88MiB / 30.66GiB,0.07%,0B / 0B,42.7MB / 9.68MB,1
2026-07-30 11:51:35,openzen,3.87%,88.35MiB / 30.66GiB,0.28%,0B / 0B,81.6MB / 2.17MB,20
2026-07-30 11:51:35,ouster,7.49%,249MiB / 30.66GiB,0.79%,0B / 0B,184MB / 2.93MB,30
2026-07-30 11:51:35,scovox,73.22%,357.3MiB / 30.66GiB,1.14%,0B / 0B,78.3MB / 8.51MB,53
2026-07-30 11:51:35,mapir-ffmpeg,29.49%,336.5MiB / 30.66GiB,1.07%,0B / 0B,200MB / 1.91MB,33
2026-07-30 11:51:35,trav_ros2,112.51%,486MiB / 30.66GiB,1.55%,0B / 0B,125MB / 2.82MB,44
2026-07-30 11:51:35,realsense,18.61%,177.8MiB / 30.66GiB,0.57%,0B / 0B,107MB / 3.34MB,33
2026-07-30 11:51:35,nav2,12.96%,228.1MiB / 30.66GiB,0.73%,0B / 0B,128MB / 1.19MB,92
2026-07-30 11:51:35,glim,72.22%,802.1MiB / 30.66GiB,2.55%,0B / 0B,149MB / 11.7MB,37
2026-07-30 11:51:38,foxglove,15.28%,637.5MiB / 30.66GiB,2.03%,0B / 0B,203MB / 3.51MB,28
2026-07-30 11:51:38,docker-recorder-run-de836728b142,0.00%,22.88MiB / 30.66GiB,0.07%,0B / 0B,42.7MB / 9.68MB,1
2026-07-30 11:51:38,openzen,3.76%,88.35MiB / 30.66GiB,0.28%,0B / 0B,81.6MB / 2.17MB,20
2026-07-30 11:51:38,ouster,8.21%,248.7MiB / 30.66GiB,0.79%,0B / 0B,184MB / 2.93MB,30
2026-07-30 11:51:38,scovox,88.53%,326.8MiB / 30.66GiB,1.04%,0B / 0B,78.3MB / 8.51MB,53
2026-07-30 11:51:38,mapir-ffmpeg,32.68%,337.2MiB / 30.66GiB,1.07%,0B / 0B,200MB / 1.91MB,33
2026-07-30 11:51:38,trav_ros2,119.71%,484.8MiB / 30.66GiB,1.54%,0B / 0B,125MB / 2.82MB,44
2026-07-30 11:51:38,realsense,18.60%,177.8MiB / 30.66GiB,0.57%,0B / 0B,107MB / 3.34MB,33
2026-07-30 11:51:38,nav2,13.36%,228.2MiB / 30.66GiB,0.73%,0B / 0B,128MB / 1.19MB,92
2026-07-30 11:51:38,glim,84.09%,802.2MiB / 30.66GiB,2.55%,0B / 0B,149MB / 11.7MB,37
2026-07-30 11:51:41,foxglove,15.28%,637.8MiB / 30.66GiB,2.03%,0B / 0B,203MB / 3.51MB,28
2026-07-30 11:51:41,docker-recorder-run-de836728b142,0.00%,22.88MiB / 30.66GiB,0.07%,0B / 0B,42.7MB / 9.68MB,1
2026-07-30 11:51:41,openzen,3.69%,88.35MiB / 30.66GiB,0.28%,0B / 0B,81.6MB / 2.17MB,20
2026-07-30 11:51:41,ouster,7.46%,248.6MiB / 30.66GiB,0.79%,0B / 0B,184MB / 2.93MB,30
2026-07-30 11:51:41,scovox,68.32%,363.7MiB / 30.66GiB,1.16%,0B / 0B,78.3MB / 8.51MB,53
2026-07-30 11:51:41,mapir-ffmpeg,29.40%,336.5MiB / 30.66GiB,1.07%,0B / 0B,200MB / 1.91MB,33
2026-07-30 11:51:41,trav_ros2,115.01%,487.9MiB / 30.66GiB,1.55%,0B / 0B,125MB / 2.82MB,44
2026-07-30 11:51:41,realsense,27.73%,177.3MiB / 30.66GiB,0.56%,0B / 0B,107MB / 3.34MB,33
2026-07-30 11:51:41,nav2,12.98%,227.7MiB / 30.66GiB,0.73%,0B / 0B,128MB / 1.19MB,92
2026-07-30 11:51:41,glim,85.82%,801.9MiB / 30.66GiB,2.55%,0B / 0B,149MB / 11.7MB,37
2026-07-30 11:51:44,foxglove,13.95%,639.8MiB / 30.66GiB,2.04%,0B / 0B,203MB / 3.51MB,28
2026-07-30 11:51:44,docker-recorder-run-de836728b142,0.00%,22.88MiB / 30.66GiB,0.07%,0B / 0B,42.7MB / 9.68MB,1
2026-07-30 11:51:44,openzen,3.93%,88.36MiB / 30.66GiB,0.28%,0B / 0B,81.6MB / 2.17MB,20
2026-07-30 11:51:44,ouster,7.78%,248.5MiB / 30.66GiB,0.79%,0B / 0B,184MB / 2.93MB,30
2026-07-30 11:51:44,scovox,96.55%,326.5MiB / 30.66GiB,1.04%,0B / 0B,78.3MB / 8.51MB,53
2026-07-30 11:51:44,mapir-ffmpeg,43.78%,336.7MiB / 30.66GiB,1.07%,0B / 0B,200MB / 1.91MB,33
2026-07-30 11:51:44,trav_ros2,112.82%,491.8MiB / 30.66GiB,1.57%,0B / 0B,125MB / 2.82MB,44
2026-07-30 11:51:44,realsense,23.07%,177.8MiB / 30.66GiB,0.57%,0B / 0B,107MB / 3.34MB,33
2026-07-30 11:51:44,nav2,14.20%,228.4MiB / 30.66GiB,0.73%,0B / 0B,128MB / 1.19MB,92
2026-07-30 11:51:44,glim,73.98%,802.8MiB / 30.66GiB,2.56%,0B / 0B,149MB / 11.7MB,37
2026-07-30 11:51:47,foxglove,23.09%,605.2MiB / 30.66GiB,1.93%,0B / 0B,203MB / 3.51MB,28
2026-07-30 11:51:47,docker-recorder-run-de836728b142,0.00%,22.88MiB / 30.66GiB,0.07%,0B / 0B,42.7MB / 9.68MB,1
2026-07-30 11:51:47,openzen,3.89%,88.35MiB / 30.66GiB,0.28%,0B / 0B,81.6MB / 2.17MB,20
2026-07-30 11:51:47,ouster,7.06%,248.6MiB / 30.66GiB,0.79%,0B / 0B,184MB / 2.93MB,30
2026-07-30 11:51:47,scovox,68.48%,365.7MiB / 30.66GiB,1.16%,0B / 0B,78.3MB / 8.51MB,53
2026-07-30 11:51:47,mapir-ffmpeg,29.51%,336.5MiB / 30.66GiB,1.07%,0B / 0B,200MB / 1.91MB,33
2026-07-30 11:51:47,trav_ros2,117.73%,491.6MiB / 30.66GiB,1.57%,0B / 0B,125MB / 2.82MB,44
2026-07-30 11:51:47,realsense,27.14%,177.3MiB / 30.66GiB,0.56%,0B / 0B,107MB / 3.34MB,33
2026-07-30 11:51:47,nav2,13.05%,228.4MiB / 30.66GiB,0.73%,0B / 0B,128MB / 1.19MB,92
2026-07-30 11:51:47,glim,69.10%,803MiB / 30.66GiB,2.56%,0B / 0B,149MB / 11.7MB,37
2026-07-30 11:51:50,foxglove,14.48%,637.7MiB / 30.66GiB,2.03%,0B / 0B,203MB / 3.51MB,28
2026-07-30 11:51:50,docker-recorder-run-de836728b142,0.00%,22.88MiB / 30.66GiB,0.07%,0B / 0B,42.7MB / 9.68MB,1
2026-07-30 11:51:50,openzen,3.75%,88.35MiB / 30.66GiB,0.28%,0B / 0B,81.6MB / 2.17MB,20
2026-07-30 11:51:50,ouster,8.06%,248.6MiB / 30.66GiB,0.79%,0B / 0B,184MB / 2.93MB,30
2026-07-30 11:51:50,scovox,101.12%,327MiB / 30.66GiB,1.04%,0B / 0B,78.3MB / 8.51MB,53
2026-07-30 11:51:50,mapir-ffmpeg,36.66%,336.5MiB / 30.66GiB,1.07%,0B / 0B,200MB / 1.91MB,33
2026-07-30 11:51:50,trav_ros2,113.91%,487.7MiB / 30.66GiB,1.55%,0B / 0B,125MB / 2.82MB,44
2026-07-30 11:51:50,realsense,19.18%,177.5MiB / 30.66GiB,0.57%,0B / 0B,107MB / 3.34MB,33
2026-07-30 11:51:50,nav2,13.34%,227.9MiB / 30.66GiB,0.73%,0B / 0B,128MB / 1.19MB,92
2026-07-30 11:51:50,glim,88.68%,803.4MiB / 30.66GiB,2.56%,0B / 0B,149MB / 11.7MB,37
2026-07-30 11:51:54,foxglove,13.40%,607.4MiB / 30.66GiB,1.93%,0B / 0B,203MB / 3.51MB,28
2026-07-30 11:51:54,docker-recorder-run-de836728b142,0.00%,22.88MiB / 30.66GiB,0.07%,0B / 0B,42.7MB / 9.68MB,1
2026-07-30 11:51:54,openzen,3.72%,88.35MiB / 30.66GiB,0.28%,0B / 0B,81.6MB / 2.17MB,20
2026-07-30 11:51:54,ouster,18.79%,248.2MiB / 30.66GiB,0.79%,0B / 0B,184MB / 2.93MB,30
2026-07-30 11:51:54,scovox,72.32%,368.6MiB / 30.66GiB,1.17%,0B / 0B,78.3MB / 8.59MB,53
2026-07-30 11:51:54,mapir-ffmpeg,41.94%,336.5MiB / 30.66GiB,1.07%,0B / 0B,200MB / 1.91MB,33
2026-07-30 11:51:54,trav_ros2,114.33%,493.1MiB / 30.66GiB,1.57%,0B / 0B,125MB / 2.84MB,44
2026-07-30 11:51:54,realsense,18.64%,177.5MiB / 30.66GiB,0.57%,0B / 0B,107MB / 3.34MB,33
2026-07-30 11:51:54,nav2,14.37%,227.9MiB / 30.66GiB,0.73%,0B / 0B,128MB / 1.19MB,92
2026-07-30 11:51:54,glim,77.04%,802.9MiB / 30.66GiB,2.56%,0B / 0B,149MB / 11.7MB,37
2026-07-30 11:51:57,foxglove,17.96%,638.3MiB / 30.66GiB,2.03%,0B / 0B,203MB / 3.51MB,28
2026-07-30 11:51:57,docker-recorder-run-de836728b142,0.00%,22.88MiB / 30.66GiB,0.07%,0B / 0B,42.7MB / 9.68MB,1
2026-07-30 11:51:57,openzen,4.00%,88.35MiB / 30.66GiB,0.28%,0B / 0B,81.6MB / 2.17MB,20
2026-07-30 11:51:57,ouster,10.45%,248.3MiB / 30.66GiB,0.79%,0B / 0B,184MB / 2.93MB,30
2026-07-30 11:51:57,scovox,93.89%,326.1MiB / 30.66GiB,1.04%,0B / 0B,78.3MB / 8.59MB,53
2026-07-30 11:51:57,mapir-ffmpeg,29.67%,336.5MiB / 30.66GiB,1.07%,0B / 0B,200MB / 1.91MB,33
2026-07-30 11:51:57,trav_ros2,113.92%,485.7MiB / 30.66GiB,1.55%,0B / 0B,125MB / 2.84MB,44
2026-07-30 11:51:57,realsense,18.21%,177.5MiB / 30.66GiB,0.57%,0B / 0B,107MB / 3.34MB,33
2026-07-30 11:51:57,nav2,13.27%,227.6MiB / 30.66GiB,0.72%,0B / 0B,128MB / 1.19MB,92
2026-07-30 11:51:57,glim,78.68%,804.4MiB / 30.66GiB,2.56%,0B / 0B,149MB / 11.7MB,37
2026-07-30 11:52:00,foxglove,13.44%,606.1MiB / 30.66GiB,1.93%,0B / 0B,203MB / 3.51MB,28
2026-07-30 11:52:00,docker-recorder-run-de836728b142,0.00%,22.88MiB / 30.66GiB,0.07%,0B / 0B,42.7MB / 9.68MB,1
2026-07-30 11:52:00,openzen,4.09%,88.35MiB / 30.66GiB,0.28%,0B / 0B,81.6MB / 2.17MB,20
2026-07-30 11:52:00,ouster,9.93%,248.5MiB / 30.66GiB,0.79%,0B / 0B,184MB / 2.93MB,30
2026-07-30 11:52:00,scovox,69.24%,373.4MiB / 30.66GiB,1.19%,0B / 0B,78.3MB / 8.59MB,53
2026-07-30 11:52:00,mapir-ffmpeg,28.73%,336.5MiB / 30.66GiB,1.07%,0B / 0B,200MB / 1.92MB,33
2026-07-30 11:52:00,trav_ros2,112.20%,492.6MiB / 30.66GiB,1.57%,0B / 0B,125MB / 2.84MB,44
2026-07-30 11:52:00,realsense,37.18%,177.3MiB / 30.66GiB,0.56%,0B / 0B,107MB / 3.34MB,33
2026-07-30 11:52:00,nav2,12.29%,228.9MiB / 30.66GiB,0.73%,0B / 0B,128MB / 1.19MB,92
2026-07-30 11:52:00,glim,68.60%,804.4MiB / 30.66GiB,2.56%,0B / 0B,149MB / 11.7MB,37
2026-07-30 11:52:03,foxglove,15.21%,638MiB / 30.66GiB,2.03%,0B / 0B,203MB / 3.51MB,28
2026-07-30 11:52:03,docker-recorder-run-de836728b142,0.00%,22.88MiB / 30.66GiB,0.07%,0B / 0B,42.7MB / 9.68MB,1
2026-07-30 11:52:03,openzen,3.95%,88.35MiB / 30.66GiB,0.28%,0B / 0B,81.6MB / 2.17MB,20
2026-07-30 11:52:03,ouster,10.15%,248.7MiB / 30.66GiB,0.79%,0B / 0B,184MB / 2.93MB,30
2026-07-30 11:52:03,scovox,88.92%,326.9MiB / 30.66GiB,1.04%,0B / 0B,78.3MB / 8.59MB,53
2026-07-30 11:52:03,mapir-ffmpeg,28.92%,336.7MiB / 30.66GiB,1.07%,0B / 0B,200MB / 1.92MB,33
2026-07-30 11:52:03,trav_ros2,113.61%,487.2MiB / 30.66GiB,1.55%,0B / 0B,125MB / 2.84MB,44
2026-07-30 11:52:03,realsense,47.07%,177.3MiB / 30.66GiB,0.56%,0B / 0B,107MB / 3.34MB,33
2026-07-30 11:52:03,nav2,12.70%,228.2MiB / 30.66GiB,0.73%,0B / 0B,128MB / 1.19MB,92
2026-07-30 11:52:03,glim,77.41%,804.9MiB / 30.66GiB,2.56%,0B / 0B,149MB / 11.7MB,37
2026-07-30 11:52:06,foxglove,16.54%,638.1MiB / 30.66GiB,2.03%,0B / 0B,203MB / 3.51MB,28
2026-07-30 11:52:06,docker-recorder-run-de836728b142,0.00%,22.88MiB / 30.66GiB,0.07%,0B / 0B,42.7MB / 9.68MB,1
2026-07-30 11:52:06,openzen,3.82%,88.35MiB / 30.66GiB,0.28%,0B / 0B,81.6MB / 2.17MB,20
2026-07-30 11:52:06,ouster,7.30%,248.9MiB / 30.66GiB,0.79%,0B / 0B,184MB / 2.93MB,30
2026-07-30 11:52:06,scovox,70.61%,373MiB / 30.66GiB,1.19%,0B / 0B,78.3MB / 8.59MB,53
2026-07-30 11:52:06,mapir-ffmpeg,44.51%,336.5MiB / 30.66GiB,1.07%,0B / 0B,200MB / 1.92MB,33
2026-07-30 11:52:06,trav_ros2,111.53%,482.3MiB / 30.66GiB,1.54%,0B / 0B,125MB / 2.84MB,44
2026-07-30 11:52:06,realsense,46.53%,177.3MiB / 30.66GiB,0.56%,0B / 0B,107MB / 3.34MB,33
2026-07-30 11:52:06,nav2,12.56%,228.1MiB / 30.66GiB,0.73%,0B / 0B,128MB / 1.19MB,92
2026-07-30 11:52:06,glim,69.76%,805MiB / 30.66GiB,2.56%,0B / 0B,149MB / 11.7MB,37
2026-07-30 11:52:09,foxglove,12.21%,637.4MiB / 30.66GiB,2.03%,0B / 0B,203MB / 3.51MB,28
2026-07-30 11:52:09,docker-recorder-run-de836728b142,0.00%,22.88MiB / 30.66GiB,0.07%,0B / 0B,42.7MB / 9.68MB,1
2026-07-30 11:52:09,openzen,4.55%,88.6MiB / 30.66GiB,0.28%,0B / 0B,81.6MB / 2.17MB,20
2026-07-30 11:52:09,ouster,19.80%,248.2MiB / 30.66GiB,0.79%,0B / 0B,184MB / 2.93MB,30
2026-07-30 11:52:09,scovox,85.60%,355MiB / 30.66GiB,1.13%,0B / 0B,78.3MB / 8.6MB,53
2026-07-30 11:52:09,mapir-ffmpeg,42.99%,336.9MiB / 30.66GiB,1.07%,0B / 0B,200MB / 1.92MB,33
2026-07-30 11:52:09,trav_ros2,113.68%,482.2MiB / 30.66GiB,1.54%,0B / 0B,125MB / 2.84MB,44
2026-07-30 11:52:09,realsense,22.48%,177.3MiB / 30.66GiB,0.56%,0B / 0B,107MB / 3.34MB,33
2026-07-30 11:52:09,nav2,13.83%,228.4MiB / 30.66GiB,0.73%,0B / 0B,128MB / 1.19MB,92
2026-07-30 11:52:09,glim,64.79%,805.1MiB / 30.66GiB,2.56%,0B / 0B,149MB / 11.7MB,37
2026-07-30 11:52:12,foxglove,26.37%,637.9MiB / 30.66GiB,2.03%,0B / 0B,203MB / 3.51MB,28
2026-07-30 11:52:12,docker-recorder-run-de836728b142,0.00%,22.88MiB / 30.66GiB,0.07%,0B / 0B,42.7MB / 9.68MB,1
2026-07-30 11:52:12,openzen,3.87%,88.6MiB / 30.66GiB,0.28%,0B / 0B,81.6MB / 2.17MB,20
2026-07-30 11:52:12,ouster,10.82%,248.3MiB / 30.66GiB,0.79%,0B / 0B,184MB / 2.93MB,30
2026-07-30 11:52:12,scovox,86.02%,354.6MiB / 30.66GiB,1.13%,0B / 0B,78.3MB / 8.6MB,53
2026-07-30 11:52:12,mapir-ffmpeg,34.83%,336.5MiB / 30.66GiB,1.07%,0B / 0B,200MB / 1.92MB,33
2026-07-30 11:52:12,trav_ros2,113.38%,486.4MiB / 30.66GiB,1.55%,0B / 0B,125MB / 2.84MB,44
2026-07-30 11:52:12,realsense,34.02%,177.3MiB / 30.66GiB,0.56%,0B / 0B,107MB / 3.34MB,33
2026-07-30 11:52:12,nav2,13.77%,227.9MiB / 30.66GiB,0.73%,0B / 0B,128MB / 1.19MB,92
2026-07-30 11:52:12,glim,65.09%,806MiB / 30.66GiB,2.57%,0B / 0B,149MB / 11.7MB,37
2026-07-30 11:52:15,foxglove,13.31%,640.5MiB / 30.66GiB,2.04%,0B / 0B,203MB / 3.51MB,28
2026-07-30 11:52:15,docker-recorder-run-de836728b142,0.00%,22.88MiB / 30.66GiB,0.07%,0B / 0B,42.7MB / 9.68MB,1
2026-07-30 11:52:15,openzen,3.73%,88.35MiB / 30.66GiB,0.28%,0B / 0B,81.6MB / 2.17MB,20
2026-07-30 11:52:15,ouster,9.51%,248.8MiB / 30.66GiB,0.79%,0B / 0B,184MB / 2.93MB,30
2026-07-30 11:52:15,scovox,84.68%,325.8MiB / 30.66GiB,1.04%,0B / 0B,78.3MB / 8.6MB,53
2026-07-30 11:52:15,mapir-ffmpeg,29.02%,336.5MiB / 30.66GiB,1.07%,0B / 0B,200MB / 1.92MB,33
2026-07-30 11:52:15,trav_ros2,114.57%,482.7MiB / 30.66GiB,1.54%,0B / 0B,125MB / 2.84MB,44
2026-07-30 11:52:15,realsense,19.06%,177.3MiB / 30.66GiB,0.56%,0B / 0B,107MB / 3.34MB,33
2026-07-30 11:52:15,nav2,12.62%,227.9MiB / 30.66GiB,0.73%,0B / 0B,128MB / 1.19MB,92
2026-07-30 11:52:15,glim,74.23%,806.5MiB / 30.66GiB,2.57%,0B / 0B,149MB / 11.7MB,37
2026-07-30 11:52:18,foxglove,19.53%,638.2MiB / 30.66GiB,2.03%,0B / 0B,203MB / 3.51MB,28
2026-07-30 11:52:18,docker-recorder-run-de836728b142,0.00%,22.88MiB / 30.66GiB,0.07%,0B / 0B,42.7MB / 9.68MB,1
2026-07-30 11:52:18,openzen,4.27%,88.35MiB / 30.66GiB,0.28%,0B / 0B,81.6MB / 2.17MB,20
2026-07-30 11:52:18,ouster,11.00%,249.2MiB / 30.66GiB,0.79%,0B / 0B,184MB / 2.93MB,30
2026-07-30 11:52:18,scovox,89.80%,326.6MiB / 30.66GiB,1.04%,0B / 0B,78.3MB / 8.6MB,53
2026-07-30 11:52:18,mapir-ffmpeg,33.65%,336.7MiB / 30.66GiB,1.07%,0B / 0B,200MB / 1.92MB,33
2026-07-30 11:52:18,trav_ros2,112.19%,485.7MiB / 30.66GiB,1.55%,0B / 0B,125MB / 2.84MB,44
2026-07-30 11:52:18,realsense,19.27%,177.3MiB / 30.66GiB,0.56%,0B / 0B,107MB / 3.34MB,33
2026-07-30 11:52:18,nav2,13.10%,228.6MiB / 30.66GiB,0.73%,0B / 0B,128MB / 1.19MB,92
2026-07-30 11:52:18,glim,76.18%,806.9MiB / 30.66GiB,2.57%,0B / 0B,149MB / 11.7MB,37
2026-07-30 11:52:21,foxglove,13.03%,638.1MiB / 30.66GiB,2.03%,0B / 0B,203MB / 3.51MB,28
2026-07-30 11:52:21,docker-recorder-run-de836728b142,0.00%,22.88MiB / 30.66GiB,0.07%,0B / 0B,42.7MB / 9.68MB,1
2026-07-30 11:52:21,openzen,3.98%,88.35MiB / 30.66GiB,0.28%,0B / 0B,81.6MB / 2.17MB,20
2026-07-30 11:52:21,ouster,9.09%,248.5MiB / 30.66GiB,0.79%,0B / 0B,184MB / 2.93MB,30
2026-07-30 11:52:21,scovox,79.48%,359.2MiB / 30.66GiB,1.14%,0B / 0B,78.3MB / 8.6MB,53
2026-07-30 11:52:21,mapir-ffmpeg,29.06%,336.5MiB / 30.66GiB,1.07%,0B / 0B,200MB / 1.92MB,33
2026-07-30 11:52:21,trav_ros2,111.36%,492.1MiB / 30.66GiB,1.57%,0B / 0B,125MB / 2.84MB,44
2026-07-30 11:52:21,realsense,39.51%,177.5MiB / 30.66GiB,0.57%,0B / 0B,107MB / 3.34MB,33
2026-07-30 11:52:21,nav2,14.23%,227.9MiB / 30.66GiB,0.73%,0B / 0B,128MB / 1.19MB,92
2026-07-30 11:52:21,glim,74.81%,807.4MiB / 30.66GiB,2.57%,0B / 0B,149MB / 11.7MB,37
2026-07-30 11:52:24,foxglove,14.32%,637.5MiB / 30.66GiB,2.03%,0B / 0B,203MB / 3.51MB,28
2026-07-30 11:52:24,docker-recorder-run-de836728b142,0.00%,22.88MiB / 30.66GiB,0.07%,0B / 0B,42.7MB / 9.68MB,1
2026-07-30 11:52:24,openzen,3.71%,88.84MiB / 30.66GiB,0.28%,0B / 0B,81.6MB / 2.17MB,20
2026-07-30 11:52:24,ouster,10.29%,248.4MiB / 30.66GiB,0.79%,0B / 0B,184MB / 2.93MB,30
2026-07-30 11:52:24,scovox,90.92%,326.4MiB / 30.66GiB,1.04%,0B / 0B,78.3MB / 8.6MB,53
2026-07-30 11:52:24,mapir-ffmpeg,29.67%,337.7MiB / 30.66GiB,1.08%,0B / 0B,200MB / 1.92MB,33
2026-07-30 11:52:24,trav_ros2,114.27%,487.5MiB / 30.66GiB,1.55%,0B / 0B,125MB / 2.87MB,44
2026-07-30 11:52:24,realsense,52.35%,177.5MiB / 30.66GiB,0.57%,0B / 0B,107MB / 3.34MB,33
2026-07-30 11:52:24,nav2,12.79%,229.1MiB / 30.66GiB,0.73%,0B / 0B,128MB / 1.19MB,92
2026-07-30 11:52:24,glim,68.14%,807MiB / 30.66GiB,2.57%,0B / 0B,149MB / 11.7MB,37
2026-07-30 11:52:27,foxglove,17.44%,639.8MiB / 30.66GiB,2.04%,0B / 0B,203MB / 3.51MB,28
2026-07-30 11:52:27,docker-recorder-run-de836728b142,0.00%,22.88MiB / 30.66GiB,0.07%,0B / 0B,42.7MB / 9.68MB,1
2026-07-30 11:52:27,openzen,4.08%,88.35MiB / 30.66GiB,0.28%,0B / 0B,81.6MB / 2.17MB,20
2026-07-30 11:52:27,ouster,9.70%,248.8MiB / 30.66GiB,0.79%,0B / 0B,184MB / 2.93MB,30
2026-07-30 11:52:27,scovox,67.64%,363.3MiB / 30.66GiB,1.16%,0B / 0B,78.3MB / 8.6MB,53
2026-07-30 11:52:27,mapir-ffmpeg,38.16%,337.2MiB / 30.66GiB,1.07%,0B / 0B,200MB / 1.92MB,33
2026-07-30 11:52:27,trav_ros2,118.55%,478.5MiB / 30.66GiB,1.52%,0B / 0B,125MB / 2.87MB,44
2026-07-30 11:52:27,realsense,18.31%,177.5MiB / 30.66GiB,0.57%,0B / 0B,107MB / 3.34MB,33
2026-07-30 11:52:27,nav2,12.70%,228.6MiB / 30.66GiB,0.73%,0B / 0B,128MB / 1.19MB,92
2026-07-30 11:52:27,glim,70.58%,807.6MiB / 30.66GiB,2.57%,0B / 0B,149MB / 11.7MB,37
2026-07-30 11:52:30,foxglove,17.90%,639.6MiB / 30.66GiB,2.04%,0B / 0B,203MB / 3.51MB,28
2026-07-30 11:52:30,docker-recorder-run-de836728b142,0.00%,22.88MiB / 30.66GiB,0.07%,0B / 0B,42.7MB / 9.68MB,1
2026-07-30 11:52:30,openzen,4.23%,88.35MiB / 30.66GiB,0.28%,0B / 0B,81.6MB / 2.17MB,20
2026-07-30 11:52:30,ouster,8.45%,248.3MiB / 30.66GiB,0.79%,0B / 0B,184MB / 2.93MB,30
2026-07-30 11:52:30,scovox,73.23%,364.7MiB / 30.66GiB,1.16%,0B / 0B,78.3MB / 8.7MB,53
2026-07-30 11:52:30,mapir-ffmpeg,29.70%,336.5MiB / 30.66GiB,1.07%,0B / 0B,200MB / 1.92MB,33
2026-07-30 11:52:30,trav_ros2,114.32%,487.8MiB / 30.66GiB,1.55%,0B / 0B,125MB / 2.87MB,44
2026-07-30 11:52:30,realsense,28.18%,177.3MiB / 30.66GiB,0.56%,0B / 0B,107MB / 3.34MB,33
2026-07-30 11:52:30,nav2,14.04%,228.4MiB / 30.66GiB,0.73%,0B / 0B,128MB / 1.19MB,92
2026-07-30 11:52:30,glim,75.20%,808MiB / 30.66GiB,2.57%,0B / 0B,149MB / 11.7MB,37
2026-07-30 11:52:33,foxglove,15.08%,605.3MiB / 30.66GiB,1.93%,0B / 0B,203MB / 3.51MB,28
2026-07-30 11:52:33,docker-recorder-run-de836728b142,0.00%,22.88MiB / 30.66GiB,0.07%,0B / 0B,42.7MB / 9.68MB,1
2026-07-30 11:52:33,openzen,4.02%,88.35MiB / 30.66GiB,0.28%,0B / 0B,81.6MB / 2.17MB,20
2026-07-30 11:52:33,ouster,7.65%,249.1MiB / 30.66GiB,0.79%,0B / 0B,184MB / 2.93MB,30
2026-07-30 11:52:33,scovox,66.20%,365.9MiB / 30.66GiB,1.17%,0B / 0B,78.3MB / 8.7MB,53
2026-07-30 11:52:33,mapir-ffmpeg,28.51%,336.7MiB / 30.66GiB,1.07%,0B / 0B,200MB / 1.92MB,33
2026-07-30 11:52:33,trav_ros2,110.41%,480.1MiB / 30.66GiB,1.53%,0B / 0B,125MB / 2.87MB,44
2026-07-30 11:52:33,realsense,39.29%,177.8MiB / 30.66GiB,0.57%,0B / 0B,107MB / 3.34MB,33
2026-07-30 11:52:33,nav2,12.90%,227.9MiB / 30.66GiB,0.73%,0B / 0B,128MB / 1.19MB,92
2026-07-30 11:52:33,glim,85.97%,808.7MiB / 30.66GiB,2.58%,0B / 0B,149MB / 11.7MB,37
2026-07-30 11:52:36,foxglove,17.10%,637.9MiB / 30.66GiB,2.03%,0B / 0B,203MB / 3.51MB,28
2026-07-30 11:52:36,docker-recorder-run-de836728b142,0.00%,22.88MiB / 30.66GiB,0.07%,0B / 0B,42.7MB / 9.68MB,1
2026-07-30 11:52:36,openzen,4.10%,88.35MiB / 30.66GiB,0.28%,0B / 0B,81.6MB / 2.17MB,20
2026-07-30 11:52:36,ouster,7.50%,248.9MiB / 30.66GiB,0.79%,0B / 0B,184MB / 2.93MB,30
2026-07-30 11:52:36,scovox,94.47%,326MiB / 30.66GiB,1.04%,0B / 0B,78.3MB / 8.7MB,53
2026-07-30 11:52:36,mapir-ffmpeg,28.24%,336.5MiB / 30.66GiB,1.07%,0B / 0B,200MB / 1.93MB,33
2026-07-30 11:52:36,trav_ros2,110.45%,482.8MiB / 30.66GiB,1.54%,0B / 0B,125MB / 2.87MB,44
2026-07-30 11:52:36,realsense,17.71%,177.5MiB / 30.66GiB,0.57%,0B / 0B,107MB / 3.34MB,33
2026-07-30 11:52:36,nav2,13.26%,227.6MiB / 30.66GiB,0.73%,0B / 0B,128MB / 1.19MB,92
2026-07-30 11:52:36,glim,67.20%,808.3MiB / 30.66GiB,2.57%,0B / 0B,149MB / 11.7MB,37
2026-07-30 11:52:40,foxglove,14.38%,605.7MiB / 30.66GiB,1.93%,0B / 0B,203MB / 3.51MB,28
2026-07-30 11:52:40,docker-recorder-run-de836728b142,0.00%,22.88MiB / 30.66GiB,0.07%,0B / 0B,42.7MB / 9.68MB,1
2026-07-30 11:52:40,openzen,4.14%,88.35MiB / 30.66GiB,0.28%,0B / 0B,81.6MB / 2.17MB,20
2026-07-30 11:52:40,ouster,7.37%,248.8MiB / 30.66GiB,0.79%,0B / 0B,184MB / 2.93MB,30
2026-07-30 11:52:40,scovox,88.74%,326.5MiB / 30.66GiB,1.04%,0B / 0B,78.3MB / 8.7MB,53
2026-07-30 11:52:40,mapir-ffmpeg,27.98%,336.5MiB / 30.66GiB,1.07%,0B / 0B,200MB / 1.93MB,33
2026-07-30 11:52:40,trav_ros2,110.81%,488.2MiB / 30.66GiB,1.55%,0B / 0B,125MB / 2.87MB,44
2026-07-30 11:52:40,realsense,28.07%,178MiB / 30.66GiB,0.57%,0B / 0B,107MB / 3.34MB,33
2026-07-30 11:52:40,nav2,14.07%,227.9MiB / 30.66GiB,0.73%,0B / 0B,128MB / 1.19MB,92
2026-07-30 11:52:40,glim,63.36%,809.2MiB / 30.66GiB,2.58%,0B / 0B,149MB / 11.7MB,37
2026-07-30 11:52:43,foxglove,17.49%,605.8MiB / 30.66GiB,1.93%,0B / 0B,203MB / 3.51MB,28
2026-07-30 11:52:43,docker-recorder-run-de836728b142,0.00%,22.88MiB / 30.66GiB,0.07%,0B / 0B,42.7MB / 9.68MB,1
2026-07-30 11:52:43,openzen,3.81%,88.35MiB / 30.66GiB,0.28%,0B / 0B,81.6MB / 2.17MB,20
2026-07-30 11:52:43,ouster,7.59%,248.5MiB / 30.66GiB,0.79%,0B / 0B,184MB / 2.93MB,30
2026-07-30 11:52:43,scovox,71.82%,371.2MiB / 30.66GiB,1.18%,0B / 0B,78.3MB / 8.7MB,53
2026-07-30 11:52:43,mapir-ffmpeg,41.99%,336.7MiB / 30.66GiB,1.07%,0B / 0B,200MB / 1.93MB,33
2026-07-30 11:52:43,trav_ros2,111.31%,488MiB / 30.66GiB,1.55%,0B / 0B,125MB / 2.87MB,44
2026-07-30 11:52:43,realsense,22.24%,177.5MiB / 30.66GiB,0.57%,0B / 0B,107MB / 3.34MB,33
2026-07-30 11:52:43,nav2,13.00%,228.1MiB / 30.66GiB,0.73%,0B / 0B,128MB / 1.19MB,92
2026-07-30 11:52:43,glim,73.75%,809MiB / 30.66GiB,2.58%,0B / 0B,149MB / 11.7MB,37
2026-07-30 11:52:46,foxglove,14.22%,639.7MiB / 30.66GiB,2.04%,0B / 0B,203MB / 3.51MB,28
2026-07-30 11:52:46,docker-recorder-run-de836728b142,0.00%,22.88MiB / 30.66GiB,0.07%,0B / 0B,42.7MB / 9.68MB,1
2026-07-30 11:52:46,openzen,4.37%,88.35MiB / 30.66GiB,0.28%,0B / 0B,81.6MB / 2.17MB,20
2026-07-30 11:52:46,ouster,10.21%,248.8MiB / 30.66GiB,0.79%,0B / 0B,184MB / 2.93MB,30
2026-07-30 11:52:46,scovox,71.90%,373.4MiB / 30.66GiB,1.19%,0B / 0B,78.3MB / 8.7MB,53
2026-07-30 11:52:46,mapir-ffmpeg,28.57%,336.5MiB / 30.66GiB,1.07%,0B / 0B,200MB / 1.93MB,33
2026-07-30 11:52:46,trav_ros2,110.49%,484MiB / 30.66GiB,1.54%,0B / 0B,125MB / 2.87MB,44
2026-07-30 11:52:46,realsense,39.03%,177.3MiB / 30.66GiB,0.56%,0B / 0B,107MB / 3.34MB,33
2026-07-30 11:52:46,nav2,12.76%,227.7MiB / 30.66GiB,0.73%,0B / 0B,128MB / 1.19MB,92
2026-07-30 11:52:46,glim,80.25%,809.4MiB / 30.66GiB,2.58%,0B / 0B,149MB / 11.7MB,37
2026-07-30 11:52:49,foxglove,14.16%,637.7MiB / 30.66GiB,2.03%,0B / 0B,203MB / 3.51MB,28
2026-07-30 11:52:49,docker-recorder-run-de836728b142,0.00%,22.88MiB / 30.66GiB,0.07%,0B / 0B,42.7MB / 9.68MB,1
2026-07-30 11:52:49,openzen,4.09%,88.35MiB / 30.66GiB,0.28%,0B / 0B,81.6MB / 2.17MB,20
2026-07-30 11:52:49,ouster,10.80%,248.6MiB / 30.66GiB,0.79%,0B / 0B,184MB / 2.93MB,30
2026-07-30 11:52:49,scovox,91.65%,352.8MiB / 30.66GiB,1.12%,0B / 0B,78.3MB / 8.7MB,53
2026-07-30 11:52:49,mapir-ffmpeg,28.82%,337.5MiB / 30.66GiB,1.07%,0B / 0B,200MB / 1.93MB,33
2026-07-30 11:52:49,trav_ros2,115.21%,524.2MiB / 30.66GiB,1.67%,0B / 0B,125MB / 2.87MB,44
2026-07-30 11:52:49,realsense,38.41%,178MiB / 30.66GiB,0.57%,0B / 0B,107MB / 3.34MB,33
2026-07-30 11:52:49,nav2,13.44%,227.9MiB / 30.66GiB,0.73%,0B / 0B,128MB / 1.19MB,92
2026-07-30 11:52:49,glim,80.75%,809.2MiB / 30.66GiB,2.58%,0B / 0B,149MB / 11.7MB,37
2026-07-30 11:52:52,foxglove,14.36%,636.9MiB / 30.66GiB,2.03%,0B / 0B,203MB / 3.51MB,28
2026-07-30 11:52:52,docker-recorder-run-de836728b142,0.00%,22.88MiB / 30.66GiB,0.07%,0B / 0B,42.7MB / 9.68MB,1
2026-07-30 11:52:52,openzen,3.94%,88.36MiB / 30.66GiB,0.28%,0B / 0B,81.6MB / 2.17MB,20
2026-07-30 11:52:52,ouster,10.22%,248.6MiB / 30.66GiB,0.79%,0B / 0B,184MB / 2.93MB,30
2026-07-30 11:52:52,scovox,68.61%,372.1MiB / 30.66GiB,1.19%,0B / 0B,78.3MB / 8.7MB,53
2026-07-30 11:52:52,mapir-ffmpeg,44.75%,336.5MiB / 30.66GiB,1.07%,0B / 0B,200MB / 1.93MB,33
2026-07-30 11:52:52,trav_ros2,113.04%,488.6MiB / 30.66GiB,1.56%,0B / 0B,125MB / 2.87MB,44
2026-07-30 11:52:52,realsense,20.71%,177.3MiB / 30.66GiB,0.56%,0B / 0B,107MB / 3.34MB,33
2026-07-30 11:52:52,nav2,12.97%,227.9MiB / 30.66GiB,0.73%,0B / 0B,128MB / 1.19MB,92
2026-07-30 11:52:52,glim,76.23%,809.8MiB / 30.66GiB,2.58%,0B / 0B,149MB / 11.7MB,37
2026-07-30 11:52:55,foxglove,15.38%,637.6MiB / 30.66GiB,2.03%,0B / 0B,203MB / 3.51MB,28
2026-07-30 11:52:55,docker-recorder-run-de836728b142,0.00%,22.88MiB / 30.66GiB,0.07%,0B / 0B,42.7MB / 9.68MB,1
2026-07-30 11:52:55,openzen,3.78%,88.35MiB / 30.66GiB,0.28%,0B / 0B,81.6MB / 2.17MB,20
2026-07-30 11:52:55,ouster,10.47%,248.6MiB / 30.66GiB,0.79%,0B / 0B,184MB / 2.93MB,30
2026-07-30 11:52:55,scovox,84.59%,353.6MiB / 30.66GiB,1.13%,0B / 0B,78.3MB / 8.7MB,53
2026-07-30 11:52:55,mapir-ffmpeg,29.89%,336.5MiB / 30.66GiB,1.07%,0B / 0B,200MB / 1.93MB,33
2026-07-30 11:52:55,trav_ros2,114.66%,491.5MiB / 30.66GiB,1.57%,0B / 0B,125MB / 2.89MB,44
2026-07-30 11:52:55,realsense,26.73%,177.5MiB / 30.66GiB,0.57%,0B / 0B,107MB / 3.34MB,33
2026-07-30 11:52:55,nav2,13.04%,228.1MiB / 30.66GiB,0.73%,0B / 0B,128MB / 1.19MB,92
2026-07-30 11:52:55,glim,82.97%,809.8MiB / 30.66GiB,2.58%,0B / 0B,149MB / 11.7MB,37
2026-07-30 11:52:58,foxglove,17.76%,637.9MiB / 30.66GiB,2.03%,0B / 0B,203MB / 3.51MB,28
2026-07-30 11:52:58,docker-recorder-run-de836728b142,0.00%,22.88MiB / 30.66GiB,0.07%,0B / 0B,42.7MB / 9.68MB,1
2026-07-30 11:52:58,openzen,4.49%,88.35MiB / 30.66GiB,0.28%,0B / 0B,81.6MB / 2.17MB,20
2026-07-30 11:52:58,ouster,11.05%,248.4MiB / 30.66GiB,0.79%,0B / 0B,184MB / 2.93MB,30
2026-07-30 11:52:58,scovox,85.17%,326.4MiB / 30.66GiB,1.04%,0B / 0B,78.3MB / 8.7MB,53
2026-07-30 11:52:58,mapir-ffmpeg,30.66%,336.5MiB / 30.66GiB,1.07%,0B / 0B,200MB / 1.93MB,33
2026-07-30 11:52:58,trav_ros2,121.49%,482.9MiB / 30.66GiB,1.54%,0B / 0B,125MB / 2.89MB,44
2026-07-30 11:52:58,realsense,20.68%,177.3MiB / 30.66GiB,0.56%,0B / 0B,107MB / 3.34MB,33
2026-07-30 11:52:58,nav2,13.08%,228.2MiB / 30.66GiB,0.73%,0B / 0B,128MB / 1.19MB,92
2026-07-30 11:52:58,glim,97.46%,809.9MiB / 30.66GiB,2.58%,0B / 0B,149MB / 11.7MB,37
2026-07-30 11:53:01,foxglove,13.55%,639.4MiB / 30.66GiB,2.04%,0B / 0B,203MB / 3.51MB,28
2026-07-30 11:53:01,docker-recorder-run-de836728b142,0.00%,22.88MiB / 30.66GiB,0.07%,0B / 0B,42.7MB / 9.68MB,1
2026-07-30 11:53:01,openzen,4.15%,88.35MiB / 30.66GiB,0.28%,0B / 0B,81.6MB / 2.17MB,20
2026-07-30 11:53:01,ouster,10.22%,248.3MiB / 30.66GiB,0.79%,0B / 0B,184MB / 2.93MB,30
2026-07-30 11:53:01,scovox,82.65%,326.1MiB / 30.66GiB,1.04%,0B / 0B,78.3MB / 8.79MB,53
2026-07-30 11:53:01,mapir-ffmpeg,30.02%,336.5MiB / 30.66GiB,1.07%,0B / 0B,200MB / 1.93MB,33
2026-07-30 11:53:01,trav_ros2,112.07%,488.2MiB / 30.66GiB,1.56%,0B / 0B,125MB / 2.89MB,44
2026-07-30 11:53:01,realsense,37.83%,177.3MiB / 30.66GiB,0.56%,0B / 0B,107MB / 3.34MB,33
2026-07-30 11:53:01,nav2,12.57%,227.9MiB / 30.66GiB,0.73%,0B / 0B,128MB / 1.19MB,92
2026-07-30 11:53:01,glim,70.26%,811.2MiB / 30.66GiB,2.58%,0B / 0B,149MB / 11.7MB,37
2026-07-30 11:53:04,foxglove,16.16%,639.5MiB / 30.66GiB,2.04%,0B / 0B,203MB / 3.51MB,28
2026-07-30 11:53:04,docker-recorder-run-de836728b142,0.00%,22.88MiB / 30.66GiB,0.07%,0B / 0B,42.7MB / 9.68MB,1
2026-07-30 11:53:04,openzen,4.49%,88.36MiB / 30.66GiB,0.28%,0B / 0B,81.6MB / 2.17MB,20
2026-07-30 11:53:04,ouster,10.20%,247.9MiB / 30.66GiB,0.79%,0B / 0B,184MB / 2.93MB,30
2026-07-30 11:53:04,scovox,88.29%,326.5MiB / 30.66GiB,1.04%,0B / 0B,78.3MB / 8.79MB,53
2026-07-30 11:53:04,mapir-ffmpeg,28.79%,337.7MiB / 30.66GiB,1.08%,0B / 0B,200MB / 1.93MB,33
2026-07-30 11:53:04,trav_ros2,111.94%,487.5MiB / 30.66GiB,1.55%,0B / 0B,125MB / 2.89MB,44
2026-07-30 11:53:04,realsense,18.81%,177.3MiB / 30.66GiB,0.56%,0B / 0B,107MB / 3.34MB,33
2026-07-30 11:53:04,nav2,13.51%,228.4MiB / 30.66GiB,0.73%,0B / 0B,128MB / 1.19MB,92
2026-07-30 11:53:04,glim,72.67%,811.6MiB / 30.66GiB,2.58%,0B / 0B,149MB / 11.7MB,37
2026-07-30 11:53:07,foxglove,15.25%,637.5MiB / 30.66GiB,2.03%,0B / 0B,203MB / 3.51MB,28
2026-07-30 11:53:07,docker-recorder-run-de836728b142,0.00%,22.88MiB / 30.66GiB,0.07%,0B / 0B,42.7MB / 9.68MB,1
2026-07-30 11:53:07,openzen,3.51%,88.85MiB / 30.66GiB,0.28%,0B / 0B,81.6MB / 2.17MB,20
2026-07-30 11:53:07,ouster,10.12%,248.3MiB / 30.66GiB,0.79%,0B / 0B,184MB / 2.93MB,30
2026-07-30 11:53:07,scovox,72.31%,361MiB / 30.66GiB,1.15%,0B / 0B,78.3MB / 8.79MB,53
2026-07-30 11:53:07,mapir-ffmpeg,28.51%,337MiB / 30.66GiB,1.07%,0B / 0B,200MB / 1.93MB,33
2026-07-30 11:53:07,trav_ros2,118.10%,480.7MiB / 30.66GiB,1.53%,0B / 0B,125MB / 2.89MB,44
2026-07-30 11:53:07,realsense,18.00%,177.5MiB / 30.66GiB,0.57%,0B / 0B,107MB / 3.34MB,33
2026-07-30 11:53:07,nav2,13.09%,228.1MiB / 30.66GiB,0.73%,0B / 0B,128MB / 1.19MB,92
2026-07-30 11:53:07,glim,73.48%,812MiB / 30.66GiB,2.59%,0B / 0B,149MB / 11.7MB,37
2026-07-30 11:53:10,foxglove,16.70%,639.9MiB / 30.66GiB,2.04%,0B / 0B,203MB / 3.51MB,28
2026-07-30 11:53:10,docker-recorder-run-de836728b142,0.00%,22.88MiB / 30.66GiB,0.07%,0B / 0B,42.7MB / 9.68MB,1
2026-07-30 11:53:10,openzen,4.35%,88.35MiB / 30.66GiB,0.28%,0B / 0B,81.6MB / 2.17MB,20
2026-07-30 11:53:10,ouster,10.57%,248.5MiB / 30.66GiB,0.79%,0B / 0B,184MB / 2.93MB,30
2026-07-30 11:53:10,scovox,91.62%,325.6MiB / 30.66GiB,1.04%,0B / 0B,78.3MB / 8.79MB,53
2026-07-30 11:53:10,mapir-ffmpeg,28.33%,336.5MiB / 30.66GiB,1.07%,0B / 0B,200MB / 1.95MB,33
2026-07-30 11:53:10,trav_ros2,114.43%,491.8MiB / 30.66GiB,1.57%,0B / 0B,125MB / 2.89MB,44
2026-07-30 11:53:10,realsense,33.58%,177.3MiB / 30.66GiB,0.56%,0B / 0B,107MB / 3.34MB,33
2026-07-30 11:53:10,nav2,13.04%,228.6MiB / 30.66GiB,0.73%,0B / 0B,128MB / 1.19MB,92
2026-07-30 11:53:10,glim,75.14%,812.5MiB / 30.66GiB,2.59%,0B / 0B,149MB / 11.7MB,37
2026-07-30 11:53:13,docker-recorder-run-de836728b142,13.04%,43.63MiB / 30.66GiB,0.14%,0B / 0B,45MB / 9.68MB,4
2026-07-30 11:53:13,openzen,3.60%,88.35MiB / 30.66GiB,0.28%,0B / 0B,81.6MB / 2.17MB,20
2026-07-30 11:53:13,ouster,8.10%,248.2MiB / 30.66GiB,0.79%,0B / 0B,184MB / 2.93MB,30
2026-07-30 11:53:13,scovox,69.54%,363.2MiB / 30.66GiB,1.16%,0B / 0B,78.3MB / 8.84MB,53
2026-07-30 11:53:13,mapir-ffmpeg,28.82%,337.2MiB / 30.66GiB,1.07%,0B / 0B,200MB / 1.95MB,33
2026-07-30 11:53:13,trav_ros2,113.39%,485.7MiB / 30.66GiB,1.55%,0B / 0B,125MB / 2.9MB,44
2026-07-30 11:53:13,realsense,17.88%,177.5MiB / 30.66GiB,0.57%,0B / 0B,107MB / 3.34MB,33
2026-07-30 11:53:13,nav2,13.84%,227.9MiB / 30.66GiB,0.73%,0B / 0B,128MB / 1.19MB,92
2026-07-30 11:53:13,glim,82.64%,812.7MiB / 30.66GiB,2.59%,0B / 0B,149MB / 11.7MB,37
2026-07-30 11:53:16,openzen,4.04%,88.57MiB / 30.66GiB,0.28%,0B / 0B,81.6MB / 2.17MB,20
2026-07-30 11:53:16,ouster,9.16%,248.7MiB / 30.66GiB,0.79%,0B / 0B,184MB / 2.93MB,30
2026-07-30 11:53:16,scovox,92.89%,343.1MiB / 30.66GiB,1.09%,0B / 0B,78.3MB / 8.86MB,53
2026-07-30 11:53:16,trav_ros2,117.71%,479.4MiB / 30.66GiB,1.53%,0B / 0B,125MB / 2.92MB,44
2026-07-30 11:53:16,nav2,14.31%,229.1MiB / 30.66GiB,0.73%,0B / 0B,128MB / 1.19MB,92
2026-07-30 11:53:16,glim,68.37%,813.2MiB / 30.66GiB,2.59%,0B / 0B,149MB / 11.7MB,37
2026-07-30 11:53:19,openzen,4.09%,88.57MiB / 30.66GiB,0.28%,0B / 0B,81.6MB / 2.17MB,20
2026-07-30 11:53:19,ouster,9.69%,248.3MiB / 30.66GiB,0.79%,0B / 0B,184MB / 2.93MB,30
2026-07-30 11:53:19,scovox,66.76%,384.1MiB / 30.66GiB,1.22%,0B / 0B,78.3MB / 8.86MB,53
2026-07-30 11:53:19,trav_ros2,110.72%,488.9MiB / 30.66GiB,1.56%,0B / 0B,125MB / 2.92MB,44
2026-07-30 11:53:19,nav2,13.24%,229.1MiB / 30.66GiB,0.73%,0B / 0B,128MB / 1.19MB,92
2026-07-30 11:53:19,glim,62.29%,813.8MiB / 30.66GiB,2.59%,0B / 0B,149MB / 11.7MB,37
2026-07-30 11:53:22,openzen,4.79%,88.59MiB / 30.66GiB,0.28%,0B / 0B,81.6MB / 2.17MB,20
2026-07-30 11:53:22,ouster,11.31%,249.1MiB / 30.66GiB,0.79%,0B / 0B,184MB / 2.93MB,30
2026-07-30 11:53:22,scovox,95.89%,343.7MiB / 30.66GiB,1.09%,0B / 0B,78.3MB / 8.86MB,53
2026-07-30 11:53:22,trav_ros2,115.35%,488.8MiB / 30.66GiB,1.56%,0B / 0B,125MB / 2.92MB,44
2026-07-30 11:53:22,nav2,15.95%,229.3MiB / 30.66GiB,0.73%,0B / 0B,128MB / 1.19MB,92
2026-07-30 11:53:22,glim,80.31%,814.2MiB / 30.66GiB,2.59%,0B / 0B,149MB / 11.7MB,37
2026-07-30 11:53:26,glim,97.77%,822.6MiB / 30.66GiB,2.62%,0B / 0B,149MB / 11.7MB,37
