Timestamp,Name,CPU_Perc,Mem_Usage,Mem_Perc,Net_IO,Block_IO,PIDs
2026-07-30 23:56:39,ouster,18.58%,112.6MiB / 30.66GiB,0.36%,0B / 0B,0B / 3.08MB,30
2026-07-30 23:56:39,domain_bridge,183.35%,49.1MiB / 30.66GiB,0.16%,0B / 0B,0B / 700kB,11
2026-07-30 23:56:39,openzen,0.84%,30.52MiB / 30.66GiB,0.10%,0B / 0B,0B / 2.14MB,19
2026-07-30 23:56:39,realsense,140.56%,17.45MiB / 30.66GiB,0.06%,0B / 0B,0B / 2.29MB,2
2026-07-30 23:56:39,mapir-ffmpeg,13.16%,124.8MiB / 30.66GiB,0.40%,0B / 0B,0B / 1.27MB,32
2026-07-30 23:56:39,scovox,165.23%,44.19MiB / 30.66GiB,0.14%,0B / 0B,0B / 2.22MB,6
2026-07-30 23:56:39,nav2,4.61%,110.3MiB / 30.66GiB,0.35%,0B / 0B,0B / 1.13MB,90
2026-07-30 23:56:39,glim,111.03%,40.19MiB / 30.66GiB,0.13%,0B / 0B,0B / 11MB,5
2026-07-30 23:56:39,docker-recorder-run-f99524ce5471,82.42%,23.85MiB / 30.66GiB,0.08%,0B / 0B,0B / 0B,2
2026-07-30 23:56:44,docker-recorder-run-f99524ce5471,55.36%,43.6MiB / 30.66GiB,0.14%,0B / 0B,0B / 0B,18
2026-07-30 23:56:44,glim,47.62%,101MiB / 30.66GiB,0.32%,0B / 0B,0B / 11MB,35
2026-07-30 23:56:44,ouster,7.04%,116.3MiB / 30.66GiB,0.37%,0B / 0B,0B / 3.08MB,30
2026-07-30 23:56:44,domain_bridge,146.68%,42.46MiB / 30.66GiB,0.14%,0B / 0B,0B / 700kB,6
2026-07-30 23:56:44,openzen,3.39%,31.65MiB / 30.66GiB,0.10%,0B / 0B,0B / 2.14MB,20
2026-07-30 23:56:44,realsense,17.04%,91.14MiB / 30.66GiB,0.29%,0B / 0B,0B / 2.29MB,33
2026-07-30 23:56:44,mapir-ffmpeg,28.52%,165.7MiB / 30.66GiB,0.53%,0B / 0B,0B / 1.27MB,33
2026-07-30 23:56:44,scovox,4.42%,156.2MiB / 30.66GiB,0.50%,0B / 0B,0B / 2.29MB,53
2026-07-30 23:56:44,nav2,0.93%,115.8MiB / 30.66GiB,0.37%,0B / 0B,0B / 1.13MB,90
2026-07-30 23:56:47,foxglove,101.94%,40.1MiB / 30.66GiB,0.13%,0B / 0B,0B / 65.5kB,5
2026-07-30 23:56:47,docker-recorder-run-f99524ce5471,156.35%,41.68MiB / 30.66GiB,0.13%,0B / 0B,0B / 741kB,11
2026-07-30 23:56:47,glim,82.34%,206.9MiB / 30.66GiB,0.66%,0B / 0B,0B / 11.7MB,35
2026-07-30 23:56:47,ouster,7.37%,116.2MiB / 30.66GiB,0.37%,0B / 0B,0B / 3.08MB,30
2026-07-30 23:56:47,domain_bridge,47.21%,66.62MiB / 30.66GiB,0.21%,0B / 0B,0B / 2.45MB,6
2026-07-30 23:56:47,openzen,3.64%,32.06MiB / 30.66GiB,0.10%,0B / 0B,0B / 2.15MB,20
2026-07-30 23:56:47,realsense,17.33%,91.61MiB / 30.66GiB,0.29%,0B / 0B,0B / 3.28MB,33
2026-07-30 23:56:47,mapir-ffmpeg,28.98%,165.3MiB / 30.66GiB,0.53%,0B / 0B,0B / 1.27MB,33
2026-07-30 23:56:47,scovox,7.90%,133.4MiB / 30.66GiB,0.42%,0B / 0B,0B / 3.48MB,53
2026-07-30 23:56:47,nav2,4.90%,119MiB / 30.66GiB,0.38%,0B / 0B,0B / 1.17MB,93
2026-07-30 23:56:50,foxglove,101.83%,481.9MiB / 30.66GiB,1.53%,0B / 0B,0B / 127kB,31
2026-07-30 23:56:50,docker-recorder-run-f99524ce5471,119.90%,58.53MiB / 30.66GiB,0.19%,0B / 0B,0B / 803kB,15
2026-07-30 23:56:50,glim,81.88%,268.4MiB / 30.66GiB,0.85%,0B / 0B,0B / 11.7MB,35
2026-07-30 23:56:50,ouster,7.29%,115.8MiB / 30.66GiB,0.37%,0B / 0B,0B / 3.08MB,30
2026-07-30 23:56:50,domain_bridge,83.53%,57.09MiB / 30.66GiB,0.18%,0B / 0B,0B / 2.55MB,4
2026-07-30 23:56:50,openzen,3.70%,30.82MiB / 30.66GiB,0.10%,0B / 0B,0B / 2.15MB,20
2026-07-30 23:56:50,realsense,17.38%,90.39MiB / 30.66GiB,0.29%,0B / 0B,0B / 3.28MB,33
2026-07-30 23:56:50,mapir-ffmpeg,28.73%,164.4MiB / 30.66GiB,0.52%,0B / 0B,0B / 1.27MB,33
2026-07-30 23:56:50,scovox,50.96%,258.9MiB / 30.66GiB,0.82%,0B / 0B,0B / 3.48MB,53
2026-07-30 23:56:50,nav2,4.01%,115.5MiB / 30.66GiB,0.37%,0B / 0B,0B / 1.17MB,93
2026-07-30 23:56:53,foxglove,11.93%,438.6MiB / 30.66GiB,1.40%,0B / 0B,0B / 127kB,31
2026-07-30 23:56:53,docker-recorder-run-f99524ce5471,162.60%,42.25MiB / 30.66GiB,0.13%,0B / 0B,0B / 803kB,11
2026-07-30 23:56:53,glim,83.27%,268.7MiB / 30.66GiB,0.86%,0B / 0B,0B / 11.7MB,35
2026-07-30 23:56:53,ouster,8.73%,116.4MiB / 30.66GiB,0.37%,0B / 0B,0B / 3.08MB,30
2026-07-30 23:56:53,domain_bridge,40.95%,48.4MiB / 30.66GiB,0.15%,0B / 0B,0B / 2.55MB,28
2026-07-30 23:56:53,openzen,4.47%,31.42MiB / 30.66GiB,0.10%,0B / 0B,0B / 2.15MB,20
2026-07-30 23:56:53,realsense,18.16%,90.73MiB / 30.66GiB,0.29%,0B / 0B,0B / 3.28MB,33
2026-07-30 23:56:53,mapir-ffmpeg,29.43%,164.9MiB / 30.66GiB,0.53%,0B / 0B,0B / 1.27MB,33
2026-07-30 23:56:53,scovox,72.43%,237.8MiB / 30.66GiB,0.76%,0B / 0B,0B / 3.48MB,53
2026-07-30 23:56:53,nav2,6.69%,116MiB / 30.66GiB,0.37%,0B / 0B,0B / 1.17MB,93
2026-07-30 23:56:56,trav_ros2,101.32%,86.67MiB / 30.66GiB,0.28%,0B / 0B,0B / 803kB,43
2026-07-30 23:56:56,foxglove,12.90%,439.2MiB / 30.66GiB,1.40%,0B / 0B,0B / 3.28MB,31
2026-07-30 23:56:56,docker-recorder-run-f99524ce5471,54.79%,10.62MiB / 30.66GiB,0.03%,0B / 0B,0B / 2.45MB,2
2026-07-30 23:56:56,glim,73.76%,272.9MiB / 30.66GiB,0.87%,0B / 0B,0B / 11.7MB,35
2026-07-30 23:56:56,ouster,8.93%,117.2MiB / 30.66GiB,0.37%,0B / 0B,0B / 3.08MB,30
2026-07-30 23:56:56,domain_bridge,5.35%,47.64MiB / 30.66GiB,0.15%,0B / 0B,0B / 5.03MB,28
2026-07-30 23:56:56,openzen,4.67%,32.44MiB / 30.66GiB,0.10%,0B / 0B,0B / 2.15MB,20
2026-07-30 23:56:56,realsense,19.34%,90.93MiB / 30.66GiB,0.29%,0B / 0B,0B / 3.28MB,33
2026-07-30 23:56:56,mapir-ffmpeg,31.06%,166.2MiB / 30.66GiB,0.53%,0B / 0B,0B / 1.28MB,33
2026-07-30 23:56:56,scovox,61.65%,272.4MiB / 30.66GiB,0.87%,0B / 0B,0B / 3.51MB,53
2026-07-30 23:56:56,nav2,8.80%,118.5MiB / 30.66GiB,0.38%,0B / 0B,0B / 1.19MB,93
2026-07-30 23:56:59,trav_ros2,0.79%,91.4MiB / 30.66GiB,0.29%,0B / 0B,0B / 803kB,31
2026-07-30 23:56:59,foxglove,10.96%,439.1MiB / 30.66GiB,1.40%,0B / 0B,0B / 3.28MB,31
2026-07-30 23:56:59,docker-recorder-run-f99524ce5471,0.00%,10.51MiB / 30.66GiB,0.03%,0B / 0B,0B / 2.45MB,2
2026-07-30 23:56:59,glim,77.78%,274.1MiB / 30.66GiB,0.87%,0B / 0B,0B / 11.7MB,35
2026-07-30 23:56:59,ouster,7.18%,116.4MiB / 30.66GiB,0.37%,0B / 0B,0B / 3.08MB,30
2026-07-30 23:56:59,domain_bridge,0.12%,50.21MiB / 30.66GiB,0.16%,0B / 0B,0B / 5.03MB,28
2026-07-30 23:56:59,openzen,2.84%,31.35MiB / 30.66GiB,0.10%,0B / 0B,0B / 2.15MB,20
2026-07-30 23:56:59,realsense,16.68%,90.93MiB / 30.66GiB,0.29%,0B / 0B,0B / 3.28MB,33
2026-07-30 23:56:59,mapir-ffmpeg,28.68%,165.5MiB / 30.66GiB,0.53%,0B / 0B,0B / 1.28MB,33
2026-07-30 23:56:59,scovox,53.23%,242.4MiB / 30.66GiB,0.77%,0B / 0B,0B / 3.51MB,53
2026-07-30 23:56:59,nav2,3.76%,117.7MiB / 30.66GiB,0.37%,0B / 0B,0B / 1.19MB,93
2026-07-30 23:57:02,trav_ros2,0.95%,91.27MiB / 30.66GiB,0.29%,0B / 0B,0B / 803kB,31
2026-07-30 23:57:02,foxglove,11.36%,438.2MiB / 30.66GiB,1.40%,0B / 0B,0B / 3.28MB,31
2026-07-30 23:57:02,docker-recorder-run-f99524ce5471,0.00%,10.51MiB / 30.66GiB,0.03%,0B / 0B,0B / 2.45MB,2
2026-07-30 23:57:02,glim,74.24%,275.1MiB / 30.66GiB,0.88%,0B / 0B,0B / 11.7MB,35
2026-07-30 23:57:02,ouster,7.60%,116.6MiB / 30.66GiB,0.37%,0B / 0B,0B / 3.08MB,30
2026-07-30 23:57:02,domain_bridge,0.73%,50.88MiB / 30.66GiB,0.16%,0B / 0B,0B / 5.03MB,28
2026-07-30 23:57:02,openzen,3.58%,31.39MiB / 30.66GiB,0.10%,0B / 0B,0B / 2.15MB,20
2026-07-30 23:57:02,realsense,16.95%,91.22MiB / 30.66GiB,0.29%,0B / 0B,0B / 3.28MB,33
2026-07-30 23:57:02,mapir-ffmpeg,28.59%,165.6MiB / 30.66GiB,0.53%,0B / 0B,0B / 1.28MB,33
2026-07-30 23:57:02,scovox,70.68%,241.5MiB / 30.66GiB,0.77%,0B / 0B,0B / 3.51MB,53
2026-07-30 23:57:02,nav2,4.94%,118.6MiB / 30.66GiB,0.38%,0B / 0B,0B / 1.19MB,93
2026-07-30 23:57:06,foxglove,12.61%,439.2MiB / 30.66GiB,1.40%,0B / 0B,0B / 3.28MB,31
2026-07-30 23:57:06,docker-recorder-run-f99524ce5471,0.00%,10.51MiB / 30.66GiB,0.03%,0B / 0B,0B / 10.2MB,2
2026-07-30 23:57:06,glim,78.25%,275.1MiB / 30.66GiB,0.88%,0B / 0B,0B / 11.7MB,35
2026-07-30 23:57:06,ouster,9.52%,117.6MiB / 30.66GiB,0.37%,0B / 0B,0B / 3.08MB,30
2026-07-30 23:57:06,domain_bridge,5.81%,51.42MiB / 30.66GiB,0.16%,0B / 0B,0B / 5.03MB,28
2026-07-30 23:57:06,openzen,4.66%,31.8MiB / 30.66GiB,0.10%,0B / 0B,0B / 2.15MB,20
2026-07-30 23:57:06,realsense,18.20%,91.67MiB / 30.66GiB,0.29%,0B / 0B,0B / 3.28MB,33
2026-07-30 23:57:06,mapir-ffmpeg,30.19%,166.7MiB / 30.66GiB,0.53%,0B / 0B,0B / 1.29MB,33
2026-07-30 23:57:06,scovox,54.27%,245.1MiB / 30.66GiB,0.78%,0B / 0B,0B / 3.54MB,53
2026-07-30 23:57:06,nav2,9.32%,121.2MiB / 30.66GiB,0.39%,0B / 0B,0B / 1.19MB,93
2026-07-30 23:57:06,trav_ros2,99.83%,229.1MiB / 30.66GiB,0.73%,0B / 0B,0B / 8.19kB,44
2026-07-30 23:57:09,trav_ros2,101.72%,324.4MiB / 30.66GiB,1.03%,0B / 0B,0B / 8.19kB,44
2026-07-30 23:57:09,foxglove,12.06%,459.9MiB / 30.66GiB,1.46%,0B / 0B,0B / 3.28MB,31
2026-07-30 23:57:09,docker-recorder-run-f99524ce5471,0.00%,10.3MiB / 30.66GiB,0.03%,0B / 0B,0B / 10.2MB,1
2026-07-30 23:57:09,glim,76.02%,274.8MiB / 30.66GiB,0.88%,0B / 0B,0B / 11.7MB,35
2026-07-30 23:57:09,ouster,7.80%,117.2MiB / 30.66GiB,0.37%,0B / 0B,0B / 3.08MB,30
2026-07-30 23:57:09,domain_bridge,2.43%,52.93MiB / 30.66GiB,0.17%,0B / 0B,0B / 5.03MB,28
2026-07-30 23:57:09,openzen,3.41%,31.86MiB / 30.66GiB,0.10%,0B / 0B,0B / 2.15MB,20
2026-07-30 23:57:09,realsense,16.91%,91.99MiB / 30.66GiB,0.29%,0B / 0B,0B / 3.28MB,33
2026-07-30 23:57:09,mapir-ffmpeg,28.61%,166.9MiB / 30.66GiB,0.53%,0B / 0B,0B / 1.29MB,33
2026-07-30 23:57:09,scovox,67.95%,243.8MiB / 30.66GiB,0.78%,0B / 0B,0B / 3.54MB,53
2026-07-30 23:57:09,nav2,7.78%,178.6MiB / 30.66GiB,0.57%,0B / 0B,0B / 1.19MB,93
2026-07-30 23:57:12,trav_ros2,99.98%,326.3MiB / 30.66GiB,1.04%,0B / 0B,0B / 8.19kB,44
2026-07-30 23:57:12,foxglove,12.67%,460.4MiB / 30.66GiB,1.47%,0B / 0B,0B / 3.28MB,31
2026-07-30 23:57:12,docker-recorder-run-f99524ce5471,0.00%,10.3MiB / 30.66GiB,0.03%,0B / 0B,0B / 10.2MB,1
2026-07-30 23:57:12,glim,74.13%,274MiB / 30.66GiB,0.87%,0B / 0B,0B / 11.7MB,35
2026-07-30 23:57:12,ouster,7.55%,117.7MiB / 30.66GiB,0.37%,0B / 0B,0B / 3.08MB,30
2026-07-30 23:57:12,domain_bridge,0.75%,51.8MiB / 30.66GiB,0.16%,0B / 0B,0B / 5.03MB,28
2026-07-30 23:57:12,openzen,3.39%,33.1MiB / 30.66GiB,0.11%,0B / 0B,0B / 2.15MB,20
2026-07-30 23:57:12,realsense,16.70%,91.53MiB / 30.66GiB,0.29%,0B / 0B,0B / 3.28MB,33
2026-07-30 23:57:12,mapir-ffmpeg,28.32%,167.4MiB / 30.66GiB,0.53%,0B / 0B,0B / 1.29MB,33
2026-07-30 23:57:12,scovox,50.44%,272.9MiB / 30.66GiB,0.87%,0B / 0B,0B / 3.54MB,53
2026-07-30 23:57:12,nav2,7.52%,184.5MiB / 30.66GiB,0.59%,0B / 0B,0B / 1.19MB,93
2026-07-30 23:57:15,trav_ros2,99.95%,336MiB / 30.66GiB,1.07%,0B / 0B,0B / 8.19kB,44
2026-07-30 23:57:15,foxglove,11.79%,460.5MiB / 30.66GiB,1.47%,0B / 0B,0B / 3.28MB,31
2026-07-30 23:57:15,docker-recorder-run-f99524ce5471,0.00%,10.3MiB / 30.66GiB,0.03%,0B / 0B,0B / 10.2MB,1
2026-07-30 23:57:15,glim,77.69%,274.4MiB / 30.66GiB,0.87%,0B / 0B,0B / 11.7MB,35
2026-07-30 23:57:15,ouster,7.01%,117.2MiB / 30.66GiB,0.37%,0B / 0B,0B / 3.08MB,30
2026-07-30 23:57:15,domain_bridge,0.11%,51.37MiB / 30.66GiB,0.16%,0B / 0B,0B / 5.03MB,28
2026-07-30 23:57:15,openzen,2.96%,32.19MiB / 30.66GiB,0.10%,0B / 0B,0B / 2.15MB,20
2026-07-30 23:57:15,realsense,16.58%,91.79MiB / 30.66GiB,0.29%,0B / 0B,0B / 3.28MB,33
2026-07-30 23:57:15,mapir-ffmpeg,28.41%,166.8MiB / 30.66GiB,0.53%,0B / 0B,0B / 1.29MB,33
2026-07-30 23:57:15,scovox,60.97%,244.5MiB / 30.66GiB,0.78%,0B / 0B,0B / 3.54MB,53
2026-07-30 23:57:15,nav2,6.05%,175.4MiB / 30.66GiB,0.56%,0B / 0B,0B / 1.19MB,93
2026-07-30 23:57:18,trav_ros2,100.02%,335.5MiB / 30.66GiB,1.07%,0B / 0B,0B / 8.19kB,44
2026-07-30 23:57:18,foxglove,12.73%,460.4MiB / 30.66GiB,1.47%,0B / 0B,0B / 3.28MB,31
2026-07-30 23:57:18,docker-recorder-run-f99524ce5471,0.00%,10.3MiB / 30.66GiB,0.03%,0B / 0B,0B / 10.2MB,1
2026-07-30 23:57:18,glim,77.59%,274.3MiB / 30.66GiB,0.87%,0B / 0B,0B / 11.7MB,35
2026-07-30 23:57:18,ouster,7.38%,117.8MiB / 30.66GiB,0.38%,0B / 0B,0B / 3.08MB,30
2026-07-30 23:57:18,domain_bridge,0.45%,51.98MiB / 30.66GiB,0.17%,0B / 0B,0B / 5.03MB,28
2026-07-30 23:57:18,openzen,3.37%,32.23MiB / 30.66GiB,0.10%,0B / 0B,0B / 2.15MB,20
2026-07-30 23:57:18,realsense,16.75%,91.59MiB / 30.66GiB,0.29%,0B / 0B,0B / 3.28MB,33
2026-07-30 23:57:18,mapir-ffmpeg,28.75%,166.9MiB / 30.66GiB,0.53%,0B / 0B,0B / 1.29MB,33
2026-07-30 23:57:18,scovox,64.28%,247.2MiB / 30.66GiB,0.79%,0B / 0B,0B / 3.54MB,53
2026-07-30 23:57:18,nav2,6.57%,183.7MiB / 30.66GiB,0.58%,0B / 0B,0B / 1.19MB,93
2026-07-30 23:57:21,trav_ros2,99.37%,335.6MiB / 30.66GiB,1.07%,0B / 0B,0B / 8.19kB,44
2026-07-30 23:57:21,foxglove,11.97%,460.4MiB / 30.66GiB,1.47%,0B / 0B,0B / 3.28MB,31
2026-07-30 23:57:21,docker-recorder-run-f99524ce5471,0.00%,10.3MiB / 30.66GiB,0.03%,0B / 0B,0B / 10.2MB,1
2026-07-30 23:57:21,glim,76.03%,269.3MiB / 30.66GiB,0.86%,0B / 0B,0B / 11.7MB,35
2026-07-30 23:57:21,ouster,7.17%,117.3MiB / 30.66GiB,0.37%,0B / 0B,0B / 3.08MB,30
2026-07-30 23:57:21,domain_bridge,0.19%,51.68MiB / 30.66GiB,0.16%,0B / 0B,0B / 5.03MB,28
2026-07-30 23:57:21,openzen,3.05%,32.51MiB / 30.66GiB,0.10%,0B / 0B,0B / 2.15MB,20
2026-07-30 23:57:21,realsense,16.51%,91.86MiB / 30.66GiB,0.29%,0B / 0B,0B / 3.28MB,33
2026-07-30 23:57:21,mapir-ffmpeg,27.94%,167.2MiB / 30.66GiB,0.53%,0B / 0B,0B / 1.29MB,33
2026-07-30 23:57:21,scovox,47.35%,247.5MiB / 30.66GiB,0.79%,0B / 0B,0B / 3.54MB,53
2026-07-30 23:57:21,nav2,6.24%,183.5MiB / 30.66GiB,0.58%,0B / 0B,0B / 1.19MB,93
2026-07-30 23:57:25,trav_ros2,100.50%,335.1MiB / 30.66GiB,1.07%,0B / 0B,0B / 8.19kB,44
2026-07-30 23:57:25,foxglove,11.85%,460.2MiB / 30.66GiB,1.47%,0B / 0B,0B / 3.28MB,31
2026-07-30 23:57:25,docker-recorder-run-f99524ce5471,0.00%,10.3MiB / 30.66GiB,0.03%,0B / 0B,0B / 10.2MB,1
2026-07-30 23:57:25,glim,76.43%,273.5MiB / 30.66GiB,0.87%,0B / 0B,0B / 11.7MB,35
2026-07-30 23:57:25,ouster,7.72%,117.9MiB / 30.66GiB,0.38%,0B / 0B,0B / 3.08MB,30
2026-07-30 23:57:25,domain_bridge,0.95%,52.53MiB / 30.66GiB,0.17%,0B / 0B,0B / 5.03MB,28
2026-07-30 23:57:25,openzen,3.14%,32.29MiB / 30.66GiB,0.10%,0B / 0B,0B / 2.15MB,20
2026-07-30 23:57:25,realsense,16.67%,91.64MiB / 30.66GiB,0.29%,0B / 0B,0B / 3.28MB,33
2026-07-30 23:57:25,mapir-ffmpeg,28.17%,167MiB / 30.66GiB,0.53%,0B / 0B,0B / 1.29MB,33
2026-07-30 23:57:25,scovox,65.74%,254.8MiB / 30.66GiB,0.81%,0B / 0B,0B / 3.54MB,53
2026-07-30 23:57:25,nav2,6.05%,186MiB / 30.66GiB,0.59%,0B / 0B,0B / 1.19MB,93
2026-07-30 23:57:28,trav_ros2,100.47%,328.5MiB / 30.66GiB,1.05%,0B / 0B,0B / 8.19kB,44
2026-07-30 23:57:28,foxglove,11.17%,452.7MiB / 30.66GiB,1.44%,0B / 0B,0B / 3.28MB,31
2026-07-30 23:57:28,docker-recorder-run-f99524ce5471,0.00%,10.3MiB / 30.66GiB,0.03%,0B / 0B,0B / 10.2MB,1
2026-07-30 23:57:28,glim,74.08%,273.7MiB / 30.66GiB,0.87%,0B / 0B,0B / 11.7MB,35
2026-07-30 23:57:28,ouster,7.02%,117.9MiB / 30.66GiB,0.38%,0B / 0B,0B / 3.08MB,30
2026-07-30 23:57:28,domain_bridge,0.23%,51.48MiB / 30.66GiB,0.16%,0B / 0B,0B / 5.03MB,28
2026-07-30 23:57:28,openzen,3.04%,32.33MiB / 30.66GiB,0.10%,0B / 0B,0B / 2.15MB,20
2026-07-30 23:57:28,realsense,16.46%,91.68MiB / 30.66GiB,0.29%,0B / 0B,0B / 3.28MB,33
2026-07-30 23:57:28,mapir-ffmpeg,28.33%,167.5MiB / 30.66GiB,0.53%,0B / 0B,0B / 1.29MB,33
2026-07-30 23:57:28,scovox,49.92%,283MiB / 30.66GiB,0.90%,0B / 0B,0B / 3.54MB,53
2026-07-30 23:57:28,nav2,6.42%,186.2MiB / 30.66GiB,0.59%,0B / 0B,0B / 1.19MB,93
2026-07-30 23:57:31,foxglove,10.75%,460.9MiB / 30.66GiB,1.47%,0B / 0B,0B / 3.29MB,31
2026-07-30 23:57:31,docker-recorder-run-f99524ce5471,0.00%,10.3MiB / 30.66GiB,0.03%,0B / 0B,0B / 10.2MB,1
2026-07-30 23:57:31,glim,81.81%,276.7MiB / 30.66GiB,0.88%,0B / 0B,0B / 11.7MB,35
2026-07-30 23:57:31,ouster,7.21%,117.5MiB / 30.66GiB,0.37%,0B / 0B,0B / 3.08MB,30
2026-07-30 23:57:31,domain_bridge,0.10%,51.35MiB / 30.66GiB,0.16%,0B / 0B,0B / 5.03MB,28
2026-07-30 23:57:31,openzen,3.16%,32.1MiB / 30.66GiB,0.10%,0B / 0B,0B / 2.15MB,20
2026-07-30 23:57:31,realsense,16.82%,91.69MiB / 30.66GiB,0.29%,0B / 0B,0B / 3.28MB,33
2026-07-30 23:57:31,mapir-ffmpeg,28.08%,167.1MiB / 30.66GiB,0.53%,0B / 0B,0B / 1.3MB,33
2026-07-30 23:57:31,scovox,67.00%,253.7MiB / 30.66GiB,0.81%,0B / 0B,0B / 3.62MB,53
2026-07-30 23:57:31,nav2,3.74%,185.8MiB / 30.66GiB,0.59%,0B / 0B,0B / 1.2MB,93
2026-07-30 23:57:34,docker-recorder-run-f99524ce5471,79.13%,61.15MiB / 30.66GiB,0.19%,0B / 0B,0B / 18.2MB,15
2026-07-30 23:57:34,glim,77.81%,276.5MiB / 30.66GiB,0.88%,0B / 0B,0B / 11.7MB,35
2026-07-30 23:57:34,ouster,11.27%,117.9MiB / 30.66GiB,0.38%,0B / 0B,0B / 3.08MB,30
2026-07-30 23:57:34,domain_bridge,8.06%,52.65MiB / 30.66GiB,0.17%,0B / 0B,0B / 5.03MB,28
2026-07-30 23:57:34,openzen,5.46%,33.21MiB / 30.66GiB,0.11%,0B / 0B,0B / 2.15MB,20
2026-07-30 23:57:34,realsense,22.64%,95.77MiB / 30.66GiB,0.30%,0B / 0B,0B / 3.29MB,36
2026-07-30 23:57:34,mapir-ffmpeg,45.96%,320.5MiB / 30.66GiB,1.02%,0B / 0B,0B / 1.3MB,40
2026-07-30 23:57:34,scovox,72.43%,286.3MiB / 30.66GiB,0.91%,0B / 0B,0B / 3.65MB,53
2026-07-30 23:57:34,nav2,11.93%,189MiB / 30.66GiB,0.60%,0B / 0B,0B / 1.21MB,93
2026-07-30 23:57:37,glim,81.02%,277.9MiB / 30.66GiB,0.89%,0B / 0B,0B / 11.7MB,35
2026-07-30 23:57:37,ouster,7.50%,117.9MiB / 30.66GiB,0.38%,0B / 0B,0B / 3.08MB,30
2026-07-30 23:57:37,domain_bridge,0.43%,51.87MiB / 30.66GiB,0.17%,0B / 0B,0B / 5.03MB,28
2026-07-30 23:57:37,openzen,3.00%,32.26MiB / 30.66GiB,0.10%,0B / 0B,0B / 2.15MB,20
2026-07-30 23:57:37,scovox,49.90%,255.5MiB / 30.66GiB,0.81%,0B / 0B,0B / 3.66MB,53
2026-07-30 23:57:37,nav2,4.28%,187MiB / 30.66GiB,0.60%,0B / 0B,0B / 1.21MB,93
2026-07-30 23:57:40,glim,81.57%,277.3MiB / 30.66GiB,0.88%,0B / 0B,0B / 11.7MB,35
2026-07-30 23:57:40,ouster,7.74%,117.8MiB / 30.66GiB,0.38%,0B / 0B,0B / 3.08MB,30
2026-07-30 23:57:40,domain_bridge,1.08%,51.96MiB / 30.66GiB,0.17%,0B / 0B,0B / 5.03MB,28
2026-07-30 23:57:40,openzen,3.27%,32.27MiB / 30.66GiB,0.10%,0B / 0B,0B / 2.15MB,20
2026-07-30 23:57:40,scovox,68.64%,255.3MiB / 30.66GiB,0.81%,0B / 0B,0B / 3.66MB,53
2026-07-30 23:57:40,nav2,4.11%,186.7MiB / 30.66GiB,0.59%,0B / 0B,0B / 1.21MB,93
2026-07-30 23:57:44,glim,83.23%,270.1MiB / 30.66GiB,0.86%,0B / 0B,0B / 11.7MB,35
2026-07-30 23:57:44,ouster,7.58%,118.9MiB / 30.66GiB,0.38%,0B / 0B,0B / 3.08MB,30
2026-07-30 23:57:44,domain_bridge,0.75%,51.73MiB / 30.66GiB,0.16%,0B / 0B,0B / 5.03MB,28
2026-07-30 23:57:44,openzen,3.51%,32.79MiB / 30.66GiB,0.10%,0B / 0B,0B / 2.15MB,20
2026-07-30 23:57:44,scovox,49.97%,255.9MiB / 30.66GiB,0.82%,0B / 0B,0B / 3.66MB,53
2026-07-30 23:57:44,nav2,4.46%,187.8MiB / 30.66GiB,0.60%,0B / 0B,0B / 1.21MB,93
2026-07-30 23:59:23,ouster,41.87%,111.6MiB / 30.66GiB,0.36%,0B / 0B,0B / 3MB,29
2026-07-30 23:59:23,mapir-ffmpeg,39.70%,123.1MiB / 30.66GiB,0.39%,0B / 0B,0B / 1.31MB,32
2026-07-30 23:59:23,scovox,123.54%,55.24MiB / 30.66GiB,0.18%,0B / 0B,0B / 2.22MB,23
2026-07-30 23:59:23,openzen,3.63%,30.53MiB / 30.66GiB,0.10%,0B / 0B,0B / 2.14MB,20
2026-07-30 23:59:23,domain_bridge,197.53%,44.82MiB / 30.66GiB,0.14%,0B / 0B,0B / 709kB,10
2026-07-30 23:59:23,realsense,139.80%,40.89MiB / 30.66GiB,0.13%,0B / 0B,0B / 2.24MB,5
2026-07-30 23:59:23,nav2,6.28%,110.3MiB / 30.66GiB,0.35%,0B / 0B,0B / 1.13MB,90
2026-07-30 23:59:23,glim,120.30%,14.79MiB / 30.66GiB,0.05%,0B / 0B,0B / 11MB,2
2026-07-30 23:59:26,docker-recorder-run-9b85dfd0d458,91.42%,69.99MiB / 30.66GiB,0.22%,0B / 0B,0B / 0B,19
2026-07-30 23:59:26,glim,43.36%,89.2MiB / 30.66GiB,0.28%,0B / 0B,0B / 11MB,20
2026-07-30 23:59:26,ouster,7.08%,116.4MiB / 30.66GiB,0.37%,0B / 0B,0B / 3MB,29
2026-07-30 23:59:26,mapir-ffmpeg,28.86%,165.6MiB / 30.66GiB,0.53%,0B / 0B,0B / 1.31MB,33
2026-07-30 23:59:26,scovox,5.09%,174.6MiB / 30.66GiB,0.56%,0B / 0B,0B / 2.29MB,53
2026-07-30 23:59:26,openzen,3.20%,31.72MiB / 30.66GiB,0.10%,0B / 0B,0B / 2.14MB,20
2026-07-30 23:59:26,domain_bridge,113.16%,41.11MiB / 30.66GiB,0.13%,0B / 0B,0B / 709kB,7
2026-07-30 23:59:26,realsense,17.25%,91.14MiB / 30.66GiB,0.29%,0B / 0B,0B / 2.29MB,33
2026-07-30 23:59:26,nav2,0.96%,116.2MiB / 30.66GiB,0.37%,0B / 0B,0B / 1.13MB,90
2026-07-30 23:59:29,docker-recorder-run-9b85dfd0d458,119.98%,42.09MiB / 30.66GiB,0.13%,0B / 0B,0B / 0B,11
2026-07-30 23:59:29,glim,81.02%,194.2MiB / 30.66GiB,0.62%,0B / 0B,0B / 11MB,35
2026-07-30 23:59:29,ouster,7.06%,116.5MiB / 30.66GiB,0.37%,0B / 0B,0B / 3MB,29
2026-07-30 23:59:29,mapir-ffmpeg,28.18%,165.9MiB / 30.66GiB,0.53%,0B / 0B,0B / 1.31MB,33
2026-07-30 23:59:29,scovox,9.77%,169.7MiB / 30.66GiB,0.54%,0B / 0B,0B / 2.29MB,53
2026-07-30 23:59:29,openzen,3.40%,31.64MiB / 30.66GiB,0.10%,0B / 0B,0B / 2.14MB,20
2026-07-30 23:59:29,domain_bridge,80.92%,60.02MiB / 30.66GiB,0.19%,0B / 0B,0B / 770kB,6
2026-07-30 23:59:29,realsense,16.88%,91.11MiB / 30.66GiB,0.29%,0B / 0B,0B / 2.29MB,33
2026-07-30 23:59:29,nav2,3.37%,119.5MiB / 30.66GiB,0.38%,0B / 0B,0B / 1.13MB,93
2026-07-30 23:59:32,docker-recorder-run-9b85dfd0d458,103.79%,42.38MiB / 30.66GiB,0.13%,0B / 0B,0B / 61.4kB,13
2026-07-30 23:59:32,glim,74.32%,267MiB / 30.66GiB,0.85%,0B / 0B,0B / 11MB,35
2026-07-30 23:59:32,ouster,7.12%,115.4MiB / 30.66GiB,0.37%,0B / 0B,0B / 3MB,29
2026-07-30 23:59:32,mapir-ffmpeg,28.32%,164.5MiB / 30.66GiB,0.52%,0B / 0B,0B / 1.31MB,33
2026-07-30 23:59:32,scovox,72.26%,227.4MiB / 30.66GiB,0.72%,0B / 0B,0B / 2.29MB,53
2026-07-30 23:59:32,openzen,3.69%,30.83MiB / 30.66GiB,0.10%,0B / 0B,0B / 2.14MB,20
2026-07-30 23:59:32,domain_bridge,94.46%,54.86MiB / 30.66GiB,0.17%,0B / 0B,0B / 844kB,6
2026-07-30 23:59:32,realsense,16.84%,90.29MiB / 30.66GiB,0.29%,0B / 0B,0B / 2.29MB,33
2026-07-30 23:59:32,nav2,4.21%,117.9MiB / 30.66GiB,0.38%,0B / 0B,0B / 1.13MB,93
2026-07-30 23:59:36,docker-recorder-run-9b85dfd0d458,117.38%,44.18MiB / 30.66GiB,0.14%,0B / 0B,0B / 1.51MB,11
2026-07-30 23:59:36,glim,74.55%,268.5MiB / 30.66GiB,0.86%,0B / 0B,0B / 11.6MB,35
2026-07-30 23:59:36,ouster,6.41%,115.1MiB / 30.66GiB,0.37%,0B / 0B,0B / 3.01MB,29
2026-07-30 23:59:36,mapir-ffmpeg,28.03%,164.1MiB / 30.66GiB,0.52%,0B / 0B,0B / 1.32MB,33
2026-07-30 23:59:36,scovox,51.41%,238.8MiB / 30.66GiB,0.76%,0B / 0B,0B / 3.51MB,53
2026-07-30 23:59:36,openzen,3.31%,30.83MiB / 30.66GiB,0.10%,0B / 0B,0B / 2.15MB,20
2026-07-30 23:59:36,domain_bridge,84.14%,28.76MiB / 30.66GiB,0.09%,0B / 0B,0B / 4.04MB,4
2026-07-30 23:59:36,realsense,16.82%,90.54MiB / 30.66GiB,0.29%,0B / 0B,0B / 3.29MB,33
2026-07-30 23:59:36,nav2,4.00%,117MiB / 30.66GiB,0.37%,0B / 0B,0B / 1.17MB,93
2026-07-30 23:59:36,foxglove,101.05%,38.23MiB / 30.66GiB,0.12%,0B / 0B,0B / 12.3kB,5
2026-07-30 23:59:39,foxglove,99.12%,478.3MiB / 30.66GiB,1.52%,0B / 0B,0B / 135kB,31
2026-07-30 23:59:39,docker-recorder-run-9b85dfd0d458,199.29%,50.23MiB / 30.66GiB,0.16%,0B / 0B,0B / 1.57MB,11
2026-07-30 23:59:39,glim,73.77%,274.8MiB / 30.66GiB,0.88%,0B / 0B,0B / 11.6MB,35
2026-07-30 23:59:39,ouster,7.70%,116.6MiB / 30.66GiB,0.37%,0B / 0B,0B / 3.01MB,29
2026-07-30 23:59:39,mapir-ffmpeg,29.32%,165.6MiB / 30.66GiB,0.53%,0B / 0B,0B / 1.32MB,33
2026-07-30 23:59:39,scovox,74.31%,242MiB / 30.66GiB,0.77%,0B / 0B,0B / 3.51MB,53
2026-07-30 23:59:39,openzen,4.04%,31.32MiB / 30.66GiB,0.10%,0B / 0B,0B / 2.15MB,20
2026-07-30 23:59:39,domain_bridge,3.23%,50.2MiB / 30.66GiB,0.16%,0B / 0B,0B / 4.04MB,28
2026-07-30 23:59:39,realsense,18.04%,90.58MiB / 30.66GiB,0.29%,0B / 0B,0B / 3.29MB,33
2026-07-30 23:59:39,nav2,6.59%,115.7MiB / 30.66GiB,0.37%,0B / 0B,0B / 1.17MB,93
2026-07-30 23:59:42,foxglove,11.40%,439.9MiB / 30.66GiB,1.40%,0B / 0B,0B / 135kB,31
2026-07-30 23:59:42,docker-recorder-run-9b85dfd0d458,0.00%,10.5MiB / 30.66GiB,0.03%,0B / 0B,0B / 1.68MB,2
2026-07-30 23:59:42,glim,81.45%,274.7MiB / 30.66GiB,0.87%,0B / 0B,0B / 11.6MB,35
2026-07-30 23:59:42,ouster,6.54%,115.6MiB / 30.66GiB,0.37%,0B / 0B,0B / 3.01MB,29
2026-07-30 23:59:42,mapir-ffmpeg,27.64%,164.6MiB / 30.66GiB,0.52%,0B / 0B,0B / 1.32MB,33
2026-07-30 23:59:42,scovox,51.01%,254.8MiB / 30.66GiB,0.81%,0B / 0B,0B / 3.51MB,53
2026-07-30 23:59:42,openzen,3.46%,31.11MiB / 30.66GiB,0.10%,0B / 0B,0B / 2.15MB,20
2026-07-30 23:59:42,domain_bridge,0.28%,53.33MiB / 30.66GiB,0.17%,0B / 0B,0B / 4.04MB,28
2026-07-30 23:59:42,realsense,16.45%,90.86MiB / 30.66GiB,0.29%,0B / 0B,0B / 3.29MB,33
2026-07-30 23:59:42,nav2,3.61%,116.2MiB / 30.66GiB,0.37%,0B / 0B,0B / 1.17MB,93
2026-07-30 23:59:45,foxglove,11.11%,439.1MiB / 30.66GiB,1.40%,0B / 0B,0B / 135kB,31
2026-07-30 23:59:45,docker-recorder-run-9b85dfd0d458,0.00%,10.49MiB / 30.66GiB,0.03%,0B / 0B,0B / 1.68MB,2
2026-07-30 23:59:45,glim,78.75%,278.5MiB / 30.66GiB,0.89%,0B / 0B,0B / 11.6MB,35
2026-07-30 23:59:45,ouster,6.95%,115.5MiB / 30.66GiB,0.37%,0B / 0B,0B / 3.01MB,29
2026-07-30 23:59:45,mapir-ffmpeg,27.38%,164.7MiB / 30.66GiB,0.52%,0B / 0B,0B / 1.32MB,33
2026-07-30 23:59:45,scovox,61.24%,260.5MiB / 30.66GiB,0.83%,0B / 0B,0B / 3.51MB,53
2026-07-30 23:59:45,openzen,3.33%,31.11MiB / 30.66GiB,0.10%,0B / 0B,0B / 2.15MB,20
2026-07-30 23:59:45,domain_bridge,0.71%,53.53MiB / 30.66GiB,0.17%,0B / 0B,0B / 4.04MB,28
2026-07-30 23:59:45,realsense,16.54%,90.62MiB / 30.66GiB,0.29%,0B / 0B,0B / 3.29MB,33
2026-07-30 23:59:45,nav2,3.70%,116MiB / 30.66GiB,0.37%,0B / 0B,0B / 1.17MB,93
2026-07-30 23:59:48,foxglove,11.45%,439.5MiB / 30.66GiB,1.40%,0B / 0B,0B / 3.29MB,31
2026-07-30 23:59:48,docker-recorder-run-9b85dfd0d458,0.00%,10.49MiB / 30.66GiB,0.03%,0B / 0B,0B / 9.64MB,2
2026-07-30 23:59:48,glim,78.27%,284.8MiB / 30.66GiB,0.91%,0B / 0B,0B / 11.6MB,35
2026-07-30 23:59:48,ouster,6.63%,116.2MiB / 30.66GiB,0.37%,0B / 0B,0B / 3.01MB,29
2026-07-30 23:59:48,mapir-ffmpeg,28.10%,164.8MiB / 30.66GiB,0.52%,0B / 0B,0B / 1.33MB,33
2026-07-30 23:59:48,scovox,71.76%,228.1MiB / 30.66GiB,0.73%,0B / 0B,0B / 3.55MB,53
2026-07-30 23:59:48,openzen,3.51%,31.42MiB / 30.66GiB,0.10%,0B / 0B,0B / 2.15MB,20
2026-07-30 23:59:48,domain_bridge,0.70%,53.88MiB / 30.66GiB,0.17%,0B / 0B,0B / 5.07MB,28
2026-07-30 23:59:48,realsense,17.26%,90.93MiB / 30.66GiB,0.29%,0B / 0B,0B / 3.29MB,33
2026-07-30 23:59:48,nav2,5.06%,116.6MiB / 30.66GiB,0.37%,0B / 0B,0B / 1.18MB,93
2026-07-30 23:59:48,trav_ros2,102.25%,41.48MiB / 30.66GiB,0.13%,0B / 0B,0B / 61.4kB,5
2026-07-30 23:59:51,trav_ros2,101.45%,333.7MiB / 30.66GiB,1.06%,0B / 0B,0B / 98.3kB,44
2026-07-30 23:59:51,foxglove,11.98%,462.1MiB / 30.66GiB,1.47%,0B / 0B,0B / 3.29MB,31
2026-07-30 23:59:51,docker-recorder-run-9b85dfd0d458,0.00%,10.29MiB / 30.66GiB,0.03%,0B / 0B,0B / 9.64MB,1
2026-07-30 23:59:51,glim,72.72%,289.5MiB / 30.66GiB,0.92%,0B / 0B,0B / 11.6MB,35
2026-07-30 23:59:51,ouster,7.11%,116.6MiB / 30.66GiB,0.37%,0B / 0B,0B / 3.01MB,29
2026-07-30 23:59:51,mapir-ffmpeg,27.79%,165.8MiB / 30.66GiB,0.53%,0B / 0B,0B / 1.33MB,33
2026-07-30 23:59:51,scovox,53.50%,266.5MiB / 30.66GiB,0.85%,0B / 0B,0B / 3.55MB,53
2026-07-30 23:59:51,openzen,3.18%,31.78MiB / 30.66GiB,0.10%,0B / 0B,0B / 2.15MB,20
2026-07-30 23:59:51,domain_bridge,0.11%,54.06MiB / 30.66GiB,0.17%,0B / 0B,0B / 5.07MB,28
2026-07-30 23:59:51,realsense,16.56%,91.31MiB / 30.66GiB,0.29%,0B / 0B,0B / 3.29MB,33
2026-07-30 23:59:51,nav2,6.14%,170.3MiB / 30.66GiB,0.54%,0B / 0B,0B / 1.18MB,93
2026-07-30 23:59:55,trav_ros2,100.53%,332.5MiB / 30.66GiB,1.06%,0B / 0B,0B / 98.3kB,44
2026-07-30 23:59:55,foxglove,12.33%,452MiB / 30.66GiB,1.44%,0B / 0B,0B / 3.29MB,31
2026-07-30 23:59:55,docker-recorder-run-9b85dfd0d458,0.00%,10.29MiB / 30.66GiB,0.03%,0B / 0B,0B / 9.64MB,1
2026-07-30 23:59:55,glim,78.21%,289.4MiB / 30.66GiB,0.92%,0B / 0B,0B / 11.6MB,35
2026-07-30 23:59:55,ouster,7.43%,117.1MiB / 30.66GiB,0.37%,0B / 0B,0B / 3.01MB,29
2026-07-30 23:59:55,mapir-ffmpeg,29.05%,166.3MiB / 30.66GiB,0.53%,0B / 0B,0B / 1.33MB,33
2026-07-30 23:59:55,scovox,68.57%,242.1MiB / 30.66GiB,0.77%,0B / 0B,0B / 3.55MB,53
2026-07-30 23:59:55,openzen,3.45%,31.57MiB / 30.66GiB,0.10%,0B / 0B,0B / 2.15MB,20
2026-07-30 23:59:55,domain_bridge,0.74%,54.36MiB / 30.66GiB,0.17%,0B / 0B,0B / 5.07MB,28
2026-07-30 23:59:55,realsense,16.95%,91.09MiB / 30.66GiB,0.29%,0B / 0B,0B / 3.29MB,33
2026-07-30 23:59:55,nav2,6.34%,177.5MiB / 30.66GiB,0.57%,0B / 0B,0B / 1.18MB,93
2026-07-30 23:59:58,trav_ros2,101.77%,338.4MiB / 30.66GiB,1.08%,0B / 0B,0B / 98.3kB,44
2026-07-30 23:59:58,foxglove,10.49%,460.2MiB / 30.66GiB,1.47%,0B / 0B,0B / 3.29MB,31
2026-07-30 23:59:58,docker-recorder-run-9b85dfd0d458,0.00%,10.29MiB / 30.66GiB,0.03%,0B / 0B,0B / 9.64MB,1
2026-07-30 23:59:58,glim,77.09%,294.4MiB / 30.66GiB,0.94%,0B / 0B,0B / 11.6MB,35
2026-07-30 23:59:58,ouster,6.94%,116.7MiB / 30.66GiB,0.37%,0B / 0B,0B / 3.01MB,29
2026-07-30 23:59:58,mapir-ffmpeg,28.38%,166.2MiB / 30.66GiB,0.53%,0B / 0B,0B / 1.33MB,33
2026-07-30 23:59:58,scovox,50.98%,306.3MiB / 30.66GiB,0.98%,0B / 0B,0B / 3.55MB,53
2026-07-30 23:59:58,openzen,3.13%,31.61MiB / 30.66GiB,0.10%,0B / 0B,0B / 2.15MB,20
2026-07-30 23:59:58,domain_bridge,0.36%,54.8MiB / 30.66GiB,0.17%,0B / 0B,0B / 5.07MB,28
2026-07-30 23:59:58,realsense,16.75%,91.38MiB / 30.66GiB,0.29%,0B / 0B,0B / 3.29MB,33
2026-07-30 23:59:58,nav2,5.63%,176.6MiB / 30.66GiB,0.56%,0B / 0B,0B / 1.18MB,93
2026-07-31 00:00:01,trav_ros2,101.84%,337.6MiB / 30.66GiB,1.08%,0B / 0B,0B / 98.3kB,44
2026-07-31 00:00:01,foxglove,12.05%,459.9MiB / 30.66GiB,1.46%,0B / 0B,0B / 3.29MB,31
2026-07-31 00:00:01,docker-recorder-run-9b85dfd0d458,0.00%,10.29MiB / 30.66GiB,0.03%,0B / 0B,0B / 9.64MB,1
2026-07-31 00:00:01,glim,74.46%,293.9MiB / 30.66GiB,0.94%,0B / 0B,0B / 11.6MB,35
2026-07-31 00:00:01,ouster,7.04%,116.5MiB / 30.66GiB,0.37%,0B / 0B,0B / 3.01MB,29
2026-07-31 00:00:01,mapir-ffmpeg,29.34%,165.7MiB / 30.66GiB,0.53%,0B / 0B,0B / 1.33MB,33
2026-07-31 00:00:01,scovox,85.43%,277.9MiB / 30.66GiB,0.89%,0B / 0B,0B / 3.55MB,53
2026-07-31 00:00:01,openzen,3.10%,31.62MiB / 30.66GiB,0.10%,0B / 0B,0B / 2.15MB,20
2026-07-31 00:00:01,domain_bridge,0.94%,55.68MiB / 30.66GiB,0.18%,0B / 0B,0B / 5.07MB,28
2026-07-31 00:00:01,realsense,17.70%,91.14MiB / 30.66GiB,0.29%,0B / 0B,0B / 3.29MB,33
2026-07-31 00:00:01,nav2,6.42%,180.6MiB / 30.66GiB,0.58%,0B / 0B,0B / 1.18MB,93
2026-07-31 00:00:04,trav_ros2,101.18%,340.4MiB / 30.66GiB,1.08%,0B / 0B,0B / 98.3kB,44
2026-07-31 00:00:04,foxglove,11.86%,460.4MiB / 30.66GiB,1.47%,0B / 0B,0B / 3.29MB,31
2026-07-31 00:00:04,docker-recorder-run-9b85dfd0d458,0.00%,10.29MiB / 30.66GiB,0.03%,0B / 0B,0B / 9.64MB,1
2026-07-31 00:00:04,glim,74.48%,295.2MiB / 30.66GiB,0.94%,0B / 0B,0B / 11.6MB,35
2026-07-31 00:00:04,ouster,7.14%,116.9MiB / 30.66GiB,0.37%,0B / 0B,0B / 3.01MB,29
2026-07-31 00:00:04,mapir-ffmpeg,29.79%,166.3MiB / 30.66GiB,0.53%,0B / 0B,0B / 1.33MB,33
2026-07-31 00:00:04,scovox,66.59%,322.6MiB / 30.66GiB,1.03%,0B / 0B,0B / 3.55MB,53
2026-07-31 00:00:04,openzen,3.15%,31.68MiB / 30.66GiB,0.10%,0B / 0B,0B / 2.15MB,20
2026-07-31 00:00:04,domain_bridge,0.60%,54.58MiB / 30.66GiB,0.17%,0B / 0B,0B / 5.07MB,28
2026-07-31 00:00:04,realsense,17.34%,91.2MiB / 30.66GiB,0.29%,0B / 0B,0B / 3.29MB,33
2026-07-31 00:00:04,nav2,6.66%,181.9MiB / 30.66GiB,0.58%,0B / 0B,0B / 1.18MB,93
2026-07-31 00:00:07,trav_ros2,101.57%,369.8MiB / 30.66GiB,1.18%,0B / 0B,0B / 98.3kB,44
2026-07-31 00:00:07,foxglove,11.50%,460.2MiB / 30.66GiB,1.47%,0B / 0B,0B / 3.29MB,31
2026-07-31 00:00:07,docker-recorder-run-9b85dfd0d458,0.00%,10.29MiB / 30.66GiB,0.03%,0B / 0B,0B / 9.64MB,1
2026-07-31 00:00:07,glim,74.10%,294MiB / 30.66GiB,0.94%,0B / 0B,0B / 11.6MB,35
2026-07-31 00:00:07,ouster,6.89%,116.5MiB / 30.66GiB,0.37%,0B / 0B,0B / 3.01MB,29
2026-07-31 00:00:07,mapir-ffmpeg,29.10%,165.8MiB / 30.66GiB,0.53%,0B / 0B,0B / 1.33MB,33
2026-07-31 00:00:07,scovox,54.13%,313.7MiB / 30.66GiB,1.00%,0B / 0B,0B / 3.55MB,53
2026-07-31 00:00:07,openzen,3.06%,31.69MiB / 30.66GiB,0.10%,0B / 0B,0B / 2.15MB,20
2026-07-31 00:00:07,domain_bridge,0.17%,54.52MiB / 30.66GiB,0.17%,0B / 0B,0B / 5.07MB,28
2026-07-31 00:00:07,realsense,16.37%,91.21MiB / 30.66GiB,0.29%,0B / 0B,0B / 3.29MB,33
2026-07-31 00:00:07,nav2,6.02%,183.3MiB / 30.66GiB,0.58%,0B / 0B,0B / 1.18MB,93
2026-07-31 00:00:10,trav_ros2,101.48%,399.7MiB / 30.66GiB,1.27%,0B / 0B,0B / 98.3kB,44
2026-07-31 00:00:10,foxglove,11.54%,452.3MiB / 30.66GiB,1.44%,0B / 0B,0B / 3.29MB,31
2026-07-31 00:00:10,docker-recorder-run-9b85dfd0d458,0.00%,10.29MiB / 30.66GiB,0.03%,0B / 0B,0B / 9.64MB,1
2026-07-31 00:00:10,glim,76.40%,294.6MiB / 30.66GiB,0.94%,0B / 0B,0B / 11.6MB,35
2026-07-31 00:00:10,ouster,7.35%,117.3MiB / 30.66GiB,0.37%,0B / 0B,0B / 3.01MB,29
2026-07-31 00:00:10,mapir-ffmpeg,29.60%,165.9MiB / 30.66GiB,0.53%,0B / 0B,0B / 1.33MB,33
2026-07-31 00:00:10,scovox,80.37%,288.4MiB / 30.66GiB,0.92%,0B / 0B,0B / 3.55MB,53
2026-07-31 00:00:10,openzen,3.28%,31.97MiB / 30.66GiB,0.10%,0B / 0B,0B / 2.15MB,20
2026-07-31 00:00:10,domain_bridge,1.14%,55.12MiB / 30.66GiB,0.18%,0B / 0B,0B / 5.07MB,28
2026-07-31 00:00:10,realsense,16.92%,91.74MiB / 30.66GiB,0.29%,0B / 0B,0B / 3.29MB,33
2026-07-31 00:00:10,nav2,6.97%,184MiB / 30.66GiB,0.59%,0B / 0B,0B / 1.18MB,93
2026-07-31 00:00:14,trav_ros2,101.99%,372MiB / 30.66GiB,1.18%,0B / 0B,0B / 98.3kB,44
2026-07-31 00:00:14,foxglove,11.33%,460.4MiB / 30.66GiB,1.47%,0B / 0B,0B / 3.29MB,31
2026-07-31 00:00:14,docker-recorder-run-9b85dfd0d458,0.00%,10.29MiB / 30.66GiB,0.03%,0B / 0B,0B / 9.64MB,1
2026-07-31 00:00:14,glim,72.12%,294.4MiB / 30.66GiB,0.94%,0B / 0B,0B / 11.6MB,35
2026-07-31 00:00:14,ouster,7.10%,116.8MiB / 30.66GiB,0.37%,0B / 0B,0B / 3.01MB,29
2026-07-31 00:00:14,mapir-ffmpeg,28.78%,166.2MiB / 30.66GiB,0.53%,0B / 0B,0B / 1.33MB,33
2026-07-31 00:00:14,scovox,58.66%,323.6MiB / 30.66GiB,1.03%,0B / 0B,0B / 3.55MB,53
2026-07-31 00:00:14,openzen,3.03%,32.01MiB / 30.66GiB,0.10%,0B / 0B,0B / 2.15MB,20
2026-07-31 00:00:14,domain_bridge,0.42%,54.98MiB / 30.66GiB,0.18%,0B / 0B,0B / 5.07MB,28
2026-07-31 00:00:14,realsense,17.00%,91.79MiB / 30.66GiB,0.29%,0B / 0B,0B / 3.29MB,33
2026-07-31 00:00:14,nav2,6.07%,183.6MiB / 30.66GiB,0.58%,0B / 0B,0B / 1.18MB,93
2026-07-31 00:00:17,trav_ros2,102.08%,366.5MiB / 30.66GiB,1.17%,0B / 0B,0B / 98.3kB,44
2026-07-31 00:00:17,foxglove,11.85%,460.6MiB / 30.66GiB,1.47%,0B / 0B,0B / 3.29MB,31
2026-07-31 00:00:17,docker-recorder-run-9b85dfd0d458,0.00%,10.29MiB / 30.66GiB,0.03%,0B / 0B,0B / 9.64MB,1
2026-07-31 00:00:17,glim,78.72%,293.9MiB / 30.66GiB,0.94%,0B / 0B,0B / 11.6MB,35
2026-07-31 00:00:17,ouster,7.32%,117.1MiB / 30.66GiB,0.37%,0B / 0B,0B / 3.01MB,29
2026-07-31 00:00:17,mapir-ffmpeg,28.63%,166MiB / 30.66GiB,0.53%,0B / 0B,0B / 1.33MB,33
2026-07-31 00:00:17,scovox,84.45%,288.5MiB / 30.66GiB,0.92%,0B / 0B,0B / 3.55MB,53
2026-07-31 00:00:17,openzen,3.31%,32.02MiB / 30.66GiB,0.10%,0B / 0B,0B / 2.15MB,20
2026-07-31 00:00:17,domain_bridge,0.91%,55.12MiB / 30.66GiB,0.18%,0B / 0B,0B / 5.07MB,28
2026-07-31 00:00:17,realsense,17.74%,91.29MiB / 30.66GiB,0.29%,0B / 0B,0B / 3.29MB,33
2026-07-31 00:00:17,nav2,6.39%,183.6MiB / 30.66GiB,0.58%,0B / 0B,0B / 1.18MB,93
2026-07-31 00:00:20,trav_ros2,101.81%,372.2MiB / 30.66GiB,1.19%,0B / 0B,0B / 1.55MB,44
2026-07-31 00:00:20,foxglove,11.18%,460.9MiB / 30.66GiB,1.47%,0B / 0B,0B / 3.29MB,31
2026-07-31 00:00:20,docker-recorder-run-9b85dfd0d458,0.00%,10.29MiB / 30.66GiB,0.03%,0B / 0B,0B / 9.64MB,1
2026-07-31 00:00:20,glim,75.68%,294.1MiB / 30.66GiB,0.94%,0B / 0B,0B / 11.6MB,35
2026-07-31 00:00:20,ouster,7.24%,117.3MiB / 30.66GiB,0.37%,0B / 0B,0B / 3.01MB,29
2026-07-31 00:00:20,mapir-ffmpeg,28.95%,167.1MiB / 30.66GiB,0.53%,0B / 0B,0B / 1.34MB,33
2026-07-31 00:00:20,scovox,65.11%,330.5MiB / 30.66GiB,1.05%,0B / 0B,0B / 3.63MB,53
2026-07-31 00:00:20,openzen,3.24%,32.07MiB / 30.66GiB,0.10%,0B / 0B,0B / 2.15MB,20
2026-07-31 00:00:20,domain_bridge,0.67%,53.93MiB / 30.66GiB,0.17%,0B / 0B,0B / 5.07MB,28
2026-07-31 00:00:20,realsense,17.17%,92.34MiB / 30.66GiB,0.29%,0B / 0B,0B / 3.29MB,33
2026-07-31 00:00:20,nav2,6.66%,184.2MiB / 30.66GiB,0.59%,0B / 0B,0B / 1.18MB,93
2026-07-31 00:00:23,trav_ros2,101.16%,372.1MiB / 30.66GiB,1.19%,0B / 0B,0B / 1.55MB,44
2026-07-31 00:00:23,foxglove,11.00%,460.8MiB / 30.66GiB,1.47%,0B / 0B,0B / 3.29MB,31
2026-07-31 00:00:23,docker-recorder-run-9b85dfd0d458,0.00%,10.29MiB / 30.66GiB,0.03%,0B / 0B,0B / 9.64MB,1
2026-07-31 00:00:23,glim,75.20%,293.9MiB / 30.66GiB,0.94%,0B / 0B,0B / 11.6MB,35
2026-07-31 00:00:23,ouster,6.95%,117MiB / 30.66GiB,0.37%,0B / 0B,0B / 3.01MB,29
2026-07-31 00:00:23,mapir-ffmpeg,27.92%,166.4MiB / 30.66GiB,0.53%,0B / 0B,0B / 1.34MB,33
2026-07-31 00:00:23,scovox,66.01%,313.8MiB / 30.66GiB,1.00%,0B / 0B,0B / 3.65MB,53
2026-07-31 00:00:23,openzen,3.27%,31.84MiB / 30.66GiB,0.10%,0B / 0B,0B / 2.15MB,20
2026-07-31 00:00:23,domain_bridge,0.14%,54.17MiB / 30.66GiB,0.17%,0B / 0B,0B / 5.07MB,28
2026-07-31 00:00:23,realsense,17.01%,91.37MiB / 30.66GiB,0.29%,0B / 0B,0B / 3.29MB,33
2026-07-31 00:00:23,nav2,5.90%,183.7MiB / 30.66GiB,0.59%,0B / 0B,0B / 1.19MB,93
2026-07-31 00:00:26,trav_ros2,100.95%,364.5MiB / 30.66GiB,1.16%,0B / 0B,0B / 1.55MB,44
2026-07-31 00:00:26,foxglove,11.92%,461.8MiB / 30.66GiB,1.47%,0B / 0B,0B / 3.3MB,31
2026-07-31 00:00:26,docker-recorder-run-9b85dfd0d458,0.00%,10.29MiB / 30.66GiB,0.03%,0B / 0B,0B / 9.64MB,1
2026-07-31 00:00:26,glim,73.52%,294.6MiB / 30.66GiB,0.94%,0B / 0B,0B / 11.6MB,35
2026-07-31 00:00:26,ouster,7.26%,117.4MiB / 30.66GiB,0.37%,0B / 0B,0B / 3.01MB,29
2026-07-31 00:00:26,mapir-ffmpeg,28.80%,166.7MiB / 30.66GiB,0.53%,0B / 0B,0B / 1.34MB,33
2026-07-31 00:00:26,scovox,81.67%,288.5MiB / 30.66GiB,0.92%,0B / 0B,0B / 3.65MB,53
2026-07-31 00:00:26,openzen,3.37%,32.6MiB / 30.66GiB,0.10%,0B / 0B,0B / 2.15MB,20
2026-07-31 00:00:26,domain_bridge,1.09%,55.1MiB / 30.66GiB,0.18%,0B / 0B,0B / 5.07MB,28
2026-07-31 00:00:26,realsense,17.43%,92.13MiB / 30.66GiB,0.29%,0B / 0B,0B / 3.29MB,33
2026-07-31 00:00:26,nav2,7.14%,184.5MiB / 30.66GiB,0.59%,0B / 0B,0B / 1.19MB,93
2026-07-31 00:00:30,trav_ros2,101.60%,372.9MiB / 30.66GiB,1.19%,0B / 0B,0B / 1.58MB,44
2026-07-31 00:00:30,foxglove,11.27%,452.5MiB / 30.66GiB,1.44%,0B / 0B,0B / 3.3MB,31
2026-07-31 00:00:30,docker-recorder-run-9b85dfd0d458,0.00%,10.29MiB / 30.66GiB,0.03%,0B / 0B,0B / 9.64MB,1
2026-07-31 00:00:30,glim,76.97%,294.8MiB / 30.66GiB,0.94%,0B / 0B,0B / 11.6MB,35
2026-07-31 00:00:30,ouster,6.95%,117MiB / 30.66GiB,0.37%,0B / 0B,0B / 3.01MB,29
2026-07-31 00:00:30,mapir-ffmpeg,28.04%,166.6MiB / 30.66GiB,0.53%,0B / 0B,0B / 1.34MB,33
2026-07-31 00:00:30,scovox,59.21%,322.2MiB / 30.66GiB,1.03%,0B / 0B,0B / 3.65MB,53
2026-07-31 00:00:30,openzen,3.31%,31.92MiB / 30.66GiB,0.10%,0B / 0B,0B / 2.15MB,20
2026-07-31 00:00:30,domain_bridge,0.40%,54.84MiB / 30.66GiB,0.17%,0B / 0B,0B / 5.07MB,28
2026-07-31 00:00:30,realsense,17.02%,92.19MiB / 30.66GiB,0.29%,0B / 0B,0B / 3.29MB,33
2026-07-31 00:00:30,nav2,6.82%,183.8MiB / 30.66GiB,0.59%,0B / 0B,0B / 1.19MB,93
2026-07-31 00:00:33,trav_ros2,101.36%,406.2MiB / 30.66GiB,1.29%,0B / 0B,0B / 1.58MB,44
2026-07-31 00:00:33,foxglove,11.06%,460.7MiB / 30.66GiB,1.47%,0B / 0B,0B / 3.3MB,31
2026-07-31 00:00:33,docker-recorder-run-9b85dfd0d458,0.00%,10.29MiB / 30.66GiB,0.03%,0B / 0B,0B / 9.64MB,1
2026-07-31 00:00:33,glim,77.78%,294.4MiB / 30.66GiB,0.94%,0B / 0B,0B / 11.6MB,35
2026-07-31 00:00:33,ouster,6.86%,117.2MiB / 30.66GiB,0.37%,0B / 0B,0B / 3.01MB,29
2026-07-31 00:00:33,mapir-ffmpeg,28.40%,166.3MiB / 30.66GiB,0.53%,0B / 0B,0B / 1.34MB,33
2026-07-31 00:00:33,scovox,78.76%,289.1MiB / 30.66GiB,0.92%,0B / 0B,0B / 3.65MB,53
2026-07-31 00:00:33,openzen,3.06%,31.93MiB / 30.66GiB,0.10%,0B / 0B,0B / 2.15MB,20
2026-07-31 00:00:33,domain_bridge,0.91%,54.8MiB / 30.66GiB,0.17%,0B / 0B,0B / 5.07MB,28
2026-07-31 00:00:33,realsense,16.87%,91.7MiB / 30.66GiB,0.29%,0B / 0B,0B / 3.29MB,33
2026-07-31 00:00:33,nav2,6.30%,184MiB / 30.66GiB,0.59%,0B / 0B,0B / 1.19MB,93
2026-07-31 00:00:36,trav_ros2,101.87%,372MiB / 30.66GiB,1.18%,0B / 0B,0B / 1.58MB,44
2026-07-31 00:00:36,foxglove,10.94%,459.9MiB / 30.66GiB,1.46%,0B / 0B,0B / 3.3MB,31
2026-07-31 00:00:36,docker-recorder-run-9b85dfd0d458,0.00%,10.29MiB / 30.66GiB,0.03%,0B / 0B,0B / 9.64MB,1
2026-07-31 00:00:36,glim,80.05%,295.1MiB / 30.66GiB,0.94%,0B / 0B,0B / 11.6MB,35
2026-07-31 00:00:36,ouster,7.11%,117.9MiB / 30.66GiB,0.38%,0B / 0B,0B / 3.01MB,29
2026-07-31 00:00:36,mapir-ffmpeg,28.72%,167.6MiB / 30.66GiB,0.53%,0B / 0B,0B / 1.34MB,33
2026-07-31 00:00:36,scovox,61.29%,331.1MiB / 30.66GiB,1.05%,0B / 0B,0B / 3.65MB,53
2026-07-31 00:00:36,openzen,3.49%,31.98MiB / 30.66GiB,0.10%,0B / 0B,0B / 2.15MB,20
2026-07-31 00:00:36,domain_bridge,0.57%,54.64MiB / 30.66GiB,0.17%,0B / 0B,0B / 5.07MB,28
2026-07-31 00:00:36,realsense,17.21%,91.75MiB / 30.66GiB,0.29%,0B / 0B,0B / 3.29MB,33
2026-07-31 00:00:36,nav2,6.16%,184MiB / 30.66GiB,0.59%,0B / 0B,0B / 1.19MB,93
2026-07-31 00:00:39,trav_ros2,101.51%,371.8MiB / 30.66GiB,1.18%,0B / 0B,0B / 1.58MB,44
2026-07-31 00:00:39,foxglove,11.97%,459.9MiB / 30.66GiB,1.46%,0B / 0B,0B / 3.3MB,31
2026-07-31 00:00:39,docker-recorder-run-9b85dfd0d458,0.00%,10.29MiB / 30.66GiB,0.03%,0B / 0B,0B / 9.64MB,1
2026-07-31 00:00:39,glim,76.79%,304.4MiB / 30.66GiB,0.97%,0B / 0B,0B / 11.6MB,35
2026-07-31 00:00:39,ouster,7.47%,117.6MiB / 30.66GiB,0.37%,0B / 0B,0B / 3.01MB,29
2026-07-31 00:00:39,mapir-ffmpeg,27.96%,166.7MiB / 30.66GiB,0.53%,0B / 0B,0B / 1.34MB,33
2026-07-31 00:00:39,scovox,73.23%,314.8MiB / 30.66GiB,1.00%,0B / 0B,0B / 3.65MB,53
2026-07-31 00:00:39,openzen,3.34%,32MiB / 30.66GiB,0.10%,0B / 0B,0B / 2.15MB,20
2026-07-31 00:00:39,domain_bridge,0.19%,54.19MiB / 30.66GiB,0.17%,0B / 0B,0B / 5.07MB,28
2026-07-31 00:00:39,realsense,16.75%,91.77MiB / 30.66GiB,0.29%,0B / 0B,0B / 3.29MB,33
2026-07-31 00:00:39,nav2,6.25%,183.9MiB / 30.66GiB,0.59%,0B / 0B,0B / 1.19MB,93
2026-07-31 00:00:42,trav_ros2,100.55%,371.8MiB / 30.66GiB,1.18%,0B / 0B,0B / 1.58MB,44
2026-07-31 00:00:42,foxglove,11.86%,460.1MiB / 30.66GiB,1.47%,0B / 0B,0B / 3.3MB,31
2026-07-31 00:00:42,docker-recorder-run-9b85dfd0d458,0.00%,10.29MiB / 30.66GiB,0.03%,0B / 0B,0B / 9.64MB,1
2026-07-31 00:00:42,glim,77.79%,304.8MiB / 30.66GiB,0.97%,0B / 0B,0B / 11.6MB,35
2026-07-31 00:00:42,ouster,7.18%,117.6MiB / 30.66GiB,0.37%,0B / 0B,0B / 3.01MB,29
2026-07-31 00:00:42,mapir-ffmpeg,28.82%,167.5MiB / 30.66GiB,0.53%,0B / 0B,0B / 1.34MB,33
2026-07-31 00:00:42,scovox,77.51%,289.8MiB / 30.66GiB,0.92%,0B / 0B,0B / 3.65MB,53
2026-07-31 00:00:42,openzen,3.55%,32.03MiB / 30.66GiB,0.10%,0B / 0B,0B / 2.15MB,20
2026-07-31 00:00:42,domain_bridge,1.01%,54.4MiB / 30.66GiB,0.17%,0B / 0B,0B / 5.07MB,28
2026-07-31 00:00:42,realsense,17.01%,91.8MiB / 30.66GiB,0.29%,0B / 0B,0B / 3.29MB,33
2026-07-31 00:00:42,nav2,7.09%,184.8MiB / 30.66GiB,0.59%,0B / 0B,0B / 1.19MB,93
2026-07-31 00:00:45,trav_ros2,101.81%,372.7MiB / 30.66GiB,1.19%,0B / 0B,0B / 1.58MB,44
2026-07-31 00:00:45,foxglove,11.81%,459.8MiB / 30.66GiB,1.46%,0B / 0B,0B / 3.3MB,31
2026-07-31 00:00:45,docker-recorder-run-9b85dfd0d458,0.00%,10.29MiB / 30.66GiB,0.03%,0B / 0B,0B / 9.64MB,1
2026-07-31 00:00:45,glim,76.64%,290.8MiB / 30.66GiB,0.93%,0B / 0B,0B / 11.6MB,35
2026-07-31 00:00:45,ouster,7.04%,117.4MiB / 30.66GiB,0.37%,0B / 0B,0B / 3.01MB,29
2026-07-31 00:00:45,mapir-ffmpeg,28.76%,166.9MiB / 30.66GiB,0.53%,0B / 0B,0B / 1.34MB,33
2026-07-31 00:00:45,scovox,60.23%,321.2MiB / 30.66GiB,1.02%,0B / 0B,0B / 3.65MB,53
2026-07-31 00:00:45,openzen,3.31%,32.08MiB / 30.66GiB,0.10%,0B / 0B,0B / 2.15MB,20
2026-07-31 00:00:45,domain_bridge,0.83%,54.77MiB / 30.66GiB,0.17%,0B / 0B,0B / 5.07MB,28
2026-07-31 00:00:45,realsense,17.15%,91.84MiB / 30.66GiB,0.29%,0B / 0B,0B / 3.29MB,33
2026-07-31 00:00:45,nav2,6.18%,184.4MiB / 30.66GiB,0.59%,0B / 0B,0B / 1.19MB,93
2026-07-31 00:00:49,trav_ros2,102.15%,371.9MiB / 30.66GiB,1.18%,0B / 0B,0B / 1.58MB,44
2026-07-31 00:00:49,foxglove,12.28%,460.1MiB / 30.66GiB,1.47%,0B / 0B,0B / 3.3MB,31
2026-07-31 00:00:49,docker-recorder-run-9b85dfd0d458,0.00%,10.29MiB / 30.66GiB,0.03%,0B / 0B,0B / 9.64MB,1
2026-07-31 00:00:49,glim,77.61%,293.9MiB / 30.66GiB,0.94%,0B / 0B,0B / 11.6MB,35
2026-07-31 00:00:49,ouster,6.99%,117.7MiB / 30.66GiB,0.37%,0B / 0B,0B / 3.01MB,29
2026-07-31 00:00:49,mapir-ffmpeg,28.81%,166.9MiB / 30.66GiB,0.53%,0B / 0B,0B / 1.34MB,33
2026-07-31 00:00:49,scovox,80.71%,290.1MiB / 30.66GiB,0.92%,0B / 0B,0B / 3.65MB,53
2026-07-31 00:00:49,openzen,3.18%,32.09MiB / 30.66GiB,0.10%,0B / 0B,0B / 2.15MB,20
2026-07-31 00:00:49,domain_bridge,0.90%,54.66MiB / 30.66GiB,0.17%,0B / 0B,0B / 5.07MB,28
2026-07-31 00:00:49,realsense,17.69%,91.85MiB / 30.66GiB,0.29%,0B / 0B,0B / 3.29MB,33
2026-07-31 00:00:49,nav2,6.22%,184.2MiB / 30.66GiB,0.59%,0B / 0B,0B / 1.19MB,93
2026-07-31 00:00:52,trav_ros2,101.32%,372.6MiB / 30.66GiB,1.19%,0B / 0B,0B / 1.58MB,44
2026-07-31 00:00:52,foxglove,11.68%,460MiB / 30.66GiB,1.47%,0B / 0B,0B / 3.3MB,31
2026-07-31 00:00:52,docker-recorder-run-9b85dfd0d458,0.00%,10.29MiB / 30.66GiB,0.03%,0B / 0B,0B / 9.64MB,1
2026-07-31 00:00:52,glim,77.25%,294.3MiB / 30.66GiB,0.94%,0B / 0B,0B / 11.6MB,35
2026-07-31 00:00:52,ouster,6.98%,117MiB / 30.66GiB,0.37%,0B / 0B,0B / 3.01MB,29
2026-07-31 00:00:52,mapir-ffmpeg,27.89%,166.4MiB / 30.66GiB,0.53%,0B / 0B,0B / 1.34MB,33
2026-07-31 00:00:52,scovox,57.20%,327.3MiB / 30.66GiB,1.04%,0B / 0B,0B / 3.65MB,53
2026-07-31 00:00:52,openzen,3.11%,31.74MiB / 30.66GiB,0.10%,0B / 0B,0B / 2.15MB,20
2026-07-31 00:00:52,domain_bridge,0.53%,54.63MiB / 30.66GiB,0.17%,0B / 0B,0B / 5.07MB,28
2026-07-31 00:00:52,realsense,16.75%,90.78MiB / 30.66GiB,0.29%,0B / 0B,0B / 3.29MB,33
2026-07-31 00:00:52,nav2,6.29%,184.9MiB / 30.66GiB,0.59%,0B / 0B,0B / 1.19MB,93
2026-07-31 00:00:55,trav_ros2,100.99%,441.4MiB / 30.66GiB,1.41%,0B / 0B,0B / 1.58MB,44
2026-07-31 00:00:55,foxglove,11.26%,460.3MiB / 30.66GiB,1.47%,0B / 0B,0B / 3.3MB,31
2026-07-31 00:00:55,docker-recorder-run-9b85dfd0d458,0.00%,10.29MiB / 30.66GiB,0.03%,0B / 0B,0B / 9.64MB,1
2026-07-31 00:00:55,glim,78.08%,294.4MiB / 30.66GiB,0.94%,0B / 0B,0B / 11.6MB,35
2026-07-31 00:00:55,ouster,6.86%,116.8MiB / 30.66GiB,0.37%,0B / 0B,0B / 3.01MB,29
2026-07-31 00:00:55,mapir-ffmpeg,28.68%,166.1MiB / 30.66GiB,0.53%,0B / 0B,0B / 1.35MB,33
2026-07-31 00:00:55,scovox,69.77%,289MiB / 30.66GiB,0.92%,0B / 0B,0B / 3.74MB,53
2026-07-31 00:00:55,openzen,2.91%,31.52MiB / 30.66GiB,0.10%,0B / 0B,0B / 2.15MB,20
2026-07-31 00:00:55,domain_bridge,0.17%,54.59MiB / 30.66GiB,0.17%,0B / 0B,0B / 5.07MB,28
2026-07-31 00:00:55,realsense,16.54%,90.8MiB / 30.66GiB,0.29%,0B / 0B,0B / 3.29MB,33
2026-07-31 00:00:55,nav2,5.73%,184.7MiB / 30.66GiB,0.59%,0B / 0B,0B / 1.19MB,93
2026-07-31 00:00:58,trav_ros2,99.93%,372.8MiB / 30.66GiB,1.19%,0B / 0B,0B / 1.6MB,44
2026-07-31 00:00:58,foxglove,8.59%,459.8MiB / 30.66GiB,1.46%,0B / 0B,0B / 3.3MB,31
2026-07-31 00:00:58,docker-recorder-run-9b85dfd0d458,0.00%,10.29MiB / 30.66GiB,0.03%,0B / 0B,0B / 9.64MB,1
2026-07-31 00:00:58,glim,9.51%,293.4MiB / 30.66GiB,0.93%,0B / 0B,0B / 11.6MB,35
2026-07-31 00:00:58,ouster,0.61%,116.6MiB / 30.66GiB,0.37%,0B / 0B,0B / 3.01MB,29
2026-07-31 00:00:58,mapir-ffmpeg,28.32%,167.2MiB / 30.66GiB,0.53%,0B / 0B,0B / 1.35MB,33
2026-07-31 00:00:58,scovox,20.32%,288.8MiB / 30.66GiB,0.92%,0B / 0B,0B / 3.74MB,53
2026-07-31 00:00:58,openzen,3.10%,31.8MiB / 30.66GiB,0.10%,0B / 0B,0B / 2.15MB,20
2026-07-31 00:00:58,domain_bridge,0.96%,55.01MiB / 30.66GiB,0.18%,0B / 0B,0B / 5.07MB,28
2026-07-31 00:00:58,realsense,16.22%,91.3MiB / 30.66GiB,0.29%,0B / 0B,0B / 3.29MB,33
2026-07-31 00:00:58,nav2,6.13%,184.9MiB / 30.66GiB,0.59%,0B / 0B,0B / 1.21MB,93
2026-07-31 00:01:01,trav_ros2,16.42%,348.5MiB / 30.66GiB,1.11%,0B / 0B,0B / 1.6MB,44
2026-07-31 00:01:01,foxglove,9.95%,459.7MiB / 30.66GiB,1.46%,0B / 0B,0B / 3.3MB,31
2026-07-31 00:01:01,docker-recorder-run-9b85dfd0d458,0.00%,10.29MiB / 30.66GiB,0.03%,0B / 0B,0B / 9.64MB,1
2026-07-31 00:01:01,glim,26.70%,293.8MiB / 30.66GiB,0.94%,0B / 0B,0B / 11.6MB,35
2026-07-31 00:01:01,ouster,1.66%,116.9MiB / 30.66GiB,0.37%,0B / 0B,0B / 3.01MB,29
2026-07-31 00:01:01,mapir-ffmpeg,28.62%,166.3MiB / 30.66GiB,0.53%,0B / 0B,0B / 1.35MB,33
2026-07-31 00:01:01,scovox,10.92%,288.3MiB / 30.66GiB,0.92%,0B / 0B,0B / 3.75MB,53
2026-07-31 00:01:01,openzen,2.82%,31.36MiB / 30.66GiB,0.10%,0B / 0B,0B / 2.15MB,20
2026-07-31 00:01:01,domain_bridge,0.45%,54.47MiB / 30.66GiB,0.17%,0B / 0B,0B / 5.07MB,28
2026-07-31 00:01:01,realsense,16.39%,91.11MiB / 30.66GiB,0.29%,0B / 0B,0B / 3.29MB,33
2026-07-31 00:01:01,nav2,3.82%,185MiB / 30.66GiB,0.59%,0B / 0B,0B / 1.21MB,93
2026-07-31 00:01:05,trav_ros2,102.35%,372.1MiB / 30.66GiB,1.19%,0B / 0B,0B / 1.6MB,44
2026-07-31 00:01:05,foxglove,8.60%,452.5MiB / 30.66GiB,1.44%,0B / 0B,0B / 3.3MB,31
2026-07-31 00:01:05,docker-recorder-run-9b85dfd0d458,0.00%,10.29MiB / 30.66GiB,0.03%,0B / 0B,0B / 9.64MB,1
2026-07-31 00:01:05,glim,10.06%,293.8MiB / 30.66GiB,0.94%,0B / 0B,0B / 11.6MB,35
2026-07-31 00:01:05,ouster,0.38%,116.8MiB / 30.66GiB,0.37%,0B / 0B,0B / 3.01MB,29
2026-07-31 00:01:05,mapir-ffmpeg,28.84%,166.1MiB / 30.66GiB,0.53%,0B / 0B,0B / 1.35MB,33
2026-07-31 00:01:05,scovox,4.01%,288.7MiB / 30.66GiB,0.92%,0B / 0B,0B / 3.75MB,53
2026-07-31 00:01:05,openzen,2.97%,31.61MiB / 30.66GiB,0.10%,0B / 0B,0B / 2.15MB,20
2026-07-31 00:01:05,domain_bridge,0.81%,55.4MiB / 30.66GiB,0.18%,0B / 0B,0B / 5.07MB,28
2026-07-31 00:01:05,realsense,16.83%,93.73MiB / 30.66GiB,0.30%,0B / 0B,0B / 3.29MB,33
2026-07-31 00:01:05,nav2,4.65%,185.2MiB / 30.66GiB,0.59%,0B / 0B,0B / 1.21MB,93
2026-07-31 00:01:08,trav_ros2,0.63%,347.8MiB / 30.66GiB,1.11%,0B / 0B,0B / 1.6MB,44
2026-07-31 00:01:08,foxglove,8.24%,461.7MiB / 30.66GiB,1.47%,0B / 0B,0B / 3.3MB,31
2026-07-31 00:01:08,docker-recorder-run-9b85dfd0d458,0.00%,10.29MiB / 30.66GiB,0.03%,0B / 0B,0B / 9.64MB,1
2026-07-31 00:01:08,glim,10.37%,294.3MiB / 30.66GiB,0.94%,0B / 0B,0B / 11.6MB,35
2026-07-31 00:01:08,ouster,0.45%,117.4MiB / 30.66GiB,0.37%,0B / 0B,0B / 3.01MB,29
2026-07-31 00:01:08,mapir-ffmpeg,29.09%,166.6MiB / 30.66GiB,0.53%,0B / 0B,0B / 1.35MB,33
2026-07-31 00:01:08,scovox,5.45%,288.9MiB / 30.66GiB,0.92%,0B / 0B,0B / 3.75MB,53
2026-07-31 00:01:08,openzen,2.97%,31.89MiB / 30.66GiB,0.10%,0B / 0B,0B / 2.15MB,20
2026-07-31 00:01:08,domain_bridge,0.31%,53.49MiB / 30.66GiB,0.17%,0B / 0B,0B / 5.07MB,28
2026-07-31 00:01:08,realsense,16.59%,93.52MiB / 30.66GiB,0.30%,0B / 0B,0B / 3.29MB,33
2026-07-31 00:01:08,nav2,3.06%,185.6MiB / 30.66GiB,0.59%,0B / 0B,0B / 1.21MB,93
2026-07-31 00:01:11,trav_ros2,101.55%,372.9MiB / 30.66GiB,1.19%,0B / 0B,0B / 1.6MB,44
2026-07-31 00:01:11,foxglove,11.41%,460.3MiB / 30.66GiB,1.47%,0B / 0B,0B / 3.3MB,31
2026-07-31 00:01:11,docker-recorder-run-9b85dfd0d458,0.00%,10.29MiB / 30.66GiB,0.03%,0B / 0B,0B / 9.64MB,1
2026-07-31 00:01:11,glim,85.17%,294MiB / 30.66GiB,0.94%,0B / 0B,0B / 11.6MB,35
2026-07-31 00:01:11,ouster,6.79%,116.9MiB / 30.66GiB,0.37%,0B / 0B,0B / 3.01MB,29
2026-07-31 00:01:11,mapir-ffmpeg,27.63%,166.2MiB / 30.66GiB,0.53%,0B / 0B,0B / 1.35MB,33
2026-07-31 00:01:11,scovox,10.86%,289.2MiB / 30.66GiB,0.92%,0B / 0B,0B / 3.75MB,53
2026-07-31 00:01:11,openzen,2.98%,31.43MiB / 30.66GiB,0.10%,0B / 0B,0B / 2.15MB,20
2026-07-31 00:01:11,domain_bridge,0.30%,53.94MiB / 30.66GiB,0.17%,0B / 0B,0B / 5.07MB,28
2026-07-31 00:01:11,realsense,17.31%,93.31MiB / 30.66GiB,0.30%,0B / 0B,0B / 3.29MB,33
2026-07-31 00:01:11,nav2,6.18%,185.5MiB / 30.66GiB,0.59%,0B / 0B,0B / 1.21MB,93
2026-07-31 00:01:14,trav_ros2,100.38%,372.8MiB / 30.66GiB,1.19%,0B / 0B,0B / 1.6MB,44
2026-07-31 00:01:14,foxglove,11.37%,460.2MiB / 30.66GiB,1.47%,0B / 0B,0B / 3.3MB,31
2026-07-31 00:01:14,docker-recorder-run-9b85dfd0d458,0.00%,10.29MiB / 30.66GiB,0.03%,0B / 0B,0B / 9.64MB,1
2026-07-31 00:01:14,glim,86.73%,294.2MiB / 30.66GiB,0.94%,0B / 0B,0B / 11.6MB,35
2026-07-31 00:01:14,ouster,7.02%,117.2MiB / 30.66GiB,0.37%,0B / 0B,0B / 3.01MB,29
2026-07-31 00:01:14,mapir-ffmpeg,28.54%,167MiB / 30.66GiB,0.53%,0B / 0B,0B / 1.35MB,33
2026-07-31 00:01:14,scovox,63.91%,345.5MiB / 30.66GiB,1.10%,0B / 0B,0B / 3.75MB,53
2026-07-31 00:01:14,openzen,3.18%,31.46MiB / 30.66GiB,0.10%,0B / 0B,0B / 2.15MB,20
2026-07-31 00:01:14,domain_bridge,0.90%,53.81MiB / 30.66GiB,0.17%,0B / 0B,0B / 5.07MB,28
2026-07-31 00:01:14,realsense,17.00%,93.83MiB / 30.66GiB,0.30%,0B / 0B,0B / 3.29MB,33
2026-07-31 00:01:14,nav2,6.73%,186.2MiB / 30.66GiB,0.59%,0B / 0B,0B / 1.21MB,93
2026-07-31 00:01:17,trav_ros2,100.77%,355.1MiB / 30.66GiB,1.13%,0B / 0B,0B / 1.6MB,44
2026-07-31 00:01:17,foxglove,9.69%,459.9MiB / 30.66GiB,1.46%,0B / 0B,0B / 3.3MB,31
2026-07-31 00:01:17,docker-recorder-run-9b85dfd0d458,0.00%,10.29MiB / 30.66GiB,0.03%,0B / 0B,0B / 9.64MB,1
2026-07-31 00:01:17,glim,23.01%,294.1MiB / 30.66GiB,0.94%,0B / 0B,0B / 11.6MB,35
2026-07-31 00:01:17,ouster,2.20%,117.3MiB / 30.66GiB,0.37%,0B / 0B,0B / 3.01MB,29
2026-07-31 00:01:17,mapir-ffmpeg,27.88%,166.6MiB / 30.66GiB,0.53%,0B / 0B,0B / 1.35MB,33
2026-07-31 00:01:17,scovox,8.30%,311.1MiB / 30.66GiB,0.99%,0B / 0B,0B / 3.75MB,53
2026-07-31 00:01:17,openzen,2.89%,32.01MiB / 30.66GiB,0.10%,0B / 0B,0B / 2.15MB,20
2026-07-31 00:01:17,domain_bridge,0.44%,54.55MiB / 30.66GiB,0.17%,0B / 0B,0B / 5.07MB,28
2026-07-31 00:01:17,realsense,16.32%,93.39MiB / 30.66GiB,0.30%,0B / 0B,0B / 3.29MB,33
2026-07-31 00:01:17,nav2,4.96%,185.8MiB / 30.66GiB,0.59%,0B / 0B,0B / 1.21MB,93
2026-07-31 00:01:20,trav_ros2,101.82%,406.5MiB / 30.66GiB,1.29%,0B / 0B,0B / 1.6MB,44
2026-07-31 00:01:20,foxglove,12.02%,460.2MiB / 30.66GiB,1.47%,0B / 0B,0B / 3.3MB,31
2026-07-31 00:01:20,docker-recorder-run-9b85dfd0d458,0.00%,10.29MiB / 30.66GiB,0.03%,0B / 0B,0B / 9.64MB,1
2026-07-31 00:01:20,glim,83.15%,296.8MiB / 30.66GiB,0.95%,0B / 0B,0B / 11.6MB,35
2026-07-31 00:01:20,ouster,6.96%,117.6MiB / 30.66GiB,0.37%,0B / 0B,0B / 3.01MB,29
2026-07-31 00:01:20,mapir-ffmpeg,28.78%,166.6MiB / 30.66GiB,0.53%,0B / 0B,0B / 1.35MB,33
2026-07-31 00:01:20,scovox,88.64%,317.3MiB / 30.66GiB,1.01%,0B / 0B,0B / 3.75MB,53
2026-07-31 00:01:20,openzen,3.25%,31.52MiB / 30.66GiB,0.10%,0B / 0B,0B / 2.15MB,20
2026-07-31 00:01:20,domain_bridge,1.13%,52.91MiB / 30.66GiB,0.17%,0B / 0B,0B / 5.07MB,28
2026-07-31 00:01:20,realsense,17.01%,93.64MiB / 30.66GiB,0.30%,0B / 0B,0B / 3.29MB,33
2026-07-31 00:01:20,nav2,6.41%,186MiB / 30.66GiB,0.59%,0B / 0B,0B / 1.21MB,93
2026-07-31 00:01:24,trav_ros2,102.12%,372.1MiB / 30.66GiB,1.19%,0B / 0B,0B / 1.6MB,44
2026-07-31 00:01:24,foxglove,12.24%,459.8MiB / 30.66GiB,1.46%,0B / 0B,0B / 3.3MB,31
2026-07-31 00:01:24,docker-recorder-run-9b85dfd0d458,0.00%,10.29MiB / 30.66GiB,0.03%,0B / 0B,0B / 9.64MB,1
2026-07-31 00:01:24,glim,91.53%,296.6MiB / 30.66GiB,0.94%,0B / 0B,0B / 11.6MB,35
2026-07-31 00:01:24,ouster,7.21%,117.4MiB / 30.66GiB,0.37%,0B / 0B,0B / 3.01MB,29
2026-07-31 00:01:24,mapir-ffmpeg,29.16%,167.2MiB / 30.66GiB,0.53%,0B / 0B,0B / 1.35MB,33
2026-07-31 00:01:24,scovox,55.93%,353.1MiB / 30.66GiB,1.12%,0B / 0B,0B / 3.75MB,53
2026-07-31 00:01:24,openzen,3.27%,31.56MiB / 30.66GiB,0.10%,0B / 0B,0B / 2.15MB,20
2026-07-31 00:01:24,domain_bridge,0.32%,53.99MiB / 30.66GiB,0.17%,0B / 0B,0B / 5.07MB,28
2026-07-31 00:01:24,realsense,17.63%,93.69MiB / 30.66GiB,0.30%,0B / 0B,0B / 3.29MB,33
2026-07-31 00:01:24,nav2,6.82%,186.3MiB / 30.66GiB,0.59%,0B / 0B,0B / 1.21MB,93
2026-07-31 00:01:27,trav_ros2,100.84%,372.8MiB / 30.66GiB,1.19%,0B / 0B,0B / 1.6MB,44
2026-07-31 00:01:27,foxglove,11.13%,459.7MiB / 30.66GiB,1.46%,0B / 0B,0B / 3.3MB,31
2026-07-31 00:01:27,docker-recorder-run-9b85dfd0d458,0.00%,10.29MiB / 30.66GiB,0.03%,0B / 0B,0B / 9.64MB,1
2026-07-31 00:01:27,glim,81.98%,297.8MiB / 30.66GiB,0.95%,0B / 0B,0B / 11.6MB,35
2026-07-31 00:01:27,ouster,7.00%,117.3MiB / 30.66GiB,0.37%,0B / 0B,0B / 3.01MB,29
2026-07-31 00:01:27,mapir-ffmpeg,28.11%,166.5MiB / 30.66GiB,0.53%,0B / 0B,0B / 1.35MB,33
2026-07-31 00:01:27,scovox,78.03%,317.5MiB / 30.66GiB,1.01%,0B / 0B,0B / 3.8MB,53
2026-07-31 00:01:27,openzen,3.20%,31.84MiB / 30.66GiB,0.10%,0B / 0B,0B / 2.15MB,20
2026-07-31 00:01:27,domain_bridge,0.49%,54.25MiB / 30.66GiB,0.17%,0B / 0B,0B / 5.07MB,28
2026-07-31 00:01:27,realsense,17.18%,93.72MiB / 30.66GiB,0.30%,0B / 0B,0B / 3.29MB,33
2026-07-31 00:01:27,nav2,6.04%,185MiB / 30.66GiB,0.59%,0B / 0B,0B / 1.21MB,93
2026-07-31 00:01:30,trav_ros2,100.53%,372.3MiB / 30.66GiB,1.19%,0B / 0B,0B / 1.62MB,44
2026-07-31 00:01:30,foxglove,10.96%,459.9MiB / 30.66GiB,1.46%,0B / 0B,0B / 3.3MB,31
2026-07-31 00:01:30,docker-recorder-run-9b85dfd0d458,0.00%,10.29MiB / 30.66GiB,0.03%,0B / 0B,0B / 9.64MB,1
2026-07-31 00:01:30,glim,78.73%,300.4MiB / 30.66GiB,0.96%,0B / 0B,0B / 11.6MB,35
2026-07-31 00:01:30,ouster,7.21%,117.5MiB / 30.66GiB,0.37%,0B / 0B,0B / 3.01MB,29
2026-07-31 00:01:30,mapir-ffmpeg,29.05%,166.8MiB / 30.66GiB,0.53%,0B / 0B,0B / 1.36MB,33
2026-07-31 00:01:30,scovox,59.75%,354.6MiB / 30.66GiB,1.13%,0B / 0B,0B / 3.81MB,53
2026-07-31 00:01:30,openzen,3.26%,32.11MiB / 30.66GiB,0.10%,0B / 0B,0B / 2.15MB,20
2026-07-31 00:01:30,domain_bridge,0.81%,54.97MiB / 30.66GiB,0.18%,0B / 0B,0B / 5.07MB,28
2026-07-31 00:01:30,realsense,17.43%,93.75MiB / 30.66GiB,0.30%,0B / 0B,0B / 3.29MB,33
2026-07-31 00:01:30,nav2,6.81%,186.1MiB / 30.66GiB,0.59%,0B / 0B,0B / 1.21MB,93
2026-07-31 00:01:33,trav_ros2,101.26%,374.1MiB / 30.66GiB,1.19%,0B / 0B,0B / 1.62MB,44
2026-07-31 00:01:33,foxglove,11.78%,459.8MiB / 30.66GiB,1.46%,0B / 0B,0B / 3.3MB,31
2026-07-31 00:01:33,docker-recorder-run-9b85dfd0d458,0.00%,10.29MiB / 30.66GiB,0.03%,0B / 0B,0B / 9.64MB,1
2026-07-31 00:01:33,glim,85.45%,316.1MiB / 30.66GiB,1.01%,0B / 0B,0B / 11.6MB,35
2026-07-31 00:01:33,ouster,7.02%,117.5MiB / 30.66GiB,0.37%,0B / 0B,0B / 3.01MB,29
2026-07-31 00:01:33,mapir-ffmpeg,28.13%,166.9MiB / 30.66GiB,0.53%,0B / 0B,0B / 1.36MB,33
2026-07-31 00:01:33,scovox,60.55%,317.8MiB / 30.66GiB,1.01%,0B / 0B,0B / 3.81MB,53
2026-07-31 00:01:33,openzen,3.22%,32.16MiB / 30.66GiB,0.10%,0B / 0B,0B / 2.15MB,20
2026-07-31 00:01:33,domain_bridge,0.57%,55.32MiB / 30.66GiB,0.18%,0B / 0B,0B / 5.07MB,28
2026-07-31 00:01:33,realsense,16.99%,93.55MiB / 30.66GiB,0.30%,0B / 0B,0B / 3.29MB,33
2026-07-31 00:01:33,nav2,6.48%,183.6MiB / 30.66GiB,0.58%,0B / 0B,0B / 1.22MB,93
2026-07-31 00:01:36,trav_ros2,101.72%,372.5MiB / 30.66GiB,1.19%,0B / 0B,0B / 1.62MB,44
2026-07-31 00:01:36,foxglove,11.27%,451.6MiB / 30.66GiB,1.44%,0B / 0B,0B / 3.3MB,31
2026-07-31 00:01:36,docker-recorder-run-9b85dfd0d458,0.00%,10.29MiB / 30.66GiB,0.03%,0B / 0B,0B / 9.64MB,1
2026-07-31 00:01:36,glim,80.35%,323.1MiB / 30.66GiB,1.03%,0B / 0B,0B / 11.6MB,35
2026-07-31 00:01:36,ouster,6.92%,117.5MiB / 30.66GiB,0.37%,0B / 0B,0B / 3.01MB,29
2026-07-31 00:01:36,mapir-ffmpeg,28.74%,166.7MiB / 30.66GiB,0.53%,0B / 0B,0B / 1.36MB,33
2026-07-31 00:01:36,scovox,74.80%,317.9MiB / 30.66GiB,1.01%,0B / 0B,0B / 3.81MB,53
2026-07-31 00:01:36,openzen,3.24%,31.68MiB / 30.66GiB,0.10%,0B / 0B,0B / 2.15MB,20
2026-07-31 00:01:36,domain_bridge,1.07%,55.2MiB / 30.66GiB,0.18%,0B / 0B,0B / 5.07MB,28
2026-07-31 00:01:36,realsense,17.07%,93.55MiB / 30.66GiB,0.30%,0B / 0B,0B / 3.29MB,33
2026-07-31 00:01:36,nav2,6.14%,183.7MiB / 30.66GiB,0.58%,0B / 0B,0B / 1.22MB,93
2026-07-31 00:01:40,trav_ros2,102.26%,372.8MiB / 30.66GiB,1.19%,0B / 0B,0B / 1.62MB,44
2026-07-31 00:01:40,foxglove,11.74%,460MiB / 30.66GiB,1.46%,0B / 0B,0B / 3.3MB,31
2026-07-31 00:01:40,docker-recorder-run-9b85dfd0d458,0.00%,10.29MiB / 30.66GiB,0.03%,0B / 0B,0B / 9.64MB,1
2026-07-31 00:01:40,glim,82.98%,322.7MiB / 30.66GiB,1.03%,0B / 0B,0B / 11.6MB,35
2026-07-31 00:01:40,ouster,7.47%,118.6MiB / 30.66GiB,0.38%,0B / 0B,0B / 3.01MB,29
2026-07-31 00:01:40,mapir-ffmpeg,28.21%,168MiB / 30.66GiB,0.53%,0B / 0B,0B / 1.36MB,33
2026-07-31 00:01:40,scovox,55.72%,349.1MiB / 30.66GiB,1.11%,0B / 0B,0B / 3.81MB,53
2026-07-31 00:01:40,openzen,3.20%,31.71MiB / 30.66GiB,0.10%,0B / 0B,0B / 2.15MB,20
2026-07-31 00:01:40,domain_bridge,0.14%,54.5MiB / 30.66GiB,0.17%,0B / 0B,0B / 5.07MB,28
2026-07-31 00:01:40,realsense,17.33%,94.81MiB / 30.66GiB,0.30%,0B / 0B,0B / 3.29MB,33
2026-07-31 00:01:40,nav2,6.55%,183.4MiB / 30.66GiB,0.58%,0B / 0B,0B / 1.22MB,93
2026-07-31 00:01:43,trav_ros2,102.25%,407.4MiB / 30.66GiB,1.30%,0B / 0B,0B / 1.62MB,44
2026-07-31 00:01:43,foxglove,11.82%,459.7MiB / 30.66GiB,1.46%,0B / 0B,0B / 3.3MB,31
2026-07-31 00:01:43,docker-recorder-run-9b85dfd0d458,0.00%,10.29MiB / 30.66GiB,0.03%,0B / 0B,0B / 9.64MB,1
2026-07-31 00:01:43,glim,83.30%,306.6MiB / 30.66GiB,0.98%,0B / 0B,0B / 11.6MB,35
2026-07-31 00:01:43,ouster,7.11%,117.9MiB / 30.66GiB,0.38%,0B / 0B,0B / 3.01MB,29
2026-07-31 00:01:43,mapir-ffmpeg,29.31%,167.1MiB / 30.66GiB,0.53%,0B / 0B,0B / 1.36MB,33
2026-07-31 00:01:43,scovox,77.73%,318MiB / 30.66GiB,1.01%,0B / 0B,0B / 3.81MB,53
2026-07-31 00:01:43,openzen,3.11%,31.75MiB / 30.66GiB,0.10%,0B / 0B,0B / 2.15MB,20
2026-07-31 00:01:43,domain_bridge,0.24%,55.25MiB / 30.66GiB,0.18%,0B / 0B,0B / 5.07MB,28
2026-07-31 00:01:43,realsense,16.93%,94.12MiB / 30.66GiB,0.30%,0B / 0B,0B / 3.29MB,33
2026-07-31 00:01:43,nav2,6.29%,182.8MiB / 30.66GiB,0.58%,0B / 0B,0B / 1.22MB,93
2026-07-31 00:01:46,trav_ros2,100.70%,372.8MiB / 30.66GiB,1.19%,0B / 0B,0B / 1.62MB,44
2026-07-31 00:01:46,foxglove,11.06%,459.9MiB / 30.66GiB,1.46%,0B / 0B,0B / 3.3MB,31
2026-07-31 00:01:46,docker-recorder-run-9b85dfd0d458,0.00%,10.29MiB / 30.66GiB,0.03%,0B / 0B,0B / 9.64MB,1
2026-07-31 00:01:46,glim,80.58%,306.9MiB / 30.66GiB,0.98%,0B / 0B,0B / 11.6MB,35
2026-07-31 00:01:46,ouster,7.35%,118MiB / 30.66GiB,0.38%,0B / 0B,0B / 3.01MB,29
2026-07-31 00:01:46,mapir-ffmpeg,28.32%,167.1MiB / 30.66GiB,0.53%,0B / 0B,0B / 1.36MB,33
2026-07-31 00:01:46,scovox,57.72%,356.7MiB / 30.66GiB,1.14%,0B / 0B,0B / 3.81MB,53
2026-07-31 00:01:46,openzen,3.38%,32.51MiB / 30.66GiB,0.10%,0B / 0B,0B / 2.15MB,20
2026-07-31 00:01:46,domain_bridge,0.85%,54.72MiB / 30.66GiB,0.17%,0B / 0B,0B / 5.07MB,28
2026-07-31 00:01:46,realsense,16.79%,94.41MiB / 30.66GiB,0.30%,0B / 0B,0B / 3.29MB,33
2026-07-31 00:01:46,nav2,6.76%,184.1MiB / 30.66GiB,0.59%,0B / 0B,0B / 1.22MB,93
2026-07-31 00:01:49,trav_ros2,100.39%,373.4MiB / 30.66GiB,1.19%,0B / 0B,0B / 1.62MB,44
2026-07-31 00:01:49,foxglove,11.61%,459.8MiB / 30.66GiB,1.46%,0B / 0B,0B / 3.3MB,31
2026-07-31 00:01:49,docker-recorder-run-9b85dfd0d458,0.00%,10.29MiB / 30.66GiB,0.03%,0B / 0B,0B / 9.64MB,1
2026-07-31 00:01:49,glim,79.45%,306.5MiB / 30.66GiB,0.98%,0B / 0B,0B / 11.6MB,35
2026-07-31 00:01:49,ouster,7.23%,118.4MiB / 30.66GiB,0.38%,0B / 0B,0B / 3.01MB,29
2026-07-31 00:01:49,mapir-ffmpeg,28.50%,167.5MiB / 30.66GiB,0.53%,0B / 0B,0B / 1.36MB,33
2026-07-31 00:01:49,scovox,67.99%,318.3MiB / 30.66GiB,1.01%,0B / 0B,0B / 3.81MB,53
2026-07-31 00:01:49,openzen,3.29%,32.3MiB / 30.66GiB,0.10%,0B / 0B,0B / 2.15MB,20
2026-07-31 00:01:49,domain_bridge,0.47%,54.89MiB / 30.66GiB,0.17%,0B / 0B,0B / 5.07MB,28
2026-07-31 00:01:49,realsense,17.00%,93.95MiB / 30.66GiB,0.30%,0B / 0B,0B / 3.29MB,33
2026-07-31 00:01:49,nav2,6.28%,183.2MiB / 30.66GiB,0.58%,0B / 0B,0B / 1.22MB,93
2026-07-31 00:01:52,trav_ros2,101.69%,373MiB / 30.66GiB,1.19%,0B / 0B,0B / 1.62MB,44
2026-07-31 00:01:52,foxglove,11.98%,459.7MiB / 30.66GiB,1.46%,0B / 0B,0B / 3.3MB,31
2026-07-31 00:01:52,docker-recorder-run-9b85dfd0d458,0.00%,10.29MiB / 30.66GiB,0.03%,0B / 0B,0B / 9.64MB,1
2026-07-31 00:01:52,glim,80.05%,309.1MiB / 30.66GiB,0.98%,0B / 0B,0B / 11.6MB,35
2026-07-31 00:01:52,ouster,7.13%,118.1MiB / 30.66GiB,0.38%,0B / 0B,0B / 3.01MB,29
2026-07-31 00:01:52,mapir-ffmpeg,28.50%,167.7MiB / 30.66GiB,0.53%,0B / 0B,0B / 1.36MB,33
2026-07-31 00:01:52,scovox,74.85%,317.8MiB / 30.66GiB,1.01%,0B / 0B,0B / 3.81MB,53
2026-07-31 00:01:52,openzen,3.04%,32.07MiB / 30.66GiB,0.10%,0B / 0B,0B / 2.15MB,20
2026-07-31 00:01:52,domain_bridge,0.97%,55.33MiB / 30.66GiB,0.18%,0B / 0B,0B / 5.07MB,28
2026-07-31 00:01:52,realsense,17.00%,93.96MiB / 30.66GiB,0.30%,0B / 0B,0B / 3.29MB,33
2026-07-31 00:01:52,nav2,6.40%,182.9MiB / 30.66GiB,0.58%,0B / 0B,0B / 1.22MB,93
2026-07-31 00:01:55,trav_ros2,101.63%,373.5MiB / 30.66GiB,1.19%,0B / 0B,0B / 1.62MB,44
2026-07-31 00:01:55,foxglove,11.78%,460.1MiB / 30.66GiB,1.47%,0B / 0B,0B / 3.3MB,31
2026-07-31 00:01:55,docker-recorder-run-9b85dfd0d458,0.00%,10.29MiB / 30.66GiB,0.03%,0B / 0B,0B / 9.64MB,1
2026-07-31 00:01:55,glim,82.81%,309.2MiB / 30.66GiB,0.98%,0B / 0B,0B / 11.6MB,35
2026-07-31 00:01:55,ouster,6.97%,118.1MiB / 30.66GiB,0.38%,0B / 0B,0B / 3.01MB,29
2026-07-31 00:01:55,mapir-ffmpeg,29.54%,167.3MiB / 30.66GiB,0.53%,0B / 0B,0B / 1.36MB,33
2026-07-31 00:01:55,scovox,59.11%,350.9MiB / 30.66GiB,1.12%,0B / 0B,0B / 3.89MB,53
2026-07-31 00:01:55,openzen,3.08%,32.6MiB / 30.66GiB,0.10%,0B / 0B,0B / 2.15MB,20
2026-07-31 00:01:55,domain_bridge,0.14%,54.48MiB / 30.66GiB,0.17%,0B / 0B,0B / 5.07MB,28
2026-07-31 00:01:55,realsense,17.38%,93.74MiB / 30.66GiB,0.30%,0B / 0B,0B / 3.29MB,33
2026-07-31 00:01:55,nav2,6.43%,183.7MiB / 30.66GiB,0.59%,0B / 0B,0B / 1.22MB,93
2026-07-31 00:01:59,trav_ros2,101.71%,373.2MiB / 30.66GiB,1.19%,0B / 0B,0B / 1.62MB,44
2026-07-31 00:01:59,foxglove,12.07%,460.2MiB / 30.66GiB,1.47%,0B / 0B,0B / 3.3MB,31
2026-07-31 00:01:59,docker-recorder-run-9b85dfd0d458,0.00%,10.29MiB / 30.66GiB,0.03%,0B / 0B,0B / 9.64MB,1
2026-07-31 00:01:59,glim,82.65%,313.7MiB / 30.66GiB,1.00%,0B / 0B,0B / 11.6MB,35
2026-07-31 00:01:59,ouster,7.58%,118.1MiB / 30.66GiB,0.38%,0B / 0B,0B / 3.01MB,29
2026-07-31 00:01:59,mapir-ffmpeg,28.70%,167.1MiB / 30.66GiB,0.53%,0B / 0B,0B / 1.36MB,33
2026-07-31 00:01:59,scovox,80.75%,319.1MiB / 30.66GiB,1.02%,0B / 0B,0B / 3.89MB,53
2026-07-31 00:01:59,openzen,2.96%,31.9MiB / 30.66GiB,0.10%,0B / 0B,0B / 2.15MB,20
2026-07-31 00:01:59,domain_bridge,0.26%,55.12MiB / 30.66GiB,0.18%,0B / 0B,0B / 5.07MB,28
2026-07-31 00:01:59,realsense,17.28%,94.03MiB / 30.66GiB,0.30%,0B / 0B,0B / 3.29MB,33
2026-07-31 00:01:59,nav2,6.63%,182.9MiB / 30.66GiB,0.58%,0B / 0B,0B / 1.22MB,93
2026-07-31 00:02:02,trav_ros2,101.56%,373.2MiB / 30.66GiB,1.19%,0B / 0B,0B / 1.64MB,44
2026-07-31 00:02:02,foxglove,11.64%,459.8MiB / 30.66GiB,1.46%,0B / 0B,0B / 3.3MB,31
2026-07-31 00:02:02,docker-recorder-run-9b85dfd0d458,0.00%,10.29MiB / 30.66GiB,0.03%,0B / 0B,0B / 9.64MB,1
2026-07-31 00:02:02,glim,80.80%,313.2MiB / 30.66GiB,1.00%,0B / 0B,0B / 11.6MB,35
2026-07-31 00:02:02,ouster,7.33%,118MiB / 30.66GiB,0.38%,0B / 0B,0B / 3.01MB,29
2026-07-31 00:02:02,mapir-ffmpeg,28.78%,167.4MiB / 30.66GiB,0.53%,0B / 0B,0B / 1.36MB,33
2026-07-31 00:02:02,scovox,57.46%,360.2MiB / 30.66GiB,1.15%,0B / 0B,0B / 3.89MB,53
2026-07-31 00:02:02,openzen,3.08%,32.17MiB / 30.66GiB,0.10%,0B / 0B,0B / 2.15MB,20
2026-07-31 00:02:02,domain_bridge,0.80%,56.08MiB / 30.66GiB,0.18%,0B / 0B,0B / 5.07MB,28
2026-07-31 00:02:02,realsense,16.91%,94.05MiB / 30.66GiB,0.30%,0B / 0B,0B / 3.29MB,33
2026-07-31 00:02:02,nav2,7.21%,183.8MiB / 30.66GiB,0.59%,0B / 0B,0B / 1.22MB,93
2026-07-31 00:02:05,trav_ros2,100.22%,408.6MiB / 30.66GiB,1.30%,0B / 0B,0B / 1.64MB,44
2026-07-31 00:02:05,foxglove,11.14%,459.7MiB / 30.66GiB,1.46%,0B / 0B,0B / 3.3MB,31
2026-07-31 00:02:05,docker-recorder-run-9b85dfd0d458,0.00%,10.29MiB / 30.66GiB,0.03%,0B / 0B,0B / 9.64MB,1
2026-07-31 00:02:05,glim,79.06%,303.2MiB / 30.66GiB,0.97%,0B / 0B,0B / 11.6MB,35
2026-07-31 00:02:05,ouster,6.98%,118.6MiB / 30.66GiB,0.38%,0B / 0B,0B / 3.01MB,29
2026-07-31 00:02:05,mapir-ffmpeg,28.04%,167.5MiB / 30.66GiB,0.53%,0B / 0B,0B / 1.38MB,33
2026-07-31 00:02:05,scovox,76.40%,318.8MiB / 30.66GiB,1.02%,0B / 0B,0B / 3.89MB,53
2026-07-31 00:02:05,openzen,3.21%,31.97MiB / 30.66GiB,0.10%,0B / 0B,0B / 2.15MB,20
2026-07-31 00:02:05,domain_bridge,0.42%,54.84MiB / 30.66GiB,0.17%,0B / 0B,0B / 5.07MB,28
2026-07-31 00:02:05,realsense,16.66%,94.1MiB / 30.66GiB,0.30%,0B / 0B,0B / 3.29MB,33
2026-07-31 00:02:05,nav2,6.23%,182.9MiB / 30.66GiB,0.58%,0B / 0B,0B / 1.22MB,93
2026-07-31 00:02:08,trav_ros2,99.48%,374MiB / 30.66GiB,1.19%,0B / 0B,0B / 1.64MB,44
2026-07-31 00:02:08,foxglove,11.59%,459.7MiB / 30.66GiB,1.46%,0B / 0B,0B / 3.3MB,31
2026-07-31 00:02:08,docker-recorder-run-9b85dfd0d458,0.00%,10.29MiB / 30.66GiB,0.03%,0B / 0B,0B / 9.64MB,1
2026-07-31 00:02:08,glim,74.63%,303.3MiB / 30.66GiB,0.97%,0B / 0B,0B / 11.6MB,35
2026-07-31 00:02:08,ouster,6.85%,117.9MiB / 30.66GiB,0.38%,0B / 0B,0B / 3.01MB,29
2026-07-31 00:02:08,mapir-ffmpeg,28.00%,167.8MiB / 30.66GiB,0.53%,0B / 0B,0B / 1.38MB,33
2026-07-31 00:02:08,scovox,71.59%,319.1MiB / 30.66GiB,1.02%,0B / 0B,0B / 3.9MB,53
2026-07-31 00:02:08,openzen,3.08%,31.98MiB / 30.66GiB,0.10%,0B / 0B,0B / 2.15MB,20
2026-07-31 00:02:08,domain_bridge,0.80%,55.27MiB / 30.66GiB,0.18%,0B / 0B,0B / 5.07MB,28
2026-07-31 00:02:08,realsense,16.87%,93.87MiB / 30.66GiB,0.30%,0B / 0B,0B / 3.29MB,33
2026-07-31 00:02:08,nav2,6.20%,182.7MiB / 30.66GiB,0.58%,0B / 0B,0B / 1.23MB,93
2026-07-31 00:02:11,trav_ros2,101.70%,374.3MiB / 30.66GiB,1.19%,0B / 0B,0B / 1.64MB,44
2026-07-31 00:02:11,foxglove,12.33%,459.7MiB / 30.66GiB,1.46%,0B / 0B,0B / 3.3MB,31
2026-07-31 00:02:11,docker-recorder-run-9b85dfd0d458,0.00%,10.29MiB / 30.66GiB,0.03%,0B / 0B,0B / 9.64MB,1
2026-07-31 00:02:11,glim,83.51%,313.5MiB / 30.66GiB,1.00%,0B / 0B,0B / 11.6MB,35
2026-07-31 00:02:11,ouster,7.14%,118.1MiB / 30.66GiB,0.38%,0B / 0B,0B / 3.01MB,29
2026-07-31 00:02:11,mapir-ffmpeg,28.76%,167.9MiB / 30.66GiB,0.53%,0B / 0B,0B / 1.38MB,33
2026-07-31 00:02:11,scovox,59.33%,349.9MiB / 30.66GiB,1.11%,0B / 0B,0B / 3.9MB,53
2026-07-31 00:02:11,openzen,3.25%,32.26MiB / 30.66GiB,0.10%,0B / 0B,0B / 2.15MB,20
2026-07-31 00:02:11,domain_bridge,0.21%,54.97MiB / 30.66GiB,0.18%,0B / 0B,0B / 5.07MB,28
2026-07-31 00:02:11,realsense,17.48%,93.9MiB / 30.66GiB,0.30%,0B / 0B,0B / 3.29MB,33
2026-07-31 00:02:11,nav2,6.45%,183.9MiB / 30.66GiB,0.59%,0B / 0B,0B / 1.23MB,93
2026-07-31 00:02:15,trav_ros2,101.16%,374.3MiB / 30.66GiB,1.19%,0B / 0B,0B / 1.64MB,44
2026-07-31 00:02:15,foxglove,10.97%,451.7MiB / 30.66GiB,1.44%,0B / 0B,0B / 3.3MB,31
2026-07-31 00:02:15,docker-recorder-run-9b85dfd0d458,0.00%,10.29MiB / 30.66GiB,0.03%,0B / 0B,0B / 9.64MB,1
2026-07-31 00:02:15,glim,80.80%,320.8MiB / 30.66GiB,1.02%,0B / 0B,0B / 11.6MB,35
2026-07-31 00:02:15,ouster,7.18%,118.3MiB / 30.66GiB,0.38%,0B / 0B,0B / 3.01MB,29
2026-07-31 00:02:15,mapir-ffmpeg,28.72%,167.7MiB / 30.66GiB,0.53%,0B / 0B,0B / 1.38MB,33
2026-07-31 00:02:15,scovox,81.36%,319.7MiB / 30.66GiB,1.02%,0B / 0B,0B / 3.9MB,53
2026-07-31 00:02:15,openzen,3.43%,32.05MiB / 30.66GiB,0.10%,0B / 0B,0B / 2.15MB,20
2026-07-31 00:02:15,domain_bridge,0.23%,55.38MiB / 30.66GiB,0.18%,0B / 0B,0B / 5.07MB,28
2026-07-31 00:02:15,realsense,17.58%,94.19MiB / 30.66GiB,0.30%,0B / 0B,0B / 3.29MB,33
2026-07-31 00:02:15,nav2,6.11%,175.5MiB / 30.66GiB,0.56%,0B / 0B,0B / 1.23MB,93
2026-07-31 00:02:18,trav_ros2,101.62%,373.2MiB / 30.66GiB,1.19%,0B / 0B,0B / 1.64MB,44
2026-07-31 00:02:18,foxglove,12.11%,459.8MiB / 30.66GiB,1.46%,0B / 0B,0B / 3.3MB,31
2026-07-31 00:02:18,docker-recorder-run-9b85dfd0d458,0.00%,10.29MiB / 30.66GiB,0.03%,0B / 0B,0B / 9.64MB,1
2026-07-31 00:02:18,glim,78.11%,320.3MiB / 30.66GiB,1.02%,0B / 0B,0B / 11.6MB,35
2026-07-31 00:02:18,ouster,7.81%,118.2MiB / 30.66GiB,0.38%,0B / 0B,0B / 3.01MB,29
2026-07-31 00:02:18,mapir-ffmpeg,27.89%,167.7MiB / 30.66GiB,0.53%,0B / 0B,0B / 1.38MB,33
2026-07-31 00:02:18,scovox,59.20%,359.3MiB / 30.66GiB,1.14%,0B / 0B,0B / 3.9MB,53
2026-07-31 00:02:18,openzen,3.49%,32.32MiB / 30.66GiB,0.10%,0B / 0B,0B / 2.15MB,20
2026-07-31 00:02:18,domain_bridge,0.76%,55.04MiB / 30.66GiB,0.18%,0B / 0B,0B / 5.07MB,28
2026-07-31 00:02:18,realsense,17.09%,93.97MiB / 30.66GiB,0.30%,0B / 0B,0B / 3.29MB,33
2026-07-31 00:02:18,nav2,7.19%,184.6MiB / 30.66GiB,0.59%,0B / 0B,0B / 1.23MB,93
2026-07-31 00:02:21,trav_ros2,100.17%,373MiB / 30.66GiB,1.19%,0B / 0B,0B / 1.64MB,44
2026-07-31 00:02:21,foxglove,11.13%,460.1MiB / 30.66GiB,1.47%,0B / 0B,0B / 3.3MB,31
2026-07-31 00:02:21,docker-recorder-run-9b85dfd0d458,0.00%,10.29MiB / 30.66GiB,0.03%,0B / 0B,0B / 9.64MB,1
2026-07-31 00:02:21,glim,77.89%,310.6MiB / 30.66GiB,0.99%,0B / 0B,0B / 11.6MB,35
2026-07-31 00:02:21,ouster,6.93%,118.5MiB / 30.66GiB,0.38%,0B / 0B,0B / 3.01MB,29
2026-07-31 00:02:21,mapir-ffmpeg,28.06%,168.1MiB / 30.66GiB,0.54%,0B / 0B,0B / 1.38MB,33
2026-07-31 00:02:21,scovox,80.57%,320.2MiB / 30.66GiB,1.02%,0B / 0B,0B / 3.9MB,53
2026-07-31 00:02:21,openzen,3.02%,32.13MiB / 30.66GiB,0.10%,0B / 0B,0B / 2.15MB,20
2026-07-31 00:02:21,domain_bridge,0.43%,55.17MiB / 30.66GiB,0.18%,0B / 0B,0B / 5.07MB,28
2026-07-31 00:02:21,realsense,16.85%,94.51MiB / 30.66GiB,0.30%,0B / 0B,0B / 3.29MB,33
2026-07-31 00:02:21,nav2,6.08%,183.2MiB / 30.66GiB,0.58%,0B / 0B,0B / 1.23MB,93
2026-07-31 00:02:24,trav_ros2,101.29%,373.2MiB / 30.66GiB,1.19%,0B / 0B,0B / 1.64MB,44
2026-07-31 00:02:24,foxglove,11.41%,459.9MiB / 30.66GiB,1.46%,0B / 0B,0B / 3.3MB,31
2026-07-31 00:02:24,docker-recorder-run-9b85dfd0d458,0.00%,10.29MiB / 30.66GiB,0.03%,0B / 0B,0B / 9.64MB,1
2026-07-31 00:02:24,glim,82.68%,310.8MiB / 30.66GiB,0.99%,0B / 0B,0B / 11.6MB,35
2026-07-31 00:02:24,ouster,6.89%,118.6MiB / 30.66GiB,0.38%,0B / 0B,0B / 3.01MB,29
2026-07-31 00:02:24,mapir-ffmpeg,28.14%,167.8MiB / 30.66GiB,0.53%,0B / 0B,0B / 1.38MB,33
2026-07-31 00:02:24,scovox,67.37%,364.2MiB / 30.66GiB,1.16%,0B / 0B,0B / 3.9MB,53
2026-07-31 00:02:24,openzen,3.06%,32.14MiB / 30.66GiB,0.10%,0B / 0B,0B / 2.15MB,20
2026-07-31 00:02:24,domain_bridge,0.57%,55.08MiB / 30.66GiB,0.18%,0B / 0B,0B / 5.07MB,28
2026-07-31 00:02:24,realsense,17.12%,94.28MiB / 30.66GiB,0.30%,0B / 0B,0B / 3.29MB,33
2026-07-31 00:02:24,nav2,6.07%,183.6MiB / 30.66GiB,0.58%,0B / 0B,0B / 1.23MB,93
2026-07-31 00:02:27,trav_ros2,101.85%,407.2MiB / 30.66GiB,1.30%,0B / 0B,0B / 1.64MB,44
2026-07-31 00:02:27,foxglove,12.30%,459.8MiB / 30.66GiB,1.46%,0B / 0B,0B / 3.3MB,31
2026-07-31 00:02:27,docker-recorder-run-9b85dfd0d458,0.00%,10.29MiB / 30.66GiB,0.03%,0B / 0B,0B / 9.64MB,1
2026-07-31 00:02:27,glim,81.01%,315MiB / 30.66GiB,1.00%,0B / 0B,0B / 11.6MB,35
2026-07-31 00:02:27,ouster,7.09%,119MiB / 30.66GiB,0.38%,0B / 0B,0B / 3.01MB,29
2026-07-31 00:02:27,mapir-ffmpeg,28.80%,168.4MiB / 30.66GiB,0.54%,0B / 0B,0B / 1.38MB,33
2026-07-31 00:02:27,scovox,70.64%,348.1MiB / 30.66GiB,1.11%,0B / 0B,0B / 3.99MB,53
2026-07-31 00:02:27,openzen,3.28%,32.42MiB / 30.66GiB,0.10%,0B / 0B,0B / 2.15MB,20
2026-07-31 00:02:27,domain_bridge,0.23%,55.38MiB / 30.66GiB,0.18%,0B / 0B,0B / 5.07MB,28
2026-07-31 00:02:27,realsense,17.08%,94.31MiB / 30.66GiB,0.30%,0B / 0B,0B / 3.29MB,33
2026-07-31 00:02:27,nav2,6.54%,184.2MiB / 30.66GiB,0.59%,0B / 0B,0B / 1.23MB,93
2026-07-31 00:02:30,trav_ros2,101.53%,373.2MiB / 30.66GiB,1.19%,0B / 0B,0B / 1.64MB,44
2026-07-31 00:02:30,foxglove,12.04%,460MiB / 30.66GiB,1.47%,0B / 0B,0B / 3.3MB,31
2026-07-31 00:02:30,docker-recorder-run-9b85dfd0d458,0.00%,10.29MiB / 30.66GiB,0.03%,0B / 0B,0B / 9.64MB,1
2026-07-31 00:02:30,glim,80.18%,323.4MiB / 30.66GiB,1.03%,0B / 0B,0B / 11.6MB,35
2026-07-31 00:02:30,ouster,7.38%,119MiB / 30.66GiB,0.38%,0B / 0B,0B / 3.01MB,29
2026-07-31 00:02:30,mapir-ffmpeg,27.88%,167.9MiB / 30.66GiB,0.53%,0B / 0B,0B / 1.38MB,33
2026-07-31 00:02:30,scovox,85.33%,320.3MiB / 30.66GiB,1.02%,0B / 0B,0B / 3.99MB,53
2026-07-31 00:02:30,openzen,3.11%,32.21MiB / 30.66GiB,0.10%,0B / 0B,0B / 2.15MB,20
2026-07-31 00:02:30,domain_bridge,0.26%,55.45MiB / 30.66GiB,0.18%,0B / 0B,0B / 5.07MB,28
2026-07-31 00:02:30,realsense,16.76%,94.11MiB / 30.66GiB,0.30%,0B / 0B,0B / 3.29MB,33
2026-07-31 00:02:30,nav2,6.52%,183.4MiB / 30.66GiB,0.58%,0B / 0B,0B / 1.23MB,93
2026-07-31 00:02:34,trav_ros2,101.38%,373.3MiB / 30.66GiB,1.19%,0B / 0B,0B / 1.66MB,44
2026-07-31 00:02:34,foxglove,11.56%,460.6MiB / 30.66GiB,1.47%,0B / 0B,0B / 3.3MB,31
2026-07-31 00:02:34,docker-recorder-run-9b85dfd0d458,0.00%,10.29MiB / 30.66GiB,0.03%,0B / 0B,0B / 9.64MB,1
2026-07-31 00:02:34,glim,81.79%,323.6MiB / 30.66GiB,1.03%,0B / 0B,0B / 11.6MB,35
2026-07-31 00:02:34,ouster,7.36%,118.7MiB / 30.66GiB,0.38%,0B / 0B,0B / 3.01MB,29
2026-07-31 00:02:34,mapir-ffmpeg,27.74%,168.2MiB / 30.66GiB,0.54%,0B / 0B,0B / 1.38MB,33
2026-07-31 00:02:34,scovox,58.59%,355.1MiB / 30.66GiB,1.13%,0B / 0B,0B / 3.99MB,53
2026-07-31 00:02:34,openzen,3.34%,32.48MiB / 30.66GiB,0.10%,0B / 0B,0B / 2.15MB,20
2026-07-31 00:02:34,domain_bridge,0.50%,55.47MiB / 30.66GiB,0.18%,0B / 0B,0B / 5.07MB,28
2026-07-31 00:02:34,realsense,17.45%,94.12MiB / 30.66GiB,0.30%,0B / 0B,0B / 3.29MB,33
2026-07-31 00:02:34,nav2,6.65%,181.1MiB / 30.66GiB,0.58%,0B / 0B,0B / 1.23MB,93
2026-07-31 00:02:37,trav_ros2,100.77%,373.4MiB / 30.66GiB,1.19%,0B / 0B,0B / 1.66MB,44
2026-07-31 00:02:37,foxglove,11.87%,459.9MiB / 30.66GiB,1.46%,0B / 0B,0B / 3.3MB,31
2026-07-31 00:02:37,docker-recorder-run-9b85dfd0d458,0.00%,10.29MiB / 30.66GiB,0.03%,0B / 0B,0B / 9.64MB,1
2026-07-31 00:02:37,glim,74.61%,313.6MiB / 30.66GiB,1.00%,0B / 0B,0B / 11.6MB,35
2026-07-31 00:02:37,ouster,7.03%,118.7MiB / 30.66GiB,0.38%,0B / 0B,0B / 3.01MB,29
2026-07-31 00:02:37,mapir-ffmpeg,29.08%,168.2MiB / 30.66GiB,0.54%,0B / 0B,0B / 1.38MB,33
2026-07-31 00:02:37,scovox,82.72%,320.9MiB / 30.66GiB,1.02%,0B / 0B,0B / 4MB,53
2026-07-31 00:02:37,openzen,3.26%,32.52MiB / 30.66GiB,0.10%,0B / 0B,0B / 2.15MB,20
2026-07-31 00:02:37,domain_bridge,0.52%,55.18MiB / 30.66GiB,0.18%,0B / 0B,0B / 5.07MB,28
2026-07-31 00:02:37,realsense,16.96%,94.17MiB / 30.66GiB,0.30%,0B / 0B,0B / 3.29MB,33
2026-07-31 00:02:37,nav2,6.85%,188.2MiB / 30.66GiB,0.60%,0B / 0B,0B / 1.23MB,93
2026-07-31 00:02:40,trav_ros2,100.91%,373.7MiB / 30.66GiB,1.19%,0B / 0B,0B / 1.66MB,44
2026-07-31 00:02:40,foxglove,11.92%,460.1MiB / 30.66GiB,1.47%,0B / 0B,0B / 3.3MB,31
2026-07-31 00:02:40,docker-recorder-run-9b85dfd0d458,0.00%,10.29MiB / 30.66GiB,0.03%,0B / 0B,0B / 9.64MB,1
2026-07-31 00:02:40,glim,81.61%,313.8MiB / 30.66GiB,1.00%,0B / 0B,0B / 11.6MB,35
2026-07-31 00:02:40,ouster,6.94%,118.6MiB / 30.66GiB,0.38%,0B / 0B,0B / 3.01MB,29
2026-07-31 00:02:40,mapir-ffmpeg,28.05%,167.8MiB / 30.66GiB,0.53%,0B / 0B,0B / 1.39MB,33
2026-07-31 00:02:40,scovox,61.84%,360.4MiB / 30.66GiB,1.15%,0B / 0B,0B / 4MB,53
2026-07-31 00:02:40,openzen,3.29%,32.29MiB / 30.66GiB,0.10%,0B / 0B,0B / 2.15MB,20
2026-07-31 00:02:40,domain_bridge,0.15%,55.2MiB / 30.66GiB,0.18%,0B / 0B,0B / 5.07MB,28
2026-07-31 00:02:40,realsense,17.15%,94.18MiB / 30.66GiB,0.30%,0B / 0B,0B / 3.29MB,33
2026-07-31 00:02:40,nav2,6.39%,183.6MiB / 30.66GiB,0.58%,0B / 0B,0B / 1.23MB,93
2026-07-31 00:02:43,trav_ros2,102.19%,373.4MiB / 30.66GiB,1.19%,0B / 0B,0B / 1.66MB,44
2026-07-31 00:02:43,foxglove,11.30%,459.7MiB / 30.66GiB,1.46%,0B / 0B,0B / 3.3MB,31
2026-07-31 00:02:43,docker-recorder-run-9b85dfd0d458,0.00%,10.29MiB / 30.66GiB,0.03%,0B / 0B,0B / 9.64MB,1
2026-07-31 00:02:43,glim,83.88%,317.8MiB / 30.66GiB,1.01%,0B / 0B,0B / 11.6MB,35
2026-07-31 00:02:43,ouster,7.14%,119.2MiB / 30.66GiB,0.38%,0B / 0B,0B / 3.01MB,29
2026-07-31 00:02:43,mapir-ffmpeg,28.13%,168MiB / 30.66GiB,0.54%,0B / 0B,0B / 1.39MB,33
2026-07-31 00:02:43,scovox,61.47%,321.1MiB / 30.66GiB,1.02%,0B / 0B,0B / 4MB,53
2026-07-31 00:02:43,openzen,3.38%,32.33MiB / 30.66GiB,0.10%,0B / 0B,0B / 2.15MB,20
2026-07-31 00:02:43,domain_bridge,0.30%,54.96MiB / 30.66GiB,0.18%,0B / 0B,0B / 5.07MB,28
2026-07-31 00:02:43,realsense,17.42%,94.46MiB / 30.66GiB,0.30%,0B / 0B,0B / 3.29MB,33
2026-07-31 00:02:43,nav2,6.34%,180.7MiB / 30.66GiB,0.58%,0B / 0B,0B / 1.25MB,93
2026-07-31 00:02:46,trav_ros2,100.69%,374.3MiB / 30.66GiB,1.19%,0B / 0B,0B / 1.66MB,44
2026-07-31 00:02:46,foxglove,12.04%,460MiB / 30.66GiB,1.47%,0B / 0B,0B / 3.3MB,31
2026-07-31 00:02:46,docker-recorder-run-9b85dfd0d458,0.00%,10.29MiB / 30.66GiB,0.03%,0B / 0B,0B / 9.64MB,1
2026-07-31 00:02:46,glim,78.72%,319.4MiB / 30.66GiB,1.02%,0B / 0B,0B / 11.6MB,35
2026-07-31 00:02:46,ouster,6.82%,118.7MiB / 30.66GiB,0.38%,0B / 0B,0B / 3.01MB,29
2026-07-31 00:02:46,mapir-ffmpeg,28.82%,167.8MiB / 30.66GiB,0.53%,0B / 0B,0B / 1.39MB,33
2026-07-31 00:02:46,scovox,72.31%,320.2MiB / 30.66GiB,1.02%,0B / 0B,0B / 4MB,53
2026-07-31 00:02:46,openzen,3.24%,32.37MiB / 30.66GiB,0.10%,0B / 0B,0B / 2.15MB,20
2026-07-31 00:02:46,domain_bridge,0.62%,55.91MiB / 30.66GiB,0.18%,0B / 0B,0B / 5.07MB,28
2026-07-31 00:02:46,realsense,17.01%,94.76MiB / 30.66GiB,0.30%,0B / 0B,0B / 3.29MB,33
2026-07-31 00:02:46,nav2,6.28%,183.5MiB / 30.66GiB,0.58%,0B / 0B,0B / 1.25MB,93
2026-07-31 00:02:50,trav_ros2,101.48%,373.9MiB / 30.66GiB,1.19%,0B / 0B,0B / 1.66MB,44
2026-07-31 00:02:50,foxglove,11.66%,452.3MiB / 30.66GiB,1.44%,0B / 0B,0B / 3.3MB,31
2026-07-31 00:02:50,docker-recorder-run-9b85dfd0d458,0.00%,10.29MiB / 30.66GiB,0.03%,0B / 0B,0B / 9.64MB,1
2026-07-31 00:02:50,glim,82.51%,319.9MiB / 30.66GiB,1.02%,0B / 0B,0B / 11.6MB,35
2026-07-31 00:02:50,ouster,6.87%,118.8MiB / 30.66GiB,0.38%,0B / 0B,0B / 3.01MB,29
2026-07-31 00:02:50,mapir-ffmpeg,29.00%,168.1MiB / 30.66GiB,0.54%,0B / 0B,0B / 1.39MB,33
2026-07-31 00:02:50,scovox,59.01%,356MiB / 30.66GiB,1.13%,0B / 0B,0B / 4MB,53
2026-07-31 00:02:50,openzen,3.02%,32.38MiB / 30.66GiB,0.10%,0B / 0B,0B / 2.15MB,20
2026-07-31 00:02:50,domain_bridge,0.23%,55.58MiB / 30.66GiB,0.18%,0B / 0B,0B / 5.07MB,28
2026-07-31 00:02:50,realsense,17.01%,94.51MiB / 30.66GiB,0.30%,0B / 0B,0B / 3.29MB,33
2026-07-31 00:02:50,nav2,5.82%,184.3MiB / 30.66GiB,0.59%,0B / 0B,0B / 1.25MB,93
2026-07-31 00:02:53,trav_ros2,101.81%,374.3MiB / 30.66GiB,1.19%,0B / 0B,0B / 1.66MB,44
2026-07-31 00:02:53,foxglove,12.19%,459.9MiB / 30.66GiB,1.46%,0B / 0B,0B / 3.3MB,31
2026-07-31 00:02:53,docker-recorder-run-9b85dfd0d458,0.00%,10.29MiB / 30.66GiB,0.03%,0B / 0B,0B / 9.64MB,1
2026-07-31 00:02:53,glim,80.07%,319.8MiB / 30.66GiB,1.02%,0B / 0B,0B / 11.6MB,35
2026-07-31 00:02:53,ouster,7.24%,118.9MiB / 30.66GiB,0.38%,0B / 0B,0B / 3.01MB,29
2026-07-31 00:02:53,mapir-ffmpeg,28.62%,167.9MiB / 30.66GiB,0.53%,0B / 0B,0B / 1.39MB,33
2026-07-31 00:02:53,scovox,82.23%,320.6MiB / 30.66GiB,1.02%,0B / 0B,0B / 4MB,53
2026-07-31 00:02:53,openzen,3.10%,32.44MiB / 30.66GiB,0.10%,0B / 0B,0B / 2.15MB,20
2026-07-31 00:02:53,domain_bridge,0.62%,55.24MiB / 30.66GiB,0.18%,0B / 0B,0B / 5.07MB,28
2026-07-31 00:02:53,realsense,17.50%,94.58MiB / 30.66GiB,0.30%,0B / 0B,0B / 3.29MB,33
2026-07-31 00:02:53,nav2,6.59%,184.1MiB / 30.66GiB,0.59%,0B / 0B,0B / 1.25MB,93
2026-07-31 00:02:56,trav_ros2,101.89%,374.2MiB / 30.66GiB,1.19%,0B / 0B,0B / 1.66MB,44
2026-07-31 00:02:56,foxglove,12.55%,459.7MiB / 30.66GiB,1.46%,0B / 0B,0B / 3.3MB,31
2026-07-31 00:02:56,docker-recorder-run-9b85dfd0d458,0.00%,10.29MiB / 30.66GiB,0.03%,0B / 0B,0B / 9.64MB,1
2026-07-31 00:02:56,glim,87.58%,295.7MiB / 30.66GiB,0.94%,0B / 0B,0B / 11.6MB,35
2026-07-31 00:02:56,ouster,6.97%,118.7MiB / 30.66GiB,0.38%,0B / 0B,0B / 3.01MB,29
2026-07-31 00:02:56,mapir-ffmpeg,28.57%,167.9MiB / 30.66GiB,0.53%,0B / 0B,0B / 1.39MB,33
2026-07-31 00:02:56,scovox,57.44%,362.3MiB / 30.66GiB,1.15%,0B / 0B,0B / 4MB,53
2026-07-31 00:02:56,openzen,3.14%,32.45MiB / 30.66GiB,0.10%,0B / 0B,0B / 2.15MB,20
2026-07-31 00:02:56,domain_bridge,0.16%,55.62MiB / 30.66GiB,0.18%,0B / 0B,0B / 5.07MB,28
2026-07-31 00:02:56,realsense,17.38%,94.59MiB / 30.66GiB,0.30%,0B / 0B,0B / 3.29MB,33
2026-07-31 00:02:56,nav2,6.52%,183.8MiB / 30.66GiB,0.59%,0B / 0B,0B / 1.25MB,93
2026-07-31 00:02:59,trav_ros2,101.96%,374.4MiB / 30.66GiB,1.19%,0B / 0B,0B / 1.66MB,44
2026-07-31 00:02:59,foxglove,12.16%,460.3MiB / 30.66GiB,1.47%,0B / 0B,0B / 3.3MB,31
2026-07-31 00:02:59,docker-recorder-run-9b85dfd0d458,0.00%,10.29MiB / 30.66GiB,0.03%,0B / 0B,0B / 9.64MB,1
2026-07-31 00:02:59,glim,83.87%,297.1MiB / 30.66GiB,0.95%,0B / 0B,0B / 11.6MB,35
2026-07-31 00:02:59,ouster,7.26%,119.5MiB / 30.66GiB,0.38%,0B / 0B,0B / 3.01MB,29
2026-07-31 00:02:59,mapir-ffmpeg,28.78%,168.2MiB / 30.66GiB,0.54%,0B / 0B,0B / 1.39MB,33
2026-07-31 00:02:59,scovox,76.73%,320.7MiB / 30.66GiB,1.02%,0B / 0B,0B / 4MB,53
2026-07-31 00:02:59,openzen,3.24%,32.73MiB / 30.66GiB,0.10%,0B / 0B,0B / 2.15MB,20
2026-07-31 00:02:59,domain_bridge,0.33%,55.57MiB / 30.66GiB,0.18%,0B / 0B,0B / 5.07MB,28
2026-07-31 00:02:59,realsense,17.73%,94.38MiB / 30.66GiB,0.30%,0B / 0B,0B / 3.29MB,33
2026-07-31 00:02:59,nav2,6.45%,184.4MiB / 30.66GiB,0.59%,0B / 0B,0B / 1.25MB,93
2026-07-31 00:03:02,trav_ros2,101.33%,374.8MiB / 30.66GiB,1.19%,0B / 0B,0B / 1.66MB,44
2026-07-31 00:03:02,foxglove,11.86%,460.1MiB / 30.66GiB,1.47%,0B / 0B,0B / 3.3MB,31
2026-07-31 00:03:02,docker-recorder-run-9b85dfd0d458,0.00%,10.29MiB / 30.66GiB,0.03%,0B / 0B,0B / 9.64MB,1
2026-07-31 00:03:02,glim,79.03%,302.4MiB / 30.66GiB,0.96%,0B / 0B,0B / 11.6MB,35
2026-07-31 00:03:02,ouster,7.18%,118.9MiB / 30.66GiB,0.38%,0B / 0B,0B / 3.01MB,29
2026-07-31 00:03:02,mapir-ffmpeg,28.04%,168.2MiB / 30.66GiB,0.54%,0B / 0B,0B / 1.39MB,33
2026-07-31 00:03:02,scovox,73.77%,320.8MiB / 30.66GiB,1.02%,0B / 0B,0B / 4.09MB,53
2026-07-31 00:03:02,openzen,2.60%,32.53MiB / 30.66GiB,0.10%,0B / 0B,0B / 2.15MB,20
2026-07-31 00:03:02,domain_bridge,0.25%,56.07MiB / 30.66GiB,0.18%,0B / 0B,0B / 5.07MB,28
2026-07-31 00:03:02,realsense,17.69%,94.42MiB / 30.66GiB,0.30%,0B / 0B,0B / 3.29MB,33
2026-07-31 00:03:02,nav2,6.06%,184.2MiB / 30.66GiB,0.59%,0B / 0B,0B / 1.25MB,93
2026-07-31 00:03:05,trav_ros2,101.83%,374.1MiB / 30.66GiB,1.19%,0B / 0B,0B / 1.68MB,44
2026-07-31 00:03:05,foxglove,10.88%,451.9MiB / 30.66GiB,1.44%,0B / 0B,0B / 3.3MB,31
2026-07-31 00:03:05,docker-recorder-run-9b85dfd0d458,0.00%,10.29MiB / 30.66GiB,0.03%,0B / 0B,0B / 9.64MB,1
2026-07-31 00:03:05,glim,80.67%,307.9MiB / 30.66GiB,0.98%,0B / 0B,0B / 11.6MB,35
2026-07-31 00:03:05,ouster,6.96%,118.8MiB / 30.66GiB,0.38%,0B / 0B,0B / 3.01MB,29
2026-07-31 00:03:05,mapir-ffmpeg,28.42%,168MiB / 30.66GiB,0.54%,0B / 0B,0B / 1.39MB,33
2026-07-31 00:03:05,scovox,55.88%,350.1MiB / 30.66GiB,1.11%,0B / 0B,0B / 4.09MB,53
2026-07-31 00:03:05,openzen,2.61%,32.53MiB / 30.66GiB,0.10%,0B / 0B,0B / 2.15MB,20
2026-07-31 00:03:05,domain_bridge,0.17%,56.41MiB / 30.66GiB,0.18%,0B / 0B,0B / 5.07MB,28
2026-07-31 00:03:05,realsense,17.02%,94.43MiB / 30.66GiB,0.30%,0B / 0B,0B / 3.29MB,33
2026-07-31 00:03:05,nav2,5.91%,183.9MiB / 30.66GiB,0.59%,0B / 0B,0B / 1.25MB,93
2026-07-31 00:03:09,trav_ros2,102.31%,374.4MiB / 30.66GiB,1.19%,0B / 0B,0B / 1.68MB,44
2026-07-31 00:03:09,foxglove,11.66%,451.9MiB / 30.66GiB,1.44%,0B / 0B,0B / 3.3MB,31
2026-07-31 00:03:09,docker-recorder-run-9b85dfd0d458,0.00%,10.29MiB / 30.66GiB,0.03%,0B / 0B,0B / 9.64MB,1
2026-07-31 00:03:09,glim,83.19%,308.4MiB / 30.66GiB,0.98%,0B / 0B,0B / 11.6MB,35
2026-07-31 00:03:09,ouster,7.16%,119.1MiB / 30.66GiB,0.38%,0B / 0B,0B / 3.01MB,29
2026-07-31 00:03:09,mapir-ffmpeg,29.85%,168.1MiB / 30.66GiB,0.54%,0B / 0B,0B / 1.39MB,33
2026-07-31 00:03:09,scovox,79.84%,321.7MiB / 30.66GiB,1.02%,0B / 0B,0B / 4.09MB,53
2026-07-31 00:03:09,openzen,2.67%,32.6MiB / 30.66GiB,0.10%,0B / 0B,0B / 2.15MB,20
2026-07-31 00:03:09,domain_bridge,0.73%,55.74MiB / 30.66GiB,0.18%,0B / 0B,0B / 5.07MB,28
2026-07-31 00:03:09,realsense,17.96%,94.99MiB / 30.66GiB,0.30%,0B / 0B,0B / 3.29MB,33
2026-07-31 00:03:09,nav2,6.52%,184.2MiB / 30.66GiB,0.59%,0B / 0B,0B / 1.25MB,93
2026-07-31 00:03:12,trav_ros2,100.91%,374.3MiB / 30.66GiB,1.19%,0B / 0B,0B / 1.68MB,44
2026-07-31 00:03:12,foxglove,12.08%,459.9MiB / 30.66GiB,1.46%,0B / 0B,0B / 3.3MB,31
2026-07-31 00:03:12,docker-recorder-run-9b85dfd0d458,0.00%,10.29MiB / 30.66GiB,0.03%,0B / 0B,0B / 9.64MB,1
2026-07-31 00:03:12,glim,73.91%,308.1MiB / 30.66GiB,0.98%,0B / 0B,0B / 11.6MB,35
2026-07-31 00:03:12,ouster,7.36%,118.8MiB / 30.66GiB,0.38%,0B / 0B,0B / 3.01MB,29
2026-07-31 00:03:12,mapir-ffmpeg,28.25%,168.1MiB / 30.66GiB,0.54%,0B / 0B,0B / 1.39MB,33
2026-07-31 00:03:12,scovox,55.97%,358.6MiB / 30.66GiB,1.14%,0B / 0B,0B / 4.09MB,53
2026-07-31 00:03:12,openzen,2.49%,33.11MiB / 30.66GiB,0.11%,0B / 0B,0B / 2.15MB,20
2026-07-31 00:03:12,domain_bridge,0.08%,55.78MiB / 30.66GiB,0.18%,0B / 0B,0B / 5.07MB,28
2026-07-31 00:03:12,realsense,16.92%,94.5MiB / 30.66GiB,0.30%,0B / 0B,0B / 3.29MB,33
2026-07-31 00:03:12,nav2,6.39%,184MiB / 30.66GiB,0.59%,0B / 0B,0B / 1.25MB,93
2026-07-31 00:03:15,trav_ros2,100.93%,410.3MiB / 30.66GiB,1.31%,0B / 0B,0B / 1.68MB,44
2026-07-31 00:03:15,foxglove,11.02%,459.9MiB / 30.66GiB,1.46%,0B / 0B,0B / 3.3MB,31
2026-07-31 00:03:15,docker-recorder-run-9b85dfd0d458,0.00%,10.29MiB / 30.66GiB,0.03%,0B / 0B,0B / 9.64MB,1
2026-07-31 00:03:15,glim,81.96%,308.5MiB / 30.66GiB,0.98%,0B / 0B,0B / 11.6MB,35
2026-07-31 00:03:15,ouster,7.19%,119.2MiB / 30.66GiB,0.38%,0B / 0B,0B / 3.01MB,29
2026-07-31 00:03:15,mapir-ffmpeg,28.50%,168.8MiB / 30.66GiB,0.54%,0B / 0B,0B / 1.4MB,33
2026-07-31 00:03:15,scovox,78.53%,321.5MiB / 30.66GiB,1.02%,0B / 0B,0B / 4.1MB,53
2026-07-31 00:03:15,openzen,2.56%,33.13MiB / 30.66GiB,0.11%,0B / 0B,0B / 2.15MB,20
2026-07-31 00:03:15,domain_bridge,0.36%,56.35MiB / 30.66GiB,0.18%,0B / 0B,0B / 5.07MB,28
2026-07-31 00:03:15,realsense,16.69%,94.54MiB / 30.66GiB,0.30%,0B / 0B,0B / 3.29MB,33
2026-07-31 00:03:15,nav2,6.10%,184.7MiB / 30.66GiB,0.59%,0B / 0B,0B / 1.25MB,93
2026-07-31 00:03:18,trav_ros2,101.58%,375.2MiB / 30.66GiB,1.19%,0B / 0B,0B / 1.68MB,44
2026-07-31 00:03:18,foxglove,11.95%,460.1MiB / 30.66GiB,1.47%,0B / 0B,0B / 3.3MB,31
2026-07-31 00:03:18,docker-recorder-run-9b85dfd0d458,0.00%,10.29MiB / 30.66GiB,0.03%,0B / 0B,0B / 9.64MB,1
2026-07-31 00:03:18,glim,78.86%,308.2MiB / 30.66GiB,0.98%,0B / 0B,0B / 11.6MB,35
2026-07-31 00:03:18,ouster,7.00%,118.9MiB / 30.66GiB,0.38%,0B / 0B,0B / 3.01MB,29
2026-07-31 00:03:18,mapir-ffmpeg,29.04%,168.1MiB / 30.66GiB,0.54%,0B / 0B,0B / 1.4MB,33
2026-07-31 00:03:18,scovox,67.54%,362.5MiB / 30.66GiB,1.15%,0B / 0B,0B / 4.1MB,53
2026-07-31 00:03:18,openzen,2.62%,32.68MiB / 30.66GiB,0.10%,0B / 0B,0B / 2.15MB,20
2026-07-31 00:03:18,domain_bridge,3.26%,56.89MiB / 30.66GiB,0.18%,0B / 0B,0B / 5.07MB,28
2026-07-31 00:03:18,realsense,16.70%,94.57MiB / 30.66GiB,0.30%,0B / 0B,0B / 3.29MB,33
2026-07-31 00:03:18,nav2,6.24%,184.4MiB / 30.66GiB,0.59%,0B / 0B,0B / 1.27MB,93
2026-07-31 00:03:21,trav_ros2,101.94%,375.4MiB / 30.66GiB,1.20%,0B / 0B,0B / 1.68MB,44
2026-07-31 00:03:21,foxglove,12.36%,459.8MiB / 30.66GiB,1.46%,0B / 0B,0B / 3.3MB,31
2026-07-31 00:03:21,docker-recorder-run-9b85dfd0d458,0.00%,10.29MiB / 30.66GiB,0.03%,0B / 0B,0B / 9.64MB,1
2026-07-31 00:03:21,glim,87.34%,309.2MiB / 30.66GiB,0.98%,0B / 0B,0B / 11.6MB,35
2026-07-31 00:03:21,ouster,7.12%,119.3MiB / 30.66GiB,0.38%,0B / 0B,0B / 3.01MB,29
2026-07-31 00:03:21,mapir-ffmpeg,28.54%,168.2MiB / 30.66GiB,0.54%,0B / 0B,0B / 1.4MB,33
2026-07-31 00:03:21,scovox,58.15%,348.3MiB / 30.66GiB,1.11%,0B / 0B,0B / 4.1MB,53
2026-07-31 00:03:21,openzen,2.66%,32.69MiB / 30.66GiB,0.10%,0B / 0B,0B / 2.15MB,20
2026-07-31 00:03:21,domain_bridge,0.38%,57.14MiB / 30.66GiB,0.18%,0B / 0B,0B / 5.07MB,28
2026-07-31 00:03:21,realsense,17.51%,94.58MiB / 30.66GiB,0.30%,0B / 0B,0B / 3.29MB,33
2026-07-31 00:03:21,nav2,6.36%,184MiB / 30.66GiB,0.59%,0B / 0B,0B / 1.27MB,93
2026-07-31 00:03:24,trav_ros2,101.46%,375.1MiB / 30.66GiB,1.19%,0B / 0B,0B / 1.68MB,44
2026-07-31 00:03:24,foxglove,11.82%,459.9MiB / 30.66GiB,1.46%,0B / 0B,0B / 3.3MB,31
2026-07-31 00:03:24,docker-recorder-run-9b85dfd0d458,0.00%,10.29MiB / 30.66GiB,0.03%,0B / 0B,0B / 9.64MB,1
2026-07-31 00:03:24,glim,91.93%,308.4MiB / 30.66GiB,0.98%,0B / 0B,0B / 11.6MB,35
2026-07-31 00:03:24,ouster,7.33%,119.2MiB / 30.66GiB,0.38%,0B / 0B,0B / 3.01MB,29
2026-07-31 00:03:24,mapir-ffmpeg,28.74%,168.7MiB / 30.66GiB,0.54%,0B / 0B,0B / 1.4MB,33
2026-07-31 00:03:24,scovox,79.67%,322.2MiB / 30.66GiB,1.03%,0B / 0B,0B / 4.1MB,53
2026-07-31 00:03:24,openzen,2.60%,33.22MiB / 30.66GiB,0.11%,0B / 0B,0B / 2.15MB,20
2026-07-31 00:03:24,domain_bridge,0.65%,56.79MiB / 30.66GiB,0.18%,0B / 0B,0B / 5.07MB,28
2026-07-31 00:03:24,realsense,17.32%,94.64MiB / 30.66GiB,0.30%,0B / 0B,0B / 3.29MB,33
2026-07-31 00:03:24,nav2,7.00%,184.7MiB / 30.66GiB,0.59%,0B / 0B,0B / 1.27MB,93
2026-07-31 00:03:28,trav_ros2,100.98%,375.2MiB / 30.66GiB,1.19%,0B / 0B,0B / 1.68MB,44
2026-07-31 00:03:28,foxglove,11.59%,460.4MiB / 30.66GiB,1.47%,0B / 0B,0B / 3.3MB,31
2026-07-31 00:03:28,docker-recorder-run-9b85dfd0d458,0.00%,10.29MiB / 30.66GiB,0.03%,0B / 0B,0B / 9.64MB,1
2026-07-31 00:03:28,glim,80.64%,308.3MiB / 30.66GiB,0.98%,0B / 0B,0B / 11.6MB,35
2026-07-31 00:03:28,ouster,7.40%,119.2MiB / 30.66GiB,0.38%,0B / 0B,0B / 3.01MB,29
2026-07-31 00:03:28,mapir-ffmpeg,27.94%,168.2MiB / 30.66GiB,0.54%,0B / 0B,0B / 1.4MB,33
2026-07-31 00:03:28,scovox,54.51%,355.7MiB / 30.66GiB,1.13%,0B / 0B,0B / 4.1MB,53
2026-07-31 00:03:28,openzen,2.54%,32.76MiB / 30.66GiB,0.10%,0B / 0B,0B / 2.15MB,20
2026-07-31 00:03:28,domain_bridge,0.07%,56.52MiB / 30.66GiB,0.18%,0B / 0B,0B / 5.07MB,28
2026-07-31 00:03:28,realsense,17.39%,94.65MiB / 30.66GiB,0.30%,0B / 0B,0B / 3.29MB,33
2026-07-31 00:03:28,nav2,6.14%,184.5MiB / 30.66GiB,0.59%,0B / 0B,0B / 1.27MB,93
2026-07-31 00:03:31,trav_ros2,100.88%,375.1MiB / 30.66GiB,1.19%,0B / 0B,0B / 1.68MB,44
2026-07-31 00:03:31,foxglove,10.88%,460.4MiB / 30.66GiB,1.47%,0B / 0B,0B / 3.3MB,31
2026-07-31 00:03:31,docker-recorder-run-9b85dfd0d458,0.00%,10.29MiB / 30.66GiB,0.03%,0B / 0B,0B / 9.64MB,1
2026-07-31 00:03:31,glim,86.95%,309.6MiB / 30.66GiB,0.99%,0B / 0B,0B / 11.6MB,35
2026-07-31 00:03:31,ouster,7.23%,119.1MiB / 30.66GiB,0.38%,0B / 0B,0B / 3.01MB,29
2026-07-31 00:03:31,mapir-ffmpeg,28.63%,168.5MiB / 30.66GiB,0.54%,0B / 0B,0B / 1.4MB,33
2026-07-31 00:03:31,scovox,75.32%,321.2MiB / 30.66GiB,1.02%,0B / 0B,0B / 4.1MB,53
2026-07-31 00:03:31,openzen,2.64%,33.29MiB / 30.66GiB,0.11%,0B / 0B,0B / 2.15MB,20
2026-07-31 00:03:31,domain_bridge,0.83%,56.38MiB / 30.66GiB,0.18%,0B / 0B,0B / 5.07MB,28
2026-07-31 00:03:31,realsense,16.76%,95.42MiB / 30.66GiB,0.30%,0B / 0B,0B / 3.29MB,33
2026-07-31 00:03:31,nav2,6.07%,184.8MiB / 30.66GiB,0.59%,0B / 0B,0B / 1.27MB,93
2026-07-31 00:03:34,trav_ros2,101.89%,375.6MiB / 30.66GiB,1.20%,0B / 0B,0B / 1.7MB,44
2026-07-31 00:03:34,foxglove,11.05%,459.9MiB / 30.66GiB,1.46%,0B / 0B,0B / 3.3MB,31
2026-07-31 00:03:34,docker-recorder-run-9b85dfd0d458,0.00%,10.29MiB / 30.66GiB,0.03%,0B / 0B,0B / 9.64MB,1
2026-07-31 00:03:34,glim,75.84%,308.8MiB / 30.66GiB,0.98%,0B / 0B,0B / 11.6MB,35
2026-07-31 00:03:34,ouster,7.02%,119MiB / 30.66GiB,0.38%,0B / 0B,0B / 3.01MB,29
2026-07-31 00:03:34,mapir-ffmpeg,28.90%,168.3MiB / 30.66GiB,0.54%,0B / 0B,0B / 1.4MB,33
2026-07-31 00:03:34,scovox,61.98%,362.9MiB / 30.66GiB,1.16%,0B / 0B,0B / 4.19MB,53
2026-07-31 00:03:34,openzen,2.52%,33.08MiB / 30.66GiB,0.11%,0B / 0B,0B / 2.15MB,20
2026-07-31 00:03:34,domain_bridge,0.38%,56.54MiB / 30.66GiB,0.18%,0B / 0B,0B / 5.07MB,28
2026-07-31 00:03:34,realsense,17.00%,95.47MiB / 30.66GiB,0.30%,0B / 0B,0B / 3.29MB,33
2026-07-31 00:03:34,nav2,6.14%,184.1MiB / 30.66GiB,0.59%,0B / 0B,0B / 1.27MB,93
2026-07-31 00:03:37,trav_ros2,100.96%,389.3MiB / 30.66GiB,1.24%,0B / 0B,0B / 1.7MB,44
2026-07-31 00:03:37,foxglove,11.46%,459.9MiB / 30.66GiB,1.46%,0B / 0B,0B / 3.3MB,31
2026-07-31 00:03:37,docker-recorder-run-9b85dfd0d458,0.00%,10.29MiB / 30.66GiB,0.03%,0B / 0B,0B / 9.64MB,1
2026-07-31 00:03:37,glim,80.18%,308.3MiB / 30.66GiB,0.98%,0B / 0B,0B / 11.6MB,35
2026-07-31 00:03:37,ouster,6.87%,119MiB / 30.66GiB,0.38%,0B / 0B,0B / 3.01MB,29
2026-07-31 00:03:37,mapir-ffmpeg,27.48%,168.6MiB / 30.66GiB,0.54%,0B / 0B,0B / 1.4MB,33
2026-07-31 00:03:37,scovox,62.62%,346.6MiB / 30.66GiB,1.10%,0B / 0B,0B / 4.19MB,53
2026-07-31 00:03:37,openzen,2.58%,33.09MiB / 30.66GiB,0.11%,0B / 0B,0B / 2.15MB,20
2026-07-31 00:03:37,domain_bridge,0.58%,56.7MiB / 30.66GiB,0.18%,0B / 0B,0B / 5.07MB,28
2026-07-31 00:03:37,realsense,16.93%,94.73MiB / 30.66GiB,0.30%,0B / 0B,0B / 3.29MB,33
2026-07-31 00:03:37,nav2,6.11%,184.3MiB / 30.66GiB,0.59%,0B / 0B,0B / 1.27MB,93
2026-07-31 00:03:40,trav_ros2,101.55%,375.4MiB / 30.66GiB,1.20%,0B / 0B,0B / 1.7MB,44
2026-07-31 00:03:40,foxglove,12.64%,459.6MiB / 30.66GiB,1.46%,0B / 0B,0B / 3.3MB,31
2026-07-31 00:03:40,docker-recorder-run-9b85dfd0d458,0.00%,10.29MiB / 30.66GiB,0.03%,0B / 0B,0B / 9.64MB,1
2026-07-31 00:03:40,glim,78.33%,308.6MiB / 30.66GiB,0.98%,0B / 0B,0B / 11.6MB,35
2026-07-31 00:03:40,ouster,7.25%,119.1MiB / 30.66GiB,0.38%,0B / 0B,0B / 3.01MB,29
2026-07-31 00:03:40,mapir-ffmpeg,28.66%,168.6MiB / 30.66GiB,0.54%,0B / 0B,0B / 1.4MB,33
2026-07-31 00:03:40,scovox,82.07%,322.2MiB / 30.66GiB,1.03%,0B / 0B,0B / 4.19MB,53
2026-07-31 00:03:40,openzen,2.78%,33.16MiB / 30.66GiB,0.11%,0B / 0B,0B / 2.15MB,20
2026-07-31 00:03:40,domain_bridge,0.75%,56.25MiB / 30.66GiB,0.18%,0B / 0B,0B / 5.07MB,28
2026-07-31 00:03:40,realsense,17.41%,94.8MiB / 30.66GiB,0.30%,0B / 0B,0B / 3.29MB,33
2026-07-31 00:03:40,nav2,6.71%,185.6MiB / 30.66GiB,0.59%,0B / 0B,0B / 1.27MB,93
2026-07-31 00:03:44,trav_ros2,101.10%,375MiB / 30.66GiB,1.19%,0B / 0B,0B / 1.7MB,44
2026-07-31 00:03:44,foxglove,11.86%,459.8MiB / 30.66GiB,1.46%,0B / 0B,0B / 3.3MB,31
2026-07-31 00:03:44,docker-recorder-run-9b85dfd0d458,0.00%,10.29MiB / 30.66GiB,0.03%,0B / 0B,0B / 9.64MB,1
2026-07-31 00:03:44,glim,81.33%,308MiB / 30.66GiB,0.98%,0B / 0B,0B / 11.6MB,35
2026-07-31 00:03:44,ouster,7.03%,119.6MiB / 30.66GiB,0.38%,0B / 0B,0B / 3.01MB,29
2026-07-31 00:03:44,mapir-ffmpeg,27.91%,168.4MiB / 30.66GiB,0.54%,0B / 0B,0B / 1.4MB,33
2026-07-31 00:03:44,scovox,59.25%,356.4MiB / 30.66GiB,1.14%,0B / 0B,0B / 4.19MB,53
2026-07-31 00:03:44,openzen,2.66%,32.92MiB / 30.66GiB,0.10%,0B / 0B,0B / 2.15MB,20
2026-07-31 00:03:44,domain_bridge,0.06%,56.42MiB / 30.66GiB,0.18%,0B / 0B,0B / 5.07MB,28
2026-07-31 00:03:44,realsense,17.34%,95.05MiB / 30.66GiB,0.30%,0B / 0B,0B / 3.29MB,33
2026-07-31 00:03:44,nav2,6.10%,184.4MiB / 30.66GiB,0.59%,0B / 0B,0B / 1.27MB,93
2026-07-31 00:03:47,trav_ros2,100.50%,375MiB / 30.66GiB,1.19%,0B / 0B,0B / 1.7MB,44
2026-07-31 00:03:47,foxglove,11.97%,460.3MiB / 30.66GiB,1.47%,0B / 0B,0B / 3.3MB,31
2026-07-31 00:03:47,docker-recorder-run-9b85dfd0d458,0.00%,10.29MiB / 30.66GiB,0.03%,0B / 0B,0B / 9.64MB,1
2026-07-31 00:03:47,glim,75.77%,296.4MiB / 30.66GiB,0.94%,0B / 0B,0B / 11.6MB,35
2026-07-31 00:03:47,ouster,7.93%,119.5MiB / 30.66GiB,0.38%,0B / 0B,0B / 3.01MB,29
2026-07-31 00:03:47,mapir-ffmpeg,28.00%,168.4MiB / 30.66GiB,0.54%,0B / 0B,0B / 1.4MB,33
2026-07-31 00:03:47,scovox,82.31%,322.9MiB / 30.66GiB,1.03%,0B / 0B,0B / 4.19MB,53
2026-07-31 00:03:47,openzen,2.79%,33.22MiB / 30.66GiB,0.11%,0B / 0B,0B / 2.15MB,20
2026-07-31 00:03:47,domain_bridge,0.72%,56.66MiB / 30.66GiB,0.18%,0B / 0B,0B / 5.07MB,28
2026-07-31 00:03:47,realsense,17.15%,94.84MiB / 30.66GiB,0.30%,0B / 0B,0B / 3.29MB,33
2026-07-31 00:03:47,nav2,6.62%,185.4MiB / 30.66GiB,0.59%,0B / 0B,0B / 1.27MB,93
2026-07-31 00:03:50,trav_ros2,101.41%,376.1MiB / 30.66GiB,1.20%,0B / 0B,0B / 1.7MB,44
2026-07-31 00:03:50,foxglove,11.33%,460.2MiB / 30.66GiB,1.47%,0B / 0B,0B / 3.3MB,31
2026-07-31 00:03:50,docker-recorder-run-9b85dfd0d458,0.00%,10.29MiB / 30.66GiB,0.03%,0B / 0B,0B / 9.64MB,1
2026-07-31 00:03:50,glim,78.40%,296.7MiB / 30.66GiB,0.94%,0B / 0B,0B / 11.6MB,35
2026-07-31 00:03:50,ouster,7.18%,119.2MiB / 30.66GiB,0.38%,0B / 0B,0B / 3.01MB,29
2026-07-31 00:03:50,mapir-ffmpeg,27.62%,168.5MiB / 30.66GiB,0.54%,0B / 0B,0B / 1.41MB,33
2026-07-31 00:03:50,scovox,57.88%,364.9MiB / 30.66GiB,1.16%,0B / 0B,0B / 4.2MB,53
2026-07-31 00:03:50,openzen,2.61%,32.97MiB / 30.66GiB,0.11%,0B / 0B,0B / 2.15MB,20
2026-07-31 00:03:50,domain_bridge,0.61%,56.4MiB / 30.66GiB,0.18%,0B / 0B,0B / 5.07MB,28
2026-07-31 00:03:50,realsense,17.06%,94.88MiB / 30.66GiB,0.30%,0B / 0B,0B / 3.29MB,33
2026-07-31 00:03:50,nav2,5.99%,184.9MiB / 30.66GiB,0.59%,0B / 0B,0B / 1.27MB,93
2026-07-31 00:03:53,trav_ros2,101.82%,376.2MiB / 30.66GiB,1.20%,0B / 0B,0B / 1.7MB,44
2026-07-31 00:03:53,foxglove,12.02%,460.2MiB / 30.66GiB,1.47%,0B / 0B,0B / 3.3MB,31
2026-07-31 00:03:53,docker-recorder-run-9b85dfd0d458,0.00%,10.29MiB / 30.66GiB,0.03%,0B / 0B,0B / 9.64MB,1
2026-07-31 00:03:53,glim,77.61%,298.4MiB / 30.66GiB,0.95%,0B / 0B,0B / 11.6MB,35
2026-07-31 00:03:53,ouster,7.03%,119.1MiB / 30.66GiB,0.38%,0B / 0B,0B / 3.01MB,29
2026-07-31 00:03:53,mapir-ffmpeg,28.96%,168.5MiB / 30.66GiB,0.54%,0B / 0B,0B / 1.41MB,33
2026-07-31 00:03:53,scovox,70.16%,322.2MiB / 30.66GiB,1.03%,0B / 0B,0B / 4.2MB,53
2026-07-31 00:03:53,openzen,2.49%,32.97MiB / 30.66GiB,0.11%,0B / 0B,0B / 2.15MB,20
2026-07-31 00:03:53,domain_bridge,0.53%,57.74MiB / 30.66GiB,0.18%,0B / 0B,0B / 5.07MB,28
2026-07-31 00:03:53,realsense,17.13%,94.89MiB / 30.66GiB,0.30%,0B / 0B,0B / 3.29MB,33
2026-07-31 00:03:53,nav2,6.38%,184.3MiB / 30.66GiB,0.59%,0B / 0B,0B / 1.29MB,93
2026-07-31 00:03:56,trav_ros2,101.64%,376.5MiB / 30.66GiB,1.20%,0B / 0B,0B / 1.7MB,44
2026-07-31 00:03:56,foxglove,12.12%,460MiB / 30.66GiB,1.47%,0B / 0B,0B / 3.3MB,31
2026-07-31 00:03:56,docker-recorder-run-9b85dfd0d458,0.00%,10.29MiB / 30.66GiB,0.03%,0B / 0B,0B / 9.64MB,1
2026-07-31 00:03:56,glim,79.98%,309.1MiB / 30.66GiB,0.98%,0B / 0B,0B / 11.6MB,35
2026-07-31 00:03:56,ouster,7.29%,119.3MiB / 30.66GiB,0.38%,0B / 0B,0B / 3.01MB,29
2026-07-31 00:03:56,mapir-ffmpeg,29.30%,168.8MiB / 30.66GiB,0.54%,0B / 0B,0B / 1.41MB,33
2026-07-31 00:03:56,scovox,79.14%,323.8MiB / 30.66GiB,1.03%,0B / 0B,0B / 4.2MB,53
2026-07-31 00:03:56,openzen,2.72%,32.97MiB / 30.66GiB,0.11%,0B / 0B,0B / 2.15MB,20
2026-07-31 00:03:56,domain_bridge,0.82%,57.06MiB / 30.66GiB,0.18%,0B / 0B,0B / 5.07MB,28
2026-07-31 00:03:56,realsense,17.88%,95.87MiB / 30.66GiB,0.31%,0B / 0B,0B / 3.29MB,33
2026-07-31 00:03:56,nav2,6.79%,185.2MiB / 30.66GiB,0.59%,0B / 0B,0B / 1.29MB,93
2026-07-31 00:03:59,trav_ros2,100.99%,377MiB / 30.66GiB,1.20%,0B / 0B,0B / 1.7MB,44
2026-07-31 00:03:59,foxglove,11.16%,452.1MiB / 30.66GiB,1.44%,0B / 0B,0B / 3.3MB,31
2026-07-31 00:03:59,docker-recorder-run-9b85dfd0d458,0.00%,10.29MiB / 30.66GiB,0.03%,0B / 0B,0B / 9.64MB,1
2026-07-31 00:03:59,glim,77.46%,308.7MiB / 30.66GiB,0.98%,0B / 0B,0B / 11.6MB,35
2026-07-31 00:03:59,ouster,7.36%,119.7MiB / 30.66GiB,0.38%,0B / 0B,0B / 3.01MB,29
2026-07-31 00:03:59,mapir-ffmpeg,27.50%,168.5MiB / 30.66GiB,0.54%,0B / 0B,0B / 1.41MB,33
2026-07-31 00:03:59,scovox,56.09%,355MiB / 30.66GiB,1.13%,0B / 0B,0B / 4.2MB,53
2026-07-31 00:03:59,openzen,2.59%,32.97MiB / 30.66GiB,0.11%,0B / 0B,0B / 2.15MB,20
2026-07-31 00:03:59,domain_bridge,0.18%,56.57MiB / 30.66GiB,0.18%,0B / 0B,0B / 5.07MB,28
2026-07-31 00:03:59,realsense,16.93%,95.14MiB / 30.66GiB,0.30%,0B / 0B,0B / 3.29MB,33
2026-07-31 00:03:59,nav2,5.75%,184.8MiB / 30.66GiB,0.59%,0B / 0B,0B / 1.29MB,93
2026-07-31 00:04:03,trav_ros2,101.51%,376.9MiB / 30.66GiB,1.20%,0B / 0B,0B / 1.7MB,44
2026-07-31 00:04:03,foxglove,12.38%,460.7MiB / 30.66GiB,1.47%,0B / 0B,0B / 3.3MB,31
2026-07-31 00:04:03,docker-recorder-run-9b85dfd0d458,0.00%,10.29MiB / 30.66GiB,0.03%,0B / 0B,0B / 9.64MB,1
2026-07-31 00:04:03,glim,77.00%,301MiB / 30.66GiB,0.96%,0B / 0B,0B / 11.6MB,35
2026-07-31 00:04:03,ouster,7.38%,119.6MiB / 30.66GiB,0.38%,0B / 0B,0B / 3.01MB,29
2026-07-31 00:04:03,mapir-ffmpeg,28.39%,168.6MiB / 30.66GiB,0.54%,0B / 0B,0B / 1.41MB,33
2026-07-31 00:04:03,scovox,85.39%,322.5MiB / 30.66GiB,1.03%,0B / 0B,0B / 4.2MB,53
2026-07-31 00:04:03,openzen,2.67%,33.71MiB / 30.66GiB,0.11%,0B / 0B,0B / 2.15MB,20
2026-07-31 00:04:03,domain_bridge,1.26%,58.2MiB / 30.66GiB,0.19%,0B / 0B,0B / 5.07MB,28
2026-07-31 00:04:03,realsense,16.88%,94.89MiB / 30.66GiB,0.30%,0B / 0B,0B / 3.29MB,33
2026-07-31 00:04:03,nav2,6.39%,186.5MiB / 30.66GiB,0.59%,0B / 0B,0B / 1.29MB,93
2026-07-31 00:04:06,trav_ros2,101.59%,377.2MiB / 30.66GiB,1.20%,0B / 0B,0B / 1.72MB,44
2026-07-31 00:04:06,foxglove,12.05%,459.9MiB / 30.66GiB,1.46%,0B / 0B,0B / 3.3MB,31
2026-07-31 00:04:06,docker-recorder-run-9b85dfd0d458,0.00%,10.29MiB / 30.66GiB,0.03%,0B / 0B,0B / 9.64MB,1
2026-07-31 00:04:06,glim,80.97%,301.6MiB / 30.66GiB,0.96%,0B / 0B,0B / 11.6MB,35
2026-07-31 00:04:06,ouster,7.04%,119.2MiB / 30.66GiB,0.38%,0B / 0B,0B / 3.01MB,29
2026-07-31 00:04:06,mapir-ffmpeg,28.08%,168.6MiB / 30.66GiB,0.54%,0B / 0B,0B / 1.41MB,33
2026-07-31 00:04:06,scovox,56.83%,362.6MiB / 30.66GiB,1.15%,0B / 0B,0B / 4.2MB,53
2026-07-31 00:04:06,openzen,2.55%,32.97MiB / 30.66GiB,0.11%,0B / 0B,0B / 2.15MB,20
2026-07-31 00:04:06,domain_bridge,1.00%,57.82MiB / 30.66GiB,0.18%,0B / 0B,0B / 5.07MB,28
2026-07-31 00:04:06,realsense,16.96%,95.39MiB / 30.66GiB,0.30%,0B / 0B,0B / 3.29MB,33
2026-07-31 00:04:06,nav2,6.14%,185.1MiB / 30.66GiB,0.59%,0B / 0B,0B / 1.29MB,93
2026-07-31 00:04:09,trav_ros2,101.75%,377.6MiB / 30.66GiB,1.20%,0B / 0B,0B / 1.72MB,44
2026-07-31 00:04:09,foxglove,11.87%,459.8MiB / 30.66GiB,1.46%,0B / 0B,0B / 3.3MB,31
2026-07-31 00:04:09,docker-recorder-run-9b85dfd0d458,0.00%,10.29MiB / 30.66GiB,0.03%,0B / 0B,0B / 9.64MB,1
2026-07-31 00:04:09,glim,77.08%,301.3MiB / 30.66GiB,0.96%,0B / 0B,0B / 11.6MB,35
2026-07-31 00:04:09,ouster,7.10%,119.4MiB / 30.66GiB,0.38%,0B / 0B,0B / 3.01MB,29
2026-07-31 00:04:09,mapir-ffmpeg,28.67%,168.6MiB / 30.66GiB,0.54%,0B / 0B,0B / 1.41MB,33
2026-07-31 00:04:09,scovox,80.43%,322.9MiB / 30.66GiB,1.03%,0B / 0B,0B / 4.29MB,53
2026-07-31 00:04:09,openzen,2.64%,32.97MiB / 30.66GiB,0.11%,0B / 0B,0B / 2.15MB,20
2026-07-31 00:04:09,domain_bridge,1.23%,57.74MiB / 30.66GiB,0.18%,0B / 0B,0B / 5.07MB,28
2026-07-31 00:04:09,realsense,17.02%,94.89MiB / 30.66GiB,0.30%,0B / 0B,0B / 3.29MB,33
2026-07-31 00:04:09,nav2,6.27%,185.1MiB / 30.66GiB,0.59%,0B / 0B,0B / 1.29MB,93
2026-07-31 00:04:12,trav_ros2,102.38%,376.2MiB / 30.66GiB,1.20%,0B / 0B,0B / 1.72MB,44
2026-07-31 00:04:12,foxglove,12.06%,460.3MiB / 30.66GiB,1.47%,0B / 0B,0B / 3.3MB,31
2026-07-31 00:04:12,docker-recorder-run-9b85dfd0d458,0.00%,10.29MiB / 30.66GiB,0.03%,0B / 0B,0B / 9.64MB,1
2026-07-31 00:04:12,glim,74.54%,303.7MiB / 30.66GiB,0.97%,0B / 0B,0B / 11.6MB,35
2026-07-31 00:04:12,ouster,7.23%,119.9MiB / 30.66GiB,0.38%,0B / 0B,0B / 3.01MB,29
2026-07-31 00:04:12,mapir-ffmpeg,28.88%,168.7MiB / 30.66GiB,0.54%,0B / 0B,0B / 1.41MB,33
2026-07-31 00:04:12,scovox,71.90%,323.7MiB / 30.66GiB,1.03%,0B / 0B,0B / 4.29MB,53
2026-07-31 00:04:12,openzen,2.75%,32.97MiB / 30.66GiB,0.11%,0B / 0B,0B / 2.15MB,20
2026-07-31 00:04:12,domain_bridge,0.62%,57.46MiB / 30.66GiB,0.18%,0B / 0B,0B / 5.07MB,28
2026-07-31 00:04:12,realsense,17.78%,95.13MiB / 30.66GiB,0.30%,0B / 0B,0B / 3.29MB,33
2026-07-31 00:04:12,nav2,6.94%,181.3MiB / 30.66GiB,0.58%,0B / 0B,0B / 1.29MB,93
2026-07-31 00:04:15,trav_ros2,101.52%,376.3MiB / 30.66GiB,1.20%,0B / 0B,0B / 1.72MB,44
2026-07-31 00:04:15,foxglove,12.57%,459.9MiB / 30.66GiB,1.46%,0B / 0B,0B / 3.3MB,31
2026-07-31 00:04:15,docker-recorder-run-9b85dfd0d458,0.00%,10.29MiB / 30.66GiB,0.03%,0B / 0B,0B / 9.64MB,1
2026-07-31 00:04:15,glim,76.79%,305.8MiB / 30.66GiB,0.97%,0B / 0B,0B / 11.6MB,35
2026-07-31 00:04:15,ouster,6.87%,119.4MiB / 30.66GiB,0.38%,0B / 0B,0B / 3.01MB,29
2026-07-31 00:04:15,mapir-ffmpeg,28.79%,168.7MiB / 30.66GiB,0.54%,0B / 0B,0B / 1.41MB,33
2026-07-31 00:04:15,scovox,61.91%,352.8MiB / 30.66GiB,1.12%,0B / 0B,0B / 4.29MB,53
2026-07-31 00:04:15,openzen,2.68%,32.97MiB / 30.66GiB,0.11%,0B / 0B,0B / 2.15MB,20
2026-07-31 00:04:15,domain_bridge,0.35%,57.66MiB / 30.66GiB,0.18%,0B / 0B,0B / 5.07MB,28
2026-07-31 00:04:15,realsense,17.09%,95.39MiB / 30.66GiB,0.30%,0B / 0B,0B / 3.29MB,33
2026-07-31 00:04:15,nav2,6.15%,185MiB / 30.66GiB,0.59%,0B / 0B,0B / 1.29MB,93
2026-07-31 00:04:19,trav_ros2,101.05%,376.8MiB / 30.66GiB,1.20%,0B / 0B,0B / 1.72MB,44
2026-07-31 00:04:19,foxglove,11.70%,460.6MiB / 30.66GiB,1.47%,0B / 0B,0B / 3.3MB,31
2026-07-31 00:04:19,docker-recorder-run-9b85dfd0d458,0.00%,10.29MiB / 30.66GiB,0.03%,0B / 0B,0B / 9.64MB,1
2026-07-31 00:04:19,glim,80.24%,312.2MiB / 30.66GiB,0.99%,0B / 0B,0B / 11.6MB,35
2026-07-31 00:04:19,ouster,7.34%,119.5MiB / 30.66GiB,0.38%,0B / 0B,0B / 3.01MB,29
2026-07-31 00:04:19,mapir-ffmpeg,28.77%,169.5MiB / 30.66GiB,0.54%,0B / 0B,0B / 1.41MB,33
2026-07-31 00:04:19,scovox,80.15%,322.7MiB / 30.66GiB,1.03%,0B / 0B,0B / 4.29MB,53
2026-07-31 00:04:19,openzen,2.99%,33.69MiB / 30.66GiB,0.11%,0B / 0B,0B / 2.15MB,20
2026-07-31 00:04:19,domain_bridge,1.19%,57.52MiB / 30.66GiB,0.18%,0B / 0B,0B / 5.07MB,28
2026-07-31 00:04:19,realsense,17.02%,95.65MiB / 30.66GiB,0.30%,0B / 0B,0B / 3.29MB,33
2026-07-31 00:04:19,nav2,7.05%,185.7MiB / 30.66GiB,0.59%,0B / 0B,0B / 1.29MB,93
2026-07-31 00:04:22,trav_ros2,101.48%,417.2MiB / 30.66GiB,1.33%,0B / 0B,0B / 1.72MB,44
2026-07-31 00:04:22,foxglove,12.03%,460.1MiB / 30.66GiB,1.47%,0B / 0B,0B / 3.3MB,31
2026-07-31 00:04:22,docker-recorder-run-9b85dfd0d458,0.00%,10.29MiB / 30.66GiB,0.03%,0B / 0B,0B / 9.64MB,1
2026-07-31 00:04:22,glim,77.19%,310.8MiB / 30.66GiB,0.99%,0B / 0B,0B / 11.6MB,35
2026-07-31 00:04:22,ouster,6.94%,119.2MiB / 30.66GiB,0.38%,0B / 0B,0B / 3.01MB,29
2026-07-31 00:04:22,mapir-ffmpeg,28.55%,169.3MiB / 30.66GiB,0.54%,0B / 0B,0B / 1.41MB,33
2026-07-31 00:04:22,scovox,57.28%,362.9MiB / 30.66GiB,1.16%,0B / 0B,0B / 4.29MB,53
2026-07-31 00:04:22,openzen,2.50%,32.97MiB / 30.66GiB,0.11%,0B / 0B,0B / 2.15MB,20
2026-07-31 00:04:22,domain_bridge,0.68%,58.22MiB / 30.66GiB,0.19%,0B / 0B,0B / 5.07MB,28
2026-07-31 00:04:22,realsense,17.23%,94.89MiB / 30.66GiB,0.30%,0B / 0B,0B / 3.29MB,33
2026-07-31 00:04:22,nav2,6.60%,185.6MiB / 30.66GiB,0.59%,0B / 0B,0B / 1.29MB,93
2026-07-31 00:04:25,trav_ros2,101.63%,376.5MiB / 30.66GiB,1.20%,0B / 0B,0B / 1.72MB,44
2026-07-31 00:04:25,foxglove,12.08%,460MiB / 30.66GiB,1.47%,0B / 0B,0B / 3.3MB,31
2026-07-31 00:04:25,docker-recorder-run-9b85dfd0d458,0.00%,10.29MiB / 30.66GiB,0.03%,0B / 0B,0B / 9.64MB,1
2026-07-31 00:04:25,glim,79.54%,311.6MiB / 30.66GiB,0.99%,0B / 0B,0B / 11.6MB,35
2026-07-31 00:04:25,ouster,7.00%,119.4MiB / 30.66GiB,0.38%,0B / 0B,0B / 3.01MB,29
2026-07-31 00:04:25,mapir-ffmpeg,27.74%,168.8MiB / 30.66GiB,0.54%,0B / 0B,0B / 1.43MB,33
2026-07-31 00:04:25,scovox,77.77%,329.2MiB / 30.66GiB,1.05%,0B / 0B,0B / 4.3MB,53
2026-07-31 00:04:25,openzen,2.62%,32.97MiB / 30.66GiB,0.11%,0B / 0B,0B / 2.15MB,20
2026-07-31 00:04:25,domain_bridge,1.73%,57.71MiB / 30.66GiB,0.18%,0B / 0B,0B / 5.07MB,28
2026-07-31 00:04:25,realsense,17.37%,94.89MiB / 30.66GiB,0.30%,0B / 0B,0B / 3.29MB,33
2026-07-31 00:04:25,nav2,6.02%,185.3MiB / 30.66GiB,0.59%,0B / 0B,0B / 1.29MB,93
2026-07-31 00:04:28,trav_ros2,101.33%,377MiB / 30.66GiB,1.20%,0B / 0B,0B / 1.72MB,44
2026-07-31 00:04:28,foxglove,12.12%,460.2MiB / 30.66GiB,1.47%,0B / 0B,0B / 3.3MB,31
2026-07-31 00:04:28,docker-recorder-run-9b85dfd0d458,0.00%,10.29MiB / 30.66GiB,0.03%,0B / 0B,0B / 9.64MB,1
2026-07-31 00:04:28,glim,76.76%,311.7MiB / 30.66GiB,0.99%,0B / 0B,0B / 11.6MB,35
2026-07-31 00:04:28,ouster,7.24%,119.4MiB / 30.66GiB,0.38%,0B / 0B,0B / 3.01MB,29
2026-07-31 00:04:28,mapir-ffmpeg,28.38%,169.6MiB / 30.66GiB,0.54%,0B / 0B,0B / 1.43MB,33
2026-07-31 00:04:28,scovox,70.44%,373.7MiB / 30.66GiB,1.19%,0B / 0B,0B / 4.3MB,53
2026-07-31 00:04:28,openzen,2.71%,33.21MiB / 30.66GiB,0.11%,0B / 0B,0B / 2.15MB,20
2026-07-31 00:04:28,domain_bridge,0.67%,57.72MiB / 30.66GiB,0.18%,0B / 0B,0B / 5.07MB,28
2026-07-31 00:04:28,realsense,17.83%,95.39MiB / 30.66GiB,0.30%,0B / 0B,0B / 3.29MB,33
2026-07-31 00:04:28,nav2,6.41%,186.1MiB / 30.66GiB,0.59%,0B / 0B,0B / 1.29MB,93
2026-07-31 00:04:31,trav_ros2,101.36%,376.9MiB / 30.66GiB,1.20%,0B / 0B,0B / 1.72MB,44
2026-07-31 00:04:31,foxglove,11.22%,452.1MiB / 30.66GiB,1.44%,0B / 0B,0B / 3.3MB,31
2026-07-31 00:04:31,docker-recorder-run-9b85dfd0d458,0.00%,10.29MiB / 30.66GiB,0.03%,0B / 0B,0B / 9.64MB,1
2026-07-31 00:04:31,glim,75.18%,311MiB / 30.66GiB,0.99%,0B / 0B,0B / 11.6MB,35
2026-07-31 00:04:31,ouster,6.97%,119.3MiB / 30.66GiB,0.38%,0B / 0B,0B / 3.01MB,29
2026-07-31 00:04:31,mapir-ffmpeg,27.85%,168.8MiB / 30.66GiB,0.54%,0B / 0B,0B / 1.43MB,33
2026-07-31 00:04:31,scovox,60.31%,360.4MiB / 30.66GiB,1.15%,0B / 0B,0B / 4.3MB,53
2026-07-31 00:04:31,openzen,2.62%,32.97MiB / 30.66GiB,0.11%,0B / 0B,0B / 2.15MB,20
2026-07-31 00:04:31,domain_bridge,0.19%,57.82MiB / 30.66GiB,0.18%,0B / 0B,0B / 5.07MB,28
2026-07-31 00:04:31,realsense,17.56%,94.89MiB / 30.66GiB,0.30%,0B / 0B,0B / 3.29MB,33
2026-07-31 00:04:31,nav2,5.49%,185.5MiB / 30.66GiB,0.59%,0B / 0B,0B / 1.31MB,93
2026-07-31 00:04:35,trav_ros2,101.59%,377.3MiB / 30.66GiB,1.20%,0B / 0B,0B / 1.72MB,44
2026-07-31 00:04:35,foxglove,11.78%,452.3MiB / 30.66GiB,1.44%,0B / 0B,0B / 3.3MB,31
2026-07-31 00:04:35,docker-recorder-run-9b85dfd0d458,0.00%,10.29MiB / 30.66GiB,0.03%,0B / 0B,0B / 9.64MB,1
2026-07-31 00:04:35,glim,74.53%,313.6MiB / 30.66GiB,1.00%,0B / 0B,0B / 11.6MB,35
2026-07-31 00:04:35,ouster,7.49%,119.6MiB / 30.66GiB,0.38%,0B / 0B,0B / 3.01MB,29
2026-07-31 00:04:35,mapir-ffmpeg,28.80%,169.4MiB / 30.66GiB,0.54%,0B / 0B,0B / 1.43MB,33
2026-07-31 00:04:35,scovox,79.93%,330.7MiB / 30.66GiB,1.05%,0B / 0B,0B / 4.3MB,53
2026-07-31 00:04:35,openzen,2.80%,33MiB / 30.66GiB,0.11%,0B / 0B,0B / 2.15MB,20
2026-07-31 00:04:35,domain_bridge,1.25%,58.32MiB / 30.66GiB,0.19%,0B / 0B,0B / 5.07MB,28
2026-07-31 00:04:35,realsense,17.48%,95.14MiB / 30.66GiB,0.30%,0B / 0B,0B / 3.29MB,33
2026-07-31 00:04:35,nav2,6.91%,186.3MiB / 30.66GiB,0.59%,0B / 0B,0B / 1.31MB,93
2026-07-31 00:04:38,trav_ros2,101.28%,377.1MiB / 30.66GiB,1.20%,0B / 0B,0B / 1.74MB,44
2026-07-31 00:04:38,foxglove,11.85%,460.2MiB / 30.66GiB,1.47%,0B / 0B,0B / 3.3MB,31
2026-07-31 00:04:38,docker-recorder-run-9b85dfd0d458,0.00%,10.29MiB / 30.66GiB,0.03%,0B / 0B,0B / 9.64MB,1
2026-07-31 00:04:38,glim,90.01%,313.7MiB / 30.66GiB,1.00%,0B / 0B,0B / 11.6MB,35
2026-07-31 00:04:38,ouster,6.96%,119.5MiB / 30.66GiB,0.38%,0B / 0B,0B / 3.01MB,29
2026-07-31 00:04:38,mapir-ffmpeg,28.46%,169.4MiB / 30.66GiB,0.54%,0B / 0B,0B / 1.43MB,33
2026-07-31 00:04:38,scovox,56.26%,367.9MiB / 30.66GiB,1.17%,0B / 0B,0B / 4.3MB,53
2026-07-31 00:04:38,openzen,2.56%,32.97MiB / 30.66GiB,0.11%,0B / 0B,0B / 2.15MB,20
2026-07-31 00:04:38,domain_bridge,0.71%,57.24MiB / 30.66GiB,0.18%,0B / 0B,0B / 5.07MB,28
2026-07-31 00:04:38,realsense,17.31%,94.89MiB / 30.66GiB,0.30%,0B / 0B,0B / 3.29MB,33
2026-07-31 00:04:38,nav2,6.29%,185.6MiB / 30.66GiB,0.59%,0B / 0B,0B / 1.31MB,93
2026-07-31 00:04:41,trav_ros2,101.10%,376.9MiB / 30.66GiB,1.20%,0B / 0B,0B / 1.74MB,44
2026-07-31 00:04:41,foxglove,11.82%,460.1MiB / 30.66GiB,1.47%,0B / 0B,0B / 3.3MB,31
2026-07-31 00:04:41,docker-recorder-run-9b85dfd0d458,0.00%,10.29MiB / 30.66GiB,0.03%,0B / 0B,0B / 9.64MB,1
2026-07-31 00:04:41,glim,80.39%,313.6MiB / 30.66GiB,1.00%,0B / 0B,0B / 11.6MB,35
2026-07-31 00:04:41,ouster,7.44%,119MiB / 30.66GiB,0.38%,0B / 0B,0B / 3.01MB,29
2026-07-31 00:04:41,mapir-ffmpeg,28.61%,168.9MiB / 30.66GiB,0.54%,0B / 0B,0B / 1.43MB,33
2026-07-31 00:04:41,scovox,78.85%,330.6MiB / 30.66GiB,1.05%,0B / 0B,0B / 4.39MB,53
2026-07-31 00:04:41,openzen,2.48%,32.97MiB / 30.66GiB,0.11%,0B / 0B,0B / 2.15MB,20
2026-07-31 00:04:41,domain_bridge,0.88%,57.72MiB / 30.66GiB,0.18%,0B / 0B,0B / 5.07MB,28
2026-07-31 00:04:41,realsense,16.90%,94.89MiB / 30.66GiB,0.30%,0B / 0B,0B / 3.29MB,33
2026-07-31 00:04:41,nav2,6.34%,185.5MiB / 30.66GiB,0.59%,0B / 0B,0B / 1.31MB,93
2026-07-31 00:04:44,trav_ros2,102.31%,434.1MiB / 30.66GiB,1.38%,0B / 0B,0B / 1.74MB,44
2026-07-31 00:04:44,foxglove,12.39%,459.8MiB / 30.66GiB,1.46%,0B / 0B,0B / 3.3MB,31
2026-07-31 00:04:44,docker-recorder-run-9b85dfd0d458,0.00%,10.29MiB / 30.66GiB,0.03%,0B / 0B,0B / 9.64MB,1
2026-07-31 00:04:44,glim,78.86%,313.4MiB / 30.66GiB,1.00%,0B / 0B,0B / 11.6MB,35
2026-07-31 00:04:44,ouster,7.67%,119.7MiB / 30.66GiB,0.38%,0B / 0B,0B / 3.01MB,29
2026-07-31 00:04:44,mapir-ffmpeg,28.78%,169.2MiB / 30.66GiB,0.54%,0B / 0B,0B / 1.43MB,33
2026-07-31 00:04:44,scovox,66.15%,372.5MiB / 30.66GiB,1.19%,0B / 0B,0B / 4.39MB,53
2026-07-31 00:04:44,openzen,2.66%,32.97MiB / 30.66GiB,0.11%,0B / 0B,0B / 2.15MB,20
2026-07-31 00:04:44,domain_bridge,0.66%,57.95MiB / 30.66GiB,0.18%,0B / 0B,0B / 5.07MB,28
2026-07-31 00:04:44,realsense,17.82%,95.12MiB / 30.66GiB,0.30%,0B / 0B,0B / 3.29MB,33
2026-07-31 00:04:44,nav2,6.22%,182MiB / 30.66GiB,0.58%,0B / 0B,0B / 1.31MB,93
2026-07-31 00:04:47,trav_ros2,101.73%,376.2MiB / 30.66GiB,1.20%,0B / 0B,0B / 1.74MB,44
2026-07-31 00:04:47,foxglove,11.88%,460MiB / 30.66GiB,1.47%,0B / 0B,0B / 3.3MB,31
2026-07-31 00:04:47,docker-recorder-run-9b85dfd0d458,0.00%,10.29MiB / 30.66GiB,0.03%,0B / 0B,0B / 9.64MB,1
2026-07-31 00:04:47,glim,77.23%,313.4MiB / 30.66GiB,1.00%,0B / 0B,0B / 11.6MB,35
2026-07-31 00:04:47,ouster,6.87%,119.2MiB / 30.66GiB,0.38%,0B / 0B,0B / 3.01MB,29
2026-07-31 00:04:47,mapir-ffmpeg,27.88%,169MiB / 30.66GiB,0.54%,0B / 0B,0B / 1.43MB,33
2026-07-31 00:04:47,scovox,69.31%,356.7MiB / 30.66GiB,1.14%,0B / 0B,0B / 4.39MB,53
2026-07-31 00:04:47,openzen,2.64%,32.97MiB / 30.66GiB,0.11%,0B / 0B,0B / 2.15MB,20
2026-07-31 00:04:47,domain_bridge,0.20%,57.24MiB / 30.66GiB,0.18%,0B / 0B,0B / 5.07MB,28
2026-07-31 00:04:47,realsense,16.94%,94.89MiB / 30.66GiB,0.30%,0B / 0B,0B / 3.29MB,33
2026-07-31 00:04:47,nav2,5.92%,185.8MiB / 30.66GiB,0.59%,0B / 0B,0B / 1.31MB,93
2026-07-31 00:04:50,trav_ros2,100.89%,376.4MiB / 30.66GiB,1.20%,0B / 0B,0B / 1.74MB,44
2026-07-31 00:04:50,foxglove,12.19%,460MiB / 30.66GiB,1.47%,0B / 0B,0B / 3.3MB,31
2026-07-31 00:04:50,docker-recorder-run-9b85dfd0d458,0.00%,10.29MiB / 30.66GiB,0.03%,0B / 0B,0B / 9.64MB,1
2026-07-31 00:04:50,glim,80.06%,301.2MiB / 30.66GiB,0.96%,0B / 0B,0B / 11.6MB,35
2026-07-31 00:04:50,ouster,7.43%,119.4MiB / 30.66GiB,0.38%,0B / 0B,0B / 3.01MB,29
2026-07-31 00:04:50,mapir-ffmpeg,29.00%,169.5MiB / 30.66GiB,0.54%,0B / 0B,0B / 1.43MB,33
2026-07-31 00:04:50,scovox,79.86%,330.9MiB / 30.66GiB,1.05%,0B / 0B,0B / 4.39MB,53
2026-07-31 00:04:50,openzen,2.75%,33.22MiB / 30.66GiB,0.11%,0B / 0B,0B / 2.15MB,20
2026-07-31 00:04:50,domain_bridge,0.99%,58.18MiB / 30.66GiB,0.19%,0B / 0B,0B / 5.07MB,28
2026-07-31 00:04:50,realsense,17.10%,95.14MiB / 30.66GiB,0.30%,0B / 0B,0B / 3.29MB,33
2026-07-31 00:04:50,nav2,6.97%,190.7MiB / 30.66GiB,0.61%,0B / 0B,0B / 1.31MB,93
2026-07-31 00:04:54,trav_ros2,101.28%,377.6MiB / 30.66GiB,1.20%,0B / 0B,0B / 1.74MB,44
2026-07-31 00:04:54,foxglove,11.77%,452.3MiB / 30.66GiB,1.44%,0B / 0B,0B / 3.3MB,31
2026-07-31 00:04:54,docker-recorder-run-9b85dfd0d458,0.00%,10.29MiB / 30.66GiB,0.03%,0B / 0B,0B / 9.64MB,1
2026-07-31 00:04:54,glim,78.38%,305MiB / 30.66GiB,0.97%,0B / 0B,0B / 11.6MB,35
2026-07-31 00:04:54,ouster,7.27%,119.6MiB / 30.66GiB,0.38%,0B / 0B,0B / 3.01MB,29
2026-07-31 00:04:54,mapir-ffmpeg,28.47%,169.6MiB / 30.66GiB,0.54%,0B / 0B,0B / 1.43MB,33
2026-07-31 00:04:54,scovox,55.95%,364.8MiB / 30.66GiB,1.16%,0B / 0B,0B / 4.39MB,53
2026-07-31 00:04:54,openzen,2.48%,33.22MiB / 30.66GiB,0.11%,0B / 0B,0B / 2.15MB,20
2026-07-31 00:04:54,domain_bridge,0.43%,58.03MiB / 30.66GiB,0.18%,0B / 0B,0B / 5.07MB,28
2026-07-31 00:04:54,realsense,17.16%,94.89MiB / 30.66GiB,0.30%,0B / 0B,0B / 3.29MB,33
2026-07-31 00:04:54,nav2,5.75%,185.8MiB / 30.66GiB,0.59%,0B / 0B,0B / 1.31MB,93
2026-07-31 00:04:57,trav_ros2,101.60%,377MiB / 30.66GiB,1.20%,0B / 0B,0B / 1.74MB,44
2026-07-31 00:04:57,foxglove,11.94%,460.2MiB / 30.66GiB,1.47%,0B / 0B,0B / 3.3MB,31
2026-07-31 00:04:57,docker-recorder-run-9b85dfd0d458,0.00%,10.29MiB / 30.66GiB,0.03%,0B / 0B,0B / 9.64MB,1
2026-07-31 00:04:57,glim,80.92%,314.7MiB / 30.66GiB,1.00%,0B / 0B,0B / 11.6MB,35
2026-07-31 00:04:57,ouster,7.48%,119.4MiB / 30.66GiB,0.38%,0B / 0B,0B / 3.01MB,29
2026-07-31 00:04:57,mapir-ffmpeg,28.06%,169.1MiB / 30.66GiB,0.54%,0B / 0B,0B / 1.43MB,33
2026-07-31 00:04:57,scovox,79.17%,330MiB / 30.66GiB,1.05%,0B / 0B,0B / 4.4MB,53
2026-07-31 00:04:57,openzen,2.67%,32.97MiB / 30.66GiB,0.11%,0B / 0B,0B / 2.15MB,20
2026-07-31 00:04:57,domain_bridge,1.22%,58.42MiB / 30.66GiB,0.19%,0B / 0B,0B / 5.07MB,28
2026-07-31 00:04:57,realsense,17.76%,94.89MiB / 30.66GiB,0.30%,0B / 0B,0B / 3.29MB,33
2026-07-31 00:04:57,nav2,6.20%,189.7MiB / 30.66GiB,0.60%,0B / 0B,0B / 1.31MB,93
2026-07-31 00:05:00,trav_ros2,101.82%,377.1MiB / 30.66GiB,1.20%,0B / 0B,0B / 1.74MB,44
2026-07-31 00:05:00,foxglove,11.64%,460.4MiB / 30.66GiB,1.47%,0B / 0B,0B / 3.3MB,31
2026-07-31 00:05:00,docker-recorder-run-9b85dfd0d458,0.00%,10.29MiB / 30.66GiB,0.03%,0B / 0B,0B / 9.64MB,1
2026-07-31 00:05:00,glim,78.81%,314.8MiB / 30.66GiB,1.00%,0B / 0B,0B / 11.6MB,35
2026-07-31 00:05:00,ouster,7.66%,119.8MiB / 30.66GiB,0.38%,0B / 0B,0B / 3.01MB,29
2026-07-31 00:05:00,mapir-ffmpeg,28.40%,169.4MiB / 30.66GiB,0.54%,0B / 0B,0B / 1.44MB,33
2026-07-31 00:05:00,scovox,61.98%,374.1MiB / 30.66GiB,1.19%,0B / 0B,0B / 4.4MB,53
2026-07-31 00:05:00,openzen,2.66%,32.97MiB / 30.66GiB,0.11%,0B / 0B,0B / 2.15MB,20
2026-07-31 00:05:00,domain_bridge,0.47%,57.73MiB / 30.66GiB,0.18%,0B / 0B,0B / 5.07MB,28
2026-07-31 00:05:00,realsense,17.37%,95.62MiB / 30.66GiB,0.30%,0B / 0B,0B / 3.29MB,33
2026-07-31 00:05:00,nav2,6.24%,182.9MiB / 30.66GiB,0.58%,0B / 0B,0B / 1.31MB,93
2026-07-31 00:05:03,trav_ros2,101.96%,377.2MiB / 30.66GiB,1.20%,0B / 0B,0B / 1.74MB,44
2026-07-31 00:05:03,foxglove,12.27%,460.3MiB / 30.66GiB,1.47%,0B / 0B,0B / 3.3MB,31
2026-07-31 00:05:03,docker-recorder-run-9b85dfd0d458,0.00%,10.29MiB / 30.66GiB,0.03%,0B / 0B,0B / 9.64MB,1
2026-07-31 00:05:03,glim,85.13%,314.9MiB / 30.66GiB,1.00%,0B / 0B,0B / 11.6MB,35
2026-07-31 00:05:03,ouster,6.98%,119.4MiB / 30.66GiB,0.38%,0B / 0B,0B / 3.01MB,29
2026-07-31 00:05:03,mapir-ffmpeg,28.57%,169.2MiB / 30.66GiB,0.54%,0B / 0B,0B / 1.44MB,33
2026-07-31 00:05:03,scovox,72.38%,355.1MiB / 30.66GiB,1.13%,0B / 0B,0B / 4.4MB,53
2026-07-31 00:05:03,openzen,2.62%,32.97MiB / 30.66GiB,0.11%,0B / 0B,0B / 2.15MB,20
2026-07-31 00:05:03,domain_bridge,0.53%,57.97MiB / 30.66GiB,0.18%,0B / 0B,0B / 5.07MB,28
2026-07-31 00:05:03,realsense,17.21%,94.89MiB / 30.66GiB,0.30%,0B / 0B,0B / 3.29MB,33
2026-07-31 00:05:03,nav2,5.92%,186.1MiB / 30.66GiB,0.59%,0B / 0B,0B / 1.32MB,93
2026-07-31 00:05:06,trav_ros2,101.55%,422.3MiB / 30.66GiB,1.35%,0B / 0B,0B / 1.74MB,44
2026-07-31 00:05:06,foxglove,11.54%,452.7MiB / 30.66GiB,1.44%,0B / 0B,0B / 3.3MB,31
2026-07-31 00:05:06,docker-recorder-run-9b85dfd0d458,0.00%,10.29MiB / 30.66GiB,0.03%,0B / 0B,0B / 9.64MB,1
2026-07-31 00:05:06,glim,75.20%,314.5MiB / 30.66GiB,1.00%,0B / 0B,0B / 11.6MB,35
2026-07-31 00:05:06,ouster,7.25%,120.6MiB / 30.66GiB,0.38%,0B / 0B,0B / 3.01MB,29
2026-07-31 00:05:06,mapir-ffmpeg,29.23%,169.7MiB / 30.66GiB,0.54%,0B / 0B,0B / 1.44MB,33
2026-07-31 00:05:06,scovox,78.20%,330.7MiB / 30.66GiB,1.05%,0B / 0B,0B / 4.4MB,53
2026-07-31 00:05:06,openzen,2.79%,33.21MiB / 30.66GiB,0.11%,0B / 0B,0B / 2.15MB,20
2026-07-31 00:05:06,domain_bridge,1.24%,58.03MiB / 30.66GiB,0.18%,0B / 0B,0B / 5.07MB,28
2026-07-31 00:05:06,realsense,17.20%,95.13MiB / 30.66GiB,0.30%,0B / 0B,0B / 3.29MB,33
2026-07-31 00:05:06,nav2,6.65%,190.6MiB / 30.66GiB,0.61%,0B / 0B,0B / 1.32MB,93
2026-07-31 00:05:09,trav_ros2,101.21%,377.4MiB / 30.66GiB,1.20%,0B / 0B,0B / 1.75MB,44
2026-07-31 00:05:09,foxglove,11.90%,460.2MiB / 30.66GiB,1.47%,0B / 0B,0B / 3.3MB,31
2026-07-31 00:05:09,docker-recorder-run-9b85dfd0d458,0.00%,10.29MiB / 30.66GiB,0.03%,0B / 0B,0B / 9.64MB,1
2026-07-31 00:05:09,glim,74.03%,311.8MiB / 30.66GiB,0.99%,0B / 0B,0B / 11.6MB,35
2026-07-31 00:05:09,ouster,6.90%,119.3MiB / 30.66GiB,0.38%,0B / 0B,0B / 3.01MB,29
2026-07-31 00:05:09,mapir-ffmpeg,28.56%,169.7MiB / 30.66GiB,0.54%,0B / 0B,0B / 1.44MB,33
2026-07-31 00:05:09,scovox,58.33%,362.6MiB / 30.66GiB,1.15%,0B / 0B,0B / 4.4MB,53
2026-07-31 00:05:09,openzen,2.45%,32.97MiB / 30.66GiB,0.11%,0B / 0B,0B / 2.15MB,20
2026-07-31 00:05:09,domain_bridge,0.73%,57.87MiB / 30.66GiB,0.18%,0B / 0B,0B / 5.07MB,28
2026-07-31 00:05:09,realsense,16.87%,95.63MiB / 30.66GiB,0.30%,0B / 0B,0B / 3.29MB,33
2026-07-31 00:05:09,nav2,5.77%,186MiB / 30.66GiB,0.59%,0B / 0B,0B / 1.32MB,93
2026-07-31 00:05:13,trav_ros2,101.37%,377.3MiB / 30.66GiB,1.20%,0B / 0B,0B / 1.75MB,44
2026-07-31 00:05:13,foxglove,12.42%,460.2MiB / 30.66GiB,1.47%,0B / 0B,0B / 3.3MB,31
2026-07-31 00:05:13,docker-recorder-run-9b85dfd0d458,0.00%,10.29MiB / 30.66GiB,0.03%,0B / 0B,0B / 9.64MB,1
2026-07-31 00:05:13,glim,76.26%,319.6MiB / 30.66GiB,1.02%,0B / 0B,0B / 11.6MB,35
2026-07-31 00:05:13,ouster,6.98%,119.5MiB / 30.66GiB,0.38%,0B / 0B,0B / 3.01MB,29
2026-07-31 00:05:13,mapir-ffmpeg,28.75%,169.2MiB / 30.66GiB,0.54%,0B / 0B,0B / 1.44MB,33
2026-07-31 00:05:13,scovox,78.35%,330.7MiB / 30.66GiB,1.05%,0B / 0B,0B / 4.48MB,53
2026-07-31 00:05:13,openzen,2.48%,32.97MiB / 30.66GiB,0.11%,0B / 0B,0B / 2.15MB,20
2026-07-31 00:05:13,domain_bridge,1.61%,58.57MiB / 30.66GiB,0.19%,0B / 0B,0B / 5.07MB,28
2026-07-31 00:05:13,realsense,16.74%,94.89MiB / 30.66GiB,0.30%,0B / 0B,0B / 3.29MB,33
2026-07-31 00:05:13,nav2,6.10%,189.8MiB / 30.66GiB,0.60%,0B / 0B,0B / 1.32MB,93
2026-07-31 00:05:16,trav_ros2,101.79%,377.9MiB / 30.66GiB,1.20%,0B / 0B,0B / 1.75MB,44
2026-07-31 00:05:16,foxglove,11.61%,460.5MiB / 30.66GiB,1.47%,0B / 0B,0B / 3.3MB,31
2026-07-31 00:05:16,docker-recorder-run-9b85dfd0d458,0.00%,10.29MiB / 30.66GiB,0.03%,0B / 0B,0B / 9.64MB,1
2026-07-31 00:05:16,glim,78.94%,327.6MiB / 30.66GiB,1.04%,0B / 0B,0B / 11.6MB,35
2026-07-31 00:05:16,ouster,7.51%,119.5MiB / 30.66GiB,0.38%,0B / 0B,0B / 3.01MB,29
2026-07-31 00:05:16,mapir-ffmpeg,27.99%,169.8MiB / 30.66GiB,0.54%,0B / 0B,0B / 1.44MB,33
2026-07-31 00:05:16,scovox,56.97%,371.6MiB / 30.66GiB,1.18%,0B / 0B,0B / 4.48MB,53
2026-07-31 00:05:16,openzen,2.62%,32.97MiB / 30.66GiB,0.11%,0B / 0B,0B / 2.15MB,20
2026-07-31 00:05:16,domain_bridge,0.41%,58.64MiB / 30.66GiB,0.19%,0B / 0B,0B / 5.07MB,28
2026-07-31 00:05:16,realsense,16.85%,95.13MiB / 30.66GiB,0.30%,0B / 0B,0B / 3.29MB,33
2026-07-31 00:05:16,nav2,6.40%,186.7MiB / 30.66GiB,0.59%,0B / 0B,0B / 1.32MB,93
2026-07-31 00:05:19,trav_ros2,101.96%,376.6MiB / 30.66GiB,1.20%,0B / 0B,0B / 1.75MB,44
2026-07-31 00:05:19,foxglove,11.21%,460.6MiB / 30.66GiB,1.47%,0B / 0B,0B / 3.3MB,31
2026-07-31 00:05:19,docker-recorder-run-9b85dfd0d458,0.00%,10.29MiB / 30.66GiB,0.03%,0B / 0B,0B / 9.64MB,1
2026-07-31 00:05:19,glim,77.66%,328.2MiB / 30.66GiB,1.05%,0B / 0B,0B / 11.6MB,35
2026-07-31 00:05:19,ouster,7.24%,119.4MiB / 30.66GiB,0.38%,0B / 0B,0B / 3.01MB,29
2026-07-31 00:05:19,mapir-ffmpeg,29.02%,169.3MiB / 30.66GiB,0.54%,0B / 0B,0B / 1.44MB,33
2026-07-31 00:05:19,scovox,76.15%,330.8MiB / 30.66GiB,1.05%,0B / 0B,0B / 4.48MB,53
2026-07-31 00:05:19,openzen,2.64%,32.97MiB / 30.66GiB,0.11%,0B / 0B,0B / 2.15MB,20
2026-07-31 00:05:19,domain_bridge,0.54%,58.72MiB / 30.66GiB,0.19%,0B / 0B,0B / 5.07MB,28
2026-07-31 00:05:19,realsense,17.05%,94.89MiB / 30.66GiB,0.30%,0B / 0B,0B / 3.29MB,33
2026-07-31 00:05:19,nav2,5.49%,190.6MiB / 30.66GiB,0.61%,0B / 0B,0B / 1.32MB,93
2026-07-31 00:05:22,trav_ros2,101.40%,376.8MiB / 30.66GiB,1.20%,0B / 0B,0B / 1.75MB,44
2026-07-31 00:05:22,foxglove,11.14%,459.9MiB / 30.66GiB,1.46%,0B / 0B,0B / 3.3MB,31
2026-07-31 00:05:22,docker-recorder-run-9b85dfd0d458,0.00%,10.29MiB / 30.66GiB,0.03%,0B / 0B,0B / 9.64MB,1
2026-07-31 00:05:22,glim,74.59%,328.3MiB / 30.66GiB,1.05%,0B / 0B,0B / 11.6MB,35
2026-07-31 00:05:22,ouster,7.37%,120MiB / 30.66GiB,0.38%,0B / 0B,0B / 3.01MB,29
2026-07-31 00:05:22,mapir-ffmpeg,28.47%,170.1MiB / 30.66GiB,0.54%,0B / 0B,0B / 1.44MB,33
2026-07-31 00:05:22,scovox,72.68%,330.6MiB / 30.66GiB,1.05%,0B / 0B,0B / 4.48MB,53
2026-07-31 00:05:22,openzen,2.90%,32.97MiB / 30.66GiB,0.11%,0B / 0B,0B / 2.15MB,20
2026-07-31 00:05:22,domain_bridge,1.16%,58.39MiB / 30.66GiB,0.19%,0B / 0B,0B / 5.07MB,28
2026-07-31 00:05:22,realsense,17.45%,95.38MiB / 30.66GiB,0.30%,0B / 0B,0B / 3.29MB,33
2026-07-31 00:05:22,nav2,6.55%,191.3MiB / 30.66GiB,0.61%,0B / 0B,0B / 1.32MB,93
2026-07-31 00:05:25,trav_ros2,101.25%,378.3MiB / 30.66GiB,1.20%,0B / 0B,0B / 1.75MB,44
2026-07-31 00:05:25,foxglove,11.12%,451.8MiB / 30.66GiB,1.44%,0B / 0B,0B / 3.3MB,31
2026-07-31 00:05:25,docker-recorder-run-9b85dfd0d458,0.00%,10.29MiB / 30.66GiB,0.03%,0B / 0B,0B / 9.64MB,1
2026-07-31 00:05:25,glim,80.39%,334.5MiB / 30.66GiB,1.07%,0B / 0B,0B / 11.6MB,35
2026-07-31 00:05:25,ouster,6.96%,119.7MiB / 30.66GiB,0.38%,0B / 0B,0B / 3.01MB,29
2026-07-31 00:05:25,mapir-ffmpeg,28.28%,169.6MiB / 30.66GiB,0.54%,0B / 0B,0B / 1.44MB,33
2026-07-31 00:05:25,scovox,56.20%,360.3MiB / 30.66GiB,1.15%,0B / 0B,0B / 4.48MB,53
2026-07-31 00:05:25,openzen,2.78%,32.97MiB / 30.66GiB,0.11%,0B / 0B,0B / 2.15MB,20
2026-07-31 00:05:25,domain_bridge,0.52%,58.85MiB / 30.66GiB,0.19%,0B / 0B,0B / 5.07MB,28
2026-07-31 00:05:25,realsense,17.21%,95.38MiB / 30.66GiB,0.30%,0B / 0B,0B / 3.29MB,33
2026-07-31 00:05:25,nav2,5.65%,190.2MiB / 30.66GiB,0.61%,0B / 0B,0B / 1.32MB,93
2026-07-31 00:05:29,trav_ros2,101.56%,376.7MiB / 30.66GiB,1.20%,0B / 0B,0B / 1.75MB,44
2026-07-31 00:05:29,foxglove,12.24%,462.2MiB / 30.66GiB,1.47%,0B / 0B,0B / 3.3MB,31
2026-07-31 00:05:29,docker-recorder-run-9b85dfd0d458,0.00%,10.29MiB / 30.66GiB,0.03%,0B / 0B,0B / 9.64MB,1
2026-07-31 00:05:29,glim,79.11%,303.1MiB / 30.66GiB,0.97%,0B / 0B,0B / 11.6MB,35
2026-07-31 00:05:29,ouster,7.76%,119.3MiB / 30.66GiB,0.38%,0B / 0B,0B / 3.01MB,29
2026-07-31 00:05:29,mapir-ffmpeg,28.22%,169.3MiB / 30.66GiB,0.54%,0B / 0B,0B / 1.44MB,33
2026-07-31 00:05:29,scovox,79.13%,331.9MiB / 30.66GiB,1.06%,0B / 0B,0B / 4.48MB,53
2026-07-31 00:05:29,openzen,2.55%,32.97MiB / 30.66GiB,0.11%,0B / 0B,0B / 2.15MB,20
2026-07-31 00:05:29,domain_bridge,1.47%,59.25MiB / 30.66GiB,0.19%,0B / 0B,0B / 5.07MB,28
2026-07-31 00:05:29,realsense,17.63%,94.89MiB / 30.66GiB,0.30%,0B / 0B,0B / 3.29MB,33
2026-07-31 00:05:29,nav2,5.63%,189.9MiB / 30.66GiB,0.60%,0B / 0B,0B / 1.32MB,93
2026-07-31 00:05:32,trav_ros2,101.77%,377.2MiB / 30.66GiB,1.20%,0B / 0B,0B / 1.75MB,44
2026-07-31 00:05:32,foxglove,11.78%,460.3MiB / 30.66GiB,1.47%,0B / 0B,0B / 3.3MB,31
2026-07-31 00:05:32,docker-recorder-run-9b85dfd0d458,0.00%,10.29MiB / 30.66GiB,0.03%,0B / 0B,0B / 9.64MB,1
2026-07-31 00:05:32,glim,81.46%,310.1MiB / 30.66GiB,0.99%,0B / 0B,0B / 11.6MB,35
2026-07-31 00:05:32,ouster,7.60%,119.5MiB / 30.66GiB,0.38%,0B / 0B,0B / 3.01MB,29
2026-07-31 00:05:32,mapir-ffmpeg,28.05%,169.3MiB / 30.66GiB,0.54%,0B / 0B,0B / 1.44MB,33
2026-07-31 00:05:32,scovox,55.75%,369.7MiB / 30.66GiB,1.18%,0B / 0B,0B / 4.49MB,53
2026-07-31 00:05:32,openzen,2.66%,32.97MiB / 30.66GiB,0.11%,0B / 0B,0B / 2.15MB,20
2026-07-31 00:05:32,domain_bridge,0.29%,58.53MiB / 30.66GiB,0.19%,0B / 0B,0B / 5.07MB,28
2026-07-31 00:05:32,realsense,17.22%,94.89MiB / 30.66GiB,0.30%,0B / 0B,0B / 3.29MB,33
2026-07-31 00:05:32,nav2,6.00%,190.2MiB / 30.66GiB,0.61%,0B / 0B,0B / 1.32MB,93
2026-07-31 00:05:35,trav_ros2,101.59%,377.4MiB / 30.66GiB,1.20%,0B / 0B,0B / 1.75MB,44
2026-07-31 00:05:35,foxglove,11.48%,460.2MiB / 30.66GiB,1.47%,0B / 0B,0B / 3.3MB,31
2026-07-31 00:05:35,docker-recorder-run-9b85dfd0d458,0.00%,10.29MiB / 30.66GiB,0.03%,0B / 0B,0B / 9.64MB,1
2026-07-31 00:05:35,glim,73.97%,332.2MiB / 30.66GiB,1.06%,0B / 0B,0B / 11.6MB,35
2026-07-31 00:05:35,ouster,7.16%,119.5MiB / 30.66GiB,0.38%,0B / 0B,0B / 3.01MB,29
2026-07-31 00:05:35,mapir-ffmpeg,28.29%,169.6MiB / 30.66GiB,0.54%,0B / 0B,0B / 1.45MB,33
2026-07-31 00:05:35,scovox,83.23%,331.9MiB / 30.66GiB,1.06%,0B / 0B,0B / 4.49MB,53
2026-07-31 00:05:35,openzen,2.47%,32.97MiB / 30.66GiB,0.11%,0B / 0B,0B / 2.15MB,20
2026-07-31 00:05:35,domain_bridge,0.63%,58.65MiB / 30.66GiB,0.19%,0B / 0B,0B / 5.07MB,28
2026-07-31 00:05:35,realsense,16.98%,95.14MiB / 30.66GiB,0.30%,0B / 0B,0B / 3.29MB,33
2026-07-31 00:05:35,nav2,5.84%,190MiB / 30.66GiB,0.61%,0B / 0B,0B / 1.32MB,93
2026-07-31 00:05:38,trav_ros2,101.30%,378MiB / 30.66GiB,1.20%,0B / 0B,0B / 1.75MB,44
2026-07-31 00:05:38,foxglove,11.88%,460.6MiB / 30.66GiB,1.47%,0B / 0B,0B / 3.3MB,31
2026-07-31 00:05:38,docker-recorder-run-9b85dfd0d458,0.00%,10.29MiB / 30.66GiB,0.03%,0B / 0B,0B / 9.64MB,1
2026-07-31 00:05:38,glim,76.46%,332.7MiB / 30.66GiB,1.06%,0B / 0B,0B / 11.6MB,35
2026-07-31 00:05:38,ouster,7.41%,119.6MiB / 30.66GiB,0.38%,0B / 0B,0B / 3.01MB,29
2026-07-31 00:05:38,mapir-ffmpeg,27.78%,169.6MiB / 30.66GiB,0.54%,0B / 0B,0B / 1.45MB,33
2026-07-31 00:05:38,scovox,69.60%,372.9MiB / 30.66GiB,1.19%,0B / 0B,0B / 4.49MB,53
2026-07-31 00:05:38,openzen,2.70%,33.21MiB / 30.66GiB,0.11%,0B / 0B,0B / 2.15MB,20
2026-07-31 00:05:38,domain_bridge,1.28%,58.11MiB / 30.66GiB,0.19%,0B / 0B,0B / 5.07MB,28
2026-07-31 00:05:38,realsense,17.59%,95.66MiB / 30.66GiB,0.30%,0B / 0B,0B / 3.29MB,33
2026-07-31 00:05:38,nav2,6.83%,191.4MiB / 30.66GiB,0.61%,0B / 0B,0B / 1.34MB,93
2026-07-31 00:05:41,trav_ros2,101.04%,378.5MiB / 30.66GiB,1.21%,0B / 0B,0B / 1.77MB,44
2026-07-31 00:05:41,foxglove,11.86%,460.2MiB / 30.66GiB,1.47%,0B / 0B,0B / 3.3MB,31
2026-07-31 00:05:41,docker-recorder-run-9b85dfd0d458,0.00%,10.29MiB / 30.66GiB,0.03%,0B / 0B,0B / 9.64MB,1
2026-07-31 00:05:41,glim,75.19%,310.5MiB / 30.66GiB,0.99%,0B / 0B,0B / 11.6MB,35
2026-07-31 00:05:41,ouster,7.80%,119.3MiB / 30.66GiB,0.38%,0B / 0B,0B / 3.01MB,29
2026-07-31 00:05:41,mapir-ffmpeg,27.94%,169.3MiB / 30.66GiB,0.54%,0B / 0B,0B / 1.45MB,33
2026-07-31 00:05:41,scovox,66.87%,359.6MiB / 30.66GiB,1.15%,0B / 0B,0B / 4.49MB,53
2026-07-31 00:05:41,openzen,2.53%,32.97MiB / 30.66GiB,0.11%,0B / 0B,0B / 2.15MB,20
2026-07-31 00:05:41,domain_bridge,0.71%,59.59MiB / 30.66GiB,0.19%,0B / 0B,0B / 5.07MB,28
2026-07-31 00:05:41,realsense,17.35%,95.36MiB / 30.66GiB,0.30%,0B / 0B,0B / 3.29MB,33
2026-07-31 00:05:41,nav2,6.19%,190.4MiB / 30.66GiB,0.61%,0B / 0B,0B / 1.34MB,93
2026-07-31 00:05:44,trav_ros2,100.78%,377.7MiB / 30.66GiB,1.20%,0B / 0B,0B / 1.77MB,44
2026-07-31 00:05:44,foxglove,11.84%,460.2MiB / 30.66GiB,1.47%,0B / 0B,0B / 3.3MB,31
2026-07-31 00:05:44,docker-recorder-run-9b85dfd0d458,0.00%,10.29MiB / 30.66GiB,0.03%,0B / 0B,0B / 9.64MB,1
2026-07-31 00:05:44,glim,80.71%,315.7MiB / 30.66GiB,1.01%,0B / 0B,0B / 11.6MB,35
2026-07-31 00:05:44,ouster,7.22%,119.3MiB / 30.66GiB,0.38%,0B / 0B,0B / 3.01MB,29
2026-07-31 00:05:44,mapir-ffmpeg,27.71%,169.3MiB / 30.66GiB,0.54%,0B / 0B,0B / 1.45MB,33
2026-07-31 00:05:44,scovox,76.84%,330.9MiB / 30.66GiB,1.05%,0B / 0B,0B / 4.49MB,53
2026-07-31 00:05:44,openzen,2.68%,32.97MiB / 30.66GiB,0.11%,0B / 0B,0B / 2.15MB,20
2026-07-31 00:05:44,domain_bridge,1.34%,59.57MiB / 30.66GiB,0.19%,0B / 0B,0B / 5.07MB,28
2026-07-31 00:05:44,realsense,17.72%,94.89MiB / 30.66GiB,0.30%,0B / 0B,0B / 3.29MB,33
2026-07-31 00:05:44,nav2,5.89%,190.6MiB / 30.66GiB,0.61%,0B / 0B,0B / 1.34MB,93
2026-07-31 00:05:48,trav_ros2,102.04%,377.3MiB / 30.66GiB,1.20%,0B / 0B,0B / 1.77MB,44
2026-07-31 00:05:48,foxglove,10.79%,452.1MiB / 30.66GiB,1.44%,0B / 0B,0B / 3.3MB,31
2026-07-31 00:05:48,docker-recorder-run-9b85dfd0d458,0.00%,10.29MiB / 30.66GiB,0.03%,0B / 0B,0B / 9.64MB,1
2026-07-31 00:05:48,glim,81.63%,325.3MiB / 30.66GiB,1.04%,0B / 0B,0B / 11.6MB,35
2026-07-31 00:05:48,ouster,7.08%,119.3MiB / 30.66GiB,0.38%,0B / 0B,0B / 3.01MB,29
2026-07-31 00:05:48,mapir-ffmpeg,28.58%,170.1MiB / 30.66GiB,0.54%,0B / 0B,0B / 1.45MB,33
2026-07-31 00:05:48,scovox,56.22%,364.3MiB / 30.66GiB,1.16%,0B / 0B,0B / 4.59MB,53
2026-07-31 00:05:48,openzen,2.67%,33.46MiB / 30.66GiB,0.11%,0B / 0B,0B / 2.15MB,20
2026-07-31 00:05:48,domain_bridge,0.16%,58.24MiB / 30.66GiB,0.19%,0B / 0B,0B / 5.07MB,28
2026-07-31 00:05:48,realsense,17.45%,94.89MiB / 30.66GiB,0.30%,0B / 0B,0B / 3.29MB,33
2026-07-31 00:05:48,nav2,5.66%,183.7MiB / 30.66GiB,0.59%,0B / 0B,0B / 1.34MB,93
2026-07-31 00:05:51,trav_ros2,99.82%,377.6MiB / 30.66GiB,1.20%,0B / 0B,0B / 1.77MB,44
2026-07-31 00:05:51,foxglove,11.95%,460.1MiB / 30.66GiB,1.47%,0B / 0B,0B / 3.3MB,31
2026-07-31 00:05:51,docker-recorder-run-9b85dfd0d458,0.00%,10.29MiB / 30.66GiB,0.03%,0B / 0B,0B / 9.64MB,1
2026-07-31 00:05:51,glim,79.69%,324.9MiB / 30.66GiB,1.03%,0B / 0B,0B / 11.6MB,35
2026-07-31 00:05:51,ouster,6.98%,119.2MiB / 30.66GiB,0.38%,0B / 0B,0B / 3.01MB,29
2026-07-31 00:05:51,mapir-ffmpeg,27.55%,169.6MiB / 30.66GiB,0.54%,0B / 0B,0B / 1.45MB,33
2026-07-31 00:05:51,scovox,79.73%,330.7MiB / 30.66GiB,1.05%,0B / 0B,0B / 4.59MB,53
2026-07-31 00:05:51,openzen,2.52%,32.97MiB / 30.66GiB,0.11%,0B / 0B,0B / 2.15MB,20
2026-07-31 00:05:51,domain_bridge,0.30%,58.57MiB / 30.66GiB,0.19%,0B / 0B,0B / 5.07MB,28
2026-07-31 00:05:51,realsense,16.99%,95.14MiB / 30.66GiB,0.30%,0B / 0B,0B / 3.29MB,33
2026-07-31 00:05:51,nav2,6.00%,190.7MiB / 30.66GiB,0.61%,0B / 0B,0B / 1.34MB,93
2026-07-31 00:05:54,trav_ros2,100.77%,427.3MiB / 30.66GiB,1.36%,0B / 0B,0B / 1.77MB,44
2026-07-31 00:05:54,foxglove,11.36%,460.2MiB / 30.66GiB,1.47%,0B / 0B,0B / 3.3MB,31
2026-07-31 00:05:54,docker-recorder-run-9b85dfd0d458,0.00%,10.29MiB / 30.66GiB,0.03%,0B / 0B,0B / 9.64MB,1
2026-07-31 00:05:54,glim,77.51%,325MiB / 30.66GiB,1.03%,0B / 0B,0B / 11.6MB,35
2026-07-31 00:05:54,ouster,7.03%,119.3MiB / 30.66GiB,0.38%,0B / 0B,0B / 3.01MB,29
2026-07-31 00:05:54,mapir-ffmpeg,28.16%,169.6MiB / 30.66GiB,0.54%,0B / 0B,0B / 1.45MB,33
2026-07-31 00:05:54,scovox,61.57%,373.4MiB / 30.66GiB,1.19%,0B / 0B,0B / 4.59MB,53
2026-07-31 00:05:54,openzen,2.89%,33.68MiB / 30.66GiB,0.11%,0B / 0B,0B / 2.15MB,20
2026-07-31 00:05:54,domain_bridge,0.83%,58.54MiB / 30.66GiB,0.19%,0B / 0B,0B / 5.07MB,28
2026-07-31 00:05:54,realsense,17.12%,95.14MiB / 30.66GiB,0.30%,0B / 0B,0B / 3.29MB,33
2026-07-31 00:05:54,nav2,6.60%,183.7MiB / 30.66GiB,0.59%,0B / 0B,0B / 1.34MB,93
2026-07-31 00:05:57,trav_ros2,101.24%,379.3MiB / 30.66GiB,1.21%,0B / 0B,0B / 1.77MB,44
2026-07-31 00:05:57,foxglove,11.77%,460.1MiB / 30.66GiB,1.47%,0B / 0B,0B / 3.3MB,31
2026-07-31 00:05:57,docker-recorder-run-9b85dfd0d458,0.00%,10.29MiB / 30.66GiB,0.03%,0B / 0B,0B / 9.64MB,1
2026-07-31 00:05:57,glim,75.07%,324.5MiB / 30.66GiB,1.03%,0B / 0B,0B / 11.6MB,35
2026-07-31 00:05:57,ouster,6.97%,119.2MiB / 30.66GiB,0.38%,0B / 0B,0B / 3.01MB,29
2026-07-31 00:05:57,mapir-ffmpeg,27.73%,170.1MiB / 30.66GiB,0.54%,0B / 0B,0B / 1.45MB,33
2026-07-31 00:05:57,scovox,72.45%,331.2MiB / 30.66GiB,1.05%,0B / 0B,0B / 4.59MB,53
2026-07-31 00:05:57,openzen,2.65%,32.97MiB / 30.66GiB,0.11%,0B / 0B,0B / 2.15MB,20
2026-07-31 00:05:57,domain_bridge,0.48%,58.49MiB / 30.66GiB,0.19%,0B / 0B,0B / 5.07MB,28
2026-07-31 00:05:57,realsense,16.80%,94.89MiB / 30.66GiB,0.30%,0B / 0B,0B / 3.29MB,33
2026-07-31 00:05:57,nav2,6.10%,190.8MiB / 30.66GiB,0.61%,0B / 0B,0B / 1.34MB,93
2026-07-31 00:06:00,trav_ros2,101.80%,376.7MiB / 30.66GiB,1.20%,0B / 0B,0B / 1.77MB,44
2026-07-31 00:06:00,foxglove,12.39%,460.4MiB / 30.66GiB,1.47%,0B / 0B,0B / 3.3MB,31
2026-07-31 00:06:00,docker-recorder-run-9b85dfd0d458,0.00%,10.29MiB / 30.66GiB,0.03%,0B / 0B,0B / 9.64MB,1
2026-07-31 00:06:00,glim,75.13%,325.8MiB / 30.66GiB,1.04%,0B / 0B,0B / 11.6MB,35
2026-07-31 00:06:00,ouster,7.00%,119.4MiB / 30.66GiB,0.38%,0B / 0B,0B / 3.01MB,29
2026-07-31 00:06:00,mapir-ffmpeg,27.87%,169.3MiB / 30.66GiB,0.54%,0B / 0B,0B / 1.45MB,33
2026-07-31 00:06:00,scovox,78.24%,331MiB / 30.66GiB,1.05%,0B / 0B,0B / 4.59MB,53
2026-07-31 00:06:00,openzen,2.66%,32.97MiB / 30.66GiB,0.11%,0B / 0B,0B / 2.15MB,20
2026-07-31 00:06:00,domain_bridge,1.07%,60.04MiB / 30.66GiB,0.19%,0B / 0B,0B / 5.07MB,28
2026-07-31 00:06:00,realsense,16.87%,94.89MiB / 30.66GiB,0.30%,0B / 0B,0B / 3.29MB,33
2026-07-31 00:06:00,nav2,6.16%,190.6MiB / 30.66GiB,0.61%,0B / 0B,0B / 1.34MB,93
2026-07-31 00:06:03,trav_ros2,101.79%,377.4MiB / 30.66GiB,1.20%,0B / 0B,0B / 1.77MB,44
2026-07-31 00:06:03,foxglove,12.02%,460.3MiB / 30.66GiB,1.47%,0B / 0B,0B / 3.3MB,31
2026-07-31 00:06:03,docker-recorder-run-9b85dfd0d458,0.00%,10.29MiB / 30.66GiB,0.03%,0B / 0B,0B / 9.64MB,1
2026-07-31 00:06:03,glim,83.23%,326.2MiB / 30.66GiB,1.04%,0B / 0B,0B / 11.6MB,35
2026-07-31 00:06:03,ouster,7.03%,119.8MiB / 30.66GiB,0.38%,0B / 0B,0B / 3.01MB,29
2026-07-31 00:06:03,mapir-ffmpeg,27.85%,169.3MiB / 30.66GiB,0.54%,0B / 0B,0B / 1.45MB,33
2026-07-31 00:06:03,scovox,54.55%,361.1MiB / 30.66GiB,1.15%,0B / 0B,0B / 4.59MB,53
2026-07-31 00:06:03,openzen,2.55%,32.97MiB / 30.66GiB,0.11%,0B / 0B,0B / 2.15MB,20
2026-07-31 00:06:03,domain_bridge,0.12%,58.42MiB / 30.66GiB,0.19%,0B / 0B,0B / 5.07MB,28
2026-07-31 00:06:03,realsense,16.91%,95.14MiB / 30.66GiB,0.30%,0B / 0B,0B / 3.29MB,33
2026-07-31 00:06:03,nav2,6.41%,191.3MiB / 30.66GiB,0.61%,0B / 0B,0B / 1.34MB,93
2026-07-31 00:06:07,trav_ros2,101.89%,377.8MiB / 30.66GiB,1.20%,0B / 0B,0B / 1.77MB,44
2026-07-31 00:06:07,foxglove,11.99%,460.4MiB / 30.66GiB,1.47%,0B / 0B,0B / 3.3MB,31
2026-07-31 00:06:07,docker-recorder-run-9b85dfd0d458,0.00%,10.29MiB / 30.66GiB,0.03%,0B / 0B,0B / 9.64MB,1
2026-07-31 00:06:07,glim,76.14%,311.3MiB / 30.66GiB,0.99%,0B / 0B,0B / 11.6MB,35
2026-07-31 00:06:07,ouster,7.06%,119.4MiB / 30.66GiB,0.38%,0B / 0B,0B / 3.01MB,29
2026-07-31 00:06:07,mapir-ffmpeg,28.55%,169.3MiB / 30.66GiB,0.54%,0B / 0B,0B / 1.45MB,33
2026-07-31 00:06:07,scovox,82.83%,331.6MiB / 30.66GiB,1.06%,0B / 0B,0B / 4.6MB,53
2026-07-31 00:06:07,openzen,2.54%,32.97MiB / 30.66GiB,0.11%,0B / 0B,0B / 2.15MB,20
2026-07-31 00:06:07,domain_bridge,0.85%,59.17MiB / 30.66GiB,0.19%,0B / 0B,0B / 5.07MB,28
2026-07-31 00:06:07,realsense,17.25%,94.89MiB / 30.66GiB,0.30%,0B / 0B,0B / 3.29MB,33
2026-07-31 00:06:07,nav2,6.03%,191.1MiB / 30.66GiB,0.61%,0B / 0B,0B / 1.34MB,93
2026-07-31 00:06:10,trav_ros2,101.58%,377.5MiB / 30.66GiB,1.20%,0B / 0B,0B / 1.77MB,44
2026-07-31 00:06:10,foxglove,11.53%,461.6MiB / 30.66GiB,1.47%,0B / 0B,0B / 3.3MB,31
2026-07-31 00:06:10,docker-recorder-run-9b85dfd0d458,0.00%,10.29MiB / 30.66GiB,0.03%,0B / 0B,0B / 9.64MB,1
2026-07-31 00:06:10,glim,82.53%,311.6MiB / 30.66GiB,0.99%,0B / 0B,0B / 11.6MB,35
2026-07-31 00:06:10,ouster,7.25%,119.4MiB / 30.66GiB,0.38%,0B / 0B,0B / 3.01MB,29
2026-07-31 00:06:10,mapir-ffmpeg,28.54%,169.6MiB / 30.66GiB,0.54%,0B / 0B,0B / 1.46MB,33
2026-07-31 00:06:10,scovox,57.99%,372.1MiB / 30.66GiB,1.19%,0B / 0B,0B / 4.6MB,53
2026-07-31 00:06:10,openzen,2.66%,32.97MiB / 30.66GiB,0.11%,0B / 0B,0B / 2.15MB,20
2026-07-31 00:06:10,domain_bridge,0.94%,59.08MiB / 30.66GiB,0.19%,0B / 0B,0B / 5.07MB,28
2026-07-31 00:06:10,realsense,17.29%,95.38MiB / 30.66GiB,0.30%,0B / 0B,0B / 3.29MB,33
2026-07-31 00:06:10,nav2,6.38%,192.6MiB / 30.66GiB,0.61%,0B / 0B,0B / 1.34MB,93
2026-07-31 00:06:13,trav_ros2,101.02%,378.5MiB / 30.66GiB,1.21%,0B / 0B,0B / 1.79MB,44
2026-07-31 00:06:13,foxglove,11.72%,460.5MiB / 30.66GiB,1.47%,0B / 0B,0B / 3.3MB,31
2026-07-31 00:06:13,docker-recorder-run-9b85dfd0d458,0.00%,10.29MiB / 30.66GiB,0.03%,0B / 0B,0B / 9.64MB,1
2026-07-31 00:06:13,glim,81.45%,311MiB / 30.66GiB,0.99%,0B / 0B,0B / 11.6MB,35
2026-07-31 00:06:13,ouster,7.13%,119.6MiB / 30.66GiB,0.38%,0B / 0B,0B / 3.01MB,29
2026-07-31 00:06:13,mapir-ffmpeg,28.10%,169.8MiB / 30.66GiB,0.54%,0B / 0B,0B / 1.46MB,33
2026-07-31 00:06:13,scovox,72.36%,331.6MiB / 30.66GiB,1.06%,0B / 0B,0B / 4.6MB,53
2026-07-31 00:06:13,openzen,2.62%,32.97MiB / 30.66GiB,0.11%,0B / 0B,0B / 2.15MB,20
2026-07-31 00:06:13,domain_bridge,0.61%,59.22MiB / 30.66GiB,0.19%,0B / 0B,0B / 5.07MB,28
2026-07-31 00:06:13,realsense,17.31%,95.14MiB / 30.66GiB,0.30%,0B / 0B,0B / 3.29MB,33
2026-07-31 00:06:13,nav2,5.77%,191.3MiB / 30.66GiB,0.61%,0B / 0B,0B / 1.36MB,93
2026-07-31 00:06:16,trav_ros2,101.38%,377.7MiB / 30.66GiB,1.20%,0B / 0B,0B / 1.79MB,44
2026-07-31 00:06:16,foxglove,12.26%,460.5MiB / 30.66GiB,1.47%,0B / 0B,0B / 3.3MB,31
2026-07-31 00:06:16,docker-recorder-run-9b85dfd0d458,0.00%,10.29MiB / 30.66GiB,0.03%,0B / 0B,0B / 9.64MB,1
2026-07-31 00:06:16,glim,81.96%,312.8MiB / 30.66GiB,1.00%,0B / 0B,0B / 11.6MB,35
2026-07-31 00:06:16,ouster,7.04%,119.2MiB / 30.66GiB,0.38%,0B / 0B,0B / 3.01MB,29
2026-07-31 00:06:16,mapir-ffmpeg,29.37%,169.3MiB / 30.66GiB,0.54%,0B / 0B,0B / 1.46MB,33
2026-07-31 00:06:16,scovox,68.53%,331.5MiB / 30.66GiB,1.06%,0B / 0B,0B / 4.69MB,53
2026-07-31 00:06:16,openzen,2.54%,32.97MiB / 30.66GiB,0.11%,0B / 0B,0B / 2.15MB,20
2026-07-31 00:06:16,domain_bridge,0.91%,59.3MiB / 30.66GiB,0.19%,0B / 0B,0B / 5.07MB,28
2026-07-31 00:06:16,realsense,17.08%,94.89MiB / 30.66GiB,0.30%,0B / 0B,0B / 3.29MB,33
2026-07-31 00:06:16,nav2,6.23%,191.3MiB / 30.66GiB,0.61%,0B / 0B,0B / 1.36MB,93
2026-07-31 00:06:19,trav_ros2,101.33%,377.3MiB / 30.66GiB,1.20%,0B / 0B,0B / 1.79MB,44
2026-07-31 00:06:19,foxglove,10.95%,452.6MiB / 30.66GiB,1.44%,0B / 0B,0B / 3.3MB,31
2026-07-31 00:06:19,docker-recorder-run-9b85dfd0d458,0.00%,10.29MiB / 30.66GiB,0.03%,0B / 0B,0B / 9.64MB,1
2026-07-31 00:06:19,glim,78.32%,312.6MiB / 30.66GiB,1.00%,0B / 0B,0B / 11.6MB,35
2026-07-31 00:06:19,ouster,7.14%,119.2MiB / 30.66GiB,0.38%,0B / 0B,0B / 3.01MB,29
2026-07-31 00:06:19,mapir-ffmpeg,28.20%,169.8MiB / 30.66GiB,0.54%,0B / 0B,0B / 1.46MB,33
2026-07-31 00:06:19,scovox,56.58%,360.1MiB / 30.66GiB,1.15%,0B / 0B,0B / 4.69MB,53
2026-07-31 00:06:19,openzen,2.53%,32.97MiB / 30.66GiB,0.11%,0B / 0B,0B / 2.15MB,20
2026-07-31 00:06:19,domain_bridge,0.16%,58.57MiB / 30.66GiB,0.19%,0B / 0B,0B / 5.07MB,28
2026-07-31 00:06:19,realsense,17.26%,94.89MiB / 30.66GiB,0.30%,0B / 0B,0B / 3.29MB,33
2026-07-31 00:06:19,nav2,5.69%,191.4MiB / 30.66GiB,0.61%,0B / 0B,0B / 1.36MB,93
2026-07-31 00:06:23,trav_ros2,101.88%,378.6MiB / 30.66GiB,1.21%,0B / 0B,0B / 1.79MB,44
2026-07-31 00:06:23,foxglove,11.35%,452.7MiB / 30.66GiB,1.44%,0B / 0B,0B / 3.3MB,31
2026-07-31 00:06:23,docker-recorder-run-9b85dfd0d458,0.00%,10.29MiB / 30.66GiB,0.03%,0B / 0B,0B / 9.64MB,1
2026-07-31 00:06:23,glim,80.36%,313MiB / 30.66GiB,1.00%,0B / 0B,0B / 11.6MB,35
2026-07-31 00:06:23,ouster,7.54%,119.2MiB / 30.66GiB,0.38%,0B / 0B,0B / 3.01MB,29
2026-07-31 00:06:23,mapir-ffmpeg,28.19%,169.3MiB / 30.66GiB,0.54%,0B / 0B,0B / 1.46MB,33
2026-07-31 00:06:23,scovox,77.42%,331MiB / 30.66GiB,1.05%,0B / 0B,0B / 4.69MB,53
2026-07-31 00:06:23,openzen,2.61%,33.22MiB / 30.66GiB,0.11%,0B / 0B,0B / 2.15MB,20
2026-07-31 00:06:23,domain_bridge,0.29%,58.96MiB / 30.66GiB,0.19%,0B / 0B,0B / 5.07MB,28
2026-07-31 00:06:23,realsense,17.29%,94.89MiB / 30.66GiB,0.30%,0B / 0B,0B / 3.29MB,33
2026-07-31 00:06:23,nav2,5.50%,191.5MiB / 30.66GiB,0.61%,0B / 0B,0B / 1.36MB,93
2026-07-31 00:06:26,trav_ros2,99.38%,378.5MiB / 30.66GiB,1.21%,0B / 0B,0B / 1.79MB,44
2026-07-31 00:06:26,foxglove,11.80%,460.5MiB / 30.66GiB,1.47%,0B / 0B,0B / 3.3MB,31
2026-07-31 00:06:26,docker-recorder-run-9b85dfd0d458,0.00%,10.29MiB / 30.66GiB,0.03%,0B / 0B,0B / 9.64MB,1
2026-07-31 00:06:26,glim,75.56%,312.9MiB / 30.66GiB,1.00%,0B / 0B,0B / 11.6MB,35
2026-07-31 00:06:26,ouster,7.25%,119.4MiB / 30.66GiB,0.38%,0B / 0B,0B / 3.01MB,29
2026-07-31 00:06:26,mapir-ffmpeg,28.07%,169.3MiB / 30.66GiB,0.54%,0B / 0B,0B / 1.46MB,33
2026-07-31 00:06:26,scovox,54.89%,366.2MiB / 30.66GiB,1.17%,0B / 0B,0B / 4.69MB,53
2026-07-31 00:06:26,openzen,2.52%,33.22MiB / 30.66GiB,0.11%,0B / 0B,0B / 2.15MB,20
2026-07-31 00:06:26,domain_bridge,0.61%,59.3MiB / 30.66GiB,0.19%,0B / 0B,0B / 5.07MB,28
2026-07-31 00:06:26,realsense,16.62%,94.89MiB / 30.66GiB,0.30%,0B / 0B,0B / 3.29MB,33
2026-07-31 00:06:26,nav2,6.58%,193.4MiB / 30.66GiB,0.62%,0B / 0B,0B / 1.36MB,93
2026-07-31 00:06:29,trav_ros2,100.50%,377.6MiB / 30.66GiB,1.20%,0B / 0B,0B / 1.79MB,44
2026-07-31 00:06:29,foxglove,12.28%,460.3MiB / 30.66GiB,1.47%,0B / 0B,0B / 3.3MB,31
2026-07-31 00:06:29,docker-recorder-run-9b85dfd0d458,0.00%,10.29MiB / 30.66GiB,0.03%,0B / 0B,0B / 9.64MB,1
2026-07-31 00:06:29,glim,78.83%,318.7MiB / 30.66GiB,1.02%,0B / 0B,0B / 11.6MB,35
2026-07-31 00:06:29,ouster,7.19%,119.6MiB / 30.66GiB,0.38%,0B / 0B,0B / 3.01MB,29
2026-07-31 00:06:29,mapir-ffmpeg,28.60%,169.3MiB / 30.66GiB,0.54%,0B / 0B,0B / 1.46MB,33
2026-07-31 00:06:29,scovox,75.28%,331.2MiB / 30.66GiB,1.05%,0B / 0B,0B / 4.69MB,53
2026-07-31 00:06:29,openzen,2.64%,32.97MiB / 30.66GiB,0.11%,0B / 0B,0B / 2.15MB,20
2026-07-31 00:06:29,domain_bridge,0.53%,59.1MiB / 30.66GiB,0.19%,0B / 0B,0B / 5.07MB,28
2026-07-31 00:06:29,realsense,16.97%,94.89MiB / 30.66GiB,0.30%,0B / 0B,0B / 3.29MB,33
2026-07-31 00:06:29,nav2,6.17%,191.8MiB / 30.66GiB,0.61%,0B / 0B,0B / 1.36MB,93
2026-07-31 00:06:32,trav_ros2,101.60%,377.6MiB / 30.66GiB,1.20%,0B / 0B,0B / 1.79MB,44
2026-07-31 00:06:32,foxglove,11.70%,460.1MiB / 30.66GiB,1.47%,0B / 0B,0B / 3.3MB,31
2026-07-31 00:06:32,docker-recorder-run-9b85dfd0d458,0.00%,10.29MiB / 30.66GiB,0.03%,0B / 0B,0B / 9.64MB,1
2026-07-31 00:06:32,glim,80.04%,324.5MiB / 30.66GiB,1.03%,0B / 0B,0B / 11.6MB,35
2026-07-31 00:06:32,ouster,6.96%,119.3MiB / 30.66GiB,0.38%,0B / 0B,0B / 3.01MB,29
2026-07-31 00:06:32,mapir-ffmpeg,28.55%,169.3MiB / 30.66GiB,0.54%,0B / 0B,0B / 1.46MB,33
2026-07-31 00:06:32,scovox,63.71%,370.7MiB / 30.66GiB,1.18%,0B / 0B,0B / 4.69MB,53
2026-07-31 00:06:32,openzen,2.40%,33.22MiB / 30.66GiB,0.11%,0B / 0B,0B / 2.15MB,20
2026-07-31 00:06:32,domain_bridge,0.34%,59.82MiB / 30.66GiB,0.19%,0B / 0B,0B / 5.07MB,28
2026-07-31 00:06:32,realsense,17.40%,95.14MiB / 30.66GiB,0.30%,0B / 0B,0B / 3.29MB,33
2026-07-31 00:06:32,nav2,5.98%,191.9MiB / 30.66GiB,0.61%,0B / 0B,0B / 1.36MB,93
2026-07-31 00:06:35,trav_ros2,101.97%,377.5MiB / 30.66GiB,1.20%,0B / 0B,0B / 1.79MB,44
2026-07-31 00:06:35,foxglove,11.26%,452.5MiB / 30.66GiB,1.44%,0B / 0B,0B / 3.3MB,31
2026-07-31 00:06:35,docker-recorder-run-9b85dfd0d458,0.00%,10.29MiB / 30.66GiB,0.03%,0B / 0B,0B / 9.64MB,1
2026-07-31 00:06:35,glim,76.85%,333.7MiB / 30.66GiB,1.06%,0B / 0B,0B / 11.6MB,35
2026-07-31 00:06:35,ouster,7.70%,119.7MiB / 30.66GiB,0.38%,0B / 0B,0B / 3.01MB,29
2026-07-31 00:06:35,mapir-ffmpeg,28.49%,169.8MiB / 30.66GiB,0.54%,0B / 0B,0B / 1.46MB,33
2026-07-31 00:06:35,scovox,64.46%,359.2MiB / 30.66GiB,1.14%,0B / 0B,0B / 4.69MB,53
2026-07-31 00:06:35,openzen,2.57%,32.97MiB / 30.66GiB,0.11%,0B / 0B,0B / 2.15MB,20
2026-07-31 00:06:35,domain_bridge,0.20%,59.04MiB / 30.66GiB,0.19%,0B / 0B,0B / 5.07MB,28
2026-07-31 00:06:35,realsense,17.43%,94.89MiB / 30.66GiB,0.30%,0B / 0B,0B / 3.29MB,33
2026-07-31 00:06:35,nav2,5.82%,192.6MiB / 30.66GiB,0.61%,0B / 0B,0B / 1.36MB,93
2026-07-31 00:06:38,trav_ros2,100.26%,417.1MiB / 30.66GiB,1.33%,0B / 0B,0B / 1.79MB,44
2026-07-31 00:06:38,foxglove,11.72%,460.3MiB / 30.66GiB,1.47%,0B / 0B,0B / 3.3MB,31
2026-07-31 00:06:38,docker-recorder-run-9b85dfd0d458,0.00%,10.29MiB / 30.66GiB,0.03%,0B / 0B,0B / 9.64MB,1
2026-07-31 00:06:38,glim,76.11%,333.4MiB / 30.66GiB,1.06%,0B / 0B,0B / 11.6MB,35
2026-07-31 00:06:38,ouster,6.94%,119.2MiB / 30.66GiB,0.38%,0B / 0B,0B / 3.01MB,29
2026-07-31 00:06:38,mapir-ffmpeg,28.37%,169.3MiB / 30.66GiB,0.54%,0B / 0B,0B / 1.46MB,33
2026-07-31 00:06:38,scovox,78.94%,331.3MiB / 30.66GiB,1.06%,0B / 0B,0B / 4.69MB,53
2026-07-31 00:06:38,openzen,2.51%,32.97MiB / 30.66GiB,0.11%,0B / 0B,0B / 2.15MB,20
2026-07-31 00:06:38,domain_bridge,0.58%,58.86MiB / 30.66GiB,0.19%,0B / 0B,0B / 5.07MB,28
2026-07-31 00:06:38,realsense,16.88%,95.38MiB / 30.66GiB,0.30%,0B / 0B,0B / 3.29MB,33
2026-07-31 00:06:38,nav2,5.84%,192MiB / 30.66GiB,0.61%,0B / 0B,0B / 1.36MB,93
2026-07-31 00:06:42,trav_ros2,101.29%,377.9MiB / 30.66GiB,1.20%,0B / 0B,0B / 1.81MB,44
2026-07-31 00:06:42,foxglove,10.76%,452.4MiB / 30.66GiB,1.44%,0B / 0B,0B / 3.3MB,31
2026-07-31 00:06:42,docker-recorder-run-9b85dfd0d458,0.00%,10.29MiB / 30.66GiB,0.03%,0B / 0B,0B / 9.64MB,1
2026-07-31 00:06:42,glim,77.92%,317.7MiB / 30.66GiB,1.01%,0B / 0B,0B / 11.6MB,35
2026-07-31 00:06:42,ouster,7.02%,119.5MiB / 30.66GiB,0.38%,0B / 0B,0B / 3.01MB,29
2026-07-31 00:06:42,mapir-ffmpeg,27.36%,169.3MiB / 30.66GiB,0.54%,0B / 0B,0B / 1.46MB,33
2026-07-31 00:06:42,scovox,57.48%,366.8MiB / 30.66GiB,1.17%,0B / 0B,0B / 4.69MB,53
2026-07-31 00:06:42,openzen,2.49%,33.22MiB / 30.66GiB,0.11%,0B / 0B,0B / 2.15MB,20
2026-07-31 00:06:42,domain_bridge,0.28%,58.89MiB / 30.66GiB,0.19%,0B / 0B,0B / 5.07MB,28
2026-07-31 00:06:42,realsense,17.19%,94.89MiB / 30.66GiB,0.30%,0B / 0B,0B / 3.29MB,33
2026-07-31 00:06:42,nav2,6.01%,192.7MiB / 30.66GiB,0.61%,0B / 0B,0B / 1.36MB,93
2026-07-31 00:06:45,trav_ros2,101.04%,378MiB / 30.66GiB,1.20%,0B / 0B,0B / 1.81MB,44
2026-07-31 00:06:45,foxglove,11.59%,460.5MiB / 30.66GiB,1.47%,0B / 0B,0B / 3.3MB,31
2026-07-31 00:06:45,docker-recorder-run-9b85dfd0d458,0.00%,10.29MiB / 30.66GiB,0.03%,0B / 0B,0B / 9.64MB,1
2026-07-31 00:06:45,glim,80.85%,318.4MiB / 30.66GiB,1.01%,0B / 0B,0B / 11.6MB,35
2026-07-31 00:06:45,ouster,7.28%,119.5MiB / 30.66GiB,0.38%,0B / 0B,0B / 3.01MB,29
2026-07-31 00:06:45,mapir-ffmpeg,28.52%,169.3MiB / 30.66GiB,0.54%,0B / 0B,0B / 1.47MB,33
2026-07-31 00:06:45,scovox,85.20%,331.6MiB / 30.66GiB,1.06%,0B / 0B,0B / 4.7MB,53
2026-07-31 00:06:45,openzen,2.66%,32.97MiB / 30.66GiB,0.11%,0B / 0B,0B / 2.15MB,20
2026-07-31 00:06:45,domain_bridge,0.80%,59.47MiB / 30.66GiB,0.19%,0B / 0B,0B / 5.07MB,28
2026-07-31 00:06:45,realsense,17.44%,95.14MiB / 30.66GiB,0.30%,0B / 0B,0B / 3.29MB,33
2026-07-31 00:06:45,nav2,5.95%,191.7MiB / 30.66GiB,0.61%,0B / 0B,0B / 1.36MB,93
2026-07-31 00:06:48,trav_ros2,101.30%,378.5MiB / 30.66GiB,1.21%,0B / 0B,0B / 1.81MB,44
2026-07-31 00:06:48,foxglove,10.61%,460.1MiB / 30.66GiB,1.47%,0B / 0B,0B / 3.3MB,31
2026-07-31 00:06:48,docker-recorder-run-9b85dfd0d458,0.00%,10.29MiB / 30.66GiB,0.03%,0B / 0B,0B / 9.64MB,1
2026-07-31 00:06:48,glim,74.04%,327.8MiB / 30.66GiB,1.04%,0B / 0B,0B / 11.6MB,35
2026-07-31 00:06:48,ouster,7.10%,119.5MiB / 30.66GiB,0.38%,0B / 0B,0B / 3.01MB,29
2026-07-31 00:06:48,mapir-ffmpeg,28.31%,169.3MiB / 30.66GiB,0.54%,0B / 0B,0B / 1.47MB,33
2026-07-31 00:06:48,scovox,60.02%,374.8MiB / 30.66GiB,1.19%,0B / 0B,0B / 4.7MB,53
2026-07-31 00:06:48,openzen,2.45%,32.97MiB / 30.66GiB,0.11%,0B / 0B,0B / 2.15MB,20
2026-07-31 00:06:48,domain_bridge,0.12%,59.52MiB / 30.66GiB,0.19%,0B / 0B,0B / 5.07MB,28
2026-07-31 00:06:48,realsense,17.09%,94.89MiB / 30.66GiB,0.30%,0B / 0B,0B / 3.29MB,33
2026-07-31 00:06:48,nav2,5.39%,191.7MiB / 30.66GiB,0.61%,0B / 0B,0B / 1.37MB,93
2026-07-31 00:06:51,trav_ros2,101.42%,377.8MiB / 30.66GiB,1.20%,0B / 0B,0B / 1.81MB,44
2026-07-31 00:06:51,foxglove,12.04%,460.1MiB / 30.66GiB,1.47%,0B / 0B,0B / 3.3MB,31
2026-07-31 00:06:51,docker-recorder-run-9b85dfd0d458,0.00%,10.29MiB / 30.66GiB,0.03%,0B / 0B,0B / 9.64MB,1
2026-07-31 00:06:51,glim,82.36%,327.8MiB / 30.66GiB,1.04%,0B / 0B,0B / 11.6MB,35
2026-07-31 00:06:51,ouster,7.37%,119.7MiB / 30.66GiB,0.38%,0B / 0B,0B / 3.01MB,29
2026-07-31 00:06:51,mapir-ffmpeg,27.80%,169.8MiB / 30.66GiB,0.54%,0B / 0B,0B / 1.47MB,33
2026-07-31 00:06:51,scovox,63.97%,331.7MiB / 30.66GiB,1.06%,0B / 0B,0B / 4.7MB,53
2026-07-31 00:06:51,openzen,2.70%,32.97MiB / 30.66GiB,0.11%,0B / 0B,0B / 2.15MB,20
2026-07-31 00:06:51,domain_bridge,0.35%,59.14MiB / 30.66GiB,0.19%,0B / 0B,0B / 5.07MB,28
2026-07-31 00:06:51,realsense,16.68%,94.89MiB / 30.66GiB,0.30%,0B / 0B,0B / 3.29MB,33
2026-07-31 00:06:51,nav2,6.29%,192.3MiB / 30.66GiB,0.61%,0B / 0B,0B / 1.37MB,93
2026-07-31 00:06:54,trav_ros2,102.12%,378.4MiB / 30.66GiB,1.21%,0B / 0B,0B / 1.81MB,44
2026-07-31 00:06:54,foxglove,12.06%,460.1MiB / 30.66GiB,1.47%,0B / 0B,0B / 3.3MB,31
2026-07-31 00:06:54,docker-recorder-run-9b85dfd0d458,0.00%,10.29MiB / 30.66GiB,0.03%,0B / 0B,0B / 9.64MB,1
2026-07-31 00:06:54,glim,84.65%,338.9MiB / 30.66GiB,1.08%,0B / 0B,0B / 11.6MB,35
2026-07-31 00:06:54,ouster,7.21%,119.5MiB / 30.66GiB,0.38%,0B / 0B,0B / 3.01MB,29
2026-07-31 00:06:54,mapir-ffmpeg,28.85%,169.3MiB / 30.66GiB,0.54%,0B / 0B,0B / 1.47MB,33
2026-07-31 00:06:54,scovox,75.46%,331.7MiB / 30.66GiB,1.06%,0B / 0B,0B / 4.79MB,53
2026-07-31 00:06:54,openzen,2.54%,32.97MiB / 30.66GiB,0.11%,0B / 0B,0B / 2.15MB,20
2026-07-31 00:06:54,domain_bridge,0.27%,58.96MiB / 30.66GiB,0.19%,0B / 0B,0B / 5.07MB,28
2026-07-31 00:06:54,realsense,17.46%,94.89MiB / 30.66GiB,0.30%,0B / 0B,0B / 3.29MB,33
2026-07-31 00:06:54,nav2,6.10%,191.9MiB / 30.66GiB,0.61%,0B / 0B,0B / 1.37MB,93
2026-07-31 00:06:57,trav_ros2,101.15%,379.3MiB / 30.66GiB,1.21%,0B / 0B,0B / 1.81MB,44
2026-07-31 00:06:57,foxglove,11.81%,460.5MiB / 30.66GiB,1.47%,0B / 0B,0B / 3.3MB,31
2026-07-31 00:06:57,docker-recorder-run-9b85dfd0d458,0.00%,10.29MiB / 30.66GiB,0.03%,0B / 0B,0B / 9.64MB,1
2026-07-31 00:06:57,glim,81.74%,340.5MiB / 30.66GiB,1.08%,0B / 0B,0B / 11.6MB,35
2026-07-31 00:06:57,ouster,7.07%,119.1MiB / 30.66GiB,0.38%,0B / 0B,0B / 3.01MB,29
2026-07-31 00:06:57,mapir-ffmpeg,28.58%,169.6MiB / 30.66GiB,0.54%,0B / 0B,0B / 1.47MB,33
2026-07-31 00:06:57,scovox,51.63%,358.3MiB / 30.66GiB,1.14%,0B / 0B,0B / 4.79MB,53
2026-07-31 00:06:57,openzen,2.71%,32.97MiB / 30.66GiB,0.11%,0B / 0B,0B / 2.15MB,20
2026-07-31 00:06:57,domain_bridge,0.18%,58.98MiB / 30.66GiB,0.19%,0B / 0B,0B / 5.07MB,28
2026-07-31 00:06:57,realsense,16.56%,94.89MiB / 30.66GiB,0.30%,0B / 0B,0B / 3.29MB,33
2026-07-31 00:06:57,nav2,6.07%,192.1MiB / 30.66GiB,0.61%,0B / 0B,0B / 1.37MB,93
2026-07-31 00:07:01,trav_ros2,100.87%,396.9MiB / 30.66GiB,1.26%,0B / 0B,0B / 1.81MB,44
2026-07-31 00:07:01,foxglove,12.23%,460.5MiB / 30.66GiB,1.47%,0B / 0B,0B / 3.3MB,31
2026-07-31 00:07:01,docker-recorder-run-9b85dfd0d458,0.00%,10.29MiB / 30.66GiB,0.03%,0B / 0B,0B / 9.64MB,1
2026-07-31 00:07:01,glim,82.03%,340.9MiB / 30.66GiB,1.09%,0B / 0B,0B / 11.6MB,35
2026-07-31 00:07:01,ouster,7.27%,119.2MiB / 30.66GiB,0.38%,0B / 0B,0B / 3.01MB,29
2026-07-31 00:07:01,mapir-ffmpeg,29.08%,169.3MiB / 30.66GiB,0.54%,0B / 0B,0B / 1.47MB,33
2026-07-31 00:07:01,scovox,66.43%,332.3MiB / 30.66GiB,1.06%,0B / 0B,0B / 4.79MB,53
2026-07-31 00:07:01,openzen,2.80%,32.97MiB / 30.66GiB,0.11%,0B / 0B,0B / 2.15MB,20
2026-07-31 00:07:01,domain_bridge,0.75%,58.84MiB / 30.66GiB,0.19%,0B / 0B,0B / 5.07MB,28
2026-07-31 00:07:01,realsense,17.44%,95.62MiB / 30.66GiB,0.30%,0B / 0B,0B / 3.29MB,33
2026-07-31 00:07:01,nav2,6.58%,191.9MiB / 30.66GiB,0.61%,0B / 0B,0B / 1.37MB,93
2026-07-31 00:07:04,trav_ros2,100.52%,378.5MiB / 30.66GiB,1.21%,0B / 0B,0B / 1.81MB,44
2026-07-31 00:07:04,foxglove,11.63%,460.6MiB / 30.66GiB,1.47%,0B / 0B,0B / 3.3MB,31
2026-07-31 00:07:04,docker-recorder-run-9b85dfd0d458,0.00%,10.29MiB / 30.66GiB,0.03%,0B / 0B,0B / 9.64MB,1
2026-07-31 00:07:04,glim,77.19%,347.7MiB / 30.66GiB,1.11%,0B / 0B,0B / 11.6MB,35
2026-07-31 00:07:04,ouster,7.52%,119.4MiB / 30.66GiB,0.38%,0B / 0B,0B / 3.01MB,29
2026-07-31 00:07:04,mapir-ffmpeg,29.15%,169.6MiB / 30.66GiB,0.54%,0B / 0B,0B / 1.47MB,33
2026-07-31 00:07:04,scovox,48.14%,364.6MiB / 30.66GiB,1.16%,0B / 0B,0B / 4.79MB,53
2026-07-31 00:07:04,openzen,2.50%,32.97MiB / 30.66GiB,0.11%,0B / 0B,0B / 2.15MB,20
2026-07-31 00:07:04,domain_bridge,0.12%,58.64MiB / 30.66GiB,0.19%,0B / 0B,0B / 5.07MB,28
2026-07-31 00:07:04,realsense,17.22%,95.39MiB / 30.66GiB,0.30%,0B / 0B,0B / 3.29MB,33
2026-07-31 00:07:04,nav2,5.90%,192.2MiB / 30.66GiB,0.61%,0B / 0B,0B / 1.37MB,93
2026-07-31 00:07:07,trav_ros2,101.51%,377.5MiB / 30.66GiB,1.20%,0B / 0B,0B / 1.81MB,44
2026-07-31 00:07:07,foxglove,11.47%,460MiB / 30.66GiB,1.46%,0B / 0B,0B / 3.3MB,31
2026-07-31 00:07:07,docker-recorder-run-9b85dfd0d458,0.00%,10.29MiB / 30.66GiB,0.03%,0B / 0B,0B / 9.64MB,1
2026-07-31 00:07:07,glim,80.19%,347.9MiB / 30.66GiB,1.11%,0B / 0B,0B / 11.6MB,35
2026-07-31 00:07:07,ouster,7.26%,119.9MiB / 30.66GiB,0.38%,0B / 0B,0B / 3.01MB,29
2026-07-31 00:07:07,mapir-ffmpeg,28.58%,169.8MiB / 30.66GiB,0.54%,0B / 0B,0B / 1.47MB,33
2026-07-31 00:07:07,scovox,68.43%,332.1MiB / 30.66GiB,1.06%,0B / 0B,0B / 4.79MB,53
2026-07-31 00:07:07,openzen,2.60%,32.97MiB / 30.66GiB,0.11%,0B / 0B,0B / 2.15MB,20
2026-07-31 00:07:07,domain_bridge,0.35%,59.14MiB / 30.66GiB,0.19%,0B / 0B,0B / 5.07MB,28
2026-07-31 00:07:07,realsense,17.19%,94.89MiB / 30.66GiB,0.30%,0B / 0B,0B / 3.29MB,33
2026-07-31 00:07:07,nav2,6.22%,192.5MiB / 30.66GiB,0.61%,0B / 0B,0B / 1.37MB,93
2026-07-31 00:07:10,trav_ros2,102.32%,378.1MiB / 30.66GiB,1.20%,0B / 0B,0B / 1.81MB,44
2026-07-31 00:07:10,foxglove,11.46%,460.7MiB / 30.66GiB,1.47%,0B / 0B,0B / 3.3MB,31
2026-07-31 00:07:10,docker-recorder-run-9b85dfd0d458,0.00%,10.29MiB / 30.66GiB,0.03%,0B / 0B,0B / 9.64MB,1
2026-07-31 00:07:10,glim,80.21%,348.4MiB / 30.66GiB,1.11%,0B / 0B,0B / 11.6MB,35
2026-07-31 00:07:10,ouster,7.26%,119.2MiB / 30.66GiB,0.38%,0B / 0B,0B / 3.01MB,29
2026-07-31 00:07:10,mapir-ffmpeg,28.56%,169.3MiB / 30.66GiB,0.54%,0B / 0B,0B / 1.47MB,33
2026-07-31 00:07:10,scovox,68.15%,332.7MiB / 30.66GiB,1.06%,0B / 0B,0B / 4.79MB,53
2026-07-31 00:07:10,openzen,2.42%,32.97MiB / 30.66GiB,0.11%,0B / 0B,0B / 2.15MB,20
2026-07-31 00:07:10,domain_bridge,0.29%,59.41MiB / 30.66GiB,0.19%,0B / 0B,0B / 5.07MB,28
2026-07-31 00:07:10,realsense,16.82%,94.89MiB / 30.66GiB,0.30%,0B / 0B,0B / 3.29MB,33
2026-07-31 00:07:10,nav2,6.11%,192.1MiB / 30.66GiB,0.61%,0B / 0B,0B / 1.37MB,93
2026-07-31 00:07:13,trav_ros2,101.77%,378.2MiB / 30.66GiB,1.20%,0B / 0B,0B / 1.83MB,44
2026-07-31 00:07:13,foxglove,11.75%,459.9MiB / 30.66GiB,1.46%,0B / 0B,0B / 3.3MB,31
2026-07-31 00:07:13,docker-recorder-run-9b85dfd0d458,0.00%,10.29MiB / 30.66GiB,0.03%,0B / 0B,0B / 9.64MB,1
2026-07-31 00:07:13,glim,83.54%,341.5MiB / 30.66GiB,1.09%,0B / 0B,0B / 11.6MB,35
2026-07-31 00:07:13,ouster,7.35%,119.2MiB / 30.66GiB,0.38%,0B / 0B,0B / 3.01MB,29
2026-07-31 00:07:13,mapir-ffmpeg,28.05%,169.3MiB / 30.66GiB,0.54%,0B / 0B,0B / 1.47MB,33
2026-07-31 00:07:13,scovox,52.81%,357.2MiB / 30.66GiB,1.14%,0B / 0B,0B / 4.79MB,53
2026-07-31 00:07:13,openzen,2.47%,32.97MiB / 30.66GiB,0.11%,0B / 0B,0B / 2.15MB,20
2026-07-31 00:07:13,domain_bridge,0.18%,59.62MiB / 30.66GiB,0.19%,0B / 0B,0B / 5.07MB,28
2026-07-31 00:07:13,realsense,16.98%,94.89MiB / 30.66GiB,0.30%,0B / 0B,0B / 3.29MB,33
2026-07-31 00:07:13,nav2,6.06%,192.1MiB / 30.66GiB,0.61%,0B / 0B,0B / 1.37MB,93
2026-07-31 00:07:17,trav_ros2,101.43%,378.4MiB / 30.66GiB,1.20%,0B / 0B,0B / 1.83MB,44
2026-07-31 00:07:17,foxglove,10.84%,452.4MiB / 30.66GiB,1.44%,0B / 0B,0B / 3.3MB,31
2026-07-31 00:07:17,docker-recorder-run-9b85dfd0d458,0.00%,10.29MiB / 30.66GiB,0.03%,0B / 0B,0B / 9.64MB,1
2026-07-31 00:07:17,glim,83.68%,347.7MiB / 30.66GiB,1.11%,0B / 0B,0B / 11.6MB,35
2026-07-31 00:07:17,ouster,7.27%,119.5MiB / 30.66GiB,0.38%,0B / 0B,0B / 3.01MB,29
2026-07-31 00:07:17,mapir-ffmpeg,28.47%,169.3MiB / 30.66GiB,0.54%,0B / 0B,0B / 1.47MB,33
2026-07-31 00:07:17,scovox,73.49%,332.5MiB / 30.66GiB,1.06%,0B / 0B,0B / 4.79MB,53
2026-07-31 00:07:17,openzen,2.68%,32.97MiB / 30.66GiB,0.11%,0B / 0B,0B / 2.15MB,20
2026-07-31 00:07:17,domain_bridge,0.63%,59.08MiB / 30.66GiB,0.19%,0B / 0B,0B / 5.07MB,28
2026-07-31 00:07:17,realsense,17.33%,94.9MiB / 30.66GiB,0.30%,0B / 0B,0B / 3.29MB,33
2026-07-31 00:07:17,nav2,6.27%,184.9MiB / 30.66GiB,0.59%,0B / 0B,0B / 1.37MB,93
2026-07-31 00:07:20,trav_ros2,101.40%,378.1MiB / 30.66GiB,1.20%,0B / 0B,0B / 1.83MB,44
2026-07-31 00:07:20,foxglove,12.09%,460MiB / 30.66GiB,1.47%,0B / 0B,0B / 3.3MB,31
2026-07-31 00:07:20,docker-recorder-run-9b85dfd0d458,0.00%,10.29MiB / 30.66GiB,0.03%,0B / 0B,0B / 9.64MB,1
2026-07-31 00:07:20,glim,83.58%,347.9MiB / 30.66GiB,1.11%,0B / 0B,0B / 11.6MB,35
2026-07-31 00:07:20,ouster,7.02%,119.6MiB / 30.66GiB,0.38%,0B / 0B,0B / 3.01MB,29
2026-07-31 00:07:20,mapir-ffmpeg,27.65%,169.3MiB / 30.66GiB,0.54%,0B / 0B,0B / 1.49MB,33
2026-07-31 00:07:20,scovox,51.43%,364.3MiB / 30.66GiB,1.16%,0B / 0B,0B / 4.8MB,53
2026-07-31 00:07:20,openzen,2.51%,32.97MiB / 30.66GiB,0.11%,0B / 0B,0B / 2.15MB,20
2026-07-31 00:07:20,domain_bridge,0.06%,59.12MiB / 30.66GiB,0.19%,0B / 0B,0B / 5.07MB,28
2026-07-31 00:07:20,realsense,17.71%,94.89MiB / 30.66GiB,0.30%,0B / 0B,0B / 3.29MB,33
2026-07-31 00:07:20,nav2,5.85%,192.6MiB / 30.66GiB,0.61%,0B / 0B,0B / 1.37MB,93
2026-07-31 00:07:23,trav_ros2,101.75%,377.8MiB / 30.66GiB,1.20%,0B / 0B,0B / 1.83MB,44
2026-07-31 00:07:23,foxglove,12.31%,460.3MiB / 30.66GiB,1.47%,0B / 0B,0B / 3.3MB,31
2026-07-31 00:07:23,docker-recorder-run-9b85dfd0d458,0.00%,10.29MiB / 30.66GiB,0.03%,0B / 0B,0B / 9.64MB,1
2026-07-31 00:07:23,glim,88.04%,348MiB / 30.66GiB,1.11%,0B / 0B,0B / 11.6MB,35
2026-07-31 00:07:23,ouster,7.16%,120.1MiB / 30.66GiB,0.38%,0B / 0B,0B / 3.01MB,29
2026-07-31 00:07:23,mapir-ffmpeg,28.42%,169.8MiB / 30.66GiB,0.54%,0B / 0B,0B / 1.49MB,33
2026-07-31 00:07:23,scovox,68.06%,332.1MiB / 30.66GiB,1.06%,0B / 0B,0B / 4.89MB,53
2026-07-31 00:07:23,openzen,2.77%,33.21MiB / 30.66GiB,0.11%,0B / 0B,0B / 2.15MB,20
2026-07-31 00:07:23,domain_bridge,0.37%,58.62MiB / 30.66GiB,0.19%,0B / 0B,0B / 5.07MB,28
2026-07-31 00:07:23,realsense,17.66%,94.89MiB / 30.66GiB,0.30%,0B / 0B,0B / 3.29MB,33
2026-07-31 00:07:23,nav2,6.23%,193.3MiB / 30.66GiB,0.62%,0B / 0B,0B / 1.39MB,93
2026-07-31 00:07:26,trav_ros2,100.86%,378.2MiB / 30.66GiB,1.20%,0B / 0B,0B / 1.83MB,44
2026-07-31 00:07:26,foxglove,11.02%,460.4MiB / 30.66GiB,1.47%,0B / 0B,0B / 3.3MB,31
2026-07-31 00:07:26,docker-recorder-run-9b85dfd0d458,0.00%,10.29MiB / 30.66GiB,0.03%,0B / 0B,0B / 9.64MB,1
2026-07-31 00:07:26,glim,82.94%,341.7MiB / 30.66GiB,1.09%,0B / 0B,0B / 11.6MB,35
2026-07-31 00:07:26,ouster,6.90%,119.2MiB / 30.66GiB,0.38%,0B / 0B,0B / 3.01MB,29
2026-07-31 00:07:26,mapir-ffmpeg,28.70%,169.3MiB / 30.66GiB,0.54%,0B / 0B,0B / 1.49MB,33
2026-07-31 00:07:26,scovox,57.78%,368.9MiB / 30.66GiB,1.17%,0B / 0B,0B / 4.89MB,53
2026-07-31 00:07:26,openzen,2.56%,32.97MiB / 30.66GiB,0.11%,0B / 0B,0B / 2.15MB,20
2026-07-31 00:07:26,domain_bridge,0.33%,59.21MiB / 30.66GiB,0.19%,0B / 0B,0B / 5.07MB,28
2026-07-31 00:07:26,realsense,16.67%,94.89MiB / 30.66GiB,0.30%,0B / 0B,0B / 3.29MB,33
2026-07-31 00:07:26,nav2,5.62%,192.6MiB / 30.66GiB,0.61%,0B / 0B,0B / 1.39MB,93
2026-07-31 00:07:29,trav_ros2,101.65%,377.9MiB / 30.66GiB,1.20%,0B / 0B,0B / 1.83MB,44
2026-07-31 00:07:29,foxglove,11.12%,460.6MiB / 30.66GiB,1.47%,0B / 0B,0B / 3.3MB,31
2026-07-31 00:07:29,docker-recorder-run-9b85dfd0d458,0.00%,10.29MiB / 30.66GiB,0.03%,0B / 0B,0B / 9.64MB,1
2026-07-31 00:07:29,glim,76.14%,342.1MiB / 30.66GiB,1.09%,0B / 0B,0B / 11.6MB,35
2026-07-31 00:07:29,ouster,7.03%,119.4MiB / 30.66GiB,0.38%,0B / 0B,0B / 3.01MB,29
2026-07-31 00:07:29,mapir-ffmpeg,28.20%,169.3MiB / 30.66GiB,0.54%,0B / 0B,0B / 1.49MB,33
2026-07-31 00:07:29,scovox,55.80%,332.7MiB / 30.66GiB,1.06%,0B / 0B,0B / 4.89MB,53
2026-07-31 00:07:29,openzen,2.59%,32.97MiB / 30.66GiB,0.11%,0B / 0B,0B / 2.15MB,20
2026-07-31 00:07:29,domain_bridge,0.14%,59.3MiB / 30.66GiB,0.19%,0B / 0B,0B / 5.07MB,28
2026-07-31 00:07:29,realsense,17.12%,95.14MiB / 30.66GiB,0.30%,0B / 0B,0B / 3.29MB,33
2026-07-31 00:07:29,nav2,5.56%,192.8MiB / 30.66GiB,0.61%,0B / 0B,0B / 1.39MB,93
2026-07-31 00:07:32,trav_ros2,100.75%,378.8MiB / 30.66GiB,1.21%,0B / 0B,0B / 1.83MB,44
2026-07-31 00:07:32,foxglove,12.11%,460MiB / 30.66GiB,1.47%,0B / 0B,0B / 3.3MB,31
2026-07-31 00:07:32,docker-recorder-run-9b85dfd0d458,0.00%,10.29MiB / 30.66GiB,0.03%,0B / 0B,0B / 9.64MB,1
2026-07-31 00:07:32,glim,81.64%,342.2MiB / 30.66GiB,1.09%,0B / 0B,0B / 11.6MB,35
2026-07-31 00:07:32,ouster,7.21%,119.2MiB / 30.66GiB,0.38%,0B / 0B,0B / 3.01MB,29
2026-07-31 00:07:32,mapir-ffmpeg,28.61%,169.8MiB / 30.66GiB,0.54%,0B / 0B,0B / 1.49MB,33
2026-07-31 00:07:32,scovox,72.40%,333.1MiB / 30.66GiB,1.06%,0B / 0B,0B / 4.89MB,53
2026-07-31 00:07:32,openzen,2.60%,32.97MiB / 30.66GiB,0.11%,0B / 0B,0B / 2.15MB,20
2026-07-31 00:07:32,domain_bridge,0.65%,59.21MiB / 30.66GiB,0.19%,0B / 0B,0B / 5.07MB,28
2026-07-31 00:07:32,realsense,17.07%,95.14MiB / 30.66GiB,0.30%,0B / 0B,0B / 3.29MB,33
2026-07-31 00:07:32,nav2,6.52%,193.2MiB / 30.66GiB,0.62%,0B / 0B,0B / 1.39MB,93
2026-07-31 00:07:36,trav_ros2,101.47%,378.1MiB / 30.66GiB,1.20%,0B / 0B,0B / 1.83MB,44
2026-07-31 00:07:36,foxglove,11.01%,452.2MiB / 30.66GiB,1.44%,0B / 0B,0B / 3.3MB,31
2026-07-31 00:07:36,docker-recorder-run-9b85dfd0d458,0.00%,10.29MiB / 30.66GiB,0.03%,0B / 0B,0B / 9.64MB,1
2026-07-31 00:07:36,glim,88.84%,342.2MiB / 30.66GiB,1.09%,0B / 0B,0B / 11.6MB,35
2026-07-31 00:07:36,ouster,6.94%,119.2MiB / 30.66GiB,0.38%,0B / 0B,0B / 3.01MB,29
2026-07-31 00:07:36,mapir-ffmpeg,28.94%,169.6MiB / 30.66GiB,0.54%,0B / 0B,0B / 1.49MB,33
2026-07-31 00:07:36,scovox,48.27%,358.7MiB / 30.66GiB,1.14%,0B / 0B,0B / 4.89MB,53
2026-07-31 00:07:36,openzen,2.51%,32.97MiB / 30.66GiB,0.11%,0B / 0B,0B / 2.15MB,20
2026-07-31 00:07:36,domain_bridge,0.08%,59.05MiB / 30.66GiB,0.19%,0B / 0B,0B / 5.07MB,28
2026-07-31 00:07:36,realsense,16.44%,95.14MiB / 30.66GiB,0.30%,0B / 0B,0B / 3.29MB,33
2026-07-31 00:07:36,nav2,5.68%,185.5MiB / 30.66GiB,0.59%,0B / 0B,0B / 1.39MB,93
2026-07-31 00:07:39,trav_ros2,101.55%,377.9MiB / 30.66GiB,1.20%,0B / 0B,0B / 1.83MB,44
2026-07-31 00:07:39,foxglove,13.97%,460.8MiB / 30.66GiB,1.47%,0B / 0B,0B / 3.3MB,31
2026-07-31 00:07:39,docker-recorder-run-9b85dfd0d458,0.00%,10.29MiB / 30.66GiB,0.03%,0B / 0B,0B / 9.64MB,1
2026-07-31 00:07:39,glim,86.12%,341.7MiB / 30.66GiB,1.09%,0B / 0B,0B / 11.6MB,35
2026-07-31 00:07:39,ouster,7.48%,120.1MiB / 30.66GiB,0.38%,0B / 0B,0B / 3.01MB,29
2026-07-31 00:07:39,mapir-ffmpeg,28.48%,169.6MiB / 30.66GiB,0.54%,0B / 0B,0B / 1.49MB,33
2026-07-31 00:07:39,scovox,66.50%,333.8MiB / 30.66GiB,1.06%,0B / 0B,0B / 4.89MB,53
2026-07-31 00:07:39,openzen,2.59%,33.21MiB / 30.66GiB,0.11%,0B / 0B,0B / 2.15MB,20
2026-07-31 00:07:39,domain_bridge,0.53%,58.96MiB / 30.66GiB,0.19%,0B / 0B,0B / 5.07MB,28
2026-07-31 00:07:39,realsense,16.86%,94.89MiB / 30.66GiB,0.30%,0B / 0B,0B / 3.29MB,33
2026-07-31 00:07:39,nav2,6.75%,186.3MiB / 30.66GiB,0.59%,0B / 0B,0B / 1.39MB,93
2026-07-31 00:07:42,trav_ros2,101.19%,378.6MiB / 30.66GiB,1.21%,0B / 0B,0B / 1.83MB,44
2026-07-31 00:07:42,foxglove,11.76%,460.6MiB / 30.66GiB,1.47%,0B / 0B,0B / 3.3MB,31
2026-07-31 00:07:42,docker-recorder-run-9b85dfd0d458,0.00%,10.29MiB / 30.66GiB,0.03%,0B / 0B,0B / 9.64MB,1
2026-07-31 00:07:42,glim,81.23%,341.9MiB / 30.66GiB,1.09%,0B / 0B,0B / 11.6MB,35
2026-07-31 00:07:42,ouster,7.13%,119MiB / 30.66GiB,0.38%,0B / 0B,0B / 3.01MB,29
2026-07-31 00:07:42,mapir-ffmpeg,28.29%,169.8MiB / 30.66GiB,0.54%,0B / 0B,0B / 1.49MB,33
2026-07-31 00:07:42,scovox,52.69%,365.9MiB / 30.66GiB,1.17%,0B / 0B,0B / 4.89MB,53
2026-07-31 00:07:42,openzen,2.65%,33.21MiB / 30.66GiB,0.11%,0B / 0B,0B / 2.15MB,20
2026-07-31 00:07:42,domain_bridge,0.45%,59.52MiB / 30.66GiB,0.19%,0B / 0B,0B / 5.07MB,28
2026-07-31 00:07:42,realsense,16.78%,94.89MiB / 30.66GiB,0.30%,0B / 0B,0B / 3.29MB,33
2026-07-31 00:07:42,nav2,5.91%,193.3MiB / 30.66GiB,0.62%,0B / 0B,0B / 1.39MB,93
2026-07-31 00:07:45,trav_ros2,101.61%,377.7MiB / 30.66GiB,1.20%,0B / 0B,0B / 1.85MB,44
2026-07-31 00:07:45,foxglove,12.51%,460.7MiB / 30.66GiB,1.47%,0B / 0B,0B / 3.3MB,31
2026-07-31 00:07:45,docker-recorder-run-9b85dfd0d458,0.00%,10.29MiB / 30.66GiB,0.03%,0B / 0B,0B / 9.64MB,1
2026-07-31 00:07:45,glim,82.89%,342.2MiB / 30.66GiB,1.09%,0B / 0B,0B / 11.6MB,35
2026-07-31 00:07:45,ouster,7.60%,119.4MiB / 30.66GiB,0.38%,0B / 0B,0B / 3.01MB,29
2026-07-31 00:07:45,mapir-ffmpeg,28.18%,169.3MiB / 30.66GiB,0.54%,0B / 0B,0B / 1.49MB,33
2026-07-31 00:07:45,scovox,55.48%,332.7MiB / 30.66GiB,1.06%,0B / 0B,0B / 4.89MB,53
2026-07-31 00:07:45,openzen,2.64%,32.97MiB / 30.66GiB,0.11%,0B / 0B,0B / 2.15MB,20
2026-07-31 00:07:45,domain_bridge,0.53%,59.2MiB / 30.66GiB,0.19%,0B / 0B,0B / 5.07MB,28
2026-07-31 00:07:45,realsense,17.05%,94.89MiB / 30.66GiB,0.30%,0B / 0B,0B / 3.29MB,33
2026-07-31 00:07:45,nav2,5.78%,193.4MiB / 30.66GiB,0.62%,0B / 0B,0B / 1.39MB,93
2026-07-31 00:07:48,trav_ros2,101.44%,383.6MiB / 30.66GiB,1.22%,0B / 0B,0B / 1.85MB,44
2026-07-31 00:07:48,foxglove,11.40%,452.5MiB / 30.66GiB,1.44%,0B / 0B,0B / 3.3MB,31
2026-07-31 00:07:48,docker-recorder-run-9b85dfd0d458,0.00%,10.29MiB / 30.66GiB,0.03%,0B / 0B,0B / 9.64MB,1
2026-07-31 00:07:48,glim,80.77%,341.8MiB / 30.66GiB,1.09%,0B / 0B,0B / 11.6MB,35
2026-07-31 00:07:48,ouster,7.79%,119.3MiB / 30.66GiB,0.38%,0B / 0B,0B / 3.01MB,29
2026-07-31 00:07:48,mapir-ffmpeg,28.73%,169.3MiB / 30.66GiB,0.54%,0B / 0B,0B / 1.49MB,33
2026-07-31 00:07:48,scovox,70.08%,333.2MiB / 30.66GiB,1.06%,0B / 0B,0B / 4.89MB,53
2026-07-31 00:07:48,openzen,2.61%,32.97MiB / 30.66GiB,0.11%,0B / 0B,0B / 2.15MB,20
2026-07-31 00:07:48,domain_bridge,0.68%,59.3MiB / 30.66GiB,0.19%,0B / 0B,0B / 5.07MB,28
2026-07-31 00:07:48,realsense,17.16%,95.4MiB / 30.66GiB,0.30%,0B / 0B,0B / 3.29MB,33
2026-07-31 00:07:48,nav2,6.01%,193.6MiB / 30.66GiB,0.62%,0B / 0B,0B / 1.39MB,93
2026-07-31 00:07:52,trav_ros2,100.55%,378.4MiB / 30.66GiB,1.21%,0B / 0B,0B / 1.85MB,44
2026-07-31 00:07:52,foxglove,11.48%,460.1MiB / 30.66GiB,1.47%,0B / 0B,0B / 3.3MB,31
2026-07-31 00:07:52,docker-recorder-run-9b85dfd0d458,0.00%,10.29MiB / 30.66GiB,0.03%,0B / 0B,0B / 9.64MB,1
2026-07-31 00:07:52,glim,78.05%,342.1MiB / 30.66GiB,1.09%,0B / 0B,0B / 11.6MB,35
2026-07-31 00:07:52,ouster,6.82%,119.3MiB / 30.66GiB,0.38%,0B / 0B,0B / 3.01MB,29
2026-07-31 00:07:52,mapir-ffmpeg,28.43%,169.3MiB / 30.66GiB,0.54%,0B / 0B,0B / 1.49MB,33
2026-07-31 00:07:52,scovox,48.95%,358.3MiB / 30.66GiB,1.14%,0B / 0B,0B / 4.89MB,53
2026-07-31 00:07:52,openzen,2.57%,32.97MiB / 30.66GiB,0.11%,0B / 0B,0B / 2.15MB,20
2026-07-31 00:07:52,domain_bridge,0.10%,58.78MiB / 30.66GiB,0.19%,0B / 0B,0B / 5.07MB,28
2026-07-31 00:07:52,realsense,16.79%,94.89MiB / 30.66GiB,0.30%,0B / 0B,0B / 3.29MB,33
2026-07-31 00:07:52,nav2,5.74%,193.4MiB / 30.66GiB,0.62%,0B / 0B,0B / 1.39MB,93
2026-07-31 00:07:55,trav_ros2,101.53%,378MiB / 30.66GiB,1.20%,0B / 0B,0B / 1.85MB,44
2026-07-31 00:07:55,foxglove,12.12%,460.5MiB / 30.66GiB,1.47%,0B / 0B,0B / 3.3MB,31
2026-07-31 00:07:55,docker-recorder-run-9b85dfd0d458,0.00%,10.29MiB / 30.66GiB,0.03%,0B / 0B,0B / 9.64MB,1
2026-07-31 00:07:55,glim,80.99%,342.1MiB / 30.66GiB,1.09%,0B / 0B,0B / 11.6MB,35
2026-07-31 00:07:55,ouster,7.19%,119.9MiB / 30.66GiB,0.38%,0B / 0B,0B / 3.01MB,29
2026-07-31 00:07:55,mapir-ffmpeg,28.75%,169.8MiB / 30.66GiB,0.54%,0B / 0B,0B / 1.5MB,33
2026-07-31 00:07:55,scovox,69.10%,332.4MiB / 30.66GiB,1.06%,0B / 0B,0B / 4.9MB,53
2026-07-31 00:07:55,openzen,2.58%,33.21MiB / 30.66GiB,0.11%,0B / 0B,0B / 2.15MB,20
2026-07-31 00:07:55,domain_bridge,0.44%,59.67MiB / 30.66GiB,0.19%,0B / 0B,0B / 5.07MB,28
2026-07-31 00:07:55,realsense,17.11%,95.14MiB / 30.66GiB,0.30%,0B / 0B,0B / 3.29MB,33
2026-07-31 00:07:55,nav2,6.17%,193.8MiB / 30.66GiB,0.62%,0B / 0B,0B / 1.39MB,93
2026-07-31 00:07:58,trav_ros2,102.27%,378.6MiB / 30.66GiB,1.21%,0B / 0B,0B / 1.85MB,44
2026-07-31 00:07:58,foxglove,12.23%,460.2MiB / 30.66GiB,1.47%,0B / 0B,0B / 3.3MB,31
2026-07-31 00:07:58,docker-recorder-run-9b85dfd0d458,0.00%,10.29MiB / 30.66GiB,0.03%,0B / 0B,0B / 9.64MB,1
2026-07-31 00:07:58,glim,79.77%,342.5MiB / 30.66GiB,1.09%,0B / 0B,0B / 11.6MB,35
2026-07-31 00:07:58,ouster,7.24%,119.3MiB / 30.66GiB,0.38%,0B / 0B,0B / 3.01MB,29
2026-07-31 00:07:58,mapir-ffmpeg,29.18%,169.6MiB / 30.66GiB,0.54%,0B / 0B,0B / 1.5MB,33
2026-07-31 00:07:58,scovox,47.62%,364.1MiB / 30.66GiB,1.16%,0B / 0B,0B / 4.9MB,53
2026-07-31 00:07:58,openzen,2.49%,32.97MiB / 30.66GiB,0.11%,0B / 0B,0B / 2.15MB,20
2026-07-31 00:07:58,domain_bridge,0.39%,59.69MiB / 30.66GiB,0.19%,0B / 0B,0B / 5.07MB,28
2026-07-31 00:07:58,realsense,17.07%,94.89MiB / 30.66GiB,0.30%,0B / 0B,0B / 3.29MB,33
2026-07-31 00:07:58,nav2,6.11%,193.7MiB / 30.66GiB,0.62%,0B / 0B,0B / 1.4MB,93
2026-07-31 00:08:01,trav_ros2,101.67%,377.9MiB / 30.66GiB,1.20%,0B / 0B,0B / 1.85MB,44
2026-07-31 00:08:01,foxglove,12.18%,460.6MiB / 30.66GiB,1.47%,0B / 0B,0B / 3.3MB,31
2026-07-31 00:08:01,docker-recorder-run-9b85dfd0d458,0.00%,10.29MiB / 30.66GiB,0.03%,0B / 0B,0B / 9.64MB,1
2026-07-31 00:08:01,glim,78.55%,341.7MiB / 30.66GiB,1.09%,0B / 0B,0B / 11.6MB,35
2026-07-31 00:08:01,ouster,7.10%,119.4MiB / 30.66GiB,0.38%,0B / 0B,0B / 3.01MB,29
2026-07-31 00:08:01,mapir-ffmpeg,28.38%,169.3MiB / 30.66GiB,0.54%,0B / 0B,0B / 1.5MB,33
2026-07-31 00:08:01,scovox,62.19%,332.7MiB / 30.66GiB,1.06%,0B / 0B,0B / 4.99MB,53
2026-07-31 00:08:01,openzen,2.52%,32.97MiB / 30.66GiB,0.11%,0B / 0B,0B / 2.15MB,20
2026-07-31 00:08:01,domain_bridge,1.37%,59.33MiB / 30.66GiB,0.19%,0B / 0B,0B / 5.07MB,28
2026-07-31 00:08:01,realsense,17.15%,94.89MiB / 30.66GiB,0.30%,0B / 0B,0B / 3.29MB,33
2026-07-31 00:08:01,nav2,5.88%,193.5MiB / 30.66GiB,0.62%,0B / 0B,0B / 1.4MB,93
2026-07-31 00:08:04,trav_ros2,101.57%,378.1MiB / 30.66GiB,1.20%,0B / 0B,0B / 1.85MB,44
2026-07-31 00:08:04,foxglove,12.48%,460.6MiB / 30.66GiB,1.47%,0B / 0B,0B / 3.3MB,31
2026-07-31 00:08:04,docker-recorder-run-9b85dfd0d458,0.00%,10.29MiB / 30.66GiB,0.03%,0B / 0B,0B / 9.64MB,1
2026-07-31 00:08:04,glim,80.06%,342.7MiB / 30.66GiB,1.09%,0B / 0B,0B / 11.6MB,35
2026-07-31 00:08:04,ouster,7.18%,119.2MiB / 30.66GiB,0.38%,0B / 0B,0B / 3.01MB,29
2026-07-31 00:08:04,mapir-ffmpeg,29.13%,169.3MiB / 30.66GiB,0.54%,0B / 0B,0B / 1.5MB,33
2026-07-31 00:08:04,scovox,67.19%,333.3MiB / 30.66GiB,1.06%,0B / 0B,0B / 4.99MB,53
2026-07-31 00:08:04,openzen,2.83%,33.22MiB / 30.66GiB,0.11%,0B / 0B,0B / 2.15MB,20
2026-07-31 00:08:04,domain_bridge,0.66%,59.13MiB / 30.66GiB,0.19%,0B / 0B,0B / 5.07MB,28
2026-07-31 00:08:04,realsense,17.01%,95.14MiB / 30.66GiB,0.30%,0B / 0B,0B / 3.29MB,33
2026-07-31 00:08:04,nav2,6.56%,194.2MiB / 30.66GiB,0.62%,0B / 0B,0B / 1.4MB,93
2026-07-31 00:08:07,trav_ros2,101.59%,378.1MiB / 30.66GiB,1.20%,0B / 0B,0B / 1.85MB,44
2026-07-31 00:08:07,foxglove,11.27%,452.2MiB / 30.66GiB,1.44%,0B / 0B,0B / 3.3MB,31
2026-07-31 00:08:07,docker-recorder-run-9b85dfd0d458,0.00%,10.29MiB / 30.66GiB,0.03%,0B / 0B,0B / 9.64MB,1
2026-07-31 00:08:07,glim,81.02%,342MiB / 30.66GiB,1.09%,0B / 0B,0B / 11.6MB,35
2026-07-31 00:08:07,ouster,6.85%,119.1MiB / 30.66GiB,0.38%,0B / 0B,0B / 3.01MB,29
2026-07-31 00:08:07,mapir-ffmpeg,28.88%,169.6MiB / 30.66GiB,0.54%,0B / 0B,0B / 1.5MB,33
2026-07-31 00:08:07,scovox,47.85%,332.9MiB / 30.66GiB,1.06%,0B / 0B,0B / 4.99MB,53
2026-07-31 00:08:07,openzen,2.43%,33.22MiB / 30.66GiB,0.11%,0B / 0B,0B / 2.15MB,20
2026-07-31 00:08:07,domain_bridge,0.10%,59MiB / 30.66GiB,0.19%,0B / 0B,0B / 5.07MB,28
2026-07-31 00:08:07,realsense,17.05%,94.89MiB / 30.66GiB,0.30%,0B / 0B,0B / 3.29MB,33
2026-07-31 00:08:07,nav2,5.57%,186.7MiB / 30.66GiB,0.59%,0B / 0B,0B / 1.4MB,93
2026-07-31 00:08:11,trav_ros2,101.40%,429.6MiB / 30.66GiB,1.37%,0B / 0B,0B / 1.85MB,44
2026-07-31 00:08:11,foxglove,11.90%,460.7MiB / 30.66GiB,1.47%,0B / 0B,0B / 3.31MB,31
2026-07-31 00:08:11,docker-recorder-run-9b85dfd0d458,0.00%,10.29MiB / 30.66GiB,0.03%,0B / 0B,0B / 9.64MB,1
2026-07-31 00:08:11,glim,81.54%,342.2MiB / 30.66GiB,1.09%,0B / 0B,0B / 11.6MB,35
2026-07-31 00:08:11,ouster,7.34%,119.8MiB / 30.66GiB,0.38%,0B / 0B,0B / 3.01MB,29
2026-07-31 00:08:11,mapir-ffmpeg,29.31%,169.4MiB / 30.66GiB,0.54%,0B / 0B,0B / 1.5MB,33
2026-07-31 00:08:11,scovox,68.05%,333.1MiB / 30.66GiB,1.06%,0B / 0B,0B / 4.99MB,53
2026-07-31 00:08:11,openzen,2.79%,33.71MiB / 30.66GiB,0.11%,0B / 0B,0B / 2.15MB,20
2026-07-31 00:08:11,domain_bridge,1.00%,59.36MiB / 30.66GiB,0.19%,0B / 0B,0B / 5.07MB,28
2026-07-31 00:08:11,realsense,16.92%,95.13MiB / 30.66GiB,0.30%,0B / 0B,0B / 3.29MB,33
2026-07-31 00:08:11,nav2,6.80%,194.5MiB / 30.66GiB,0.62%,0B / 0B,0B / 1.4MB,93
2026-07-31 00:08:14,trav_ros2,101.40%,379.1MiB / 30.66GiB,1.21%,0B / 0B,0B / 1.85MB,44
2026-07-31 00:08:14,foxglove,11.90%,460.5MiB / 30.66GiB,1.47%,0B / 0B,0B / 3.31MB,31
2026-07-31 00:08:14,docker-recorder-run-9b85dfd0d458,0.00%,10.29MiB / 30.66GiB,0.03%,0B / 0B,0B / 9.64MB,1
2026-07-31 00:08:14,glim,78.68%,342.3MiB / 30.66GiB,1.09%,0B / 0B,0B / 11.6MB,35
2026-07-31 00:08:14,ouster,6.95%,119.8MiB / 30.66GiB,0.38%,0B / 0B,0B / 3.01MB,29
2026-07-31 00:08:14,mapir-ffmpeg,29.06%,169.3MiB / 30.66GiB,0.54%,0B / 0B,0B / 1.5MB,33
2026-07-31 00:08:14,scovox,50.62%,363.6MiB / 30.66GiB,1.16%,0B / 0B,0B / 4.99MB,53
2026-07-31 00:08:14,openzen,2.49%,33.22MiB / 30.66GiB,0.11%,0B / 0B,0B / 2.15MB,20
2026-07-31 00:08:14,domain_bridge,0.30%,60.14MiB / 30.66GiB,0.19%,0B / 0B,0B / 5.07MB,28
2026-07-31 00:08:14,realsense,16.62%,95.14MiB / 30.66GiB,0.30%,0B / 0B,0B / 3.29MB,33
2026-07-31 00:08:14,nav2,6.25%,194.2MiB / 30.66GiB,0.62%,0B / 0B,0B / 1.4MB,93
2026-07-31 00:08:17,trav_ros2,101.74%,377.7MiB / 30.66GiB,1.20%,0B / 0B,0B / 1.87MB,44
2026-07-31 00:08:17,foxglove,11.99%,460.3MiB / 30.66GiB,1.47%,0B / 0B,0B / 3.31MB,31
2026-07-31 00:08:17,docker-recorder-run-9b85dfd0d458,0.00%,10.29MiB / 30.66GiB,0.03%,0B / 0B,0B / 9.64MB,1
2026-07-31 00:08:17,glim,81.95%,342.6MiB / 30.66GiB,1.09%,0B / 0B,0B / 11.6MB,35
2026-07-31 00:08:17,ouster,7.60%,119.1MiB / 30.66GiB,0.38%,0B / 0B,0B / 3.01MB,29
2026-07-31 00:08:17,mapir-ffmpeg,29.14%,169.8MiB / 30.66GiB,0.54%,0B / 0B,0B / 1.5MB,33
2026-07-31 00:08:17,scovox,68.69%,332.9MiB / 30.66GiB,1.06%,0B / 0B,0B / 4.99MB,53
2026-07-31 00:08:17,openzen,2.40%,33.22MiB / 30.66GiB,0.11%,0B / 0B,0B / 2.15MB,20
2026-07-31 00:08:17,domain_bridge,0.92%,60.95MiB / 30.66GiB,0.19%,0B / 0B,0B / 5.07MB,28
2026-07-31 00:08:17,realsense,16.94%,94.89MiB / 30.66GiB,0.30%,0B / 0B,0B / 3.29MB,33
2026-07-31 00:08:17,nav2,6.24%,194.2MiB / 30.66GiB,0.62%,0B / 0B,0B / 1.4MB,93
2026-07-31 00:08:20,trav_ros2,101.61%,378.4MiB / 30.66GiB,1.21%,0B / 0B,0B / 1.87MB,44
2026-07-31 00:08:20,foxglove,12.62%,460.4MiB / 30.66GiB,1.47%,0B / 0B,0B / 3.31MB,31
2026-07-31 00:08:20,docker-recorder-run-9b85dfd0d458,0.00%,10.29MiB / 30.66GiB,0.03%,0B / 0B,0B / 9.64MB,1
2026-07-31 00:08:20,glim,79.86%,342MiB / 30.66GiB,1.09%,0B / 0B,0B / 11.6MB,35
2026-07-31 00:08:20,ouster,7.27%,119.3MiB / 30.66GiB,0.38%,0B / 0B,0B / 3.01MB,29
2026-07-31 00:08:20,mapir-ffmpeg,28.54%,169.3MiB / 30.66GiB,0.54%,0B / 0B,0B / 1.5MB,33
2026-07-31 00:08:20,scovox,62.73%,368.6MiB / 30.66GiB,1.17%,0B / 0B,0B / 4.99MB,53
2026-07-31 00:08:20,openzen,2.69%,33.21MiB / 30.66GiB,0.11%,0B / 0B,0B / 2.15MB,20
2026-07-31 00:08:20,domain_bridge,0.61%,59.51MiB / 30.66GiB,0.19%,0B / 0B,0B / 5.07MB,28
2026-07-31 00:08:20,realsense,16.73%,95.38MiB / 30.66GiB,0.30%,0B / 0B,0B / 3.29MB,33
2026-07-31 00:08:20,nav2,6.68%,194.3MiB / 30.66GiB,0.62%,0B / 0B,0B / 1.41MB,93
2026-07-31 00:08:23,trav_ros2,101.26%,378.3MiB / 30.66GiB,1.20%,0B / 0B,0B / 1.87MB,44
2026-07-31 00:08:23,foxglove,11.84%,460.7MiB / 30.66GiB,1.47%,0B / 0B,0B / 3.31MB,31
2026-07-31 00:08:23,docker-recorder-run-9b85dfd0d458,0.00%,10.29MiB / 30.66GiB,0.03%,0B / 0B,0B / 9.64MB,1
2026-07-31 00:08:23,glim,81.07%,346.2MiB / 30.66GiB,1.10%,0B / 0B,0B / 11.6MB,35
2026-07-31 00:08:23,ouster,6.94%,119.1MiB / 30.66GiB,0.38%,0B / 0B,0B / 3.01MB,29
2026-07-31 00:08:23,mapir-ffmpeg,28.17%,169.6MiB / 30.66GiB,0.54%,0B / 0B,0B / 1.5MB,33
2026-07-31 00:08:23,scovox,50.23%,333.7MiB / 30.66GiB,1.06%,0B / 0B,0B / 4.99MB,53
2026-07-31 00:08:23,openzen,2.58%,33.21MiB / 30.66GiB,0.11%,0B / 0B,0B / 2.15MB,20
2026-07-31 00:08:23,domain_bridge,0.17%,59.44MiB / 30.66GiB,0.19%,0B / 0B,0B / 5.07MB,28
2026-07-31 00:08:23,realsense,16.71%,95.14MiB / 30.66GiB,0.30%,0B / 0B,0B / 3.29MB,33
2026-07-31 00:08:23,nav2,6.12%,194.5MiB / 30.66GiB,0.62%,0B / 0B,0B / 1.41MB,93
2026-07-31 00:08:26,trav_ros2,101.39%,379MiB / 30.66GiB,1.21%,0B / 0B,0B / 1.87MB,44
2026-07-31 00:08:26,foxglove,12.45%,460.4MiB / 30.66GiB,1.47%,0B / 0B,0B / 3.31MB,31
2026-07-31 00:08:26,docker-recorder-run-9b85dfd0d458,0.00%,10.29MiB / 30.66GiB,0.03%,0B / 0B,0B / 9.64MB,1
2026-07-31 00:08:26,glim,81.68%,352.1MiB / 30.66GiB,1.12%,0B / 0B,0B / 11.6MB,35
2026-07-31 00:08:26,ouster,7.71%,119.5MiB / 30.66GiB,0.38%,0B / 0B,0B / 3.01MB,29
2026-07-31 00:08:26,mapir-ffmpeg,29.14%,169.8MiB / 30.66GiB,0.54%,0B / 0B,0B / 1.5MB,33
2026-07-31 00:08:26,scovox,74.67%,332.8MiB / 30.66GiB,1.06%,0B / 0B,0B / 5.01MB,53
2026-07-31 00:08:26,openzen,3.00%,33.21MiB / 30.66GiB,0.11%,0B / 0B,0B / 2.15MB,20
2026-07-31 00:08:26,domain_bridge,1.04%,59.64MiB / 30.66GiB,0.19%,0B / 0B,0B / 5.07MB,28
2026-07-31 00:08:26,realsense,17.64%,95.38MiB / 30.66GiB,0.30%,0B / 0B,0B / 3.29MB,33
2026-07-31 00:08:26,nav2,7.19%,195MiB / 30.66GiB,0.62%,0B / 0B,0B / 1.41MB,93
2026-07-31 00:08:30,trav_ros2,101.41%,379.9MiB / 30.66GiB,1.21%,0B / 0B,0B / 1.87MB,44
2026-07-31 00:08:30,foxglove,11.83%,460.7MiB / 30.66GiB,1.47%,0B / 0B,0B / 3.31MB,31
2026-07-31 00:08:30,docker-recorder-run-9b85dfd0d458,0.00%,10.29MiB / 30.66GiB,0.03%,0B / 0B,0B / 9.64MB,1
2026-07-31 00:08:30,glim,80.26%,352.5MiB / 30.66GiB,1.12%,0B / 0B,0B / 11.6MB,35
2026-07-31 00:08:30,ouster,7.21%,119.5MiB / 30.66GiB,0.38%,0B / 0B,0B / 3.01MB,29
2026-07-31 00:08:30,mapir-ffmpeg,28.70%,169.3MiB / 30.66GiB,0.54%,0B / 0B,0B / 1.51MB,33
2026-07-31 00:08:30,scovox,53.10%,365MiB / 30.66GiB,1.16%,0B / 0B,0B / 5.09MB,53
2026-07-31 00:08:30,openzen,2.58%,32.97MiB / 30.66GiB,0.11%,0B / 0B,0B / 2.15MB,20
2026-07-31 00:08:30,domain_bridge,0.35%,59.64MiB / 30.66GiB,0.19%,0B / 0B,0B / 5.07MB,28
2026-07-31 00:08:30,realsense,17.50%,95.36MiB / 30.66GiB,0.30%,0B / 0B,0B / 3.29MB,33
2026-07-31 00:08:30,nav2,6.23%,194.6MiB / 30.66GiB,0.62%,0B / 0B,0B / 1.41MB,93
2026-07-31 00:08:33,trav_ros2,101.81%,413.1MiB / 30.66GiB,1.32%,0B / 0B,0B / 1.87MB,44
2026-07-31 00:08:33,foxglove,11.38%,460.3MiB / 30.66GiB,1.47%,0B / 0B,0B / 3.31MB,31
2026-07-31 00:08:33,docker-recorder-run-9b85dfd0d458,0.00%,10.29MiB / 30.66GiB,0.03%,0B / 0B,0B / 9.64MB,1
2026-07-31 00:08:33,glim,82.66%,352.3MiB / 30.66GiB,1.12%,0B / 0B,0B / 11.6MB,35
2026-07-31 00:08:33,ouster,7.18%,119.6MiB / 30.66GiB,0.38%,0B / 0B,0B / 3.01MB,29
2026-07-31 00:08:33,mapir-ffmpeg,28.58%,169.3MiB / 30.66GiB,0.54%,0B / 0B,0B / 1.51MB,33
2026-07-31 00:08:33,scovox,74.14%,333.7MiB / 30.66GiB,1.06%,0B / 0B,0B / 5.09MB,53
2026-07-31 00:08:33,openzen,2.66%,32.97MiB / 30.66GiB,0.11%,0B / 0B,0B / 2.15MB,20
2026-07-31 00:08:33,domain_bridge,0.92%,59.72MiB / 30.66GiB,0.19%,0B / 0B,0B / 5.07MB,28
2026-07-31 00:08:33,realsense,17.09%,95.14MiB / 30.66GiB,0.30%,0B / 0B,0B / 3.29MB,33
2026-07-31 00:08:33,nav2,5.85%,194.4MiB / 30.66GiB,0.62%,0B / 0B,0B / 1.41MB,93
2026-07-31 00:08:36,trav_ros2,101.09%,379MiB / 30.66GiB,1.21%,0B / 0B,0B / 1.87MB,44
2026-07-31 00:08:36,foxglove,12.07%,460.4MiB / 30.66GiB,1.47%,0B / 0B,0B / 3.31MB,31
2026-07-31 00:08:36,docker-recorder-run-9b85dfd0d458,0.00%,10.29MiB / 30.66GiB,0.03%,0B / 0B,0B / 9.64MB,1
2026-07-31 00:08:36,glim,84.27%,352.1MiB / 30.66GiB,1.12%,0B / 0B,0B / 11.6MB,35
2026-07-31 00:08:36,ouster,7.12%,119.6MiB / 30.66GiB,0.38%,0B / 0B,0B / 3.01MB,29
2026-07-31 00:08:36,mapir-ffmpeg,29.09%,169.3MiB / 30.66GiB,0.54%,0B / 0B,0B / 1.51MB,33
2026-07-31 00:08:36,scovox,58.75%,370.9MiB / 30.66GiB,1.18%,0B / 0B,0B / 5.09MB,53
2026-07-31 00:08:36,openzen,2.52%,32.97MiB / 30.66GiB,0.11%,0B / 0B,0B / 2.15MB,20
2026-07-31 00:08:36,domain_bridge,0.59%,58.77MiB / 30.66GiB,0.19%,0B / 0B,0B / 5.07MB,28
2026-07-31 00:08:36,realsense,17.27%,95.64MiB / 30.66GiB,0.30%,0B / 0B,0B / 3.29MB,33
2026-07-31 00:08:36,nav2,6.61%,194.5MiB / 30.66GiB,0.62%,0B / 0B,0B / 1.43MB,93
2026-07-31 00:08:39,trav_ros2,100.85%,378.9MiB / 30.66GiB,1.21%,0B / 0B,0B / 1.87MB,44
2026-07-31 00:08:39,foxglove,11.88%,460.3MiB / 30.66GiB,1.47%,0B / 0B,0B / 3.31MB,31
2026-07-31 00:08:39,docker-recorder-run-9b85dfd0d458,0.00%,10.29MiB / 30.66GiB,0.03%,0B / 0B,0B / 9.64MB,1
2026-07-31 00:08:39,glim,81.15%,352.8MiB / 30.66GiB,1.12%,0B / 0B,0B / 11.6MB,35
2026-07-31 00:08:39,ouster,6.91%,119.2MiB / 30.66GiB,0.38%,0B / 0B,0B / 3.01MB,29
2026-07-31 00:08:39,mapir-ffmpeg,29.36%,169.3MiB / 30.66GiB,0.54%,0B / 0B,0B / 1.51MB,33
2026-07-31 00:08:39,scovox,56.29%,334.8MiB / 30.66GiB,1.07%,0B / 0B,0B / 5.09MB,53
2026-07-31 00:08:39,openzen,2.39%,32.97MiB / 30.66GiB,0.11%,0B / 0B,0B / 2.15MB,20
2026-07-31 00:08:39,domain_bridge,0.13%,59.43MiB / 30.66GiB,0.19%,0B / 0B,0B / 5.07MB,28
2026-07-31 00:08:39,realsense,17.46%,95.14MiB / 30.66GiB,0.30%,0B / 0B,0B / 3.29MB,33
2026-07-31 00:08:39,nav2,6.13%,194.7MiB / 30.66GiB,0.62%,0B / 0B,0B / 1.43MB,93
2026-07-31 00:08:42,trav_ros2,101.83%,378.4MiB / 30.66GiB,1.21%,0B / 0B,0B / 1.87MB,44
2026-07-31 00:08:42,foxglove,11.89%,452.4MiB / 30.66GiB,1.44%,0B / 0B,0B / 3.31MB,31
2026-07-31 00:08:42,docker-recorder-run-9b85dfd0d458,0.00%,10.29MiB / 30.66GiB,0.03%,0B / 0B,0B / 9.64MB,1
2026-07-31 00:08:42,glim,83.84%,352.2MiB / 30.66GiB,1.12%,0B / 0B,0B / 11.6MB,35
2026-07-31 00:08:42,ouster,7.66%,119.3MiB / 30.66GiB,0.38%,0B / 0B,0B / 3.01MB,29
2026-07-31 00:08:42,mapir-ffmpeg,29.45%,170.3MiB / 30.66GiB,0.54%,0B / 0B,0B / 1.51MB,33
2026-07-31 00:08:42,scovox,73.93%,333.9MiB / 30.66GiB,1.06%,0B / 0B,0B / 5.09MB,53
2026-07-31 00:08:42,openzen,2.72%,33.23MiB / 30.66GiB,0.11%,0B / 0B,0B / 2.15MB,20
2026-07-31 00:08:42,domain_bridge,1.07%,59.23MiB / 30.66GiB,0.19%,0B / 0B,0B / 5.07MB,28
2026-07-31 00:08:42,realsense,17.49%,95.13MiB / 30.66GiB,0.30%,0B / 0B,0B / 3.29MB,33
2026-07-31 00:08:42,nav2,6.78%,188MiB / 30.66GiB,0.60%,0B / 0B,0B / 1.43MB,93
2026-07-31 00:08:46,trav_ros2,101.56%,379MiB / 30.66GiB,1.21%,0B / 0B,0B / 1.89MB,44
2026-07-31 00:08:46,foxglove,11.92%,460.6MiB / 30.66GiB,1.47%,0B / 0B,0B / 3.31MB,31
2026-07-31 00:08:46,docker-recorder-run-9b85dfd0d458,0.00%,10.29MiB / 30.66GiB,0.03%,0B / 0B,0B / 9.64MB,1
2026-07-31 00:08:46,glim,82.00%,342MiB / 30.66GiB,1.09%,0B / 0B,0B / 11.6MB,35
2026-07-31 00:08:46,ouster,8.06%,119.2MiB / 30.66GiB,0.38%,0B / 0B,0B / 3.01MB,29
2026-07-31 00:08:46,mapir-ffmpeg,28.74%,169.3MiB / 30.66GiB,0.54%,0B / 0B,0B / 1.51MB,33
2026-07-31 00:08:46,scovox,50.56%,363.5MiB / 30.66GiB,1.16%,0B / 0B,0B / 5.09MB,53
2026-07-31 00:08:46,openzen,2.50%,32.97MiB / 30.66GiB,0.11%,0B / 0B,0B / 2.15MB,20
2026-07-31 00:08:46,domain_bridge,0.48%,59.66MiB / 30.66GiB,0.19%,0B / 0B,0B / 5.07MB,28
2026-07-31 00:08:46,realsense,17.42%,94.89MiB / 30.66GiB,0.30%,0B / 0B,0B / 3.29MB,33
2026-07-31 00:08:46,nav2,6.02%,195.1MiB / 30.66GiB,0.62%,0B / 0B,0B / 1.43MB,93
2026-07-31 00:08:49,trav_ros2,101.88%,377.9MiB / 30.66GiB,1.20%,0B / 0B,0B / 1.89MB,44
2026-07-31 00:08:49,foxglove,12.03%,460.5MiB / 30.66GiB,1.47%,0B / 0B,0B / 3.31MB,31
2026-07-31 00:08:49,docker-recorder-run-9b85dfd0d458,0.00%,10.29MiB / 30.66GiB,0.03%,0B / 0B,0B / 9.64MB,1
2026-07-31 00:08:49,glim,82.62%,341.8MiB / 30.66GiB,1.09%,0B / 0B,0B / 11.6MB,35
2026-07-31 00:08:49,ouster,7.27%,119.2MiB / 30.66GiB,0.38%,0B / 0B,0B / 3.01MB,29
2026-07-31 00:08:49,mapir-ffmpeg,28.70%,169.3MiB / 30.66GiB,0.54%,0B / 0B,0B / 1.51MB,33
2026-07-31 00:08:49,scovox,71.85%,333.8MiB / 30.66GiB,1.06%,0B / 0B,0B / 5.09MB,53
2026-07-31 00:08:49,openzen,2.48%,32.97MiB / 30.66GiB,0.11%,0B / 0B,0B / 2.15MB,20
2026-07-31 00:08:49,domain_bridge,0.95%,59.51MiB / 30.66GiB,0.19%,0B / 0B,0B / 5.07MB,28
2026-07-31 00:08:49,realsense,17.58%,94.89MiB / 30.66GiB,0.30%,0B / 0B,0B / 3.29MB,33
2026-07-31 00:08:49,nav2,6.03%,194.6MiB / 30.66GiB,0.62%,0B / 0B,0B / 1.43MB,93
2026-07-31 00:08:52,trav_ros2,101.40%,378.4MiB / 30.66GiB,1.21%,0B / 0B,0B / 1.89MB,44
2026-07-31 00:08:52,foxglove,11.35%,460.5MiB / 30.66GiB,1.47%,0B / 0B,0B / 3.31MB,31
2026-07-31 00:08:52,docker-recorder-run-9b85dfd0d458,0.00%,10.29MiB / 30.66GiB,0.03%,0B / 0B,0B / 9.64MB,1
2026-07-31 00:08:52,glim,85.86%,342.2MiB / 30.66GiB,1.09%,0B / 0B,0B / 11.6MB,35
2026-07-31 00:08:52,ouster,7.14%,119.7MiB / 30.66GiB,0.38%,0B / 0B,0B / 3.01MB,29
2026-07-31 00:08:52,mapir-ffmpeg,29.34%,169.3MiB / 30.66GiB,0.54%,0B / 0B,0B / 1.51MB,33
2026-07-31 00:08:52,scovox,54.45%,368.4MiB / 30.66GiB,1.17%,0B / 0B,0B / 5.09MB,53
2026-07-31 00:08:52,openzen,2.55%,32.97MiB / 30.66GiB,0.11%,0B / 0B,0B / 2.15MB,20
2026-07-31 00:08:52,domain_bridge,0.44%,59.58MiB / 30.66GiB,0.19%,0B / 0B,0B / 5.07MB,28
2026-07-31 00:08:52,realsense,17.34%,95.37MiB / 30.66GiB,0.30%,0B / 0B,0B / 3.29MB,33
2026-07-31 00:08:52,nav2,5.92%,194.7MiB / 30.66GiB,0.62%,0B / 0B,0B / 1.43MB,93
2026-07-31 00:08:55,trav_ros2,101.14%,404.8MiB / 30.66GiB,1.29%,0B / 0B,0B / 1.89MB,44
2026-07-31 00:08:55,foxglove,11.35%,460.6MiB / 30.66GiB,1.47%,0B / 0B,0B / 3.31MB,31
2026-07-31 00:08:55,docker-recorder-run-9b85dfd0d458,0.00%,10.29MiB / 30.66GiB,0.03%,0B / 0B,0B / 9.64MB,1
2026-07-31 00:08:55,glim,82.16%,342.3MiB / 30.66GiB,1.09%,0B / 0B,0B / 11.6MB,35
2026-07-31 00:08:55,ouster,6.89%,119.4MiB / 30.66GiB,0.38%,0B / 0B,0B / 3.01MB,29
2026-07-31 00:08:55,mapir-ffmpeg,28.95%,169.3MiB / 30.66GiB,0.54%,0B / 0B,0B / 1.51MB,33
2026-07-31 00:08:55,scovox,67.09%,333.5MiB / 30.66GiB,1.06%,0B / 0B,0B / 5.09MB,53
2026-07-31 00:08:55,openzen,2.42%,32.97MiB / 30.66GiB,0.11%,0B / 0B,0B / 2.15MB,20
2026-07-31 00:08:55,domain_bridge,0.14%,59.92MiB / 30.66GiB,0.19%,0B / 0B,0B / 5.07MB,28
2026-07-31 00:08:55,realsense,16.91%,95.14MiB / 30.66GiB,0.30%,0B / 0B,0B / 3.29MB,33
2026-07-31 00:08:55,nav2,5.49%,194.6MiB / 30.66GiB,0.62%,0B / 0B,0B / 1.43MB,93
2026-07-31 00:08:58,trav_ros2,101.39%,378.9MiB / 30.66GiB,1.21%,0B / 0B,0B / 1.89MB,44
2026-07-31 00:08:58,foxglove,11.37%,460.5MiB / 30.66GiB,1.47%,0B / 0B,0B / 3.31MB,31
2026-07-31 00:08:58,docker-recorder-run-9b85dfd0d458,0.00%,10.29MiB / 30.66GiB,0.03%,0B / 0B,0B / 9.64MB,1
2026-07-31 00:08:58,glim,77.42%,341.8MiB / 30.66GiB,1.09%,0B / 0B,0B / 11.6MB,35
2026-07-31 00:08:58,ouster,7.28%,119.6MiB / 30.66GiB,0.38%,0B / 0B,0B / 3.01MB,29
2026-07-31 00:08:58,mapir-ffmpeg,28.51%,169.4MiB / 30.66GiB,0.54%,0B / 0B,0B / 1.51MB,33
2026-07-31 00:08:58,scovox,70.89%,334MiB / 30.66GiB,1.06%,0B / 0B,0B / 5.09MB,53
2026-07-31 00:08:58,openzen,2.71%,32.98MiB / 30.66GiB,0.11%,0B / 0B,0B / 2.15MB,20
2026-07-31 00:08:58,domain_bridge,0.95%,59.95MiB / 30.66GiB,0.19%,0B / 0B,0B / 5.07MB,28
2026-07-31 00:08:58,realsense,17.27%,94.89MiB / 30.66GiB,0.30%,0B / 0B,0B / 3.29MB,33
2026-07-31 00:08:58,nav2,6.98%,195.4MiB / 30.66GiB,0.62%,0B / 0B,0B / 1.43MB,93
2026-07-31 00:09:01,trav_ros2,101.50%,380.7MiB / 30.66GiB,1.21%,0B / 0B,0B / 1.89MB,44
2026-07-31 00:09:01,foxglove,11.06%,452.3MiB / 30.66GiB,1.44%,0B / 0B,0B / 3.31MB,31
2026-07-31 00:09:01,docker-recorder-run-9b85dfd0d458,0.00%,10.29MiB / 30.66GiB,0.03%,0B / 0B,0B / 9.64MB,1
2026-07-31 00:09:01,glim,79.62%,342.8MiB / 30.66GiB,1.09%,0B / 0B,0B / 11.6MB,35
2026-07-31 00:09:01,ouster,6.99%,119.2MiB / 30.66GiB,0.38%,0B / 0B,0B / 3.01MB,29
2026-07-31 00:09:01,mapir-ffmpeg,28.25%,169.3MiB / 30.66GiB,0.54%,0B / 0B,0B / 1.51MB,33
2026-07-31 00:09:01,scovox,51.58%,361MiB / 30.66GiB,1.15%,0B / 0B,0B / 5.1MB,53
2026-07-31 00:09:01,openzen,2.43%,32.97MiB / 30.66GiB,0.11%,0B / 0B,0B / 2.15MB,20
2026-07-31 00:09:01,domain_bridge,0.52%,59.8MiB / 30.66GiB,0.19%,0B / 0B,0B / 5.07MB,28
2026-07-31 00:09:01,realsense,17.25%,95.14MiB / 30.66GiB,0.30%,0B / 0B,0B / 3.29MB,33
2026-07-31 00:09:01,nav2,5.70%,194.8MiB / 30.66GiB,0.62%,0B / 0B,0B / 1.43MB,93
2026-07-31 00:09:05,trav_ros2,102.08%,378.8MiB / 30.66GiB,1.21%,0B / 0B,0B / 1.89MB,44
2026-07-31 00:09:05,foxglove,11.31%,452.6MiB / 30.66GiB,1.44%,0B / 0B,0B / 3.31MB,31
2026-07-31 00:09:05,docker-recorder-run-9b85dfd0d458,0.00%,10.29MiB / 30.66GiB,0.03%,0B / 0B,0B / 9.64MB,1
2026-07-31 00:09:05,glim,82.29%,342MiB / 30.66GiB,1.09%,0B / 0B,0B / 11.6MB,35
2026-07-31 00:09:05,ouster,6.98%,119.1MiB / 30.66GiB,0.38%,0B / 0B,0B / 3.01MB,29
2026-07-31 00:09:05,mapir-ffmpeg,28.80%,169.3MiB / 30.66GiB,0.54%,0B / 0B,0B / 1.52MB,33
2026-07-31 00:09:05,scovox,73.64%,333.8MiB / 30.66GiB,1.06%,0B / 0B,0B / 5.1MB,53
2026-07-31 00:09:05,openzen,2.57%,32.97MiB / 30.66GiB,0.11%,0B / 0B,0B / 2.15MB,20
2026-07-31 00:09:05,domain_bridge,0.96%,60.6MiB / 30.66GiB,0.19%,0B / 0B,0B / 5.07MB,28
2026-07-31 00:09:05,realsense,17.15%,94.89MiB / 30.66GiB,0.30%,0B / 0B,0B / 3.29MB,33
2026-07-31 00:09:05,nav2,5.74%,194.8MiB / 30.66GiB,0.62%,0B / 0B,0B / 1.43MB,93
2026-07-31 00:09:08,trav_ros2,99.99%,379MiB / 30.66GiB,1.21%,0B / 0B,0B / 1.89MB,44
2026-07-31 00:09:08,foxglove,11.12%,460.4MiB / 30.66GiB,1.47%,0B / 0B,0B / 3.31MB,31
2026-07-31 00:09:08,docker-recorder-run-9b85dfd0d458,0.00%,10.29MiB / 30.66GiB,0.03%,0B / 0B,0B / 9.64MB,1
2026-07-31 00:09:08,glim,86.17%,342.2MiB / 30.66GiB,1.09%,0B / 0B,0B / 11.6MB,35
2026-07-31 00:09:08,ouster,6.97%,120MiB / 30.66GiB,0.38%,0B / 0B,0B / 3.01MB,29
2026-07-31 00:09:08,mapir-ffmpeg,27.56%,169.3MiB / 30.66GiB,0.54%,0B / 0B,0B / 1.52MB,33
2026-07-31 00:09:08,scovox,52.03%,367MiB / 30.66GiB,1.17%,0B / 0B,0B / 5.2MB,53
2026-07-31 00:09:08,openzen,2.67%,32.97MiB / 30.66GiB,0.11%,0B / 0B,0B / 2.15MB,20
2026-07-31 00:09:08,domain_bridge,0.38%,59MiB / 30.66GiB,0.19%,0B / 0B,0B / 5.07MB,28
2026-07-31 00:09:08,realsense,16.55%,94.89MiB / 30.66GiB,0.30%,0B / 0B,0B / 3.29MB,33
2026-07-31 00:09:08,nav2,5.72%,195MiB / 30.66GiB,0.62%,0B / 0B,0B / 1.45MB,93
2026-07-31 00:09:11,trav_ros2,100.91%,379.1MiB / 30.66GiB,1.21%,0B / 0B,0B / 1.89MB,44
2026-07-31 00:09:11,foxglove,11.24%,460.9MiB / 30.66GiB,1.47%,0B / 0B,0B / 3.31MB,31
2026-07-31 00:09:11,docker-recorder-run-9b85dfd0d458,0.00%,10.29MiB / 30.66GiB,0.03%,0B / 0B,0B / 9.64MB,1
2026-07-31 00:09:11,glim,81.08%,341.5MiB / 30.66GiB,1.09%,0B / 0B,0B / 11.6MB,35
2026-07-31 00:09:11,ouster,6.97%,119.3MiB / 30.66GiB,0.38%,0B / 0B,0B / 3.01MB,29
2026-07-31 00:09:11,mapir-ffmpeg,28.24%,169.3MiB / 30.66GiB,0.54%,0B / 0B,0B / 1.52MB,33
2026-07-31 00:09:11,scovox,69.16%,334.2MiB / 30.66GiB,1.06%,0B / 0B,0B / 5.2MB,53
2026-07-31 00:09:11,openzen,2.56%,32.97MiB / 30.66GiB,0.11%,0B / 0B,0B / 2.15MB,20
2026-07-31 00:09:11,domain_bridge,0.20%,59.79MiB / 30.66GiB,0.19%,0B / 0B,0B / 5.07MB,28
2026-07-31 00:09:11,realsense,17.51%,94.89MiB / 30.66GiB,0.30%,0B / 0B,0B / 3.29MB,33
2026-07-31 00:09:11,nav2,5.66%,195MiB / 30.66GiB,0.62%,0B / 0B,0B / 1.45MB,93
2026-07-31 00:09:14,trav_ros2,101.56%,378.9MiB / 30.66GiB,1.21%,0B / 0B,0B / 1.89MB,44
2026-07-31 00:09:14,foxglove,11.60%,460.5MiB / 30.66GiB,1.47%,0B / 0B,0B / 3.31MB,31
2026-07-31 00:09:14,docker-recorder-run-9b85dfd0d458,0.00%,10.29MiB / 30.66GiB,0.03%,0B / 0B,0B / 9.64MB,1
2026-07-31 00:09:14,glim,84.86%,341.9MiB / 30.66GiB,1.09%,0B / 0B,0B / 11.6MB,35
2026-07-31 00:09:14,ouster,7.61%,119.3MiB / 30.66GiB,0.38%,0B / 0B,0B / 3.01MB,29
2026-07-31 00:09:14,mapir-ffmpeg,28.33%,169.6MiB / 30.66GiB,0.54%,0B / 0B,0B / 1.52MB,33
2026-07-31 00:09:14,scovox,65.23%,370.5MiB / 30.66GiB,1.18%,0B / 0B,0B / 5.2MB,53
2026-07-31 00:09:14,openzen,2.60%,33.22MiB / 30.66GiB,0.11%,0B / 0B,0B / 2.15MB,20
2026-07-31 00:09:14,domain_bridge,0.78%,59.92MiB / 30.66GiB,0.19%,0B / 0B,0B / 5.07MB,28
2026-07-31 00:09:14,realsense,17.11%,95.14MiB / 30.66GiB,0.30%,0B / 0B,0B / 3.29MB,33
2026-07-31 00:09:14,nav2,6.31%,195.6MiB / 30.66GiB,0.62%,0B / 0B,0B / 1.45MB,93
2026-07-31 00:09:17,trav_ros2,102.10%,380.2MiB / 30.66GiB,1.21%,0B / 0B,0B / 1.91MB,44
2026-07-31 00:09:17,foxglove,12.26%,460.5MiB / 30.66GiB,1.47%,0B / 0B,0B / 3.31MB,31
2026-07-31 00:09:17,docker-recorder-run-9b85dfd0d458,0.00%,10.29MiB / 30.66GiB,0.03%,0B / 0B,0B / 9.64MB,1
2026-07-31 00:09:17,glim,79.86%,341.7MiB / 30.66GiB,1.09%,0B / 0B,0B / 11.6MB,35
2026-07-31 00:09:17,ouster,7.15%,119.1MiB / 30.66GiB,0.38%,0B / 0B,0B / 3.01MB,29
2026-07-31 00:09:17,mapir-ffmpeg,28.23%,169.6MiB / 30.66GiB,0.54%,0B / 0B,0B / 1.52MB,33
2026-07-31 00:09:17,scovox,53.46%,358.2MiB / 30.66GiB,1.14%,0B / 0B,0B / 5.2MB,53
2026-07-31 00:09:17,openzen,2.71%,32.97MiB / 30.66GiB,0.11%,0B / 0B,0B / 2.15MB,20
2026-07-31 00:09:17,domain_bridge,0.43%,59.82MiB / 30.66GiB,0.19%,0B / 0B,0B / 5.07MB,28
2026-07-31 00:09:17,realsense,17.05%,94.89MiB / 30.66GiB,0.30%,0B / 0B,0B / 3.29MB,33
2026-07-31 00:09:17,nav2,6.05%,195MiB / 30.66GiB,0.62%,0B / 0B,0B / 1.45MB,93
2026-07-31 00:09:20,trav_ros2,101.53%,378.4MiB / 30.66GiB,1.21%,0B / 0B,0B / 1.91MB,44
2026-07-31 00:09:20,foxglove,11.80%,460.5MiB / 30.66GiB,1.47%,0B / 0B,0B / 3.31MB,31
2026-07-31 00:09:20,docker-recorder-run-9b85dfd0d458,0.00%,10.29MiB / 30.66GiB,0.03%,0B / 0B,0B / 9.64MB,1
2026-07-31 00:09:20,glim,77.76%,341.7MiB / 30.66GiB,1.09%,0B / 0B,0B / 11.6MB,35
2026-07-31 00:09:20,ouster,7.04%,119.2MiB / 30.66GiB,0.38%,0B / 0B,0B / 3.01MB,29
2026-07-31 00:09:20,mapir-ffmpeg,28.36%,169.3MiB / 30.66GiB,0.54%,0B / 0B,0B / 1.52MB,33
2026-07-31 00:09:20,scovox,76.13%,333.6MiB / 30.66GiB,1.06%,0B / 0B,0B / 5.2MB,53
2026-07-31 00:09:20,openzen,2.52%,32.97MiB / 30.66GiB,0.11%,0B / 0B,0B / 2.15MB,20
2026-07-31 00:09:20,domain_bridge,0.93%,60.01MiB / 30.66GiB,0.19%,0B / 0B,0B / 5.07MB,28
2026-07-31 00:09:20,realsense,17.28%,94.89MiB / 30.66GiB,0.30%,0B / 0B,0B / 3.29MB,33
2026-07-31 00:09:20,nav2,6.28%,195.2MiB / 30.66GiB,0.62%,0B / 0B,0B / 1.45MB,93
2026-07-31 00:09:24,trav_ros2,101.93%,378.3MiB / 30.66GiB,1.20%,0B / 0B,0B / 1.91MB,44
2026-07-31 00:09:24,foxglove,12.67%,460.3MiB / 30.66GiB,1.47%,0B / 0B,0B / 3.31MB,31
2026-07-31 00:09:24,docker-recorder-run-9b85dfd0d458,0.00%,10.29MiB / 30.66GiB,0.03%,0B / 0B,0B / 9.64MB,1
2026-07-31 00:09:24,glim,79.40%,342.1MiB / 30.66GiB,1.09%,0B / 0B,0B / 11.6MB,35
2026-07-31 00:09:24,ouster,7.06%,119.5MiB / 30.66GiB,0.38%,0B / 0B,0B / 3.01MB,29
2026-07-31 00:09:24,mapir-ffmpeg,28.45%,169.6MiB / 30.66GiB,0.54%,0B / 0B,0B / 1.52MB,33
2026-07-31 00:09:24,scovox,51.31%,364.6MiB / 30.66GiB,1.16%,0B / 0B,0B / 5.2MB,53
2026-07-31 00:09:24,openzen,2.28%,32.97MiB / 30.66GiB,0.11%,0B / 0B,0B / 2.15MB,20
2026-07-31 00:09:24,domain_bridge,0.28%,59.14MiB / 30.66GiB,0.19%,0B / 0B,0B / 5.07MB,28
2026-07-31 00:09:24,realsense,17.22%,95.14MiB / 30.66GiB,0.30%,0B / 0B,0B / 3.29MB,33
2026-07-31 00:09:24,nav2,6.10%,195.3MiB / 30.66GiB,0.62%,0B / 0B,0B / 1.45MB,93
2026-07-31 00:09:27,trav_ros2,100.86%,379.6MiB / 30.66GiB,1.21%,0B / 0B,0B / 1.91MB,44
2026-07-31 00:09:27,foxglove,12.11%,460.9MiB / 30.66GiB,1.47%,0B / 0B,0B / 3.31MB,31
2026-07-31 00:09:27,docker-recorder-run-9b85dfd0d458,0.00%,10.29MiB / 30.66GiB,0.03%,0B / 0B,0B / 9.64MB,1
2026-07-31 00:09:27,glim,83.53%,342MiB / 30.66GiB,1.09%,0B / 0B,0B / 11.6MB,35
2026-07-31 00:09:27,ouster,6.92%,119.4MiB / 30.66GiB,0.38%,0B / 0B,0B / 3.01MB,29
2026-07-31 00:09:27,mapir-ffmpeg,28.81%,169.3MiB / 30.66GiB,0.54%,0B / 0B,0B / 1.52MB,33
2026-07-31 00:09:27,scovox,73.65%,333.7MiB / 30.66GiB,1.06%,0B / 0B,0B / 5.2MB,53
2026-07-31 00:09:27,openzen,2.62%,32.97MiB / 30.66GiB,0.11%,0B / 0B,0B / 2.15MB,20
2026-07-31 00:09:27,domain_bridge,0.26%,59.02MiB / 30.66GiB,0.19%,0B / 0B,0B / 5.07MB,28
2026-07-31 00:09:27,realsense,17.28%,94.89MiB / 30.66GiB,0.30%,0B / 0B,0B / 3.29MB,33
2026-07-31 00:09:27,nav2,5.98%,195.3MiB / 30.66GiB,0.62%,0B / 0B,0B / 1.45MB,93
2026-07-31 00:09:30,trav_ros2,100.73%,379.1MiB / 30.66GiB,1.21%,0B / 0B,0B / 1.91MB,44
2026-07-31 00:09:30,foxglove,11.75%,461.1MiB / 30.66GiB,1.47%,0B / 0B,0B / 3.31MB,31
2026-07-31 00:09:30,docker-recorder-run-9b85dfd0d458,0.00%,10.29MiB / 30.66GiB,0.03%,0B / 0B,0B / 9.64MB,1
2026-07-31 00:09:30,glim,82.88%,341.6MiB / 30.66GiB,1.09%,0B / 0B,0B / 11.6MB,35
2026-07-31 00:09:30,ouster,7.13%,119.4MiB / 30.66GiB,0.38%,0B / 0B,0B / 3.01MB,29
2026-07-31 00:09:30,mapir-ffmpeg,28.71%,169.4MiB / 30.66GiB,0.54%,0B / 0B,0B / 1.52MB,33
2026-07-31 00:09:30,scovox,61.22%,370.8MiB / 30.66GiB,1.18%,0B / 0B,0B / 5.2MB,53
2026-07-31 00:09:30,openzen,2.66%,32.97MiB / 30.66GiB,0.11%,0B / 0B,0B / 2.15MB,20
2026-07-31 00:09:30,domain_bridge,0.85%,59.51MiB / 30.66GiB,0.19%,0B / 0B,0B / 5.07MB,28
2026-07-31 00:09:30,realsense,16.76%,94.89MiB / 30.66GiB,0.30%,0B / 0B,0B / 3.29MB,33
2026-07-31 00:09:30,nav2,6.84%,196.7MiB / 30.66GiB,0.63%,0B / 0B,0B / 1.45MB,93
2026-07-31 00:09:33,trav_ros2,102.08%,378.9MiB / 30.66GiB,1.21%,0B / 0B,0B / 1.91MB,44
2026-07-31 00:09:33,foxglove,11.33%,460.7MiB / 30.66GiB,1.47%,0B / 0B,0B / 3.31MB,31
2026-07-31 00:09:33,docker-recorder-run-9b85dfd0d458,0.00%,10.29MiB / 30.66GiB,0.03%,0B / 0B,0B / 9.64MB,1
2026-07-31 00:09:33,glim,82.26%,342.1MiB / 30.66GiB,1.09%,0B / 0B,0B / 11.6MB,35
2026-07-31 00:09:33,ouster,7.60%,119.4MiB / 30.66GiB,0.38%,0B / 0B,0B / 3.01MB,29
2026-07-31 00:09:33,mapir-ffmpeg,29.13%,169.3MiB / 30.66GiB,0.54%,0B / 0B,0B / 1.52MB,33
2026-07-31 00:09:33,scovox,57.36%,334.1MiB / 30.66GiB,1.06%,0B / 0B,0B / 5.2MB,53
2026-07-31 00:09:33,openzen,2.60%,32.97MiB / 30.66GiB,0.11%,0B / 0B,0B / 2.15MB,20
2026-07-31 00:09:33,domain_bridge,0.45%,59.84MiB / 30.66GiB,0.19%,0B / 0B,0B / 5.07MB,28
2026-07-31 00:09:33,realsense,17.03%,94.89MiB / 30.66GiB,0.30%,0B / 0B,0B / 3.29MB,33
2026-07-31 00:09:33,nav2,5.74%,187.7MiB / 30.66GiB,0.60%,0B / 0B,0B / 1.45MB,93
2026-07-31 00:09:36,trav_ros2,102.20%,379MiB / 30.66GiB,1.21%,0B / 0B,0B / 1.91MB,44
2026-07-31 00:09:36,foxglove,12.15%,460.5MiB / 30.66GiB,1.47%,0B / 0B,0B / 3.31MB,31
2026-07-31 00:09:36,docker-recorder-run-9b85dfd0d458,0.00%,10.29MiB / 30.66GiB,0.03%,0B / 0B,0B / 9.64MB,1
2026-07-31 00:09:36,glim,80.22%,342.2MiB / 30.66GiB,1.09%,0B / 0B,0B / 11.6MB,35
2026-07-31 00:09:36,ouster,7.09%,119.3MiB / 30.66GiB,0.38%,0B / 0B,0B / 3.01MB,29
2026-07-31 00:09:36,mapir-ffmpeg,28.40%,169.3MiB / 30.66GiB,0.54%,0B / 0B,0B / 1.52MB,33
2026-07-31 00:09:36,scovox,73.04%,333.8MiB / 30.66GiB,1.06%,0B / 0B,0B / 5.29MB,53
2026-07-31 00:09:36,openzen,2.62%,32.97MiB / 30.66GiB,0.11%,0B / 0B,0B / 2.15MB,20
2026-07-31 00:09:36,domain_bridge,0.94%,60.05MiB / 30.66GiB,0.19%,0B / 0B,0B / 5.07MB,28
2026-07-31 00:09:36,realsense,17.09%,94.89MiB / 30.66GiB,0.30%,0B / 0B,0B / 3.29MB,33
2026-07-31 00:09:36,nav2,5.99%,195.2MiB / 30.66GiB,0.62%,0B / 0B,0B / 1.45MB,93
2026-07-31 00:09:40,trav_ros2,101.48%,379.2MiB / 30.66GiB,1.21%,0B / 0B,0B / 1.91MB,44
2026-07-31 00:09:40,foxglove,11.00%,452.9MiB / 30.66GiB,1.44%,0B / 0B,0B / 3.31MB,31
2026-07-31 00:09:40,docker-recorder-run-9b85dfd0d458,0.00%,10.29MiB / 30.66GiB,0.03%,0B / 0B,0B / 9.64MB,1
2026-07-31 00:09:40,glim,83.20%,343.2MiB / 30.66GiB,1.09%,0B / 0B,0B / 11.6MB,35
2026-07-31 00:09:40,ouster,6.88%,119.9MiB / 30.66GiB,0.38%,0B / 0B,0B / 3.01MB,29
2026-07-31 00:09:40,mapir-ffmpeg,27.88%,169.6MiB / 30.66GiB,0.54%,0B / 0B,0B / 1.54MB,33
2026-07-31 00:09:40,scovox,52.83%,362.9MiB / 30.66GiB,1.16%,0B / 0B,0B / 5.29MB,53
2026-07-31 00:09:40,openzen,2.51%,32.97MiB / 30.66GiB,0.11%,0B / 0B,0B / 2.15MB,20
2026-07-31 00:09:40,domain_bridge,0.15%,59.34MiB / 30.66GiB,0.19%,0B / 0B,0B / 5.07MB,28
2026-07-31 00:09:40,realsense,17.14%,94.89MiB / 30.66GiB,0.30%,0B / 0B,0B / 3.29MB,33
2026-07-31 00:09:40,nav2,5.31%,195.3MiB / 30.66GiB,0.62%,0B / 0B,0B / 1.45MB,93
2026-07-31 00:09:43,trav_ros2,101.28%,379.8MiB / 30.66GiB,1.21%,0B / 0B,0B / 1.91MB,44
2026-07-31 00:09:43,foxglove,12.16%,460.5MiB / 30.66GiB,1.47%,0B / 0B,0B / 3.31MB,31
2026-07-31 00:09:43,docker-recorder-run-9b85dfd0d458,0.00%,10.29MiB / 30.66GiB,0.03%,0B / 0B,0B / 9.64MB,1
2026-07-31 00:09:43,glim,78.78%,341.7MiB / 30.66GiB,1.09%,0B / 0B,0B / 11.6MB,35
2026-07-31 00:09:43,ouster,7.50%,119.4MiB / 30.66GiB,0.38%,0B / 0B,0B / 3.01MB,29
2026-07-31 00:09:43,mapir-ffmpeg,28.36%,169.3MiB / 30.66GiB,0.54%,0B / 0B,0B / 1.54MB,33
2026-07-31 00:09:43,scovox,72.85%,334.1MiB / 30.66GiB,1.06%,0B / 0B,0B / 5.29MB,53
2026-07-31 00:09:43,openzen,2.70%,32.97MiB / 30.66GiB,0.11%,0B / 0B,0B / 2.15MB,20
2026-07-31 00:09:43,domain_bridge,0.24%,59.93MiB / 30.66GiB,0.19%,0B / 0B,0B / 5.07MB,28
2026-07-31 00:09:43,realsense,16.72%,94.89MiB / 30.66GiB,0.30%,0B / 0B,0B / 3.29MB,33
2026-07-31 00:09:43,nav2,5.68%,195.4MiB / 30.66GiB,0.62%,0B / 0B,0B / 1.46MB,93
2026-07-31 00:09:46,trav_ros2,101.43%,379.5MiB / 30.66GiB,1.21%,0B / 0B,0B / 1.91MB,44
2026-07-31 00:09:46,foxglove,12.44%,461.1MiB / 30.66GiB,1.47%,0B / 0B,0B / 3.31MB,31
2026-07-31 00:09:46,docker-recorder-run-9b85dfd0d458,0.00%,10.29MiB / 30.66GiB,0.03%,0B / 0B,0B / 9.64MB,1
2026-07-31 00:09:46,glim,79.62%,342.2MiB / 30.66GiB,1.09%,0B / 0B,0B / 11.6MB,35
2026-07-31 00:09:46,ouster,7.07%,119.4MiB / 30.66GiB,0.38%,0B / 0B,0B / 3.01MB,29
2026-07-31 00:09:46,mapir-ffmpeg,28.33%,169.4MiB / 30.66GiB,0.54%,0B / 0B,0B / 1.54MB,33
2026-07-31 00:09:46,scovox,52.62%,370.7MiB / 30.66GiB,1.18%,0B / 0B,0B / 5.29MB,53
2026-07-31 00:09:46,openzen,2.71%,33.45MiB / 30.66GiB,0.11%,0B / 0B,0B / 2.15MB,20
2026-07-31 00:09:46,domain_bridge,0.89%,60.21MiB / 30.66GiB,0.19%,0B / 0B,0B / 5.07MB,28
2026-07-31 00:09:46,realsense,17.45%,95.15MiB / 30.66GiB,0.30%,0B / 0B,0B / 3.29MB,33
2026-07-31 00:09:46,nav2,6.45%,196.7MiB / 30.66GiB,0.63%,0B / 0B,0B / 1.46MB,93
2026-07-31 00:09:49,trav_ros2,102.00%,380.4MiB / 30.66GiB,1.21%,0B / 0B,0B / 1.93MB,44
2026-07-31 00:09:49,foxglove,12.45%,460.4MiB / 30.66GiB,1.47%,0B / 0B,0B / 3.31MB,31
2026-07-31 00:09:49,docker-recorder-run-9b85dfd0d458,0.00%,10.29MiB / 30.66GiB,0.03%,0B / 0B,0B / 9.64MB,1
2026-07-31 00:09:49,glim,78.23%,342.2MiB / 30.66GiB,1.09%,0B / 0B,0B / 11.6MB,35
2026-07-31 00:09:49,ouster,7.11%,119.5MiB / 30.66GiB,0.38%,0B / 0B,0B / 3.01MB,29
2026-07-31 00:09:49,mapir-ffmpeg,29.13%,169.6MiB / 30.66GiB,0.54%,0B / 0B,0B / 1.54MB,33
2026-07-31 00:09:49,scovox,63.99%,333.5MiB / 30.66GiB,1.06%,0B / 0B,0B / 5.29MB,53
2026-07-31 00:09:49,openzen,2.66%,32.97MiB / 30.66GiB,0.11%,0B / 0B,0B / 2.15MB,20
2026-07-31 00:09:49,domain_bridge,0.45%,59.79MiB / 30.66GiB,0.19%,0B / 0B,0B / 5.07MB,28
2026-07-31 00:09:49,realsense,16.89%,95.38MiB / 30.66GiB,0.30%,0B / 0B,0B / 3.29MB,33
2026-07-31 00:09:49,nav2,5.94%,195.3MiB / 30.66GiB,0.62%,0B / 0B,0B / 1.46MB,93
2026-07-31 00:09:52,trav_ros2,101.80%,379.2MiB / 30.66GiB,1.21%,0B / 0B,0B / 1.93MB,44
2026-07-31 00:09:52,foxglove,11.38%,452.6MiB / 30.66GiB,1.44%,0B / 0B,0B / 3.31MB,31
2026-07-31 00:09:52,docker-recorder-run-9b85dfd0d458,0.00%,10.29MiB / 30.66GiB,0.03%,0B / 0B,0B / 9.64MB,1
2026-07-31 00:09:52,glim,90.51%,341.6MiB / 30.66GiB,1.09%,0B / 0B,0B / 11.6MB,35
2026-07-31 00:09:52,ouster,6.97%,119.3MiB / 30.66GiB,0.38%,0B / 0B,0B / 3.01MB,29
2026-07-31 00:09:52,mapir-ffmpeg,28.97%,169.6MiB / 30.66GiB,0.54%,0B / 0B,0B / 1.54MB,33
2026-07-31 00:09:52,scovox,71.71%,334.1MiB / 30.66GiB,1.06%,0B / 0B,0B / 5.29MB,53
2026-07-31 00:09:52,openzen,2.59%,32.97MiB / 30.66GiB,0.11%,0B / 0B,0B / 2.15MB,20
2026-07-31 00:09:52,domain_bridge,0.91%,59.95MiB / 30.66GiB,0.19%,0B / 0B,0B / 5.07MB,28
2026-07-31 00:09:52,realsense,17.30%,94.89MiB / 30.66GiB,0.30%,0B / 0B,0B / 3.29MB,33
2026-07-31 00:09:52,nav2,5.73%,195.2MiB / 30.66GiB,0.62%,0B / 0B,0B / 1.46MB,93
2026-07-31 00:09:55,trav_ros2,100.92%,378.8MiB / 30.66GiB,1.21%,0B / 0B,0B / 1.93MB,44
2026-07-31 00:09:55,foxglove,12.19%,460.8MiB / 30.66GiB,1.47%,0B / 0B,0B / 3.31MB,31
2026-07-31 00:09:55,docker-recorder-run-9b85dfd0d458,0.00%,10.29MiB / 30.66GiB,0.03%,0B / 0B,0B / 9.64MB,1
2026-07-31 00:09:55,glim,81.86%,341.9MiB / 30.66GiB,1.09%,0B / 0B,0B / 11.6MB,35
2026-07-31 00:09:55,ouster,7.06%,119.4MiB / 30.66GiB,0.38%,0B / 0B,0B / 3.01MB,29
2026-07-31 00:09:55,mapir-ffmpeg,28.16%,169.3MiB / 30.66GiB,0.54%,0B / 0B,0B / 1.54MB,33
2026-07-31 00:09:55,scovox,51.50%,361.1MiB / 30.66GiB,1.15%,0B / 0B,0B / 5.29MB,53
2026-07-31 00:09:55,openzen,2.63%,32.97MiB / 30.66GiB,0.11%,0B / 0B,0B / 2.15MB,20
2026-07-31 00:09:55,domain_bridge,14.35%,60.79MiB / 30.66GiB,0.19%,0B / 0B,0B / 5.07MB,28
2026-07-31 00:09:55,realsense,17.40%,94.89MiB / 30.66GiB,0.30%,0B / 0B,0B / 3.29MB,33
2026-07-31 00:09:55,nav2,6.12%,195.6MiB / 30.66GiB,0.62%,0B / 0B,0B / 1.46MB,93
2026-07-31 00:09:59,trav_ros2,100.59%,378.7MiB / 30.66GiB,1.21%,0B / 0B,0B / 1.93MB,44
2026-07-31 00:09:59,foxglove,11.85%,460.6MiB / 30.66GiB,1.47%,0B / 0B,0B / 3.31MB,31
2026-07-31 00:09:59,docker-recorder-run-9b85dfd0d458,0.00%,10.29MiB / 30.66GiB,0.03%,0B / 0B,0B / 9.64MB,1
2026-07-31 00:09:59,glim,79.47%,342.2MiB / 30.66GiB,1.09%,0B / 0B,0B / 11.6MB,35
2026-07-31 00:09:59,ouster,6.94%,119.5MiB / 30.66GiB,0.38%,0B / 0B,0B / 3.01MB,29
2026-07-31 00:09:59,mapir-ffmpeg,28.21%,169.4MiB / 30.66GiB,0.54%,0B / 0B,0B / 1.54MB,33
2026-07-31 00:09:59,scovox,73.45%,333.7MiB / 30.66GiB,1.06%,0B / 0B,0B / 5.29MB,53
2026-07-31 00:09:59,openzen,2.50%,33MiB / 30.66GiB,0.11%,0B / 0B,0B / 2.15MB,20
2026-07-31 00:09:59,domain_bridge,6.29%,61.08MiB / 30.66GiB,0.19%,0B / 0B,0B / 5.07MB,28
2026-07-31 00:09:59,realsense,17.26%,94.91MiB / 30.66GiB,0.30%,0B / 0B,0B / 3.29MB,33
2026-07-31 00:09:59,nav2,5.72%,195.8MiB / 30.66GiB,0.62%,0B / 0B,0B / 1.46MB,93
2026-07-31 00:10:02,trav_ros2,100.92%,379.3MiB / 30.66GiB,1.21%,0B / 0B,0B / 1.93MB,44
2026-07-31 00:10:02,foxglove,11.66%,461.2MiB / 30.66GiB,1.47%,0B / 0B,0B / 3.31MB,31
2026-07-31 00:10:02,docker-recorder-run-9b85dfd0d458,0.00%,10.29MiB / 30.66GiB,0.03%,0B / 0B,0B / 9.64MB,1
2026-07-31 00:10:02,glim,79.56%,342.8MiB / 30.66GiB,1.09%,0B / 0B,0B / 11.6MB,35
2026-07-31 00:10:02,ouster,7.18%,119.3MiB / 30.66GiB,0.38%,0B / 0B,0B / 3.01MB,29
2026-07-31 00:10:02,mapir-ffmpeg,28.09%,169.4MiB / 30.66GiB,0.54%,0B / 0B,0B / 1.54MB,33
2026-07-31 00:10:02,scovox,52.91%,368.5MiB / 30.66GiB,1.17%,0B / 0B,0B / 5.29MB,53
2026-07-31 00:10:02,openzen,2.76%,33.25MiB / 30.66GiB,0.11%,0B / 0B,0B / 2.15MB,20
2026-07-31 00:10:02,domain_bridge,2.10%,60.61MiB / 30.66GiB,0.19%,0B / 0B,0B / 5.07MB,28
2026-07-31 00:10:02,realsense,17.24%,94.91MiB / 30.66GiB,0.30%,0B / 0B,0B / 3.29MB,33
2026-07-31 00:10:02,nav2,6.51%,196.5MiB / 30.66GiB,0.63%,0B / 0B,0B / 1.46MB,93
2026-07-31 00:10:05,trav_ros2,100.82%,380.1MiB / 30.66GiB,1.21%,0B / 0B,0B / 1.93MB,44
2026-07-31 00:10:05,foxglove,11.23%,460.3MiB / 30.66GiB,1.47%,0B / 0B,0B / 3.31MB,31
2026-07-31 00:10:05,docker-recorder-run-9b85dfd0d458,0.00%,10.29MiB / 30.66GiB,0.03%,0B / 0B,0B / 9.64MB,1
2026-07-31 00:10:05,glim,80.58%,342MiB / 30.66GiB,1.09%,0B / 0B,0B / 11.6MB,35
2026-07-31 00:10:05,ouster,7.14%,119.4MiB / 30.66GiB,0.38%,0B / 0B,0B / 3.01MB,29
2026-07-31 00:10:05,mapir-ffmpeg,28.63%,169.4MiB / 30.66GiB,0.54%,0B / 0B,0B / 1.54MB,33
2026-07-31 00:10:05,scovox,66.51%,334.2MiB / 30.66GiB,1.06%,0B / 0B,0B / 5.29MB,53
2026-07-31 00:10:05,openzen,2.77%,33MiB / 30.66GiB,0.11%,0B / 0B,0B / 2.15MB,20
2026-07-31 00:10:05,domain_bridge,0.52%,59.86MiB / 30.66GiB,0.19%,0B / 0B,0B / 5.07MB,28
2026-07-31 00:10:05,realsense,17.19%,95.65MiB / 30.66GiB,0.30%,0B / 0B,0B / 3.29MB,33
2026-07-31 00:10:05,nav2,5.68%,188MiB / 30.66GiB,0.60%,0B / 0B,0B / 1.46MB,93
2026-07-31 00:10:08,trav_ros2,102.02%,379.5MiB / 30.66GiB,1.21%,0B / 0B,0B / 1.93MB,44
2026-07-31 00:10:08,foxglove,12.50%,460.4MiB / 30.66GiB,1.47%,0B / 0B,0B / 3.31MB,31
2026-07-31 00:10:08,docker-recorder-run-9b85dfd0d458,0.00%,10.29MiB / 30.66GiB,0.03%,0B / 0B,0B / 9.64MB,1
2026-07-31 00:10:08,glim,79.99%,342.8MiB / 30.66GiB,1.09%,0B / 0B,0B / 11.6MB,35
2026-07-31 00:10:08,ouster,7.10%,119.4MiB / 30.66GiB,0.38%,0B / 0B,0B / 3.01MB,29
2026-07-31 00:10:08,mapir-ffmpeg,29.41%,169.7MiB / 30.66GiB,0.54%,0B / 0B,0B / 1.54MB,33
2026-07-31 00:10:08,scovox,67.43%,333.8MiB / 30.66GiB,1.06%,0B / 0B,0B / 5.38MB,53
2026-07-31 00:10:08,openzen,2.58%,33MiB / 30.66GiB,0.11%,0B / 0B,0B / 2.15MB,20
2026-07-31 00:10:08,domain_bridge,2.82%,60.37MiB / 30.66GiB,0.19%,0B / 0B,0B / 5.07MB,28
2026-07-31 00:10:08,realsense,17.69%,95.41MiB / 30.66GiB,0.30%,0B / 0B,0B / 3.29MB,33
2026-07-31 00:10:08,nav2,6.30%,195.8MiB / 30.66GiB,0.62%,0B / 0B,0B / 1.46MB,93
2026-07-31 00:10:11,trav_ros2,101.75%,381.3MiB / 30.66GiB,1.21%,0B / 0B,0B / 1.93MB,44
2026-07-31 00:10:11,foxglove,12.42%,461.3MiB / 30.66GiB,1.47%,0B / 0B,0B / 3.31MB,31
2026-07-31 00:10:11,docker-recorder-run-9b85dfd0d458,0.00%,10.29MiB / 30.66GiB,0.03%,0B / 0B,0B / 9.64MB,1
2026-07-31 00:10:11,glim,77.96%,343.3MiB / 30.66GiB,1.09%,0B / 0B,0B / 11.6MB,35
2026-07-31 00:10:11,ouster,7.70%,120.4MiB / 30.66GiB,0.38%,0B / 0B,0B / 3.01MB,29
2026-07-31 00:10:11,mapir-ffmpeg,29.73%,169.9MiB / 30.66GiB,0.54%,0B / 0B,0B / 1.54MB,33
2026-07-31 00:10:11,scovox,55.99%,360MiB / 30.66GiB,1.15%,0B / 0B,0B / 5.38MB,53
2026-07-31 00:10:11,openzen,3.08%,33.27MiB / 30.66GiB,0.11%,0B / 0B,0B / 2.15MB,20
2026-07-31 00:10:11,domain_bridge,3.04%,60.52MiB / 30.66GiB,0.19%,0B / 0B,0B / 5.07MB,28
2026-07-31 00:10:11,realsense,18.04%,95.18MiB / 30.66GiB,0.30%,0B / 0B,0B / 3.29MB,33
2026-07-31 00:10:11,nav2,7.36%,197.7MiB / 30.66GiB,0.63%,0B / 0B,0B / 1.46MB,93
2026-07-31 00:10:15,trav_ros2,101.04%,379.6MiB / 30.66GiB,1.21%,0B / 0B,0B / 1.93MB,44
2026-07-31 00:10:15,foxglove,11.93%,460.7MiB / 30.66GiB,1.47%,0B / 0B,0B / 3.31MB,31
2026-07-31 00:10:15,docker-recorder-run-9b85dfd0d458,0.00%,10.29MiB / 30.66GiB,0.03%,0B / 0B,0B / 9.64MB,1
2026-07-31 00:10:15,glim,78.98%,342.1MiB / 30.66GiB,1.09%,0B / 0B,0B / 11.6MB,35
2026-07-31 00:10:15,ouster,6.99%,119.3MiB / 30.66GiB,0.38%,0B / 0B,0B / 3.01MB,29
2026-07-31 00:10:15,mapir-ffmpeg,29.05%,169.4MiB / 30.66GiB,0.54%,0B / 0B,0B / 1.55MB,33
2026-07-31 00:10:15,scovox,75.82%,340.3MiB / 30.66GiB,1.08%,0B / 0B,0B / 5.39MB,53
2026-07-31 00:10:15,openzen,2.62%,33MiB / 30.66GiB,0.11%,0B / 0B,0B / 2.15MB,20
2026-07-31 00:10:15,domain_bridge,0.27%,60.36MiB / 30.66GiB,0.19%,0B / 0B,0B / 5.07MB,28
2026-07-31 00:10:15,realsense,17.09%,95.16MiB / 30.66GiB,0.30%,0B / 0B,0B / 3.29MB,33
2026-07-31 00:10:15,nav2,6.05%,195.8MiB / 30.66GiB,0.62%,0B / 0B,0B / 1.46MB,93
2026-07-31 00:10:18,trav_ros2,101.72%,380MiB / 30.66GiB,1.21%,0B / 0B,0B / 1.93MB,44
2026-07-31 00:10:18,foxglove,12.21%,460.7MiB / 30.66GiB,1.47%,0B / 0B,0B / 3.31MB,31
2026-07-31 00:10:18,docker-recorder-run-9b85dfd0d458,0.00%,10.29MiB / 30.66GiB,0.03%,0B / 0B,0B / 9.64MB,1
2026-07-31 00:10:18,glim,82.80%,341.4MiB / 30.66GiB,1.09%,0B / 0B,0B / 11.6MB,35
2026-07-31 00:10:18,ouster,7.99%,119.5MiB / 30.66GiB,0.38%,0B / 0B,0B / 3.01MB,29
2026-07-31 00:10:18,mapir-ffmpeg,29.26%,169.4MiB / 30.66GiB,0.54%,0B / 0B,0B / 1.55MB,33
2026-07-31 00:10:18,scovox,55.45%,376.1MiB / 30.66GiB,1.20%,0B / 0B,0B / 5.39MB,53
2026-07-31 00:10:18,openzen,2.70%,33.01MiB / 30.66GiB,0.11%,0B / 0B,0B / 2.15MB,20
2026-07-31 00:10:18,domain_bridge,0.56%,60.22MiB / 30.66GiB,0.19%,0B / 0B,0B / 5.07MB,28
2026-07-31 00:10:18,realsense,17.27%,95.16MiB / 30.66GiB,0.30%,0B / 0B,0B / 3.29MB,33
2026-07-31 00:10:18,nav2,6.92%,197.4MiB / 30.66GiB,0.63%,0B / 0B,0B / 1.48MB,93
2026-07-31 00:10:21,trav_ros2,102.28%,380.5MiB / 30.66GiB,1.21%,0B / 0B,0B / 1.95MB,44
2026-07-31 00:10:21,foxglove,11.89%,461MiB / 30.66GiB,1.47%,0B / 0B,0B / 3.31MB,31
2026-07-31 00:10:21,docker-recorder-run-9b85dfd0d458,0.00%,10.29MiB / 30.66GiB,0.03%,0B / 0B,0B / 9.64MB,1
2026-07-31 00:10:21,glim,80.65%,342.1MiB / 30.66GiB,1.09%,0B / 0B,0B / 11.6MB,35
2026-07-31 00:10:21,ouster,7.26%,119.2MiB / 30.66GiB,0.38%,0B / 0B,0B / 3.01MB,29
2026-07-31 00:10:21,mapir-ffmpeg,28.36%,169.4MiB / 30.66GiB,0.54%,0B / 0B,0B / 1.55MB,33
2026-07-31 00:10:21,scovox,68.19%,343.4MiB / 30.66GiB,1.09%,0B / 0B,0B / 5.39MB,53
2026-07-31 00:10:21,openzen,2.59%,33MiB / 30.66GiB,0.11%,0B / 0B,0B / 2.15MB,20
2026-07-31 00:10:21,domain_bridge,0.63%,60.27MiB / 30.66GiB,0.19%,0B / 0B,0B / 5.07MB,28
2026-07-31 00:10:21,realsense,17.25%,95.65MiB / 30.66GiB,0.30%,0B / 0B,0B / 3.29MB,33
2026-07-31 00:10:21,nav2,6.27%,195.8MiB / 30.66GiB,0.62%,0B / 0B,0B / 1.48MB,93
2026-07-31 00:10:24,trav_ros2,101.61%,379.9MiB / 30.66GiB,1.21%,0B / 0B,0B / 1.95MB,44
2026-07-31 00:10:24,foxglove,11.29%,460.5MiB / 30.66GiB,1.47%,0B / 0B,0B / 3.31MB,31
2026-07-31 00:10:24,docker-recorder-run-9b85dfd0d458,0.00%,10.29MiB / 30.66GiB,0.03%,0B / 0B,0B / 9.64MB,1
2026-07-31 00:10:24,glim,81.77%,342MiB / 30.66GiB,1.09%,0B / 0B,0B / 11.6MB,35
2026-07-31 00:10:24,ouster,7.02%,119.2MiB / 30.66GiB,0.38%,0B / 0B,0B / 3.01MB,29
2026-07-31 00:10:24,mapir-ffmpeg,27.75%,169.4MiB / 30.66GiB,0.54%,0B / 0B,0B / 1.55MB,33
2026-07-31 00:10:24,scovox,65.37%,383.3MiB / 30.66GiB,1.22%,0B / 0B,0B / 5.39MB,53
2026-07-31 00:10:24,openzen,2.58%,33MiB / 30.66GiB,0.11%,0B / 0B,0B / 2.15MB,20
2026-07-31 00:10:24,domain_bridge,0.39%,60.96MiB / 30.66GiB,0.19%,0B / 0B,0B / 5.07MB,28
2026-07-31 00:10:24,realsense,17.27%,95.16MiB / 30.66GiB,0.30%,0B / 0B,0B / 3.29MB,33
2026-07-31 00:10:24,nav2,5.60%,195.9MiB / 30.66GiB,0.62%,0B / 0B,0B / 1.48MB,93
2026-07-31 00:10:27,trav_ros2,101.02%,379.4MiB / 30.66GiB,1.21%,0B / 0B,0B / 1.95MB,44
2026-07-31 00:10:27,foxglove,12.17%,460.5MiB / 30.66GiB,1.47%,0B / 0B,0B / 3.31MB,31
2026-07-31 00:10:27,docker-recorder-run-9b85dfd0d458,0.00%,10.29MiB / 30.66GiB,0.03%,0B / 0B,0B / 9.64MB,1
2026-07-31 00:10:27,glim,83.12%,341.9MiB / 30.66GiB,1.09%,0B / 0B,0B / 11.6MB,35
2026-07-31 00:10:27,ouster,7.09%,119.7MiB / 30.66GiB,0.38%,0B / 0B,0B / 3.01MB,29
2026-07-31 00:10:27,mapir-ffmpeg,28.44%,170.1MiB / 30.66GiB,0.54%,0B / 0B,0B / 1.55MB,33
2026-07-31 00:10:27,scovox,60.10%,368.9MiB / 30.66GiB,1.17%,0B / 0B,0B / 5.39MB,53
2026-07-31 00:10:27,openzen,2.81%,33.25MiB / 30.66GiB,0.11%,0B / 0B,0B / 2.15MB,20
2026-07-31 00:10:27,domain_bridge,0.21%,60.26MiB / 30.66GiB,0.19%,0B / 0B,0B / 5.07MB,28
2026-07-31 00:10:27,realsense,16.86%,94.92MiB / 30.66GiB,0.30%,0B / 0B,0B / 3.29MB,33
2026-07-31 00:10:27,nav2,6.70%,196.5MiB / 30.66GiB,0.63%,0B / 0B,0B / 1.48MB,93
2026-07-31 00:10:30,trav_ros2,100.72%,380.2MiB / 30.66GiB,1.21%,0B / 0B,0B / 1.95MB,44
2026-07-31 00:10:30,foxglove,11.00%,452.5MiB / 30.66GiB,1.44%,0B / 0B,0B / 3.31MB,31
2026-07-31 00:10:30,docker-recorder-run-9b85dfd0d458,0.00%,10.29MiB / 30.66GiB,0.03%,0B / 0B,0B / 9.64MB,1
2026-07-31 00:10:30,glim,77.81%,342.3MiB / 30.66GiB,1.09%,0B / 0B,0B / 11.6MB,35
2026-07-31 00:10:30,ouster,6.87%,119.1MiB / 30.66GiB,0.38%,0B / 0B,0B / 3.01MB,29
2026-07-31 00:10:30,mapir-ffmpeg,27.80%,169.4MiB / 30.66GiB,0.54%,0B / 0B,0B / 1.55MB,33
2026-07-31 00:10:30,scovox,76.00%,346.1MiB / 30.66GiB,1.10%,0B / 0B,0B / 5.39MB,53
2026-07-31 00:10:30,openzen,2.51%,33MiB / 30.66GiB,0.11%,0B / 0B,0B / 2.15MB,20
2026-07-31 00:10:30,domain_bridge,0.20%,60.19MiB / 30.66GiB,0.19%,0B / 0B,0B / 5.07MB,28
2026-07-31 00:10:30,realsense,17.10%,95.17MiB / 30.66GiB,0.30%,0B / 0B,0B / 3.29MB,33
2026-07-31 00:10:30,nav2,6.28%,195.9MiB / 30.66GiB,0.62%,0B / 0B,0B / 1.48MB,93
2026-07-31 00:10:34,trav_ros2,101.45%,379.6MiB / 30.66GiB,1.21%,0B / 0B,0B / 1.95MB,44
2026-07-31 00:10:34,foxglove,11.30%,460.5MiB / 30.66GiB,1.47%,0B / 0B,0B / 3.31MB,31
2026-07-31 00:10:34,docker-recorder-run-9b85dfd0d458,0.00%,10.29MiB / 30.66GiB,0.03%,0B / 0B,0B / 9.64MB,1
2026-07-31 00:10:34,glim,74.90%,342.3MiB / 30.66GiB,1.09%,0B / 0B,0B / 11.6MB,35
2026-07-31 00:10:34,ouster,7.00%,119.2MiB / 30.66GiB,0.38%,0B / 0B,0B / 3.01MB,29
2026-07-31 00:10:34,mapir-ffmpeg,28.11%,169.4MiB / 30.66GiB,0.54%,0B / 0B,0B / 1.55MB,33
2026-07-31 00:10:34,scovox,56.72%,379MiB / 30.66GiB,1.21%,0B / 0B,0B / 5.39MB,53
2026-07-31 00:10:34,openzen,2.59%,33.25MiB / 30.66GiB,0.11%,0B / 0B,0B / 2.15MB,20
2026-07-31 00:10:34,domain_bridge,0.33%,61.14MiB / 30.66GiB,0.19%,0B / 0B,0B / 5.1MB,28
2026-07-31 00:10:34,realsense,16.79%,94.92MiB / 30.66GiB,0.30%,0B / 0B,0B / 3.29MB,33
2026-07-31 00:10:34,nav2,6.04%,196.9MiB / 30.66GiB,0.63%,0B / 0B,0B / 1.48MB,93
2026-07-31 00:10:37,trav_ros2,101.27%,380.3MiB / 30.66GiB,1.21%,0B / 0B,0B / 1.95MB,44
2026-07-31 00:10:37,foxglove,12.42%,460.4MiB / 30.66GiB,1.47%,0B / 0B,0B / 3.31MB,31
2026-07-31 00:10:37,docker-recorder-run-9b85dfd0d458,0.00%,10.29MiB / 30.66GiB,0.03%,0B / 0B,0B / 9.64MB,1
2026-07-31 00:10:37,glim,77.95%,342.3MiB / 30.66GiB,1.09%,0B / 0B,0B / 11.6MB,35
2026-07-31 00:10:37,ouster,7.29%,119.5MiB / 30.66GiB,0.38%,0B / 0B,0B / 3.01MB,29
2026-07-31 00:10:37,mapir-ffmpeg,27.69%,169.7MiB / 30.66GiB,0.54%,0B / 0B,0B / 1.55MB,33
2026-07-31 00:10:37,scovox,77.01%,347.3MiB / 30.66GiB,1.11%,0B / 0B,0B / 5.39MB,53
2026-07-31 00:10:37,openzen,2.69%,33MiB / 30.66GiB,0.11%,0B / 0B,0B / 2.15MB,20
2026-07-31 00:10:37,domain_bridge,0.41%,60.68MiB / 30.66GiB,0.19%,0B / 0B,0B / 5.1MB,28
2026-07-31 00:10:37,realsense,16.92%,95.16MiB / 30.66GiB,0.30%,0B / 0B,0B / 3.29MB,33
2026-07-31 00:10:37,nav2,5.82%,196.4MiB / 30.66GiB,0.63%,0B / 0B,0B / 1.48MB,93
2026-07-31 00:10:40,trav_ros2,101.75%,379.6MiB / 30.66GiB,1.21%,0B / 0B,0B / 1.95MB,44
2026-07-31 00:10:40,foxglove,12.05%,460.4MiB / 30.66GiB,1.47%,0B / 0B,0B / 3.31MB,31
2026-07-31 00:10:40,docker-recorder-run-9b85dfd0d458,0.00%,10.29MiB / 30.66GiB,0.03%,0B / 0B,0B / 9.64MB,1
2026-07-31 00:10:40,glim,76.92%,342.5MiB / 30.66GiB,1.09%,0B / 0B,0B / 11.6MB,35
2026-07-31 00:10:40,ouster,7.06%,119.5MiB / 30.66GiB,0.38%,0B / 0B,0B / 3.01MB,29
2026-07-31 00:10:40,mapir-ffmpeg,27.52%,169.4MiB / 30.66GiB,0.54%,0B / 0B,0B / 1.55MB,33
2026-07-31 00:10:40,scovox,59.93%,385.3MiB / 30.66GiB,1.23%,0B / 0B,0B / 5.48MB,53
2026-07-31 00:10:40,openzen,2.47%,33MiB / 30.66GiB,0.11%,0B / 0B,0B / 2.15MB,20
2026-07-31 00:10:40,domain_bridge,0.07%,60.86MiB / 30.66GiB,0.19%,0B / 0B,0B / 5.1MB,28
2026-07-31 00:10:40,realsense,17.47%,94.92MiB / 30.66GiB,0.30%,0B / 0B,0B / 3.29MB,33
2026-07-31 00:10:40,nav2,5.72%,195.8MiB / 30.66GiB,0.62%,0B / 0B,0B / 1.48MB,93
2026-07-31 00:10:43,trav_ros2,101.33%,379.9MiB / 30.66GiB,1.21%,0B / 0B,0B / 1.95MB,44
2026-07-31 00:10:43,foxglove,11.94%,460.5MiB / 30.66GiB,1.47%,0B / 0B,0B / 3.31MB,31
2026-07-31 00:10:43,docker-recorder-run-9b85dfd0d458,0.00%,10.29MiB / 30.66GiB,0.03%,0B / 0B,0B / 9.64MB,1
2026-07-31 00:10:43,glim,81.38%,342.2MiB / 30.66GiB,1.09%,0B / 0B,0B / 11.6MB,35
2026-07-31 00:10:43,ouster,7.25%,120MiB / 30.66GiB,0.38%,0B / 0B,0B / 3.01MB,29
2026-07-31 00:10:43,mapir-ffmpeg,28.49%,169.9MiB / 30.66GiB,0.54%,0B / 0B,0B / 1.55MB,33
2026-07-31 00:10:43,scovox,61.44%,346.6MiB / 30.66GiB,1.10%,0B / 0B,0B / 5.48MB,53
2026-07-31 00:10:43,openzen,2.71%,33MiB / 30.66GiB,0.11%,0B / 0B,0B / 2.15MB,20
2026-07-31 00:10:43,domain_bridge,0.27%,60.81MiB / 30.66GiB,0.19%,0B / 0B,0B / 5.1MB,28
2026-07-31 00:10:43,realsense,17.75%,94.92MiB / 30.66GiB,0.30%,0B / 0B,0B / 3.29MB,33
2026-07-31 00:10:43,nav2,5.94%,196.5MiB / 30.66GiB,0.63%,0B / 0B,0B / 1.48MB,93
2026-07-31 00:10:46,trav_ros2,100.87%,380.7MiB / 30.66GiB,1.21%,0B / 0B,0B / 1.95MB,44
2026-07-31 00:10:46,foxglove,11.99%,460.5MiB / 30.66GiB,1.47%,0B / 0B,0B / 3.31MB,31
2026-07-31 00:10:46,docker-recorder-run-9b85dfd0d458,0.00%,10.29MiB / 30.66GiB,0.03%,0B / 0B,0B / 9.64MB,1
2026-07-31 00:10:46,glim,75.84%,342.5MiB / 30.66GiB,1.09%,0B / 0B,0B / 11.6MB,35
2026-07-31 00:10:46,ouster,7.57%,119.1MiB / 30.66GiB,0.38%,0B / 0B,0B / 3.01MB,29
2026-07-31 00:10:46,mapir-ffmpeg,27.51%,169.4MiB / 30.66GiB,0.54%,0B / 0B,0B / 1.55MB,33
2026-07-31 00:10:46,scovox,79.27%,347MiB / 30.66GiB,1.11%,0B / 0B,0B / 5.48MB,53
2026-07-31 00:10:46,openzen,2.67%,33MiB / 30.66GiB,0.11%,0B / 0B,0B / 2.15MB,20
2026-07-31 00:10:46,domain_bridge,0.17%,61.03MiB / 30.66GiB,0.19%,0B / 0B,0B / 5.1MB,28
2026-07-31 00:10:46,realsense,16.92%,95.17MiB / 30.66GiB,0.30%,0B / 0B,0B / 3.29MB,33
2026-07-31 00:10:46,nav2,5.72%,196MiB / 30.66GiB,0.62%,0B / 0B,0B / 1.48MB,93
2026-07-31 00:10:50,trav_ros2,100.64%,380.2MiB / 30.66GiB,1.21%,0B / 0B,0B / 1.95MB,44
2026-07-31 00:10:50,foxglove,12.17%,460.5MiB / 30.66GiB,1.47%,0B / 0B,0B / 3.31MB,31
2026-07-31 00:10:50,docker-recorder-run-9b85dfd0d458,0.00%,10.29MiB / 30.66GiB,0.03%,0B / 0B,0B / 9.64MB,1
2026-07-31 00:10:50,glim,78.33%,342MiB / 30.66GiB,1.09%,0B / 0B,0B / 11.6MB,35
2026-07-31 00:10:50,ouster,7.01%,119.3MiB / 30.66GiB,0.38%,0B / 0B,0B / 3.01MB,29
2026-07-31 00:10:50,mapir-ffmpeg,27.30%,169.4MiB / 30.66GiB,0.54%,0B / 0B,0B / 1.56MB,33
2026-07-31 00:10:50,scovox,55.09%,375.6MiB / 30.66GiB,1.20%,0B / 0B,0B / 5.49MB,53
2026-07-31 00:10:50,openzen,2.58%,33MiB / 30.66GiB,0.11%,0B / 0B,0B / 2.15MB,20
2026-07-31 00:10:50,domain_bridge,1.06%,60.91MiB / 30.66GiB,0.19%,0B / 0B,0B / 5.1MB,28
2026-07-31 00:10:50,realsense,16.70%,95.17MiB / 30.66GiB,0.30%,0B / 0B,0B / 3.29MB,33
2026-07-31 00:10:50,nav2,5.72%,196MiB / 30.66GiB,0.62%,0B / 0B,0B / 1.48MB,93
2026-07-31 00:10:53,trav_ros2,101.74%,380.9MiB / 30.66GiB,1.21%,0B / 0B,0B / 1.97MB,44
2026-07-31 00:10:53,foxglove,12.61%,461.1MiB / 30.66GiB,1.47%,0B / 0B,0B / 3.31MB,31
2026-07-31 00:10:53,docker-recorder-run-9b85dfd0d458,0.00%,10.29MiB / 30.66GiB,0.03%,0B / 0B,0B / 9.64MB,1
2026-07-31 00:10:53,glim,85.10%,342MiB / 30.66GiB,1.09%,0B / 0B,0B / 11.6MB,35
2026-07-31 00:10:53,ouster,7.32%,119.9MiB / 30.66GiB,0.38%,0B / 0B,0B / 3.01MB,29
2026-07-31 00:10:53,mapir-ffmpeg,28.68%,169.7MiB / 30.66GiB,0.54%,0B / 0B,0B / 1.56MB,33
2026-07-31 00:10:53,scovox,82.48%,347.2MiB / 30.66GiB,1.11%,0B / 0B,0B / 5.49MB,53
2026-07-31 00:10:53,openzen,2.78%,33MiB / 30.66GiB,0.11%,0B / 0B,0B / 2.15MB,20
2026-07-31 00:10:53,domain_bridge,0.64%,60.59MiB / 30.66GiB,0.19%,0B / 0B,0B / 5.1MB,28
2026-07-31 00:10:53,realsense,17.74%,95.65MiB / 30.66GiB,0.30%,0B / 0B,0B / 3.29MB,33
2026-07-31 00:10:53,nav2,6.55%,195.8MiB / 30.66GiB,0.62%,0B / 0B,0B / 1.5MB,93
2026-07-31 00:10:56,trav_ros2,102.08%,379.8MiB / 30.66GiB,1.21%,0B / 0B,0B / 1.97MB,44
2026-07-31 00:10:56,foxglove,11.93%,460.8MiB / 30.66GiB,1.47%,0B / 0B,0B / 3.31MB,31
2026-07-31 00:10:56,docker-recorder-run-9b85dfd0d458,0.00%,10.29MiB / 30.66GiB,0.03%,0B / 0B,0B / 9.64MB,1
2026-07-31 00:10:56,glim,22.99%,341.9MiB / 30.66GiB,1.09%,0B / 0B,0B / 11.6MB,35
2026-07-31 00:10:56,ouster,1.58%,119.3MiB / 30.66GiB,0.38%,0B / 0B,0B / 3.01MB,29
2026-07-31 00:10:56,mapir-ffmpeg,27.91%,169.4MiB / 30.66GiB,0.54%,0B / 0B,0B / 1.56MB,33
2026-07-31 00:10:56,scovox,12.56%,346.4MiB / 30.66GiB,1.10%,0B / 0B,0B / 5.49MB,53
2026-07-31 00:10:56,openzen,2.44%,33MiB / 30.66GiB,0.11%,0B / 0B,0B / 2.15MB,20
2026-07-31 00:10:56,domain_bridge,0.20%,61.23MiB / 30.66GiB,0.20%,0B / 0B,0B / 5.1MB,28
2026-07-31 00:10:56,realsense,16.61%,95.17MiB / 30.66GiB,0.30%,0B / 0B,0B / 3.29MB,33
2026-07-31 00:10:56,nav2,5.59%,196.1MiB / 30.66GiB,0.62%,0B / 0B,0B / 1.5MB,93
2026-07-31 00:10:59,trav_ros2,100.53%,379.9MiB / 30.66GiB,1.21%,0B / 0B,0B / 1.97MB,44
2026-07-31 00:10:59,foxglove,12.43%,460.6MiB / 30.66GiB,1.47%,0B / 0B,0B / 3.31MB,31
2026-07-31 00:10:59,docker-recorder-run-9b85dfd0d458,0.00%,10.29MiB / 30.66GiB,0.03%,0B / 0B,0B / 9.64MB,1
2026-07-31 00:10:59,glim,98.97%,345.1MiB / 30.66GiB,1.10%,0B / 0B,0B / 11.6MB,35
2026-07-31 00:10:59,ouster,7.34%,119.8MiB / 30.66GiB,0.38%,0B / 0B,0B / 3.01MB,29
2026-07-31 00:10:59,mapir-ffmpeg,30.06%,169.7MiB / 30.66GiB,0.54%,0B / 0B,0B / 1.56MB,33
2026-07-31 00:10:59,scovox,63.00%,329.4MiB / 30.66GiB,1.05%,0B / 0B,0B / 5.49MB,53
2026-07-31 00:10:59,openzen,2.57%,33MiB / 30.66GiB,0.11%,0B / 0B,0B / 2.15MB,20
2026-07-31 00:10:59,domain_bridge,0.29%,59.69MiB / 30.66GiB,0.19%,0B / 0B,0B / 5.1MB,28
2026-07-31 00:10:59,realsense,17.29%,95.17MiB / 30.66GiB,0.30%,0B / 0B,0B / 3.29MB,33
2026-07-31 00:10:59,nav2,6.76%,196.6MiB / 30.66GiB,0.63%,0B / 0B,0B / 1.5MB,93
2026-07-31 00:11:02,trav_ros2,101.17%,379.8MiB / 30.66GiB,1.21%,0B / 0B,0B / 1.97MB,44
2026-07-31 00:11:02,foxglove,11.93%,460.6MiB / 30.66GiB,1.47%,0B / 0B,0B / 3.31MB,31
2026-07-31 00:11:02,docker-recorder-run-9b85dfd0d458,0.00%,10.29MiB / 30.66GiB,0.03%,0B / 0B,0B / 9.64MB,1
2026-07-31 00:11:02,glim,85.18%,344.9MiB / 30.66GiB,1.10%,0B / 0B,0B / 11.6MB,35
2026-07-31 00:11:02,ouster,6.85%,119.2MiB / 30.66GiB,0.38%,0B / 0B,0B / 3.01MB,29
2026-07-31 00:11:02,mapir-ffmpeg,27.65%,169.9MiB / 30.66GiB,0.54%,0B / 0B,0B / 1.56MB,33
2026-07-31 00:11:02,scovox,61.54%,346.2MiB / 30.66GiB,1.10%,0B / 0B,0B / 5.49MB,53
2026-07-31 00:11:02,openzen,2.35%,33MiB / 30.66GiB,0.11%,0B / 0B,0B / 2.15MB,20
2026-07-31 00:11:02,domain_bridge,0.31%,60.18MiB / 30.66GiB,0.19%,0B / 0B,0B / 5.1MB,28
2026-07-31 00:11:02,realsense,17.21%,95.41MiB / 30.66GiB,0.30%,0B / 0B,0B / 3.29MB,33
2026-07-31 00:11:02,nav2,5.89%,196.2MiB / 30.66GiB,0.62%,0B / 0B,0B / 1.5MB,93
2026-07-31 00:11:05,trav_ros2,101.70%,379.7MiB / 30.66GiB,1.21%,0B / 0B,0B / 1.97MB,44
2026-07-31 00:11:05,foxglove,11.88%,460.4MiB / 30.66GiB,1.47%,0B / 0B,0B / 3.31MB,31
2026-07-31 00:11:05,docker-recorder-run-9b85dfd0d458,0.00%,10.29MiB / 30.66GiB,0.03%,0B / 0B,0B / 9.64MB,1
2026-07-31 00:11:05,glim,76.10%,345.5MiB / 30.66GiB,1.10%,0B / 0B,0B / 11.6MB,35
2026-07-31 00:11:05,ouster,6.14%,119.2MiB / 30.66GiB,0.38%,0B / 0B,0B / 3.01MB,29
2026-07-31 00:11:05,mapir-ffmpeg,27.87%,169.4MiB / 30.66GiB,0.54%,0B / 0B,0B / 1.56MB,33
2026-07-31 00:11:05,scovox,45.19%,346.8MiB / 30.66GiB,1.10%,0B / 0B,0B / 5.49MB,53
2026-07-31 00:11:05,openzen,2.39%,33MiB / 30.66GiB,0.11%,0B / 0B,0B / 2.15MB,20
2026-07-31 00:11:05,domain_bridge,0.16%,60MiB / 30.66GiB,0.19%,0B / 0B,0B / 5.1MB,28
2026-07-31 00:11:05,realsense,17.14%,95.17MiB / 30.66GiB,0.30%,0B / 0B,0B / 3.29MB,33
2026-07-31 00:11:05,nav2,5.96%,196.2MiB / 30.66GiB,0.62%,0B / 0B,0B / 1.5MB,93
2026-07-31 00:11:09,trav_ros2,101.77%,391.3MiB / 30.66GiB,1.25%,0B / 0B,0B / 1.97MB,44
2026-07-31 00:11:09,foxglove,11.90%,461.4MiB / 30.66GiB,1.47%,0B / 0B,0B / 3.31MB,31
2026-07-31 00:11:09,docker-recorder-run-9b85dfd0d458,0.00%,10.29MiB / 30.66GiB,0.03%,0B / 0B,0B / 9.64MB,1
2026-07-31 00:11:09,glim,86.30%,344.7MiB / 30.66GiB,1.10%,0B / 0B,0B / 11.6MB,35
2026-07-31 00:11:09,ouster,7.41%,119.7MiB / 30.66GiB,0.38%,0B / 0B,0B / 3.01MB,29
2026-07-31 00:11:09,mapir-ffmpeg,28.66%,169.6MiB / 30.66GiB,0.54%,0B / 0B,0B / 1.56MB,33
2026-07-31 00:11:09,scovox,65.45%,346.4MiB / 30.66GiB,1.10%,0B / 0B,0B / 5.49MB,53
2026-07-31 00:11:09,openzen,2.83%,33MiB / 30.66GiB,0.11%,0B / 0B,0B / 2.15MB,20
2026-07-31 00:11:09,domain_bridge,0.60%,60.36MiB / 30.66GiB,0.19%,0B / 0B,0B / 5.1MB,28
2026-07-31 00:11:09,realsense,17.27%,95.41MiB / 30.66GiB,0.30%,0B / 0B,0B / 3.29MB,33
2026-07-31 00:11:09,nav2,6.26%,196.9MiB / 30.66GiB,0.63%,0B / 0B,0B / 1.5MB,93
2026-07-31 00:11:12,trav_ros2,101.72%,380.2MiB / 30.66GiB,1.21%,0B / 0B,0B / 1.97MB,44
2026-07-31 00:11:12,foxglove,11.63%,460.5MiB / 30.66GiB,1.47%,0B / 0B,0B / 3.31MB,31
2026-07-31 00:11:12,docker-recorder-run-9b85dfd0d458,0.00%,10.29MiB / 30.66GiB,0.03%,0B / 0B,0B / 9.64MB,1
2026-07-31 00:11:12,glim,77.36%,336.7MiB / 30.66GiB,1.07%,0B / 0B,0B / 11.6MB,35
2026-07-31 00:11:12,ouster,6.20%,119.3MiB / 30.66GiB,0.38%,0B / 0B,0B / 3.01MB,29
2026-07-31 00:11:12,mapir-ffmpeg,27.96%,169.4MiB / 30.66GiB,0.54%,0B / 0B,0B / 1.56MB,33
2026-07-31 00:11:12,scovox,46.56%,375.7MiB / 30.66GiB,1.20%,0B / 0B,0B / 5.56MB,53
2026-07-31 00:11:12,openzen,2.59%,33.5MiB / 30.66GiB,0.11%,0B / 0B,0B / 2.15MB,20
2026-07-31 00:11:12,domain_bridge,0.22%,60.36MiB / 30.66GiB,0.19%,0B / 0B,0B / 5.1MB,28
2026-07-31 00:11:12,realsense,17.15%,94.92MiB / 30.66GiB,0.30%,0B / 0B,0B / 3.29MB,33
2026-07-31 00:11:12,nav2,6.02%,196.5MiB / 30.66GiB,0.63%,0B / 0B,0B / 1.5MB,93
2026-07-31 00:11:15,trav_ros2,102.17%,379.8MiB / 30.66GiB,1.21%,0B / 0B,0B / 1.97MB,44
2026-07-31 00:11:15,foxglove,8.37%,460.6MiB / 30.66GiB,1.47%,0B / 0B,0B / 3.31MB,31
2026-07-31 00:11:15,docker-recorder-run-9b85dfd0d458,0.00%,10.29MiB / 30.66GiB,0.03%,0B / 0B,0B / 9.64MB,1
2026-07-31 00:11:15,glim,8.10%,336.1MiB / 30.66GiB,1.07%,0B / 0B,0B / 11.6MB,35
2026-07-31 00:11:15,ouster,0.59%,119.3MiB / 30.66GiB,0.38%,0B / 0B,0B / 3.01MB,29
2026-07-31 00:11:15,mapir-ffmpeg,27.85%,170.1MiB / 30.66GiB,0.54%,0B / 0B,0B / 1.56MB,33
2026-07-31 00:11:15,scovox,18.62%,346.5MiB / 30.66GiB,1.10%,0B / 0B,0B / 5.56MB,53
2026-07-31 00:11:15,openzen,2.10%,33.29MiB / 30.66GiB,0.11%,0B / 0B,0B / 2.15MB,20
2026-07-31 00:11:15,domain_bridge,0.35%,60.2MiB / 30.66GiB,0.19%,0B / 0B,0B / 5.1MB,28
2026-07-31 00:11:15,realsense,16.81%,95.42MiB / 30.66GiB,0.30%,0B / 0B,0B / 3.29MB,33
2026-07-31 00:11:15,nav2,4.80%,196.7MiB / 30.66GiB,0.63%,0B / 0B,0B / 1.5MB,93
2026-07-31 00:11:18,trav_ros2,101.09%,380.5MiB / 30.66GiB,1.21%,0B / 0B,0B / 1.97MB,44
2026-07-31 00:11:18,foxglove,9.58%,460.8MiB / 30.66GiB,1.47%,0B / 0B,0B / 3.31MB,31
2026-07-31 00:11:18,docker-recorder-run-9b85dfd0d458,0.00%,10.29MiB / 30.66GiB,0.03%,0B / 0B,0B / 9.64MB,1
2026-07-31 00:11:18,glim,7.78%,336.6MiB / 30.66GiB,1.07%,0B / 0B,0B / 11.6MB,35
2026-07-31 00:11:18,ouster,0.45%,119.2MiB / 30.66GiB,0.38%,0B / 0B,0B / 3.01MB,29
2026-07-31 00:11:18,mapir-ffmpeg,27.41%,169.4MiB / 30.66GiB,0.54%,0B / 0B,0B / 1.56MB,33
2026-07-31 00:11:18,scovox,20.40%,346.6MiB / 30.66GiB,1.10%,0B / 0B,0B / 5.56MB,53
2026-07-31 00:11:18,openzen,2.14%,33.25MiB / 30.66GiB,0.11%,0B / 0B,0B / 2.15MB,20
2026-07-31 00:11:18,domain_bridge,0.31%,60.63MiB / 30.66GiB,0.19%,0B / 0B,0B / 5.1MB,28
2026-07-31 00:11:18,realsense,16.57%,94.92MiB / 30.66GiB,0.30%,0B / 0B,0B / 3.29MB,33
2026-07-31 00:11:18,nav2,5.58%,196.5MiB / 30.66GiB,0.63%,0B / 0B,0B / 1.5MB,93
2026-07-31 00:11:21,trav_ros2,0.48%,355.6MiB / 30.66GiB,1.13%,0B / 0B,0B / 1.99MB,44
2026-07-31 00:11:21,foxglove,8.30%,452.4MiB / 30.66GiB,1.44%,0B / 0B,0B / 3.31MB,31
2026-07-31 00:11:21,docker-recorder-run-9b85dfd0d458,0.00%,10.29MiB / 30.66GiB,0.03%,0B / 0B,0B / 9.64MB,1
2026-07-31 00:11:21,glim,9.26%,335.9MiB / 30.66GiB,1.07%,0B / 0B,0B / 11.6MB,35
2026-07-31 00:11:21,ouster,0.36%,119MiB / 30.66GiB,0.38%,0B / 0B,0B / 3.01MB,29
2026-07-31 00:11:21,mapir-ffmpeg,27.50%,169.4MiB / 30.66GiB,0.54%,0B / 0B,0B / 1.56MB,33
2026-07-31 00:11:21,scovox,4.65%,346.4MiB / 30.66GiB,1.10%,0B / 0B,0B / 5.56MB,53
2026-07-31 00:11:21,openzen,2.06%,33MiB / 30.66GiB,0.11%,0B / 0B,0B / 2.15MB,20
2026-07-31 00:11:21,domain_bridge,0.20%,61.66MiB / 30.66GiB,0.20%,0B / 0B,0B / 5.1MB,28
2026-07-31 00:11:21,realsense,16.45%,94.92MiB / 30.66GiB,0.30%,0B / 0B,0B / 3.29MB,33
2026-07-31 00:11:21,nav2,3.40%,196.3MiB / 30.66GiB,0.63%,0B / 0B,0B / 1.5MB,93
2026-07-31 00:11:24,trav_ros2,101.92%,390.6MiB / 30.66GiB,1.24%,0B / 0B,0B / 1.99MB,44
2026-07-31 00:11:24,foxglove,11.33%,452.4MiB / 30.66GiB,1.44%,0B / 0B,0B / 3.31MB,31
2026-07-31 00:11:24,docker-recorder-run-9b85dfd0d458,0.00%,10.29MiB / 30.66GiB,0.03%,0B / 0B,0B / 9.64MB,1
2026-07-31 00:11:24,glim,83.51%,336.6MiB / 30.66GiB,1.07%,0B / 0B,0B / 11.6MB,35
2026-07-31 00:11:24,ouster,7.04%,119.4MiB / 30.66GiB,0.38%,0B / 0B,0B / 3.01MB,29
2026-07-31 00:11:24,mapir-ffmpeg,28.65%,169.4MiB / 30.66GiB,0.54%,0B / 0B,0B / 1.57MB,33
2026-07-31 00:11:24,scovox,6.91%,345.9MiB / 30.66GiB,1.10%,0B / 0B,0B / 5.56MB,53
2026-07-31 00:11:24,openzen,2.72%,33MiB / 30.66GiB,0.11%,0B / 0B,0B / 2.15MB,20
2026-07-31 00:11:24,domain_bridge,0.57%,59.96MiB / 30.66GiB,0.19%,0B / 0B,0B / 5.1MB,28
2026-07-31 00:11:24,realsense,16.84%,95.42MiB / 30.66GiB,0.30%,0B / 0B,0B / 3.29MB,33
2026-07-31 00:11:24,nav2,6.11%,196.4MiB / 30.66GiB,0.63%,0B / 0B,0B / 1.5MB,93
2026-07-31 00:11:28,trav_ros2,102.15%,379.9MiB / 30.66GiB,1.21%,0B / 0B,0B / 1.99MB,44
2026-07-31 00:11:28,foxglove,11.23%,452.4MiB / 30.66GiB,1.44%,0B / 0B,0B / 3.31MB,31
2026-07-31 00:11:28,docker-recorder-run-9b85dfd0d458,0.00%,10.29MiB / 30.66GiB,0.03%,0B / 0B,0B / 9.64MB,1
2026-07-31 00:11:28,glim,80.67%,337.9MiB / 30.66GiB,1.08%,0B / 0B,0B / 11.6MB,35
2026-07-31 00:11:28,ouster,6.84%,119.2MiB / 30.66GiB,0.38%,0B / 0B,0B / 3.01MB,29
2026-07-31 00:11:28,mapir-ffmpeg,27.90%,169.4MiB / 30.66GiB,0.54%,0B / 0B,0B / 1.57MB,33
2026-07-31 00:11:28,scovox,52.64%,376.5MiB / 30.66GiB,1.20%,0B / 0B,0B / 5.57MB,53
2026-07-31 00:11:28,openzen,2.53%,33MiB / 30.66GiB,0.11%,0B / 0B,0B / 2.15MB,20
2026-07-31 00:11:28,domain_bridge,0.18%,60.73MiB / 30.66GiB,0.19%,0B / 0B,0B / 5.1MB,28
2026-07-31 00:11:28,realsense,16.94%,94.93MiB / 30.66GiB,0.30%,0B / 0B,0B / 3.29MB,33
2026-07-31 00:11:28,nav2,6.24%,196.4MiB / 30.66GiB,0.63%,0B / 0B,0B / 1.51MB,93
2026-07-31 00:11:31,trav_ros2,101.63%,379.7MiB / 30.66GiB,1.21%,0B / 0B,0B / 1.99MB,44
2026-07-31 00:11:31,foxglove,12.01%,460.6MiB / 30.66GiB,1.47%,0B / 0B,0B / 3.31MB,31
2026-07-31 00:11:31,docker-recorder-run-9b85dfd0d458,0.00%,10.29MiB / 30.66GiB,0.03%,0B / 0B,0B / 9.64MB,1
2026-07-31 00:11:31,glim,83.01%,336.9MiB / 30.66GiB,1.07%,0B / 0B,0B / 11.6MB,35
2026-07-31 00:11:31,ouster,7.30%,119.6MiB / 30.66GiB,0.38%,0B / 0B,0B / 3.01MB,29
2026-07-31 00:11:31,mapir-ffmpeg,28.13%,169.7MiB / 30.66GiB,0.54%,0B / 0B,0B / 1.57MB,33
2026-07-31 00:11:31,scovox,70.92%,346.1MiB / 30.66GiB,1.10%,0B / 0B,0B / 5.57MB,53
2026-07-31 00:11:31,openzen,2.55%,33MiB / 30.66GiB,0.11%,0B / 0B,0B / 2.15MB,20
2026-07-31 00:11:31,domain_bridge,5.04%,60.83MiB / 30.66GiB,0.19%,0B / 0B,0B / 5.1MB,28
2026-07-31 00:11:31,realsense,16.69%,94.93MiB / 30.66GiB,0.30%,0B / 0B,0B / 3.29MB,33
2026-07-31 00:11:31,nav2,6.16%,197.1MiB / 30.66GiB,0.63%,0B / 0B,0B / 1.51MB,93
2026-07-31 00:11:34,trav_ros2,100.83%,381MiB / 30.66GiB,1.21%,0B / 0B,0B / 1.99MB,44
2026-07-31 00:11:34,foxglove,12.05%,460.5MiB / 30.66GiB,1.47%,0B / 0B,0B / 3.31MB,31
2026-07-31 00:11:34,docker-recorder-run-9b85dfd0d458,0.00%,10.29MiB / 30.66GiB,0.03%,0B / 0B,0B / 9.64MB,1
2026-07-31 00:11:34,glim,81.90%,339.1MiB / 30.66GiB,1.08%,0B / 0B,0B / 11.6MB,35
2026-07-31 00:11:34,ouster,7.06%,119.3MiB / 30.66GiB,0.38%,0B / 0B,0B / 3.01MB,29
2026-07-31 00:11:34,mapir-ffmpeg,28.14%,169.4MiB / 30.66GiB,0.54%,0B / 0B,0B / 1.57MB,33
2026-07-31 00:11:34,scovox,57.51%,381.9MiB / 30.66GiB,1.22%,0B / 0B,0B / 5.57MB,53
2026-07-31 00:11:34,openzen,2.61%,33.01MiB / 30.66GiB,0.11%,0B / 0B,0B / 2.15MB,20
2026-07-31 00:11:34,domain_bridge,0.21%,60.36MiB / 30.66GiB,0.19%,0B / 0B,0B / 5.1MB,28
2026-07-31 00:11:34,realsense,17.23%,95.17MiB / 30.66GiB,0.30%,0B / 0B,0B / 3.29MB,33
2026-07-31 00:11:34,nav2,5.99%,196.4MiB / 30.66GiB,0.63%,0B / 0B,0B / 1.51MB,93
2026-07-31 00:11:37,trav_ros2,100.67%,380MiB / 30.66GiB,1.21%,0B / 0B,0B / 1.99MB,44
2026-07-31 00:11:37,foxglove,12.46%,460.5MiB / 30.66GiB,1.47%,0B / 0B,0B / 3.31MB,31
2026-07-31 00:11:37,docker-recorder-run-9b85dfd0d458,0.00%,10.29MiB / 30.66GiB,0.03%,0B / 0B,0B / 9.64MB,1
2026-07-31 00:11:37,glim,87.42%,339MiB / 30.66GiB,1.08%,0B / 0B,0B / 11.6MB,35
2026-07-31 00:11:37,ouster,7.09%,119.7MiB / 30.66GiB,0.38%,0B / 0B,0B / 3.01MB,29
2026-07-31 00:11:37,mapir-ffmpeg,27.42%,169.7MiB / 30.66GiB,0.54%,0B / 0B,0B / 1.57MB,33
2026-07-31 00:11:37,scovox,59.58%,346MiB / 30.66GiB,1.10%,0B / 0B,0B / 5.57MB,53
2026-07-31 00:11:37,openzen,2.69%,33.01MiB / 30.66GiB,0.11%,0B / 0B,0B / 2.15MB,20
2026-07-31 00:11:37,domain_bridge,0.27%,61.41MiB / 30.66GiB,0.20%,0B / 0B,0B / 5.1MB,28
2026-07-31 00:11:37,realsense,17.26%,94.93MiB / 30.66GiB,0.30%,0B / 0B,0B / 3.29MB,33
2026-07-31 00:11:37,nav2,6.15%,196.7MiB / 30.66GiB,0.63%,0B / 0B,0B / 1.51MB,93
2026-07-31 00:11:40,trav_ros2,102.18%,379.6MiB / 30.66GiB,1.21%,0B / 0B,0B / 1.99MB,44
2026-07-31 00:11:40,foxglove,11.90%,452.6MiB / 30.66GiB,1.44%,0B / 0B,0B / 3.31MB,31
2026-07-31 00:11:40,docker-recorder-run-9b85dfd0d458,0.00%,10.29MiB / 30.66GiB,0.03%,0B / 0B,0B / 9.64MB,1
2026-07-31 00:11:40,glim,80.37%,339.5MiB / 30.66GiB,1.08%,0B / 0B,0B / 11.6MB,35
2026-07-31 00:11:40,ouster,7.18%,119.7MiB / 30.66GiB,0.38%,0B / 0B,0B / 3.01MB,29
2026-07-31 00:11:40,mapir-ffmpeg,28.17%,169.4MiB / 30.66GiB,0.54%,0B / 0B,0B / 1.57MB,33
2026-07-31 00:11:40,scovox,73.73%,346.1MiB / 30.66GiB,1.10%,0B / 0B,0B / 5.57MB,53
2026-07-31 00:11:40,openzen,2.66%,33.01MiB / 30.66GiB,0.11%,0B / 0B,0B / 2.15MB,20
2026-07-31 00:11:40,domain_bridge,0.60%,60.98MiB / 30.66GiB,0.19%,0B / 0B,0B / 5.1MB,28
2026-07-31 00:11:40,realsense,17.22%,95.17MiB / 30.66GiB,0.30%,0B / 0B,0B / 3.29MB,33
2026-07-31 00:11:40,nav2,6.13%,188.9MiB / 30.66GiB,0.60%,0B / 0B,0B / 1.51MB,93
2026-07-31 00:11:44,trav_ros2,100.98%,379.5MiB / 30.66GiB,1.21%,0B / 0B,0B / 1.99MB,44
2026-07-31 00:11:44,foxglove,11.90%,460.3MiB / 30.66GiB,1.47%,0B / 0B,0B / 3.31MB,31
2026-07-31 00:11:44,docker-recorder-run-9b85dfd0d458,0.00%,10.29MiB / 30.66GiB,0.03%,0B / 0B,0B / 9.64MB,1
2026-07-31 00:11:44,glim,80.91%,339.7MiB / 30.66GiB,1.08%,0B / 0B,0B / 11.6MB,35
2026-07-31 00:11:44,ouster,6.99%,119.2MiB / 30.66GiB,0.38%,0B / 0B,0B / 3.01MB,29
2026-07-31 00:11:44,mapir-ffmpeg,27.98%,169.4MiB / 30.66GiB,0.54%,0B / 0B,0B / 1.57MB,33
2026-07-31 00:11:44,scovox,46.55%,375MiB / 30.66GiB,1.19%,0B / 0B,0B / 5.57MB,53
2026-07-31 00:11:44,openzen,2.39%,33.01MiB / 30.66GiB,0.11%,0B / 0B,0B / 2.15MB,20
2026-07-31 00:11:44,domain_bridge,0.06%,60.48MiB / 30.66GiB,0.19%,0B / 0B,0B / 5.1MB,28
2026-07-31 00:11:44,realsense,16.76%,95.18MiB / 30.66GiB,0.30%,0B / 0B,0B / 3.29MB,33
2026-07-31 00:11:44,nav2,5.76%,196.6MiB / 30.66GiB,0.63%,0B / 0B,0B / 1.51MB,93
2026-07-31 00:11:47,trav_ros2,101.67%,392.4MiB / 30.66GiB,1.25%,0B / 0B,0B / 1.99MB,44
2026-07-31 00:11:47,foxglove,11.61%,460.4MiB / 30.66GiB,1.47%,0B / 0B,0B / 3.31MB,31
2026-07-31 00:11:47,docker-recorder-run-9b85dfd0d458,0.00%,10.29MiB / 30.66GiB,0.03%,0B / 0B,0B / 9.64MB,1
2026-07-31 00:11:47,glim,85.65%,339.3MiB / 30.66GiB,1.08%,0B / 0B,0B / 11.6MB,35
2026-07-31 00:11:47,ouster,7.66%,119.5MiB / 30.66GiB,0.38%,0B / 0B,0B / 3.01MB,29
2026-07-31 00:11:47,mapir-ffmpeg,28.54%,169.9MiB / 30.66GiB,0.54%,0B / 0B,0B / 1.57MB,33
2026-07-31 00:11:47,scovox,69.76%,346.2MiB / 30.66GiB,1.10%,0B / 0B,0B / 5.64MB,53
2026-07-31 00:11:47,openzen,2.57%,33.26MiB / 30.66GiB,0.11%,0B / 0B,0B / 2.15MB,20
2026-07-31 00:11:47,domain_bridge,0.44%,60.54MiB / 30.66GiB,0.19%,0B / 0B,0B / 5.1MB,28
2026-07-31 00:11:47,realsense,17.45%,94.93MiB / 30.66GiB,0.30%,0B / 0B,0B / 3.29MB,33
2026-07-31 00:11:47,nav2,6.21%,197MiB / 30.66GiB,0.63%,0B / 0B,0B / 1.51MB,93
2026-07-31 00:11:50,trav_ros2,101.05%,380.5MiB / 30.66GiB,1.21%,0B / 0B,0B / 1.99MB,44
2026-07-31 00:11:50,foxglove,12.34%,460.3MiB / 30.66GiB,1.47%,0B / 0B,0B / 3.31MB,31
2026-07-31 00:11:50,docker-recorder-run-9b85dfd0d458,0.00%,10.29MiB / 30.66GiB,0.03%,0B / 0B,0B / 9.64MB,1
2026-07-31 00:11:50,glim,80.18%,340MiB / 30.66GiB,1.08%,0B / 0B,0B / 11.6MB,35
2026-07-31 00:11:50,ouster,7.18%,119.9MiB / 30.66GiB,0.38%,0B / 0B,0B / 3.01MB,29
2026-07-31 00:11:50,mapir-ffmpeg,28.38%,169.4MiB / 30.66GiB,0.54%,0B / 0B,0B / 1.57MB,33
2026-07-31 00:11:50,scovox,51.59%,381.6MiB / 30.66GiB,1.22%,0B / 0B,0B / 5.64MB,53
2026-07-31 00:11:50,openzen,2.62%,33.01MiB / 30.66GiB,0.11%,0B / 0B,0B / 2.15MB,20
2026-07-31 00:11:50,domain_bridge,0.20%,60.02MiB / 30.66GiB,0.19%,0B / 0B,0B / 5.1MB,28
2026-07-31 00:11:50,realsense,16.83%,94.93MiB / 30.66GiB,0.30%,0B / 0B,0B / 3.29MB,33
2026-07-31 00:11:50,nav2,5.90%,196.3MiB / 30.66GiB,0.63%,0B / 0B,0B / 1.51MB,93
2026-07-31 00:11:53,trav_ros2,100.96%,379.9MiB / 30.66GiB,1.21%,0B / 0B,0B / 2.01MB,44
2026-07-31 00:11:53,foxglove,11.00%,460.7MiB / 30.66GiB,1.47%,0B / 0B,0B / 3.31MB,31
2026-07-31 00:11:53,docker-recorder-run-9b85dfd0d458,0.00%,10.29MiB / 30.66GiB,0.03%,0B / 0B,0B / 9.64MB,1
2026-07-31 00:11:53,glim,77.41%,339.9MiB / 30.66GiB,1.08%,0B / 0B,0B / 11.6MB,35
2026-07-31 00:11:53,ouster,7.02%,119.5MiB / 30.66GiB,0.38%,0B / 0B,0B / 3.01MB,29
2026-07-31 00:11:53,mapir-ffmpeg,27.82%,169.4MiB / 30.66GiB,0.54%,0B / 0B,0B / 1.57MB,33
2026-07-31 00:11:53,scovox,62.32%,346.4MiB / 30.66GiB,1.10%,0B / 0B,0B / 5.64MB,53
2026-07-31 00:11:53,openzen,2.38%,33.01MiB / 30.66GiB,0.11%,0B / 0B,0B / 2.15MB,20
2026-07-31 00:11:53,domain_bridge,0.62%,60.59MiB / 30.66GiB,0.19%,0B / 0B,0B / 5.1MB,28
2026-07-31 00:11:53,realsense,17.14%,94.93MiB / 30.66GiB,0.30%,0B / 0B,0B / 3.29MB,33
2026-07-31 00:11:53,nav2,5.62%,196.3MiB / 30.66GiB,0.63%,0B / 0B,0B / 1.51MB,93
2026-07-31 00:11:56,trav_ros2,101.78%,380.4MiB / 30.66GiB,1.21%,0B / 0B,0B / 2.01MB,44
2026-07-31 00:11:56,foxglove,11.15%,452.5MiB / 30.66GiB,1.44%,0B / 0B,0B / 3.31MB,31
2026-07-31 00:11:56,docker-recorder-run-9b85dfd0d458,0.00%,10.29MiB / 30.66GiB,0.03%,0B / 0B,0B / 9.64MB,1
2026-07-31 00:11:56,glim,82.63%,339.6MiB / 30.66GiB,1.08%,0B / 0B,0B / 11.6MB,35
2026-07-31 00:11:56,ouster,7.33%,120.1MiB / 30.66GiB,0.38%,0B / 0B,0B / 3.01MB,29
2026-07-31 00:11:56,mapir-ffmpeg,29.01%,169.4MiB / 30.66GiB,0.54%,0B / 0B,0B / 1.57MB,33
2026-07-31 00:11:56,scovox,71.99%,346.4MiB / 30.66GiB,1.10%,0B / 0B,0B / 5.64MB,53
2026-07-31 00:11:56,openzen,2.72%,33.01MiB / 30.66GiB,0.11%,0B / 0B,0B / 2.15MB,20
2026-07-31 00:11:56,domain_bridge,0.58%,60.02MiB / 30.66GiB,0.19%,0B / 0B,0B / 5.1MB,28
2026-07-31 00:11:56,realsense,17.84%,94.93MiB / 30.66GiB,0.30%,0B / 0B,0B / 3.29MB,33
2026-07-31 00:11:56,nav2,6.13%,197.3MiB / 30.66GiB,0.63%,0B / 0B,0B / 1.51MB,93
2026-07-31 00:11:59,trav_ros2,101.93%,379.7MiB / 30.66GiB,1.21%,0B / 0B,0B / 2.01MB,44
2026-07-31 00:11:59,foxglove,11.06%,452.4MiB / 30.66GiB,1.44%,0B / 0B,0B / 3.31MB,31
2026-07-31 00:11:59,docker-recorder-run-9b85dfd0d458,0.00%,10.29MiB / 30.66GiB,0.03%,0B / 0B,0B / 9.64MB,1
2026-07-31 00:11:59,glim,89.37%,339.5MiB / 30.66GiB,1.08%,0B / 0B,0B / 11.6MB,35
2026-07-31 00:11:59,ouster,6.86%,120.1MiB / 30.66GiB,0.38%,0B / 0B,0B / 3.01MB,29
2026-07-31 00:11:59,mapir-ffmpeg,28.56%,169.4MiB / 30.66GiB,0.54%,0B / 0B,0B / 1.59MB,33
2026-07-31 00:11:59,scovox,50.02%,373.4MiB / 30.66GiB,1.19%,0B / 0B,0B / 5.64MB,53
2026-07-31 00:11:59,openzen,2.46%,33.01MiB / 30.66GiB,0.11%,0B / 0B,0B / 2.15MB,20
2026-07-31 00:11:59,domain_bridge,0.06%,60.27MiB / 30.66GiB,0.19%,0B / 0B,0B / 5.1MB,28
2026-07-31 00:11:59,realsense,17.22%,94.93MiB / 30.66GiB,0.30%,0B / 0B,0B / 3.29MB,33
2026-07-31 00:11:59,nav2,5.68%,196.2MiB / 30.66GiB,0.63%,0B / 0B,0B / 1.51MB,93
2026-07-31 00:12:03,trav_ros2,101.79%,379.8MiB / 30.66GiB,1.21%,0B / 0B,0B / 2.01MB,44
2026-07-31 00:12:03,foxglove,11.50%,453MiB / 30.66GiB,1.44%,0B / 0B,0B / 3.31MB,31
2026-07-31 00:12:03,docker-recorder-run-9b85dfd0d458,0.00%,10.29MiB / 30.66GiB,0.03%,0B / 0B,0B / 9.64MB,1
2026-07-31 00:12:03,glim,83.36%,324.9MiB / 30.66GiB,1.03%,0B / 0B,0B / 11.6MB,35
2026-07-31 00:12:03,ouster,7.38%,119.8MiB / 30.66GiB,0.38%,0B / 0B,0B / 3.01MB,29
2026-07-31 00:12:03,mapir-ffmpeg,28.99%,169.4MiB / 30.66GiB,0.54%,0B / 0B,0B / 1.59MB,33
2026-07-31 00:12:03,scovox,71.53%,346MiB / 30.66GiB,1.10%,0B / 0B,0B / 5.64MB,53
2026-07-31 00:12:03,openzen,2.58%,33.01MiB / 30.66GiB,0.11%,0B / 0B,0B / 2.15MB,20
2026-07-31 00:12:03,domain_bridge,0.56%,60.29MiB / 30.66GiB,0.19%,0B / 0B,0B / 5.1MB,28
2026-07-31 00:12:03,realsense,17.56%,95.18MiB / 30.66GiB,0.30%,0B / 0B,0B / 3.29MB,33
2026-07-31 00:12:03,nav2,6.52%,196.8MiB / 30.66GiB,0.63%,0B / 0B,0B / 1.53MB,93
2026-07-31 00:12:06,trav_ros2,100.81%,380.6MiB / 30.66GiB,1.21%,0B / 0B,0B / 2.01MB,44
2026-07-31 00:12:06,foxglove,11.71%,460.9MiB / 30.66GiB,1.47%,0B / 0B,0B / 3.31MB,31
2026-07-31 00:12:06,docker-recorder-run-9b85dfd0d458,0.00%,10.29MiB / 30.66GiB,0.03%,0B / 0B,0B / 9.64MB,1
2026-07-31 00:12:06,glim,79.15%,324.4MiB / 30.66GiB,1.03%,0B / 0B,0B / 11.6MB,35
2026-07-31 00:12:06,ouster,6.99%,119.8MiB / 30.66GiB,0.38%,0B / 0B,0B / 3.01MB,29
2026-07-31 00:12:06,mapir-ffmpeg,27.89%,169.4MiB / 30.66GiB,0.54%,0B / 0B,0B / 1.59MB,33
2026-07-31 00:12:06,scovox,52.84%,379.9MiB / 30.66GiB,1.21%,0B / 0B,0B / 5.64MB,53
2026-07-31 00:12:06,openzen,2.39%,33.01MiB / 30.66GiB,0.11%,0B / 0B,0B / 2.15MB,20
2026-07-31 00:12:06,domain_bridge,0.28%,60.34MiB / 30.66GiB,0.19%,0B / 0B,0B / 5.1MB,28
2026-07-31 00:12:06,realsense,16.23%,94.93MiB / 30.66GiB,0.30%,0B / 0B,0B / 3.29MB,33
2026-07-31 00:12:06,nav2,5.88%,196.4MiB / 30.66GiB,0.63%,0B / 0B,0B / 1.53MB,93
2026-07-31 00:12:09,trav_ros2,101.60%,414MiB / 30.66GiB,1.32%,0B / 0B,0B / 2.01MB,44
2026-07-31 00:12:09,foxglove,11.94%,460.9MiB / 30.66GiB,1.47%,0B / 0B,0B / 3.31MB,31
2026-07-31 00:12:09,docker-recorder-run-9b85dfd0d458,0.00%,10.29MiB / 30.66GiB,0.03%,0B / 0B,0B / 9.64MB,1
2026-07-31 00:12:09,glim,79.13%,329.6MiB / 30.66GiB,1.05%,0B / 0B,0B / 11.6MB,35
2026-07-31 00:12:09,ouster,7.05%,119.7MiB / 30.66GiB,0.38%,0B / 0B,0B / 3.01MB,29
2026-07-31 00:12:09,mapir-ffmpeg,27.75%,169.4MiB / 30.66GiB,0.54%,0B / 0B,0B / 1.59MB,33
2026-07-31 00:12:09,scovox,66.72%,346.7MiB / 30.66GiB,1.10%,0B / 0B,0B / 5.64MB,53
2026-07-31 00:12:09,openzen,2.48%,33.01MiB / 30.66GiB,0.11%,0B / 0B,0B / 2.15MB,20
2026-07-31 00:12:09,domain_bridge,0.69%,61.01MiB / 30.66GiB,0.19%,0B / 0B,0B / 5.1MB,28
2026-07-31 00:12:09,realsense,16.65%,94.93MiB / 30.66GiB,0.30%,0B / 0B,0B / 3.29MB,33
2026-07-31 00:12:09,nav2,6.09%,196.5MiB / 30.66GiB,0.63%,0B / 0B,0B / 1.53MB,93
2026-07-31 00:12:12,trav_ros2,101.73%,379.5MiB / 30.66GiB,1.21%,0B / 0B,0B / 2.01MB,44
2026-07-31 00:12:12,foxglove,12.53%,460.7MiB / 30.66GiB,1.47%,0B / 0B,0B / 3.31MB,31
2026-07-31 00:12:12,docker-recorder-run-9b85dfd0d458,0.00%,10.29MiB / 30.66GiB,0.03%,0B / 0B,0B / 9.64MB,1
2026-07-31 00:12:12,glim,81.90%,337.5MiB / 30.66GiB,1.07%,0B / 0B,0B / 11.6MB,35
2026-07-31 00:12:12,ouster,7.35%,119.8MiB / 30.66GiB,0.38%,0B / 0B,0B / 3.01MB,29
2026-07-31 00:12:12,mapir-ffmpeg,28.20%,169.9MiB / 30.66GiB,0.54%,0B / 0B,0B / 1.59MB,33
2026-07-31 00:12:12,scovox,69.33%,345.8MiB / 30.66GiB,1.10%,0B / 0B,0B / 5.64MB,53
2026-07-31 00:12:12,openzen,2.60%,33.25MiB / 30.66GiB,0.11%,0B / 0B,0B / 2.15MB,20
2026-07-31 00:12:12,domain_bridge,0.65%,60.53MiB / 30.66GiB,0.19%,0B / 0B,0B / 5.1MB,28
2026-07-31 00:12:12,realsense,17.42%,95.18MiB / 30.66GiB,0.30%,0B / 0B,0B / 3.29MB,33
2026-07-31 00:12:12,nav2,6.73%,196.7MiB / 30.66GiB,0.63%,0B / 0B,0B / 1.53MB,93
2026-07-31 00:12:15,trav_ros2,102.06%,379.3MiB / 30.66GiB,1.21%,0B / 0B,0B / 2.01MB,44
2026-07-31 00:12:15,foxglove,11.64%,452.4MiB / 30.66GiB,1.44%,0B / 0B,0B / 3.31MB,31
2026-07-31 00:12:15,docker-recorder-run-9b85dfd0d458,0.00%,10.29MiB / 30.66GiB,0.03%,0B / 0B,0B / 9.64MB,1
2026-07-31 00:12:15,glim,84.85%,340.1MiB / 30.66GiB,1.08%,0B / 0B,0B / 11.6MB,35
2026-07-31 00:12:15,ouster,6.95%,120MiB / 30.66GiB,0.38%,0B / 0B,0B / 3.01MB,29
2026-07-31 00:12:15,mapir-ffmpeg,28.09%,169.4MiB / 30.66GiB,0.54%,0B / 0B,0B / 1.59MB,33
2026-07-31 00:12:15,scovox,52.31%,370.7MiB / 30.66GiB,1.18%,0B / 0B,0B / 5.64MB,53
2026-07-31 00:12:15,openzen,2.45%,33.25MiB / 30.66GiB,0.11%,0B / 0B,0B / 2.15MB,20
2026-07-31 00:12:15,domain_bridge,0.08%,60.02MiB / 30.66GiB,0.19%,0B / 0B,0B / 5.1MB,28
2026-07-31 00:12:15,realsense,16.99%,95.17MiB / 30.66GiB,0.30%,0B / 0B,0B / 3.29MB,33
2026-07-31 00:12:15,nav2,5.79%,196.3MiB / 30.66GiB,0.63%,0B / 0B,0B / 1.53MB,93
2026-07-31 00:12:19,trav_ros2,101.77%,379.8MiB / 30.66GiB,1.21%,0B / 0B,0B / 2.01MB,44
2026-07-31 00:12:19,foxglove,11.40%,453.1MiB / 30.66GiB,1.44%,0B / 0B,0B / 3.31MB,31
2026-07-31 00:12:19,docker-recorder-run-9b85dfd0d458,0.00%,10.29MiB / 30.66GiB,0.03%,0B / 0B,0B / 9.64MB,1
2026-07-31 00:12:19,glim,82.71%,339.6MiB / 30.66GiB,1.08%,0B / 0B,0B / 11.6MB,35
2026-07-31 00:12:19,ouster,7.57%,119.9MiB / 30.66GiB,0.38%,0B / 0B,0B / 3.01MB,29
2026-07-31 00:12:19,mapir-ffmpeg,27.99%,169.9MiB / 30.66GiB,0.54%,0B / 0B,0B / 1.59MB,33
2026-07-31 00:12:19,scovox,74.35%,345.9MiB / 30.66GiB,1.10%,0B / 0B,0B / 5.73MB,53
2026-07-31 00:12:19,openzen,2.77%,33.01MiB / 30.66GiB,0.11%,0B / 0B,0B / 2.15MB,20
2026-07-31 00:12:19,domain_bridge,0.67%,60.29MiB / 30.66GiB,0.19%,0B / 0B,0B / 5.1MB,28
2026-07-31 00:12:19,realsense,17.10%,95.18MiB / 30.66GiB,0.30%,0B / 0B,0B / 3.29MB,33
2026-07-31 00:12:19,nav2,6.29%,197.8MiB / 30.66GiB,0.63%,0B / 0B,0B / 1.53MB,93
2026-07-31 00:12:22,trav_ros2,101.75%,381.1MiB / 30.66GiB,1.21%,0B / 0B,0B / 2.01MB,44
2026-07-31 00:12:22,foxglove,12.31%,460.9MiB / 30.66GiB,1.47%,0B / 0B,0B / 3.31MB,31
2026-07-31 00:12:22,docker-recorder-run-9b85dfd0d458,0.00%,10.29MiB / 30.66GiB,0.03%,0B / 0B,0B / 9.64MB,1
2026-07-31 00:12:22,glim,80.44%,339.1MiB / 30.66GiB,1.08%,0B / 0B,0B / 11.6MB,35
2026-07-31 00:12:22,ouster,7.14%,119.8MiB / 30.66GiB,0.38%,0B / 0B,0B / 3.01MB,29
2026-07-31 00:12:22,mapir-ffmpeg,28.15%,169.4MiB / 30.66GiB,0.54%,0B / 0B,0B / 1.59MB,33
2026-07-31 00:12:22,scovox,50.64%,376.8MiB / 30.66GiB,1.20%,0B / 0B,0B / 5.73MB,53
2026-07-31 00:12:22,openzen,2.58%,33.51MiB / 30.66GiB,0.11%,0B / 0B,0B / 2.15MB,20
2026-07-31 00:12:22,domain_bridge,0.27%,60.91MiB / 30.66GiB,0.19%,0B / 0B,0B / 5.1MB,28
2026-07-31 00:12:22,realsense,17.06%,94.93MiB / 30.66GiB,0.30%,0B / 0B,0B / 3.29MB,33
2026-07-31 00:12:22,nav2,5.83%,196.9MiB / 30.66GiB,0.63%,0B / 0B,0B / 1.53MB,93
2026-07-31 00:12:25,trav_ros2,100.62%,379.8MiB / 30.66GiB,1.21%,0B / 0B,0B / 2.03MB,44
2026-07-31 00:12:25,foxglove,12.04%,460.9MiB / 30.66GiB,1.47%,0B / 0B,0B / 3.31MB,31
2026-07-31 00:12:25,docker-recorder-run-9b85dfd0d458,0.00%,10.29MiB / 30.66GiB,0.03%,0B / 0B,0B / 9.64MB,1
2026-07-31 00:12:25,glim,87.90%,339.5MiB / 30.66GiB,1.08%,0B / 0B,0B / 11.6MB,35
2026-07-31 00:12:25,ouster,7.06%,120.1MiB / 30.66GiB,0.38%,0B / 0B,0B / 3.01MB,29
2026-07-31 00:12:25,mapir-ffmpeg,28.88%,169.4MiB / 30.66GiB,0.54%,0B / 0B,0B / 1.59MB,33
2026-07-31 00:12:25,scovox,70.97%,347.2MiB / 30.66GiB,1.11%,0B / 0B,0B / 5.73MB,53
2026-07-31 00:12:25,openzen,2.54%,33.01MiB / 30.66GiB,0.11%,0B / 0B,0B / 2.15MB,20
2026-07-31 00:12:25,domain_bridge,0.77%,60.8MiB / 30.66GiB,0.19%,0B / 0B,0B / 5.1MB,28
2026-07-31 00:12:25,realsense,17.24%,95.18MiB / 30.66GiB,0.30%,0B / 0B,0B / 3.29MB,33
2026-07-31 00:12:25,nav2,6.07%,196.9MiB / 30.66GiB,0.63%,0B / 0B,0B / 1.53MB,93
2026-07-31 00:12:28,trav_ros2,100.78%,380.4MiB / 30.66GiB,1.21%,0B / 0B,0B / 2.03MB,44
2026-07-31 00:12:28,foxglove,12.16%,460.6MiB / 30.66GiB,1.47%,0B / 0B,0B / 3.31MB,31
2026-07-31 00:12:28,docker-recorder-run-9b85dfd0d458,0.00%,10.29MiB / 30.66GiB,0.03%,0B / 0B,0B / 9.64MB,1
2026-07-31 00:12:28,glim,78.11%,326MiB / 30.66GiB,1.04%,0B / 0B,0B / 11.6MB,35
2026-07-31 00:12:28,ouster,7.28%,120MiB / 30.66GiB,0.38%,0B / 0B,0B / 3.01MB,29
2026-07-31 00:12:28,mapir-ffmpeg,28.50%,169.4MiB / 30.66GiB,0.54%,0B / 0B,0B / 1.59MB,33
2026-07-31 00:12:28,scovox,61.98%,382.5MiB / 30.66GiB,1.22%,0B / 0B,0B / 5.73MB,53
2026-07-31 00:12:28,openzen,2.60%,33.01MiB / 30.66GiB,0.11%,0B / 0B,0B / 2.15MB,20
2026-07-31 00:12:28,domain_bridge,0.58%,60.51MiB / 30.66GiB,0.19%,0B / 0B,0B / 5.1MB,28
2026-07-31 00:12:28,realsense,17.18%,94.93MiB / 30.66GiB,0.30%,0B / 0B,0B / 3.29MB,33
2026-07-31 00:12:28,nav2,6.31%,196.7MiB / 30.66GiB,0.63%,0B / 0B,0B / 1.53MB,93
2026-07-31 00:12:31,trav_ros2,101.87%,380MiB / 30.66GiB,1.21%,0B / 0B,0B / 2.03MB,44
2026-07-31 00:12:31,foxglove,11.56%,460.9MiB / 30.66GiB,1.47%,0B / 0B,0B / 3.31MB,31
2026-07-31 00:12:31,docker-recorder-run-9b85dfd0d458,0.00%,10.29MiB / 30.66GiB,0.03%,0B / 0B,0B / 9.64MB,1
2026-07-31 00:12:31,glim,83.23%,336.1MiB / 30.66GiB,1.07%,0B / 0B,0B / 11.6MB,35
2026-07-31 00:12:31,ouster,7.06%,119.9MiB / 30.66GiB,0.38%,0B / 0B,0B / 3.01MB,29
2026-07-31 00:12:31,mapir-ffmpeg,27.96%,169.4MiB / 30.66GiB,0.54%,0B / 0B,0B / 1.59MB,33
2026-07-31 00:12:31,scovox,54.22%,345.6MiB / 30.66GiB,1.10%,0B / 0B,0B / 5.73MB,53
2026-07-31 00:12:31,openzen,2.39%,33.01MiB / 30.66GiB,0.11%,0B / 0B,0B / 2.15MB,20
2026-07-31 00:12:31,domain_bridge,0.10%,60.34MiB / 30.66GiB,0.19%,0B / 0B,0B / 5.1MB,28
2026-07-31 00:12:31,realsense,16.92%,94.93MiB / 30.66GiB,0.30%,0B / 0B,0B / 3.29MB,33
2026-07-31 00:12:31,nav2,5.66%,196.9MiB / 30.66GiB,0.63%,0B / 0B,0B / 1.53MB,93
2026-07-31 00:12:34,trav_ros2,102.13%,380.2MiB / 30.66GiB,1.21%,0B / 0B,0B / 2.03MB,44
2026-07-31 00:12:34,foxglove,12.81%,460.8MiB / 30.66GiB,1.47%,0B / 0B,0B / 3.31MB,31
2026-07-31 00:12:34,docker-recorder-run-9b85dfd0d458,0.00%,10.29MiB / 30.66GiB,0.03%,0B / 0B,0B / 9.64MB,1
2026-07-31 00:12:34,glim,77.18%,341.2MiB / 30.66GiB,1.09%,0B / 0B,0B / 11.6MB,35
2026-07-31 00:12:34,ouster,8.26%,120MiB / 30.66GiB,0.38%,0B / 0B,0B / 3.01MB,29
2026-07-31 00:12:34,mapir-ffmpeg,28.97%,169.7MiB / 30.66GiB,0.54%,0B / 0B,0B / 1.6MB,33
2026-07-31 00:12:34,scovox,71.63%,345.4MiB / 30.66GiB,1.10%,0B / 0B,0B / 5.73MB,53
2026-07-31 00:12:34,openzen,2.65%,33.5MiB / 30.66GiB,0.11%,0B / 0B,0B / 2.15MB,20
2026-07-31 00:12:34,domain_bridge,0.68%,61MiB / 30.66GiB,0.19%,0B / 0B,0B / 5.1MB,28
2026-07-31 00:12:34,realsense,17.59%,95.18MiB / 30.66GiB,0.30%,0B / 0B,0B / 3.29MB,33
2026-07-31 00:12:34,nav2,6.70%,197.8MiB / 30.66GiB,0.63%,0B / 0B,0B / 1.53MB,93
2026-07-31 00:12:38,trav_ros2,100.88%,380.3MiB / 30.66GiB,1.21%,0B / 0B,0B / 2.03MB,44
2026-07-31 00:12:38,foxglove,10.94%,452.6MiB / 30.66GiB,1.44%,0B / 0B,0B / 3.31MB,31
2026-07-31 00:12:38,docker-recorder-run-9b85dfd0d458,0.00%,10.29MiB / 30.66GiB,0.03%,0B / 0B,0B / 9.64MB,1
2026-07-31 00:12:38,glim,82.49%,340.3MiB / 30.66GiB,1.08%,0B / 0B,0B / 11.6MB,35
2026-07-31 00:12:38,ouster,7.23%,120.2MiB / 30.66GiB,0.38%,0B / 0B,0B / 3.01MB,29
2026-07-31 00:12:38,mapir-ffmpeg,27.78%,169.9MiB / 30.66GiB,0.54%,0B / 0B,0B / 1.6MB,33
2026-07-31 00:12:38,scovox,52.45%,377.2MiB / 30.66GiB,1.20%,0B / 0B,0B / 5.74MB,53
2026-07-31 00:12:38,openzen,2.57%,33.01MiB / 30.66GiB,0.11%,0B / 0B,0B / 2.15MB,20
2026-07-31 00:12:38,domain_bridge,0.26%,60.5MiB / 30.66GiB,0.19%,0B / 0B,0B / 5.1MB,28
2026-07-31 00:12:38,realsense,16.81%,94.93MiB / 30.66GiB,0.30%,0B / 0B,0B / 3.29MB,33
2026-07-31 00:12:38,nav2,6.84%,196.8MiB / 30.66GiB,0.63%,0B / 0B,0B / 1.54MB,93
2026-07-31 00:12:41,trav_ros2,101.35%,380.2MiB / 30.66GiB,1.21%,0B / 0B,0B / 2.03MB,44
2026-07-31 00:12:41,foxglove,12.22%,460.5MiB / 30.66GiB,1.47%,0B / 0B,0B / 3.31MB,31
2026-07-31 00:12:41,docker-recorder-run-9b85dfd0d458,0.00%,10.29MiB / 30.66GiB,0.03%,0B / 0B,0B / 9.64MB,1
2026-07-31 00:12:41,glim,82.64%,341.6MiB / 30.66GiB,1.09%,0B / 0B,0B / 11.6MB,35
2026-07-31 00:12:41,ouster,7.15%,119.9MiB / 30.66GiB,0.38%,0B / 0B,0B / 3.01MB,29
2026-07-31 00:12:41,mapir-ffmpeg,27.72%,169.7MiB / 30.66GiB,0.54%,0B / 0B,0B / 1.6MB,33
2026-07-31 00:12:41,scovox,71.86%,345.7MiB / 30.66GiB,1.10%,0B / 0B,0B / 5.74MB,53
2026-07-31 00:12:41,openzen,2.58%,33.01MiB / 30.66GiB,0.11%,0B / 0B,0B / 2.15MB,20
2026-07-31 00:12:41,domain_bridge,0.73%,61.34MiB / 30.66GiB,0.20%,0B / 0B,0B / 5.1MB,28
2026-07-31 00:12:41,realsense,17.49%,94.93MiB / 30.66GiB,0.30%,0B / 0B,0B / 3.29MB,33
2026-07-31 00:12:41,nav2,5.84%,196.6MiB / 30.66GiB,0.63%,0B / 0B,0B / 1.54MB,93
2026-07-31 00:12:44,trav_ros2,101.79%,379.9MiB / 30.66GiB,1.21%,0B / 0B,0B / 2.03MB,44
2026-07-31 00:12:44,foxglove,12.45%,460.6MiB / 30.66GiB,1.47%,0B / 0B,0B / 3.31MB,31
2026-07-31 00:12:44,docker-recorder-run-9b85dfd0d458,0.00%,10.29MiB / 30.66GiB,0.03%,0B / 0B,0B / 9.64MB,1
2026-07-31 00:12:44,glim,77.12%,360.8MiB / 30.66GiB,1.15%,0B / 0B,0B / 11.6MB,35
2026-07-31 00:12:44,ouster,7.19%,120.3MiB / 30.66GiB,0.38%,0B / 0B,0B / 3.01MB,29
2026-07-31 00:12:44,mapir-ffmpeg,27.74%,169.9MiB / 30.66GiB,0.54%,0B / 0B,0B / 1.6MB,33
2026-07-31 00:12:44,scovox,53.60%,381.8MiB / 30.66GiB,1.22%,0B / 0B,0B / 5.74MB,53
2026-07-31 00:12:44,openzen,2.70%,33.01MiB / 30.66GiB,0.11%,0B / 0B,0B / 2.15MB,20
2026-07-31 00:12:44,domain_bridge,0.46%,60.25MiB / 30.66GiB,0.19%,0B / 0B,0B / 5.1MB,28
2026-07-31 00:12:44,realsense,17.48%,95.43MiB / 30.66GiB,0.30%,0B / 0B,0B / 3.29MB,33
2026-07-31 00:12:44,nav2,6.36%,197.4MiB / 30.66GiB,0.63%,0B / 0B,0B / 1.54MB,93
2026-07-31 00:12:47,trav_ros2,102.06%,379.5MiB / 30.66GiB,1.21%,0B / 0B,0B / 2.03MB,44
2026-07-31 00:12:47,foxglove,11.62%,460.7MiB / 30.66GiB,1.47%,0B / 0B,0B / 3.31MB,31
2026-07-31 00:12:47,docker-recorder-run-9b85dfd0d458,0.00%,10.29MiB / 30.66GiB,0.03%,0B / 0B,0B / 9.64MB,1
2026-07-31 00:12:47,glim,84.69%,361.4MiB / 30.66GiB,1.15%,0B / 0B,0B / 11.6MB,35
2026-07-31 00:12:47,ouster,6.92%,120.4MiB / 30.66GiB,0.38%,0B / 0B,0B / 3.01MB,29
2026-07-31 00:12:47,mapir-ffmpeg,28.65%,169.4MiB / 30.66GiB,0.54%,0B / 0B,0B / 1.6MB,33
2026-07-31 00:12:47,scovox,58.12%,346.1MiB / 30.66GiB,1.10%,0B / 0B,0B / 5.74MB,53
2026-07-31 00:12:47,openzen,2.74%,33.01MiB / 30.66GiB,0.11%,0B / 0B,0B / 2.15MB,20
2026-07-31 00:12:47,domain_bridge,0.12%,60.52MiB / 30.66GiB,0.19%,0B / 0B,0B / 5.1MB,28
2026-07-31 00:12:47,realsense,17.35%,94.93MiB / 30.66GiB,0.30%,0B / 0B,0B / 3.29MB,33
2026-07-31 00:12:47,nav2,5.82%,197.2MiB / 30.66GiB,0.63%,0B / 0B,0B / 1.54MB,93
2026-07-31 00:12:50,trav_ros2,102.42%,379.5MiB / 30.66GiB,1.21%,0B / 0B,0B / 2.03MB,44
2026-07-31 00:12:50,foxglove,11.90%,452.3MiB / 30.66GiB,1.44%,0B / 0B,0B / 3.31MB,31
2026-07-31 00:12:50,docker-recorder-run-9b85dfd0d458,0.00%,10.29MiB / 30.66GiB,0.03%,0B / 0B,0B / 9.64MB,1
2026-07-31 00:12:50,glim,80.69%,361.9MiB / 30.66GiB,1.15%,0B / 0B,0B / 11.6MB,35
2026-07-31 00:12:50,ouster,7.92%,120.1MiB / 30.66GiB,0.38%,0B / 0B,0B / 3.01MB,29
2026-07-31 00:12:50,mapir-ffmpeg,28.87%,169.4MiB / 30.66GiB,0.54%,0B / 0B,0B / 1.6MB,33
2026-07-31 00:12:50,scovox,72.28%,346.6MiB / 30.66GiB,1.10%,0B / 0B,0B / 5.74MB,53
2026-07-31 00:12:50,openzen,3.07%,33.49MiB / 30.66GiB,0.11%,0B / 0B,0B / 2.15MB,20
2026-07-31 00:12:50,domain_bridge,0.66%,60.56MiB / 30.66GiB,0.19%,0B / 0B,0B / 5.1MB,28
2026-07-31 00:12:50,realsense,17.81%,94.93MiB / 30.66GiB,0.30%,0B / 0B,0B / 3.29MB,33
2026-07-31 00:12:50,nav2,6.75%,197.6MiB / 30.66GiB,0.63%,0B / 0B,0B / 1.54MB,93
2026-07-31 00:12:54,trav_ros2,101.23%,387.7MiB / 30.66GiB,1.23%,0B / 0B,0B / 2.03MB,44
2026-07-31 00:12:54,foxglove,11.10%,453MiB / 30.66GiB,1.44%,0B / 0B,0B / 3.31MB,31
2026-07-31 00:12:54,docker-recorder-run-9b85dfd0d458,0.00%,10.29MiB / 30.66GiB,0.03%,0B / 0B,0B / 9.64MB,1
2026-07-31 00:12:54,glim,77.73%,361.2MiB / 30.66GiB,1.15%,0B / 0B,0B / 11.6MB,35
2026-07-31 00:12:54,ouster,6.94%,120MiB / 30.66GiB,0.38%,0B / 0B,0B / 3.01MB,29
2026-07-31 00:12:54,mapir-ffmpeg,27.71%,169.4MiB / 30.66GiB,0.54%,0B / 0B,0B / 1.6MB,33
2026-07-31 00:12:54,scovox,50.90%,374.4MiB / 30.66GiB,1.19%,0B / 0B,0B / 5.83MB,53
2026-07-31 00:12:54,openzen,2.57%,33.01MiB / 30.66GiB,0.11%,0B / 0B,0B / 2.15MB,20
2026-07-31 00:12:54,domain_bridge,0.30%,61.04MiB / 30.66GiB,0.19%,0B / 0B,0B / 5.1MB,28
2026-07-31 00:12:54,realsense,16.98%,95.45MiB / 30.66GiB,0.30%,0B / 0B,0B / 3.29MB,33
2026-07-31 00:12:54,nav2,5.51%,197MiB / 30.66GiB,0.63%,0B / 0B,0B / 1.54MB,93
2026-07-31 00:12:57,trav_ros2,100.55%,380.2MiB / 30.66GiB,1.21%,0B / 0B,0B / 2.05MB,44
2026-07-31 00:12:57,foxglove,12.07%,461MiB / 30.66GiB,1.47%,0B / 0B,0B / 3.31MB,31
2026-07-31 00:12:57,docker-recorder-run-9b85dfd0d458,0.00%,10.29MiB / 30.66GiB,0.03%,0B / 0B,0B / 9.64MB,1
2026-07-31 00:12:57,glim,82.15%,361.3MiB / 30.66GiB,1.15%,0B / 0B,0B / 11.6MB,35
2026-07-31 00:12:57,ouster,7.05%,120.5MiB / 30.66GiB,0.38%,0B / 0B,0B / 3.01MB,29
2026-07-31 00:12:57,mapir-ffmpeg,27.45%,169.4MiB / 30.66GiB,0.54%,0B / 0B,0B / 1.6MB,33
2026-07-31 00:12:57,scovox,70.97%,346.1MiB / 30.66GiB,1.10%,0B / 0B,0B / 5.83MB,53
2026-07-31 00:12:57,openzen,2.69%,33.01MiB / 30.66GiB,0.11%,0B / 0B,0B / 2.15MB,20
2026-07-31 00:12:57,domain_bridge,0.72%,60.98MiB / 30.66GiB,0.19%,0B / 0B,0B / 5.1MB,28
2026-07-31 00:12:57,realsense,16.92%,94.95MiB / 30.66GiB,0.30%,0B / 0B,0B / 3.29MB,33
2026-07-31 00:12:57,nav2,5.81%,196.9MiB / 30.66GiB,0.63%,0B / 0B,0B / 1.54MB,93
2026-07-31 00:13:00,trav_ros2,101.27%,380.2MiB / 30.66GiB,1.21%,0B / 0B,0B / 2.05MB,44
2026-07-31 00:13:00,foxglove,11.90%,460.8MiB / 30.66GiB,1.47%,0B / 0B,0B / 3.31MB,31
2026-07-31 00:13:00,docker-recorder-run-9b85dfd0d458,0.00%,10.29MiB / 30.66GiB,0.03%,0B / 0B,0B / 9.64MB,1
2026-07-31 00:13:00,glim,81.92%,362.3MiB / 30.66GiB,1.15%,0B / 0B,0B / 11.6MB,35
2026-07-31 00:13:00,ouster,6.95%,120.4MiB / 30.66GiB,0.38%,0B / 0B,0B / 3.01MB,29
2026-07-31 00:13:00,mapir-ffmpeg,27.99%,169.7MiB / 30.66GiB,0.54%,0B / 0B,0B / 1.6MB,33
2026-07-31 00:13:00,scovox,51.05%,379.6MiB / 30.66GiB,1.21%,0B / 0B,0B / 5.83MB,53
2026-07-31 00:13:00,openzen,2.60%,33.01MiB / 30.66GiB,0.11%,0B / 0B,0B / 2.15MB,20
2026-07-31 00:13:00,domain_bridge,0.37%,60.46MiB / 30.66GiB,0.19%,0B / 0B,0B / 5.1MB,28
2026-07-31 00:13:00,realsense,17.22%,95.21MiB / 30.66GiB,0.30%,0B / 0B,0B / 3.29MB,33
2026-07-31 00:13:00,nav2,6.21%,197MiB / 30.66GiB,0.63%,0B / 0B,0B / 1.54MB,93
2026-07-31 00:13:03,trav_ros2,101.80%,380.2MiB / 30.66GiB,1.21%,0B / 0B,0B / 2.05MB,44
2026-07-31 00:13:03,foxglove,12.63%,460.8MiB / 30.66GiB,1.47%,0B / 0B,0B / 3.31MB,31
2026-07-31 00:13:03,docker-recorder-run-9b85dfd0d458,0.00%,10.29MiB / 30.66GiB,0.03%,0B / 0B,0B / 9.64MB,1
2026-07-31 00:13:03,glim,83.27%,361.4MiB / 30.66GiB,1.15%,0B / 0B,0B / 11.6MB,35
2026-07-31 00:13:03,ouster,7.06%,120.5MiB / 30.66GiB,0.38%,0B / 0B,0B / 3.01MB,29
2026-07-31 00:13:03,mapir-ffmpeg,27.84%,169.4MiB / 30.66GiB,0.54%,0B / 0B,0B / 1.6MB,33
2026-07-31 00:13:03,scovox,63.58%,345.6MiB / 30.66GiB,1.10%,0B / 0B,0B / 5.83MB,53
2026-07-31 00:13:03,openzen,2.72%,33.01MiB / 30.66GiB,0.11%,0B / 0B,0B / 2.15MB,20
2026-07-31 00:13:03,domain_bridge,0.09%,60.5MiB / 30.66GiB,0.19%,0B / 0B,0B / 5.1MB,28
2026-07-31 00:13:03,realsense,16.77%,94.95MiB / 30.66GiB,0.30%,0B / 0B,0B / 3.29MB,33
2026-07-31 00:13:03,nav2,5.90%,197.2MiB / 30.66GiB,0.63%,0B / 0B,0B / 1.54MB,93
2026-07-31 00:13:06,trav_ros2,102.05%,379.9MiB / 30.66GiB,1.21%,0B / 0B,0B / 2.05MB,44
2026-07-31 00:13:06,foxglove,12.48%,460.5MiB / 30.66GiB,1.47%,0B / 0B,0B / 3.31MB,31
2026-07-31 00:13:06,docker-recorder-run-9b85dfd0d458,0.00%,10.29MiB / 30.66GiB,0.03%,0B / 0B,0B / 9.64MB,1
2026-07-31 00:13:06,glim,87.91%,361.7MiB / 30.66GiB,1.15%,0B / 0B,0B / 11.6MB,35
2026-07-31 00:13:06,ouster,7.54%,120.3MiB / 30.66GiB,0.38%,0B / 0B,0B / 3.01MB,29
2026-07-31 00:13:06,mapir-ffmpeg,28.72%,169.4MiB / 30.66GiB,0.54%,0B / 0B,0B / 1.6MB,33
2026-07-31 00:13:06,scovox,71.73%,346.1MiB / 30.66GiB,1.10%,0B / 0B,0B / 5.83MB,53
2026-07-31 00:13:06,openzen,2.84%,33.01MiB / 30.66GiB,0.11%,0B / 0B,0B / 2.15MB,20
2026-07-31 00:13:06,domain_bridge,0.70%,60.73MiB / 30.66GiB,0.19%,0B / 0B,0B / 5.1MB,28
2026-07-31 00:13:06,realsense,17.45%,94.95MiB / 30.66GiB,0.30%,0B / 0B,0B / 3.29MB,33
2026-07-31 00:13:06,nav2,6.88%,197.6MiB / 30.66GiB,0.63%,0B / 0B,0B / 1.54MB,93
2026-07-31 00:13:09,trav_ros2,100.85%,380.9MiB / 30.66GiB,1.21%,0B / 0B,0B / 2.05MB,44
2026-07-31 00:13:09,foxglove,12.45%,462.5MiB / 30.66GiB,1.47%,0B / 0B,0B / 3.31MB,31
2026-07-31 00:13:09,docker-recorder-run-9b85dfd0d458,0.00%,10.29MiB / 30.66GiB,0.03%,0B / 0B,0B / 9.64MB,1
2026-07-31 00:13:09,glim,79.93%,362.1MiB / 30.66GiB,1.15%,0B / 0B,0B / 11.6MB,35
2026-07-31 00:13:09,ouster,7.12%,120.1MiB / 30.66GiB,0.38%,0B / 0B,0B / 3.01MB,29
2026-07-31 00:13:09,mapir-ffmpeg,28.08%,169.4MiB / 30.66GiB,0.54%,0B / 0B,0B / 1.61MB,33
2026-07-31 00:13:09,scovox,52.14%,372.4MiB / 30.66GiB,1.19%,0B / 0B,0B / 5.83MB,53
2026-07-31 00:13:09,openzen,2.77%,33.01MiB / 30.66GiB,0.11%,0B / 0B,0B / 2.15MB,20
2026-07-31 00:13:09,domain_bridge,0.32%,60.28MiB / 30.66GiB,0.19%,0B / 0B,0B / 5.1MB,28
2026-07-31 00:13:09,realsense,16.99%,94.95MiB / 30.66GiB,0.30%,0B / 0B,0B / 3.29MB,33
2026-07-31 00:13:09,nav2,6.36%,197MiB / 30.66GiB,0.63%,0B / 0B,0B / 1.54MB,93
2026-07-31 00:13:13,trav_ros2,100.52%,380.3MiB / 30.66GiB,1.21%,0B / 0B,0B / 2.05MB,44
2026-07-31 00:13:13,foxglove,10.83%,452.7MiB / 30.66GiB,1.44%,0B / 0B,0B / 3.31MB,31
2026-07-31 00:13:13,docker-recorder-run-9b85dfd0d458,0.00%,10.29MiB / 30.66GiB,0.03%,0B / 0B,0B / 9.64MB,1
2026-07-31 00:13:13,glim,82.04%,362.5MiB / 30.66GiB,1.15%,0B / 0B,0B / 11.6MB,35
2026-07-31 00:13:13,ouster,6.85%,120.5MiB / 30.66GiB,0.38%,0B / 0B,0B / 3.01MB,29
2026-07-31 00:13:13,mapir-ffmpeg,28.18%,169.9MiB / 30.66GiB,0.54%,0B / 0B,0B / 1.61MB,33
2026-07-31 00:13:13,scovox,70.07%,346.3MiB / 30.66GiB,1.10%,0B / 0B,0B / 5.84MB,53
2026-07-31 00:13:13,openzen,2.41%,33.01MiB / 30.66GiB,0.11%,0B / 0B,0B / 2.15MB,20
2026-07-31 00:13:13,domain_bridge,0.66%,60.77MiB / 30.66GiB,0.19%,0B / 0B,0B / 5.1MB,28
2026-07-31 00:13:13,realsense,17.16%,95.2MiB / 30.66GiB,0.30%,0B / 0B,0B / 3.29MB,33
2026-07-31 00:13:13,nav2,5.82%,197MiB / 30.66GiB,0.63%,0B / 0B,0B / 1.56MB,93
2026-07-31 00:13:16,trav_ros2,101.57%,415MiB / 30.66GiB,1.32%,0B / 0B,0B / 2.05MB,44
2026-07-31 00:13:16,foxglove,12.23%,461.2MiB / 30.66GiB,1.47%,0B / 0B,0B / 3.31MB,31
2026-07-31 00:13:16,docker-recorder-run-9b85dfd0d458,0.00%,10.29MiB / 30.66GiB,0.03%,0B / 0B,0B / 9.64MB,1
2026-07-31 00:13:16,glim,80.64%,349.5MiB / 30.66GiB,1.11%,0B / 0B,0B / 11.6MB,35
2026-07-31 00:13:16,ouster,7.64%,120.4MiB / 30.66GiB,0.38%,0B / 0B,0B / 3.01MB,29
2026-07-31 00:13:16,mapir-ffmpeg,28.95%,169.7MiB / 30.66GiB,0.54%,0B / 0B,0B / 1.61MB,33
2026-07-31 00:13:16,scovox,52.13%,379.6MiB / 30.66GiB,1.21%,0B / 0B,0B / 5.84MB,53
2026-07-31 00:13:16,openzen,2.66%,33.01MiB / 30.66GiB,0.11%,0B / 0B,0B / 2.15MB,20
2026-07-31 00:13:16,domain_bridge,0.39%,60.24MiB / 30.66GiB,0.19%,0B / 0B,0B / 5.1MB,28
2026-07-31 00:13:16,realsense,17.57%,95.2MiB / 30.66GiB,0.30%,0B / 0B,0B / 3.29MB,33
2026-07-31 00:13:16,nav2,6.11%,197.5MiB / 30.66GiB,0.63%,0B / 0B,0B / 1.56MB,93
2026-07-31 00:13:19,trav_ros2,102.03%,379.7MiB / 30.66GiB,1.21%,0B / 0B,0B / 2.05MB,44
2026-07-31 00:13:19,foxglove,12.05%,460.7MiB / 30.66GiB,1.47%,0B / 0B,0B / 3.31MB,31
2026-07-31 00:13:19,docker-recorder-run-9b85dfd0d458,0.00%,10.29MiB / 30.66GiB,0.03%,0B / 0B,0B / 9.64MB,1
2026-07-31 00:13:19,glim,83.31%,344.8MiB / 30.66GiB,1.10%,0B / 0B,0B / 11.6MB,35
2026-07-31 00:13:19,ouster,6.90%,120.3MiB / 30.66GiB,0.38%,0B / 0B,0B / 3.01MB,29
2026-07-31 00:13:19,mapir-ffmpeg,28.80%,169.4MiB / 30.66GiB,0.54%,0B / 0B,0B / 1.61MB,33
2026-07-31 00:13:19,scovox,70.27%,346.3MiB / 30.66GiB,1.10%,0B / 0B,0B / 5.84MB,53
2026-07-31 00:13:19,openzen,2.46%,33.01MiB / 30.66GiB,0.11%,0B / 0B,0B / 2.15MB,20
2026-07-31 00:13:19,domain_bridge,0.09%,60.56MiB / 30.66GiB,0.19%,0B / 0B,0B / 5.1MB,28
2026-07-31 00:13:19,realsense,16.91%,94.95MiB / 30.66GiB,0.30%,0B / 0B,0B / 3.29MB,33
2026-07-31 00:13:19,nav2,5.90%,197.2MiB / 30.66GiB,0.63%,0B / 0B,0B / 1.56MB,93
2026-07-31 00:13:22,trav_ros2,99.26%,379.6MiB / 30.66GiB,1.21%,0B / 0B,0B / 2.05MB,44
2026-07-31 00:13:22,foxglove,12.41%,461.1MiB / 30.66GiB,1.47%,0B / 0B,0B / 3.31MB,31
2026-07-31 00:13:22,docker-recorder-run-9b85dfd0d458,0.00%,10.29MiB / 30.66GiB,0.03%,0B / 0B,0B / 9.64MB,1
2026-07-31 00:13:22,glim,82.32%,345.8MiB / 30.66GiB,1.10%,0B / 0B,0B / 11.6MB,35
2026-07-31 00:13:22,ouster,7.13%,120.3MiB / 30.66GiB,0.38%,0B / 0B,0B / 3.01MB,29
2026-07-31 00:13:22,mapir-ffmpeg,28.11%,169.7MiB / 30.66GiB,0.54%,0B / 0B,0B / 1.61MB,33
2026-07-31 00:13:22,scovox,66.23%,346.9MiB / 30.66GiB,1.10%,0B / 0B,0B / 5.84MB,53
2026-07-31 00:13:22,openzen,2.61%,33.52MiB / 30.66GiB,0.11%,0B / 0B,0B / 2.15MB,20
2026-07-31 00:13:22,domain_bridge,0.52%,60.71MiB / 30.66GiB,0.19%,0B / 0B,0B / 5.1MB,28
2026-07-31 00:13:22,realsense,16.81%,94.95MiB / 30.66GiB,0.30%,0B / 0B,0B / 3.29MB,33
2026-07-31 00:13:22,nav2,6.48%,198.8MiB / 30.66GiB,0.63%,0B / 0B,0B / 1.56MB,93
2026-07-31 00:13:25,trav_ros2,100.71%,382MiB / 30.66GiB,1.22%,0B / 0B,0B / 2.05MB,44
2026-07-31 00:13:25,foxglove,11.23%,452.4MiB / 30.66GiB,1.44%,0B / 0B,0B / 3.31MB,31
2026-07-31 00:13:25,docker-recorder-run-9b85dfd0d458,0.00%,10.29MiB / 30.66GiB,0.03%,0B / 0B,0B / 9.64MB,1
2026-07-31 00:13:25,glim,81.01%,344.7MiB / 30.66GiB,1.10%,0B / 0B,0B / 11.6MB,35
2026-07-31 00:13:25,ouster,7.07%,120.3MiB / 30.66GiB,0.38%,0B / 0B,0B / 3.01MB,29
2026-07-31 00:13:25,mapir-ffmpeg,28.19%,169.4MiB / 30.66GiB,0.54%,0B / 0B,0B / 1.61MB,33
2026-07-31 00:13:25,scovox,49.84%,370.3MiB / 30.66GiB,1.18%,0B / 0B,0B / 5.93MB,53
2026-07-31 00:13:25,openzen,2.79%,33.01MiB / 30.66GiB,0.11%,0B / 0B,0B / 2.15MB,20
2026-07-31 00:13:25,domain_bridge,0.38%,61.03MiB / 30.66GiB,0.19%,0B / 0B,0B / 5.1MB,28
2026-07-31 00:13:25,realsense,17.08%,95.2MiB / 30.66GiB,0.30%,0B / 0B,0B / 3.29MB,33
2026-07-31 00:13:25,nav2,5.69%,197.4MiB / 30.66GiB,0.63%,0B / 0B,0B / 1.56MB,93
2026-07-31 00:13:29,trav_ros2,101.31%,380.2MiB / 30.66GiB,1.21%,0B / 0B,0B / 2.07MB,44
2026-07-31 00:13:29,foxglove,12.41%,460.7MiB / 30.66GiB,1.47%,0B / 0B,0B / 3.31MB,31
2026-07-31 00:13:29,docker-recorder-run-9b85dfd0d458,0.00%,10.29MiB / 30.66GiB,0.03%,0B / 0B,0B / 9.64MB,1
2026-07-31 00:13:29,glim,81.34%,344.9MiB / 30.66GiB,1.10%,0B / 0B,0B / 11.6MB,35
2026-07-31 00:13:29,ouster,7.01%,120.1MiB / 30.66GiB,0.38%,0B / 0B,0B / 3.01MB,29
2026-07-31 00:13:29,mapir-ffmpeg,27.81%,169.7MiB / 30.66GiB,0.54%,0B / 0B,0B / 1.61MB,33
2026-07-31 00:13:29,scovox,69.83%,346.4MiB / 30.66GiB,1.10%,0B / 0B,0B / 5.93MB,53
2026-07-31 00:13:29,openzen,2.72%,33.01MiB / 30.66GiB,0.11%,0B / 0B,0B / 2.15MB,20
2026-07-31 00:13:29,domain_bridge,0.05%,60.23MiB / 30.66GiB,0.19%,0B / 0B,0B / 5.1MB,28
2026-07-31 00:13:29,realsense,17.22%,95.2MiB / 30.66GiB,0.30%,0B / 0B,0B / 3.29MB,33
2026-07-31 00:13:29,nav2,6.09%,197.6MiB / 30.66GiB,0.63%,0B / 0B,0B / 1.56MB,93
2026-07-31 00:13:32,trav_ros2,101.22%,380.1MiB / 30.66GiB,1.21%,0B / 0B,0B / 2.07MB,44
2026-07-31 00:13:32,foxglove,11.86%,460.8MiB / 30.66GiB,1.47%,0B / 0B,0B / 3.31MB,31
2026-07-31 00:13:32,docker-recorder-run-9b85dfd0d458,0.00%,10.29MiB / 30.66GiB,0.03%,0B / 0B,0B / 9.64MB,1
2026-07-31 00:13:32,glim,85.03%,344.5MiB / 30.66GiB,1.10%,0B / 0B,0B / 11.6MB,35
2026-07-31 00:13:32,ouster,7.27%,120.1MiB / 30.66GiB,0.38%,0B / 0B,0B / 3.01MB,29
2026-07-31 00:13:32,mapir-ffmpeg,28.03%,169.7MiB / 30.66GiB,0.54%,0B / 0B,0B / 1.61MB,33
2026-07-31 00:13:32,scovox,51.66%,377.8MiB / 30.66GiB,1.20%,0B / 0B,0B / 5.93MB,53
2026-07-31 00:13:32,openzen,2.70%,33.01MiB / 30.66GiB,0.11%,0B / 0B,0B / 2.15MB,20
2026-07-31 00:13:32,domain_bridge,0.28%,60.23MiB / 30.66GiB,0.19%,0B / 0B,0B / 5.1MB,28
2026-07-31 00:13:32,realsense,17.06%,95.45MiB / 30.66GiB,0.30%,0B / 0B,0B / 3.29MB,33
2026-07-31 00:13:32,nav2,6.12%,197MiB / 30.66GiB,0.63%,0B / 0B,0B / 1.56MB,93
2026-07-31 00:13:35,trav_ros2,101.98%,381MiB / 30.66GiB,1.21%,0B / 0B,0B / 2.07MB,44
2026-07-31 00:13:35,foxglove,11.63%,460.9MiB / 30.66GiB,1.47%,0B / 0B,0B / 3.31MB,31
2026-07-31 00:13:35,docker-recorder-run-9b85dfd0d458,0.00%,10.29MiB / 30.66GiB,0.03%,0B / 0B,0B / 9.64MB,1
2026-07-31 00:13:35,glim,82.82%,337.3MiB / 30.66GiB,1.07%,0B / 0B,0B / 11.6MB,35
2026-07-31 00:13:35,ouster,6.97%,120.3MiB / 30.66GiB,0.38%,0B / 0B,0B / 3.01MB,29
2026-07-31 00:13:35,mapir-ffmpeg,27.69%,169.7MiB / 30.66GiB,0.54%,0B / 0B,0B / 1.61MB,33
2026-07-31 00:13:35,scovox,71.79%,346.2MiB / 30.66GiB,1.10%,0B / 0B,0B / 5.93MB,53
2026-07-31 00:13:35,openzen,2.67%,33.01MiB / 30.66GiB,0.11%,0B / 0B,0B / 2.15MB,20
2026-07-31 00:13:35,domain_bridge,0.09%,60.24MiB / 30.66GiB,0.19%,0B / 0B,0B / 5.1MB,28
2026-07-31 00:13:35,realsense,17.32%,94.95MiB / 30.66GiB,0.30%,0B / 0B,0B / 3.29MB,33
2026-07-31 00:13:35,nav2,5.76%,197MiB / 30.66GiB,0.63%,0B / 0B,0B / 1.56MB,93
2026-07-31 00:13:38,trav_ros2,101.90%,439.6MiB / 30.66GiB,1.40%,0B / 0B,0B / 2.07MB,44
2026-07-31 00:13:38,foxglove,11.62%,461MiB / 30.66GiB,1.47%,0B / 0B,0B / 3.31MB,31
2026-07-31 00:13:38,docker-recorder-run-9b85dfd0d458,0.00%,10.29MiB / 30.66GiB,0.03%,0B / 0B,0B / 9.64MB,1
2026-07-31 00:13:38,glim,85.09%,337.7MiB / 30.66GiB,1.08%,0B / 0B,0B / 11.6MB,35
2026-07-31 00:13:38,ouster,7.26%,120.2MiB / 30.66GiB,0.38%,0B / 0B,0B / 3.01MB,29
2026-07-31 00:13:38,mapir-ffmpeg,28.65%,169.7MiB / 30.66GiB,0.54%,0B / 0B,0B / 1.61MB,33
2026-07-31 00:13:38,scovox,59.90%,381.7MiB / 30.66GiB,1.22%,0B / 0B,0B / 5.93MB,53
2026-07-31 00:13:38,openzen,2.89%,33.01MiB / 30.66GiB,0.11%,0B / 0B,0B / 2.15MB,20
2026-07-31 00:13:38,domain_bridge,0.48%,60.28MiB / 30.66GiB,0.19%,0B / 0B,0B / 5.1MB,28
2026-07-31 00:13:38,realsense,16.90%,94.95MiB / 30.66GiB,0.30%,0B / 0B,0B / 3.29MB,33
2026-07-31 00:13:38,nav2,6.22%,197.8MiB / 30.66GiB,0.63%,0B / 0B,0B / 1.56MB,93
2026-07-31 00:13:41,trav_ros2,99.67%,380.7MiB / 30.66GiB,1.21%,0B / 0B,0B / 2.07MB,44
2026-07-31 00:13:41,foxglove,11.13%,453.3MiB / 30.66GiB,1.44%,0B / 0B,0B / 3.31MB,31
2026-07-31 00:13:41,docker-recorder-run-9b85dfd0d458,0.00%,10.29MiB / 30.66GiB,0.03%,0B / 0B,0B / 9.64MB,1
2026-07-31 00:13:41,glim,81.94%,337.7MiB / 30.66GiB,1.08%,0B / 0B,0B / 11.6MB,35
2026-07-31 00:13:41,ouster,6.86%,120.4MiB / 30.66GiB,0.38%,0B / 0B,0B / 3.01MB,29
2026-07-31 00:13:41,mapir-ffmpeg,27.03%,169.4MiB / 30.66GiB,0.54%,0B / 0B,0B / 1.61MB,33
2026-07-31 00:13:41,scovox,53.86%,346.1MiB / 30.66GiB,1.10%,0B / 0B,0B / 5.93MB,53
2026-07-31 00:13:41,openzen,2.67%,33.01MiB / 30.66GiB,0.11%,0B / 0B,0B / 2.15MB,20
2026-07-31 00:13:41,domain_bridge,0.35%,60.51MiB / 30.66GiB,0.19%,0B / 0B,0B / 5.1MB,28
2026-07-31 00:13:41,realsense,16.89%,94.95MiB / 30.66GiB,0.30%,0B / 0B,0B / 3.29MB,33
2026-07-31 00:13:41,nav2,5.60%,197.5MiB / 30.66GiB,0.63%,0B / 0B,0B / 1.56MB,93
2026-07-31 00:13:44,trav_ros2,101.18%,380.2MiB / 30.66GiB,1.21%,0B / 0B,0B / 2.07MB,44
2026-07-31 00:13:44,foxglove,10.96%,453MiB / 30.66GiB,1.44%,0B / 0B,0B / 3.31MB,31
2026-07-31 00:13:44,docker-recorder-run-9b85dfd0d458,0.00%,10.29MiB / 30.66GiB,0.03%,0B / 0B,0B / 9.64MB,1
2026-07-31 00:13:44,glim,81.67%,337.8MiB / 30.66GiB,1.08%,0B / 0B,0B / 11.6MB,35
2026-07-31 00:13:44,ouster,7.52%,120.1MiB / 30.66GiB,0.38%,0B / 0B,0B / 3.01MB,29
2026-07-31 00:13:44,mapir-ffmpeg,28.50%,169.4MiB / 30.66GiB,0.54%,0B / 0B,0B / 1.62MB,33
2026-07-31 00:13:44,scovox,68.16%,345.8MiB / 30.66GiB,1.10%,0B / 0B,0B / 5.93MB,53
2026-07-31 00:13:44,openzen,2.80%,33.01MiB / 30.66GiB,0.11%,0B / 0B,0B / 2.15MB,20
2026-07-31 00:13:44,domain_bridge,0.80%,60.95MiB / 30.66GiB,0.19%,0B / 0B,0B / 5.1MB,28
2026-07-31 00:13:44,realsense,16.65%,94.95MiB / 30.66GiB,0.30%,0B / 0B,0B / 3.29MB,33
2026-07-31 00:13:44,nav2,5.72%,197.6MiB / 30.66GiB,0.63%,0B / 0B,0B / 1.56MB,93
2026-07-31 00:13:48,trav_ros2,101.06%,380.4MiB / 30.66GiB,1.21%,0B / 0B,0B / 2.07MB,44
2026-07-31 00:13:48,foxglove,11.34%,453.2MiB / 30.66GiB,1.44%,0B / 0B,0B / 3.31MB,31
2026-07-31 00:13:48,docker-recorder-run-9b85dfd0d458,0.00%,10.29MiB / 30.66GiB,0.03%,0B / 0B,0B / 9.64MB,1
2026-07-31 00:13:48,glim,81.71%,336.9MiB / 30.66GiB,1.07%,0B / 0B,0B / 11.6MB,35
2026-07-31 00:13:48,ouster,6.94%,120.3MiB / 30.66GiB,0.38%,0B / 0B,0B / 3.01MB,29
2026-07-31 00:13:48,mapir-ffmpeg,28.15%,169.4MiB / 30.66GiB,0.54%,0B / 0B,0B / 1.62MB,33
2026-07-31 00:13:48,scovox,51.75%,375.8MiB / 30.66GiB,1.20%,0B / 0B,0B / 5.93MB,53
2026-07-31 00:13:48,openzen,2.63%,33.01MiB / 30.66GiB,0.11%,0B / 0B,0B / 2.15MB,20
2026-07-31 00:13:48,domain_bridge,0.16%,60.25MiB / 30.66GiB,0.19%,0B / 0B,0B / 5.1MB,28
2026-07-31 00:13:48,realsense,17.19%,94.95MiB / 30.66GiB,0.30%,0B / 0B,0B / 3.29MB,33
2026-07-31 00:13:48,nav2,6.39%,197.9MiB / 30.66GiB,0.63%,0B / 0B,0B / 1.58MB,93
2026-07-31 00:13:51,trav_ros2,101.89%,379.8MiB / 30.66GiB,1.21%,0B / 0B,0B / 2.07MB,44
2026-07-31 00:13:51,foxglove,12.60%,460.8MiB / 30.66GiB,1.47%,0B / 0B,0B / 3.31MB,31
2026-07-31 00:13:51,docker-recorder-run-9b85dfd0d458,0.00%,10.29MiB / 30.66GiB,0.03%,0B / 0B,0B / 9.64MB,1
2026-07-31 00:13:51,glim,79.74%,337.3MiB / 30.66GiB,1.07%,0B / 0B,0B / 11.6MB,35
2026-07-31 00:13:51,ouster,7.08%,120.2MiB / 30.66GiB,0.38%,0B / 0B,0B / 3.01MB,29
2026-07-31 00:13:51,mapir-ffmpeg,28.61%,169.4MiB / 30.66GiB,0.54%,0B / 0B,0B / 1.62MB,33
2026-07-31 00:13:51,scovox,73.16%,346.3MiB / 30.66GiB,1.10%,0B / 0B,0B / 5.94MB,53
2026-07-31 00:13:51,openzen,2.86%,33.01MiB / 30.66GiB,0.11%,0B / 0B,0B / 2.15MB,20
2026-07-31 00:13:51,domain_bridge,0.11%,60.34MiB / 30.66GiB,0.19%,0B / 0B,0B / 5.1MB,28
2026-07-31 00:13:51,realsense,17.23%,95.2MiB / 30.66GiB,0.30%,0B / 0B,0B / 3.29MB,33
2026-07-31 00:13:51,nav2,6.06%,197.7MiB / 30.66GiB,0.63%,0B / 0B,0B / 1.58MB,93
2026-07-31 00:13:54,trav_ros2,101.85%,379.6MiB / 30.66GiB,1.21%,0B / 0B,0B / 2.07MB,44
2026-07-31 00:13:54,foxglove,11.60%,461MiB / 30.66GiB,1.47%,0B / 0B,0B / 3.31MB,31
2026-07-31 00:13:54,docker-recorder-run-9b85dfd0d458,0.00%,10.29MiB / 30.66GiB,0.03%,0B / 0B,0B / 9.64MB,1
2026-07-31 00:13:54,glim,87.25%,337MiB / 30.66GiB,1.07%,0B / 0B,0B / 11.6MB,35
2026-07-31 00:13:54,ouster,7.36%,120.3MiB / 30.66GiB,0.38%,0B / 0B,0B / 3.01MB,29
2026-07-31 00:13:54,mapir-ffmpeg,28.50%,169.4MiB / 30.66GiB,0.54%,0B / 0B,0B / 1.62MB,33
2026-07-31 00:13:54,scovox,54.66%,381.1MiB / 30.66GiB,1.21%,0B / 0B,0B / 5.94MB,53
2026-07-31 00:13:54,openzen,2.96%,33.25MiB / 30.66GiB,0.11%,0B / 0B,0B / 2.15MB,20
2026-07-31 00:13:54,domain_bridge,0.48%,60.28MiB / 30.66GiB,0.19%,0B / 0B,0B / 5.1MB,28
2026-07-31 00:13:54,realsense,17.81%,94.95MiB / 30.66GiB,0.30%,0B / 0B,0B / 3.29MB,33
2026-07-31 00:13:54,nav2,6.55%,199.7MiB / 30.66GiB,0.64%,0B / 0B,0B / 1.58MB,93
2026-07-31 00:13:57,trav_ros2,101.09%,381.1MiB / 30.66GiB,1.21%,0B / 0B,0B / 2.08MB,44
2026-07-31 00:13:57,foxglove,11.22%,461.2MiB / 30.66GiB,1.47%,0B / 0B,0B / 3.31MB,31
2026-07-31 00:13:57,docker-recorder-run-9b85dfd0d458,0.00%,10.29MiB / 30.66GiB,0.03%,0B / 0B,0B / 9.64MB,1
2026-07-31 00:13:57,glim,86.98%,337.5MiB / 30.66GiB,1.07%,0B / 0B,0B / 11.6MB,35
2026-07-31 00:13:57,ouster,6.99%,120.4MiB / 30.66GiB,0.38%,0B / 0B,0B / 3.01MB,29
2026-07-31 00:13:57,mapir-ffmpeg,27.94%,170.2MiB / 30.66GiB,0.54%,0B / 0B,0B / 1.62MB,33
2026-07-31 00:13:57,scovox,56.78%,346.5MiB / 30.66GiB,1.10%,0B / 0B,0B / 5.94MB,53
2026-07-31 00:13:57,openzen,2.60%,33.26MiB / 30.66GiB,0.11%,0B / 0B,0B / 2.15MB,20
2026-07-31 00:13:57,domain_bridge,0.45%,60.84MiB / 30.66GiB,0.19%,0B / 0B,0B / 5.1MB,28
2026-07-31 00:13:57,realsense,16.86%,95.2MiB / 30.66GiB,0.30%,0B / 0B,0B / 3.29MB,33
2026-07-31 00:13:57,nav2,5.54%,197.7MiB / 30.66GiB,0.63%,0B / 0B,0B / 1.58MB,93
2026-07-31 00:14:00,trav_ros2,101.17%,402.8MiB / 30.66GiB,1.28%,0B / 0B,0B / 2.08MB,44
2026-07-31 00:14:00,foxglove,11.97%,453.2MiB / 30.66GiB,1.44%,0B / 0B,0B / 3.31MB,31
2026-07-31 00:14:00,docker-recorder-run-9b85dfd0d458,0.00%,10.29MiB / 30.66GiB,0.03%,0B / 0B,0B / 9.64MB,1
2026-07-31 00:14:00,glim,86.04%,337.3MiB / 30.66GiB,1.07%,0B / 0B,0B / 11.6MB,35
2026-07-31 00:14:00,ouster,7.01%,120.5MiB / 30.66GiB,0.38%,0B / 0B,0B / 3.01MB,29
2026-07-31 00:14:00,mapir-ffmpeg,28.51%,169.4MiB / 30.66GiB,0.54%,0B / 0B,0B / 1.62MB,33
2026-07-31 00:14:00,scovox,71.19%,345.8MiB / 30.66GiB,1.10%,0B / 0B,0B / 6.03MB,53
2026-07-31 00:14:00,openzen,2.69%,33.01MiB / 30.66GiB,0.11%,0B / 0B,0B / 2.15MB,20
2026-07-31 00:14:00,domain_bridge,0.77%,61.07MiB / 30.66GiB,0.19%,0B / 0B,0B / 5.1MB,28
2026-07-31 00:14:00,realsense,17.48%,94.95MiB / 30.66GiB,0.30%,0B / 0B,0B / 3.29MB,33
2026-07-31 00:14:00,nav2,5.63%,197.5MiB / 30.66GiB,0.63%,0B / 0B,0B / 1.58MB,93
2026-07-31 00:14:03,trav_ros2,101.46%,380.8MiB / 30.66GiB,1.21%,0B / 0B,0B / 2.08MB,44
2026-07-31 00:14:03,foxglove,11.30%,452.6MiB / 30.66GiB,1.44%,0B / 0B,0B / 3.31MB,31
2026-07-31 00:14:03,docker-recorder-run-9b85dfd0d458,0.00%,10.29MiB / 30.66GiB,0.03%,0B / 0B,0B / 9.64MB,1
2026-07-31 00:14:03,glim,82.60%,336.9MiB / 30.66GiB,1.07%,0B / 0B,0B / 11.6MB,35
2026-07-31 00:14:03,ouster,6.86%,120.4MiB / 30.66GiB,0.38%,0B / 0B,0B / 3.01MB,29
2026-07-31 00:14:03,mapir-ffmpeg,28.79%,169.7MiB / 30.66GiB,0.54%,0B / 0B,0B / 1.62MB,33
2026-07-31 00:14:03,scovox,52.20%,372.4MiB / 30.66GiB,1.19%,0B / 0B,0B / 6.03MB,53
2026-07-31 00:14:03,openzen,2.38%,33.01MiB / 30.66GiB,0.11%,0B / 0B,0B / 2.15MB,20
2026-07-31 00:14:03,domain_bridge,0.09%,60.5MiB / 30.66GiB,0.19%,0B / 0B,0B / 5.1MB,28
2026-07-31 00:14:03,realsense,17.29%,94.95MiB / 30.66GiB,0.30%,0B / 0B,0B / 3.29MB,33
2026-07-31 00:14:03,nav2,7.14%,199.5MiB / 30.66GiB,0.64%,0B / 0B,0B / 1.58MB,93
2026-07-31 00:14:07,trav_ros2,101.71%,380.3MiB / 30.66GiB,1.21%,0B / 0B,0B / 2.08MB,44
2026-07-31 00:14:07,foxglove,11.96%,461.3MiB / 30.66GiB,1.47%,0B / 0B,0B / 3.31MB,31
2026-07-31 00:14:07,docker-recorder-run-9b85dfd0d458,0.00%,10.29MiB / 30.66GiB,0.03%,0B / 0B,0B / 9.64MB,1
2026-07-31 00:14:07,glim,85.82%,337.3MiB / 30.66GiB,1.07%,0B / 0B,0B / 11.6MB,35
2026-07-31 00:14:07,ouster,6.95%,120.3MiB / 30.66GiB,0.38%,0B / 0B,0B / 3.01MB,29
2026-07-31 00:14:07,mapir-ffmpeg,27.86%,169.4MiB / 30.66GiB,0.54%,0B / 0B,0B / 1.62MB,33
2026-07-31 00:14:07,scovox,72.73%,346.1MiB / 30.66GiB,1.10%,0B / 0B,0B / 6.03MB,53
2026-07-31 00:14:07,openzen,2.45%,33.26MiB / 30.66GiB,0.11%,0B / 0B,0B / 2.15MB,20
2026-07-31 00:14:07,domain_bridge,0.10%,60.12MiB / 30.66GiB,0.19%,0B / 0B,0B / 5.1MB,28
2026-07-31 00:14:07,realsense,16.79%,95.2MiB / 30.66GiB,0.30%,0B / 0B,0B / 3.29MB,33
2026-07-31 00:14:07,nav2,5.80%,197.6MiB / 30.66GiB,0.63%,0B / 0B,0B / 1.58MB,93
2026-07-31 00:14:10,trav_ros2,102.53%,380.5MiB / 30.66GiB,1.21%,0B / 0B,0B / 2.11MB,44
2026-07-31 00:14:10,foxglove,13.16%,461.9MiB / 30.66GiB,1.47%,0B / 0B,0B / 3.31MB,31
2026-07-31 00:14:10,glim,85.55%,337.2MiB / 30.66GiB,1.07%,0B / 0B,0B / 11.6MB,35
2026-07-31 00:14:10,ouster,7.66%,120.7MiB / 30.66GiB,0.38%,0B / 0B,0B / 3.01MB,29
2026-07-31 00:14:10,scovox,52.60%,379.7MiB / 30.66GiB,1.21%,0B / 0B,0B / 6.08MB,53
2026-07-31 00:14:10,openzen,2.87%,33.2MiB / 30.66GiB,0.11%,0B / 0B,0B / 2.15MB,20
2026-07-31 00:14:10,domain_bridge,0.61%,60.46MiB / 30.66GiB,0.19%,0B / 0B,0B / 5.1MB,28
2026-07-31 00:14:10,nav2,7.52%,200.4MiB / 30.66GiB,0.64%,0B / 0B,0B / 1.59MB,93
2026-07-31 00:14:13,trav_ros2,101.63%,380.7MiB / 30.66GiB,1.21%,0B / 0B,0B / 2.11MB,44
2026-07-31 00:14:13,foxglove,13.26%,461.9MiB / 30.66GiB,1.47%,0B / 0B,0B / 3.31MB,31
2026-07-31 00:14:13,glim,89.78%,337.6MiB / 30.66GiB,1.08%,0B / 0B,0B / 11.6MB,35
2026-07-31 00:14:13,ouster,8.05%,120.7MiB / 30.66GiB,0.38%,0B / 0B,0B / 3.01MB,29
2026-07-31 00:14:13,scovox,68.82%,347.7MiB / 30.66GiB,1.11%,0B / 0B,0B / 6.08MB,53
2026-07-31 00:14:13,openzen,2.83%,33.44MiB / 30.66GiB,0.11%,0B / 0B,0B / 2.15MB,20
2026-07-31 00:14:13,domain_bridge,1.20%,60.7MiB / 30.66GiB,0.19%,0B / 0B,0B / 5.1MB,28
2026-07-31 00:14:13,nav2,7.72%,199.9MiB / 30.66GiB,0.64%,0B / 0B,0B / 1.59MB,93
2026-07-31 00:14:16,trav_ros2,100.73%,381.4MiB / 30.66GiB,1.21%,0B / 0B,0B / 2.11MB,44
2026-07-31 00:14:16,foxglove,11.51%,461.6MiB / 30.66GiB,1.47%,0B / 0B,0B / 3.31MB,31
2026-07-31 00:14:16,glim,80.09%,338MiB / 30.66GiB,1.08%,0B / 0B,0B / 11.6MB,35
2026-07-31 00:14:16,ouster,7.77%,121MiB / 30.66GiB,0.39%,0B / 0B,0B / 3.01MB,29
2026-07-31 00:14:16,scovox,64.50%,382.6MiB / 30.66GiB,1.22%,0B / 0B,0B / 6.08MB,53
2026-07-31 00:14:16,openzen,2.39%,33.68MiB / 30.66GiB,0.11%,0B / 0B,0B / 2.15MB,20
2026-07-31 00:14:16,domain_bridge,0.62%,60.82MiB / 30.66GiB,0.19%,0B / 0B,0B / 5.1MB,28
2026-07-31 00:14:16,nav2,6.14%,192.6MiB / 30.66GiB,0.61%,0B / 0B,0B / 1.59MB,93
2026-07-31 00:14:19,trav_ros2,101.54%,380.8MiB / 30.66GiB,1.21%,0B / 0B,0B / 2.11MB,44
2026-07-31 00:14:19,foxglove,12.66%,461.1MiB / 30.66GiB,1.47%,0B / 0B,0B / 3.31MB,31
2026-07-31 00:14:19,glim,86.09%,337.2MiB / 30.66GiB,1.07%,0B / 0B,0B / 11.6MB,35
2026-07-31 00:14:19,ouster,7.23%,121.1MiB / 30.66GiB,0.39%,0B / 0B,0B / 3.01MB,29
2026-07-31 00:14:19,scovox,52.39%,347.4MiB / 30.66GiB,1.11%,0B / 0B,0B / 6.08MB,53
2026-07-31 00:14:19,openzen,2.24%,33.25MiB / 30.66GiB,0.11%,0B / 0B,0B / 2.15MB,20
2026-07-31 00:14:19,domain_bridge,0.13%,61.56MiB / 30.66GiB,0.20%,0B / 0B,0B / 5.1MB,28
2026-07-31 00:14:19,nav2,6.50%,199.7MiB / 30.66GiB,0.64%,0B / 0B,0B / 1.59MB,93
2026-07-31 00:14:39,ouster,66.77%,110MiB / 30.66GiB,0.35%,0B / 0B,0B / 1.39MB,29
2026-07-31 00:14:39,domain_bridge,202.88%,42.61MiB / 30.66GiB,0.14%,0B / 0B,0B / 102kB,12
2026-07-31 00:14:39,realsense,129.59%,44.59MiB / 30.66GiB,0.14%,0B / 0B,0B / 242kB,7
2026-07-31 00:14:39,mapir-ffmpeg,81.83%,124.5MiB / 30.66GiB,0.40%,0B / 0B,0B / 864kB,32
2026-07-31 00:14:39,scovox,108.80%,37.83MiB / 30.66GiB,0.12%,0B / 0B,0B / 700kB,5
2026-07-31 00:14:39,openzen,2.78%,31.35MiB / 30.66GiB,0.10%,0B / 0B,0B / 2.14MB,19
2026-07-31 00:14:39,nav2,26.07%,113.2MiB / 30.66GiB,0.36%,0B / 0B,1.67MB / 1.13MB,90
2026-07-31 00:14:39,glim,120.66%,40.43MiB / 30.66GiB,0.13%,0B / 0B,0B / 49.2kB,5
2026-07-31 00:14:41,docker-recorder-run-dfb44aee8c91,97.94%,70.34MiB / 30.66GiB,0.22%,0B / 0B,0B / 0B,19
2026-07-31 00:14:41,glim,43.52%,88.65MiB / 30.66GiB,0.28%,0B / 0B,0B / 11MB,20
2026-07-31 00:14:41,ouster,6.97%,116.3MiB / 30.66GiB,0.37%,0B / 0B,0B / 3.01MB,29
2026-07-31 00:14:41,domain_bridge,105.08%,42.37MiB / 30.66GiB,0.13%,0B / 0B,0B / 709kB,7
2026-07-31 00:14:41,realsense,16.82%,91.99MiB / 30.66GiB,0.29%,0B / 0B,0B / 2.31MB,33
2026-07-31 00:14:41,mapir-ffmpeg,28.54%,166.9MiB / 30.66GiB,0.53%,0B / 0B,0B / 1.3MB,33
2026-07-31 00:14:41,scovox,6.79%,151.5MiB / 30.66GiB,0.48%,0B / 0B,0B / 1.88MB,53
2026-07-31 00:14:41,openzen,3.40%,32.27MiB / 30.66GiB,0.10%,0B / 0B,0B / 2.14MB,20
2026-07-31 00:14:41,nav2,3.69%,119.4MiB / 30.66GiB,0.38%,0B / 0B,1.67MB / 1.13MB,90
2026-07-31 00:14:45,docker-recorder-run-dfb44aee8c91,102.62%,42.55MiB / 30.66GiB,0.14%,0B / 0B,0B / 0B,11
2026-07-31 00:14:45,glim,84.85%,162.8MiB / 30.66GiB,0.52%,0B / 0B,0B / 11MB,35
2026-07-31 00:14:45,ouster,7.50%,116.9MiB / 30.66GiB,0.37%,0B / 0B,0B / 3.01MB,29
2026-07-31 00:14:45,domain_bridge,103.02%,40.75MiB / 30.66GiB,0.13%,0B / 0B,0B / 770kB,6
2026-07-31 00:14:45,realsense,17.37%,91.52MiB / 30.66GiB,0.29%,0B / 0B,0B / 2.31MB,33
2026-07-31 00:14:45,mapir-ffmpeg,28.55%,166.5MiB / 30.66GiB,0.53%,0B / 0B,0B / 1.3MB,33
2026-07-31 00:14:45,scovox,8.50%,137.9MiB / 30.66GiB,0.44%,0B / 0B,0B / 1.88MB,53
2026-07-31 00:14:45,openzen,3.61%,32.23MiB / 30.66GiB,0.10%,0B / 0B,0B / 2.14MB,20
2026-07-31 00:14:45,nav2,5.56%,122MiB / 30.66GiB,0.39%,0B / 0B,1.67MB / 1.13MB,93
2026-07-31 00:14:48,docker-recorder-run-dfb44aee8c91,125.87%,49.24MiB / 30.66GiB,0.16%,0B / 0B,0B / 61.4kB,15
2026-07-31 00:14:48,glim,80.61%,262.8MiB / 30.66GiB,0.84%,0B / 0B,0B / 11MB,35
2026-07-31 00:14:48,ouster,7.03%,115.1MiB / 30.66GiB,0.37%,0B / 0B,0B / 3.01MB,29
2026-07-31 00:14:48,domain_bridge,78.75%,55.25MiB / 30.66GiB,0.18%,0B / 0B,0B / 836kB,8
2026-07-31 00:14:48,realsense,17.28%,91.52MiB / 30.66GiB,0.29%,0B / 0B,0B / 2.31MB,33
2026-07-31 00:14:48,mapir-ffmpeg,28.70%,164.8MiB / 30.66GiB,0.52%,0B / 0B,0B / 1.3MB,33
2026-07-31 00:14:48,scovox,68.15%,193.8MiB / 30.66GiB,0.62%,0B / 0B,0B / 1.88MB,53
2026-07-31 00:14:48,openzen,3.29%,32.11MiB / 30.66GiB,0.10%,0B / 0B,0B / 2.14MB,20
2026-07-31 00:14:48,nav2,4.12%,119.1MiB / 30.66GiB,0.38%,0B / 0B,1.67MB / 1.13MB,93
2026-07-31 00:14:51,docker-recorder-run-dfb44aee8c91,113.54%,42.8MiB / 30.66GiB,0.14%,0B / 0B,0B / 61.4kB,11
2026-07-31 00:14:51,glim,78.50%,271MiB / 30.66GiB,0.86%,0B / 0B,0B / 11MB,35
2026-07-31 00:14:51,ouster,6.80%,115.1MiB / 30.66GiB,0.37%,0B / 0B,0B / 3.01MB,29
2026-07-31 00:14:51,domain_bridge,88.44%,28.56MiB / 30.66GiB,0.09%,0B / 0B,0B / 872kB,4
2026-07-31 00:14:51,realsense,16.93%,91.26MiB / 30.66GiB,0.29%,0B / 0B,0B / 2.31MB,33
2026-07-31 00:14:51,mapir-ffmpeg,28.00%,164.4MiB / 30.66GiB,0.52%,0B / 0B,0B / 1.3MB,33
2026-07-31 00:14:51,scovox,52.70%,230.6MiB / 30.66GiB,0.73%,0B / 0B,0B / 1.88MB,53
2026-07-31 00:14:51,openzen,3.08%,31.14MiB / 30.66GiB,0.10%,0B / 0B,0B / 2.14MB,20
2026-07-31 00:14:51,nav2,3.44%,119.4MiB / 30.66GiB,0.38%,0B / 0B,1.67MB / 1.13MB,93
2026-07-31 00:14:54,docker-recorder-run-dfb44aee8c91,191.21%,41.86MiB / 30.66GiB,0.13%,0B / 0B,0B / 184kB,9
2026-07-31 00:14:54,glim,80.38%,274.8MiB / 30.66GiB,0.88%,0B / 0B,0B / 11MB,35
2026-07-31 00:14:54,ouster,7.31%,115.1MiB / 30.66GiB,0.37%,0B / 0B,0B / 3.01MB,29
2026-07-31 00:14:54,domain_bridge,0.96%,49.07MiB / 30.66GiB,0.16%,0B / 0B,0B / 872kB,28
2026-07-31 00:14:54,realsense,17.27%,90.73MiB / 30.66GiB,0.29%,0B / 0B,0B / 2.31MB,33
2026-07-31 00:14:54,mapir-ffmpeg,28.41%,165.3MiB / 30.66GiB,0.53%,0B / 0B,0B / 1.3MB,33
2026-07-31 00:14:54,scovox,73.56%,234.9MiB / 30.66GiB,0.75%,0B / 0B,0B / 1.88MB,53
2026-07-31 00:14:54,openzen,3.55%,31.44MiB / 30.66GiB,0.10%,0B / 0B,0B / 2.14MB,20
2026-07-31 00:14:54,nav2,4.34%,117.3MiB / 30.66GiB,0.37%,0B / 0B,1.67MB / 1.13MB,93
2026-07-31 00:14:57,docker-recorder-run-dfb44aee8c91,0.00%,10.51MiB / 30.66GiB,0.03%,0B / 0B,0B / 233kB,2
2026-07-31 00:14:57,glim,77.23%,279.7MiB / 30.66GiB,0.89%,0B / 0B,0B / 11MB,35
2026-07-31 00:14:57,ouster,6.51%,115.3MiB / 30.66GiB,0.37%,0B / 0B,0B / 3.01MB,29
2026-07-31 00:14:57,domain_bridge,0.06%,47.38MiB / 30.66GiB,0.15%,0B / 0B,0B / 872kB,28
2026-07-31 00:14:57,realsense,16.58%,90.75MiB / 30.66GiB,0.29%,0B / 0B,0B / 2.31MB,33
2026-07-31 00:14:57,mapir-ffmpeg,27.88%,165.3MiB / 30.66GiB,0.53%,0B / 0B,0B / 1.3MB,33
2026-07-31 00:14:57,scovox,48.99%,270.9MiB / 30.66GiB,0.86%,0B / 0B,0B / 1.88MB,53
2026-07-31 00:14:57,openzen,3.14%,31.47MiB / 30.66GiB,0.10%,0B / 0B,0B / 2.14MB,20
2026-07-31 00:14:57,nav2,3.33%,117MiB / 30.66GiB,0.37%,0B / 0B,1.67MB / 1.13MB,93
2026-07-31 00:15:00,docker-recorder-run-dfb44aee8c91,0.00%,10.51MiB / 30.66GiB,0.03%,0B / 0B,0B / 233kB,2
2026-07-31 00:15:00,glim,74.79%,283.5MiB / 30.66GiB,0.90%,0B / 0B,0B / 11MB,35
2026-07-31 00:15:00,ouster,6.66%,115.1MiB / 30.66GiB,0.37%,0B / 0B,0B / 3.01MB,29
2026-07-31 00:15:00,domain_bridge,1.20%,48.88MiB / 30.66GiB,0.16%,0B / 0B,0B / 872kB,28
2026-07-31 00:15:00,realsense,16.95%,91.01MiB / 30.66GiB,0.29%,0B / 0B,0B / 2.31MB,33
2026-07-31 00:15:00,mapir-ffmpeg,27.66%,164.9MiB / 30.66GiB,0.53%,0B / 0B,0B / 1.3MB,33
2026-07-31 00:15:00,scovox,50.72%,272.8MiB / 30.66GiB,0.87%,0B / 0B,0B / 1.88MB,53
2026-07-31 00:15:00,openzen,3.21%,31.49MiB / 30.66GiB,0.10%,0B / 0B,0B / 2.14MB,20
2026-07-31 00:15:00,nav2,3.11%,117.3MiB / 30.66GiB,0.37%,0B / 0B,1.67MB / 1.13MB,93
2026-07-31 00:15:03,docker-recorder-run-dfb44aee8c91,0.00%,10.5MiB / 30.66GiB,0.03%,0B / 0B,0B / 233kB,2
2026-07-31 00:15:03,glim,77.64%,282.6MiB / 30.66GiB,0.90%,0B / 0B,0B / 11MB,35
2026-07-31 00:15:03,ouster,6.61%,115.7MiB / 30.66GiB,0.37%,0B / 0B,0B / 3.01MB,29
2026-07-31 00:15:03,domain_bridge,0.13%,48.58MiB / 30.66GiB,0.15%,0B / 0B,0B / 872kB,28
2026-07-31 00:15:03,realsense,17.02%,90.8MiB / 30.66GiB,0.29%,0B / 0B,0B / 2.31MB,33
2026-07-31 00:15:03,mapir-ffmpeg,27.47%,164.9MiB / 30.66GiB,0.53%,0B / 0B,0B / 1.3MB,33
2026-07-31 00:15:03,scovox,49.78%,273.7MiB / 30.66GiB,0.87%,0B / 0B,0B / 1.88MB,53
2026-07-31 00:15:03,openzen,3.10%,31.28MiB / 30.66GiB,0.10%,0B / 0B,0B / 2.14MB,20
2026-07-31 00:15:03,nav2,3.34%,118.6MiB / 30.66GiB,0.38%,0B / 0B,1.67MB / 1.13MB,93
2026-07-31 00:15:06,docker-recorder-run-dfb44aee8c91,0.00%,10.3MiB / 30.66GiB,0.03%,0B / 0B,0B / 9.45MB,1
2026-07-31 00:15:06,glim,79.47%,282.7MiB / 30.66GiB,0.90%,0B / 0B,0B / 11.6MB,35
2026-07-31 00:15:06,ouster,6.17%,115.6MiB / 30.66GiB,0.37%,0B / 0B,0B / 3.02MB,29
2026-07-31 00:15:06,domain_bridge,0.24%,50.64MiB / 30.66GiB,0.16%,0B / 0B,0B / 5.01MB,28
2026-07-31 00:15:06,realsense,17.16%,90.82MiB / 30.66GiB,0.29%,0B / 0B,0B / 3.31MB,33
2026-07-31 00:15:06,mapir-ffmpeg,28.28%,164.7MiB / 30.66GiB,0.52%,0B / 0B,0B / 1.31MB,33
2026-07-31 00:15:06,scovox,75.87%,241.5MiB / 30.66GiB,0.77%,0B / 0B,0B / 3.53MB,53
2026-07-31 00:15:06,openzen,3.06%,31.29MiB / 30.66GiB,0.10%,0B / 0B,0B / 2.15MB,20
2026-07-31 00:15:06,nav2,3.92%,117.7MiB / 30.66GiB,0.37%,0B / 0B,1.67MB / 1.17MB,93
2026-07-31 00:15:06,foxglove,101.92%,36.96MiB / 30.66GiB,0.12%,0B / 0B,0B / 4.1kB,4
2026-07-31 00:15:10,foxglove,101.95%,547.5MiB / 30.66GiB,1.74%,0B / 0B,0B / 127kB,31
2026-07-31 00:15:10,docker-recorder-run-dfb44aee8c91,0.00%,10.3MiB / 30.66GiB,0.03%,0B / 0B,0B / 9.45MB,1
2026-07-31 00:15:10,glim,74.44%,285.3MiB / 30.66GiB,0.91%,0B / 0B,0B / 11.6MB,35
2026-07-31 00:15:10,ouster,6.82%,116.1MiB / 30.66GiB,0.37%,0B / 0B,0B / 3.02MB,29
2026-07-31 00:15:10,domain_bridge,0.50%,50.86MiB / 30.66GiB,0.16%,0B / 0B,0B / 5.01MB,28
2026-07-31 00:15:10,realsense,17.69%,91.06MiB / 30.66GiB,0.29%,0B / 0B,0B / 3.31MB,33
2026-07-31 00:15:10,mapir-ffmpeg,28.94%,165.7MiB / 30.66GiB,0.53%,0B / 0B,0B / 1.31MB,33
2026-07-31 00:15:10,scovox,59.14%,276.8MiB / 30.66GiB,0.88%,0B / 0B,0B / 3.53MB,53
2026-07-31 00:15:10,openzen,3.36%,31.5MiB / 30.66GiB,0.10%,0B / 0B,0B / 2.15MB,20
2026-07-31 00:15:10,nav2,4.24%,120.2MiB / 30.66GiB,0.38%,0B / 0B,1.67MB / 1.17MB,93
2026-07-31 00:15:13,foxglove,11.78%,435.8MiB / 30.66GiB,1.39%,0B / 0B,0B / 127kB,31
2026-07-31 00:15:13,docker-recorder-run-dfb44aee8c91,0.00%,10.3MiB / 30.66GiB,0.03%,0B / 0B,0B / 9.45MB,1
2026-07-31 00:15:13,glim,76.40%,295.5MiB / 30.66GiB,0.94%,0B / 0B,0B / 11.6MB,35
2026-07-31 00:15:13,ouster,6.56%,115.8MiB / 30.66GiB,0.37%,0B / 0B,0B / 3.02MB,29
2026-07-31 00:15:13,domain_bridge,0.04%,50.44MiB / 30.66GiB,0.16%,0B / 0B,0B / 5.01MB,28
2026-07-31 00:15:13,realsense,17.37%,90.84MiB / 30.66GiB,0.29%,0B / 0B,0B / 3.31MB,33
2026-07-31 00:15:13,mapir-ffmpeg,28.99%,165.7MiB / 30.66GiB,0.53%,0B / 0B,0B / 1.31MB,33
2026-07-31 00:15:13,scovox,54.98%,243.7MiB / 30.66GiB,0.78%,0B / 0B,0B / 3.53MB,53
2026-07-31 00:15:13,openzen,3.24%,31.77MiB / 30.66GiB,0.10%,0B / 0B,0B / 2.15MB,20
2026-07-31 00:15:13,nav2,3.66%,119MiB / 30.66GiB,0.38%,0B / 0B,1.67MB / 1.17MB,93
2026-07-31 00:15:16,foxglove,12.33%,435.8MiB / 30.66GiB,1.39%,0B / 0B,0B / 127kB,31
2026-07-31 00:15:16,docker-recorder-run-dfb44aee8c91,0.00%,10.3MiB / 30.66GiB,0.03%,0B / 0B,0B / 9.45MB,1
2026-07-31 00:15:16,glim,79.31%,295.6MiB / 30.66GiB,0.94%,0B / 0B,0B / 11.6MB,35
2026-07-31 00:15:16,ouster,7.00%,115.8MiB / 30.66GiB,0.37%,0B / 0B,0B / 3.02MB,29
2026-07-31 00:15:16,domain_bridge,0.86%,51.46MiB / 30.66GiB,0.16%,0B / 0B,0B / 5.01MB,28
2026-07-31 00:15:16,realsense,17.80%,90.86MiB / 30.66GiB,0.29%,0B / 0B,0B / 3.31MB,33
2026-07-31 00:15:16,mapir-ffmpeg,28.74%,165.2MiB / 30.66GiB,0.53%,0B / 0B,0B / 1.31MB,33
2026-07-31 00:15:16,scovox,73.15%,242.9MiB / 30.66GiB,0.77%,0B / 0B,0B / 3.53MB,53
2026-07-31 00:15:16,openzen,3.29%,31.54MiB / 30.66GiB,0.10%,0B / 0B,0B / 2.15MB,20
2026-07-31 00:15:16,nav2,4.14%,119.5MiB / 30.66GiB,0.38%,0B / 0B,1.67MB / 1.17MB,93
2026-07-31 00:15:19,foxglove,12.03%,436.3MiB / 30.66GiB,1.39%,0B / 0B,0B / 127kB,31
2026-07-31 00:15:19,docker-recorder-run-dfb44aee8c91,0.00%,10.3MiB / 30.66GiB,0.03%,0B / 0B,0B / 9.45MB,1
2026-07-31 00:15:19,glim,77.67%,285MiB / 30.66GiB,0.91%,0B / 0B,0B / 11.6MB,35
2026-07-31 00:15:19,ouster,7.49%,116.4MiB / 30.66GiB,0.37%,0B / 0B,0B / 3.02MB,29
2026-07-31 00:15:19,domain_bridge,0.14%,50.64MiB / 30.66GiB,0.16%,0B / 0B,0B / 5.01MB,28
2026-07-31 00:15:19,realsense,17.72%,91.15MiB / 30.66GiB,0.29%,0B / 0B,0B / 3.31MB,33
2026-07-31 00:15:19,mapir-ffmpeg,29.22%,165.3MiB / 30.66GiB,0.53%,0B / 0B,0B / 1.31MB,33
2026-07-31 00:15:19,scovox,52.76%,270.4MiB / 30.66GiB,0.86%,0B / 0B,0B / 3.53MB,53
2026-07-31 00:15:19,openzen,3.44%,32.07MiB / 30.66GiB,0.10%,0B / 0B,0B / 2.15MB,20
2026-07-31 00:15:19,nav2,3.85%,120.3MiB / 30.66GiB,0.38%,0B / 0B,1.67MB / 1.17MB,93
2026-07-31 00:15:22,foxglove,11.35%,435.8MiB / 30.66GiB,1.39%,0B / 0B,0B / 127kB,31
2026-07-31 00:15:22,docker-recorder-run-dfb44aee8c91,0.00%,10.3MiB / 30.66GiB,0.03%,0B / 0B,0B / 9.45MB,1
2026-07-31 00:15:22,glim,74.09%,288.2MiB / 30.66GiB,0.92%,0B / 0B,0B / 11.6MB,35
2026-07-31 00:15:22,ouster,6.52%,116.1MiB / 30.66GiB,0.37%,0B / 0B,0B / 3.02MB,29
2026-07-31 00:15:22,domain_bridge,0.17%,50.61MiB / 30.66GiB,0.16%,0B / 0B,0B / 5.01MB,28
2026-07-31 00:15:22,realsense,17.03%,90.91MiB / 30.66GiB,0.29%,0B / 0B,0B / 3.31MB,33
2026-07-31 00:15:22,mapir-ffmpeg,29.25%,165.4MiB / 30.66GiB,0.53%,0B / 0B,0B / 1.31MB,33
2026-07-31 00:15:22,scovox,70.67%,242.7MiB / 30.66GiB,0.77%,0B / 0B,0B / 3.53MB,53
2026-07-31 00:15:22,openzen,3.26%,31.59MiB / 30.66GiB,0.10%,0B / 0B,0B / 2.15MB,20
2026-07-31 00:15:22,nav2,3.68%,119.6MiB / 30.66GiB,0.38%,0B / 0B,1.67MB / 1.17MB,93
2026-07-31 00:15:25,trav_ros2,57.29%,92.93MiB / 30.66GiB,0.30%,0B / 0B,0B / 98.3kB,31
2026-07-31 00:15:25,foxglove,11.78%,436.2MiB / 30.66GiB,1.39%,0B / 0B,0B / 3.29MB,31
2026-07-31 00:15:25,docker-recorder-run-dfb44aee8c91,0.00%,10.3MiB / 30.66GiB,0.03%,0B / 0B,0B / 9.45MB,1
2026-07-31 00:15:25,glim,75.55%,297.6MiB / 30.66GiB,0.95%,0B / 0B,0B / 11.6MB,35
2026-07-31 00:15:25,ouster,8.58%,117MiB / 30.66GiB,0.37%,0B / 0B,0B / 3.02MB,29
2026-07-31 00:15:25,domain_bridge,5.26%,51.55MiB / 30.66GiB,0.16%,0B / 0B,0B / 5.01MB,28
2026-07-31 00:15:25,realsense,17.52%,91.84MiB / 30.66GiB,0.29%,0B / 0B,0B / 3.31MB,33
2026-07-31 00:15:25,mapir-ffmpeg,29.89%,166.7MiB / 30.66GiB,0.53%,0B / 0B,0B / 1.32MB,33
2026-07-31 00:15:25,scovox,56.92%,281.5MiB / 30.66GiB,0.90%,0B / 0B,0B / 3.58MB,53
2026-07-31 00:15:25,openzen,4.32%,32.02MiB / 30.66GiB,0.10%,0B / 0B,0B / 2.15MB,20
2026-07-31 00:15:25,nav2,8.24%,122.8MiB / 30.66GiB,0.39%,0B / 0B,1.67MB / 1.18MB,93
2026-07-31 00:15:29,foxglove,11.34%,435.2MiB / 30.66GiB,1.39%,0B / 0B,0B / 3.29MB,31
2026-07-31 00:15:29,docker-recorder-run-dfb44aee8c91,0.00%,10.3MiB / 30.66GiB,0.03%,0B / 0B,0B / 9.45MB,1
2026-07-31 00:15:29,glim,77.97%,297.8MiB / 30.66GiB,0.95%,0B / 0B,0B / 11.6MB,35
2026-07-31 00:15:29,ouster,7.01%,117MiB / 30.66GiB,0.37%,0B / 0B,0B / 3.02MB,29
2026-07-31 00:15:29,domain_bridge,0.15%,51.03MiB / 30.66GiB,0.16%,0B / 0B,0B / 5.01MB,28
2026-07-31 00:15:29,realsense,17.21%,91.38MiB / 30.66GiB,0.29%,0B / 0B,0B / 3.31MB,33
2026-07-31 00:15:29,mapir-ffmpeg,28.25%,166.3MiB / 30.66GiB,0.53%,0B / 0B,0B / 1.33MB,33
2026-07-31 00:15:29,scovox,61.78%,249.3MiB / 30.66GiB,0.79%,0B / 0B,0B / 3.61MB,53
2026-07-31 00:15:29,openzen,2.99%,32.05MiB / 30.66GiB,0.10%,0B / 0B,0B / 2.15MB,20
2026-07-31 00:15:29,nav2,4.10%,122.2MiB / 30.66GiB,0.39%,0B / 0B,1.67MB / 1.18MB,93
2026-07-31 00:15:32,trav_ros2,92.12%,321.2MiB / 30.66GiB,1.02%,0B / 0B,0B / 8.19kB,44
2026-07-31 00:15:32,foxglove,11.87%,436.1MiB / 30.66GiB,1.39%,0B / 0B,0B / 3.29MB,31
2026-07-31 00:15:32,docker-recorder-run-dfb44aee8c91,0.00%,10.3MiB / 30.66GiB,0.03%,0B / 0B,0B / 9.45MB,1
2026-07-31 00:15:32,glim,73.13%,298.5MiB / 30.66GiB,0.95%,0B / 0B,0B / 11.6MB,35
2026-07-31 00:15:32,ouster,7.41%,117.4MiB / 30.66GiB,0.37%,0B / 0B,0B / 3.02MB,29
2026-07-31 00:15:32,domain_bridge,1.46%,52.95MiB / 30.66GiB,0.17%,0B / 0B,0B / 5.01MB,28
2026-07-31 00:15:32,realsense,16.82%,92MiB / 30.66GiB,0.29%,0B / 0B,0B / 3.31MB,33
2026-07-31 00:15:32,mapir-ffmpeg,28.69%,167.3MiB / 30.66GiB,0.53%,0B / 0B,0B / 1.33MB,33
2026-07-31 00:15:32,scovox,71.30%,250.4MiB / 30.66GiB,0.80%,0B / 0B,0B / 3.61MB,53
2026-07-31 00:15:32,openzen,3.10%,32.42MiB / 30.66GiB,0.10%,0B / 0B,0B / 2.15MB,20
2026-07-31 00:15:32,nav2,6.51%,146.2MiB / 30.66GiB,0.47%,0B / 0B,1.67MB / 1.18MB,93
2026-07-31 00:15:35,trav_ros2,101.68%,333.8MiB / 30.66GiB,1.06%,0B / 0B,0B / 8.19kB,44
2026-07-31 00:15:35,foxglove,11.54%,448.5MiB / 30.66GiB,1.43%,0B / 0B,0B / 3.29MB,31
2026-07-31 00:15:35,docker-recorder-run-dfb44aee8c91,0.00%,10.3MiB / 30.66GiB,0.03%,0B / 0B,0B / 9.45MB,1
2026-07-31 00:15:35,glim,76.81%,298.5MiB / 30.66GiB,0.95%,0B / 0B,0B / 11.6MB,35
2026-07-31 00:15:35,ouster,7.78%,118.2MiB / 30.66GiB,0.38%,0B / 0B,0B / 3.02MB,29
2026-07-31 00:15:35,domain_bridge,1.24%,52.55MiB / 30.66GiB,0.17%,0B / 0B,0B / 5.01MB,28
2026-07-31 00:15:35,realsense,17.39%,92.3MiB / 30.66GiB,0.29%,0B / 0B,0B / 3.31MB,33
2026-07-31 00:15:35,mapir-ffmpeg,28.26%,168.4MiB / 30.66GiB,0.54%,0B / 0B,0B / 1.33MB,33
2026-07-31 00:15:35,scovox,52.70%,274.9MiB / 30.66GiB,0.88%,0B / 0B,0B / 3.61MB,53
2026-07-31 00:15:35,openzen,3.27%,32.95MiB / 30.66GiB,0.10%,0B / 0B,0B / 2.15MB,20
2026-07-31 00:15:35,nav2,7.08%,183.6MiB / 30.66GiB,0.58%,0B / 0B,1.67MB / 1.18MB,93
2026-07-31 00:15:38,trav_ros2,101.99%,358.4MiB / 30.66GiB,1.14%,0B / 0B,0B / 8.19kB,44
2026-07-31 00:15:38,foxglove,10.88%,448.3MiB / 30.66GiB,1.43%,0B / 0B,0B / 3.29MB,31
2026-07-31 00:15:38,docker-recorder-run-dfb44aee8c91,0.00%,10.3MiB / 30.66GiB,0.03%,0B / 0B,0B / 9.45MB,1
2026-07-31 00:15:38,glim,76.53%,299.3MiB / 30.66GiB,0.95%,0B / 0B,0B / 11.6MB,35
2026-07-31 00:15:38,ouster,7.08%,117.8MiB / 30.66GiB,0.38%,0B / 0B,0B / 3.02MB,29
2026-07-31 00:15:38,domain_bridge,0.22%,51.68MiB / 30.66GiB,0.16%,0B / 0B,0B / 5.01MB,28
2026-07-31 00:15:38,realsense,16.64%,92.59MiB / 30.66GiB,0.29%,0B / 0B,0B / 3.31MB,33
2026-07-31 00:15:38,mapir-ffmpeg,28.06%,167.8MiB / 30.66GiB,0.53%,0B / 0B,0B / 1.33MB,33
2026-07-31 00:15:38,scovox,71.91%,252.8MiB / 30.66GiB,0.81%,0B / 0B,0B / 3.61MB,53
2026-07-31 00:15:38,openzen,3.09%,32.54MiB / 30.66GiB,0.10%,0B / 0B,0B / 2.15MB,20
2026-07-31 00:15:38,nav2,5.64%,186.2MiB / 30.66GiB,0.59%,0B / 0B,1.67MB / 1.18MB,93
2026-07-31 00:15:41,trav_ros2,101.45%,364.3MiB / 30.66GiB,1.16%,0B / 0B,0B / 8.19kB,44
2026-07-31 00:15:41,foxglove,12.22%,457.2MiB / 30.66GiB,1.46%,0B / 0B,0B / 3.29MB,31
2026-07-31 00:15:41,docker-recorder-run-dfb44aee8c91,0.00%,10.3MiB / 30.66GiB,0.03%,0B / 0B,0B / 9.45MB,1
2026-07-31 00:15:41,glim,74.61%,303.5MiB / 30.66GiB,0.97%,0B / 0B,0B / 11.6MB,35
2026-07-31 00:15:41,ouster,7.18%,118.3MiB / 30.66GiB,0.38%,0B / 0B,0B / 3.02MB,29
2026-07-31 00:15:41,domain_bridge,0.54%,52.25MiB / 30.66GiB,0.17%,0B / 0B,0B / 5.01MB,28
2026-07-31 00:15:41,realsense,17.18%,91.93MiB / 30.66GiB,0.29%,0B / 0B,0B / 3.31MB,33
2026-07-31 00:15:41,mapir-ffmpeg,28.14%,168.1MiB / 30.66GiB,0.54%,0B / 0B,0B / 1.33MB,33
2026-07-31 00:15:41,scovox,54.30%,282.7MiB / 30.66GiB,0.90%,0B / 0B,0B / 3.61MB,53
2026-07-31 00:15:41,openzen,3.25%,33.33MiB / 30.66GiB,0.11%,0B / 0B,0B / 2.15MB,20
2026-07-31 00:15:41,nav2,6.89%,187.5MiB / 30.66GiB,0.60%,0B / 0B,1.67MB / 1.18MB,93
2026-07-31 00:15:44,trav_ros2,98.97%,363.8MiB / 30.66GiB,1.16%,0B / 0B,0B / 8.19kB,44
2026-07-31 00:15:44,foxglove,11.50%,456.9MiB / 30.66GiB,1.46%,0B / 0B,0B / 3.29MB,31
2026-07-31 00:15:44,docker-recorder-run-dfb44aee8c91,0.00%,10.3MiB / 30.66GiB,0.03%,0B / 0B,0B / 9.45MB,1
2026-07-31 00:15:44,glim,76.23%,303.8MiB / 30.66GiB,0.97%,0B / 0B,0B / 11.6MB,35
2026-07-31 00:15:44,ouster,6.90%,117.9MiB / 30.66GiB,0.38%,0B / 0B,0B / 3.02MB,29
2026-07-31 00:15:44,domain_bridge,0.19%,52.13MiB / 30.66GiB,0.17%,0B / 0B,0B / 5.01MB,28
2026-07-31 00:15:44,realsense,16.71%,91.96MiB / 30.66GiB,0.29%,0B / 0B,0B / 3.31MB,33
2026-07-31 00:15:44,mapir-ffmpeg,26.70%,167.7MiB / 30.66GiB,0.53%,0B / 0B,0B / 1.33MB,33
2026-07-31 00:15:44,scovox,62.18%,251.9MiB / 30.66GiB,0.80%,0B / 0B,0B / 3.61MB,53
2026-07-31 00:15:44,openzen,3.33%,32.62MiB / 30.66GiB,0.10%,0B / 0B,0B / 2.15MB,20
2026-07-31 00:15:44,nav2,5.94%,186.5MiB / 30.66GiB,0.59%,0B / 0B,1.67MB / 1.18MB,93
2026-07-31 00:15:48,trav_ros2,100.43%,363.9MiB / 30.66GiB,1.16%,0B / 0B,0B / 8.19kB,44
2026-07-31 00:15:48,foxglove,11.35%,457MiB / 30.66GiB,1.46%,0B / 0B,0B / 3.29MB,31
2026-07-31 00:15:48,docker-recorder-run-dfb44aee8c91,0.00%,10.3MiB / 30.66GiB,0.03%,0B / 0B,0B / 9.45MB,1
2026-07-31 00:15:48,glim,80.01%,310MiB / 30.66GiB,0.99%,0B / 0B,0B / 11.6MB,35
2026-07-31 00:15:48,ouster,6.97%,118.1MiB / 30.66GiB,0.38%,0B / 0B,0B / 3.02MB,29
2026-07-31 00:15:48,domain_bridge,0.66%,52.51MiB / 30.66GiB,0.17%,0B / 0B,0B / 5.01MB,28
2026-07-31 00:15:48,realsense,17.08%,92.22MiB / 30.66GiB,0.29%,0B / 0B,0B / 3.31MB,33
2026-07-31 00:15:48,mapir-ffmpeg,27.84%,168MiB / 30.66GiB,0.54%,0B / 0B,0B / 1.33MB,33
2026-07-31 00:15:48,scovox,68.54%,251.8MiB / 30.66GiB,0.80%,0B / 0B,0B / 3.61MB,53
2026-07-31 00:15:48,openzen,3.20%,32.88MiB / 30.66GiB,0.10%,0B / 0B,0B / 2.15MB,20
2026-07-31 00:15:48,nav2,5.98%,187.6MiB / 30.66GiB,0.60%,0B / 0B,1.67MB / 1.18MB,93
2026-07-31 00:15:51,trav_ros2,101.22%,358MiB / 30.66GiB,1.14%,0B / 0B,0B / 8.19kB,44
2026-07-31 00:15:51,foxglove,11.06%,448.9MiB / 30.66GiB,1.43%,0B / 0B,0B / 3.29MB,31
2026-07-31 00:15:51,docker-recorder-run-dfb44aee8c91,0.00%,10.3MiB / 30.66GiB,0.03%,0B / 0B,0B / 9.45MB,1
2026-07-31 00:15:51,glim,76.39%,313.6MiB / 30.66GiB,1.00%,0B / 0B,0B / 11.6MB,35
2026-07-31 00:15:51,ouster,7.17%,118.2MiB / 30.66GiB,0.38%,0B / 0B,0B / 3.02MB,29
2026-07-31 00:15:51,domain_bridge,0.24%,52.49MiB / 30.66GiB,0.17%,0B / 0B,0B / 5.01MB,28
2026-07-31 00:15:51,realsense,17.49%,92.02MiB / 30.66GiB,0.29%,0B / 0B,0B / 3.31MB,33
2026-07-31 00:15:51,mapir-ffmpeg,27.85%,168.6MiB / 30.66GiB,0.54%,0B / 0B,0B / 1.33MB,33
2026-07-31 00:15:51,scovox,52.11%,276.3MiB / 30.66GiB,0.88%,0B / 0B,0B / 3.61MB,53
2026-07-31 00:15:51,openzen,3.39%,33.18MiB / 30.66GiB,0.11%,0B / 0B,0B / 2.15MB,20
2026-07-31 00:15:51,nav2,5.86%,188MiB / 30.66GiB,0.60%,0B / 0B,1.67MB / 1.18MB,93
2026-07-31 00:15:54,trav_ros2,101.86%,370.6MiB / 30.66GiB,1.18%,0B / 0B,0B / 8.19kB,44
2026-07-31 00:15:54,foxglove,12.05%,457.8MiB / 30.66GiB,1.46%,0B / 0B,0B / 3.29MB,31
2026-07-31 00:15:54,docker-recorder-run-dfb44aee8c91,0.00%,10.3MiB / 30.66GiB,0.03%,0B / 0B,0B / 9.45MB,1
2026-07-31 00:15:54,glim,80.86%,313.6MiB / 30.66GiB,1.00%,0B / 0B,0B / 11.6MB,35
2026-07-31 00:15:54,ouster,8.11%,118.2MiB / 30.66GiB,0.38%,0B / 0B,0B / 3.02MB,29
2026-07-31 00:15:54,domain_bridge,0.15%,52.05MiB / 30.66GiB,0.17%,0B / 0B,0B / 5.01MB,28
2026-07-31 00:15:54,realsense,17.10%,92.04MiB / 30.66GiB,0.29%,0B / 0B,0B / 3.31MB,33
2026-07-31 00:15:54,mapir-ffmpeg,28.33%,167.9MiB / 30.66GiB,0.53%,0B / 0B,0B / 1.33MB,33
2026-07-31 00:15:54,scovox,72.76%,251.9MiB / 30.66GiB,0.80%,0B / 0B,0B / 3.61MB,53
2026-07-31 00:15:54,openzen,3.38%,32.7MiB / 30.66GiB,0.10%,0B / 0B,0B / 2.15MB,20
2026-07-31 00:15:54,nav2,5.96%,187.9MiB / 30.66GiB,0.60%,0B / 0B,1.67MB / 1.18MB,93
2026-07-31 00:15:57,trav_ros2,101.15%,364.5MiB / 30.66GiB,1.16%,0B / 0B,0B / 8.19kB,44
2026-07-31 00:15:57,foxglove,11.68%,457.7MiB / 30.66GiB,1.46%,0B / 0B,0B / 3.29MB,31
2026-07-31 00:15:57,docker-recorder-run-dfb44aee8c91,0.00%,10.3MiB / 30.66GiB,0.03%,0B / 0B,0B / 9.45MB,1
2026-07-31 00:15:57,glim,72.46%,315MiB / 30.66GiB,1.00%,0B / 0B,0B / 11.6MB,35
2026-07-31 00:15:57,ouster,7.46%,118.1MiB / 30.66GiB,0.38%,0B / 0B,0B / 3.02MB,29
2026-07-31 00:15:57,domain_bridge,0.52%,52.49MiB / 30.66GiB,0.17%,0B / 0B,0B / 5.01MB,28
2026-07-31 00:15:57,realsense,17.43%,92.33MiB / 30.66GiB,0.29%,0B / 0B,0B / 3.31MB,33
2026-07-31 00:15:57,mapir-ffmpeg,28.93%,168.5MiB / 30.66GiB,0.54%,0B / 0B,0B / 1.33MB,33
2026-07-31 00:15:57,scovox,52.03%,283.5MiB / 30.66GiB,0.90%,0B / 0B,0B / 3.61MB,53
2026-07-31 00:15:57,openzen,3.34%,32.99MiB / 30.66GiB,0.11%,0B / 0B,0B / 2.15MB,20
2026-07-31 00:15:57,nav2,6.39%,188.7MiB / 30.66GiB,0.60%,0B / 0B,1.67MB / 1.18MB,93
2026-07-31 00:16:00,trav_ros2,101.03%,363.6MiB / 30.66GiB,1.16%,0B / 0B,0B / 147kB,44
2026-07-31 00:16:00,foxglove,10.95%,450MiB / 30.66GiB,1.43%,0B / 0B,0B / 3.29MB,31
2026-07-31 00:16:00,docker-recorder-run-dfb44aee8c91,0.00%,10.3MiB / 30.66GiB,0.03%,0B / 0B,0B / 9.45MB,1
2026-07-31 00:16:00,glim,75.17%,314.3MiB / 30.66GiB,1.00%,0B / 0B,0B / 11.6MB,35
2026-07-31 00:16:00,ouster,6.99%,118.6MiB / 30.66GiB,0.38%,0B / 0B,0B / 3.02MB,29
2026-07-31 00:16:00,domain_bridge,0.19%,52.13MiB / 30.66GiB,0.17%,0B / 0B,0B / 5.01MB,28
2026-07-31 00:16:00,realsense,16.90%,92.36MiB / 30.66GiB,0.29%,0B / 0B,0B / 3.31MB,33
2026-07-31 00:16:00,mapir-ffmpeg,28.47%,168.3MiB / 30.66GiB,0.54%,0B / 0B,0B / 1.33MB,33
2026-07-31 00:16:00,scovox,73.43%,252.2MiB / 30.66GiB,0.80%,0B / 0B,0B / 3.7MB,53
2026-07-31 00:16:00,openzen,3.13%,33.02MiB / 30.66GiB,0.11%,0B / 0B,0B / 2.15MB,20
2026-07-31 00:16:00,nav2,5.63%,188MiB / 30.66GiB,0.60%,0B / 0B,1.67MB / 1.18MB,93
2026-07-31 00:16:04,trav_ros2,101.98%,368.2MiB / 30.66GiB,1.17%,0B / 0B,0B / 147kB,44
2026-07-31 00:16:04,foxglove,11.02%,450.3MiB / 30.66GiB,1.43%,0B / 0B,0B / 3.29MB,31
2026-07-31 00:16:04,docker-recorder-run-dfb44aee8c91,0.00%,10.3MiB / 30.66GiB,0.03%,0B / 0B,0B / 9.45MB,1
2026-07-31 00:16:04,glim,75.32%,314.4MiB / 30.66GiB,1.00%,0B / 0B,0B / 11.6MB,35
2026-07-31 00:16:04,ouster,7.23%,118.3MiB / 30.66GiB,0.38%,0B / 0B,0B / 3.02MB,29
2026-07-31 00:16:04,domain_bridge,0.56%,52.63MiB / 30.66GiB,0.17%,0B / 0B,0B / 5.01MB,28
2026-07-31 00:16:04,realsense,17.56%,92.12MiB / 30.66GiB,0.29%,0B / 0B,0B / 3.31MB,33
2026-07-31 00:16:04,mapir-ffmpeg,28.66%,167.7MiB / 30.66GiB,0.53%,0B / 0B,0B / 1.33MB,33
2026-07-31 00:16:04,scovox,65.85%,252MiB / 30.66GiB,0.80%,0B / 0B,0B / 3.7MB,53
2026-07-31 00:16:04,openzen,3.03%,32.16MiB / 30.66GiB,0.10%,0B / 0B,0B / 2.15MB,20
2026-07-31 00:16:04,nav2,5.64%,187.7MiB / 30.66GiB,0.60%,0B / 0B,1.67MB / 1.2MB,93
2026-07-31 00:16:07,trav_ros2,102.06%,368.2MiB / 30.66GiB,1.17%,0B / 0B,0B / 213kB,44
2026-07-31 00:16:07,foxglove,12.42%,458.6MiB / 30.66GiB,1.46%,0B / 0B,0B / 3.3MB,31
2026-07-31 00:16:07,docker-recorder-run-dfb44aee8c91,0.00%,10.3MiB / 30.66GiB,0.03%,0B / 0B,0B / 9.45MB,1
2026-07-31 00:16:07,glim,76.59%,314.4MiB / 30.66GiB,1.00%,0B / 0B,0B / 11.6MB,35
2026-07-31 00:16:07,ouster,7.68%,117.5MiB / 30.66GiB,0.37%,0B / 0B,0B / 3.02MB,29
2026-07-31 00:16:07,domain_bridge,0.27%,52.2MiB / 30.66GiB,0.17%,0B / 0B,0B / 5.01MB,28
2026-07-31 00:16:07,realsense,17.46%,91.55MiB / 30.66GiB,0.29%,0B / 0B,0B / 3.31MB,33
2026-07-31 00:16:07,mapir-ffmpeg,29.55%,168MiB / 30.66GiB,0.54%,0B / 0B,0B / 1.34MB,33
2026-07-31 00:16:07,scovox,75.27%,250.2MiB / 30.66GiB,0.80%,0B / 0B,0B / 3.7MB,53
2026-07-31 00:16:07,openzen,3.22%,31.96MiB / 30.66GiB,0.10%,0B / 0B,0B / 2.15MB,20
2026-07-31 00:16:07,nav2,7.21%,189.7MiB / 30.66GiB,0.60%,0B / 0B,1.67MB / 1.2MB,93
2026-07-31 00:16:10,trav_ros2,100.81%,368.5MiB / 30.66GiB,1.17%,0B / 0B,0B / 213kB,44
2026-07-31 00:16:10,foxglove,12.22%,458.2MiB / 30.66GiB,1.46%,0B / 0B,0B / 3.3MB,31
2026-07-31 00:16:10,docker-recorder-run-dfb44aee8c91,0.00%,10.3MiB / 30.66GiB,0.03%,0B / 0B,0B / 9.45MB,1
2026-07-31 00:16:10,glim,79.63%,314.4MiB / 30.66GiB,1.00%,0B / 0B,0B / 11.6MB,35
2026-07-31 00:16:10,ouster,6.94%,117.6MiB / 30.66GiB,0.37%,0B / 0B,0B / 3.02MB,29
2026-07-31 00:16:10,domain_bridge,0.16%,52.45MiB / 30.66GiB,0.17%,0B / 0B,0B / 5.01MB,28
2026-07-31 00:16:10,realsense,17.43%,91.31MiB / 30.66GiB,0.29%,0B / 0B,0B / 3.31MB,33
2026-07-31 00:16:10,mapir-ffmpeg,27.94%,167.3MiB / 30.66GiB,0.53%,0B / 0B,0B / 1.34MB,33
2026-07-31 00:16:10,scovox,71.46%,250MiB / 30.66GiB,0.80%,0B / 0B,0B / 3.7MB,53
2026-07-31 00:16:10,openzen,3.11%,31.98MiB / 30.66GiB,0.10%,0B / 0B,0B / 2.15MB,20
2026-07-31 00:16:10,nav2,6.15%,188.3MiB / 30.66GiB,0.60%,0B / 0B,1.67MB / 1.2MB,93
2026-07-31 00:16:13,trav_ros2,101.75%,368.9MiB / 30.66GiB,1.17%,0B / 0B,0B / 221kB,44
2026-07-31 00:16:13,foxglove,11.13%,450.7MiB / 30.66GiB,1.44%,0B / 0B,0B / 3.3MB,31
2026-07-31 00:16:13,docker-recorder-run-dfb44aee8c91,0.00%,10.3MiB / 30.66GiB,0.03%,0B / 0B,0B / 9.45MB,1
2026-07-31 00:16:13,glim,80.01%,314MiB / 30.66GiB,1.00%,0B / 0B,0B / 11.6MB,35
2026-07-31 00:16:13,ouster,7.04%,117.9MiB / 30.66GiB,0.38%,0B / 0B,0B / 3.02MB,29
2026-07-31 00:16:13,domain_bridge,0.55%,52.64MiB / 30.66GiB,0.17%,0B / 0B,0B / 5.01MB,28
2026-07-31 00:16:13,realsense,16.89%,91.61MiB / 30.66GiB,0.29%,0B / 0B,0B / 3.31MB,33
2026-07-31 00:16:13,mapir-ffmpeg,27.71%,167.4MiB / 30.66GiB,0.53%,0B / 0B,0B / 1.34MB,33
2026-07-31 00:16:13,scovox,51.88%,280.1MiB / 30.66GiB,0.89%,0B / 0B,0B / 3.7MB,53
2026-07-31 00:16:13,openzen,3.15%,32.27MiB / 30.66GiB,0.10%,0B / 0B,0B / 2.15MB,20
2026-07-31 00:16:13,nav2,6.54%,188.9MiB / 30.66GiB,0.60%,0B / 0B,1.67MB / 1.2MB,93
2026-07-31 00:16:16,trav_ros2,101.95%,367.2MiB / 30.66GiB,1.17%,0B / 0B,0B / 221kB,44
2026-07-31 00:16:16,foxglove,10.98%,450.7MiB / 30.66GiB,1.44%,0B / 0B,0B / 3.3MB,31
2026-07-31 00:16:16,docker-recorder-run-dfb44aee8c91,0.00%,10.3MiB / 30.66GiB,0.03%,0B / 0B,0B / 9.45MB,1
2026-07-31 00:16:16,glim,79.50%,314.5MiB / 30.66GiB,1.00%,0B / 0B,0B / 11.6MB,35
2026-07-31 00:16:16,ouster,6.93%,118.4MiB / 30.66GiB,0.38%,0B / 0B,0B / 3.02MB,29
2026-07-31 00:16:16,domain_bridge,0.30%,53MiB / 30.66GiB,0.17%,0B / 0B,0B / 5.01MB,28
2026-07-31 00:16:16,realsense,16.69%,91.39MiB / 30.66GiB,0.29%,0B / 0B,0B / 3.31MB,33
2026-07-31 00:16:16,mapir-ffmpeg,28.69%,167.5MiB / 30.66GiB,0.53%,0B / 0B,0B / 1.34MB,33
2026-07-31 00:16:16,scovox,70.20%,251.3MiB / 30.66GiB,0.80%,0B / 0B,0B / 3.7MB,53
2026-07-31 00:16:16,openzen,3.10%,32.3MiB / 30.66GiB,0.10%,0B / 0B,0B / 2.15MB,20
2026-07-31 00:16:16,nav2,5.82%,188.3MiB / 30.66GiB,0.60%,0B / 0B,1.67MB / 1.2MB,93
2026-07-31 00:16:19,trav_ros2,101.37%,362.7MiB / 30.66GiB,1.16%,0B / 0B,0B / 221kB,44
2026-07-31 00:16:19,foxglove,11.52%,458.1MiB / 30.66GiB,1.46%,0B / 0B,0B / 3.3MB,31
2026-07-31 00:16:19,docker-recorder-run-dfb44aee8c91,0.00%,10.3MiB / 30.66GiB,0.03%,0B / 0B,0B / 9.45MB,1
2026-07-31 00:16:19,glim,78.05%,314.5MiB / 30.66GiB,1.00%,0B / 0B,0B / 11.6MB,35
2026-07-31 00:16:19,ouster,7.10%,117.9MiB / 30.66GiB,0.38%,0B / 0B,0B / 3.02MB,29
2026-07-31 00:16:19,domain_bridge,0.61%,52.76MiB / 30.66GiB,0.17%,0B / 0B,0B / 5.01MB,28
2026-07-31 00:16:19,realsense,17.07%,91.65MiB / 30.66GiB,0.29%,0B / 0B,0B / 3.31MB,33
2026-07-31 00:16:19,mapir-ffmpeg,28.69%,167.8MiB / 30.66GiB,0.53%,0B / 0B,0B / 1.34MB,33
2026-07-31 00:16:19,scovox,59.76%,285.7MiB / 30.66GiB,0.91%,0B / 0B,0B / 3.7MB,53
2026-07-31 00:16:19,openzen,3.14%,32.07MiB / 30.66GiB,0.10%,0B / 0B,0B / 2.15MB,20
2026-07-31 00:16:19,nav2,6.06%,188.3MiB / 30.66GiB,0.60%,0B / 0B,1.67MB / 1.2MB,93
2026-07-31 00:16:23,trav_ros2,100.89%,365.4MiB / 30.66GiB,1.16%,0B / 0B,0B / 221kB,44
2026-07-31 00:16:23,foxglove,11.12%,450MiB / 30.66GiB,1.43%,0B / 0B,0B / 3.3MB,31
2026-07-31 00:16:23,docker-recorder-run-dfb44aee8c91,0.00%,10.3MiB / 30.66GiB,0.03%,0B / 0B,0B / 9.45MB,1
2026-07-31 00:16:23,glim,76.90%,297.9MiB / 30.66GiB,0.95%,0B / 0B,0B / 11.6MB,35
2026-07-31 00:16:23,ouster,7.08%,117.8MiB / 30.66GiB,0.38%,0B / 0B,0B / 3.02MB,29
2026-07-31 00:16:23,domain_bridge,0.26%,52.69MiB / 30.66GiB,0.17%,0B / 0B,0B / 5.01MB,28
2026-07-31 00:16:23,realsense,16.58%,91.45MiB / 30.66GiB,0.29%,0B / 0B,0B / 3.31MB,33
2026-07-31 00:16:23,mapir-ffmpeg,28.28%,167.8MiB / 30.66GiB,0.53%,0B / 0B,0B / 1.34MB,33
2026-07-31 00:16:23,scovox,56.10%,250.8MiB / 30.66GiB,0.80%,0B / 0B,0B / 3.7MB,53
2026-07-31 00:16:23,openzen,3.04%,32.12MiB / 30.66GiB,0.10%,0B / 0B,0B / 2.15MB,20
2026-07-31 00:16:23,nav2,5.73%,188.9MiB / 30.66GiB,0.60%,0B / 0B,1.67MB / 1.2MB,93
2026-07-31 00:16:26,trav_ros2,101.07%,367.3MiB / 30.66GiB,1.17%,0B / 0B,0B / 221kB,44
2026-07-31 00:16:26,foxglove,11.63%,458.2MiB / 30.66GiB,1.46%,0B / 0B,0B / 3.3MB,31
2026-07-31 00:16:26,docker-recorder-run-dfb44aee8c91,0.00%,10.3MiB / 30.66GiB,0.03%,0B / 0B,0B / 9.45MB,1
2026-07-31 00:16:26,glim,79.83%,299.7MiB / 30.66GiB,0.95%,0B / 0B,0B / 11.6MB,35
2026-07-31 00:16:26,ouster,6.92%,117.8MiB / 30.66GiB,0.38%,0B / 0B,0B / 3.02MB,29
2026-07-31 00:16:26,domain_bridge,1.43%,52.93MiB / 30.66GiB,0.17%,0B / 0B,0B / 5.01MB,28
2026-07-31 00:16:26,realsense,16.78%,91.46MiB / 30.66GiB,0.29%,0B / 0B,0B / 3.31MB,33
2026-07-31 00:16:26,mapir-ffmpeg,28.16%,167.6MiB / 30.66GiB,0.53%,0B / 0B,0B / 1.34MB,33
2026-07-31 00:16:26,scovox,70.33%,250.5MiB / 30.66GiB,0.80%,0B / 0B,0B / 3.7MB,53
2026-07-31 00:16:26,openzen,3.11%,32.13MiB / 30.66GiB,0.10%,0B / 0B,0B / 2.15MB,20
2026-07-31 00:16:26,nav2,6.24%,188.4MiB / 30.66GiB,0.60%,0B / 0B,1.67MB / 1.2MB,93
2026-07-31 00:16:29,trav_ros2,101.99%,368.6MiB / 30.66GiB,1.17%,0B / 0B,0B / 221kB,44
2026-07-31 00:16:29,foxglove,11.82%,457.8MiB / 30.66GiB,1.46%,0B / 0B,0B / 3.3MB,31
2026-07-31 00:16:29,docker-recorder-run-dfb44aee8c91,0.00%,10.3MiB / 30.66GiB,0.03%,0B / 0B,0B / 9.45MB,1
2026-07-31 00:16:29,glim,74.24%,298.5MiB / 30.66GiB,0.95%,0B / 0B,0B / 11.6MB,35
2026-07-31 00:16:29,ouster,7.97%,118.1MiB / 30.66GiB,0.38%,0B / 0B,0B / 3.02MB,29
2026-07-31 00:16:29,domain_bridge,0.44%,55.35MiB / 30.66GiB,0.18%,0B / 0B,0B / 5.01MB,28
2026-07-31 00:16:29,realsense,17.09%,91.75MiB / 30.66GiB,0.29%,0B / 0B,0B / 3.31MB,33
2026-07-31 00:16:29,mapir-ffmpeg,28.37%,167.9MiB / 30.66GiB,0.53%,0B / 0B,0B / 1.34MB,33
2026-07-31 00:16:29,scovox,52.08%,278.5MiB / 30.66GiB,0.89%,0B / 0B,0B / 3.7MB,53
2026-07-31 00:16:29,openzen,3.24%,32.92MiB / 30.66GiB,0.10%,0B / 0B,0B / 2.15MB,20
2026-07-31 00:16:29,nav2,6.00%,189MiB / 30.66GiB,0.60%,0B / 0B,1.67MB / 1.2MB,93
2026-07-31 00:16:32,trav_ros2,101.11%,368.5MiB / 30.66GiB,1.17%,0B / 0B,0B / 221kB,44
2026-07-31 00:16:32,foxglove,11.76%,458.5MiB / 30.66GiB,1.46%,0B / 0B,0B / 3.3MB,31
2026-07-31 00:16:32,docker-recorder-run-dfb44aee8c91,0.00%,10.3MiB / 30.66GiB,0.03%,0B / 0B,0B / 9.45MB,1
2026-07-31 00:16:32,glim,75.51%,299.2MiB / 30.66GiB,0.95%,0B / 0B,0B / 11.6MB,35
2026-07-31 00:16:32,ouster,7.05%,118MiB / 30.66GiB,0.38%,0B / 0B,0B / 3.02MB,29
2026-07-31 00:16:32,domain_bridge,5.41%,55.94MiB / 30.66GiB,0.18%,0B / 0B,0B / 5.01MB,28
2026-07-31 00:16:32,realsense,17.24%,91.54MiB / 30.66GiB,0.29%,0B / 0B,0B / 3.31MB,33
2026-07-31 00:16:32,mapir-ffmpeg,27.39%,167.8MiB / 30.66GiB,0.53%,0B / 0B,0B / 1.34MB,33
2026-07-31 00:16:32,scovox,72.33%,251.1MiB / 30.66GiB,0.80%,0B / 0B,0B / 3.79MB,53
2026-07-31 00:16:32,openzen,2.92%,32.46MiB / 30.66GiB,0.10%,0B / 0B,0B / 2.15MB,20
2026-07-31 00:16:32,nav2,6.00%,189.1MiB / 30.66GiB,0.60%,0B / 0B,1.67MB / 1.2MB,93
2026-07-31 00:16:35,trav_ros2,101.34%,369.3MiB / 30.66GiB,1.18%,0B / 0B,0B / 221kB,44
2026-07-31 00:16:35,foxglove,11.60%,457.9MiB / 30.66GiB,1.46%,0B / 0B,0B / 3.3MB,31
2026-07-31 00:16:35,docker-recorder-run-dfb44aee8c91,0.00%,10.3MiB / 30.66GiB,0.03%,0B / 0B,0B / 9.45MB,1
2026-07-31 00:16:35,glim,76.49%,299.3MiB / 30.66GiB,0.95%,0B / 0B,0B / 11.6MB,35
2026-07-31 00:16:35,ouster,7.13%,118.2MiB / 30.66GiB,0.38%,0B / 0B,0B / 3.02MB,29
2026-07-31 00:16:35,domain_bridge,3.57%,55.94MiB / 30.66GiB,0.18%,0B / 0B,0B / 5.01MB,28
2026-07-31 00:16:35,realsense,17.34%,91.8MiB / 30.66GiB,0.29%,0B / 0B,0B / 3.31MB,33
2026-07-31 00:16:35,mapir-ffmpeg,28.31%,168.1MiB / 30.66GiB,0.54%,0B / 0B,0B / 1.34MB,33
2026-07-31 00:16:35,scovox,54.07%,284.5MiB / 30.66GiB,0.91%,0B / 0B,0B / 3.79MB,53
2026-07-31 00:16:35,openzen,3.24%,32.46MiB / 30.66GiB,0.10%,0B / 0B,0B / 2.15MB,20
2026-07-31 00:16:35,nav2,6.11%,189MiB / 30.66GiB,0.60%,0B / 0B,1.67MB / 1.2MB,93
2026-07-31 00:16:39,trav_ros2,101.76%,369.5MiB / 30.66GiB,1.18%,0B / 0B,0B / 238kB,44
2026-07-31 00:16:39,foxglove,11.08%,451.8MiB / 30.66GiB,1.44%,0B / 0B,0B / 3.3MB,31
2026-07-31 00:16:39,docker-recorder-run-dfb44aee8c91,0.00%,10.3MiB / 30.66GiB,0.03%,0B / 0B,0B / 9.45MB,1
2026-07-31 00:16:39,glim,78.30%,300MiB / 30.66GiB,0.96%,0B / 0B,0B / 11.6MB,35
2026-07-31 00:16:39,ouster,7.46%,118.7MiB / 30.66GiB,0.38%,0B / 0B,0B / 3.02MB,29
2026-07-31 00:16:39,domain_bridge,2.71%,56.41MiB / 30.66GiB,0.18%,0B / 0B,0B / 5.01MB,28
2026-07-31 00:16:39,realsense,17.00%,91.61MiB / 30.66GiB,0.29%,0B / 0B,0B / 3.31MB,33
2026-07-31 00:16:39,mapir-ffmpeg,27.90%,167.9MiB / 30.66GiB,0.53%,0B / 0B,0B / 1.34MB,33
2026-07-31 00:16:39,scovox,60.31%,251.9MiB / 30.66GiB,0.80%,0B / 0B,0B / 3.8MB,53
2026-07-31 00:16:39,openzen,3.28%,32.52MiB / 30.66GiB,0.10%,0B / 0B,0B / 2.15MB,20
2026-07-31 00:16:39,nav2,5.96%,189.5MiB / 30.66GiB,0.60%,0B / 0B,1.67MB / 1.21MB,93
2026-07-31 00:16:42,trav_ros2,101.55%,397.2MiB / 30.66GiB,1.27%,0B / 0B,0B / 238kB,44
2026-07-31 00:16:42,foxglove,10.95%,450.2MiB / 30.66GiB,1.43%,0B / 0B,0B / 3.3MB,31
2026-07-31 00:16:42,docker-recorder-run-dfb44aee8c91,0.00%,10.3MiB / 30.66GiB,0.03%,0B / 0B,0B / 9.45MB,1
2026-07-31 00:16:42,glim,80.90%,299MiB / 30.66GiB,0.95%,0B / 0B,0B / 11.6MB,35
2026-07-31 00:16:42,ouster,7.23%,118.3MiB / 30.66GiB,0.38%,0B / 0B,0B / 3.02MB,29
2026-07-31 00:16:42,domain_bridge,0.25%,55.41MiB / 30.66GiB,0.18%,0B / 0B,0B / 5.01MB,28
2026-07-31 00:16:42,realsense,17.45%,91.62MiB / 30.66GiB,0.29%,0B / 0B,0B / 3.31MB,33
2026-07-31 00:16:42,mapir-ffmpeg,28.56%,167.9MiB / 30.66GiB,0.53%,0B / 0B,0B / 1.35MB,33
2026-07-31 00:16:42,scovox,74.92%,251.6MiB / 30.66GiB,0.80%,0B / 0B,0B / 3.8MB,53
2026-07-31 00:16:42,openzen,3.19%,32.28MiB / 30.66GiB,0.10%,0B / 0B,0B / 2.15MB,20
2026-07-31 00:16:42,nav2,5.98%,188.8MiB / 30.66GiB,0.60%,0B / 0B,1.67MB / 1.21MB,93
2026-07-31 00:16:45,trav_ros2,100.24%,369.4MiB / 30.66GiB,1.18%,0B / 0B,0B / 238kB,44
2026-07-31 00:16:45,foxglove,12.26%,458.7MiB / 30.66GiB,1.46%,0B / 0B,0B / 3.3MB,31
2026-07-31 00:16:45,docker-recorder-run-dfb44aee8c91,0.00%,10.3MiB / 30.66GiB,0.03%,0B / 0B,0B / 9.45MB,1
2026-07-31 00:16:45,glim,79.03%,299MiB / 30.66GiB,0.95%,0B / 0B,0B / 11.6MB,35
2026-07-31 00:16:45,ouster,7.04%,118.2MiB / 30.66GiB,0.38%,0B / 0B,0B / 3.02MB,29
2026-07-31 00:16:45,domain_bridge,2.96%,56.02MiB / 30.66GiB,0.18%,0B / 0B,0B / 5.01MB,28
2026-07-31 00:16:45,realsense,16.76%,91.65MiB / 30.66GiB,0.29%,0B / 0B,0B / 3.31MB,33
2026-07-31 00:16:45,mapir-ffmpeg,28.17%,167.8MiB / 30.66GiB,0.53%,0B / 0B,0B / 1.35MB,33
2026-07-31 00:16:45,scovox,52.30%,278.1MiB / 30.66GiB,0.89%,0B / 0B,0B / 3.8MB,53
2026-07-31 00:16:45,openzen,3.31%,32.32MiB / 30.66GiB,0.10%,0B / 0B,0B / 2.15MB,20
2026-07-31 00:16:45,nav2,6.01%,189.3MiB / 30.66GiB,0.60%,0B / 0B,1.67MB / 1.21MB,93
2026-07-31 00:16:48,trav_ros2,101.17%,357.7MiB / 30.66GiB,1.14%,0B / 0B,0B / 238kB,44
2026-07-31 00:16:48,foxglove,11.52%,450.2MiB / 30.66GiB,1.43%,0B / 0B,0B / 3.3MB,31
2026-07-31 00:16:48,docker-recorder-run-dfb44aee8c91,0.00%,10.3MiB / 30.66GiB,0.03%,0B / 0B,0B / 9.45MB,1
2026-07-31 00:16:48,glim,77.04%,299.3MiB / 30.66GiB,0.95%,0B / 0B,0B / 11.6MB,35
2026-07-31 00:16:48,ouster,7.60%,119MiB / 30.66GiB,0.38%,0B / 0B,0B / 3.02MB,29
2026-07-31 00:16:48,domain_bridge,0.54%,55.36MiB / 30.66GiB,0.18%,0B / 0B,0B / 5.01MB,28
2026-07-31 00:16:48,realsense,17.95%,91.7MiB / 30.66GiB,0.29%,0B / 0B,0B / 3.31MB,33
2026-07-31 00:16:48,mapir-ffmpeg,28.24%,167.9MiB / 30.66GiB,0.53%,0B / 0B,0B / 1.35MB,33
2026-07-31 00:16:48,scovox,70.77%,252MiB / 30.66GiB,0.80%,0B / 0B,0B / 3.8MB,53
2026-07-31 00:16:48,openzen,3.33%,32.84MiB / 30.66GiB,0.10%,0B / 0B,0B / 2.15MB,20
2026-07-31 00:16:48,nav2,7.46%,190.1MiB / 30.66GiB,0.61%,0B / 0B,1.67MB / 1.21MB,93
2026-07-31 00:16:51,trav_ros2,101.99%,369.2MiB / 30.66GiB,1.18%,0B / 0B,0B / 238kB,44
2026-07-31 00:16:51,foxglove,12.39%,458.7MiB / 30.66GiB,1.46%,0B / 0B,0B / 3.3MB,31
2026-07-31 00:16:51,docker-recorder-run-dfb44aee8c91,0.00%,10.3MiB / 30.66GiB,0.03%,0B / 0B,0B / 9.45MB,1
2026-07-31 00:16:51,glim,80.28%,299.1MiB / 30.66GiB,0.95%,0B / 0B,0B / 11.6MB,35
2026-07-31 00:16:51,ouster,7.54%,119.1MiB / 30.66GiB,0.38%,0B / 0B,0B / 3.02MB,29
2026-07-31 00:16:51,domain_bridge,1.13%,56.13MiB / 30.66GiB,0.18%,0B / 0B,0B / 5.01MB,28
2026-07-31 00:16:51,realsense,17.53%,92.18MiB / 30.66GiB,0.29%,0B / 0B,0B / 3.31MB,33
2026-07-31 00:16:51,mapir-ffmpeg,28.13%,168MiB / 30.66GiB,0.54%,0B / 0B,0B / 1.35MB,33
2026-07-31 00:16:51,scovox,57.58%,303MiB / 30.66GiB,0.96%,0B / 0B,0B / 3.8MB,53
2026-07-31 00:16:51,openzen,3.38%,32.86MiB / 30.66GiB,0.10%,0B / 0B,0B / 2.15MB,20
2026-07-31 00:16:51,nav2,6.57%,189.5MiB / 30.66GiB,0.60%,0B / 0B,1.67MB / 1.21MB,93
2026-07-31 00:16:55,trav_ros2,101.78%,368.7MiB / 30.66GiB,1.17%,0B / 0B,0B / 238kB,44
2026-07-31 00:16:55,foxglove,11.31%,450.2MiB / 30.66GiB,1.43%,0B / 0B,0B / 3.3MB,31
2026-07-31 00:16:55,docker-recorder-run-dfb44aee8c91,0.00%,10.3MiB / 30.66GiB,0.03%,0B / 0B,0B / 9.45MB,1
2026-07-31 00:16:55,glim,76.46%,299.7MiB / 30.66GiB,0.95%,0B / 0B,0B / 11.6MB,35
2026-07-31 00:16:55,ouster,7.77%,118.8MiB / 30.66GiB,0.38%,0B / 0B,0B / 3.02MB,29
2026-07-31 00:16:55,domain_bridge,0.50%,55.85MiB / 30.66GiB,0.18%,0B / 0B,0B / 5.01MB,28
2026-07-31 00:16:55,realsense,17.97%,92.01MiB / 30.66GiB,0.29%,0B / 0B,0B / 3.31MB,33
2026-07-31 00:16:55,mapir-ffmpeg,28.17%,169.2MiB / 30.66GiB,0.54%,0B / 0B,0B / 1.35MB,33
2026-07-31 00:16:55,scovox,68.31%,274.8MiB / 30.66GiB,0.88%,0B / 0B,0B / 3.8MB,53
2026-07-31 00:16:55,openzen,3.21%,32.67MiB / 30.66GiB,0.10%,0B / 0B,0B / 2.15MB,20
2026-07-31 00:16:55,nav2,6.10%,189.8MiB / 30.66GiB,0.60%,0B / 0B,1.67MB / 1.21MB,93
2026-07-31 00:16:58,trav_ros2,100.88%,368.7MiB / 30.66GiB,1.17%,0B / 0B,0B / 238kB,44
2026-07-31 00:16:58,foxglove,11.61%,457.8MiB / 30.66GiB,1.46%,0B / 0B,0B / 3.3MB,31
2026-07-31 00:16:58,docker-recorder-run-dfb44aee8c91,0.00%,10.3MiB / 30.66GiB,0.03%,0B / 0B,0B / 9.45MB,1
2026-07-31 00:16:58,glim,77.92%,299.5MiB / 30.66GiB,0.95%,0B / 0B,0B / 11.6MB,35
2026-07-31 00:16:58,ouster,7.50%,118.6MiB / 30.66GiB,0.38%,0B / 0B,0B / 3.02MB,29
2026-07-31 00:16:58,domain_bridge,0.22%,55.76MiB / 30.66GiB,0.18%,0B / 0B,0B / 5.01MB,28
2026-07-31 00:16:58,realsense,16.96%,91.77MiB / 30.66GiB,0.29%,0B / 0B,0B / 3.31MB,33
2026-07-31 00:16:58,mapir-ffmpeg,27.70%,168.3MiB / 30.66GiB,0.54%,0B / 0B,0B / 1.35MB,33
2026-07-31 00:16:58,scovox,73.94%,276.8MiB / 30.66GiB,0.88%,0B / 0B,0B / 3.8MB,53
2026-07-31 00:16:58,openzen,3.01%,32.45MiB / 30.66GiB,0.10%,0B / 0B,0B / 2.15MB,20
2026-07-31 00:16:58,nav2,6.11%,189.3MiB / 30.66GiB,0.60%,0B / 0B,1.67MB / 1.21MB,93
2026-07-31 00:17:01,trav_ros2,101.97%,368.5MiB / 30.66GiB,1.17%,0B / 0B,0B / 238kB,44
2026-07-31 00:17:01,foxglove,10.83%,450.4MiB / 30.66GiB,1.43%,0B / 0B,0B / 3.3MB,31
2026-07-31 00:17:01,docker-recorder-run-dfb44aee8c91,0.00%,10.3MiB / 30.66GiB,0.03%,0B / 0B,0B / 9.45MB,1
2026-07-31 00:17:01,glim,80.41%,299.9MiB / 30.66GiB,0.96%,0B / 0B,0B / 11.6MB,35
2026-07-31 00:17:01,ouster,7.24%,118.4MiB / 30.66GiB,0.38%,0B / 0B,0B / 3.02MB,29
2026-07-31 00:17:01,domain_bridge,0.52%,56.61MiB / 30.66GiB,0.18%,0B / 0B,0B / 5.01MB,28
2026-07-31 00:17:01,realsense,17.08%,92.05MiB / 30.66GiB,0.29%,0B / 0B,0B / 3.31MB,33
2026-07-31 00:17:01,mapir-ffmpeg,27.75%,168.6MiB / 30.66GiB,0.54%,0B / 0B,0B / 1.35MB,33
2026-07-31 00:17:01,scovox,56.23%,301.7MiB / 30.66GiB,0.96%,0B / 0B,0B / 3.8MB,53
2026-07-31 00:17:01,openzen,2.97%,32.48MiB / 30.66GiB,0.10%,0B / 0B,0B / 2.15MB,20
2026-07-31 00:17:01,nav2,5.68%,189.5MiB / 30.66GiB,0.60%,0B / 0B,1.67MB / 1.21MB,93
2026-07-31 00:17:04,trav_ros2,101.86%,369.8MiB / 30.66GiB,1.18%,0B / 0B,0B / 238kB,44
2026-07-31 00:17:04,foxglove,11.56%,449.9MiB / 30.66GiB,1.43%,0B / 0B,0B / 3.3MB,31
2026-07-31 00:17:04,docker-recorder-run-dfb44aee8c91,0.00%,10.3MiB / 30.66GiB,0.03%,0B / 0B,0B / 9.45MB,1
2026-07-31 00:17:04,glim,75.74%,299.7MiB / 30.66GiB,0.95%,0B / 0B,0B / 11.6MB,35
2026-07-31 00:17:04,ouster,7.52%,118.7MiB / 30.66GiB,0.38%,0B / 0B,0B / 3.02MB,29
2026-07-31 00:17:04,domain_bridge,0.41%,56.03MiB / 30.66GiB,0.18%,0B / 0B,0B / 5.04MB,28
2026-07-31 00:17:04,realsense,17.04%,92.34MiB / 30.66GiB,0.29%,0B / 0B,0B / 3.31MB,33
2026-07-31 00:17:04,mapir-ffmpeg,28.47%,168.6MiB / 30.66GiB,0.54%,0B / 0B,0B / 1.35MB,33
2026-07-31 00:17:04,scovox,71.34%,276.3MiB / 30.66GiB,0.88%,0B / 0B,0B / 3.88MB,53
2026-07-31 00:17:04,openzen,3.12%,32.53MiB / 30.66GiB,0.10%,0B / 0B,0B / 2.15MB,20
2026-07-31 00:17:04,nav2,6.99%,188.9MiB / 30.66GiB,0.60%,0B / 0B,1.67MB / 1.21MB,93
2026-07-31 00:17:07,trav_ros2,100.78%,369.3MiB / 30.66GiB,1.18%,0B / 0B,0B / 258kB,44
2026-07-31 00:17:07,foxglove,10.99%,450.4MiB / 30.66GiB,1.43%,0B / 0B,0B / 3.3MB,31
2026-07-31 00:17:07,docker-recorder-run-dfb44aee8c91,0.00%,10.3MiB / 30.66GiB,0.03%,0B / 0B,0B / 9.45MB,1
2026-07-31 00:17:07,glim,75.86%,299.4MiB / 30.66GiB,0.95%,0B / 0B,0B / 11.6MB,35
2026-07-31 00:17:07,ouster,6.94%,118.6MiB / 30.66GiB,0.38%,0B / 0B,0B / 3.02MB,29
2026-07-31 00:17:07,domain_bridge,0.91%,56.49MiB / 30.66GiB,0.18%,0B / 0B,0B / 5.04MB,28
2026-07-31 00:17:07,realsense,16.66%,92.11MiB / 30.66GiB,0.29%,0B / 0B,0B / 3.31MB,33
2026-07-31 00:17:07,mapir-ffmpeg,28.06%,168.4MiB / 30.66GiB,0.54%,0B / 0B,0B / 1.35MB,33
2026-07-31 00:17:07,scovox,57.27%,308.8MiB / 30.66GiB,0.98%,0B / 0B,0B / 3.88MB,53
2026-07-31 00:17:07,openzen,3.07%,32.54MiB / 30.66GiB,0.10%,0B / 0B,0B / 2.15MB,20
2026-07-31 00:17:07,nav2,5.83%,188.7MiB / 30.66GiB,0.60%,0B / 0B,1.67MB / 1.21MB,93
2026-07-31 00:17:10,trav_ros2,101.06%,369.3MiB / 30.66GiB,1.18%,0B / 0B,0B / 258kB,44
2026-07-31 00:17:10,foxglove,12.22%,458.4MiB / 30.66GiB,1.46%,0B / 0B,0B / 3.3MB,31
2026-07-31 00:17:10,docker-recorder-run-dfb44aee8c91,0.00%,10.3MiB / 30.66GiB,0.03%,0B / 0B,0B / 9.45MB,1
2026-07-31 00:17:10,glim,74.26%,299.8MiB / 30.66GiB,0.95%,0B / 0B,0B / 11.6MB,35
2026-07-31 00:17:10,ouster,7.35%,118.8MiB / 30.66GiB,0.38%,0B / 0B,0B / 3.02MB,29
2026-07-31 00:17:10,domain_bridge,0.58%,56.86MiB / 30.66GiB,0.18%,0B / 0B,0B / 5.04MB,28
2026-07-31 00:17:10,realsense,16.82%,92.16MiB / 30.66GiB,0.29%,0B / 0B,0B / 3.31MB,33
2026-07-31 00:17:10,mapir-ffmpeg,28.43%,168.5MiB / 30.66GiB,0.54%,0B / 0B,0B / 1.35MB,33
2026-07-31 00:17:10,scovox,72.67%,276.6MiB / 30.66GiB,0.88%,0B / 0B,0B / 3.88MB,53
2026-07-31 00:17:10,openzen,3.24%,32.83MiB / 30.66GiB,0.10%,0B / 0B,0B / 2.15MB,20
2026-07-31 00:17:10,nav2,6.30%,187.9MiB / 30.66GiB,0.60%,0B / 0B,1.67MB / 1.21MB,93
2026-07-31 00:17:14,trav_ros2,101.95%,369.6MiB / 30.66GiB,1.18%,0B / 0B,0B / 258kB,44
2026-07-31 00:17:14,foxglove,11.58%,450.2MiB / 30.66GiB,1.43%,0B / 0B,0B / 3.3MB,31
2026-07-31 00:17:14,docker-recorder-run-dfb44aee8c91,0.00%,10.3MiB / 30.66GiB,0.03%,0B / 0B,0B / 9.45MB,1
2026-07-31 00:17:14,glim,75.77%,301.2MiB / 30.66GiB,0.96%,0B / 0B,0B / 11.6MB,35
2026-07-31 00:17:14,ouster,7.19%,118.9MiB / 30.66GiB,0.38%,0B / 0B,0B / 3.02MB,29
2026-07-31 00:17:14,domain_bridge,0.19%,55.82MiB / 30.66GiB,0.18%,0B / 0B,0B / 5.04MB,28
2026-07-31 00:17:14,realsense,17.64%,92.17MiB / 30.66GiB,0.29%,0B / 0B,0B / 3.31MB,33
2026-07-31 00:17:14,mapir-ffmpeg,28.87%,168.3MiB / 30.66GiB,0.54%,0B / 0B,0B / 1.36MB,33
2026-07-31 00:17:14,scovox,72.18%,276.4MiB / 30.66GiB,0.88%,0B / 0B,0B / 3.89MB,53
2026-07-31 00:17:14,openzen,3.13%,32.86MiB / 30.66GiB,0.10%,0B / 0B,0B / 2.15MB,20
2026-07-31 00:17:14,nav2,6.06%,187MiB / 30.66GiB,0.60%,0B / 0B,1.67MB / 1.23MB,93
2026-07-31 00:17:17,trav_ros2,101.35%,369.4MiB / 30.66GiB,1.18%,0B / 0B,0B / 258kB,44
2026-07-31 00:17:17,foxglove,12.02%,458.5MiB / 30.66GiB,1.46%,0B / 0B,0B / 3.3MB,31
2026-07-31 00:17:17,docker-recorder-run-dfb44aee8c91,0.00%,10.3MiB / 30.66GiB,0.03%,0B / 0B,0B / 9.45MB,1
2026-07-31 00:17:17,glim,78.77%,300.6MiB / 30.66GiB,0.96%,0B / 0B,0B / 11.6MB,35
2026-07-31 00:17:17,ouster,7.07%,119MiB / 30.66GiB,0.38%,0B / 0B,0B / 3.02MB,29
2026-07-31 00:17:17,domain_bridge,0.23%,55.53MiB / 30.66GiB,0.18%,0B / 0B,0B / 5.04MB,28
2026-07-31 00:17:17,realsense,17.18%,92.46MiB / 30.66GiB,0.29%,0B / 0B,0B / 3.31MB,33
2026-07-31 00:17:17,mapir-ffmpeg,27.61%,168.4MiB / 30.66GiB,0.54%,0B / 0B,0B / 1.36MB,33
2026-07-31 00:17:17,scovox,56.32%,302.5MiB / 30.66GiB,0.96%,0B / 0B,0B / 3.89MB,53
2026-07-31 00:17:17,openzen,3.16%,32.64MiB / 30.66GiB,0.10%,0B / 0B,0B / 2.15MB,20
2026-07-31 00:17:17,nav2,6.04%,186.9MiB / 30.66GiB,0.60%,0B / 0B,1.67MB / 1.23MB,93
2026-07-31 00:17:20,trav_ros2,100.82%,356.7MiB / 30.66GiB,1.14%,0B / 0B,0B / 258kB,44
2026-07-31 00:17:20,foxglove,11.69%,458MiB / 30.66GiB,1.46%,0B / 0B,0B / 3.3MB,31
2026-07-31 00:17:20,docker-recorder-run-dfb44aee8c91,0.00%,10.3MiB / 30.66GiB,0.03%,0B / 0B,0B / 9.45MB,1
2026-07-31 00:17:20,glim,74.82%,300.4MiB / 30.66GiB,0.96%,0B / 0B,0B / 11.6MB,35
2026-07-31 00:17:20,ouster,7.15%,119.1MiB / 30.66GiB,0.38%,0B / 0B,0B / 3.02MB,29
2026-07-31 00:17:20,domain_bridge,0.46%,56.31MiB / 30.66GiB,0.18%,0B / 0B,0B / 5.04MB,28
2026-07-31 00:17:20,realsense,17.00%,93.34MiB / 30.66GiB,0.30%,0B / 0B,0B / 3.31MB,33
2026-07-31 00:17:20,mapir-ffmpeg,27.47%,168.5MiB / 30.66GiB,0.54%,0B / 0B,0B / 1.36MB,33
2026-07-31 00:17:20,scovox,75.33%,276.9MiB / 30.66GiB,0.88%,0B / 0B,0B / 3.89MB,53
2026-07-31 00:17:20,openzen,3.50%,32.68MiB / 30.66GiB,0.10%,0B / 0B,0B / 2.15MB,20
2026-07-31 00:17:20,nav2,6.17%,187.1MiB / 30.66GiB,0.60%,0B / 0B,1.67MB / 1.23MB,93
2026-07-31 00:17:23,trav_ros2,101.08%,369.5MiB / 30.66GiB,1.18%,0B / 0B,0B / 258kB,44
2026-07-31 00:17:23,foxglove,12.00%,458.6MiB / 30.66GiB,1.46%,0B / 0B,0B / 3.3MB,31
2026-07-31 00:17:23,docker-recorder-run-dfb44aee8c91,0.00%,10.3MiB / 30.66GiB,0.03%,0B / 0B,0B / 9.45MB,1
2026-07-31 00:17:23,glim,82.04%,285.9MiB / 30.66GiB,0.91%,0B / 0B,0B / 11.6MB,35
2026-07-31 00:17:23,ouster,7.15%,119.4MiB / 30.66GiB,0.38%,0B / 0B,0B / 3.02MB,29
2026-07-31 00:17:23,domain_bridge,0.68%,56.29MiB / 30.66GiB,0.18%,0B / 0B,0B / 5.04MB,28
2026-07-31 00:17:23,realsense,16.93%,92.86MiB / 30.66GiB,0.30%,0B / 0B,0B / 3.31MB,33
2026-07-31 00:17:23,mapir-ffmpeg,27.80%,168.7MiB / 30.66GiB,0.54%,0B / 0B,0B / 1.36MB,33
2026-07-31 00:17:23,scovox,58.87%,309.9MiB / 30.66GiB,0.99%,0B / 0B,0B / 3.89MB,53
2026-07-31 00:17:23,openzen,3.30%,32.7MiB / 30.66GiB,0.10%,0B / 0B,0B / 2.15MB,20
2026-07-31 00:17:23,nav2,6.20%,187.2MiB / 30.66GiB,0.60%,0B / 0B,1.67MB / 1.23MB,93
2026-07-31 00:17:26,trav_ros2,102.39%,403.2MiB / 30.66GiB,1.28%,0B / 0B,0B / 258kB,44
2026-07-31 00:17:26,foxglove,11.54%,449.9MiB / 30.66GiB,1.43%,0B / 0B,0B / 3.3MB,31
2026-07-31 00:17:26,docker-recorder-run-dfb44aee8c91,0.00%,10.3MiB / 30.66GiB,0.03%,0B / 0B,0B / 9.45MB,1
2026-07-31 00:17:26,glim,79.04%,297.8MiB / 30.66GiB,0.95%,0B / 0B,0B / 11.6MB,35
2026-07-31 00:17:26,ouster,7.39%,119.4MiB / 30.66GiB,0.38%,0B / 0B,0B / 3.02MB,29
2026-07-31 00:17:26,domain_bridge,0.58%,56.16MiB / 30.66GiB,0.18%,0B / 0B,0B / 5.04MB,28
2026-07-31 00:17:26,realsense,17.14%,93.15MiB / 30.66GiB,0.30%,0B / 0B,0B / 3.31MB,33
2026-07-31 00:17:26,mapir-ffmpeg,28.55%,168.8MiB / 30.66GiB,0.54%,0B / 0B,0B / 1.36MB,33
2026-07-31 00:17:26,scovox,69.25%,277MiB / 30.66GiB,0.88%,0B / 0B,0B / 3.89MB,53
2026-07-31 00:17:26,openzen,3.27%,32.75MiB / 30.66GiB,0.10%,0B / 0B,0B / 2.15MB,20
2026-07-31 00:17:26,nav2,6.03%,187.2MiB / 30.66GiB,0.60%,0B / 0B,1.67MB / 1.23MB,93
2026-07-31 00:17:30,trav_ros2,101.37%,369.3MiB / 30.66GiB,1.18%,0B / 0B,0B / 258kB,44
2026-07-31 00:17:30,foxglove,12.09%,458.1MiB / 30.66GiB,1.46%,0B / 0B,0B / 3.3MB,31
2026-07-31 00:17:30,docker-recorder-run-dfb44aee8c91,0.00%,10.3MiB / 30.66GiB,0.03%,0B / 0B,0B / 9.45MB,1
2026-07-31 00:17:30,glim,82.58%,307.5MiB / 30.66GiB,0.98%,0B / 0B,0B / 11.6MB,35
2026-07-31 00:17:30,ouster,7.02%,119.1MiB / 30.66GiB,0.38%,0B / 0B,0B / 3.02MB,29
2026-07-31 00:17:30,domain_bridge,0.24%,56.48MiB / 30.66GiB,0.18%,0B / 0B,0B / 5.04MB,28
2026-07-31 00:17:30,realsense,17.09%,92.92MiB / 30.66GiB,0.30%,0B / 0B,0B / 3.31MB,33
2026-07-31 00:17:30,mapir-ffmpeg,28.56%,168.6MiB / 30.66GiB,0.54%,0B / 0B,0B / 1.36MB,33
2026-07-31 00:17:30,scovox,71.15%,277.4MiB / 30.66GiB,0.88%,0B / 0B,0B / 3.89MB,53
2026-07-31 00:17:30,openzen,3.13%,32.76MiB / 30.66GiB,0.10%,0B / 0B,0B / 2.15MB,20
2026-07-31 00:17:30,nav2,6.10%,186.5MiB / 30.66GiB,0.59%,0B / 0B,1.67MB / 1.23MB,93
2026-07-31 00:17:33,trav_ros2,101.46%,370.1MiB / 30.66GiB,1.18%,0B / 0B,0B / 258kB,44
2026-07-31 00:17:33,foxglove,10.94%,450.5MiB / 30.66GiB,1.43%,0B / 0B,0B / 3.3MB,31
2026-07-31 00:17:33,docker-recorder-run-dfb44aee8c91,0.00%,10.3MiB / 30.66GiB,0.03%,0B / 0B,0B / 9.45MB,1
2026-07-31 00:17:33,glim,75.53%,307.5MiB / 30.66GiB,0.98%,0B / 0B,0B / 11.6MB,35
2026-07-31 00:17:33,ouster,7.61%,119.2MiB / 30.66GiB,0.38%,0B / 0B,0B / 3.02MB,29
2026-07-31 00:17:33,domain_bridge,0.27%,56.37MiB / 30.66GiB,0.18%,0B / 0B,0B / 5.04MB,28
2026-07-31 00:17:33,realsense,17.37%,92.71MiB / 30.66GiB,0.30%,0B / 0B,0B / 3.31MB,33
2026-07-31 00:17:33,mapir-ffmpeg,28.57%,169.4MiB / 30.66GiB,0.54%,0B / 0B,0B / 1.36MB,33
2026-07-31 00:17:33,scovox,54.35%,302.3MiB / 30.66GiB,0.96%,0B / 0B,0B / 3.89MB,53
2026-07-31 00:17:33,openzen,3.15%,32.81MiB / 30.66GiB,0.10%,0B / 0B,0B / 2.15MB,20
2026-07-31 00:17:33,nav2,5.84%,188.1MiB / 30.66GiB,0.60%,0B / 0B,1.67MB / 1.23MB,93
2026-07-31 00:17:36,trav_ros2,101.90%,370.1MiB / 30.66GiB,1.18%,0B / 0B,0B / 258kB,44
2026-07-31 00:17:36,foxglove,12.20%,458MiB / 30.66GiB,1.46%,0B / 0B,0B / 3.3MB,31
2026-07-31 00:17:36,docker-recorder-run-dfb44aee8c91,0.00%,10.3MiB / 30.66GiB,0.03%,0B / 0B,0B / 9.45MB,1
2026-07-31 00:17:36,glim,75.95%,307.1MiB / 30.66GiB,0.98%,0B / 0B,0B / 11.6MB,35
2026-07-31 00:17:36,ouster,7.62%,119.8MiB / 30.66GiB,0.38%,0B / 0B,0B / 3.02MB,29
2026-07-31 00:17:36,domain_bridge,0.55%,56.51MiB / 30.66GiB,0.18%,0B / 0B,0B / 5.04MB,28
2026-07-31 00:17:36,realsense,17.31%,92.99MiB / 30.66GiB,0.30%,0B / 0B,0B / 3.31MB,33
2026-07-31 00:17:36,mapir-ffmpeg,28.86%,169MiB / 30.66GiB,0.54%,0B / 0B,0B / 1.36MB,33
2026-07-31 00:17:36,scovox,71.51%,277.9MiB / 30.66GiB,0.89%,0B / 0B,0B / 3.97MB,53
2026-07-31 00:17:36,openzen,3.31%,32.85MiB / 30.66GiB,0.10%,0B / 0B,0B / 2.15MB,20
2026-07-31 00:17:36,nav2,6.25%,187.8MiB / 30.66GiB,0.60%,0B / 0B,1.67MB / 1.23MB,93
2026-07-31 00:17:39,trav_ros2,102.26%,369MiB / 30.66GiB,1.18%,0B / 0B,0B / 279kB,44
2026-07-31 00:17:39,foxglove,12.19%,458.3MiB / 30.66GiB,1.46%,0B / 0B,0B / 3.3MB,31
2026-07-31 00:17:39,docker-recorder-run-dfb44aee8c91,0.00%,10.3MiB / 30.66GiB,0.03%,0B / 0B,0B / 9.45MB,1
2026-07-31 00:17:39,glim,77.35%,308.1MiB / 30.66GiB,0.98%,0B / 0B,0B / 11.6MB,35
2026-07-31 00:17:39,ouster,7.19%,119.4MiB / 30.66GiB,0.38%,0B / 0B,0B / 3.02MB,29
2026-07-31 00:17:39,domain_bridge,0.42%,56.36MiB / 30.66GiB,0.18%,0B / 0B,0B / 5.04MB,28
2026-07-31 00:17:39,realsense,17.39%,92.77MiB / 30.66GiB,0.30%,0B / 0B,0B / 3.31MB,33
2026-07-31 00:17:39,mapir-ffmpeg,29.03%,168.8MiB / 30.66GiB,0.54%,0B / 0B,0B / 1.36MB,33
2026-07-31 00:17:39,scovox,56.10%,310.3MiB / 30.66GiB,0.99%,0B / 0B,0B / 3.97MB,53
2026-07-31 00:17:39,openzen,3.16%,33.1MiB / 30.66GiB,0.11%,0B / 0B,0B / 2.15MB,20
2026-07-31 00:17:39,nav2,6.28%,187.8MiB / 30.66GiB,0.60%,0B / 0B,1.67MB / 1.23MB,93
2026-07-31 00:17:42,trav_ros2,101.23%,369.7MiB / 30.66GiB,1.18%,0B / 0B,0B / 279kB,44
2026-07-31 00:17:42,foxglove,11.36%,450.2MiB / 30.66GiB,1.43%,0B / 0B,0B / 3.3MB,31
2026-07-31 00:17:42,docker-recorder-run-dfb44aee8c91,0.00%,10.3MiB / 30.66GiB,0.03%,0B / 0B,0B / 9.45MB,1
2026-07-31 00:17:42,glim,75.34%,307.6MiB / 30.66GiB,0.98%,0B / 0B,0B / 11.6MB,35
2026-07-31 00:17:42,ouster,7.21%,119.9MiB / 30.66GiB,0.38%,0B / 0B,0B / 3.02MB,29
2026-07-31 00:17:42,domain_bridge,0.46%,56.74MiB / 30.66GiB,0.18%,0B / 0B,0B / 5.04MB,28
2026-07-31 00:17:42,realsense,17.28%,93.07MiB / 30.66GiB,0.30%,0B / 0B,0B / 3.31MB,33
2026-07-31 00:17:42,mapir-ffmpeg,28.66%,169.1MiB / 30.66GiB,0.54%,0B / 0B,0B / 1.36MB,33
2026-07-31 00:17:42,scovox,75.71%,277.9MiB / 30.66GiB,0.89%,0B / 0B,0B / 3.97MB,53
2026-07-31 00:17:42,openzen,3.10%,33.16MiB / 30.66GiB,0.11%,0B / 0B,0B / 2.15MB,20
2026-07-31 00:17:42,nav2,5.99%,188MiB / 30.66GiB,0.60%,0B / 0B,1.67MB / 1.23MB,93
2026-07-31 00:17:46,trav_ros2,100.66%,369.8MiB / 30.66GiB,1.18%,0B / 0B,0B / 279kB,44
2026-07-31 00:17:46,foxglove,12.30%,458.4MiB / 30.66GiB,1.46%,0B / 0B,0B / 3.3MB,31
2026-07-31 00:17:46,docker-recorder-run-dfb44aee8c91,0.00%,10.3MiB / 30.66GiB,0.03%,0B / 0B,0B / 9.45MB,1
2026-07-31 00:17:46,glim,78.44%,288.9MiB / 30.66GiB,0.92%,0B / 0B,0B / 11.6MB,35
2026-07-31 00:17:46,ouster,6.86%,119.5MiB / 30.66GiB,0.38%,0B / 0B,0B / 3.02MB,29
2026-07-31 00:17:46,domain_bridge,0.11%,56.5MiB / 30.66GiB,0.18%,0B / 0B,0B / 5.04MB,28
2026-07-31 00:17:46,realsense,16.28%,93.09MiB / 30.66GiB,0.30%,0B / 0B,0B / 3.31MB,33
2026-07-31 00:17:46,mapir-ffmpeg,28.47%,169.1MiB / 30.66GiB,0.54%,0B / 0B,0B / 1.36MB,33
2026-07-31 00:17:46,scovox,62.42%,313.2MiB / 30.66GiB,1.00%,0B / 0B,0B / 3.97MB,53
2026-07-31 00:17:46,openzen,3.05%,32.93MiB / 30.66GiB,0.10%,0B / 0B,0B / 2.15MB,20
2026-07-31 00:17:46,nav2,5.96%,187.6MiB / 30.66GiB,0.60%,0B / 0B,1.67MB / 1.23MB,93
2026-07-31 00:17:49,trav_ros2,102.29%,409.3MiB / 30.66GiB,1.30%,0B / 0B,0B / 279kB,44
2026-07-31 00:17:49,foxglove,12.21%,458.6MiB / 30.66GiB,1.46%,0B / 0B,0B / 3.3MB,31
2026-07-31 00:17:49,docker-recorder-run-dfb44aee8c91,0.00%,10.3MiB / 30.66GiB,0.03%,0B / 0B,0B / 9.45MB,1
2026-07-31 00:17:49,glim,78.06%,294.2MiB / 30.66GiB,0.94%,0B / 0B,0B / 11.6MB,35
2026-07-31 00:17:49,ouster,7.30%,119.1MiB / 30.66GiB,0.38%,0B / 0B,0B / 3.02MB,29
2026-07-31 00:17:49,domain_bridge,0.38%,57.02MiB / 30.66GiB,0.18%,0B / 0B,0B / 5.04MB,28
2026-07-31 00:17:49,realsense,17.34%,92.88MiB / 30.66GiB,0.30%,0B / 0B,0B / 3.31MB,33
2026-07-31 00:17:49,mapir-ffmpeg,28.35%,169.1MiB / 30.66GiB,0.54%,0B / 0B,0B / 1.36MB,33
2026-07-31 00:17:49,scovox,57.32%,277.6MiB / 30.66GiB,0.88%,0B / 0B,0B / 3.99MB,53
2026-07-31 00:17:49,openzen,3.09%,33.21MiB / 30.66GiB,0.11%,0B / 0B,0B / 2.15MB,20
2026-07-31 00:17:49,nav2,6.43%,187.9MiB / 30.66GiB,0.60%,0B / 0B,1.67MB / 1.25MB,93
2026-07-31 00:17:52,trav_ros2,101.68%,369.2MiB / 30.66GiB,1.18%,0B / 0B,0B / 279kB,44
2026-07-31 00:17:52,foxglove,11.10%,450.3MiB / 30.66GiB,1.43%,0B / 0B,0B / 3.3MB,31
2026-07-31 00:17:52,docker-recorder-run-dfb44aee8c91,0.00%,10.3MiB / 30.66GiB,0.03%,0B / 0B,0B / 9.45MB,1
2026-07-31 00:17:52,glim,73.21%,308MiB / 30.66GiB,0.98%,0B / 0B,0B / 11.6MB,35
2026-07-31 00:17:52,ouster,7.13%,119.8MiB / 30.66GiB,0.38%,0B / 0B,0B / 3.02MB,29
2026-07-31 00:17:52,domain_bridge,0.51%,56.8MiB / 30.66GiB,0.18%,0B / 0B,0B / 5.04MB,28
2026-07-31 00:17:52,realsense,16.66%,93.41MiB / 30.66GiB,0.30%,0B / 0B,0B / 3.31MB,33
2026-07-31 00:17:52,mapir-ffmpeg,28.73%,169.2MiB / 30.66GiB,0.54%,0B / 0B,0B / 1.38MB,33
2026-07-31 00:17:52,scovox,73.37%,278.4MiB / 30.66GiB,0.89%,0B / 0B,0B / 3.99MB,53
2026-07-31 00:17:52,openzen,3.10%,33.25MiB / 30.66GiB,0.11%,0B / 0B,0B / 2.15MB,20
2026-07-31 00:17:52,nav2,5.99%,187.3MiB / 30.66GiB,0.60%,0B / 0B,1.67MB / 1.25MB,93
2026-07-31 00:17:55,trav_ros2,101.51%,369.5MiB / 30.66GiB,1.18%,0B / 0B,0B / 279kB,44
2026-07-31 00:17:55,foxglove,11.27%,450.3MiB / 30.66GiB,1.43%,0B / 0B,0B / 3.3MB,31
2026-07-31 00:17:55,docker-recorder-run-dfb44aee8c91,0.00%,10.3MiB / 30.66GiB,0.03%,0B / 0B,0B / 9.45MB,1
2026-07-31 00:17:55,glim,77.12%,307.7MiB / 30.66GiB,0.98%,0B / 0B,0B / 11.6MB,35
2026-07-31 00:17:55,ouster,6.95%,119.3MiB / 30.66GiB,0.38%,0B / 0B,0B / 3.02MB,29
2026-07-31 00:17:55,domain_bridge,0.31%,56.64MiB / 30.66GiB,0.18%,0B / 0B,0B / 5.04MB,28
2026-07-31 00:17:55,realsense,16.23%,93.42MiB / 30.66GiB,0.30%,0B / 0B,0B / 3.31MB,33
2026-07-31 00:17:55,mapir-ffmpeg,28.46%,169.2MiB / 30.66GiB,0.54%,0B / 0B,0B / 1.38MB,33
2026-07-31 00:17:55,scovox,56.14%,305.3MiB / 30.66GiB,0.97%,0B / 0B,0B / 3.99MB,53
2026-07-31 00:17:55,openzen,3.06%,33.02MiB / 30.66GiB,0.11%,0B / 0B,0B / 2.15MB,20
2026-07-31 00:17:55,nav2,5.62%,187.4MiB / 30.66GiB,0.60%,0B / 0B,1.67MB / 1.25MB,93
2026-07-31 00:17:58,trav_ros2,101.25%,370.2MiB / 30.66GiB,1.18%,0B / 0B,0B / 279kB,44
2026-07-31 00:17:58,foxglove,11.86%,458.2MiB / 30.66GiB,1.46%,0B / 0B,0B / 3.3MB,31
2026-07-31 00:17:58,docker-recorder-run-dfb44aee8c91,0.00%,10.3MiB / 30.66GiB,0.03%,0B / 0B,0B / 9.45MB,1
2026-07-31 00:17:58,glim,78.07%,288.5MiB / 30.66GiB,0.92%,0B / 0B,0B / 11.6MB,35
2026-07-31 00:17:58,ouster,7.21%,120MiB / 30.66GiB,0.38%,0B / 0B,0B / 3.02MB,29
2026-07-31 00:17:58,domain_bridge,0.51%,56.36MiB / 30.66GiB,0.18%,0B / 0B,0B / 5.04MB,28
2026-07-31 00:17:58,realsense,16.80%,93.23MiB / 30.66GiB,0.30%,0B / 0B,0B / 3.31MB,33
2026-07-31 00:17:58,mapir-ffmpeg,28.66%,169.5MiB / 30.66GiB,0.54%,0B / 0B,0B / 1.38MB,33
2026-07-31 00:17:58,scovox,68.57%,278.4MiB / 30.66GiB,0.89%,0B / 0B,0B / 3.99MB,53
2026-07-31 00:17:58,openzen,3.11%,33.56MiB / 30.66GiB,0.11%,0B / 0B,0B / 2.15MB,20
2026-07-31 00:17:58,nav2,6.30%,187.6MiB / 30.66GiB,0.60%,0B / 0B,1.67MB / 1.25MB,93
2026-07-31 00:18:01,trav_ros2,101.93%,371.5MiB / 30.66GiB,1.18%,0B / 0B,0B / 279kB,44
2026-07-31 00:18:01,foxglove,11.62%,458.2MiB / 30.66GiB,1.46%,0B / 0B,0B / 3.3MB,31
2026-07-31 00:18:01,docker-recorder-run-dfb44aee8c91,0.00%,10.3MiB / 30.66GiB,0.03%,0B / 0B,0B / 9.45MB,1
2026-07-31 00:18:01,glim,76.52%,289.2MiB / 30.66GiB,0.92%,0B / 0B,0B / 11.6MB,35
2026-07-31 00:18:01,ouster,7.01%,119.5MiB / 30.66GiB,0.38%,0B / 0B,0B / 3.02MB,29
2026-07-31 00:18:01,domain_bridge,0.15%,56.53MiB / 30.66GiB,0.18%,0B / 0B,0B / 5.04MB,28
2026-07-31 00:18:01,realsense,17.41%,93MiB / 30.66GiB,0.30%,0B / 0B,0B / 3.31MB,33
2026-07-31 00:18:01,mapir-ffmpeg,27.79%,169.2MiB / 30.66GiB,0.54%,0B / 0B,0B / 1.38MB,33
2026-07-31 00:18:01,scovox,56.87%,313MiB / 30.66GiB,1.00%,0B / 0B,0B / 3.99MB,53
2026-07-31 00:18:01,openzen,3.00%,33.09MiB / 30.66GiB,0.11%,0B / 0B,0B / 2.15MB,20
2026-07-31 00:18:01,nav2,5.76%,187.8MiB / 30.66GiB,0.60%,0B / 0B,1.67MB / 1.25MB,93
2026-07-31 00:18:05,trav_ros2,101.84%,370.7MiB / 30.66GiB,1.18%,0B / 0B,0B / 279kB,44
2026-07-31 00:18:05,foxglove,12.58%,459.2MiB / 30.66GiB,1.46%,0B / 0B,0B / 3.3MB,31
2026-07-31 00:18:05,docker-recorder-run-dfb44aee8c91,0.00%,10.3MiB / 30.66GiB,0.03%,0B / 0B,0B / 9.45MB,1
2026-07-31 00:18:05,glim,78.52%,304.4MiB / 30.66GiB,0.97%,0B / 0B,0B / 11.6MB,35
2026-07-31 00:18:05,ouster,7.72%,119.3MiB / 30.66GiB,0.38%,0B / 0B,0B / 3.02MB,29
2026-07-31 00:18:05,domain_bridge,0.54%,56.55MiB / 30.66GiB,0.18%,0B / 0B,0B / 5.04MB,28
2026-07-31 00:18:05,realsense,17.06%,93.28MiB / 30.66GiB,0.30%,0B / 0B,0B / 3.31MB,33
2026-07-31 00:18:05,mapir-ffmpeg,28.22%,169.3MiB / 30.66GiB,0.54%,0B / 0B,0B / 1.38MB,33
2026-07-31 00:18:05,scovox,56.02%,278.4MiB / 30.66GiB,0.89%,0B / 0B,0B / 3.99MB,53
2026-07-31 00:18:05,openzen,3.33%,33.12MiB / 30.66GiB,0.11%,0B / 0B,0B / 2.15MB,20
2026-07-31 00:18:05,nav2,6.20%,187.5MiB / 30.66GiB,0.60%,0B / 0B,1.67MB / 1.25MB,93
2026-07-31 00:18:08,trav_ros2,99.38%,363.2MiB / 30.66GiB,1.16%,0B / 0B,0B / 279kB,44
2026-07-31 00:18:08,foxglove,11.89%,458.4MiB / 30.66GiB,1.46%,0B / 0B,152kB / 3.3MB,31
2026-07-31 00:18:08,docker-recorder-run-dfb44aee8c91,0.00%,10.3MiB / 30.66GiB,0.03%,0B / 0B,0B / 9.45MB,1
2026-07-31 00:18:08,glim,75.48%,304.6MiB / 30.66GiB,0.97%,0B / 0B,0B / 11.6MB,35
2026-07-31 00:18:08,ouster,7.05%,119.4MiB / 30.66GiB,0.38%,0B / 0B,0B / 3.02MB,29
2026-07-31 00:18:08,domain_bridge,0.57%,56.32MiB / 30.66GiB,0.18%,0B / 0B,0B / 5.04MB,28
2026-07-31 00:18:08,realsense,17.12%,93.56MiB / 30.66GiB,0.30%,0B / 0B,0B / 3.31MB,33
2026-07-31 00:18:08,mapir-ffmpeg,28.16%,169.3MiB / 30.66GiB,0.54%,0B / 0B,0B / 1.38MB,33
2026-07-31 00:18:08,scovox,73.37%,279.6MiB / 30.66GiB,0.89%,0B / 0B,0B / 3.99MB,53
2026-07-31 00:18:08,openzen,3.29%,33.17MiB / 30.66GiB,0.11%,0B / 0B,0B / 2.15MB,20
2026-07-31 00:18:08,nav2,6.39%,188MiB / 30.66GiB,0.60%,0B / 0B,1.67MB / 1.25MB,93
2026-07-31 00:18:11,trav_ros2,101.46%,416.9MiB / 30.66GiB,1.33%,0B / 0B,0B / 299kB,44
2026-07-31 00:18:11,foxglove,12.21%,459MiB / 30.66GiB,1.46%,0B / 0B,152kB / 3.3MB,31
2026-07-31 00:18:11,docker-recorder-run-dfb44aee8c91,0.00%,10.3MiB / 30.66GiB,0.03%,0B / 0B,0B / 9.45MB,1
2026-07-31 00:18:11,glim,78.03%,293.7MiB / 30.66GiB,0.94%,0B / 0B,0B / 11.6MB,35
2026-07-31 00:18:11,ouster,7.54%,119.9MiB / 30.66GiB,0.38%,0B / 0B,0B / 3.02MB,29
2026-07-31 00:18:11,domain_bridge,0.40%,57.03MiB / 30.66GiB,0.18%,0B / 0B,0B / 5.04MB,28
2026-07-31 00:18:11,realsense,16.88%,93.33MiB / 30.66GiB,0.30%,0B / 0B,0B / 3.31MB,33
2026-07-31 00:18:11,mapir-ffmpeg,28.09%,169.6MiB / 30.66GiB,0.54%,0B / 0B,0B / 1.38MB,33
2026-07-31 00:18:11,scovox,56.69%,306.7MiB / 30.66GiB,0.98%,0B / 0B,0B / 4.08MB,53
2026-07-31 00:18:11,openzen,3.40%,33.42MiB / 30.66GiB,0.11%,0B / 0B,0B / 2.15MB,20
2026-07-31 00:18:11,nav2,6.29%,187.7MiB / 30.66GiB,0.60%,0B / 0B,1.67MB / 1.25MB,93
2026-07-31 00:18:14,trav_ros2,102.37%,370MiB / 30.66GiB,1.18%,0B / 0B,0B / 299kB,44
2026-07-31 00:18:14,foxglove,12.39%,458.2MiB / 30.66GiB,1.46%,0B / 0B,152kB / 3.3MB,31
2026-07-31 00:18:14,docker-recorder-run-dfb44aee8c91,0.00%,10.3MiB / 30.66GiB,0.03%,0B / 0B,0B / 9.45MB,1
2026-07-31 00:18:14,glim,71.21%,297.9MiB / 30.66GiB,0.95%,0B / 0B,0B / 11.6MB,35
2026-07-31 00:18:14,ouster,7.54%,119.9MiB / 30.66GiB,0.38%,0B / 0B,0B / 3.02MB,29
2026-07-31 00:18:14,domain_bridge,0.51%,56.51MiB / 30.66GiB,0.18%,0B / 0B,0B / 5.04MB,28
2026-07-31 00:18:14,realsense,17.47%,93.14MiB / 30.66GiB,0.30%,0B / 0B,0B / 3.31MB,33
2026-07-31 00:18:14,mapir-ffmpeg,28.50%,169.1MiB / 30.66GiB,0.54%,0B / 0B,0B / 1.38MB,33
2026-07-31 00:18:14,scovox,73.53%,279.9MiB / 30.66GiB,0.89%,0B / 0B,0B / 4.08MB,53
2026-07-31 00:18:14,openzen,3.47%,33.23MiB / 30.66GiB,0.11%,0B / 0B,0B / 2.15MB,20
2026-07-31 00:18:14,nav2,6.51%,188MiB / 30.66GiB,0.60%,0B / 0B,1.67MB / 1.25MB,93
2026-07-31 00:18:17,trav_ros2,101.25%,370.1MiB / 30.66GiB,1.18%,0B / 0B,0B / 299kB,44
2026-07-31 00:18:17,foxglove,11.43%,450.5MiB / 30.66GiB,1.43%,0B / 0B,152kB / 3.3MB,31
2026-07-31 00:18:17,docker-recorder-run-dfb44aee8c91,0.00%,10.3MiB / 30.66GiB,0.03%,0B / 0B,0B / 9.45MB,1
2026-07-31 00:18:17,glim,75.93%,298.4MiB / 30.66GiB,0.95%,0B / 0B,0B / 11.6MB,35
2026-07-31 00:18:17,ouster,7.02%,119.9MiB / 30.66GiB,0.38%,0B / 0B,0B / 3.02MB,29
2026-07-31 00:18:17,domain_bridge,0.12%,56.51MiB / 30.66GiB,0.18%,0B / 0B,0B / 5.04MB,28
2026-07-31 00:18:17,realsense,17.19%,93.4MiB / 30.66GiB,0.30%,0B / 0B,0B / 3.31MB,33
2026-07-31 00:18:17,mapir-ffmpeg,29.22%,169.2MiB / 30.66GiB,0.54%,0B / 0B,0B / 1.38MB,33
2026-07-31 00:18:17,scovox,52.93%,311.9MiB / 30.66GiB,0.99%,0B / 0B,0B / 4.08MB,53
2026-07-31 00:18:17,openzen,2.99%,33.49MiB / 30.66GiB,0.11%,0B / 0B,0B / 2.15MB,20
2026-07-31 00:18:17,nav2,6.02%,188.3MiB / 30.66GiB,0.60%,0B / 0B,1.67MB / 1.25MB,93
2026-07-31 00:18:21,trav_ros2,100.67%,364.4MiB / 30.66GiB,1.16%,0B / 0B,0B / 299kB,44
2026-07-31 00:18:21,foxglove,12.11%,459MiB / 30.66GiB,1.46%,0B / 0B,152kB / 3.3MB,31
2026-07-31 00:18:21,docker-recorder-run-dfb44aee8c91,0.00%,10.3MiB / 30.66GiB,0.03%,0B / 0B,0B / 9.45MB,1
2026-07-31 00:18:21,glim,76.02%,298.6MiB / 30.66GiB,0.95%,0B / 0B,0B / 11.6MB,35
2026-07-31 00:18:21,ouster,7.35%,119.7MiB / 30.66GiB,0.38%,0B / 0B,0B / 3.02MB,29
2026-07-31 00:18:21,domain_bridge,0.47%,57.02MiB / 30.66GiB,0.18%,0B / 0B,0B / 5.04MB,28
2026-07-31 00:18:21,realsense,16.92%,93.43MiB / 30.66GiB,0.30%,0B / 0B,0B / 3.31MB,33
2026-07-31 00:18:21,mapir-ffmpeg,28.66%,169.2MiB / 30.66GiB,0.54%,0B / 0B,0B / 1.38MB,33
2026-07-31 00:18:21,scovox,59.40%,279.3MiB / 30.66GiB,0.89%,0B / 0B,0B / 4.08MB,53
2026-07-31 00:18:21,openzen,3.18%,33.27MiB / 30.66GiB,0.11%,0B / 0B,0B / 2.15MB,20
2026-07-31 00:18:21,nav2,6.33%,188.3MiB / 30.66GiB,0.60%,0B / 0B,1.67MB / 1.25MB,93
2026-07-31 00:18:24,trav_ros2,100.44%,357.2MiB / 30.66GiB,1.14%,0B / 0B,0B / 299kB,44
2026-07-31 00:18:24,foxglove,11.97%,458.8MiB / 30.66GiB,1.46%,0B / 0B,152kB / 3.3MB,31
2026-07-31 00:18:24,docker-recorder-run-dfb44aee8c91,0.00%,10.3MiB / 30.66GiB,0.03%,0B / 0B,0B / 9.45MB,1
2026-07-31 00:18:24,glim,76.64%,300.9MiB / 30.66GiB,0.96%,0B / 0B,0B / 11.6MB,35
2026-07-31 00:18:24,ouster,7.31%,119.8MiB / 30.66GiB,0.38%,0B / 0B,0B / 3.02MB,29
2026-07-31 00:18:24,domain_bridge,0.42%,56.5MiB / 30.66GiB,0.18%,0B / 0B,0B / 5.04MB,28
2026-07-31 00:18:24,realsense,16.97%,93.23MiB / 30.66GiB,0.30%,0B / 0B,0B / 3.31MB,33
2026-07-31 00:18:24,mapir-ffmpeg,29.01%,169.5MiB / 30.66GiB,0.54%,0B / 0B,0B / 1.39MB,33
2026-07-31 00:18:24,scovox,70.58%,280MiB / 30.66GiB,0.89%,0B / 0B,0B / 4.08MB,53
2026-07-31 00:18:24,openzen,3.31%,33.32MiB / 30.66GiB,0.11%,0B / 0B,0B / 2.15MB,20
2026-07-31 00:18:24,nav2,6.29%,188.4MiB / 30.66GiB,0.60%,0B / 0B,1.67MB / 1.26MB,93
2026-07-31 00:18:27,trav_ros2,101.92%,365.6MiB / 30.66GiB,1.16%,0B / 0B,0B / 299kB,44
2026-07-31 00:18:27,foxglove,12.23%,458.8MiB / 30.66GiB,1.46%,0B / 0B,152kB / 3.3MB,31
2026-07-31 00:18:27,docker-recorder-run-dfb44aee8c91,0.00%,10.3MiB / 30.66GiB,0.03%,0B / 0B,0B / 9.45MB,1
2026-07-31 00:18:27,glim,75.46%,301.1MiB / 30.66GiB,0.96%,0B / 0B,0B / 11.6MB,35
2026-07-31 00:18:27,ouster,7.50%,119.6MiB / 30.66GiB,0.38%,0B / 0B,0B / 3.02MB,29
2026-07-31 00:18:27,domain_bridge,0.27%,56.55MiB / 30.66GiB,0.18%,0B / 0B,0B / 5.04MB,28
2026-07-31 00:18:27,realsense,17.42%,93.23MiB / 30.66GiB,0.30%,0B / 0B,0B / 3.31MB,33
2026-07-31 00:18:27,mapir-ffmpeg,28.73%,169.2MiB / 30.66GiB,0.54%,0B / 0B,0B / 1.39MB,33
2026-07-31 00:18:27,scovox,54.44%,305.6MiB / 30.66GiB,0.97%,0B / 0B,0B / 4.09MB,53
2026-07-31 00:18:27,openzen,3.15%,33.32MiB / 30.66GiB,0.11%,0B / 0B,0B / 2.15MB,20
2026-07-31 00:18:27,nav2,6.23%,188.2MiB / 30.66GiB,0.60%,0B / 0B,1.67MB / 1.26MB,93
2026-07-31 00:18:30,trav_ros2,100.76%,369.3MiB / 30.66GiB,1.18%,0B / 0B,0B / 299kB,44
2026-07-31 00:18:30,foxglove,12.22%,458.2MiB / 30.66GiB,1.46%,0B / 0B,152kB / 3.3MB,31
2026-07-31 00:18:30,docker-recorder-run-dfb44aee8c91,0.00%,10.3MiB / 30.66GiB,0.03%,0B / 0B,0B / 9.45MB,1
2026-07-31 00:18:30,glim,75.31%,308.7MiB / 30.66GiB,0.98%,0B / 0B,0B / 11.6MB,35
2026-07-31 00:18:30,ouster,7.18%,120.5MiB / 30.66GiB,0.38%,0B / 0B,0B / 3.02MB,29
2026-07-31 00:18:30,domain_bridge,0.66%,57.22MiB / 30.66GiB,0.18%,0B / 0B,0B / 5.04MB,28
2026-07-31 00:18:30,realsense,16.73%,93.29MiB / 30.66GiB,0.30%,0B / 0B,0B / 3.31MB,33
2026-07-31 00:18:30,mapir-ffmpeg,28.58%,169.5MiB / 30.66GiB,0.54%,0B / 0B,0B / 1.39MB,33
2026-07-31 00:18:30,scovox,69.24%,279.8MiB / 30.66GiB,0.89%,0B / 0B,0B / 4.09MB,53
2026-07-31 00:18:30,openzen,3.05%,33.38MiB / 30.66GiB,0.11%,0B / 0B,0B / 2.15MB,20
2026-07-31 00:18:30,nav2,6.34%,189.3MiB / 30.66GiB,0.60%,0B / 0B,1.67MB / 1.26MB,93
2026-07-31 00:18:33,trav_ros2,100.74%,407.3MiB / 30.66GiB,1.30%,0B / 0B,0B / 299kB,44
2026-07-31 00:18:33,foxglove,11.53%,458.5MiB / 30.66GiB,1.46%,0B / 0B,152kB / 3.3MB,31
2026-07-31 00:18:33,docker-recorder-run-dfb44aee8c91,0.00%,10.3MiB / 30.66GiB,0.03%,0B / 0B,0B / 9.45MB,1
2026-07-31 00:18:33,glim,73.53%,313.2MiB / 30.66GiB,1.00%,0B / 0B,0B / 11.6MB,35
2026-07-31 00:18:33,ouster,6.86%,119.7MiB / 30.66GiB,0.38%,0B / 0B,0B / 3.02MB,29
2026-07-31 00:18:33,domain_bridge,0.12%,56.58MiB / 30.66GiB,0.18%,0B / 0B,0B / 5.04MB,28
2026-07-31 00:18:33,realsense,16.03%,93.3MiB / 30.66GiB,0.30%,0B / 0B,0B / 3.31MB,33
2026-07-31 00:18:33,mapir-ffmpeg,28.28%,169.6MiB / 30.66GiB,0.54%,0B / 0B,0B / 1.39MB,33
2026-07-31 00:18:33,scovox,52.20%,310.7MiB / 30.66GiB,0.99%,0B / 0B,0B / 4.09MB,53
2026-07-31 00:18:33,openzen,2.95%,33.39MiB / 30.66GiB,0.11%,0B / 0B,0B / 2.15MB,20
2026-07-31 00:18:33,nav2,6.11%,188.4MiB / 30.66GiB,0.60%,0B / 0B,1.67MB / 1.26MB,93
2026-07-31 00:18:36,trav_ros2,102.03%,370.8MiB / 30.66GiB,1.18%,0B / 0B,0B / 299kB,44
2026-07-31 00:18:36,foxglove,11.89%,451.2MiB / 30.66GiB,1.44%,0B / 0B,152kB / 3.3MB,31
2026-07-31 00:18:36,docker-recorder-run-dfb44aee8c91,0.00%,10.3MiB / 30.66GiB,0.03%,0B / 0B,0B / 9.45MB,1
2026-07-31 00:18:36,glim,74.09%,312.9MiB / 30.66GiB,1.00%,0B / 0B,0B / 11.6MB,35
2026-07-31 00:18:36,ouster,7.28%,119.7MiB / 30.66GiB,0.38%,0B / 0B,0B / 3.02MB,29
2026-07-31 00:18:36,domain_bridge,0.65%,57.09MiB / 30.66GiB,0.18%,0B / 0B,0B / 5.04MB,28
2026-07-31 00:18:36,realsense,17.27%,93.59MiB / 30.66GiB,0.30%,0B / 0B,0B / 3.31MB,33
2026-07-31 00:18:36,mapir-ffmpeg,28.06%,169.6MiB / 30.66GiB,0.54%,0B / 0B,0B / 1.39MB,33
2026-07-31 00:18:36,scovox,66.20%,280MiB / 30.66GiB,0.89%,0B / 0B,0B / 4.09MB,53
2026-07-31 00:18:36,openzen,3.35%,33.43MiB / 30.66GiB,0.11%,0B / 0B,0B / 2.15MB,20
2026-07-31 00:18:36,nav2,6.18%,188.6MiB / 30.66GiB,0.60%,0B / 0B,1.67MB / 1.26MB,93
2026-07-31 00:18:40,trav_ros2,101.60%,363.8MiB / 30.66GiB,1.16%,0B / 0B,0B / 299kB,44
2026-07-31 00:18:40,foxglove,11.90%,458.8MiB / 30.66GiB,1.46%,0B / 0B,152kB / 3.3MB,31
2026-07-31 00:18:40,docker-recorder-run-dfb44aee8c91,0.00%,10.3MiB / 30.66GiB,0.03%,0B / 0B,0B / 9.45MB,1
2026-07-31 00:18:40,glim,77.03%,297.8MiB / 30.66GiB,0.95%,0B / 0B,0B / 11.6MB,35
2026-07-31 00:18:40,ouster,7.19%,119.7MiB / 30.66GiB,0.38%,0B / 0B,0B / 3.02MB,29
2026-07-31 00:18:40,domain_bridge,0.40%,56.59MiB / 30.66GiB,0.18%,0B / 0B,0B / 5.04MB,28
2026-07-31 00:18:40,realsense,17.05%,93.87MiB / 30.66GiB,0.30%,0B / 0B,0B / 3.31MB,33
2026-07-31 00:18:40,mapir-ffmpeg,28.41%,169.6MiB / 30.66GiB,0.54%,0B / 0B,0B / 1.39MB,33
2026-07-31 00:18:40,scovox,64.83%,280.7MiB / 30.66GiB,0.89%,0B / 0B,0B / 4.18MB,53
2026-07-31 00:18:40,openzen,3.16%,33.47MiB / 30.66GiB,0.11%,0B / 0B,0B / 2.15MB,20
2026-07-31 00:18:40,nav2,6.27%,188.6MiB / 30.66GiB,0.60%,0B / 0B,1.67MB / 1.27MB,93
2026-07-31 00:18:43,trav_ros2,101.20%,370MiB / 30.66GiB,1.18%,0B / 0B,0B / 315kB,44
2026-07-31 00:18:43,foxglove,11.94%,458.2MiB / 30.66GiB,1.46%,0B / 0B,152kB / 3.3MB,31
2026-07-31 00:18:43,docker-recorder-run-dfb44aee8c91,0.00%,10.3MiB / 30.66GiB,0.03%,0B / 0B,0B / 9.45MB,1
2026-07-31 00:18:43,glim,73.48%,299MiB / 30.66GiB,0.95%,0B / 0B,0B / 11.6MB,35
2026-07-31 00:18:43,ouster,7.43%,119.9MiB / 30.66GiB,0.38%,0B / 0B,0B / 3.02MB,29
2026-07-31 00:18:43,domain_bridge,0.27%,56.94MiB / 30.66GiB,0.18%,0B / 0B,0B / 5.04MB,28
2026-07-31 00:18:43,realsense,16.36%,93.64MiB / 30.66GiB,0.30%,0B / 0B,0B / 3.31MB,33
2026-07-31 00:18:43,mapir-ffmpeg,27.75%,170.1MiB / 30.66GiB,0.54%,0B / 0B,0B / 1.39MB,33
2026-07-31 00:18:43,scovox,50.29%,280.8MiB / 30.66GiB,0.89%,0B / 0B,0B / 4.18MB,53
2026-07-31 00:18:43,openzen,3.16%,33.73MiB / 30.66GiB,0.11%,0B / 0B,0B / 2.15MB,20
2026-07-31 00:18:43,nav2,6.10%,188.6MiB / 30.66GiB,0.60%,0B / 0B,1.67MB / 1.27MB,93
2026-07-31 00:18:46,trav_ros2,100.48%,371MiB / 30.66GiB,1.18%,0B / 0B,0B / 315kB,44
2026-07-31 00:18:46,foxglove,11.56%,450.5MiB / 30.66GiB,1.43%,0B / 0B,152kB / 3.3MB,31
2026-07-31 00:18:46,docker-recorder-run-dfb44aee8c91,0.00%,10.3MiB / 30.66GiB,0.03%,0B / 0B,0B / 9.45MB,1
2026-07-31 00:18:46,glim,75.15%,298.9MiB / 30.66GiB,0.95%,0B / 0B,0B / 11.6MB,35
2026-07-31 00:18:46,ouster,7.76%,120.2MiB / 30.66GiB,0.38%,0B / 0B,0B / 3.02MB,29
2026-07-31 00:18:46,domain_bridge,0.88%,56.7MiB / 30.66GiB,0.18%,0B / 0B,0B / 5.04MB,28
2026-07-31 00:18:46,realsense,16.63%,93.69MiB / 30.66GiB,0.30%,0B / 0B,0B / 3.31MB,33
2026-07-31 00:18:46,mapir-ffmpeg,28.49%,170.7MiB / 30.66GiB,0.54%,0B / 0B,0B / 1.39MB,33
2026-07-31 00:18:46,scovox,71.72%,280.8MiB / 30.66GiB,0.89%,0B / 0B,0B / 4.18MB,53
2026-07-31 00:18:46,openzen,3.24%,33.77MiB / 30.66GiB,0.11%,0B / 0B,0B / 2.15MB,20
2026-07-31 00:18:46,nav2,6.47%,190MiB / 30.66GiB,0.61%,0B / 0B,1.67MB / 1.27MB,93
2026-07-31 00:18:49,trav_ros2,100.91%,370.6MiB / 30.66GiB,1.18%,0B / 0B,0B / 315kB,44
2026-07-31 00:18:49,foxglove,11.91%,458.8MiB / 30.66GiB,1.46%,0B / 0B,152kB / 3.3MB,31
2026-07-31 00:18:49,docker-recorder-run-dfb44aee8c91,0.00%,10.3MiB / 30.66GiB,0.03%,0B / 0B,0B / 9.45MB,1
2026-07-31 00:18:49,glim,72.61%,298.4MiB / 30.66GiB,0.95%,0B / 0B,0B / 11.6MB,35
2026-07-31 00:18:49,ouster,6.74%,119.9MiB / 30.66GiB,0.38%,0B / 0B,0B / 3.02MB,29
2026-07-31 00:18:49,domain_bridge,0.32%,56.26MiB / 30.66GiB,0.18%,0B / 0B,0B / 5.04MB,28
2026-07-31 00:18:49,realsense,16.53%,93.71MiB / 30.66GiB,0.30%,0B / 0B,0B / 3.31MB,33
2026-07-31 00:18:49,mapir-ffmpeg,27.40%,169.5MiB / 30.66GiB,0.54%,0B / 0B,0B / 1.39MB,33
2026-07-31 00:18:49,scovox,51.95%,312.5MiB / 30.66GiB,1.00%,0B / 0B,0B / 4.18MB,53
2026-07-31 00:18:49,openzen,2.89%,33.8MiB / 30.66GiB,0.11%,0B / 0B,0B / 2.15MB,20
2026-07-31 00:18:49,nav2,5.78%,189.1MiB / 30.66GiB,0.60%,0B / 0B,1.67MB / 1.27MB,93
2026-07-31 00:18:52,trav_ros2,102.35%,370.8MiB / 30.66GiB,1.18%,0B / 0B,0B / 315kB,44
2026-07-31 00:18:52,foxglove,12.56%,459.2MiB / 30.66GiB,1.46%,0B / 0B,152kB / 3.3MB,31
2026-07-31 00:18:52,docker-recorder-run-dfb44aee8c91,0.00%,10.3MiB / 30.66GiB,0.03%,0B / 0B,0B / 9.45MB,1
2026-07-31 00:18:52,glim,75.40%,298.2MiB / 30.66GiB,0.95%,0B / 0B,0B / 11.6MB,35
2026-07-31 00:18:52,ouster,7.30%,120.3MiB / 30.66GiB,0.38%,0B / 0B,0B / 3.02MB,29
2026-07-31 00:18:52,domain_bridge,0.70%,56.64MiB / 30.66GiB,0.18%,0B / 0B,0B / 5.04MB,28
2026-07-31 00:18:52,realsense,17.29%,93.74MiB / 30.66GiB,0.30%,0B / 0B,0B / 3.31MB,33
2026-07-31 00:18:52,mapir-ffmpeg,28.25%,170MiB / 30.66GiB,0.54%,0B / 0B,0B / 1.39MB,33
2026-07-31 00:18:52,scovox,74.73%,280.8MiB / 30.66GiB,0.89%,0B / 0B,0B / 4.18MB,53
2026-07-31 00:18:52,openzen,3.44%,33.59MiB / 30.66GiB,0.11%,0B / 0B,0B / 2.15MB,20
2026-07-31 00:18:52,nav2,6.45%,189.9MiB / 30.66GiB,0.60%,0B / 0B,1.67MB / 1.27MB,93
2026-07-31 00:18:56,trav_ros2,101.80%,426.4MiB / 30.66GiB,1.36%,0B / 0B,0B / 315kB,44
2026-07-31 00:18:56,foxglove,11.79%,458.7MiB / 30.66GiB,1.46%,0B / 0B,152kB / 3.3MB,31
2026-07-31 00:18:56,docker-recorder-run-dfb44aee8c91,0.00%,10.3MiB / 30.66GiB,0.03%,0B / 0B,0B / 9.45MB,1
2026-07-31 00:18:56,glim,73.66%,305.9MiB / 30.66GiB,0.97%,0B / 0B,0B / 11.6MB,35
2026-07-31 00:18:56,ouster,7.19%,120MiB / 30.66GiB,0.38%,0B / 0B,0B / 3.02MB,29
2026-07-31 00:18:56,domain_bridge,0.46%,56.8MiB / 30.66GiB,0.18%,0B / 0B,0B / 5.04MB,28
2026-07-31 00:18:56,realsense,17.57%,94.04MiB / 30.66GiB,0.30%,0B / 0B,0B / 3.31MB,33
2026-07-31 00:18:56,mapir-ffmpeg,28.03%,170MiB / 30.66GiB,0.54%,0B / 0B,0B / 1.39MB,33
2026-07-31 00:18:56,scovox,64.07%,281.1MiB / 30.66GiB,0.90%,0B / 0B,0B / 4.19MB,53
2026-07-31 00:18:56,openzen,3.30%,33.63MiB / 30.66GiB,0.11%,0B / 0B,0B / 2.15MB,20
2026-07-31 00:18:56,nav2,5.98%,189.8MiB / 30.66GiB,0.60%,0B / 0B,1.67MB / 1.27MB,93
2026-07-31 00:18:59,trav_ros2,101.27%,365.2MiB / 30.66GiB,1.16%,0B / 0B,0B / 315kB,44
2026-07-31 00:18:59,foxglove,11.96%,459.1MiB / 30.66GiB,1.46%,0B / 0B,152kB / 3.3MB,31
2026-07-31 00:18:59,docker-recorder-run-dfb44aee8c91,0.00%,10.3MiB / 30.66GiB,0.03%,0B / 0B,0B / 9.45MB,1
2026-07-31 00:18:59,glim,75.82%,326.6MiB / 30.66GiB,1.04%,0B / 0B,0B / 11.6MB,35
2026-07-31 00:18:59,ouster,7.02%,120.3MiB / 30.66GiB,0.38%,0B / 0B,0B / 3.02MB,29
2026-07-31 00:18:59,domain_bridge,0.31%,57.09MiB / 30.66GiB,0.18%,0B / 0B,0B / 5.04MB,28
2026-07-31 00:18:59,realsense,17.20%,93.79MiB / 30.66GiB,0.30%,0B / 0B,0B / 3.31MB,33
2026-07-31 00:18:59,mapir-ffmpeg,28.40%,169.6MiB / 30.66GiB,0.54%,0B / 0B,0B / 1.4MB,33
2026-07-31 00:18:59,scovox,51.99%,281.2MiB / 30.66GiB,0.90%,0B / 0B,0B / 4.19MB,53
2026-07-31 00:18:59,openzen,2.88%,33.88MiB / 30.66GiB,0.11%,0B / 0B,0B / 2.15MB,20
2026-07-31 00:18:59,nav2,6.34%,189.4MiB / 30.66GiB,0.60%,0B / 0B,1.67MB / 1.28MB,93
2026-07-31 00:19:02,trav_ros2,102.11%,370.8MiB / 30.66GiB,1.18%,0B / 0B,0B / 315kB,44
2026-07-31 00:19:02,foxglove,11.88%,450.7MiB / 30.66GiB,1.44%,0B / 0B,152kB / 3.3MB,31
2026-07-31 00:19:02,docker-recorder-run-dfb44aee8c91,0.00%,10.3MiB / 30.66GiB,0.03%,0B / 0B,0B / 9.45MB,1
2026-07-31 00:19:02,glim,76.32%,326.6MiB / 30.66GiB,1.04%,0B / 0B,0B / 11.6MB,35
2026-07-31 00:19:02,ouster,7.42%,120.1MiB / 30.66GiB,0.38%,0B / 0B,0B / 3.02MB,29
2026-07-31 00:19:02,domain_bridge,0.87%,56.82MiB / 30.66GiB,0.18%,0B / 0B,0B / 5.04MB,28
2026-07-31 00:19:02,realsense,17.24%,93.84MiB / 30.66GiB,0.30%,0B / 0B,0B / 3.31MB,33
2026-07-31 00:19:02,mapir-ffmpeg,29.23%,170.4MiB / 30.66GiB,0.54%,0B / 0B,0B / 1.4MB,33
2026-07-31 00:19:02,scovox,77.31%,281.6MiB / 30.66GiB,0.90%,0B / 0B,0B / 4.19MB,53
2026-07-31 00:19:02,openzen,3.60%,33.92MiB / 30.66GiB,0.11%,0B / 0B,0B / 2.15MB,20
2026-07-31 00:19:02,nav2,6.75%,189.8MiB / 30.66GiB,0.60%,0B / 0B,1.67MB / 1.28MB,93
2026-07-31 00:19:05,trav_ros2,101.87%,370.3MiB / 30.66GiB,1.18%,0B / 0B,0B / 315kB,44
2026-07-31 00:19:05,foxglove,11.21%,450.7MiB / 30.66GiB,1.44%,0B / 0B,152kB / 3.3MB,31
2026-07-31 00:19:05,docker-recorder-run-dfb44aee8c91,0.00%,10.3MiB / 30.66GiB,0.03%,0B / 0B,0B / 9.45MB,1
2026-07-31 00:19:05,glim,78.82%,319.5MiB / 30.66GiB,1.02%,0B / 0B,0B / 11.6MB,35
2026-07-31 00:19:05,ouster,7.02%,120.4MiB / 30.66GiB,0.38%,0B / 0B,0B / 3.02MB,29
2026-07-31 00:19:05,domain_bridge,0.11%,56.74MiB / 30.66GiB,0.18%,0B / 0B,0B / 5.04MB,28
2026-07-31 00:19:05,realsense,17.25%,93.86MiB / 30.66GiB,0.30%,0B / 0B,0B / 3.31MB,33
2026-07-31 00:19:05,mapir-ffmpeg,28.55%,169.6MiB / 30.66GiB,0.54%,0B / 0B,0B / 1.4MB,33
2026-07-31 00:19:05,scovox,50.60%,311.3MiB / 30.66GiB,0.99%,0B / 0B,0B / 4.19MB,53
2026-07-31 00:19:05,openzen,2.96%,33.67MiB / 30.66GiB,0.11%,0B / 0B,0B / 2.15MB,20
2026-07-31 00:19:05,nav2,5.91%,190.1MiB / 30.66GiB,0.61%,0B / 0B,1.67MB / 1.28MB,93
2026-07-31 00:19:08,trav_ros2,100.86%,370.6MiB / 30.66GiB,1.18%,0B / 0B,0B / 315kB,44
2026-07-31 00:19:08,foxglove,12.33%,458.7MiB / 30.66GiB,1.46%,0B / 0B,152kB / 3.3MB,31
2026-07-31 00:19:08,docker-recorder-run-dfb44aee8c91,0.00%,10.3MiB / 30.66GiB,0.03%,0B / 0B,0B / 9.45MB,1
2026-07-31 00:19:08,glim,77.72%,319.8MiB / 30.66GiB,1.02%,0B / 0B,0B / 11.6MB,35
2026-07-31 00:19:08,ouster,7.37%,120.1MiB / 30.66GiB,0.38%,0B / 0B,0B / 3.02MB,29
2026-07-31 00:19:08,domain_bridge,0.91%,57.05MiB / 30.66GiB,0.18%,0B / 0B,0B / 5.04MB,28
2026-07-31 00:19:08,realsense,16.56%,94.13MiB / 30.66GiB,0.30%,0B / 0B,0B / 3.31MB,33
2026-07-31 00:19:08,mapir-ffmpeg,27.93%,169.6MiB / 30.66GiB,0.54%,0B / 0B,0B / 1.4MB,33
2026-07-31 00:19:08,scovox,71.52%,281.2MiB / 30.66GiB,0.90%,0B / 0B,0B / 4.19MB,53
2026-07-31 00:19:08,openzen,3.14%,33.91MiB / 30.66GiB,0.11%,0B / 0B,0B / 2.15MB,20
2026-07-31 00:19:08,nav2,6.36%,190MiB / 30.66GiB,0.60%,0B / 0B,1.67MB / 1.28MB,93
2026-07-31 00:19:11,trav_ros2,101.34%,370MiB / 30.66GiB,1.18%,0B / 0B,0B / 336kB,44
2026-07-31 00:19:11,foxglove,11.99%,458.5MiB / 30.66GiB,1.46%,0B / 0B,152kB / 3.3MB,31
2026-07-31 00:19:11,docker-recorder-run-dfb44aee8c91,0.00%,10.3MiB / 30.66GiB,0.03%,0B / 0B,0B / 9.45MB,1
2026-07-31 00:19:11,glim,76.17%,320.2MiB / 30.66GiB,1.02%,0B / 0B,0B / 11.6MB,35
2026-07-31 00:19:11,ouster,7.31%,120.6MiB / 30.66GiB,0.38%,0B / 0B,0B / 3.02MB,29
2026-07-31 00:19:11,domain_bridge,0.49%,56.61MiB / 30.66GiB,0.18%,0B / 0B,0B / 5.04MB,28
2026-07-31 00:19:11,realsense,17.54%,94.38MiB / 30.66GiB,0.30%,0B / 0B,0B / 3.31MB,33
2026-07-31 00:19:11,mapir-ffmpeg,27.66%,169.9MiB / 30.66GiB,0.54%,0B / 0B,0B / 1.4MB,33
2026-07-31 00:19:11,scovox,61.38%,316.8MiB / 30.66GiB,1.01%,0B / 0B,0B / 4.27MB,53
2026-07-31 00:19:11,openzen,3.28%,33.67MiB / 30.66GiB,0.11%,0B / 0B,0B / 2.15MB,20
2026-07-31 00:19:11,nav2,6.59%,190.1MiB / 30.66GiB,0.61%,0B / 0B,1.67MB / 1.28MB,93
2026-07-31 00:19:15,trav_ros2,102.06%,365.3MiB / 30.66GiB,1.16%,0B / 0B,0B / 336kB,44
2026-07-31 00:19:15,foxglove,12.25%,458.5MiB / 30.66GiB,1.46%,0B / 0B,152kB / 3.3MB,31
2026-07-31 00:19:15,docker-recorder-run-dfb44aee8c91,0.00%,10.3MiB / 30.66GiB,0.03%,0B / 0B,0B / 9.45MB,1
2026-07-31 00:19:15,glim,75.92%,319.5MiB / 30.66GiB,1.02%,0B / 0B,0B / 11.6MB,35
2026-07-31 00:19:15,ouster,7.10%,120.3MiB / 30.66GiB,0.38%,0B / 0B,0B / 3.02MB,29
2026-07-31 00:19:15,domain_bridge,0.37%,57.3MiB / 30.66GiB,0.18%,0B / 0B,0B / 5.04MB,28
2026-07-31 00:19:15,realsense,17.28%,94.14MiB / 30.66GiB,0.30%,0B / 0B,0B / 3.31MB,33
2026-07-31 00:19:15,mapir-ffmpeg,28.64%,169.9MiB / 30.66GiB,0.54%,0B / 0B,0B / 1.4MB,33
2026-07-31 00:19:15,scovox,52.54%,281.2MiB / 30.66GiB,0.90%,0B / 0B,0B / 4.27MB,53
2026-07-31 00:19:15,openzen,3.05%,33.67MiB / 30.66GiB,0.11%,0B / 0B,0B / 2.15MB,20
2026-07-31 00:19:15,nav2,6.38%,189.6MiB / 30.66GiB,0.60%,0B / 0B,1.67MB / 1.28MB,93
2026-07-31 00:19:18,trav_ros2,102.44%,371.1MiB / 30.66GiB,1.18%,0B / 0B,0B / 336kB,44
2026-07-31 00:19:18,foxglove,12.09%,458.6MiB / 30.66GiB,1.46%,0B / 0B,152kB / 3.3MB,31
2026-07-31 00:19:18,docker-recorder-run-dfb44aee8c91,0.00%,10.3MiB / 30.66GiB,0.03%,0B / 0B,0B / 9.45MB,1
2026-07-31 00:19:18,glim,77.92%,319MiB / 30.66GiB,1.02%,0B / 0B,0B / 11.6MB,35
2026-07-31 00:19:18,ouster,8.30%,120.1MiB / 30.66GiB,0.38%,0B / 0B,0B / 3.02MB,29
2026-07-31 00:19:18,domain_bridge,0.82%,56.9MiB / 30.66GiB,0.18%,0B / 0B,0B / 5.04MB,28
2026-07-31 00:19:18,realsense,16.84%,93.89MiB / 30.66GiB,0.30%,0B / 0B,0B / 3.31MB,33
2026-07-31 00:19:18,mapir-ffmpeg,29.27%,169.9MiB / 30.66GiB,0.54%,0B / 0B,0B / 1.4MB,33
2026-07-31 00:19:18,scovox,70.38%,281.1MiB / 30.66GiB,0.90%,0B / 0B,0B / 4.27MB,53
2026-07-31 00:19:18,openzen,3.54%,33.91MiB / 30.66GiB,0.11%,0B / 0B,0B / 2.15MB,20
2026-07-31 00:19:18,nav2,6.97%,190.7MiB / 30.66GiB,0.61%,0B / 0B,1.67MB / 1.28MB,93
2026-07-31 00:19:21,trav_ros2,100.36%,370.9MiB / 30.66GiB,1.18%,0B / 0B,0B / 336kB,44
2026-07-31 00:19:21,foxglove,11.40%,450.8MiB / 30.66GiB,1.44%,0B / 0B,152kB / 3.3MB,31
2026-07-31 00:19:21,docker-recorder-run-dfb44aee8c91,0.00%,10.3MiB / 30.66GiB,0.03%,0B / 0B,0B / 9.45MB,1
2026-07-31 00:19:21,glim,74.27%,319.4MiB / 30.66GiB,1.02%,0B / 0B,0B / 11.6MB,35
2026-07-31 00:19:21,ouster,6.93%,120MiB / 30.66GiB,0.38%,0B / 0B,0B / 3.02MB,29
2026-07-31 00:19:21,domain_bridge,0.20%,57.39MiB / 30.66GiB,0.18%,0B / 0B,0B / 5.04MB,28
2026-07-31 00:19:21,realsense,16.77%,93.64MiB / 30.66GiB,0.30%,0B / 0B,0B / 3.31MB,33
2026-07-31 00:19:21,mapir-ffmpeg,27.52%,169.9MiB / 30.66GiB,0.54%,0B / 0B,0B / 1.4MB,33
2026-07-31 00:19:21,scovox,53.40%,309.7MiB / 30.66GiB,0.99%,0B / 0B,0B / 4.27MB,53
2026-07-31 00:19:21,openzen,3.17%,33.67MiB / 30.66GiB,0.11%,0B / 0B,0B / 2.15MB,20
2026-07-31 00:19:21,nav2,5.76%,189.9MiB / 30.66GiB,0.60%,0B / 0B,1.67MB / 1.28MB,93
2026-07-31 00:19:24,trav_ros2,100.93%,371.2MiB / 30.66GiB,1.18%,0B / 0B,0B / 336kB,44
2026-07-31 00:19:24,foxglove,12.58%,459.1MiB / 30.66GiB,1.46%,0B / 0B,152kB / 3.3MB,31
2026-07-31 00:19:24,docker-recorder-run-dfb44aee8c91,0.00%,10.3MiB / 30.66GiB,0.03%,0B / 0B,0B / 9.45MB,1
2026-07-31 00:19:24,glim,73.26%,304.4MiB / 30.66GiB,0.97%,0B / 0B,0B / 11.6MB,35
2026-07-31 00:19:24,ouster,7.24%,120.3MiB / 30.66GiB,0.38%,0B / 0B,0B / 3.02MB,29
2026-07-31 00:19:24,domain_bridge,1.19%,57.12MiB / 30.66GiB,0.18%,0B / 0B,0B / 5.04MB,28
2026-07-31 00:19:24,realsense,16.53%,93.64MiB / 30.66GiB,0.30%,0B / 0B,0B / 3.31MB,33
2026-07-31 00:19:24,mapir-ffmpeg,28.54%,169.9MiB / 30.66GiB,0.54%,0B / 0B,0B / 1.4MB,33
2026-07-31 00:19:24,scovox,70.29%,280.8MiB / 30.66GiB,0.89%,0B / 0B,0B / 4.27MB,53
2026-07-31 00:19:24,openzen,3.38%,33.67MiB / 30.66GiB,0.11%,0B / 0B,0B / 2.15MB,20
2026-07-31 00:19:24,nav2,6.83%,190.2MiB / 30.66GiB,0.61%,0B / 0B,1.67MB / 1.28MB,93
2026-07-31 00:19:27,trav_ros2,101.57%,364.6MiB / 30.66GiB,1.16%,0B / 0B,0B / 336kB,44
2026-07-31 00:19:27,foxglove,12.05%,458.5MiB / 30.66GiB,1.46%,0B / 0B,152kB / 3.3MB,31
2026-07-31 00:19:27,docker-recorder-run-dfb44aee8c91,0.00%,10.3MiB / 30.66GiB,0.03%,0B / 0B,0B / 9.45MB,1
2026-07-31 00:19:27,glim,83.30%,322.7MiB / 30.66GiB,1.03%,0B / 0B,0B / 11.6MB,35
2026-07-31 00:19:27,ouster,7.24%,120.3MiB / 30.66GiB,0.38%,0B / 0B,0B / 3.02MB,29
2026-07-31 00:19:27,domain_bridge,0.47%,57.19MiB / 30.66GiB,0.18%,0B / 0B,0B / 5.04MB,28
2026-07-31 00:19:27,realsense,16.90%,94.72MiB / 30.66GiB,0.30%,0B / 0B,0B / 3.31MB,33
2026-07-31 00:19:27,mapir-ffmpeg,28.36%,170.1MiB / 30.66GiB,0.54%,0B / 0B,0B / 1.4MB,33
2026-07-31 00:19:27,scovox,56.73%,315.7MiB / 30.66GiB,1.01%,0B / 0B,0B / 4.27MB,53
2026-07-31 00:19:27,openzen,3.19%,33.91MiB / 30.66GiB,0.11%,0B / 0B,0B / 2.15MB,20
2026-07-31 00:19:27,nav2,6.52%,190.3MiB / 30.66GiB,0.61%,0B / 0B,1.67MB / 1.28MB,93
2026-07-31 00:19:31,trav_ros2,101.69%,372MiB / 30.66GiB,1.18%,0B / 0B,0B / 336kB,44
2026-07-31 00:19:31,foxglove,11.87%,458.6MiB / 30.66GiB,1.46%,0B / 0B,152kB / 3.3MB,31
2026-07-31 00:19:31,docker-recorder-run-dfb44aee8c91,0.00%,10.3MiB / 30.66GiB,0.03%,0B / 0B,0B / 9.45MB,1
2026-07-31 00:19:31,glim,76.90%,326.4MiB / 30.66GiB,1.04%,0B / 0B,0B / 11.6MB,35
2026-07-31 00:19:31,ouster,7.86%,120.3MiB / 30.66GiB,0.38%,0B / 0B,0B / 3.02MB,29
2026-07-31 00:19:31,domain_bridge,0.37%,57.21MiB / 30.66GiB,0.18%,0B / 0B,0B / 5.04MB,28
2026-07-31 00:19:31,realsense,17.22%,94.48MiB / 30.66GiB,0.30%,0B / 0B,0B / 3.31MB,33
2026-07-31 00:19:31,mapir-ffmpeg,28.18%,169.6MiB / 30.66GiB,0.54%,0B / 0B,0B / 1.4MB,33
2026-07-31 00:19:31,scovox,55.44%,280.9MiB / 30.66GiB,0.89%,0B / 0B,0B / 4.27MB,53
2026-07-31 00:19:31,openzen,3.12%,33.67MiB / 30.66GiB,0.11%,0B / 0B,0B / 2.15MB,20
2026-07-31 00:19:31,nav2,6.68%,190.3MiB / 30.66GiB,0.61%,0B / 0B,1.67MB / 1.28MB,93
2026-07-31 00:19:34,trav_ros2,101.21%,370.6MiB / 30.66GiB,1.18%,0B / 0B,0B / 336kB,44
2026-07-31 00:19:34,foxglove,12.15%,458.7MiB / 30.66GiB,1.46%,0B / 0B,152kB / 3.3MB,31
2026-07-31 00:19:34,docker-recorder-run-dfb44aee8c91,0.00%,10.3MiB / 30.66GiB,0.03%,0B / 0B,0B / 9.45MB,1
2026-07-31 00:19:34,glim,73.80%,327.4MiB / 30.66GiB,1.04%,0B / 0B,0B / 11.6MB,35
2026-07-31 00:19:34,ouster,7.18%,120.2MiB / 30.66GiB,0.38%,0B / 0B,0B / 3.02MB,29
2026-07-31 00:19:34,domain_bridge,0.69%,57.28MiB / 30.66GiB,0.18%,0B / 0B,0B / 5.04MB,28
2026-07-31 00:19:34,realsense,16.86%,94.23MiB / 30.66GiB,0.30%,0B / 0B,0B / 3.31MB,33
2026-07-31 00:19:34,mapir-ffmpeg,28.97%,169.9MiB / 30.66GiB,0.54%,0B / 0B,0B / 1.4MB,33
2026-07-31 00:19:34,scovox,70.85%,281.9MiB / 30.66GiB,0.90%,0B / 0B,0B / 4.28MB,53
2026-07-31 00:19:34,openzen,3.23%,33.91MiB / 30.66GiB,0.11%,0B / 0B,0B / 2.15MB,20
2026-07-31 00:19:34,nav2,6.91%,190.6MiB / 30.66GiB,0.61%,0B / 0B,1.67MB / 1.3MB,93
2026-07-31 00:19:37,trav_ros2,101.45%,373.7MiB / 30.66GiB,1.19%,0B / 0B,0B / 336kB,44
2026-07-31 00:19:37,foxglove,11.61%,451.1MiB / 30.66GiB,1.44%,0B / 0B,152kB / 3.3MB,31
2026-07-31 00:19:37,docker-recorder-run-dfb44aee8c91,0.00%,10.3MiB / 30.66GiB,0.03%,0B / 0B,0B / 9.45MB,1
2026-07-31 00:19:37,glim,74.27%,326MiB / 30.66GiB,1.04%,0B / 0B,0B / 11.6MB,35
2026-07-31 00:19:37,ouster,6.83%,120.3MiB / 30.66GiB,0.38%,0B / 0B,0B / 3.02MB,29
2026-07-31 00:19:37,domain_bridge,0.12%,56.93MiB / 30.66GiB,0.18%,0B / 0B,0B / 5.04MB,28
2026-07-31 00:19:37,realsense,17.21%,94.48MiB / 30.66GiB,0.30%,0B / 0B,0B / 3.31MB,33
2026-07-31 00:19:37,mapir-ffmpeg,28.29%,169.6MiB / 30.66GiB,0.54%,0B / 0B,0B / 1.41MB,33
2026-07-31 00:19:37,scovox,53.17%,307.5MiB / 30.66GiB,0.98%,0B / 0B,0B / 4.28MB,53
2026-07-31 00:19:37,openzen,2.89%,33.92MiB / 30.66GiB,0.11%,0B / 0B,0B / 2.15MB,20
2026-07-31 00:19:37,nav2,6.17%,190.4MiB / 30.66GiB,0.61%,0B / 0B,1.67MB / 1.3MB,93
2026-07-31 00:19:40,trav_ros2,102.47%,371MiB / 30.66GiB,1.18%,0B / 0B,0B / 336kB,44
2026-07-31 00:19:40,foxglove,12.40%,459.2MiB / 30.66GiB,1.46%,0B / 0B,152kB / 3.3MB,31
2026-07-31 00:19:40,docker-recorder-run-dfb44aee8c91,0.00%,10.3MiB / 30.66GiB,0.03%,0B / 0B,0B / 9.45MB,1
2026-07-31 00:19:40,glim,79.55%,299.5MiB / 30.66GiB,0.95%,0B / 0B,0B / 11.6MB,35
2026-07-31 00:19:40,ouster,7.30%,120.6MiB / 30.66GiB,0.38%,0B / 0B,0B / 3.02MB,29
2026-07-31 00:19:40,domain_bridge,1.45%,57.37MiB / 30.66GiB,0.18%,0B / 0B,0B / 5.04MB,28
2026-07-31 00:19:40,realsense,17.18%,94.23MiB / 30.66GiB,0.30%,0B / 0B,0B / 3.31MB,33
2026-07-31 00:19:40,mapir-ffmpeg,28.60%,169.9MiB / 30.66GiB,0.54%,0B / 0B,0B / 1.41MB,33
2026-07-31 00:19:40,scovox,73.43%,281.2MiB / 30.66GiB,0.90%,0B / 0B,0B / 4.28MB,53
2026-07-31 00:19:40,openzen,3.39%,33.67MiB / 30.66GiB,0.11%,0B / 0B,0B / 2.15MB,20
2026-07-31 00:19:40,nav2,7.20%,190.3MiB / 30.66GiB,0.61%,0B / 0B,1.67MB / 1.3MB,93
2026-07-31 00:19:43,trav_ros2,101.66%,370.2MiB / 30.66GiB,1.18%,0B / 0B,0B / 356kB,44
2026-07-31 00:19:43,foxglove,12.51%,459MiB / 30.66GiB,1.46%,0B / 0B,152kB / 3.3MB,31
2026-07-31 00:19:43,docker-recorder-run-dfb44aee8c91,0.00%,10.3MiB / 30.66GiB,0.03%,0B / 0B,0B / 9.45MB,1
2026-07-31 00:19:43,glim,76.42%,308.4MiB / 30.66GiB,0.98%,0B / 0B,0B / 11.6MB,35
2026-07-31 00:19:43,ouster,7.35%,120.6MiB / 30.66GiB,0.38%,0B / 0B,0B / 3.02MB,29
2026-07-31 00:19:43,domain_bridge,0.24%,57.2MiB / 30.66GiB,0.18%,0B / 0B,0B / 5.04MB,28
2026-07-31 00:19:43,realsense,17.23%,94.25MiB / 30.66GiB,0.30%,0B / 0B,0B / 3.31MB,33
2026-07-31 00:19:43,mapir-ffmpeg,28.63%,170.1MiB / 30.66GiB,0.54%,0B / 0B,0B / 1.41MB,33
2026-07-31 00:19:43,scovox,51.50%,314.3MiB / 30.66GiB,1.00%,0B / 0B,0B / 4.37MB,53
2026-07-31 00:19:43,openzen,3.31%,33.67MiB / 30.66GiB,0.11%,0B / 0B,0B / 2.15MB,20
2026-07-31 00:19:43,nav2,6.62%,190.4MiB / 30.66GiB,0.61%,0B / 0B,1.67MB / 1.3MB,93
2026-07-31 00:19:46,trav_ros2,100.80%,370.9MiB / 30.66GiB,1.18%,0B / 0B,0B / 356kB,44
2026-07-31 00:19:46,foxglove,12.73%,459MiB / 30.66GiB,1.46%,0B / 0B,152kB / 3.3MB,31
2026-07-31 00:19:46,docker-recorder-run-dfb44aee8c91,0.00%,10.3MiB / 30.66GiB,0.03%,0B / 0B,0B / 9.45MB,1
2026-07-31 00:19:46,glim,73.40%,308.9MiB / 30.66GiB,0.98%,0B / 0B,0B / 11.6MB,35
2026-07-31 00:19:46,ouster,7.85%,120.2MiB / 30.66GiB,0.38%,0B / 0B,0B / 3.02MB,29
2026-07-31 00:19:46,domain_bridge,0.60%,57.21MiB / 30.66GiB,0.18%,0B / 0B,0B / 5.04MB,28
2026-07-31 00:19:46,realsense,17.35%,94.23MiB / 30.66GiB,0.30%,0B / 0B,0B / 3.31MB,33
2026-07-31 00:19:46,mapir-ffmpeg,28.54%,169.6MiB / 30.66GiB,0.54%,0B / 0B,0B / 1.41MB,33
2026-07-31 00:19:46,scovox,64.33%,281.5MiB / 30.66GiB,0.90%,0B / 0B,0B / 4.37MB,53
2026-07-31 00:19:46,openzen,3.45%,33.67MiB / 30.66GiB,0.11%,0B / 0B,0B / 2.15MB,20
2026-07-31 00:19:46,nav2,6.79%,190.4MiB / 30.66GiB,0.61%,0B / 0B,1.67MB / 1.3MB,93
2026-07-31 00:19:50,trav_ros2,101.22%,369.8MiB / 30.66GiB,1.18%,0B / 0B,0B / 356kB,44
2026-07-31 00:19:50,foxglove,11.70%,450.8MiB / 30.66GiB,1.44%,0B / 0B,152kB / 3.3MB,31
2026-07-31 00:19:50,docker-recorder-run-dfb44aee8c91,0.00%,10.3MiB / 30.66GiB,0.03%,0B / 0B,0B / 9.45MB,1
2026-07-31 00:19:50,glim,77.11%,308.5MiB / 30.66GiB,0.98%,0B / 0B,0B / 11.6MB,35
2026-07-31 00:19:50,ouster,7.47%,119.9MiB / 30.66GiB,0.38%,0B / 0B,0B / 3.02MB,29
2026-07-31 00:19:50,domain_bridge,0.65%,57.05MiB / 30.66GiB,0.18%,0B / 0B,0B / 5.04MB,28
2026-07-31 00:19:50,realsense,17.66%,94.48MiB / 30.66GiB,0.30%,0B / 0B,0B / 3.31MB,33
2026-07-31 00:19:50,mapir-ffmpeg,29.24%,169.9MiB / 30.66GiB,0.54%,0B / 0B,0B / 1.41MB,33
2026-07-31 00:19:50,scovox,71.70%,281.5MiB / 30.66GiB,0.90%,0B / 0B,0B / 4.37MB,53
2026-07-31 00:19:50,openzen,3.36%,33.68MiB / 30.66GiB,0.11%,0B / 0B,0B / 2.15MB,20
2026-07-31 00:19:50,nav2,6.99%,190.9MiB / 30.66GiB,0.61%,0B / 0B,1.67MB / 1.3MB,93
2026-07-31 00:19:53,trav_ros2,101.12%,370.2MiB / 30.66GiB,1.18%,0B / 0B,0B / 356kB,44
2026-07-31 00:19:53,foxglove,11.52%,450.6MiB / 30.66GiB,1.43%,0B / 0B,152kB / 3.3MB,31
2026-07-31 00:19:53,docker-recorder-run-dfb44aee8c91,0.00%,10.3MiB / 30.66GiB,0.03%,0B / 0B,0B / 9.45MB,1
2026-07-31 00:19:53,glim,75.74%,308MiB / 30.66GiB,0.98%,0B / 0B,0B / 11.6MB,35
2026-07-31 00:19:53,ouster,7.89%,119.9MiB / 30.66GiB,0.38%,0B / 0B,0B / 3.02MB,29
2026-07-31 00:19:53,domain_bridge,0.11%,56.81MiB / 30.66GiB,0.18%,0B / 0B,0B / 5.04MB,28
2026-07-31 00:19:53,realsense,17.29%,94.23MiB / 30.66GiB,0.30%,0B / 0B,0B / 3.31MB,33
2026-07-31 00:19:53,mapir-ffmpeg,29.17%,170.4MiB / 30.66GiB,0.54%,0B / 0B,0B / 1.41MB,33
2026-07-31 00:19:53,scovox,51.12%,288.1MiB / 30.66GiB,0.92%,0B / 0B,0B / 4.37MB,53
2026-07-31 00:19:53,openzen,3.40%,33.91MiB / 30.66GiB,0.11%,0B / 0B,0B / 2.15MB,20
2026-07-31 00:19:53,nav2,6.29%,190.8MiB / 30.66GiB,0.61%,0B / 0B,1.67MB / 1.3MB,93
2026-07-31 00:19:56,trav_ros2,101.89%,370.5MiB / 30.66GiB,1.18%,0B / 0B,0B / 356kB,44
2026-07-31 00:19:56,foxglove,11.85%,450.7MiB / 30.66GiB,1.44%,0B / 0B,152kB / 3.3MB,31
2026-07-31 00:19:56,docker-recorder-run-dfb44aee8c91,0.00%,10.3MiB / 30.66GiB,0.03%,0B / 0B,0B / 9.45MB,1
2026-07-31 00:19:56,glim,73.11%,308.9MiB / 30.66GiB,0.98%,0B / 0B,0B / 11.6MB,35
2026-07-31 00:19:56,ouster,7.65%,120.1MiB / 30.66GiB,0.38%,0B / 0B,0B / 3.02MB,29
2026-07-31 00:19:56,domain_bridge,1.95%,57.59MiB / 30.66GiB,0.18%,0B / 0B,0B / 5.04MB,28
2026-07-31 00:19:56,realsense,17.23%,94.46MiB / 30.66GiB,0.30%,0B / 0B,0B / 3.31MB,33
2026-07-31 00:19:56,mapir-ffmpeg,29.44%,169.6MiB / 30.66GiB,0.54%,0B / 0B,0B / 1.41MB,33
2026-07-31 00:19:56,scovox,69.03%,281.2MiB / 30.66GiB,0.90%,0B / 0B,0B / 4.37MB,53
2026-07-31 00:19:56,openzen,3.24%,33.67MiB / 30.66GiB,0.11%,0B / 0B,0B / 2.15MB,20
2026-07-31 00:19:56,nav2,6.83%,190.9MiB / 30.66GiB,0.61%,0B / 0B,1.67MB / 1.3MB,93
2026-07-31 00:19:59,trav_ros2,100.87%,371.1MiB / 30.66GiB,1.18%,0B / 0B,0B / 356kB,44
2026-07-31 00:19:59,foxglove,11.92%,458.6MiB / 30.66GiB,1.46%,0B / 0B,152kB / 3.3MB,31
2026-07-31 00:19:59,docker-recorder-run-dfb44aee8c91,0.00%,10.3MiB / 30.66GiB,0.03%,0B / 0B,0B / 9.45MB,1
2026-07-31 00:19:59,glim,77.09%,309MiB / 30.66GiB,0.98%,0B / 0B,0B / 11.6MB,35
2026-07-31 00:19:59,ouster,7.49%,120.5MiB / 30.66GiB,0.38%,0B / 0B,0B / 3.02MB,29
2026-07-31 00:19:59,domain_bridge,0.24%,56.84MiB / 30.66GiB,0.18%,0B / 0B,0B / 5.04MB,28
2026-07-31 00:19:59,realsense,16.96%,94.23MiB / 30.66GiB,0.30%,0B / 0B,0B / 3.31MB,33
2026-07-31 00:19:59,mapir-ffmpeg,29.56%,169.6MiB / 30.66GiB,0.54%,0B / 0B,0B / 1.41MB,33
2026-07-31 00:19:59,scovox,48.17%,310.3MiB / 30.66GiB,0.99%,0B / 0B,0B / 4.37MB,53
2026-07-31 00:19:59,openzen,3.20%,33.67MiB / 30.66GiB,0.11%,0B / 0B,0B / 2.15MB,20
2026-07-31 00:19:59,nav2,6.70%,190.7MiB / 30.66GiB,0.61%,0B / 0B,1.67MB / 1.3MB,93
2026-07-31 00:20:02,trav_ros2,101.31%,406.6MiB / 30.66GiB,1.29%,0B / 0B,0B / 356kB,44
2026-07-31 00:20:02,foxglove,11.45%,451.2MiB / 30.66GiB,1.44%,0B / 0B,152kB / 3.3MB,31
2026-07-31 00:20:02,docker-recorder-run-dfb44aee8c91,0.00%,10.3MiB / 30.66GiB,0.03%,0B / 0B,0B / 9.45MB,1
2026-07-31 00:20:02,glim,82.12%,295.9MiB / 30.66GiB,0.94%,0B / 0B,0B / 11.6MB,35
2026-07-31 00:20:02,ouster,7.18%,120.1MiB / 30.66GiB,0.38%,0B / 0B,0B / 3.02MB,29
2026-07-31 00:20:02,domain_bridge,0.38%,57.11MiB / 30.66GiB,0.18%,0B / 0B,0B / 5.04MB,28
2026-07-31 00:20:02,realsense,16.32%,94.48MiB / 30.66GiB,0.30%,0B / 0B,0B / 3.31MB,33
2026-07-31 00:20:02,mapir-ffmpeg,29.44%,169.6MiB / 30.66GiB,0.54%,0B / 0B,0B / 1.41MB,33
2026-07-31 00:20:02,scovox,63.61%,284.3MiB / 30.66GiB,0.91%,0B / 0B,0B / 4.37MB,53
2026-07-31 00:20:02,openzen,3.07%,33.67MiB / 30.66GiB,0.11%,0B / 0B,0B / 2.15MB,20
2026-07-31 00:20:02,nav2,6.15%,190.8MiB / 30.66GiB,0.61%,0B / 0B,1.67MB / 1.3MB,93
2026-07-31 00:20:06,trav_ros2,100.82%,358.1MiB / 30.66GiB,1.14%,0B / 0B,0B / 356kB,44
2026-07-31 00:20:06,foxglove,11.81%,451.2MiB / 30.66GiB,1.44%,0B / 0B,152kB / 3.3MB,31
2026-07-31 00:20:06,docker-recorder-run-dfb44aee8c91,0.00%,10.3MiB / 30.66GiB,0.03%,0B / 0B,0B / 9.45MB,1
2026-07-31 00:20:06,glim,75.06%,297.9MiB / 30.66GiB,0.95%,0B / 0B,0B / 11.6MB,35
2026-07-31 00:20:06,ouster,7.54%,120.2MiB / 30.66GiB,0.38%,0B / 0B,0B / 3.02MB,29
2026-07-31 00:20:06,domain_bridge,0.63%,58.39MiB / 30.66GiB,0.19%,0B / 0B,0B / 5.04MB,28
2026-07-31 00:20:06,realsense,17.34%,94.23MiB / 30.66GiB,0.30%,0B / 0B,0B / 3.31MB,33
2026-07-31 00:20:06,mapir-ffmpeg,29.34%,170.1MiB / 30.66GiB,0.54%,0B / 0B,0B / 1.41MB,33
2026-07-31 00:20:06,scovox,67.72%,284.6MiB / 30.66GiB,0.91%,0B / 0B,0B / 4.37MB,53
2026-07-31 00:20:06,openzen,3.49%,34.4MiB / 30.66GiB,0.11%,0B / 0B,0B / 2.15MB,20
2026-07-31 00:20:06,nav2,6.83%,190.9MiB / 30.66GiB,0.61%,0B / 0B,1.67MB / 1.3MB,93
2026-07-31 00:20:09,trav_ros2,101.74%,371.5MiB / 30.66GiB,1.18%,0B / 0B,0B / 356kB,44
2026-07-31 00:20:09,foxglove,11.32%,450.9MiB / 30.66GiB,1.44%,0B / 0B,152kB / 3.3MB,31
2026-07-31 00:20:09,docker-recorder-run-dfb44aee8c91,0.00%,10.3MiB / 30.66GiB,0.03%,0B / 0B,0B / 9.45MB,1
2026-07-31 00:20:09,glim,75.70%,297.7MiB / 30.66GiB,0.95%,0B / 0B,0B / 11.6MB,35
2026-07-31 00:20:09,ouster,7.38%,120MiB / 30.66GiB,0.38%,0B / 0B,0B / 3.02MB,29
2026-07-31 00:20:09,domain_bridge,0.12%,57.43MiB / 30.66GiB,0.18%,0B / 0B,0B / 5.04MB,28
2026-07-31 00:20:09,realsense,16.47%,94.23MiB / 30.66GiB,0.30%,0B / 0B,0B / 3.31MB,33
2026-07-31 00:20:09,mapir-ffmpeg,29.49%,169.6MiB / 30.66GiB,0.54%,0B / 0B,0B / 1.43MB,33
2026-07-31 00:20:09,scovox,64.65%,312.1MiB / 30.66GiB,0.99%,0B / 0B,0B / 4.38MB,53
2026-07-31 00:20:09,openzen,3.47%,33.91MiB / 30.66GiB,0.11%,0B / 0B,0B / 2.15MB,20
2026-07-31 00:20:09,nav2,6.07%,191.2MiB / 30.66GiB,0.61%,0B / 0B,1.67MB / 1.31MB,93
2026-07-31 00:20:12,trav_ros2,100.85%,370.5MiB / 30.66GiB,1.18%,0B / 0B,0B / 356kB,44
2026-07-31 00:20:12,foxglove,11.45%,450.6MiB / 30.66GiB,1.43%,0B / 0B,152kB / 3.3MB,31
2026-07-31 00:20:12,docker-recorder-run-dfb44aee8c91,0.00%,10.3MiB / 30.66GiB,0.03%,0B / 0B,0B / 9.45MB,1
2026-07-31 00:20:12,glim,72.29%,298.9MiB / 30.66GiB,0.95%,0B / 0B,0B / 11.6MB,35
2026-07-31 00:20:12,ouster,7.42%,120.1MiB / 30.66GiB,0.38%,0B / 0B,0B / 3.02MB,29
2026-07-31 00:20:12,domain_bridge,1.61%,57.48MiB / 30.66GiB,0.18%,0B / 0B,0B / 5.04MB,28
2026-07-31 00:20:12,realsense,16.89%,94.23MiB / 30.66GiB,0.30%,0B / 0B,0B / 3.31MB,33
2026-07-31 00:20:12,mapir-ffmpeg,29.09%,169.6MiB / 30.66GiB,0.54%,0B / 0B,0B / 1.43MB,33
2026-07-31 00:20:12,scovox,89.68%,285.1MiB / 30.66GiB,0.91%,0B / 0B,0B / 4.38MB,53
2026-07-31 00:20:12,openzen,3.53%,34.16MiB / 30.66GiB,0.11%,0B / 0B,0B / 2.15MB,20
2026-07-31 00:20:12,nav2,6.45%,191.2MiB / 30.66GiB,0.61%,0B / 0B,1.67MB / 1.31MB,93
2026-07-31 00:20:15,trav_ros2,101.39%,370.7MiB / 30.66GiB,1.18%,0B / 0B,0B / 377kB,44
2026-07-31 00:20:15,foxglove,11.83%,458.8MiB / 30.66GiB,1.46%,0B / 0B,152kB / 3.3MB,31
2026-07-31 00:20:15,docker-recorder-run-dfb44aee8c91,0.00%,10.3MiB / 30.66GiB,0.03%,0B / 0B,0B / 9.45MB,1
2026-07-31 00:20:15,glim,72.96%,299.7MiB / 30.66GiB,0.95%,0B / 0B,0B / 11.6MB,35
2026-07-31 00:20:15,ouster,7.57%,120.8MiB / 30.66GiB,0.38%,0B / 0B,0B / 3.02MB,29
2026-07-31 00:20:15,domain_bridge,0.46%,57.61MiB / 30.66GiB,0.18%,0B / 0B,0B / 5.04MB,28
2026-07-31 00:20:15,realsense,16.79%,94.72MiB / 30.66GiB,0.30%,0B / 0B,0B / 3.31MB,33
2026-07-31 00:20:15,mapir-ffmpeg,29.09%,169.9MiB / 30.66GiB,0.54%,0B / 0B,0B / 1.43MB,33
2026-07-31 00:20:15,scovox,56.82%,320.6MiB / 30.66GiB,1.02%,0B / 0B,0B / 4.38MB,53
2026-07-31 00:20:15,openzen,3.13%,33.91MiB / 30.66GiB,0.11%,0B / 0B,0B / 2.15MB,20
2026-07-31 00:20:15,nav2,6.54%,191.5MiB / 30.66GiB,0.61%,0B / 0B,1.67MB / 1.31MB,93
2026-07-31 00:20:18,trav_ros2,101.95%,372.3MiB / 30.66GiB,1.19%,0B / 0B,0B / 377kB,44
2026-07-31 00:20:18,foxglove,12.06%,459.1MiB / 30.66GiB,1.46%,0B / 0B,152kB / 3.3MB,31
2026-07-31 00:20:18,docker-recorder-run-dfb44aee8c91,0.00%,10.3MiB / 30.66GiB,0.03%,0B / 0B,0B / 9.45MB,1
2026-07-31 00:20:18,glim,75.06%,298.8MiB / 30.66GiB,0.95%,0B / 0B,0B / 11.6MB,35
2026-07-31 00:20:18,ouster,7.09%,120.3MiB / 30.66GiB,0.38%,0B / 0B,0B / 3.02MB,29
2026-07-31 00:20:18,domain_bridge,0.26%,57.42MiB / 30.66GiB,0.18%,0B / 0B,0B / 5.04MB,28
2026-07-31 00:20:18,realsense,17.19%,94.23MiB / 30.66GiB,0.30%,0B / 0B,0B / 3.31MB,33
2026-07-31 00:20:18,mapir-ffmpeg,28.78%,169.9MiB / 30.66GiB,0.54%,0B / 0B,0B / 1.43MB,33
2026-07-31 00:20:18,scovox,78.60%,285.2MiB / 30.66GiB,0.91%,0B / 0B,0B / 4.47MB,53
2026-07-31 00:20:18,openzen,3.16%,33.91MiB / 30.66GiB,0.11%,0B / 0B,0B / 2.15MB,20
2026-07-31 00:20:18,nav2,6.23%,191.4MiB / 30.66GiB,0.61%,0B / 0B,1.67MB / 1.31MB,93
2026-07-31 00:20:22,trav_ros2,102.43%,364.3MiB / 30.66GiB,1.16%,0B / 0B,0B / 377kB,44
2026-07-31 00:20:22,foxglove,12.58%,458.5MiB / 30.66GiB,1.46%,0B / 0B,152kB / 3.3MB,31
2026-07-31 00:20:22,docker-recorder-run-dfb44aee8c91,0.00%,10.3MiB / 30.66GiB,0.03%,0B / 0B,0B / 9.45MB,1
2026-07-31 00:20:22,glim,75.22%,298.9MiB / 30.66GiB,0.95%,0B / 0B,0B / 11.6MB,35
2026-07-31 00:20:22,ouster,7.41%,120.1MiB / 30.66GiB,0.38%,0B / 0B,0B / 3.02MB,29
2026-07-31 00:20:22,domain_bridge,0.53%,57.61MiB / 30.66GiB,0.18%,0B / 0B,0B / 5.04MB,28
2026-07-31 00:20:22,realsense,17.73%,94.47MiB / 30.66GiB,0.30%,0B / 0B,0B / 3.31MB,33
2026-07-31 00:20:22,mapir-ffmpeg,28.97%,169.9MiB / 30.66GiB,0.54%,0B / 0B,0B / 1.43MB,33
2026-07-31 00:20:22,scovox,68.30%,324.4MiB / 30.66GiB,1.03%,0B / 0B,0B / 4.47MB,53
2026-07-31 00:20:22,openzen,3.44%,33.92MiB / 30.66GiB,0.11%,0B / 0B,0B / 2.15MB,20
2026-07-31 00:20:22,nav2,7.23%,192.2MiB / 30.66GiB,0.61%,0B / 0B,1.67MB / 1.31MB,93
2026-07-31 00:20:25,trav_ros2,99.89%,409.8MiB / 30.66GiB,1.30%,0B / 0B,0B / 377kB,44
2026-07-31 00:20:25,foxglove,11.67%,450.7MiB / 30.66GiB,1.44%,0B / 0B,152kB / 3.3MB,31
2026-07-31 00:20:25,docker-recorder-run-dfb44aee8c91,0.00%,10.3MiB / 30.66GiB,0.03%,0B / 0B,0B / 9.45MB,1
2026-07-31 00:20:25,glim,75.34%,298.9MiB / 30.66GiB,0.95%,0B / 0B,0B / 11.6MB,35
2026-07-31 00:20:25,ouster,7.00%,120.3MiB / 30.66GiB,0.38%,0B / 0B,0B / 3.02MB,29
2026-07-31 00:20:25,domain_bridge,0.22%,57.51MiB / 30.66GiB,0.18%,0B / 0B,0B / 5.04MB,28
2026-07-31 00:20:25,realsense,16.55%,94.23MiB / 30.66GiB,0.30%,0B / 0B,0B / 3.31MB,33
2026-07-31 00:20:25,mapir-ffmpeg,27.39%,169.6MiB / 30.66GiB,0.54%,0B / 0B,0B / 1.43MB,33
2026-07-31 00:20:25,scovox,57.06%,311.1MiB / 30.66GiB,0.99%,0B / 0B,0B / 4.47MB,53
2026-07-31 00:20:25,openzen,2.99%,33.91MiB / 30.66GiB,0.11%,0B / 0B,0B / 2.15MB,20
2026-07-31 00:20:25,nav2,5.99%,192.3MiB / 30.66GiB,0.61%,0B / 0B,1.67MB / 1.31MB,93
2026-07-31 00:20:28,trav_ros2,100.58%,375.5MiB / 30.66GiB,1.20%,0B / 0B,0B / 377kB,44
2026-07-31 00:20:28,foxglove,11.94%,459.1MiB / 30.66GiB,1.46%,0B / 0B,152kB / 3.3MB,31
2026-07-31 00:20:28,docker-recorder-run-dfb44aee8c91,0.00%,10.3MiB / 30.66GiB,0.03%,0B / 0B,0B / 9.45MB,1
2026-07-31 00:20:28,glim,78.39%,299.1MiB / 30.66GiB,0.95%,0B / 0B,0B / 11.6MB,35
2026-07-31 00:20:28,ouster,7.47%,120.5MiB / 30.66GiB,0.38%,0B / 0B,0B / 3.02MB,29
2026-07-31 00:20:28,domain_bridge,1.56%,57MiB / 30.66GiB,0.18%,0B / 0B,0B / 5.04MB,28
2026-07-31 00:20:28,realsense,17.02%,94.48MiB / 30.66GiB,0.30%,0B / 0B,0B / 3.31MB,33
2026-07-31 00:20:28,mapir-ffmpeg,28.05%,169.6MiB / 30.66GiB,0.54%,0B / 0B,0B / 1.43MB,33
2026-07-31 00:20:28,scovox,74.81%,284.7MiB / 30.66GiB,0.91%,0B / 0B,0B / 4.47MB,53
2026-07-31 00:20:28,openzen,3.37%,33.91MiB / 30.66GiB,0.11%,0B / 0B,0B / 2.15MB,20
2026-07-31 00:20:28,nav2,6.66%,191.7MiB / 30.66GiB,0.61%,0B / 0B,1.67MB / 1.31MB,93
2026-07-31 00:20:31,trav_ros2,102.09%,365.2MiB / 30.66GiB,1.16%,0B / 0B,0B / 377kB,44
2026-07-31 00:20:31,foxglove,11.54%,450.6MiB / 30.66GiB,1.44%,0B / 0B,152kB / 3.3MB,31
2026-07-31 00:20:31,docker-recorder-run-dfb44aee8c91,0.00%,10.3MiB / 30.66GiB,0.03%,0B / 0B,0B / 9.45MB,1
2026-07-31 00:20:31,glim,77.39%,299.3MiB / 30.66GiB,0.95%,0B / 0B,0B / 11.6MB,35
2026-07-31 00:20:31,ouster,7.33%,120.5MiB / 30.66GiB,0.38%,0B / 0B,0B / 3.02MB,29
2026-07-31 00:20:31,domain_bridge,0.26%,56.77MiB / 30.66GiB,0.18%,0B / 0B,0B / 5.04MB,28
2026-07-31 00:20:31,realsense,17.30%,94.47MiB / 30.66GiB,0.30%,0B / 0B,0B / 3.31MB,33
2026-07-31 00:20:31,mapir-ffmpeg,28.25%,170.1MiB / 30.66GiB,0.54%,0B / 0B,0B / 1.43MB,33
2026-07-31 00:20:31,scovox,59.21%,318.5MiB / 30.66GiB,1.01%,0B / 0B,0B / 4.47MB,53
2026-07-31 00:20:31,openzen,3.38%,33.91MiB / 30.66GiB,0.11%,0B / 0B,0B / 2.15MB,20
2026-07-31 00:20:31,nav2,7.19%,192.2MiB / 30.66GiB,0.61%,0B / 0B,1.67MB / 1.31MB,93
2026-07-31 00:20:34,trav_ros2,101.83%,371.9MiB / 30.66GiB,1.18%,0B / 0B,0B / 377kB,44
2026-07-31 00:20:34,foxglove,11.11%,450.7MiB / 30.66GiB,1.44%,0B / 0B,152kB / 3.3MB,31
2026-07-31 00:20:34,docker-recorder-run-dfb44aee8c91,0.00%,10.3MiB / 30.66GiB,0.03%,0B / 0B,0B / 9.45MB,1
2026-07-31 00:20:34,glim,77.43%,306.5MiB / 30.66GiB,0.98%,0B / 0B,0B / 11.6MB,35
2026-07-31 00:20:34,ouster,7.27%,120.4MiB / 30.66GiB,0.38%,0B / 0B,0B / 3.02MB,29
2026-07-31 00:20:34,domain_bridge,0.24%,56.78MiB / 30.66GiB,0.18%,0B / 0B,0B / 5.04MB,28
2026-07-31 00:20:34,realsense,17.00%,94.48MiB / 30.66GiB,0.30%,0B / 0B,0B / 3.31MB,33
2026-07-31 00:20:34,mapir-ffmpeg,28.97%,169.6MiB / 30.66GiB,0.54%,0B / 0B,0B / 1.43MB,33
2026-07-31 00:20:34,scovox,75.14%,285.3MiB / 30.66GiB,0.91%,0B / 0B,0B / 4.47MB,53
2026-07-31 00:20:34,openzen,3.37%,33.91MiB / 30.66GiB,0.11%,0B / 0B,0B / 2.15MB,20
2026-07-31 00:20:34,nav2,6.08%,192MiB / 30.66GiB,0.61%,0B / 0B,1.67MB / 1.31MB,93
2026-07-31 00:20:37,trav_ros2,101.46%,358.9MiB / 30.66GiB,1.14%,0B / 0B,0B / 377kB,44
2026-07-31 00:20:37,foxglove,11.75%,458.6MiB / 30.66GiB,1.46%,0B / 0B,152kB / 3.3MB,31
2026-07-31 00:20:37,docker-recorder-run-dfb44aee8c91,0.00%,10.3MiB / 30.66GiB,0.03%,0B / 0B,0B / 9.45MB,1
2026-07-31 00:20:37,glim,73.88%,301.9MiB / 30.66GiB,0.96%,0B / 0B,0B / 11.6MB,35
2026-07-31 00:20:37,ouster,8.17%,120MiB / 30.66GiB,0.38%,0B / 0B,0B / 3.02MB,29
2026-07-31 00:20:37,domain_bridge,0.48%,57.28MiB / 30.66GiB,0.18%,0B / 0B,0B / 5.04MB,28
2026-07-31 00:20:37,realsense,17.38%,94.23MiB / 30.66GiB,0.30%,0B / 0B,0B / 3.31MB,33
2026-07-31 00:20:37,mapir-ffmpeg,29.21%,170.6MiB / 30.66GiB,0.54%,0B / 0B,0B / 1.43MB,33
2026-07-31 00:20:37,scovox,63.99%,327.6MiB / 30.66GiB,1.04%,0B / 0B,0B / 4.47MB,53
2026-07-31 00:20:37,openzen,3.54%,33.92MiB / 30.66GiB,0.11%,0B / 0B,0B / 2.15MB,20
2026-07-31 00:20:37,nav2,7.01%,192.5MiB / 30.66GiB,0.61%,0B / 0B,1.67MB / 1.31MB,93
2026-07-31 00:20:41,trav_ros2,98.78%,371.6MiB / 30.66GiB,1.18%,0B / 0B,0B / 377kB,44
2026-07-31 00:20:41,foxglove,11.08%,450.9MiB / 30.66GiB,1.44%,0B / 0B,152kB / 3.3MB,31
2026-07-31 00:20:41,docker-recorder-run-dfb44aee8c91,0.00%,10.3MiB / 30.66GiB,0.03%,0B / 0B,0B / 9.45MB,1
2026-07-31 00:20:41,glim,74.16%,306.1MiB / 30.66GiB,0.97%,0B / 0B,0B / 11.6MB,35
2026-07-31 00:20:41,ouster,7.27%,120.3MiB / 30.66GiB,0.38%,0B / 0B,0B / 3.02MB,29
2026-07-31 00:20:41,domain_bridge,0.21%,57.69MiB / 30.66GiB,0.18%,0B / 0B,0B / 5.04MB,28
2026-07-31 00:20:41,realsense,16.71%,94.23MiB / 30.66GiB,0.30%,0B / 0B,0B / 3.31MB,33
2026-07-31 00:20:41,mapir-ffmpeg,28.99%,169.6MiB / 30.66GiB,0.54%,0B / 0B,0B / 1.43MB,33
2026-07-31 00:20:41,scovox,60.72%,313.4MiB / 30.66GiB,1.00%,0B / 0B,0B / 4.47MB,53
2026-07-31 00:20:41,openzen,3.05%,33.67MiB / 30.66GiB,0.11%,0B / 0B,0B / 2.15MB,20
2026-07-31 00:20:41,nav2,5.83%,191.9MiB / 30.66GiB,0.61%,0B / 0B,1.67MB / 1.31MB,93
2026-07-31 00:20:44,trav_ros2,101.93%,366.7MiB / 30.66GiB,1.17%,0B / 0B,0B / 393kB,44
2026-07-31 00:20:44,foxglove,11.28%,450.8MiB / 30.66GiB,1.44%,0B / 0B,152kB / 3.3MB,31
2026-07-31 00:20:44,docker-recorder-run-dfb44aee8c91,0.00%,10.3MiB / 30.66GiB,0.03%,0B / 0B,0B / 9.45MB,1
2026-07-31 00:20:44,glim,74.47%,304.9MiB / 30.66GiB,0.97%,0B / 0B,0B / 11.6MB,35
2026-07-31 00:20:44,ouster,7.75%,120MiB / 30.66GiB,0.38%,0B / 0B,0B / 3.02MB,29
2026-07-31 00:20:44,domain_bridge,1.63%,57.43MiB / 30.66GiB,0.18%,0B / 0B,0B / 5.04MB,28
2026-07-31 00:20:44,realsense,17.52%,94.73MiB / 30.66GiB,0.30%,0B / 0B,0B / 3.31MB,33
2026-07-31 00:20:44,mapir-ffmpeg,29.20%,169.9MiB / 30.66GiB,0.54%,0B / 0B,0B / 1.44MB,33
2026-07-31 00:20:44,scovox,76.96%,288.2MiB / 30.66GiB,0.92%,0B / 0B,0B / 4.49MB,53
2026-07-31 00:20:44,openzen,3.51%,33.68MiB / 30.66GiB,0.11%,0B / 0B,0B / 2.15MB,20
2026-07-31 00:20:44,nav2,6.66%,192.2MiB / 30.66GiB,0.61%,0B / 0B,1.67MB / 1.34MB,93
2026-07-31 00:20:47,trav_ros2,102.19%,372.2MiB / 30.66GiB,1.19%,0B / 0B,0B / 393kB,44
2026-07-31 00:20:47,foxglove,11.77%,460.9MiB / 30.66GiB,1.47%,0B / 0B,152kB / 3.3MB,31
2026-07-31 00:20:47,docker-recorder-run-dfb44aee8c91,0.00%,10.3MiB / 30.66GiB,0.03%,0B / 0B,0B / 9.45MB,1
2026-07-31 00:20:47,glim,74.72%,291.5MiB / 30.66GiB,0.93%,0B / 0B,0B / 11.6MB,35
2026-07-31 00:20:47,ouster,7.32%,120.1MiB / 30.66GiB,0.38%,0B / 0B,0B / 3.02MB,29
2026-07-31 00:20:47,domain_bridge,0.23%,57.14MiB / 30.66GiB,0.18%,0B / 0B,0B / 5.04MB,28
2026-07-31 00:20:47,realsense,17.54%,94.23MiB / 30.66GiB,0.30%,0B / 0B,0B / 3.31MB,33
2026-07-31 00:20:47,mapir-ffmpeg,28.34%,170.1MiB / 30.66GiB,0.54%,0B / 0B,0B / 1.44MB,33
2026-07-31 00:20:47,scovox,59.86%,319.4MiB / 30.66GiB,1.02%,0B / 0B,0B / 4.49MB,53
2026-07-31 00:20:47,openzen,3.32%,33.67MiB / 30.66GiB,0.11%,0B / 0B,0B / 2.15MB,20
2026-07-31 00:20:47,nav2,6.51%,192.9MiB / 30.66GiB,0.61%,0B / 0B,1.67MB / 1.34MB,93
2026-07-31 00:20:50,trav_ros2,100.13%,371.5MiB / 30.66GiB,1.18%,0B / 0B,0B / 393kB,44
2026-07-31 00:20:50,foxglove,11.88%,458.8MiB / 30.66GiB,1.46%,0B / 0B,152kB / 3.3MB,31
2026-07-31 00:20:50,docker-recorder-run-dfb44aee8c91,0.00%,10.3MiB / 30.66GiB,0.03%,0B / 0B,0B / 9.45MB,1
2026-07-31 00:20:50,glim,74.18%,295.6MiB / 30.66GiB,0.94%,0B / 0B,0B / 11.6MB,35
2026-07-31 00:20:50,ouster,7.11%,120.3MiB / 30.66GiB,0.38%,0B / 0B,0B / 3.02MB,29
2026-07-31 00:20:50,domain_bridge,0.26%,57.7MiB / 30.66GiB,0.18%,0B / 0B,0B / 5.04MB,28
2026-07-31 00:20:50,realsense,16.92%,94.23MiB / 30.66GiB,0.30%,0B / 0B,0B / 3.31MB,33
2026-07-31 00:20:50,mapir-ffmpeg,28.61%,169.6MiB / 30.66GiB,0.54%,0B / 0B,0B / 1.44MB,33
2026-07-31 00:20:50,scovox,81.69%,288.5MiB / 30.66GiB,0.92%,0B / 0B,0B / 4.49MB,53
2026-07-31 00:20:50,openzen,3.16%,33.67MiB / 30.66GiB,0.11%,0B / 0B,0B / 2.15MB,20
2026-07-31 00:20:50,nav2,6.31%,192.2MiB / 30.66GiB,0.61%,0B / 0B,1.67MB / 1.34MB,93
2026-07-31 00:20:53,trav_ros2,100.81%,375.6MiB / 30.66GiB,1.20%,0B / 0B,0B / 393kB,44
2026-07-31 00:20:53,foxglove,12.25%,458.9MiB / 30.66GiB,1.46%,0B / 0B,152kB / 3.3MB,31
2026-07-31 00:20:53,docker-recorder-run-dfb44aee8c91,0.00%,10.3MiB / 30.66GiB,0.03%,0B / 0B,0B / 9.45MB,1
2026-07-31 00:20:53,glim,79.08%,296.5MiB / 30.66GiB,0.94%,0B / 0B,0B / 11.6MB,35
2026-07-31 00:20:53,ouster,7.17%,120MiB / 30.66GiB,0.38%,0B / 0B,0B / 3.02MB,29
2026-07-31 00:20:53,domain_bridge,0.49%,57.12MiB / 30.66GiB,0.18%,0B / 0B,0B / 5.04MB,28
2026-07-31 00:20:53,realsense,16.81%,94.23MiB / 30.66GiB,0.30%,0B / 0B,0B / 3.31MB,33
2026-07-31 00:20:53,mapir-ffmpeg,29.14%,169.6MiB / 30.66GiB,0.54%,0B / 0B,0B / 1.44MB,33
2026-07-31 00:20:53,scovox,59.80%,326.9MiB / 30.66GiB,1.04%,0B / 0B,0B / 4.58MB,53
2026-07-31 00:20:53,openzen,3.39%,33.67MiB / 30.66GiB,0.11%,0B / 0B,0B / 2.15MB,20
2026-07-31 00:20:53,nav2,6.81%,193.2MiB / 30.66GiB,0.62%,0B / 0B,1.67MB / 1.34MB,93
2026-07-31 00:20:57,trav_ros2,101.58%,365.2MiB / 30.66GiB,1.16%,0B / 0B,0B / 393kB,44
2026-07-31 00:20:57,foxglove,10.95%,450.8MiB / 30.66GiB,1.44%,0B / 0B,152kB / 3.3MB,31
2026-07-31 00:20:57,docker-recorder-run-dfb44aee8c91,0.00%,10.3MiB / 30.66GiB,0.03%,0B / 0B,0B / 9.45MB,1
2026-07-31 00:20:57,glim,73.77%,296.8MiB / 30.66GiB,0.95%,0B / 0B,0B / 11.6MB,35
2026-07-31 00:20:57,ouster,7.23%,120.3MiB / 30.66GiB,0.38%,0B / 0B,0B / 3.02MB,29
2026-07-31 00:20:57,domain_bridge,0.23%,57.22MiB / 30.66GiB,0.18%,0B / 0B,0B / 5.04MB,28
2026-07-31 00:20:57,realsense,16.73%,94.23MiB / 30.66GiB,0.30%,0B / 0B,0B / 3.31MB,33
2026-07-31 00:20:57,mapir-ffmpeg,28.91%,169.6MiB / 30.66GiB,0.54%,0B / 0B,0B / 1.44MB,33
2026-07-31 00:20:57,scovox,69.47%,287.9MiB / 30.66GiB,0.92%,0B / 0B,0B / 4.58MB,53
2026-07-31 00:20:57,openzen,3.04%,33.67MiB / 30.66GiB,0.11%,0B / 0B,0B / 2.15MB,20
2026-07-31 00:20:57,nav2,6.02%,192.8MiB / 30.66GiB,0.61%,0B / 0B,1.67MB / 1.34MB,93
2026-07-31 00:21:00,trav_ros2,101.40%,372.2MiB / 30.66GiB,1.19%,0B / 0B,0B / 393kB,44
2026-07-31 00:21:00,foxglove,11.25%,451MiB / 30.66GiB,1.44%,0B / 0B,152kB / 3.3MB,31
2026-07-31 00:21:00,docker-recorder-run-dfb44aee8c91,0.00%,10.3MiB / 30.66GiB,0.03%,0B / 0B,0B / 9.45MB,1
2026-07-31 00:21:00,glim,74.68%,295.8MiB / 30.66GiB,0.94%,0B / 0B,0B / 11.6MB,35
2026-07-31 00:21:00,ouster,7.54%,120.1MiB / 30.66GiB,0.38%,0B / 0B,0B / 3.02MB,29
2026-07-31 00:21:00,domain_bridge,1.40%,57.86MiB / 30.66GiB,0.18%,0B / 0B,0B / 5.04MB,28
2026-07-31 00:21:00,realsense,17.24%,94.23MiB / 30.66GiB,0.30%,0B / 0B,0B / 3.31MB,33
2026-07-31 00:21:00,mapir-ffmpeg,29.07%,169.6MiB / 30.66GiB,0.54%,0B / 0B,0B / 1.44MB,33
2026-07-31 00:21:00,scovox,82.09%,287.8MiB / 30.66GiB,0.92%,0B / 0B,0B / 4.58MB,53
2026-07-31 00:21:00,openzen,3.19%,33.91MiB / 30.66GiB,0.11%,0B / 0B,0B / 2.15MB,20
2026-07-31 00:21:00,nav2,6.39%,192.9MiB / 30.66GiB,0.61%,0B / 0B,1.67MB / 1.34MB,93
2026-07-31 00:21:03,trav_ros2,100.65%,370.9MiB / 30.66GiB,1.18%,0B / 0B,0B / 393kB,44
2026-07-31 00:21:03,foxglove,11.43%,451.2MiB / 30.66GiB,1.44%,0B / 0B,152kB / 3.3MB,31
2026-07-31 00:21:03,docker-recorder-run-dfb44aee8c91,0.00%,10.3MiB / 30.66GiB,0.03%,0B / 0B,0B / 9.45MB,1
2026-07-31 00:21:03,glim,71.19%,296.3MiB / 30.66GiB,0.94%,0B / 0B,0B / 11.6MB,35
2026-07-31 00:21:03,ouster,7.12%,120.7MiB / 30.66GiB,0.38%,0B / 0B,0B / 3.02MB,29
2026-07-31 00:21:03,domain_bridge,0.17%,57.38MiB / 30.66GiB,0.18%,0B / 0B,0B / 5.04MB,28
2026-07-31 00:21:03,realsense,17.17%,94.48MiB / 30.66GiB,0.30%,0B / 0B,0B / 3.31MB,33
2026-07-31 00:21:03,mapir-ffmpeg,28.65%,170.4MiB / 30.66GiB,0.54%,0B / 0B,0B / 1.44MB,33
2026-07-31 00:21:03,scovox,57.23%,319.4MiB / 30.66GiB,1.02%,0B / 0B,0B / 4.58MB,53
2026-07-31 00:21:03,openzen,3.18%,33.67MiB / 30.66GiB,0.11%,0B / 0B,0B / 2.15MB,20
2026-07-31 00:21:03,nav2,6.04%,193.1MiB / 30.66GiB,0.62%,0B / 0B,1.67MB / 1.34MB,93
2026-07-31 00:21:06,trav_ros2,101.26%,373.2MiB / 30.66GiB,1.19%,0B / 0B,0B / 393kB,44
2026-07-31 00:21:06,foxglove,11.85%,459.2MiB / 30.66GiB,1.46%,0B / 0B,152kB / 3.3MB,31
2026-07-31 00:21:06,docker-recorder-run-dfb44aee8c91,0.00%,10.3MiB / 30.66GiB,0.03%,0B / 0B,0B / 9.45MB,1
2026-07-31 00:21:06,glim,79.09%,295.7MiB / 30.66GiB,0.94%,0B / 0B,0B / 11.6MB,35
2026-07-31 00:21:06,ouster,7.26%,120.4MiB / 30.66GiB,0.38%,0B / 0B,0B / 3.02MB,29
2026-07-31 00:21:06,domain_bridge,0.39%,58.03MiB / 30.66GiB,0.18%,0B / 0B,0B / 5.04MB,28
2026-07-31 00:21:06,realsense,17.24%,94.48MiB / 30.66GiB,0.30%,0B / 0B,0B / 3.31MB,33
2026-07-31 00:21:06,mapir-ffmpeg,28.46%,169.6MiB / 30.66GiB,0.54%,0B / 0B,0B / 1.44MB,33
2026-07-31 00:21:06,scovox,75.15%,287.6MiB / 30.66GiB,0.92%,0B / 0B,0B / 4.58MB,53
2026-07-31 00:21:06,openzen,3.22%,33.67MiB / 30.66GiB,0.11%,0B / 0B,0B / 2.15MB,20
2026-07-31 00:21:06,nav2,6.29%,193.1MiB / 30.66GiB,0.61%,0B / 0B,1.67MB / 1.34MB,93
2026-07-31 00:21:09,trav_ros2,102.43%,366.6MiB / 30.66GiB,1.17%,0B / 0B,0B / 393kB,44
2026-07-31 00:21:09,foxglove,11.84%,450.8MiB / 30.66GiB,1.44%,0B / 0B,152kB / 3.3MB,31
2026-07-31 00:21:09,docker-recorder-run-dfb44aee8c91,0.00%,10.3MiB / 30.66GiB,0.03%,0B / 0B,0B / 9.45MB,1
2026-07-31 00:21:09,glim,78.20%,296.2MiB / 30.66GiB,0.94%,0B / 0B,0B / 11.6MB,35
2026-07-31 00:21:09,ouster,7.19%,120.1MiB / 30.66GiB,0.38%,0B / 0B,0B / 3.02MB,29
2026-07-31 00:21:09,domain_bridge,0.49%,57.91MiB / 30.66GiB,0.18%,0B / 0B,0B / 5.04MB,28
2026-07-31 00:21:09,realsense,17.00%,94.47MiB / 30.66GiB,0.30%,0B / 0B,0B / 3.31MB,33
2026-07-31 00:21:09,mapir-ffmpeg,29.04%,169.6MiB / 30.66GiB,0.54%,0B / 0B,0B / 1.44MB,33
2026-07-31 00:21:09,scovox,59.54%,327.6MiB / 30.66GiB,1.04%,0B / 0B,0B / 4.58MB,53
2026-07-31 00:21:09,openzen,3.05%,33.91MiB / 30.66GiB,0.11%,0B / 0B,0B / 2.15MB,20
2026-07-31 00:21:09,nav2,6.46%,194.6MiB / 30.66GiB,0.62%,0B / 0B,1.67MB / 1.34MB,93
2026-07-31 00:21:13,trav_ros2,101.75%,371.8MiB / 30.66GiB,1.18%,0B / 0B,0B / 393kB,44
2026-07-31 00:21:13,foxglove,11.68%,450.6MiB / 30.66GiB,1.44%,0B / 0B,152kB / 3.3MB,31
2026-07-31 00:21:13,docker-recorder-run-dfb44aee8c91,0.00%,10.3MiB / 30.66GiB,0.03%,0B / 0B,0B / 9.45MB,1
2026-07-31 00:21:13,glim,74.02%,296.2MiB / 30.66GiB,0.94%,0B / 0B,0B / 11.6MB,35
2026-07-31 00:21:13,ouster,7.31%,120.3MiB / 30.66GiB,0.38%,0B / 0B,0B / 3.02MB,29
2026-07-31 00:21:13,domain_bridge,0.21%,57.45MiB / 30.66GiB,0.18%,0B / 0B,0B / 5.04MB,28
2026-07-31 00:21:13,realsense,17.33%,94.23MiB / 30.66GiB,0.30%,0B / 0B,0B / 3.31MB,33
2026-07-31 00:21:13,mapir-ffmpeg,29.04%,169.9MiB / 30.66GiB,0.54%,0B / 0B,0B / 1.44MB,33
2026-07-31 00:21:13,scovox,73.92%,287.9MiB / 30.66GiB,0.92%,0B / 0B,0B / 4.58MB,53
2026-07-31 00:21:13,openzen,3.38%,33.67MiB / 30.66GiB,0.11%,0B / 0B,0B / 2.15MB,20
2026-07-31 00:21:13,nav2,6.55%,193.5MiB / 30.66GiB,0.62%,0B / 0B,1.67MB / 1.34MB,93
2026-07-31 00:21:16,trav_ros2,100.83%,372.5MiB / 30.66GiB,1.19%,0B / 0B,0B / 414kB,44
2026-07-31 00:21:16,foxglove,12.41%,459.4MiB / 30.66GiB,1.46%,0B / 0B,152kB / 3.3MB,31
2026-07-31 00:21:16,docker-recorder-run-dfb44aee8c91,0.00%,10.3MiB / 30.66GiB,0.03%,0B / 0B,0B / 9.45MB,1
2026-07-31 00:21:16,glim,75.60%,295.8MiB / 30.66GiB,0.94%,0B / 0B,0B / 11.6MB,35
2026-07-31 00:21:16,ouster,7.41%,120.6MiB / 30.66GiB,0.38%,0B / 0B,0B / 3.02MB,29
2026-07-31 00:21:16,domain_bridge,1.25%,57.84MiB / 30.66GiB,0.18%,0B / 0B,0B / 5.04MB,28
2026-07-31 00:21:16,realsense,17.21%,94.23MiB / 30.66GiB,0.30%,0B / 0B,0B / 3.31MB,33
2026-07-31 00:21:16,mapir-ffmpeg,28.86%,169.9MiB / 30.66GiB,0.54%,0B / 0B,0B / 1.44MB,33
2026-07-31 00:21:16,scovox,76.10%,287.8MiB / 30.66GiB,0.92%,0B / 0B,0B / 4.58MB,53
2026-07-31 00:21:16,openzen,3.22%,33.67MiB / 30.66GiB,0.11%,0B / 0B,0B / 2.15MB,20
2026-07-31 00:21:16,nav2,6.36%,193.2MiB / 30.66GiB,0.62%,0B / 0B,1.67MB / 1.34MB,93
2026-07-31 00:21:19,trav_ros2,100.87%,372MiB / 30.66GiB,1.18%,0B / 0B,0B / 414kB,44
2026-07-31 00:21:19,foxglove,11.88%,459.9MiB / 30.66GiB,1.46%,0B / 0B,152kB / 3.3MB,31
2026-07-31 00:21:19,docker-recorder-run-dfb44aee8c91,0.00%,10.3MiB / 30.66GiB,0.03%,0B / 0B,0B / 9.45MB,1
2026-07-31 00:21:19,glim,75.70%,296.3MiB / 30.66GiB,0.94%,0B / 0B,0B / 11.6MB,35
2026-07-31 00:21:19,ouster,7.49%,120.1MiB / 30.66GiB,0.38%,0B / 0B,0B / 3.02MB,29
2026-07-31 00:21:19,domain_bridge,0.22%,57.5MiB / 30.66GiB,0.18%,0B / 0B,0B / 5.04MB,28
2026-07-31 00:21:19,realsense,17.28%,94.73MiB / 30.66GiB,0.30%,0B / 0B,0B / 3.31MB,33
2026-07-31 00:21:19,mapir-ffmpeg,29.15%,169.9MiB / 30.66GiB,0.54%,0B / 0B,0B / 1.45MB,33
2026-07-31 00:21:19,scovox,60.06%,316.9MiB / 30.66GiB,1.01%,0B / 0B,0B / 4.6MB,53
2026-07-31 00:21:19,openzen,3.28%,33.67MiB / 30.66GiB,0.11%,0B / 0B,0B / 2.15MB,20
2026-07-31 00:21:19,nav2,6.23%,193.8MiB / 30.66GiB,0.62%,0B / 0B,1.67MB / 1.35MB,93
2026-07-31 00:21:22,trav_ros2,100.96%,371.6MiB / 30.66GiB,1.18%,0B / 0B,0B / 414kB,44
2026-07-31 00:21:22,foxglove,11.71%,451MiB / 30.66GiB,1.44%,0B / 0B,152kB / 3.3MB,31
2026-07-31 00:21:22,docker-recorder-run-dfb44aee8c91,0.00%,10.3MiB / 30.66GiB,0.03%,0B / 0B,0B / 9.45MB,1
2026-07-31 00:21:22,glim,76.11%,296.5MiB / 30.66GiB,0.94%,0B / 0B,0B / 11.6MB,35
2026-07-31 00:21:22,ouster,7.55%,120.2MiB / 30.66GiB,0.38%,0B / 0B,0B / 3.02MB,29
2026-07-31 00:21:22,domain_bridge,0.36%,57.51MiB / 30.66GiB,0.18%,0B / 0B,0B / 5.04MB,28
2026-07-31 00:21:22,realsense,17.13%,94.23MiB / 30.66GiB,0.30%,0B / 0B,0B / 3.31MB,33
2026-07-31 00:21:22,mapir-ffmpeg,28.81%,169.9MiB / 30.66GiB,0.54%,0B / 0B,0B / 1.45MB,33
2026-07-31 00:21:22,scovox,78.21%,288MiB / 30.66GiB,0.92%,0B / 0B,0B / 4.6MB,53
2026-07-31 00:21:22,openzen,3.52%,33.67MiB / 30.66GiB,0.11%,0B / 0B,0B / 2.15MB,20
2026-07-31 00:21:22,nav2,6.20%,193.4MiB / 30.66GiB,0.62%,0B / 0B,1.67MB / 1.35MB,93
2026-07-31 00:21:25,trav_ros2,101.12%,371.8MiB / 30.66GiB,1.18%,0B / 0B,0B / 414kB,44
2026-07-31 00:21:25,foxglove,11.58%,458.9MiB / 30.66GiB,1.46%,0B / 0B,152kB / 3.3MB,31
2026-07-31 00:21:25,docker-recorder-run-dfb44aee8c91,0.00%,10.3MiB / 30.66GiB,0.03%,0B / 0B,0B / 9.45MB,1
2026-07-31 00:21:25,glim,75.61%,298.7MiB / 30.66GiB,0.95%,0B / 0B,0B / 11.6MB,35
2026-07-31 00:21:25,ouster,7.90%,120.1MiB / 30.66GiB,0.38%,0B / 0B,0B / 3.02MB,29
2026-07-31 00:21:25,domain_bridge,0.48%,57.89MiB / 30.66GiB,0.18%,0B / 0B,0B / 5.04MB,28
2026-07-31 00:21:25,realsense,17.55%,94.23MiB / 30.66GiB,0.30%,0B / 0B,0B / 3.31MB,33
2026-07-31 00:21:25,mapir-ffmpeg,29.87%,169.9MiB / 30.66GiB,0.54%,0B / 0B,0B / 1.45MB,33
2026-07-31 00:21:25,scovox,58.18%,325.4MiB / 30.66GiB,1.04%,0B / 0B,0B / 4.6MB,53
2026-07-31 00:21:25,openzen,3.38%,33.91MiB / 30.66GiB,0.11%,0B / 0B,0B / 2.15MB,20
2026-07-31 00:21:25,nav2,6.89%,194.3MiB / 30.66GiB,0.62%,0B / 0B,1.67MB / 1.35MB,93
2026-07-31 00:21:29,trav_ros2,101.06%,371.8MiB / 30.66GiB,1.18%,0B / 0B,0B / 414kB,44
2026-07-31 00:21:29,foxglove,11.49%,451MiB / 30.66GiB,1.44%,0B / 0B,152kB / 3.3MB,31
2026-07-31 00:21:29,docker-recorder-run-dfb44aee8c91,0.00%,10.3MiB / 30.66GiB,0.03%,0B / 0B,0B / 9.45MB,1
2026-07-31 00:21:29,glim,77.38%,298.3MiB / 30.66GiB,0.95%,0B / 0B,0B / 11.6MB,35
2026-07-31 00:21:29,ouster,7.47%,120.7MiB / 30.66GiB,0.38%,0B / 0B,0B / 3.02MB,29
2026-07-31 00:21:29,domain_bridge,0.24%,57.55MiB / 30.66GiB,0.18%,0B / 0B,0B / 5.04MB,28
2026-07-31 00:21:29,realsense,17.15%,94.23MiB / 30.66GiB,0.30%,0B / 0B,0B / 3.31MB,33
2026-07-31 00:21:29,mapir-ffmpeg,29.15%,169.9MiB / 30.66GiB,0.54%,0B / 0B,0B / 1.45MB,33
2026-07-31 00:21:29,scovox,65.22%,289.6MiB / 30.66GiB,0.92%,0B / 0B,0B / 4.69MB,53
2026-07-31 00:21:29,openzen,2.90%,33.67MiB / 30.66GiB,0.11%,0B / 0B,0B / 2.15MB,20
2026-07-31 00:21:29,nav2,5.73%,194.3MiB / 30.66GiB,0.62%,0B / 0B,1.67MB / 1.35MB,93
2026-07-31 00:21:32,trav_ros2,101.16%,373MiB / 30.66GiB,1.19%,0B / 0B,0B / 414kB,44
2026-07-31 00:21:32,foxglove,11.94%,450.5MiB / 30.66GiB,1.43%,0B / 0B,152kB / 3.3MB,31
2026-07-31 00:21:32,docker-recorder-run-dfb44aee8c91,0.00%,10.3MiB / 30.66GiB,0.03%,0B / 0B,0B / 9.45MB,1
2026-07-31 00:21:32,glim,75.40%,299.3MiB / 30.66GiB,0.95%,0B / 0B,0B / 11.6MB,35
2026-07-31 00:21:32,ouster,7.18%,120.1MiB / 30.66GiB,0.38%,0B / 0B,0B / 3.02MB,29
2026-07-31 00:21:32,domain_bridge,1.29%,57.95MiB / 30.66GiB,0.18%,0B / 0B,0B / 5.04MB,28
2026-07-31 00:21:32,realsense,16.98%,94.47MiB / 30.66GiB,0.30%,0B / 0B,0B / 3.31MB,33
2026-07-31 00:21:32,mapir-ffmpeg,28.79%,169.9MiB / 30.66GiB,0.54%,0B / 0B,0B / 1.45MB,33
2026-07-31 00:21:32,scovox,74.95%,252MiB / 30.66GiB,0.80%,0B / 0B,0B / 4.69MB,53
2026-07-31 00:21:32,openzen,3.04%,33.68MiB / 30.66GiB,0.11%,0B / 0B,0B / 2.15MB,20
2026-07-31 00:21:32,nav2,5.89%,193.6MiB / 30.66GiB,0.62%,0B / 0B,1.67MB / 1.35MB,93
2026-07-31 00:21:35,trav_ros2,102.26%,372.2MiB / 30.66GiB,1.19%,0B / 0B,0B / 414kB,44
2026-07-31 00:21:35,foxglove,12.11%,458.8MiB / 30.66GiB,1.46%,0B / 0B,152kB / 3.3MB,31
2026-07-31 00:21:35,docker-recorder-run-dfb44aee8c91,0.00%,10.3MiB / 30.66GiB,0.03%,0B / 0B,0B / 9.45MB,1
2026-07-31 00:21:35,glim,73.21%,306.2MiB / 30.66GiB,0.98%,0B / 0B,0B / 11.6MB,35
2026-07-31 00:21:35,ouster,8.00%,120.1MiB / 30.66GiB,0.38%,0B / 0B,0B / 3.02MB,29
2026-07-31 00:21:35,domain_bridge,0.38%,57.46MiB / 30.66GiB,0.18%,0B / 0B,0B / 5.04MB,28
2026-07-31 00:21:35,realsense,17.46%,94.23MiB / 30.66GiB,0.30%,0B / 0B,0B / 3.31MB,33
2026-07-31 00:21:35,mapir-ffmpeg,29.56%,170.1MiB / 30.66GiB,0.54%,0B / 0B,0B / 1.45MB,33
2026-07-31 00:21:35,scovox,62.62%,278.2MiB / 30.66GiB,0.89%,0B / 0B,0B / 4.69MB,53
2026-07-31 00:21:35,openzen,3.29%,33.67MiB / 30.66GiB,0.11%,0B / 0B,0B / 2.15MB,20
2026-07-31 00:21:35,nav2,6.25%,193.9MiB / 30.66GiB,0.62%,0B / 0B,1.67MB / 1.35MB,93
2026-07-31 00:21:38,trav_ros2,101.61%,372.3MiB / 30.66GiB,1.19%,0B / 0B,0B / 414kB,44
2026-07-31 00:21:38,foxglove,10.76%,450.9MiB / 30.66GiB,1.44%,0B / 0B,152kB / 3.3MB,31
2026-07-31 00:21:38,docker-recorder-run-dfb44aee8c91,0.00%,10.3MiB / 30.66GiB,0.03%,0B / 0B,0B / 9.45MB,1
2026-07-31 00:21:38,glim,76.87%,305.5MiB / 30.66GiB,0.97%,0B / 0B,0B / 11.6MB,35
2026-07-31 00:21:38,ouster,7.45%,120.1MiB / 30.66GiB,0.38%,0B / 0B,0B / 3.02MB,29
2026-07-31 00:21:38,domain_bridge,0.23%,57.57MiB / 30.66GiB,0.18%,0B / 0B,0B / 5.04MB,28
2026-07-31 00:21:38,realsense,17.11%,94.23MiB / 30.66GiB,0.30%,0B / 0B,0B / 3.31MB,33
2026-07-31 00:21:38,mapir-ffmpeg,29.56%,169.9MiB / 30.66GiB,0.54%,0B / 0B,0B / 1.45MB,33
2026-07-31 00:21:38,scovox,81.41%,267.2MiB / 30.66GiB,0.85%,0B / 0B,0B / 4.69MB,53
2026-07-31 00:21:38,openzen,3.18%,33.67MiB / 30.66GiB,0.11%,0B / 0B,0B / 2.15MB,20
2026-07-31 00:21:38,nav2,5.78%,193.8MiB / 30.66GiB,0.62%,0B / 0B,1.67MB / 1.35MB,93
2026-07-31 00:21:41,trav_ros2,99.54%,373.4MiB / 30.66GiB,1.19%,0B / 0B,0B / 414kB,44
2026-07-31 00:21:41,foxglove,11.27%,459MiB / 30.66GiB,1.46%,0B / 0B,152kB / 3.3MB,31
2026-07-31 00:21:41,docker-recorder-run-dfb44aee8c91,0.00%,10.3MiB / 30.66GiB,0.03%,0B / 0B,0B / 9.45MB,1
2026-07-31 00:21:41,glim,71.87%,306MiB / 30.66GiB,0.97%,0B / 0B,0B / 11.6MB,35
2026-07-31 00:21:41,ouster,7.39%,120.3MiB / 30.66GiB,0.38%,0B / 0B,0B / 3.02MB,29
2026-07-31 00:21:41,domain_bridge,0.48%,57.62MiB / 30.66GiB,0.18%,0B / 0B,0B / 5.04MB,28
2026-07-31 00:21:41,realsense,16.44%,94.23MiB / 30.66GiB,0.30%,0B / 0B,0B / 3.31MB,33
2026-07-31 00:21:41,mapir-ffmpeg,28.83%,169.9MiB / 30.66GiB,0.54%,0B / 0B,0B / 1.45MB,33
2026-07-31 00:21:41,scovox,56.38%,283.8MiB / 30.66GiB,0.90%,0B / 0B,0B / 4.69MB,53
2026-07-31 00:21:41,openzen,3.25%,34.4MiB / 30.66GiB,0.11%,0B / 0B,0B / 2.15MB,20
2026-07-31 00:21:41,nav2,6.60%,195.9MiB / 30.66GiB,0.62%,0B / 0B,1.67MB / 1.35MB,93
2026-07-31 00:21:44,trav_ros2,100.47%,366MiB / 30.66GiB,1.17%,0B / 0B,0B / 414kB,44
2026-07-31 00:21:44,foxglove,12.07%,459.1MiB / 30.66GiB,1.46%,0B / 0B,152kB / 3.3MB,31
2026-07-31 00:21:44,docker-recorder-run-dfb44aee8c91,0.00%,10.3MiB / 30.66GiB,0.03%,0B / 0B,0B / 9.45MB,1
2026-07-31 00:21:44,glim,76.61%,305.9MiB / 30.66GiB,0.97%,0B / 0B,0B / 11.6MB,35
2026-07-31 00:21:44,ouster,7.72%,120.2MiB / 30.66GiB,0.38%,0B / 0B,0B / 3.02MB,29
2026-07-31 00:21:44,domain_bridge,0.32%,57.17MiB / 30.66GiB,0.18%,0B / 0B,0B / 5.04MB,28
2026-07-31 00:21:44,realsense,17.13%,94.23MiB / 30.66GiB,0.30%,0B / 0B,0B / 3.31MB,33
2026-07-31 00:21:44,mapir-ffmpeg,28.50%,169.9MiB / 30.66GiB,0.54%,0B / 0B,0B / 1.45MB,33
2026-07-31 00:21:44,scovox,75.10%,286.9MiB / 30.66GiB,0.91%,0B / 0B,0B / 4.69MB,53
2026-07-31 00:21:44,openzen,3.16%,33.67MiB / 30.66GiB,0.11%,0B / 0B,0B / 2.15MB,20
2026-07-31 00:21:44,nav2,6.51%,194.3MiB / 30.66GiB,0.62%,0B / 0B,1.67MB / 1.35MB,93
2026-07-31 00:21:48,trav_ros2,101.47%,373.1MiB / 30.66GiB,1.19%,0B / 0B,0B / 434kB,44
2026-07-31 00:21:48,foxglove,10.97%,450.7MiB / 30.66GiB,1.44%,0B / 0B,152kB / 3.3MB,31
2026-07-31 00:21:48,docker-recorder-run-dfb44aee8c91,0.00%,10.3MiB / 30.66GiB,0.03%,0B / 0B,0B / 9.45MB,1
2026-07-31 00:21:48,glim,71.65%,306.1MiB / 30.66GiB,0.97%,0B / 0B,0B / 11.6MB,35
2026-07-31 00:21:48,ouster,8.13%,120.2MiB / 30.66GiB,0.38%,0B / 0B,0B / 3.02MB,29
2026-07-31 00:21:48,domain_bridge,1.36%,58.48MiB / 30.66GiB,0.19%,0B / 0B,0B / 5.04MB,28
2026-07-31 00:21:48,realsense,16.82%,94.23MiB / 30.66GiB,0.30%,0B / 0B,0B / 3.31MB,33
2026-07-31 00:21:48,mapir-ffmpeg,29.67%,169.9MiB / 30.66GiB,0.54%,0B / 0B,0B / 1.45MB,33
2026-07-31 00:21:48,scovox,69.91%,252.4MiB / 30.66GiB,0.80%,0B / 0B,0B / 4.69MB,53
2026-07-31 00:21:48,openzen,3.31%,33.67MiB / 30.66GiB,0.11%,0B / 0B,0B / 2.15MB,20
2026-07-31 00:21:48,nav2,5.99%,194.1MiB / 30.66GiB,0.62%,0B / 0B,1.67MB / 1.35MB,93
2026-07-31 00:21:51,trav_ros2,102.38%,375.6MiB / 30.66GiB,1.20%,0B / 0B,0B / 434kB,44
2026-07-31 00:21:51,foxglove,12.11%,458.9MiB / 30.66GiB,1.46%,0B / 0B,152kB / 3.3MB,31
2026-07-31 00:21:51,docker-recorder-run-dfb44aee8c91,0.00%,10.3MiB / 30.66GiB,0.03%,0B / 0B,0B / 9.45MB,1
2026-07-31 00:21:51,glim,73.28%,305.7MiB / 30.66GiB,0.97%,0B / 0B,0B / 11.6MB,35
2026-07-31 00:21:51,ouster,7.49%,120.1MiB / 30.66GiB,0.38%,0B / 0B,0B / 3.02MB,29
2026-07-31 00:21:51,domain_bridge,0.45%,57.68MiB / 30.66GiB,0.18%,0B / 0B,0B / 5.04MB,28
2026-07-31 00:21:51,realsense,16.90%,94.23MiB / 30.66GiB,0.30%,0B / 0B,0B / 3.31MB,33
2026-07-31 00:21:51,mapir-ffmpeg,29.01%,170.1MiB / 30.66GiB,0.54%,0B / 0B,0B / 1.45MB,33
2026-07-31 00:21:51,scovox,56.09%,268.1MiB / 30.66GiB,0.85%,0B / 0B,0B / 4.69MB,53
2026-07-31 00:21:51,openzen,3.06%,33.67MiB / 30.66GiB,0.11%,0B / 0B,0B / 2.15MB,20
2026-07-31 00:21:51,nav2,6.18%,194.7MiB / 30.66GiB,0.62%,0B / 0B,1.67MB / 1.35MB,93
2026-07-31 00:21:54,trav_ros2,100.74%,372.2MiB / 30.66GiB,1.19%,0B / 0B,0B / 434kB,44
2026-07-31 00:21:54,foxglove,11.58%,459.3MiB / 30.66GiB,1.46%,0B / 0B,152kB / 3.3MB,31
2026-07-31 00:21:54,docker-recorder-run-dfb44aee8c91,0.00%,10.3MiB / 30.66GiB,0.03%,0B / 0B,0B / 9.45MB,1
2026-07-31 00:21:54,glim,76.94%,306.3MiB / 30.66GiB,0.98%,0B / 0B,0B / 11.6MB,35
2026-07-31 00:21:54,ouster,7.38%,120.2MiB / 30.66GiB,0.38%,0B / 0B,0B / 3.02MB,29
2026-07-31 00:21:54,domain_bridge,0.13%,57.48MiB / 30.66GiB,0.18%,0B / 0B,0B / 5.04MB,28
2026-07-31 00:21:54,realsense,16.64%,94.48MiB / 30.66GiB,0.30%,0B / 0B,0B / 3.31MB,33
2026-07-31 00:21:54,mapir-ffmpeg,28.53%,170.1MiB / 30.66GiB,0.54%,0B / 0B,0B / 1.46MB,33
2026-07-31 00:21:54,scovox,79.27%,265.4MiB / 30.66GiB,0.85%,0B / 0B,0B / 4.69MB,53
2026-07-31 00:21:54,openzen,3.15%,33.67MiB / 30.66GiB,0.11%,0B / 0B,0B / 2.15MB,20
2026-07-31 00:21:54,nav2,6.00%,194.5MiB / 30.66GiB,0.62%,0B / 0B,1.67MB / 1.37MB,93
2026-07-31 00:21:57,trav_ros2,100.92%,417.9MiB / 30.66GiB,1.33%,0B / 0B,0B / 434kB,44
2026-07-31 00:21:57,foxglove,10.90%,450.7MiB / 30.66GiB,1.44%,0B / 0B,152kB / 3.3MB,31
2026-07-31 00:21:57,docker-recorder-run-dfb44aee8c91,0.00%,10.3MiB / 30.66GiB,0.03%,0B / 0B,0B / 9.45MB,1
2026-07-31 00:21:57,glim,71.57%,306.3MiB / 30.66GiB,0.98%,0B / 0B,0B / 11.6MB,35
2026-07-31 00:21:57,ouster,7.33%,120.3MiB / 30.66GiB,0.38%,0B / 0B,0B / 3.02MB,29
2026-07-31 00:21:57,domain_bridge,0.43%,57.82MiB / 30.66GiB,0.18%,0B / 0B,0B / 5.04MB,28
2026-07-31 00:21:57,realsense,16.83%,94.48MiB / 30.66GiB,0.30%,0B / 0B,0B / 3.31MB,33
2026-07-31 00:21:57,mapir-ffmpeg,28.23%,169.6MiB / 30.66GiB,0.54%,0B / 0B,0B / 1.46MB,33
2026-07-31 00:21:57,scovox,52.04%,277.9MiB / 30.66GiB,0.89%,0B / 0B,0B / 4.7MB,53
2026-07-31 00:21:57,openzen,3.11%,33.67MiB / 30.66GiB,0.11%,0B / 0B,0B / 2.15MB,20
2026-07-31 00:21:57,nav2,5.74%,196.6MiB / 30.66GiB,0.63%,0B / 0B,1.67MB / 1.37MB,93
2026-07-31 00:22:00,trav_ros2,100.74%,372MiB / 30.66GiB,1.18%,0B / 0B,0B / 434kB,44
2026-07-31 00:22:00,foxglove,10.91%,450.7MiB / 30.66GiB,1.44%,0B / 0B,152kB / 3.3MB,31
2026-07-31 00:22:00,docker-recorder-run-dfb44aee8c91,0.00%,10.3MiB / 30.66GiB,0.03%,0B / 0B,0B / 9.45MB,1
2026-07-31 00:22:00,glim,74.18%,310.3MiB / 30.66GiB,0.99%,0B / 0B,0B / 11.6MB,35
2026-07-31 00:22:00,ouster,8.12%,120.5MiB / 30.66GiB,0.38%,0B / 0B,0B / 3.02MB,29
2026-07-31 00:22:00,domain_bridge,0.38%,58.03MiB / 30.66GiB,0.18%,0B / 0B,0B / 5.04MB,28
2026-07-31 00:22:00,realsense,16.73%,94.23MiB / 30.66GiB,0.30%,0B / 0B,0B / 3.31MB,33
2026-07-31 00:22:00,mapir-ffmpeg,28.70%,169.6MiB / 30.66GiB,0.54%,0B / 0B,0B / 1.46MB,33
2026-07-31 00:22:00,scovox,77.46%,282.6MiB / 30.66GiB,0.90%,0B / 0B,0B / 4.78MB,53
2026-07-31 00:22:00,openzen,3.60%,33.67MiB / 30.66GiB,0.11%,0B / 0B,0B / 2.15MB,20
2026-07-31 00:22:00,nav2,5.96%,194.6MiB / 30.66GiB,0.62%,0B / 0B,1.67MB / 1.37MB,93
2026-07-31 00:22:03,trav_ros2,101.55%,366.1MiB / 30.66GiB,1.17%,0B / 0B,0B / 434kB,44
2026-07-31 00:22:03,foxglove,11.58%,451.5MiB / 30.66GiB,1.44%,0B / 0B,152kB / 3.3MB,31
2026-07-31 00:22:03,docker-recorder-run-dfb44aee8c91,0.00%,10.3MiB / 30.66GiB,0.03%,0B / 0B,0B / 9.45MB,1
2026-07-31 00:22:03,glim,69.48%,310MiB / 30.66GiB,0.99%,0B / 0B,0B / 11.6MB,35
2026-07-31 00:22:03,ouster,7.63%,120MiB / 30.66GiB,0.38%,0B / 0B,0B / 3.02MB,29
2026-07-31 00:22:03,domain_bridge,1.06%,59.12MiB / 30.66GiB,0.19%,0B / 0B,0B / 5.04MB,28
2026-07-31 00:22:03,realsense,17.26%,94.23MiB / 30.66GiB,0.30%,0B / 0B,0B / 3.31MB,33
2026-07-31 00:22:03,mapir-ffmpeg,28.96%,169.6MiB / 30.66GiB,0.54%,0B / 0B,0B / 1.46MB,33
2026-07-31 00:22:03,scovox,64.79%,285MiB / 30.66GiB,0.91%,0B / 0B,0B / 4.78MB,53
2026-07-31 00:22:03,openzen,3.31%,33.67MiB / 30.66GiB,0.11%,0B / 0B,0B / 2.15MB,20
2026-07-31 00:22:03,nav2,5.90%,194.6MiB / 30.66GiB,0.62%,0B / 0B,1.67MB / 1.37MB,93
2026-07-31 00:22:07,trav_ros2,100.35%,372MiB / 30.66GiB,1.18%,0B / 0B,0B / 434kB,44
2026-07-31 00:22:07,foxglove,12.58%,460.9MiB / 30.66GiB,1.47%,0B / 0B,152kB / 3.3MB,31
2026-07-31 00:22:07,docker-recorder-run-dfb44aee8c91,0.00%,10.3MiB / 30.66GiB,0.03%,0B / 0B,0B / 9.45MB,1
2026-07-31 00:22:07,glim,73.65%,310.7MiB / 30.66GiB,0.99%,0B / 0B,0B / 11.6MB,35
2026-07-31 00:22:07,ouster,7.88%,120.2MiB / 30.66GiB,0.38%,0B / 0B,0B / 3.02MB,29
2026-07-31 00:22:07,domain_bridge,0.78%,58.02MiB / 30.66GiB,0.18%,0B / 0B,0B / 5.04MB,28
2026-07-31 00:22:07,realsense,17.05%,94.23MiB / 30.66GiB,0.30%,0B / 0B,0B / 3.31MB,33
2026-07-31 00:22:07,mapir-ffmpeg,28.77%,169.9MiB / 30.66GiB,0.54%,0B / 0B,0B / 1.46MB,33
2026-07-31 00:22:07,scovox,64.62%,293.8MiB / 30.66GiB,0.94%,0B / 0B,0B / 4.78MB,53
2026-07-31 00:22:07,openzen,3.59%,34.16MiB / 30.66GiB,0.11%,0B / 0B,0B / 2.15MB,20
2026-07-31 00:22:07,nav2,6.55%,194.7MiB / 30.66GiB,0.62%,0B / 0B,1.67MB / 1.37MB,93
2026-07-31 00:22:10,trav_ros2,99.80%,372.8MiB / 30.66GiB,1.19%,0B / 0B,0B / 434kB,44
2026-07-31 00:22:10,foxglove,12.14%,459.4MiB / 30.66GiB,1.46%,0B / 0B,152kB / 3.3MB,31
2026-07-31 00:22:10,docker-recorder-run-dfb44aee8c91,0.00%,10.3MiB / 30.66GiB,0.03%,0B / 0B,0B / 9.45MB,1
2026-07-31 00:22:10,glim,72.25%,309.7MiB / 30.66GiB,0.99%,0B / 0B,0B / 11.6MB,35
2026-07-31 00:22:10,ouster,7.47%,120.2MiB / 30.66GiB,0.38%,0B / 0B,0B / 3.02MB,29
2026-07-31 00:22:10,domain_bridge,0.25%,58.36MiB / 30.66GiB,0.19%,0B / 0B,0B / 5.04MB,28
2026-07-31 00:22:10,realsense,16.79%,94.47MiB / 30.66GiB,0.30%,0B / 0B,0B / 3.31MB,33
2026-07-31 00:22:10,mapir-ffmpeg,28.70%,169.9MiB / 30.66GiB,0.54%,0B / 0B,0B / 1.46MB,33
2026-07-31 00:22:10,scovox,82.30%,265.7MiB / 30.66GiB,0.85%,0B / 0B,0B / 4.78MB,53
2026-07-31 00:22:10,openzen,3.48%,33.67MiB / 30.66GiB,0.11%,0B / 0B,0B / 2.15MB,20
2026-07-31 00:22:10,nav2,5.85%,194.7MiB / 30.66GiB,0.62%,0B / 0B,1.67MB / 1.37MB,93
2026-07-31 00:22:13,trav_ros2,101.58%,371.7MiB / 30.66GiB,1.18%,0B / 0B,0B / 434kB,44
2026-07-31 00:22:13,foxglove,11.65%,450.7MiB / 30.66GiB,1.44%,0B / 0B,152kB / 3.3MB,31
2026-07-31 00:22:13,docker-recorder-run-dfb44aee8c91,0.00%,10.3MiB / 30.66GiB,0.03%,0B / 0B,0B / 9.45MB,1
2026-07-31 00:22:13,glim,79.58%,310.6MiB / 30.66GiB,0.99%,0B / 0B,0B / 11.6MB,35
2026-07-31 00:22:13,ouster,8.06%,120MiB / 30.66GiB,0.38%,0B / 0B,0B / 3.02MB,29
2026-07-31 00:22:13,domain_bridge,0.30%,57.49MiB / 30.66GiB,0.18%,0B / 0B,0B / 5.04MB,28
2026-07-31 00:22:13,realsense,17.49%,94.23MiB / 30.66GiB,0.30%,0B / 0B,0B / 3.31MB,33
2026-07-31 00:22:13,mapir-ffmpeg,30.14%,170.4MiB / 30.66GiB,0.54%,0B / 0B,0B / 1.46MB,33
2026-07-31 00:22:13,scovox,58.45%,286.5MiB / 30.66GiB,0.91%,0B / 0B,0B / 4.78MB,53
2026-07-31 00:22:13,openzen,3.33%,33.91MiB / 30.66GiB,0.11%,0B / 0B,0B / 2.15MB,20
2026-07-31 00:22:13,nav2,5.70%,194.9MiB / 30.66GiB,0.62%,0B / 0B,1.67MB / 1.37MB,93
2026-07-31 00:22:16,trav_ros2,101.93%,366.6MiB / 30.66GiB,1.17%,0B / 0B,0B / 455kB,44
2026-07-31 00:22:16,foxglove,12.65%,459MiB / 30.66GiB,1.46%,0B / 0B,152kB / 3.3MB,31
2026-07-31 00:22:16,docker-recorder-run-dfb44aee8c91,0.00%,10.3MiB / 30.66GiB,0.03%,0B / 0B,0B / 9.45MB,1
2026-07-31 00:22:16,glim,70.78%,310.3MiB / 30.66GiB,0.99%,0B / 0B,0B / 11.6MB,35
2026-07-31 00:22:16,ouster,7.95%,119.9MiB / 30.66GiB,0.38%,0B / 0B,0B / 3.02MB,29
2026-07-31 00:22:16,domain_bridge,0.46%,57.72MiB / 30.66GiB,0.18%,0B / 0B,0B / 5.04MB,28
2026-07-31 00:22:16,realsense,17.19%,94.48MiB / 30.66GiB,0.30%,0B / 0B,0B / 3.31MB,33
2026-07-31 00:22:16,mapir-ffmpeg,29.69%,169.9MiB / 30.66GiB,0.54%,0B / 0B,0B / 1.46MB,33
2026-07-31 00:22:16,scovox,84.15%,288.4MiB / 30.66GiB,0.92%,0B / 0B,0B / 4.78MB,53
2026-07-31 00:22:16,openzen,3.46%,33.67MiB / 30.66GiB,0.11%,0B / 0B,0B / 2.15MB,20
2026-07-31 00:22:16,nav2,6.16%,195.2MiB / 30.66GiB,0.62%,0B / 0B,1.67MB / 1.37MB,93
2026-07-31 00:22:19,trav_ros2,102.39%,384.3MiB / 30.66GiB,1.22%,0B / 0B,0B / 455kB,44
2026-07-31 00:22:19,foxglove,12.19%,458.7MiB / 30.66GiB,1.46%,0B / 0B,152kB / 3.3MB,31
2026-07-31 00:22:19,docker-recorder-run-dfb44aee8c91,0.00%,10.3MiB / 30.66GiB,0.03%,0B / 0B,0B / 9.45MB,1
2026-07-31 00:22:19,glim,76.01%,309.9MiB / 30.66GiB,0.99%,0B / 0B,0B / 11.6MB,35
2026-07-31 00:22:19,ouster,7.88%,120.1MiB / 30.66GiB,0.38%,0B / 0B,0B / 3.02MB,29
2026-07-31 00:22:19,domain_bridge,1.06%,59.22MiB / 30.66GiB,0.19%,0B / 0B,0B / 5.04MB,28
2026-07-31 00:22:19,realsense,18.27%,94.23MiB / 30.66GiB,0.30%,0B / 0B,0B / 3.31MB,33
2026-07-31 00:22:19,mapir-ffmpeg,29.51%,169.9MiB / 30.66GiB,0.54%,0B / 0B,0B / 1.46MB,33
2026-07-31 00:22:19,scovox,62.47%,296.4MiB / 30.66GiB,0.94%,0B / 0B,0B / 4.78MB,53
2026-07-31 00:22:19,openzen,3.49%,33.67MiB / 30.66GiB,0.11%,0B / 0B,0B / 2.15MB,20
2026-07-31 00:22:19,nav2,6.63%,195MiB / 30.66GiB,0.62%,0B / 0B,1.67MB / 1.37MB,93
2026-07-31 00:22:23,trav_ros2,101.41%,372.8MiB / 30.66GiB,1.19%,0B / 0B,0B / 455kB,44
2026-07-31 00:22:23,foxglove,12.12%,459MiB / 30.66GiB,1.46%,0B / 0B,152kB / 3.3MB,31
2026-07-31 00:22:23,docker-recorder-run-dfb44aee8c91,0.00%,10.3MiB / 30.66GiB,0.03%,0B / 0B,0B / 9.45MB,1
2026-07-31 00:22:23,glim,74.78%,311.1MiB / 30.66GiB,0.99%,0B / 0B,0B / 11.6MB,35
2026-07-31 00:22:23,ouster,7.63%,120.3MiB / 30.66GiB,0.38%,0B / 0B,0B / 3.02MB,29
2026-07-31 00:22:23,domain_bridge,0.47%,57.99MiB / 30.66GiB,0.18%,0B / 0B,0B / 5.04MB,28
2026-07-31 00:22:23,realsense,16.76%,94.23MiB / 30.66GiB,0.30%,0B / 0B,0B / 3.31MB,33
2026-07-31 00:22:23,mapir-ffmpeg,28.98%,169.9MiB / 30.66GiB,0.54%,0B / 0B,0B / 1.46MB,33
2026-07-31 00:22:23,scovox,75.99%,294.5MiB / 30.66GiB,0.94%,0B / 0B,0B / 4.78MB,53
2026-07-31 00:22:23,openzen,3.30%,33.91MiB / 30.66GiB,0.11%,0B / 0B,0B / 2.15MB,20
2026-07-31 00:22:23,nav2,6.72%,196.2MiB / 30.66GiB,0.62%,0B / 0B,1.67MB / 1.37MB,93
2026-07-31 00:22:26,trav_ros2,101.50%,372.7MiB / 30.66GiB,1.19%,0B / 0B,0B / 455kB,44
2026-07-31 00:22:26,foxglove,10.84%,450.8MiB / 30.66GiB,1.44%,0B / 0B,152kB / 3.3MB,31
2026-07-31 00:22:26,docker-recorder-run-dfb44aee8c91,0.00%,10.3MiB / 30.66GiB,0.03%,0B / 0B,0B / 9.45MB,1
2026-07-31 00:22:26,glim,72.33%,310.3MiB / 30.66GiB,0.99%,0B / 0B,0B / 11.6MB,35
2026-07-31 00:22:26,ouster,7.54%,120.1MiB / 30.66GiB,0.38%,0B / 0B,0B / 3.02MB,29
2026-07-31 00:22:26,domain_bridge,0.18%,58.13MiB / 30.66GiB,0.19%,0B / 0B,0B / 5.04MB,28
2026-07-31 00:22:26,realsense,16.45%,94.23MiB / 30.66GiB,0.30%,0B / 0B,0B / 3.31MB,33
2026-07-31 00:22:26,mapir-ffmpeg,28.80%,169.9MiB / 30.66GiB,0.54%,0B / 0B,0B / 1.46MB,33
2026-07-31 00:22:26,scovox,79.23%,257.5MiB / 30.66GiB,0.82%,0B / 0B,0B / 4.8MB,53
2026-07-31 00:22:26,openzen,3.14%,33.67MiB / 30.66GiB,0.11%,0B / 0B,0B / 2.15MB,20
2026-07-31 00:22:26,nav2,5.84%,195.2MiB / 30.66GiB,0.62%,0B / 0B,1.67MB / 1.37MB,93
2026-07-31 00:22:29,trav_ros2,101.92%,372.9MiB / 30.66GiB,1.19%,0B / 0B,0B / 455kB,44
2026-07-31 00:22:29,foxglove,13.45%,459.3MiB / 30.66GiB,1.46%,0B / 0B,152kB / 3.3MB,31
2026-07-31 00:22:29,docker-recorder-run-dfb44aee8c91,0.00%,10.3MiB / 30.66GiB,0.03%,0B / 0B,0B / 9.45MB,1
2026-07-31 00:22:29,glim,74.40%,310MiB / 30.66GiB,0.99%,0B / 0B,0B / 11.6MB,35
2026-07-31 00:22:29,ouster,7.75%,120.2MiB / 30.66GiB,0.38%,0B / 0B,0B / 3.02MB,29
2026-07-31 00:22:29,domain_bridge,0.18%,57.75MiB / 30.66GiB,0.18%,0B / 0B,0B / 5.04MB,28
2026-07-31 00:22:29,realsense,17.61%,94.23MiB / 30.66GiB,0.30%,0B / 0B,0B / 3.31MB,33
2026-07-31 00:22:29,mapir-ffmpeg,29.58%,169.9MiB / 30.66GiB,0.54%,0B / 0B,0B / 1.47MB,33
2026-07-31 00:22:29,scovox,68.28%,284.2MiB / 30.66GiB,0.91%,0B / 0B,0B / 4.8MB,53
2026-07-31 00:22:29,openzen,3.20%,33.67MiB / 30.66GiB,0.11%,0B / 0B,0B / 2.15MB,20
2026-07-31 00:22:29,nav2,6.10%,195.3MiB / 30.66GiB,0.62%,0B / 0B,1.67MB / 1.39MB,93
2026-07-31 00:22:32,trav_ros2,101.11%,372.4MiB / 30.66GiB,1.19%,0B / 0B,0B / 455kB,44
2026-07-31 00:22:32,foxglove,11.91%,451.2MiB / 30.66GiB,1.44%,0B / 0B,152kB / 3.3MB,31
2026-07-31 00:22:32,docker-recorder-run-dfb44aee8c91,51.45%,24.51MiB / 30.66GiB,0.08%,0B / 0B,0B / 9.45MB,4
2026-07-31 00:22:32,glim,75.96%,310.3MiB / 30.66GiB,0.99%,0B / 0B,0B / 11.6MB,35
2026-07-31 00:22:32,ouster,7.78%,120.2MiB / 30.66GiB,0.38%,0B / 0B,0B / 3.02MB,29
2026-07-31 00:22:32,domain_bridge,0.62%,58.12MiB / 30.66GiB,0.19%,0B / 0B,0B / 5.04MB,28
2026-07-31 00:22:32,realsense,17.17%,94.23MiB / 30.66GiB,0.30%,0B / 0B,0B / 3.31MB,33
2026-07-31 00:22:32,mapir-ffmpeg,29.15%,169.9MiB / 30.66GiB,0.54%,0B / 0B,0B / 1.47MB,33
2026-07-31 00:22:32,scovox,96.01%,284.4MiB / 30.66GiB,0.91%,0B / 0B,0B / 4.88MB,53
2026-07-31 00:22:32,openzen,3.32%,33.67MiB / 30.66GiB,0.11%,0B / 0B,0B / 2.15MB,20
2026-07-31 00:22:32,nav2,6.78%,195.6MiB / 30.66GiB,0.62%,0B / 0B,1.67MB / 1.39MB,93
2026-07-31 00:22:35,trav_ros2,100.95%,376.1MiB / 30.66GiB,1.20%,0B / 0B,0B / 475kB,44
2026-07-31 00:22:35,foxglove,12.09%,459.1MiB / 30.66GiB,1.46%,0B / 0B,152kB / 3.3MB,31
2026-07-31 00:22:35,glim,71.96%,310.5MiB / 30.66GiB,0.99%,0B / 0B,0B / 11.6MB,35
2026-07-31 00:22:35,ouster,7.68%,120.2MiB / 30.66GiB,0.38%,0B / 0B,0B / 3.02MB,29
2026-07-31 00:22:35,domain_bridge,1.12%,59.09MiB / 30.66GiB,0.19%,0B / 0B,0B / 5.04MB,28
2026-07-31 00:22:35,scovox,58.99%,295.4MiB / 30.66GiB,0.94%,0B / 0B,0B / 4.92MB,53
2026-07-31 00:22:35,openzen,3.53%,33.68MiB / 30.66GiB,0.11%,0B / 0B,0B / 2.15MB,20
2026-07-31 00:22:35,nav2,6.28%,195.7MiB / 30.66GiB,0.62%,0B / 0B,1.67MB / 1.4MB,93
2026-07-31 00:22:38,trav_ros2,101.92%,373.6MiB / 30.66GiB,1.19%,0B / 0B,0B / 475kB,44
2026-07-31 00:22:38,foxglove,12.08%,460MiB / 30.66GiB,1.46%,0B / 0B,152kB / 3.3MB,31
2026-07-31 00:22:38,glim,75.70%,310.1MiB / 30.66GiB,0.99%,0B / 0B,0B / 11.6MB,35
2026-07-31 00:22:38,ouster,8.24%,121.4MiB / 30.66GiB,0.39%,0B / 0B,0B / 3.02MB,29
2026-07-31 00:22:38,domain_bridge,1.38%,58.11MiB / 30.66GiB,0.19%,0B / 0B,0B / 5.04MB,28
2026-07-31 00:22:38,scovox,78.28%,292MiB / 30.66GiB,0.93%,0B / 0B,0B / 4.92MB,53
2026-07-31 00:22:38,openzen,3.85%,34.17MiB / 30.66GiB,0.11%,0B / 0B,0B / 2.15MB,20
2026-07-31 00:22:38,nav2,7.96%,197.5MiB / 30.66GiB,0.63%,0B / 0B,1.67MB / 1.4MB,93
2026-07-31 00:22:42,trav_ros2,101.77%,374.1MiB / 30.66GiB,1.19%,0B / 0B,0B / 475kB,44
2026-07-31 00:22:42,foxglove,11.46%,459.5MiB / 30.66GiB,1.46%,0B / 0B,152kB / 3.3MB,31
2026-07-31 00:22:42,glim,72.19%,310.6MiB / 30.66GiB,0.99%,0B / 0B,0B / 11.6MB,35
2026-07-31 00:22:42,ouster,7.63%,120.7MiB / 30.66GiB,0.38%,0B / 0B,0B / 3.02MB,29
2026-07-31 00:22:42,domain_bridge,0.36%,58.48MiB / 30.66GiB,0.19%,0B / 0B,0B / 5.04MB,28
2026-07-31 00:22:42,scovox,72.71%,258.7MiB / 30.66GiB,0.82%,0B / 0B,0B / 4.92MB,53
2026-07-31 00:22:42,openzen,3.60%,33.68MiB / 30.66GiB,0.11%,0B / 0B,0B / 2.15MB,20
2026-07-31 00:22:42,nav2,6.19%,196MiB / 30.66GiB,0.62%,0B / 0B,1.67MB / 1.4MB,93
