Timestamp,Name,CPU_Perc,Mem_Usage,Mem_Perc,Net_IO,Block_IO,PIDs
2026-07-31 00:14:38,ouster,66.77%,110MiB / 30.66GiB,0.35%,0B / 0B,0B / 1.39MB,29
2026-07-31 00:14:38,domain_bridge,202.88%,42.61MiB / 30.66GiB,0.14%,0B / 0B,0B / 102kB,12
2026-07-31 00:14:38,realsense,129.59%,44.59MiB / 30.66GiB,0.14%,0B / 0B,0B / 242kB,7
2026-07-31 00:14:38,mapir-ffmpeg,81.83%,124.5MiB / 30.66GiB,0.40%,0B / 0B,0B / 864kB,32
2026-07-31 00:14:38,scovox,247.90%,59.56MiB / 30.66GiB,0.19%,0B / 0B,0B / 700kB,6
2026-07-31 00:14:38,openzen,2.78%,31.35MiB / 30.66GiB,0.10%,0B / 0B,0B / 2.14MB,19
2026-07-31 00:14:38,nav2,97.83%,90.69MiB / 30.66GiB,0.29%,0B / 0B,0B / 1.13MB,78
2026-07-31 00:14:38,glim,120.66%,40.43MiB / 30.66GiB,0.13%,0B / 0B,0B / 49.2kB,5
2026-07-31 00:14:41,docker-recorder-run-dfb44aee8c91,97.94%,70.34MiB / 30.66GiB,0.22%,0B / 0B,0B / 0B,19
2026-07-31 00:14:41,glim,43.52%,88.65MiB / 30.66GiB,0.28%,0B / 0B,0B / 11MB,20
2026-07-31 00:14:41,ouster,6.97%,116.3MiB / 30.66GiB,0.37%,0B / 0B,0B / 3.01MB,29
2026-07-31 00:14:41,domain_bridge,105.08%,42.37MiB / 30.66GiB,0.13%,0B / 0B,0B / 709kB,7
2026-07-31 00:14:41,realsense,16.82%,91.99MiB / 30.66GiB,0.29%,0B / 0B,0B / 2.31MB,33
2026-07-31 00:14:41,mapir-ffmpeg,28.54%,166.9MiB / 30.66GiB,0.53%,0B / 0B,0B / 1.3MB,33
2026-07-31 00:14:41,scovox,6.79%,151.5MiB / 30.66GiB,0.48%,0B / 0B,0B / 1.88MB,53
2026-07-31 00:14:41,openzen,3.40%,32.27MiB / 30.66GiB,0.10%,0B / 0B,0B / 2.14MB,20
2026-07-31 00:14:41,nav2,0.88%,119MiB / 30.66GiB,0.38%,0B / 0B,1.67MB / 1.13MB,90
2026-07-31 00:14:45,docker-recorder-run-dfb44aee8c91,102.62%,42.55MiB / 30.66GiB,0.14%,0B / 0B,0B / 0B,11
2026-07-31 00:14:45,glim,84.85%,162.8MiB / 30.66GiB,0.52%,0B / 0B,0B / 11MB,35
2026-07-31 00:14:45,ouster,7.50%,116.9MiB / 30.66GiB,0.37%,0B / 0B,0B / 3.01MB,29
2026-07-31 00:14:45,domain_bridge,103.02%,40.75MiB / 30.66GiB,0.13%,0B / 0B,0B / 770kB,6
2026-07-31 00:14:45,realsense,17.37%,91.52MiB / 30.66GiB,0.29%,0B / 0B,0B / 2.31MB,33
2026-07-31 00:14:45,mapir-ffmpeg,28.55%,166.5MiB / 30.66GiB,0.53%,0B / 0B,0B / 1.3MB,33
2026-07-31 00:14:45,scovox,8.50%,137.9MiB / 30.66GiB,0.44%,0B / 0B,0B / 1.88MB,53
2026-07-31 00:14:45,openzen,3.61%,32.23MiB / 30.66GiB,0.10%,0B / 0B,0B / 2.14MB,20
2026-07-31 00:14:45,nav2,5.56%,122MiB / 30.66GiB,0.39%,0B / 0B,1.67MB / 1.13MB,93
2026-07-31 00:14:48,docker-recorder-run-dfb44aee8c91,125.87%,49.24MiB / 30.66GiB,0.16%,0B / 0B,0B / 61.4kB,15
2026-07-31 00:14:48,glim,80.61%,262.8MiB / 30.66GiB,0.84%,0B / 0B,0B / 11MB,35
2026-07-31 00:14:48,ouster,7.03%,115.1MiB / 30.66GiB,0.37%,0B / 0B,0B / 3.01MB,29
2026-07-31 00:14:48,domain_bridge,78.75%,55.25MiB / 30.66GiB,0.18%,0B / 0B,0B / 836kB,8
2026-07-31 00:14:48,realsense,17.28%,91.52MiB / 30.66GiB,0.29%,0B / 0B,0B / 2.31MB,33
2026-07-31 00:14:48,mapir-ffmpeg,28.70%,164.8MiB / 30.66GiB,0.52%,0B / 0B,0B / 1.3MB,33
2026-07-31 00:14:48,scovox,68.15%,193.8MiB / 30.66GiB,0.62%,0B / 0B,0B / 1.88MB,53
2026-07-31 00:14:48,openzen,3.29%,32.11MiB / 30.66GiB,0.10%,0B / 0B,0B / 2.14MB,20
2026-07-31 00:14:48,nav2,4.12%,119.1MiB / 30.66GiB,0.38%,0B / 0B,1.67MB / 1.13MB,93
2026-07-31 00:14:51,docker-recorder-run-dfb44aee8c91,113.54%,42.8MiB / 30.66GiB,0.14%,0B / 0B,0B / 61.4kB,11
2026-07-31 00:14:51,glim,78.50%,271MiB / 30.66GiB,0.86%,0B / 0B,0B / 11MB,35
2026-07-31 00:14:51,ouster,6.80%,115.1MiB / 30.66GiB,0.37%,0B / 0B,0B / 3.01MB,29
2026-07-31 00:14:51,domain_bridge,88.44%,28.56MiB / 30.66GiB,0.09%,0B / 0B,0B / 872kB,4
2026-07-31 00:14:51,realsense,16.93%,91.26MiB / 30.66GiB,0.29%,0B / 0B,0B / 2.31MB,33
2026-07-31 00:14:51,mapir-ffmpeg,28.00%,164.4MiB / 30.66GiB,0.52%,0B / 0B,0B / 1.3MB,33
2026-07-31 00:14:51,scovox,52.70%,230.6MiB / 30.66GiB,0.73%,0B / 0B,0B / 1.88MB,53
2026-07-31 00:14:51,openzen,3.08%,31.14MiB / 30.66GiB,0.10%,0B / 0B,0B / 2.14MB,20
2026-07-31 00:14:51,nav2,3.44%,119.4MiB / 30.66GiB,0.38%,0B / 0B,1.67MB / 1.13MB,93
2026-07-31 00:14:54,docker-recorder-run-dfb44aee8c91,191.21%,41.86MiB / 30.66GiB,0.13%,0B / 0B,0B / 184kB,9
2026-07-31 00:14:54,glim,80.38%,274.8MiB / 30.66GiB,0.88%,0B / 0B,0B / 11MB,35
2026-07-31 00:14:54,ouster,7.31%,115.1MiB / 30.66GiB,0.37%,0B / 0B,0B / 3.01MB,29
2026-07-31 00:14:54,domain_bridge,0.96%,49.07MiB / 30.66GiB,0.16%,0B / 0B,0B / 872kB,28
2026-07-31 00:14:54,realsense,17.27%,90.73MiB / 30.66GiB,0.29%,0B / 0B,0B / 2.31MB,33
2026-07-31 00:14:54,mapir-ffmpeg,28.41%,165.3MiB / 30.66GiB,0.53%,0B / 0B,0B / 1.3MB,33
2026-07-31 00:14:54,scovox,73.56%,234.9MiB / 30.66GiB,0.75%,0B / 0B,0B / 1.88MB,53
2026-07-31 00:14:54,openzen,3.55%,31.44MiB / 30.66GiB,0.10%,0B / 0B,0B / 2.14MB,20
2026-07-31 00:14:54,nav2,4.34%,117.3MiB / 30.66GiB,0.37%,0B / 0B,1.67MB / 1.13MB,93
2026-07-31 00:14:57,docker-recorder-run-dfb44aee8c91,0.00%,10.51MiB / 30.66GiB,0.03%,0B / 0B,0B / 233kB,2
2026-07-31 00:14:57,glim,77.23%,279.7MiB / 30.66GiB,0.89%,0B / 0B,0B / 11MB,35
2026-07-31 00:14:57,ouster,6.51%,115.3MiB / 30.66GiB,0.37%,0B / 0B,0B / 3.01MB,29
2026-07-31 00:14:57,domain_bridge,0.06%,47.38MiB / 30.66GiB,0.15%,0B / 0B,0B / 872kB,28
2026-07-31 00:14:57,realsense,16.58%,90.75MiB / 30.66GiB,0.29%,0B / 0B,0B / 2.31MB,33
2026-07-31 00:14:57,mapir-ffmpeg,27.88%,165.3MiB / 30.66GiB,0.53%,0B / 0B,0B / 1.3MB,33
2026-07-31 00:14:57,scovox,48.99%,270.9MiB / 30.66GiB,0.86%,0B / 0B,0B / 1.88MB,53
2026-07-31 00:14:57,openzen,3.14%,31.47MiB / 30.66GiB,0.10%,0B / 0B,0B / 2.14MB,20
2026-07-31 00:14:57,nav2,3.33%,117MiB / 30.66GiB,0.37%,0B / 0B,1.67MB / 1.13MB,93
2026-07-31 00:15:00,docker-recorder-run-dfb44aee8c91,0.00%,10.51MiB / 30.66GiB,0.03%,0B / 0B,0B / 233kB,2
2026-07-31 00:15:00,glim,74.79%,283.5MiB / 30.66GiB,0.90%,0B / 0B,0B / 11MB,35
2026-07-31 00:15:00,ouster,6.68%,115.3MiB / 30.66GiB,0.37%,0B / 0B,0B / 3.01MB,29
2026-07-31 00:15:00,domain_bridge,1.20%,48.88MiB / 30.66GiB,0.16%,0B / 0B,0B / 872kB,28
2026-07-31 00:15:00,realsense,16.95%,91.01MiB / 30.66GiB,0.29%,0B / 0B,0B / 2.31MB,33
2026-07-31 00:15:00,mapir-ffmpeg,27.66%,164.9MiB / 30.66GiB,0.53%,0B / 0B,0B / 1.3MB,33
2026-07-31 00:15:00,scovox,75.43%,241.3MiB / 30.66GiB,0.77%,0B / 0B,0B / 1.88MB,53
2026-07-31 00:15:00,openzen,3.21%,31.49MiB / 30.66GiB,0.10%,0B / 0B,0B / 2.14MB,20
2026-07-31 00:15:00,nav2,3.88%,117.5MiB / 30.66GiB,0.37%,0B / 0B,1.67MB / 1.13MB,93
2026-07-31 00:15:03,docker-recorder-run-dfb44aee8c91,0.00%,10.5MiB / 30.66GiB,0.03%,0B / 0B,0B / 233kB,2
2026-07-31 00:15:03,glim,77.64%,282.6MiB / 30.66GiB,0.90%,0B / 0B,0B / 11MB,35
2026-07-31 00:15:03,ouster,6.61%,115.7MiB / 30.66GiB,0.37%,0B / 0B,0B / 3.01MB,29
2026-07-31 00:15:03,domain_bridge,0.13%,48.58MiB / 30.66GiB,0.15%,0B / 0B,0B / 872kB,28
2026-07-31 00:15:03,realsense,17.02%,90.8MiB / 30.66GiB,0.29%,0B / 0B,0B / 2.31MB,33
2026-07-31 00:15:03,mapir-ffmpeg,27.47%,164.9MiB / 30.66GiB,0.53%,0B / 0B,0B / 1.3MB,33
2026-07-31 00:15:03,scovox,49.78%,273.7MiB / 30.66GiB,0.87%,0B / 0B,0B / 1.88MB,53
2026-07-31 00:15:03,openzen,3.10%,31.28MiB / 30.66GiB,0.10%,0B / 0B,0B / 2.14MB,20
2026-07-31 00:15:03,nav2,3.34%,118.6MiB / 30.66GiB,0.38%,0B / 0B,1.67MB / 1.13MB,93
2026-07-31 00:15:06,docker-recorder-run-dfb44aee8c91,0.00%,10.3MiB / 30.66GiB,0.03%,0B / 0B,0B / 9.45MB,1
2026-07-31 00:15:06,glim,79.47%,282.7MiB / 30.66GiB,0.90%,0B / 0B,0B / 11.6MB,35
2026-07-31 00:15:06,ouster,6.17%,115.6MiB / 30.66GiB,0.37%,0B / 0B,0B / 3.02MB,29
2026-07-31 00:15:06,domain_bridge,0.24%,50.64MiB / 30.66GiB,0.16%,0B / 0B,0B / 5.01MB,28
2026-07-31 00:15:06,realsense,17.16%,90.82MiB / 30.66GiB,0.29%,0B / 0B,0B / 3.31MB,33
2026-07-31 00:15:06,mapir-ffmpeg,28.28%,164.7MiB / 30.66GiB,0.52%,0B / 0B,0B / 1.31MB,33
2026-07-31 00:15:06,scovox,75.87%,241.5MiB / 30.66GiB,0.77%,0B / 0B,0B / 3.53MB,53
2026-07-31 00:15:06,openzen,3.06%,31.29MiB / 30.66GiB,0.10%,0B / 0B,0B / 2.15MB,20
2026-07-31 00:15:06,nav2,3.92%,117.7MiB / 30.66GiB,0.37%,0B / 0B,1.67MB / 1.17MB,93
2026-07-31 00:15:06,foxglove,101.92%,36.96MiB / 30.66GiB,0.12%,0B / 0B,0B / 4.1kB,4
2026-07-31 00:15:10,foxglove,101.95%,547.5MiB / 30.66GiB,1.74%,0B / 0B,0B / 127kB,31
2026-07-31 00:15:10,docker-recorder-run-dfb44aee8c91,0.00%,10.3MiB / 30.66GiB,0.03%,0B / 0B,0B / 9.45MB,1
2026-07-31 00:15:10,glim,74.44%,285.3MiB / 30.66GiB,0.91%,0B / 0B,0B / 11.6MB,35
2026-07-31 00:15:10,ouster,6.82%,116.1MiB / 30.66GiB,0.37%,0B / 0B,0B / 3.02MB,29
2026-07-31 00:15:10,domain_bridge,0.50%,50.86MiB / 30.66GiB,0.16%,0B / 0B,0B / 5.01MB,28
2026-07-31 00:15:10,realsense,17.69%,91.06MiB / 30.66GiB,0.29%,0B / 0B,0B / 3.31MB,33
2026-07-31 00:15:10,mapir-ffmpeg,28.94%,165.7MiB / 30.66GiB,0.53%,0B / 0B,0B / 1.31MB,33
2026-07-31 00:15:10,scovox,59.14%,276.8MiB / 30.66GiB,0.88%,0B / 0B,0B / 3.53MB,53
2026-07-31 00:15:10,openzen,3.36%,31.5MiB / 30.66GiB,0.10%,0B / 0B,0B / 2.15MB,20
2026-07-31 00:15:10,nav2,4.24%,120.2MiB / 30.66GiB,0.38%,0B / 0B,1.67MB / 1.17MB,93
2026-07-31 00:15:13,foxglove,11.78%,435.8MiB / 30.66GiB,1.39%,0B / 0B,0B / 127kB,31
2026-07-31 00:15:13,docker-recorder-run-dfb44aee8c91,0.00%,10.3MiB / 30.66GiB,0.03%,0B / 0B,0B / 9.45MB,1
2026-07-31 00:15:13,glim,76.40%,295.5MiB / 30.66GiB,0.94%,0B / 0B,0B / 11.6MB,35
2026-07-31 00:15:13,ouster,6.56%,115.8MiB / 30.66GiB,0.37%,0B / 0B,0B / 3.02MB,29
2026-07-31 00:15:13,domain_bridge,0.04%,50.44MiB / 30.66GiB,0.16%,0B / 0B,0B / 5.01MB,28
2026-07-31 00:15:13,realsense,17.37%,90.84MiB / 30.66GiB,0.29%,0B / 0B,0B / 3.31MB,33
2026-07-31 00:15:13,mapir-ffmpeg,28.99%,165.7MiB / 30.66GiB,0.53%,0B / 0B,0B / 1.31MB,33
2026-07-31 00:15:13,scovox,54.98%,243.7MiB / 30.66GiB,0.78%,0B / 0B,0B / 3.53MB,53
2026-07-31 00:15:13,openzen,3.24%,31.77MiB / 30.66GiB,0.10%,0B / 0B,0B / 2.15MB,20
2026-07-31 00:15:13,nav2,3.66%,119MiB / 30.66GiB,0.38%,0B / 0B,1.67MB / 1.17MB,93
2026-07-31 00:15:16,foxglove,12.33%,435.8MiB / 30.66GiB,1.39%,0B / 0B,0B / 127kB,31
2026-07-31 00:15:16,docker-recorder-run-dfb44aee8c91,0.00%,10.3MiB / 30.66GiB,0.03%,0B / 0B,0B / 9.45MB,1
2026-07-31 00:15:16,glim,79.31%,295.6MiB / 30.66GiB,0.94%,0B / 0B,0B / 11.6MB,35
2026-07-31 00:15:16,ouster,7.00%,115.8MiB / 30.66GiB,0.37%,0B / 0B,0B / 3.02MB,29
2026-07-31 00:15:16,domain_bridge,0.86%,51.46MiB / 30.66GiB,0.16%,0B / 0B,0B / 5.01MB,28
2026-07-31 00:15:16,realsense,17.80%,90.86MiB / 30.66GiB,0.29%,0B / 0B,0B / 3.31MB,33
2026-07-31 00:15:16,mapir-ffmpeg,29.56%,166MiB / 30.66GiB,0.53%,0B / 0B,0B / 1.31MB,33
2026-07-31 00:15:16,scovox,73.15%,242.9MiB / 30.66GiB,0.77%,0B / 0B,0B / 3.53MB,53
2026-07-31 00:15:16,openzen,3.29%,31.54MiB / 30.66GiB,0.10%,0B / 0B,0B / 2.15MB,20
2026-07-31 00:15:16,nav2,4.14%,119.5MiB / 30.66GiB,0.38%,0B / 0B,1.67MB / 1.17MB,93
2026-07-31 00:15:19,foxglove,12.03%,436.3MiB / 30.66GiB,1.39%,0B / 0B,0B / 127kB,31
2026-07-31 00:15:19,docker-recorder-run-dfb44aee8c91,0.00%,10.3MiB / 30.66GiB,0.03%,0B / 0B,0B / 9.45MB,1
2026-07-31 00:15:19,glim,77.67%,285MiB / 30.66GiB,0.91%,0B / 0B,0B / 11.6MB,35
2026-07-31 00:15:19,ouster,7.49%,116.4MiB / 30.66GiB,0.37%,0B / 0B,0B / 3.02MB,29
2026-07-31 00:15:19,domain_bridge,0.14%,50.64MiB / 30.66GiB,0.16%,0B / 0B,0B / 5.01MB,28
2026-07-31 00:15:19,realsense,17.72%,91.15MiB / 30.66GiB,0.29%,0B / 0B,0B / 3.31MB,33
2026-07-31 00:15:19,mapir-ffmpeg,29.22%,165.3MiB / 30.66GiB,0.53%,0B / 0B,0B / 1.31MB,33
2026-07-31 00:15:19,scovox,52.76%,270.4MiB / 30.66GiB,0.86%,0B / 0B,0B / 3.53MB,53
2026-07-31 00:15:19,openzen,3.44%,32.07MiB / 30.66GiB,0.10%,0B / 0B,0B / 2.15MB,20
2026-07-31 00:15:19,nav2,3.85%,120.3MiB / 30.66GiB,0.38%,0B / 0B,1.67MB / 1.17MB,93
2026-07-31 00:15:22,foxglove,11.35%,435.8MiB / 30.66GiB,1.39%,0B / 0B,0B / 127kB,31
2026-07-31 00:15:22,docker-recorder-run-dfb44aee8c91,0.00%,10.3MiB / 30.66GiB,0.03%,0B / 0B,0B / 9.45MB,1
2026-07-31 00:15:22,glim,74.09%,288.2MiB / 30.66GiB,0.92%,0B / 0B,0B / 11.6MB,35
2026-07-31 00:15:22,ouster,6.52%,116.1MiB / 30.66GiB,0.37%,0B / 0B,0B / 3.02MB,29
2026-07-31 00:15:22,domain_bridge,0.17%,50.61MiB / 30.66GiB,0.16%,0B / 0B,0B / 5.01MB,28
2026-07-31 00:15:22,realsense,17.03%,90.91MiB / 30.66GiB,0.29%,0B / 0B,0B / 3.31MB,33
2026-07-31 00:15:22,mapir-ffmpeg,29.25%,165.4MiB / 30.66GiB,0.53%,0B / 0B,0B / 1.31MB,33
2026-07-31 00:15:22,scovox,70.67%,242.7MiB / 30.66GiB,0.77%,0B / 0B,0B / 3.53MB,53
2026-07-31 00:15:22,openzen,3.26%,31.59MiB / 30.66GiB,0.10%,0B / 0B,0B / 2.15MB,20
2026-07-31 00:15:22,nav2,3.68%,119.6MiB / 30.66GiB,0.38%,0B / 0B,1.67MB / 1.17MB,93
2026-07-31 00:15:25,trav_ros2,57.29%,92.93MiB / 30.66GiB,0.30%,0B / 0B,0B / 98.3kB,31
2026-07-31 00:15:25,foxglove,11.78%,436.2MiB / 30.66GiB,1.39%,0B / 0B,0B / 3.29MB,31
2026-07-31 00:15:25,docker-recorder-run-dfb44aee8c91,0.00%,10.3MiB / 30.66GiB,0.03%,0B / 0B,0B / 9.45MB,1
2026-07-31 00:15:25,glim,75.55%,297.6MiB / 30.66GiB,0.95%,0B / 0B,0B / 11.6MB,35
2026-07-31 00:15:25,ouster,8.58%,117MiB / 30.66GiB,0.37%,0B / 0B,0B / 3.02MB,29
2026-07-31 00:15:25,domain_bridge,5.26%,51.55MiB / 30.66GiB,0.16%,0B / 0B,0B / 5.01MB,28
2026-07-31 00:15:25,realsense,17.52%,91.84MiB / 30.66GiB,0.29%,0B / 0B,0B / 3.31MB,33
2026-07-31 00:15:25,mapir-ffmpeg,29.89%,166.7MiB / 30.66GiB,0.53%,0B / 0B,0B / 1.32MB,33
2026-07-31 00:15:25,scovox,56.92%,281.5MiB / 30.66GiB,0.90%,0B / 0B,0B / 3.58MB,53
2026-07-31 00:15:25,openzen,4.32%,32.02MiB / 30.66GiB,0.10%,0B / 0B,0B / 2.15MB,20
2026-07-31 00:15:25,nav2,4.59%,120MiB / 30.66GiB,0.38%,0B / 0B,1.67MB / 1.18MB,93
2026-07-31 00:15:29,foxglove,11.34%,435.2MiB / 30.66GiB,1.39%,0B / 0B,0B / 3.29MB,31
2026-07-31 00:15:29,docker-recorder-run-dfb44aee8c91,0.00%,10.3MiB / 30.66GiB,0.03%,0B / 0B,0B / 9.45MB,1
2026-07-31 00:15:29,glim,77.97%,297.8MiB / 30.66GiB,0.95%,0B / 0B,0B / 11.6MB,35
2026-07-31 00:15:29,ouster,7.01%,117MiB / 30.66GiB,0.37%,0B / 0B,0B / 3.02MB,29
2026-07-31 00:15:29,domain_bridge,0.15%,51.03MiB / 30.66GiB,0.16%,0B / 0B,0B / 5.01MB,28
2026-07-31 00:15:29,realsense,17.21%,91.38MiB / 30.66GiB,0.29%,0B / 0B,0B / 3.31MB,33
2026-07-31 00:15:29,mapir-ffmpeg,28.25%,166.3MiB / 30.66GiB,0.53%,0B / 0B,0B / 1.33MB,33
2026-07-31 00:15:29,scovox,61.78%,249.3MiB / 30.66GiB,0.79%,0B / 0B,0B / 3.61MB,53
2026-07-31 00:15:29,openzen,2.99%,32.05MiB / 30.66GiB,0.10%,0B / 0B,0B / 2.15MB,20
2026-07-31 00:15:29,nav2,4.10%,122.2MiB / 30.66GiB,0.39%,0B / 0B,1.67MB / 1.18MB,93
2026-07-31 00:15:32,trav_ros2,92.12%,321.2MiB / 30.66GiB,1.02%,0B / 0B,0B / 8.19kB,44
2026-07-31 00:15:32,foxglove,11.87%,436.1MiB / 30.66GiB,1.39%,0B / 0B,0B / 3.29MB,31
2026-07-31 00:15:32,docker-recorder-run-dfb44aee8c91,0.00%,10.3MiB / 30.66GiB,0.03%,0B / 0B,0B / 9.45MB,1
2026-07-31 00:15:32,glim,73.13%,298.5MiB / 30.66GiB,0.95%,0B / 0B,0B / 11.6MB,35
2026-07-31 00:15:32,ouster,7.41%,117.4MiB / 30.66GiB,0.37%,0B / 0B,0B / 3.02MB,29
2026-07-31 00:15:32,domain_bridge,1.46%,52.95MiB / 30.66GiB,0.17%,0B / 0B,0B / 5.01MB,28
2026-07-31 00:15:32,realsense,16.82%,92MiB / 30.66GiB,0.29%,0B / 0B,0B / 3.31MB,33
2026-07-31 00:15:32,mapir-ffmpeg,28.69%,167.3MiB / 30.66GiB,0.53%,0B / 0B,0B / 1.33MB,33
2026-07-31 00:15:32,scovox,71.30%,250.4MiB / 30.66GiB,0.80%,0B / 0B,0B / 3.61MB,53
2026-07-31 00:15:32,openzen,3.10%,32.42MiB / 30.66GiB,0.10%,0B / 0B,0B / 2.15MB,20
2026-07-31 00:15:32,nav2,6.51%,146.2MiB / 30.66GiB,0.47%,0B / 0B,1.67MB / 1.18MB,93
2026-07-31 00:15:35,trav_ros2,101.68%,333.8MiB / 30.66GiB,1.06%,0B / 0B,0B / 8.19kB,44
2026-07-31 00:15:35,foxglove,11.54%,448.5MiB / 30.66GiB,1.43%,0B / 0B,0B / 3.29MB,31
2026-07-31 00:15:35,docker-recorder-run-dfb44aee8c91,0.00%,10.3MiB / 30.66GiB,0.03%,0B / 0B,0B / 9.45MB,1
2026-07-31 00:15:35,glim,76.81%,298.5MiB / 30.66GiB,0.95%,0B / 0B,0B / 11.6MB,35
2026-07-31 00:15:35,ouster,7.78%,118.2MiB / 30.66GiB,0.38%,0B / 0B,0B / 3.02MB,29
2026-07-31 00:15:35,domain_bridge,1.24%,52.55MiB / 30.66GiB,0.17%,0B / 0B,0B / 5.01MB,28
2026-07-31 00:15:35,realsense,17.39%,92.3MiB / 30.66GiB,0.29%,0B / 0B,0B / 3.31MB,33
2026-07-31 00:15:35,mapir-ffmpeg,28.26%,168.4MiB / 30.66GiB,0.54%,0B / 0B,0B / 1.33MB,33
2026-07-31 00:15:35,scovox,52.70%,274.9MiB / 30.66GiB,0.88%,0B / 0B,0B / 3.61MB,53
2026-07-31 00:15:35,openzen,3.27%,32.95MiB / 30.66GiB,0.10%,0B / 0B,0B / 2.15MB,20
2026-07-31 00:15:35,nav2,7.08%,183.6MiB / 30.66GiB,0.58%,0B / 0B,1.67MB / 1.18MB,93
2026-07-31 00:15:38,trav_ros2,101.99%,358.4MiB / 30.66GiB,1.14%,0B / 0B,0B / 8.19kB,44
2026-07-31 00:15:38,foxglove,10.88%,448.3MiB / 30.66GiB,1.43%,0B / 0B,0B / 3.29MB,31
2026-07-31 00:15:38,docker-recorder-run-dfb44aee8c91,0.00%,10.3MiB / 30.66GiB,0.03%,0B / 0B,0B / 9.45MB,1
2026-07-31 00:15:38,glim,76.53%,299.3MiB / 30.66GiB,0.95%,0B / 0B,0B / 11.6MB,35
2026-07-31 00:15:38,ouster,7.08%,117.8MiB / 30.66GiB,0.38%,0B / 0B,0B / 3.02MB,29
2026-07-31 00:15:38,domain_bridge,0.22%,51.68MiB / 30.66GiB,0.16%,0B / 0B,0B / 5.01MB,28
2026-07-31 00:15:38,realsense,16.64%,92.59MiB / 30.66GiB,0.29%,0B / 0B,0B / 3.31MB,33
2026-07-31 00:15:38,mapir-ffmpeg,28.06%,167.8MiB / 30.66GiB,0.53%,0B / 0B,0B / 1.33MB,33
2026-07-31 00:15:38,scovox,71.91%,252.8MiB / 30.66GiB,0.81%,0B / 0B,0B / 3.61MB,53
2026-07-31 00:15:38,openzen,3.09%,32.54MiB / 30.66GiB,0.10%,0B / 0B,0B / 2.15MB,20
2026-07-31 00:15:38,nav2,5.64%,186.2MiB / 30.66GiB,0.59%,0B / 0B,1.67MB / 1.18MB,93
2026-07-31 00:15:41,trav_ros2,101.45%,364.3MiB / 30.66GiB,1.16%,0B / 0B,0B / 8.19kB,44
2026-07-31 00:15:41,foxglove,12.22%,457.2MiB / 30.66GiB,1.46%,0B / 0B,0B / 3.29MB,31
2026-07-31 00:15:41,docker-recorder-run-dfb44aee8c91,0.00%,10.3MiB / 30.66GiB,0.03%,0B / 0B,0B / 9.45MB,1
2026-07-31 00:15:41,glim,74.61%,303.5MiB / 30.66GiB,0.97%,0B / 0B,0B / 11.6MB,35
2026-07-31 00:15:41,ouster,7.18%,118.3MiB / 30.66GiB,0.38%,0B / 0B,0B / 3.02MB,29
2026-07-31 00:15:41,domain_bridge,0.54%,52.25MiB / 30.66GiB,0.17%,0B / 0B,0B / 5.01MB,28
2026-07-31 00:15:41,realsense,17.18%,91.93MiB / 30.66GiB,0.29%,0B / 0B,0B / 3.31MB,33
2026-07-31 00:15:41,mapir-ffmpeg,28.14%,168.1MiB / 30.66GiB,0.54%,0B / 0B,0B / 1.33MB,33
2026-07-31 00:15:41,scovox,54.30%,282.7MiB / 30.66GiB,0.90%,0B / 0B,0B / 3.61MB,53
2026-07-31 00:15:41,openzen,3.25%,33.33MiB / 30.66GiB,0.11%,0B / 0B,0B / 2.15MB,20
2026-07-31 00:15:41,nav2,6.49%,186.9MiB / 30.66GiB,0.60%,0B / 0B,1.67MB / 1.18MB,93
2026-07-31 00:15:44,trav_ros2,98.97%,363.8MiB / 30.66GiB,1.16%,0B / 0B,0B / 8.19kB,44
2026-07-31 00:15:44,foxglove,11.50%,456.9MiB / 30.66GiB,1.46%,0B / 0B,0B / 3.29MB,31
2026-07-31 00:15:44,docker-recorder-run-dfb44aee8c91,0.00%,10.3MiB / 30.66GiB,0.03%,0B / 0B,0B / 9.45MB,1
2026-07-31 00:15:44,glim,76.23%,303.8MiB / 30.66GiB,0.97%,0B / 0B,0B / 11.6MB,35
2026-07-31 00:15:44,ouster,6.90%,117.9MiB / 30.66GiB,0.38%,0B / 0B,0B / 3.02MB,29
2026-07-31 00:15:44,domain_bridge,0.19%,52.13MiB / 30.66GiB,0.17%,0B / 0B,0B / 5.01MB,28
2026-07-31 00:15:44,realsense,16.71%,91.96MiB / 30.66GiB,0.29%,0B / 0B,0B / 3.31MB,33
2026-07-31 00:15:44,mapir-ffmpeg,26.70%,167.7MiB / 30.66GiB,0.53%,0B / 0B,0B / 1.33MB,33
2026-07-31 00:15:44,scovox,62.18%,251.9MiB / 30.66GiB,0.80%,0B / 0B,0B / 3.61MB,53
2026-07-31 00:15:44,openzen,3.33%,32.62MiB / 30.66GiB,0.10%,0B / 0B,0B / 2.15MB,20
2026-07-31 00:15:44,nav2,5.94%,186.5MiB / 30.66GiB,0.59%,0B / 0B,1.67MB / 1.18MB,93
2026-07-31 00:15:48,trav_ros2,100.43%,363.9MiB / 30.66GiB,1.16%,0B / 0B,0B / 8.19kB,44
2026-07-31 00:15:48,foxglove,11.35%,457MiB / 30.66GiB,1.46%,0B / 0B,0B / 3.29MB,31
2026-07-31 00:15:48,docker-recorder-run-dfb44aee8c91,0.00%,10.3MiB / 30.66GiB,0.03%,0B / 0B,0B / 9.45MB,1
2026-07-31 00:15:48,glim,80.01%,310MiB / 30.66GiB,0.99%,0B / 0B,0B / 11.6MB,35
2026-07-31 00:15:48,ouster,6.97%,118.1MiB / 30.66GiB,0.38%,0B / 0B,0B / 3.02MB,29
2026-07-31 00:15:48,domain_bridge,0.66%,52.51MiB / 30.66GiB,0.17%,0B / 0B,0B / 5.01MB,28
2026-07-31 00:15:48,realsense,17.08%,92.22MiB / 30.66GiB,0.29%,0B / 0B,0B / 3.31MB,33
2026-07-31 00:15:48,mapir-ffmpeg,27.84%,168MiB / 30.66GiB,0.54%,0B / 0B,0B / 1.33MB,33
2026-07-31 00:15:48,scovox,68.54%,251.8MiB / 30.66GiB,0.80%,0B / 0B,0B / 3.61MB,53
2026-07-31 00:15:48,openzen,3.20%,32.88MiB / 30.66GiB,0.10%,0B / 0B,0B / 2.15MB,20
2026-07-31 00:15:48,nav2,5.98%,187.6MiB / 30.66GiB,0.60%,0B / 0B,1.67MB / 1.18MB,93
2026-07-31 00:15:51,trav_ros2,101.22%,358MiB / 30.66GiB,1.14%,0B / 0B,0B / 8.19kB,44
2026-07-31 00:15:51,foxglove,11.06%,448.9MiB / 30.66GiB,1.43%,0B / 0B,0B / 3.29MB,31
2026-07-31 00:15:51,docker-recorder-run-dfb44aee8c91,0.00%,10.3MiB / 30.66GiB,0.03%,0B / 0B,0B / 9.45MB,1
2026-07-31 00:15:51,glim,76.39%,313.6MiB / 30.66GiB,1.00%,0B / 0B,0B / 11.6MB,35
2026-07-31 00:15:51,ouster,7.17%,118.2MiB / 30.66GiB,0.38%,0B / 0B,0B / 3.02MB,29
2026-07-31 00:15:51,domain_bridge,0.24%,52.49MiB / 30.66GiB,0.17%,0B / 0B,0B / 5.01MB,28
2026-07-31 00:15:51,realsense,17.49%,92.02MiB / 30.66GiB,0.29%,0B / 0B,0B / 3.31MB,33
2026-07-31 00:15:51,mapir-ffmpeg,27.85%,168.6MiB / 30.66GiB,0.54%,0B / 0B,0B / 1.33MB,33
2026-07-31 00:15:51,scovox,52.11%,276.3MiB / 30.66GiB,0.88%,0B / 0B,0B / 3.61MB,53
2026-07-31 00:15:51,openzen,3.39%,33.18MiB / 30.66GiB,0.11%,0B / 0B,0B / 2.15MB,20
2026-07-31 00:15:51,nav2,5.86%,188MiB / 30.66GiB,0.60%,0B / 0B,1.67MB / 1.18MB,93
2026-07-31 00:15:54,trav_ros2,101.86%,370.6MiB / 30.66GiB,1.18%,0B / 0B,0B / 8.19kB,44
2026-07-31 00:15:54,foxglove,12.05%,457.8MiB / 30.66GiB,1.46%,0B / 0B,0B / 3.29MB,31
2026-07-31 00:15:54,docker-recorder-run-dfb44aee8c91,0.00%,10.3MiB / 30.66GiB,0.03%,0B / 0B,0B / 9.45MB,1
2026-07-31 00:15:54,glim,80.86%,313.6MiB / 30.66GiB,1.00%,0B / 0B,0B / 11.6MB,35
2026-07-31 00:15:54,ouster,8.11%,118.2MiB / 30.66GiB,0.38%,0B / 0B,0B / 3.02MB,29
2026-07-31 00:15:54,domain_bridge,0.15%,52.05MiB / 30.66GiB,0.17%,0B / 0B,0B / 5.01MB,28
2026-07-31 00:15:54,realsense,17.10%,92.04MiB / 30.66GiB,0.29%,0B / 0B,0B / 3.31MB,33
2026-07-31 00:15:54,mapir-ffmpeg,28.33%,167.9MiB / 30.66GiB,0.53%,0B / 0B,0B / 1.33MB,33
2026-07-31 00:15:54,scovox,72.76%,251.9MiB / 30.66GiB,0.80%,0B / 0B,0B / 3.61MB,53
2026-07-31 00:15:54,openzen,3.38%,32.7MiB / 30.66GiB,0.10%,0B / 0B,0B / 2.15MB,20
2026-07-31 00:15:54,nav2,5.96%,187.9MiB / 30.66GiB,0.60%,0B / 0B,1.67MB / 1.18MB,93
2026-07-31 00:15:57,trav_ros2,101.15%,364.5MiB / 30.66GiB,1.16%,0B / 0B,0B / 8.19kB,44
2026-07-31 00:15:57,foxglove,11.68%,457.7MiB / 30.66GiB,1.46%,0B / 0B,0B / 3.29MB,31
2026-07-31 00:15:57,docker-recorder-run-dfb44aee8c91,0.00%,10.3MiB / 30.66GiB,0.03%,0B / 0B,0B / 9.45MB,1
2026-07-31 00:15:57,glim,72.46%,315MiB / 30.66GiB,1.00%,0B / 0B,0B / 11.6MB,35
2026-07-31 00:15:57,ouster,7.46%,118.1MiB / 30.66GiB,0.38%,0B / 0B,0B / 3.02MB,29
2026-07-31 00:15:57,domain_bridge,0.52%,52.49MiB / 30.66GiB,0.17%,0B / 0B,0B / 5.01MB,28
2026-07-31 00:15:57,realsense,17.43%,92.33MiB / 30.66GiB,0.29%,0B / 0B,0B / 3.31MB,33
2026-07-31 00:15:57,mapir-ffmpeg,28.93%,168.5MiB / 30.66GiB,0.54%,0B / 0B,0B / 1.33MB,33
2026-07-31 00:15:57,scovox,52.03%,283.5MiB / 30.66GiB,0.90%,0B / 0B,0B / 3.61MB,53
2026-07-31 00:15:57,openzen,3.34%,32.99MiB / 30.66GiB,0.11%,0B / 0B,0B / 2.15MB,20
2026-07-31 00:15:57,nav2,6.39%,188.7MiB / 30.66GiB,0.60%,0B / 0B,1.67MB / 1.18MB,93
2026-07-31 00:16:00,trav_ros2,101.03%,363.6MiB / 30.66GiB,1.16%,0B / 0B,0B / 147kB,44
2026-07-31 00:16:00,foxglove,10.95%,450MiB / 30.66GiB,1.43%,0B / 0B,0B / 3.29MB,31
2026-07-31 00:16:00,docker-recorder-run-dfb44aee8c91,0.00%,10.3MiB / 30.66GiB,0.03%,0B / 0B,0B / 9.45MB,1
2026-07-31 00:16:00,glim,75.17%,314.3MiB / 30.66GiB,1.00%,0B / 0B,0B / 11.6MB,35
2026-07-31 00:16:00,ouster,6.99%,118.6MiB / 30.66GiB,0.38%,0B / 0B,0B / 3.02MB,29
2026-07-31 00:16:00,domain_bridge,0.19%,52.13MiB / 30.66GiB,0.17%,0B / 0B,0B / 5.01MB,28
2026-07-31 00:16:00,realsense,16.90%,92.36MiB / 30.66GiB,0.29%,0B / 0B,0B / 3.31MB,33
2026-07-31 00:16:00,mapir-ffmpeg,28.47%,168.3MiB / 30.66GiB,0.54%,0B / 0B,0B / 1.33MB,33
2026-07-31 00:16:00,scovox,73.43%,252.2MiB / 30.66GiB,0.80%,0B / 0B,0B / 3.7MB,53
2026-07-31 00:16:00,openzen,3.13%,33.02MiB / 30.66GiB,0.11%,0B / 0B,0B / 2.15MB,20
2026-07-31 00:16:00,nav2,5.63%,188MiB / 30.66GiB,0.60%,0B / 0B,1.67MB / 1.18MB,93
2026-07-31 00:16:04,trav_ros2,101.98%,368.2MiB / 30.66GiB,1.17%,0B / 0B,0B / 147kB,44
2026-07-31 00:16:04,foxglove,11.02%,450.3MiB / 30.66GiB,1.43%,0B / 0B,0B / 3.29MB,31
2026-07-31 00:16:04,docker-recorder-run-dfb44aee8c91,0.00%,10.3MiB / 30.66GiB,0.03%,0B / 0B,0B / 9.45MB,1
2026-07-31 00:16:04,glim,75.32%,314.4MiB / 30.66GiB,1.00%,0B / 0B,0B / 11.6MB,35
2026-07-31 00:16:04,ouster,7.23%,118.3MiB / 30.66GiB,0.38%,0B / 0B,0B / 3.02MB,29
2026-07-31 00:16:04,domain_bridge,0.56%,52.63MiB / 30.66GiB,0.17%,0B / 0B,0B / 5.01MB,28
2026-07-31 00:16:04,realsense,17.56%,92.12MiB / 30.66GiB,0.29%,0B / 0B,0B / 3.31MB,33
2026-07-31 00:16:04,mapir-ffmpeg,28.66%,167.7MiB / 30.66GiB,0.53%,0B / 0B,0B / 1.33MB,33
2026-07-31 00:16:04,scovox,65.85%,252MiB / 30.66GiB,0.80%,0B / 0B,0B / 3.7MB,53
2026-07-31 00:16:04,openzen,3.03%,32.16MiB / 30.66GiB,0.10%,0B / 0B,0B / 2.15MB,20
2026-07-31 00:16:04,nav2,5.64%,187.7MiB / 30.66GiB,0.60%,0B / 0B,1.67MB / 1.2MB,93
2026-07-31 00:16:07,trav_ros2,101.17%,368.5MiB / 30.66GiB,1.17%,0B / 0B,0B / 213kB,44
2026-07-31 00:16:07,foxglove,11.24%,450MiB / 30.66GiB,1.43%,0B / 0B,0B / 3.3MB,31
2026-07-31 00:16:07,docker-recorder-run-dfb44aee8c91,0.00%,10.3MiB / 30.66GiB,0.03%,0B / 0B,0B / 9.45MB,1
2026-07-31 00:16:07,glim,80.96%,313.6MiB / 30.66GiB,1.00%,0B / 0B,0B / 11.6MB,35
2026-07-31 00:16:07,ouster,7.68%,117.5MiB / 30.66GiB,0.37%,0B / 0B,0B / 3.02MB,29
2026-07-31 00:16:07,domain_bridge,0.27%,52.2MiB / 30.66GiB,0.17%,0B / 0B,0B / 5.01MB,28
2026-07-31 00:16:07,realsense,17.51%,91.3MiB / 30.66GiB,0.29%,0B / 0B,0B / 3.31MB,33
2026-07-31 00:16:07,mapir-ffmpeg,29.55%,168MiB / 30.66GiB,0.54%,0B / 0B,0B / 1.34MB,33
2026-07-31 00:16:07,scovox,51.96%,250.4MiB / 30.66GiB,0.80%,0B / 0B,0B / 3.7MB,53
2026-07-31 00:16:07,openzen,3.22%,31.96MiB / 30.66GiB,0.10%,0B / 0B,0B / 2.15MB,20
2026-07-31 00:16:07,nav2,5.72%,188.5MiB / 30.66GiB,0.60%,0B / 0B,1.67MB / 1.2MB,93
2026-07-31 00:16:10,trav_ros2,100.81%,368.5MiB / 30.66GiB,1.17%,0B / 0B,0B / 213kB,44
2026-07-31 00:16:10,foxglove,12.22%,458.2MiB / 30.66GiB,1.46%,0B / 0B,0B / 3.3MB,31
2026-07-31 00:16:10,docker-recorder-run-dfb44aee8c91,0.00%,10.3MiB / 30.66GiB,0.03%,0B / 0B,0B / 9.45MB,1
2026-07-31 00:16:10,glim,79.63%,314.4MiB / 30.66GiB,1.00%,0B / 0B,0B / 11.6MB,35
2026-07-31 00:16:10,ouster,6.94%,117.6MiB / 30.66GiB,0.37%,0B / 0B,0B / 3.02MB,29
2026-07-31 00:16:10,domain_bridge,0.16%,52.45MiB / 30.66GiB,0.17%,0B / 0B,0B / 5.01MB,28
2026-07-31 00:16:10,realsense,17.43%,91.31MiB / 30.66GiB,0.29%,0B / 0B,0B / 3.31MB,33
2026-07-31 00:16:10,mapir-ffmpeg,27.94%,167.3MiB / 30.66GiB,0.53%,0B / 0B,0B / 1.34MB,33
2026-07-31 00:16:10,scovox,71.46%,250MiB / 30.66GiB,0.80%,0B / 0B,0B / 3.7MB,53
2026-07-31 00:16:10,openzen,3.11%,31.98MiB / 30.66GiB,0.10%,0B / 0B,0B / 2.15MB,20
2026-07-31 00:16:10,nav2,6.15%,188.3MiB / 30.66GiB,0.60%,0B / 0B,1.67MB / 1.2MB,93
2026-07-31 00:16:13,trav_ros2,101.75%,368.9MiB / 30.66GiB,1.17%,0B / 0B,0B / 221kB,44
2026-07-31 00:16:13,foxglove,11.13%,450.7MiB / 30.66GiB,1.44%,0B / 0B,0B / 3.3MB,31
2026-07-31 00:16:13,docker-recorder-run-dfb44aee8c91,0.00%,10.3MiB / 30.66GiB,0.03%,0B / 0B,0B / 9.45MB,1
2026-07-31 00:16:13,glim,80.01%,314MiB / 30.66GiB,1.00%,0B / 0B,0B / 11.6MB,35
2026-07-31 00:16:13,ouster,7.04%,117.9MiB / 30.66GiB,0.38%,0B / 0B,0B / 3.02MB,29
2026-07-31 00:16:13,domain_bridge,0.55%,52.64MiB / 30.66GiB,0.17%,0B / 0B,0B / 5.01MB,28
2026-07-31 00:16:13,realsense,16.89%,91.61MiB / 30.66GiB,0.29%,0B / 0B,0B / 3.31MB,33
2026-07-31 00:16:13,mapir-ffmpeg,27.71%,167.4MiB / 30.66GiB,0.53%,0B / 0B,0B / 1.34MB,33
2026-07-31 00:16:13,scovox,51.88%,280.1MiB / 30.66GiB,0.89%,0B / 0B,0B / 3.7MB,53
2026-07-31 00:16:13,openzen,3.15%,32.27MiB / 30.66GiB,0.10%,0B / 0B,0B / 2.15MB,20
2026-07-31 00:16:13,nav2,6.54%,188.9MiB / 30.66GiB,0.60%,0B / 0B,1.67MB / 1.2MB,93
2026-07-31 00:16:16,trav_ros2,101.95%,367.2MiB / 30.66GiB,1.17%,0B / 0B,0B / 221kB,44
2026-07-31 00:16:16,foxglove,10.98%,450.7MiB / 30.66GiB,1.44%,0B / 0B,0B / 3.3MB,31
2026-07-31 00:16:16,docker-recorder-run-dfb44aee8c91,0.00%,10.3MiB / 30.66GiB,0.03%,0B / 0B,0B / 9.45MB,1
2026-07-31 00:16:16,glim,79.50%,314.5MiB / 30.66GiB,1.00%,0B / 0B,0B / 11.6MB,35
2026-07-31 00:16:16,ouster,6.93%,118.4MiB / 30.66GiB,0.38%,0B / 0B,0B / 3.02MB,29
2026-07-31 00:16:16,domain_bridge,0.30%,53MiB / 30.66GiB,0.17%,0B / 0B,0B / 5.01MB,28
2026-07-31 00:16:16,realsense,16.69%,91.39MiB / 30.66GiB,0.29%,0B / 0B,0B / 3.31MB,33
2026-07-31 00:16:16,mapir-ffmpeg,28.69%,167.5MiB / 30.66GiB,0.53%,0B / 0B,0B / 1.34MB,33
2026-07-31 00:16:16,scovox,70.20%,251.3MiB / 30.66GiB,0.80%,0B / 0B,0B / 3.7MB,53
2026-07-31 00:16:16,openzen,3.10%,32.3MiB / 30.66GiB,0.10%,0B / 0B,0B / 2.15MB,20
2026-07-31 00:16:16,nav2,5.82%,188.3MiB / 30.66GiB,0.60%,0B / 0B,1.67MB / 1.2MB,93
2026-07-31 00:16:19,trav_ros2,101.37%,362.7MiB / 30.66GiB,1.16%,0B / 0B,0B / 221kB,44
2026-07-31 00:16:19,foxglove,11.52%,458.1MiB / 30.66GiB,1.46%,0B / 0B,0B / 3.3MB,31
2026-07-31 00:16:19,docker-recorder-run-dfb44aee8c91,0.00%,10.3MiB / 30.66GiB,0.03%,0B / 0B,0B / 9.45MB,1
2026-07-31 00:16:19,glim,78.05%,314.5MiB / 30.66GiB,1.00%,0B / 0B,0B / 11.6MB,35
2026-07-31 00:16:19,ouster,7.10%,117.9MiB / 30.66GiB,0.38%,0B / 0B,0B / 3.02MB,29
2026-07-31 00:16:19,domain_bridge,0.61%,52.76MiB / 30.66GiB,0.17%,0B / 0B,0B / 5.01MB,28
2026-07-31 00:16:19,realsense,17.07%,91.65MiB / 30.66GiB,0.29%,0B / 0B,0B / 3.31MB,33
2026-07-31 00:16:19,mapir-ffmpeg,28.69%,167.8MiB / 30.66GiB,0.53%,0B / 0B,0B / 1.34MB,33
2026-07-31 00:16:19,scovox,59.76%,285.7MiB / 30.66GiB,0.91%,0B / 0B,0B / 3.7MB,53
2026-07-31 00:16:19,openzen,3.14%,32.07MiB / 30.66GiB,0.10%,0B / 0B,0B / 2.15MB,20
2026-07-31 00:16:19,nav2,6.06%,188.3MiB / 30.66GiB,0.60%,0B / 0B,1.67MB / 1.2MB,93
2026-07-31 00:16:23,trav_ros2,100.89%,365.4MiB / 30.66GiB,1.16%,0B / 0B,0B / 221kB,44
2026-07-31 00:16:23,foxglove,11.12%,450MiB / 30.66GiB,1.43%,0B / 0B,0B / 3.3MB,31
2026-07-31 00:16:23,docker-recorder-run-dfb44aee8c91,0.00%,10.3MiB / 30.66GiB,0.03%,0B / 0B,0B / 9.45MB,1
2026-07-31 00:16:23,glim,76.90%,297.9MiB / 30.66GiB,0.95%,0B / 0B,0B / 11.6MB,35
2026-07-31 00:16:23,ouster,7.08%,117.8MiB / 30.66GiB,0.38%,0B / 0B,0B / 3.02MB,29
2026-07-31 00:16:23,domain_bridge,0.26%,52.69MiB / 30.66GiB,0.17%,0B / 0B,0B / 5.01MB,28
2026-07-31 00:16:23,realsense,16.58%,91.45MiB / 30.66GiB,0.29%,0B / 0B,0B / 3.31MB,33
2026-07-31 00:16:23,mapir-ffmpeg,28.28%,167.8MiB / 30.66GiB,0.53%,0B / 0B,0B / 1.34MB,33
2026-07-31 00:16:23,scovox,56.10%,250.8MiB / 30.66GiB,0.80%,0B / 0B,0B / 3.7MB,53
2026-07-31 00:16:23,openzen,3.04%,32.12MiB / 30.66GiB,0.10%,0B / 0B,0B / 2.15MB,20
2026-07-31 00:16:23,nav2,5.73%,188.9MiB / 30.66GiB,0.60%,0B / 0B,1.67MB / 1.2MB,93
2026-07-31 00:16:26,trav_ros2,101.07%,367.3MiB / 30.66GiB,1.17%,0B / 0B,0B / 221kB,44
2026-07-31 00:16:26,foxglove,11.63%,458.2MiB / 30.66GiB,1.46%,0B / 0B,0B / 3.3MB,31
2026-07-31 00:16:26,docker-recorder-run-dfb44aee8c91,0.00%,10.3MiB / 30.66GiB,0.03%,0B / 0B,0B / 9.45MB,1
2026-07-31 00:16:26,glim,79.83%,299.7MiB / 30.66GiB,0.95%,0B / 0B,0B / 11.6MB,35
2026-07-31 00:16:26,ouster,6.92%,117.8MiB / 30.66GiB,0.38%,0B / 0B,0B / 3.02MB,29
2026-07-31 00:16:26,domain_bridge,1.43%,52.93MiB / 30.66GiB,0.17%,0B / 0B,0B / 5.01MB,28
2026-07-31 00:16:26,realsense,16.78%,91.46MiB / 30.66GiB,0.29%,0B / 0B,0B / 3.31MB,33
2026-07-31 00:16:26,mapir-ffmpeg,28.16%,167.6MiB / 30.66GiB,0.53%,0B / 0B,0B / 1.34MB,33
2026-07-31 00:16:26,scovox,70.33%,250.5MiB / 30.66GiB,0.80%,0B / 0B,0B / 3.7MB,53
2026-07-31 00:16:26,openzen,3.11%,32.13MiB / 30.66GiB,0.10%,0B / 0B,0B / 2.15MB,20
2026-07-31 00:16:26,nav2,6.24%,188.4MiB / 30.66GiB,0.60%,0B / 0B,1.67MB / 1.2MB,93
2026-07-31 00:16:29,trav_ros2,101.99%,368.6MiB / 30.66GiB,1.17%,0B / 0B,0B / 221kB,44
2026-07-31 00:16:29,foxglove,11.82%,457.8MiB / 30.66GiB,1.46%,0B / 0B,0B / 3.3MB,31
2026-07-31 00:16:29,docker-recorder-run-dfb44aee8c91,0.00%,10.3MiB / 30.66GiB,0.03%,0B / 0B,0B / 9.45MB,1
2026-07-31 00:16:29,glim,74.24%,298.5MiB / 30.66GiB,0.95%,0B / 0B,0B / 11.6MB,35
2026-07-31 00:16:29,ouster,7.97%,118.1MiB / 30.66GiB,0.38%,0B / 0B,0B / 3.02MB,29
2026-07-31 00:16:29,domain_bridge,0.44%,55.35MiB / 30.66GiB,0.18%,0B / 0B,0B / 5.01MB,28
2026-07-31 00:16:29,realsense,17.09%,91.75MiB / 30.66GiB,0.29%,0B / 0B,0B / 3.31MB,33
2026-07-31 00:16:29,mapir-ffmpeg,28.37%,167.9MiB / 30.66GiB,0.53%,0B / 0B,0B / 1.34MB,33
2026-07-31 00:16:29,scovox,52.08%,278.5MiB / 30.66GiB,0.89%,0B / 0B,0B / 3.7MB,53
2026-07-31 00:16:29,openzen,3.24%,32.92MiB / 30.66GiB,0.10%,0B / 0B,0B / 2.15MB,20
2026-07-31 00:16:29,nav2,6.00%,189MiB / 30.66GiB,0.60%,0B / 0B,1.67MB / 1.2MB,93
2026-07-31 00:16:32,trav_ros2,101.11%,368.5MiB / 30.66GiB,1.17%,0B / 0B,0B / 221kB,44
2026-07-31 00:16:32,foxglove,11.76%,458.5MiB / 30.66GiB,1.46%,0B / 0B,0B / 3.3MB,31
2026-07-31 00:16:32,docker-recorder-run-dfb44aee8c91,0.00%,10.3MiB / 30.66GiB,0.03%,0B / 0B,0B / 9.45MB,1
2026-07-31 00:16:32,glim,75.51%,299.2MiB / 30.66GiB,0.95%,0B / 0B,0B / 11.6MB,35
2026-07-31 00:16:32,ouster,7.05%,118MiB / 30.66GiB,0.38%,0B / 0B,0B / 3.02MB,29
2026-07-31 00:16:32,domain_bridge,5.41%,55.94MiB / 30.66GiB,0.18%,0B / 0B,0B / 5.01MB,28
2026-07-31 00:16:32,realsense,17.24%,91.54MiB / 30.66GiB,0.29%,0B / 0B,0B / 3.31MB,33
2026-07-31 00:16:32,mapir-ffmpeg,27.39%,167.8MiB / 30.66GiB,0.53%,0B / 0B,0B / 1.34MB,33
2026-07-31 00:16:32,scovox,72.33%,251.1MiB / 30.66GiB,0.80%,0B / 0B,0B / 3.79MB,53
2026-07-31 00:16:32,openzen,2.92%,32.46MiB / 30.66GiB,0.10%,0B / 0B,0B / 2.15MB,20
2026-07-31 00:16:32,nav2,6.00%,189.1MiB / 30.66GiB,0.60%,0B / 0B,1.67MB / 1.2MB,93
2026-07-31 00:16:35,trav_ros2,101.34%,369.3MiB / 30.66GiB,1.18%,0B / 0B,0B / 221kB,44
2026-07-31 00:16:35,foxglove,11.60%,457.9MiB / 30.66GiB,1.46%,0B / 0B,0B / 3.3MB,31
2026-07-31 00:16:35,docker-recorder-run-dfb44aee8c91,0.00%,10.3MiB / 30.66GiB,0.03%,0B / 0B,0B / 9.45MB,1
2026-07-31 00:16:35,glim,76.49%,299.3MiB / 30.66GiB,0.95%,0B / 0B,0B / 11.6MB,35
2026-07-31 00:16:35,ouster,7.13%,118.2MiB / 30.66GiB,0.38%,0B / 0B,0B / 3.02MB,29
2026-07-31 00:16:35,domain_bridge,3.57%,55.94MiB / 30.66GiB,0.18%,0B / 0B,0B / 5.01MB,28
2026-07-31 00:16:35,realsense,17.34%,91.8MiB / 30.66GiB,0.29%,0B / 0B,0B / 3.31MB,33
2026-07-31 00:16:35,mapir-ffmpeg,28.31%,168.1MiB / 30.66GiB,0.54%,0B / 0B,0B / 1.34MB,33
2026-07-31 00:16:35,scovox,54.07%,284.5MiB / 30.66GiB,0.91%,0B / 0B,0B / 3.79MB,53
2026-07-31 00:16:35,openzen,3.24%,32.46MiB / 30.66GiB,0.10%,0B / 0B,0B / 2.15MB,20
2026-07-31 00:16:35,nav2,6.11%,189MiB / 30.66GiB,0.60%,0B / 0B,1.67MB / 1.2MB,93
2026-07-31 00:16:39,trav_ros2,101.76%,369.5MiB / 30.66GiB,1.18%,0B / 0B,0B / 238kB,44
2026-07-31 00:16:39,foxglove,11.08%,451.8MiB / 30.66GiB,1.44%,0B / 0B,0B / 3.3MB,31
2026-07-31 00:16:39,docker-recorder-run-dfb44aee8c91,0.00%,10.3MiB / 30.66GiB,0.03%,0B / 0B,0B / 9.45MB,1
2026-07-31 00:16:39,glim,78.30%,300MiB / 30.66GiB,0.96%,0B / 0B,0B / 11.6MB,35
2026-07-31 00:16:39,ouster,7.46%,118.7MiB / 30.66GiB,0.38%,0B / 0B,0B / 3.02MB,29
2026-07-31 00:16:39,domain_bridge,2.71%,56.41MiB / 30.66GiB,0.18%,0B / 0B,0B / 5.01MB,28
2026-07-31 00:16:39,realsense,17.00%,91.61MiB / 30.66GiB,0.29%,0B / 0B,0B / 3.31MB,33
2026-07-31 00:16:39,mapir-ffmpeg,27.90%,167.9MiB / 30.66GiB,0.53%,0B / 0B,0B / 1.34MB,33
2026-07-31 00:16:39,scovox,60.31%,251.9MiB / 30.66GiB,0.80%,0B / 0B,0B / 3.8MB,53
2026-07-31 00:16:39,openzen,3.28%,32.52MiB / 30.66GiB,0.10%,0B / 0B,0B / 2.15MB,20
2026-07-31 00:16:39,nav2,5.96%,189.5MiB / 30.66GiB,0.60%,0B / 0B,1.67MB / 1.21MB,93
2026-07-31 00:16:42,trav_ros2,101.55%,397.2MiB / 30.66GiB,1.27%,0B / 0B,0B / 238kB,44
2026-07-31 00:16:42,foxglove,10.95%,450.2MiB / 30.66GiB,1.43%,0B / 0B,0B / 3.3MB,31
2026-07-31 00:16:42,docker-recorder-run-dfb44aee8c91,0.00%,10.3MiB / 30.66GiB,0.03%,0B / 0B,0B / 9.45MB,1
2026-07-31 00:16:42,glim,80.90%,299MiB / 30.66GiB,0.95%,0B / 0B,0B / 11.6MB,35
2026-07-31 00:16:42,ouster,7.23%,118.3MiB / 30.66GiB,0.38%,0B / 0B,0B / 3.02MB,29
2026-07-31 00:16:42,domain_bridge,0.25%,55.41MiB / 30.66GiB,0.18%,0B / 0B,0B / 5.01MB,28
2026-07-31 00:16:42,realsense,17.45%,91.62MiB / 30.66GiB,0.29%,0B / 0B,0B / 3.31MB,33
2026-07-31 00:16:42,mapir-ffmpeg,28.56%,167.9MiB / 30.66GiB,0.53%,0B / 0B,0B / 1.35MB,33
2026-07-31 00:16:42,scovox,74.92%,251.6MiB / 30.66GiB,0.80%,0B / 0B,0B / 3.8MB,53
2026-07-31 00:16:42,openzen,3.19%,32.28MiB / 30.66GiB,0.10%,0B / 0B,0B / 2.15MB,20
2026-07-31 00:16:42,nav2,5.98%,188.8MiB / 30.66GiB,0.60%,0B / 0B,1.67MB / 1.21MB,93
2026-07-31 00:16:45,trav_ros2,100.24%,369.4MiB / 30.66GiB,1.18%,0B / 0B,0B / 238kB,44
2026-07-31 00:16:45,foxglove,12.26%,458.7MiB / 30.66GiB,1.46%,0B / 0B,0B / 3.3MB,31
2026-07-31 00:16:45,docker-recorder-run-dfb44aee8c91,0.00%,10.3MiB / 30.66GiB,0.03%,0B / 0B,0B / 9.45MB,1
2026-07-31 00:16:45,glim,79.03%,299MiB / 30.66GiB,0.95%,0B / 0B,0B / 11.6MB,35
2026-07-31 00:16:45,ouster,7.04%,118.2MiB / 30.66GiB,0.38%,0B / 0B,0B / 3.02MB,29
2026-07-31 00:16:45,domain_bridge,2.96%,56.02MiB / 30.66GiB,0.18%,0B / 0B,0B / 5.01MB,28
2026-07-31 00:16:45,realsense,16.76%,91.65MiB / 30.66GiB,0.29%,0B / 0B,0B / 3.31MB,33
2026-07-31 00:16:45,mapir-ffmpeg,28.17%,167.8MiB / 30.66GiB,0.53%,0B / 0B,0B / 1.35MB,33
2026-07-31 00:16:45,scovox,52.30%,278.1MiB / 30.66GiB,0.89%,0B / 0B,0B / 3.8MB,53
2026-07-31 00:16:45,openzen,3.31%,32.32MiB / 30.66GiB,0.10%,0B / 0B,0B / 2.15MB,20
2026-07-31 00:16:45,nav2,6.01%,189.3MiB / 30.66GiB,0.60%,0B / 0B,1.67MB / 1.21MB,93
2026-07-31 00:16:48,trav_ros2,101.17%,357.7MiB / 30.66GiB,1.14%,0B / 0B,0B / 238kB,44
2026-07-31 00:16:48,foxglove,11.52%,450.2MiB / 30.66GiB,1.43%,0B / 0B,0B / 3.3MB,31
2026-07-31 00:16:48,docker-recorder-run-dfb44aee8c91,0.00%,10.3MiB / 30.66GiB,0.03%,0B / 0B,0B / 9.45MB,1
2026-07-31 00:16:48,glim,77.04%,299.3MiB / 30.66GiB,0.95%,0B / 0B,0B / 11.6MB,35
2026-07-31 00:16:48,ouster,7.60%,119MiB / 30.66GiB,0.38%,0B / 0B,0B / 3.02MB,29
2026-07-31 00:16:48,domain_bridge,0.54%,55.36MiB / 30.66GiB,0.18%,0B / 0B,0B / 5.01MB,28
2026-07-31 00:16:48,realsense,17.95%,91.7MiB / 30.66GiB,0.29%,0B / 0B,0B / 3.31MB,33
2026-07-31 00:16:48,mapir-ffmpeg,28.24%,167.9MiB / 30.66GiB,0.53%,0B / 0B,0B / 1.35MB,33
2026-07-31 00:16:48,scovox,70.77%,252MiB / 30.66GiB,0.80%,0B / 0B,0B / 3.8MB,53
2026-07-31 00:16:48,openzen,3.33%,32.84MiB / 30.66GiB,0.10%,0B / 0B,0B / 2.15MB,20
2026-07-31 00:16:48,nav2,7.46%,190.1MiB / 30.66GiB,0.61%,0B / 0B,1.67MB / 1.21MB,93
2026-07-31 00:16:51,trav_ros2,101.99%,369.2MiB / 30.66GiB,1.18%,0B / 0B,0B / 238kB,44
2026-07-31 00:16:51,foxglove,12.39%,458.7MiB / 30.66GiB,1.46%,0B / 0B,0B / 3.3MB,31
2026-07-31 00:16:51,docker-recorder-run-dfb44aee8c91,0.00%,10.3MiB / 30.66GiB,0.03%,0B / 0B,0B / 9.45MB,1
2026-07-31 00:16:51,glim,80.28%,299.1MiB / 30.66GiB,0.95%,0B / 0B,0B / 11.6MB,35
2026-07-31 00:16:51,ouster,7.54%,119.1MiB / 30.66GiB,0.38%,0B / 0B,0B / 3.02MB,29
2026-07-31 00:16:51,domain_bridge,1.13%,56.13MiB / 30.66GiB,0.18%,0B / 0B,0B / 5.01MB,28
2026-07-31 00:16:51,realsense,17.53%,92.18MiB / 30.66GiB,0.29%,0B / 0B,0B / 3.31MB,33
2026-07-31 00:16:51,mapir-ffmpeg,28.13%,168MiB / 30.66GiB,0.54%,0B / 0B,0B / 1.35MB,33
2026-07-31 00:16:51,scovox,57.58%,303MiB / 30.66GiB,0.96%,0B / 0B,0B / 3.8MB,53
2026-07-31 00:16:51,openzen,3.38%,32.86MiB / 30.66GiB,0.10%,0B / 0B,0B / 2.15MB,20
2026-07-31 00:16:51,nav2,6.57%,189.5MiB / 30.66GiB,0.60%,0B / 0B,1.67MB / 1.21MB,93
2026-07-31 00:16:55,trav_ros2,101.78%,368.7MiB / 30.66GiB,1.17%,0B / 0B,0B / 238kB,44
2026-07-31 00:16:55,foxglove,11.31%,450.2MiB / 30.66GiB,1.43%,0B / 0B,0B / 3.3MB,31
2026-07-31 00:16:55,docker-recorder-run-dfb44aee8c91,0.00%,10.3MiB / 30.66GiB,0.03%,0B / 0B,0B / 9.45MB,1
2026-07-31 00:16:55,glim,76.46%,299.7MiB / 30.66GiB,0.95%,0B / 0B,0B / 11.6MB,35
2026-07-31 00:16:55,ouster,7.77%,118.8MiB / 30.66GiB,0.38%,0B / 0B,0B / 3.02MB,29
2026-07-31 00:16:55,domain_bridge,0.50%,55.85MiB / 30.66GiB,0.18%,0B / 0B,0B / 5.01MB,28
2026-07-31 00:16:55,realsense,17.97%,92.01MiB / 30.66GiB,0.29%,0B / 0B,0B / 3.31MB,33
2026-07-31 00:16:55,mapir-ffmpeg,28.17%,169.2MiB / 30.66GiB,0.54%,0B / 0B,0B / 1.35MB,33
2026-07-31 00:16:55,scovox,68.31%,274.8MiB / 30.66GiB,0.88%,0B / 0B,0B / 3.8MB,53
2026-07-31 00:16:55,openzen,3.21%,32.67MiB / 30.66GiB,0.10%,0B / 0B,0B / 2.15MB,20
2026-07-31 00:16:55,nav2,6.10%,189.8MiB / 30.66GiB,0.60%,0B / 0B,1.67MB / 1.21MB,93
2026-07-31 00:16:58,trav_ros2,100.88%,368.7MiB / 30.66GiB,1.17%,0B / 0B,0B / 238kB,44
2026-07-31 00:16:58,foxglove,11.61%,457.8MiB / 30.66GiB,1.46%,0B / 0B,0B / 3.3MB,31
2026-07-31 00:16:58,docker-recorder-run-dfb44aee8c91,0.00%,10.3MiB / 30.66GiB,0.03%,0B / 0B,0B / 9.45MB,1
2026-07-31 00:16:58,glim,77.92%,299.5MiB / 30.66GiB,0.95%,0B / 0B,0B / 11.6MB,35
2026-07-31 00:16:58,ouster,7.50%,118.6MiB / 30.66GiB,0.38%,0B / 0B,0B / 3.02MB,29
2026-07-31 00:16:58,domain_bridge,0.22%,55.76MiB / 30.66GiB,0.18%,0B / 0B,0B / 5.01MB,28
2026-07-31 00:16:58,realsense,16.96%,91.77MiB / 30.66GiB,0.29%,0B / 0B,0B / 3.31MB,33
2026-07-31 00:16:58,mapir-ffmpeg,27.70%,168.3MiB / 30.66GiB,0.54%,0B / 0B,0B / 1.35MB,33
2026-07-31 00:16:58,scovox,73.94%,276.8MiB / 30.66GiB,0.88%,0B / 0B,0B / 3.8MB,53
2026-07-31 00:16:58,openzen,3.01%,32.45MiB / 30.66GiB,0.10%,0B / 0B,0B / 2.15MB,20
2026-07-31 00:16:58,nav2,6.11%,189.3MiB / 30.66GiB,0.60%,0B / 0B,1.67MB / 1.21MB,93
2026-07-31 00:17:01,trav_ros2,101.97%,368.5MiB / 30.66GiB,1.17%,0B / 0B,0B / 238kB,44
2026-07-31 00:17:01,foxglove,10.83%,450.4MiB / 30.66GiB,1.43%,0B / 0B,0B / 3.3MB,31
2026-07-31 00:17:01,docker-recorder-run-dfb44aee8c91,0.00%,10.3MiB / 30.66GiB,0.03%,0B / 0B,0B / 9.45MB,1
2026-07-31 00:17:01,glim,80.41%,299.9MiB / 30.66GiB,0.96%,0B / 0B,0B / 11.6MB,35
2026-07-31 00:17:01,ouster,7.24%,118.4MiB / 30.66GiB,0.38%,0B / 0B,0B / 3.02MB,29
2026-07-31 00:17:01,domain_bridge,0.52%,56.61MiB / 30.66GiB,0.18%,0B / 0B,0B / 5.01MB,28
2026-07-31 00:17:01,realsense,17.08%,92.05MiB / 30.66GiB,0.29%,0B / 0B,0B / 3.31MB,33
2026-07-31 00:17:01,mapir-ffmpeg,27.75%,168.6MiB / 30.66GiB,0.54%,0B / 0B,0B / 1.35MB,33
2026-07-31 00:17:01,scovox,56.23%,301.7MiB / 30.66GiB,0.96%,0B / 0B,0B / 3.8MB,53
2026-07-31 00:17:01,openzen,2.97%,32.48MiB / 30.66GiB,0.10%,0B / 0B,0B / 2.15MB,20
2026-07-31 00:17:01,nav2,6.71%,189.7MiB / 30.66GiB,0.60%,0B / 0B,1.67MB / 1.21MB,93
2026-07-31 00:17:04,trav_ros2,101.86%,369.8MiB / 30.66GiB,1.18%,0B / 0B,0B / 238kB,44
2026-07-31 00:17:04,foxglove,11.56%,449.9MiB / 30.66GiB,1.43%,0B / 0B,0B / 3.3MB,31
2026-07-31 00:17:04,docker-recorder-run-dfb44aee8c91,0.00%,10.3MiB / 30.66GiB,0.03%,0B / 0B,0B / 9.45MB,1
2026-07-31 00:17:04,glim,75.74%,299.7MiB / 30.66GiB,0.95%,0B / 0B,0B / 11.6MB,35
2026-07-31 00:17:04,ouster,7.52%,118.7MiB / 30.66GiB,0.38%,0B / 0B,0B / 3.02MB,29
2026-07-31 00:17:04,domain_bridge,0.41%,56.03MiB / 30.66GiB,0.18%,0B / 0B,0B / 5.04MB,28
2026-07-31 00:17:04,realsense,17.04%,92.34MiB / 30.66GiB,0.29%,0B / 0B,0B / 3.31MB,33
2026-07-31 00:17:04,mapir-ffmpeg,28.47%,168.6MiB / 30.66GiB,0.54%,0B / 0B,0B / 1.35MB,33
2026-07-31 00:17:04,scovox,71.34%,276.3MiB / 30.66GiB,0.88%,0B / 0B,0B / 3.88MB,53
2026-07-31 00:17:04,openzen,3.12%,32.53MiB / 30.66GiB,0.10%,0B / 0B,0B / 2.15MB,20
2026-07-31 00:17:04,nav2,6.99%,188.9MiB / 30.66GiB,0.60%,0B / 0B,1.67MB / 1.21MB,93
2026-07-31 00:17:07,trav_ros2,100.78%,369.3MiB / 30.66GiB,1.18%,0B / 0B,0B / 258kB,44
2026-07-31 00:17:07,foxglove,10.99%,450.4MiB / 30.66GiB,1.43%,0B / 0B,0B / 3.3MB,31
2026-07-31 00:17:07,docker-recorder-run-dfb44aee8c91,0.00%,10.3MiB / 30.66GiB,0.03%,0B / 0B,0B / 9.45MB,1
2026-07-31 00:17:07,glim,75.86%,299.4MiB / 30.66GiB,0.95%,0B / 0B,0B / 11.6MB,35
2026-07-31 00:17:07,ouster,6.94%,118.6MiB / 30.66GiB,0.38%,0B / 0B,0B / 3.02MB,29
2026-07-31 00:17:07,domain_bridge,0.91%,56.49MiB / 30.66GiB,0.18%,0B / 0B,0B / 5.04MB,28
2026-07-31 00:17:07,realsense,16.66%,92.11MiB / 30.66GiB,0.29%,0B / 0B,0B / 3.31MB,33
2026-07-31 00:17:07,mapir-ffmpeg,28.06%,168.4MiB / 30.66GiB,0.54%,0B / 0B,0B / 1.35MB,33
2026-07-31 00:17:07,scovox,57.27%,308.8MiB / 30.66GiB,0.98%,0B / 0B,0B / 3.88MB,53
2026-07-31 00:17:07,openzen,3.07%,32.54MiB / 30.66GiB,0.10%,0B / 0B,0B / 2.15MB,20
2026-07-31 00:17:07,nav2,5.83%,188.7MiB / 30.66GiB,0.60%,0B / 0B,1.67MB / 1.21MB,93
2026-07-31 00:17:10,trav_ros2,101.06%,369.3MiB / 30.66GiB,1.18%,0B / 0B,0B / 258kB,44
2026-07-31 00:17:10,foxglove,12.22%,458.4MiB / 30.66GiB,1.46%,0B / 0B,0B / 3.3MB,31
2026-07-31 00:17:10,docker-recorder-run-dfb44aee8c91,0.00%,10.3MiB / 30.66GiB,0.03%,0B / 0B,0B / 9.45MB,1
2026-07-31 00:17:10,glim,74.26%,299.8MiB / 30.66GiB,0.95%,0B / 0B,0B / 11.6MB,35
2026-07-31 00:17:10,ouster,7.35%,118.8MiB / 30.66GiB,0.38%,0B / 0B,0B / 3.02MB,29
2026-07-31 00:17:10,domain_bridge,0.58%,56.86MiB / 30.66GiB,0.18%,0B / 0B,0B / 5.04MB,28
2026-07-31 00:17:10,realsense,16.82%,92.16MiB / 30.66GiB,0.29%,0B / 0B,0B / 3.31MB,33
2026-07-31 00:17:10,mapir-ffmpeg,28.43%,168.5MiB / 30.66GiB,0.54%,0B / 0B,0B / 1.35MB,33
2026-07-31 00:17:10,scovox,72.67%,276.6MiB / 30.66GiB,0.88%,0B / 0B,0B / 3.88MB,53
2026-07-31 00:17:10,openzen,3.24%,32.83MiB / 30.66GiB,0.10%,0B / 0B,0B / 2.15MB,20
2026-07-31 00:17:10,nav2,6.30%,187.9MiB / 30.66GiB,0.60%,0B / 0B,1.67MB / 1.21MB,93
2026-07-31 00:17:14,trav_ros2,101.95%,369.6MiB / 30.66GiB,1.18%,0B / 0B,0B / 258kB,44
2026-07-31 00:17:14,foxglove,11.58%,450.2MiB / 30.66GiB,1.43%,0B / 0B,0B / 3.3MB,31
2026-07-31 00:17:14,docker-recorder-run-dfb44aee8c91,0.00%,10.3MiB / 30.66GiB,0.03%,0B / 0B,0B / 9.45MB,1
2026-07-31 00:17:14,glim,75.77%,301.2MiB / 30.66GiB,0.96%,0B / 0B,0B / 11.6MB,35
2026-07-31 00:17:14,ouster,7.19%,118.9MiB / 30.66GiB,0.38%,0B / 0B,0B / 3.02MB,29
2026-07-31 00:17:14,domain_bridge,0.19%,55.82MiB / 30.66GiB,0.18%,0B / 0B,0B / 5.04MB,28
2026-07-31 00:17:14,realsense,17.64%,92.17MiB / 30.66GiB,0.29%,0B / 0B,0B / 3.31MB,33
2026-07-31 00:17:14,mapir-ffmpeg,28.87%,168.3MiB / 30.66GiB,0.54%,0B / 0B,0B / 1.36MB,33
2026-07-31 00:17:14,scovox,72.18%,276.4MiB / 30.66GiB,0.88%,0B / 0B,0B / 3.89MB,53
2026-07-31 00:17:14,openzen,3.13%,32.86MiB / 30.66GiB,0.10%,0B / 0B,0B / 2.15MB,20
2026-07-31 00:17:14,nav2,6.06%,187MiB / 30.66GiB,0.60%,0B / 0B,1.67MB / 1.23MB,93
2026-07-31 00:17:17,trav_ros2,101.35%,369.4MiB / 30.66GiB,1.18%,0B / 0B,0B / 258kB,44
2026-07-31 00:17:17,foxglove,12.02%,458.5MiB / 30.66GiB,1.46%,0B / 0B,0B / 3.3MB,31
2026-07-31 00:17:17,docker-recorder-run-dfb44aee8c91,0.00%,10.3MiB / 30.66GiB,0.03%,0B / 0B,0B / 9.45MB,1
2026-07-31 00:17:17,glim,78.77%,300.6MiB / 30.66GiB,0.96%,0B / 0B,0B / 11.6MB,35
2026-07-31 00:17:17,ouster,7.07%,119MiB / 30.66GiB,0.38%,0B / 0B,0B / 3.02MB,29
2026-07-31 00:17:17,domain_bridge,0.23%,55.53MiB / 30.66GiB,0.18%,0B / 0B,0B / 5.04MB,28
2026-07-31 00:17:17,realsense,17.18%,92.46MiB / 30.66GiB,0.29%,0B / 0B,0B / 3.31MB,33
2026-07-31 00:17:17,mapir-ffmpeg,27.61%,168.4MiB / 30.66GiB,0.54%,0B / 0B,0B / 1.36MB,33
2026-07-31 00:17:17,scovox,56.32%,302.5MiB / 30.66GiB,0.96%,0B / 0B,0B / 3.89MB,53
2026-07-31 00:17:17,openzen,3.16%,32.64MiB / 30.66GiB,0.10%,0B / 0B,0B / 2.15MB,20
2026-07-31 00:17:17,nav2,6.04%,186.9MiB / 30.66GiB,0.60%,0B / 0B,1.67MB / 1.23MB,93
2026-07-31 00:17:20,trav_ros2,100.82%,356.7MiB / 30.66GiB,1.14%,0B / 0B,0B / 258kB,44
2026-07-31 00:17:20,foxglove,11.69%,458MiB / 30.66GiB,1.46%,0B / 0B,0B / 3.3MB,31
2026-07-31 00:17:20,docker-recorder-run-dfb44aee8c91,0.00%,10.3MiB / 30.66GiB,0.03%,0B / 0B,0B / 9.45MB,1
2026-07-31 00:17:20,glim,74.82%,300.4MiB / 30.66GiB,0.96%,0B / 0B,0B / 11.6MB,35
2026-07-31 00:17:20,ouster,7.15%,119.1MiB / 30.66GiB,0.38%,0B / 0B,0B / 3.02MB,29
2026-07-31 00:17:20,domain_bridge,0.46%,56.31MiB / 30.66GiB,0.18%,0B / 0B,0B / 5.04MB,28
2026-07-31 00:17:20,realsense,17.00%,93.34MiB / 30.66GiB,0.30%,0B / 0B,0B / 3.31MB,33
2026-07-31 00:17:20,mapir-ffmpeg,27.47%,168.5MiB / 30.66GiB,0.54%,0B / 0B,0B / 1.36MB,33
2026-07-31 00:17:20,scovox,75.33%,276.9MiB / 30.66GiB,0.88%,0B / 0B,0B / 3.89MB,53
2026-07-31 00:17:20,openzen,3.50%,32.68MiB / 30.66GiB,0.10%,0B / 0B,0B / 2.15MB,20
2026-07-31 00:17:20,nav2,6.17%,187.1MiB / 30.66GiB,0.60%,0B / 0B,1.67MB / 1.23MB,93
2026-07-31 00:17:23,trav_ros2,101.08%,369.5MiB / 30.66GiB,1.18%,0B / 0B,0B / 258kB,44
2026-07-31 00:17:23,foxglove,12.00%,458.6MiB / 30.66GiB,1.46%,0B / 0B,0B / 3.3MB,31
2026-07-31 00:17:23,docker-recorder-run-dfb44aee8c91,0.00%,10.3MiB / 30.66GiB,0.03%,0B / 0B,0B / 9.45MB,1
2026-07-31 00:17:23,glim,82.04%,285.9MiB / 30.66GiB,0.91%,0B / 0B,0B / 11.6MB,35
2026-07-31 00:17:23,ouster,7.15%,119.4MiB / 30.66GiB,0.38%,0B / 0B,0B / 3.02MB,29
2026-07-31 00:17:23,domain_bridge,0.68%,56.29MiB / 30.66GiB,0.18%,0B / 0B,0B / 5.04MB,28
2026-07-31 00:17:23,realsense,16.93%,92.86MiB / 30.66GiB,0.30%,0B / 0B,0B / 3.31MB,33
2026-07-31 00:17:23,mapir-ffmpeg,27.80%,168.7MiB / 30.66GiB,0.54%,0B / 0B,0B / 1.36MB,33
2026-07-31 00:17:23,scovox,58.87%,309.9MiB / 30.66GiB,0.99%,0B / 0B,0B / 3.89MB,53
2026-07-31 00:17:23,openzen,3.30%,32.7MiB / 30.66GiB,0.10%,0B / 0B,0B / 2.15MB,20
2026-07-31 00:17:23,nav2,6.20%,187.2MiB / 30.66GiB,0.60%,0B / 0B,1.67MB / 1.23MB,93
2026-07-31 00:17:26,trav_ros2,102.39%,403.2MiB / 30.66GiB,1.28%,0B / 0B,0B / 258kB,44
2026-07-31 00:17:26,foxglove,11.54%,449.9MiB / 30.66GiB,1.43%,0B / 0B,0B / 3.3MB,31
2026-07-31 00:17:26,docker-recorder-run-dfb44aee8c91,0.00%,10.3MiB / 30.66GiB,0.03%,0B / 0B,0B / 9.45MB,1
2026-07-31 00:17:26,glim,79.04%,297.8MiB / 30.66GiB,0.95%,0B / 0B,0B / 11.6MB,35
2026-07-31 00:17:26,ouster,7.39%,119.4MiB / 30.66GiB,0.38%,0B / 0B,0B / 3.02MB,29
2026-07-31 00:17:26,domain_bridge,0.58%,56.16MiB / 30.66GiB,0.18%,0B / 0B,0B / 5.04MB,28
2026-07-31 00:17:26,realsense,17.14%,93.15MiB / 30.66GiB,0.30%,0B / 0B,0B / 3.31MB,33
2026-07-31 00:17:26,mapir-ffmpeg,28.55%,168.8MiB / 30.66GiB,0.54%,0B / 0B,0B / 1.36MB,33
2026-07-31 00:17:26,scovox,69.25%,277MiB / 30.66GiB,0.88%,0B / 0B,0B / 3.89MB,53
2026-07-31 00:17:26,openzen,3.27%,32.75MiB / 30.66GiB,0.10%,0B / 0B,0B / 2.15MB,20
2026-07-31 00:17:26,nav2,6.03%,187.2MiB / 30.66GiB,0.60%,0B / 0B,1.67MB / 1.23MB,93
2026-07-31 00:17:30,trav_ros2,101.37%,369.3MiB / 30.66GiB,1.18%,0B / 0B,0B / 258kB,44
2026-07-31 00:17:30,foxglove,12.09%,458.1MiB / 30.66GiB,1.46%,0B / 0B,0B / 3.3MB,31
2026-07-31 00:17:30,docker-recorder-run-dfb44aee8c91,0.00%,10.3MiB / 30.66GiB,0.03%,0B / 0B,0B / 9.45MB,1
2026-07-31 00:17:30,glim,82.58%,307.5MiB / 30.66GiB,0.98%,0B / 0B,0B / 11.6MB,35
2026-07-31 00:17:30,ouster,7.02%,119.1MiB / 30.66GiB,0.38%,0B / 0B,0B / 3.02MB,29
2026-07-31 00:17:30,domain_bridge,0.24%,56.48MiB / 30.66GiB,0.18%,0B / 0B,0B / 5.04MB,28
2026-07-31 00:17:30,realsense,17.09%,92.92MiB / 30.66GiB,0.30%,0B / 0B,0B / 3.31MB,33
2026-07-31 00:17:30,mapir-ffmpeg,28.56%,168.6MiB / 30.66GiB,0.54%,0B / 0B,0B / 1.36MB,33
2026-07-31 00:17:30,scovox,71.15%,277.4MiB / 30.66GiB,0.88%,0B / 0B,0B / 3.89MB,53
2026-07-31 00:17:30,openzen,3.13%,32.76MiB / 30.66GiB,0.10%,0B / 0B,0B / 2.15MB,20
2026-07-31 00:17:30,nav2,6.10%,186.5MiB / 30.66GiB,0.59%,0B / 0B,1.67MB / 1.23MB,93
2026-07-31 00:17:33,trav_ros2,101.46%,370.1MiB / 30.66GiB,1.18%,0B / 0B,0B / 258kB,44
2026-07-31 00:17:33,foxglove,10.94%,450.5MiB / 30.66GiB,1.43%,0B / 0B,0B / 3.3MB,31
2026-07-31 00:17:33,docker-recorder-run-dfb44aee8c91,0.00%,10.3MiB / 30.66GiB,0.03%,0B / 0B,0B / 9.45MB,1
2026-07-31 00:17:33,glim,75.53%,307.5MiB / 30.66GiB,0.98%,0B / 0B,0B / 11.6MB,35
2026-07-31 00:17:33,ouster,7.61%,119.2MiB / 30.66GiB,0.38%,0B / 0B,0B / 3.02MB,29
2026-07-31 00:17:33,domain_bridge,0.27%,56.37MiB / 30.66GiB,0.18%,0B / 0B,0B / 5.04MB,28
2026-07-31 00:17:33,realsense,17.37%,92.71MiB / 30.66GiB,0.30%,0B / 0B,0B / 3.31MB,33
2026-07-31 00:17:33,mapir-ffmpeg,28.57%,169.4MiB / 30.66GiB,0.54%,0B / 0B,0B / 1.36MB,33
2026-07-31 00:17:33,scovox,54.35%,302.3MiB / 30.66GiB,0.96%,0B / 0B,0B / 3.89MB,53
2026-07-31 00:17:33,openzen,3.15%,32.81MiB / 30.66GiB,0.10%,0B / 0B,0B / 2.15MB,20
2026-07-31 00:17:33,nav2,5.84%,188.1MiB / 30.66GiB,0.60%,0B / 0B,1.67MB / 1.23MB,93
2026-07-31 00:17:36,trav_ros2,101.90%,370.1MiB / 30.66GiB,1.18%,0B / 0B,0B / 258kB,44
2026-07-31 00:17:36,foxglove,12.20%,458MiB / 30.66GiB,1.46%,0B / 0B,0B / 3.3MB,31
2026-07-31 00:17:36,docker-recorder-run-dfb44aee8c91,0.00%,10.3MiB / 30.66GiB,0.03%,0B / 0B,0B / 9.45MB,1
2026-07-31 00:17:36,glim,75.95%,307.1MiB / 30.66GiB,0.98%,0B / 0B,0B / 11.6MB,35
2026-07-31 00:17:36,ouster,7.62%,119.8MiB / 30.66GiB,0.38%,0B / 0B,0B / 3.02MB,29
2026-07-31 00:17:36,domain_bridge,0.55%,56.51MiB / 30.66GiB,0.18%,0B / 0B,0B / 5.04MB,28
2026-07-31 00:17:36,realsense,17.31%,92.99MiB / 30.66GiB,0.30%,0B / 0B,0B / 3.31MB,33
2026-07-31 00:17:36,mapir-ffmpeg,28.86%,169MiB / 30.66GiB,0.54%,0B / 0B,0B / 1.36MB,33
2026-07-31 00:17:36,scovox,71.51%,277.9MiB / 30.66GiB,0.89%,0B / 0B,0B / 3.97MB,53
2026-07-31 00:17:36,openzen,3.31%,32.85MiB / 30.66GiB,0.10%,0B / 0B,0B / 2.15MB,20
2026-07-31 00:17:36,nav2,6.25%,187.8MiB / 30.66GiB,0.60%,0B / 0B,1.67MB / 1.23MB,93
2026-07-31 00:17:39,trav_ros2,102.26%,369MiB / 30.66GiB,1.18%,0B / 0B,0B / 279kB,44
2026-07-31 00:17:39,foxglove,12.19%,458.3MiB / 30.66GiB,1.46%,0B / 0B,0B / 3.3MB,31
2026-07-31 00:17:39,docker-recorder-run-dfb44aee8c91,0.00%,10.3MiB / 30.66GiB,0.03%,0B / 0B,0B / 9.45MB,1
2026-07-31 00:17:39,glim,77.35%,308.1MiB / 30.66GiB,0.98%,0B / 0B,0B / 11.6MB,35
2026-07-31 00:17:39,ouster,7.19%,119.4MiB / 30.66GiB,0.38%,0B / 0B,0B / 3.02MB,29
2026-07-31 00:17:39,domain_bridge,0.42%,56.36MiB / 30.66GiB,0.18%,0B / 0B,0B / 5.04MB,28
2026-07-31 00:17:39,realsense,17.39%,92.77MiB / 30.66GiB,0.30%,0B / 0B,0B / 3.31MB,33
2026-07-31 00:17:39,mapir-ffmpeg,29.03%,168.8MiB / 30.66GiB,0.54%,0B / 0B,0B / 1.36MB,33
2026-07-31 00:17:39,scovox,56.10%,310.3MiB / 30.66GiB,0.99%,0B / 0B,0B / 3.97MB,53
2026-07-31 00:17:39,openzen,3.16%,33.1MiB / 30.66GiB,0.11%,0B / 0B,0B / 2.15MB,20
2026-07-31 00:17:39,nav2,6.28%,187.8MiB / 30.66GiB,0.60%,0B / 0B,1.67MB / 1.23MB,93
2026-07-31 00:17:42,trav_ros2,101.23%,369.7MiB / 30.66GiB,1.18%,0B / 0B,0B / 279kB,44
2026-07-31 00:17:42,foxglove,11.36%,450.2MiB / 30.66GiB,1.43%,0B / 0B,0B / 3.3MB,31
2026-07-31 00:17:42,docker-recorder-run-dfb44aee8c91,0.00%,10.3MiB / 30.66GiB,0.03%,0B / 0B,0B / 9.45MB,1
2026-07-31 00:17:42,glim,75.34%,307.6MiB / 30.66GiB,0.98%,0B / 0B,0B / 11.6MB,35
2026-07-31 00:17:42,ouster,7.21%,119.9MiB / 30.66GiB,0.38%,0B / 0B,0B / 3.02MB,29
2026-07-31 00:17:42,domain_bridge,0.46%,56.74MiB / 30.66GiB,0.18%,0B / 0B,0B / 5.04MB,28
2026-07-31 00:17:42,realsense,17.28%,93.07MiB / 30.66GiB,0.30%,0B / 0B,0B / 3.31MB,33
2026-07-31 00:17:42,mapir-ffmpeg,28.66%,169.1MiB / 30.66GiB,0.54%,0B / 0B,0B / 1.36MB,33
2026-07-31 00:17:42,scovox,75.71%,277.9MiB / 30.66GiB,0.89%,0B / 0B,0B / 3.97MB,53
2026-07-31 00:17:42,openzen,3.10%,33.16MiB / 30.66GiB,0.11%,0B / 0B,0B / 2.15MB,20
2026-07-31 00:17:42,nav2,5.99%,188MiB / 30.66GiB,0.60%,0B / 0B,1.67MB / 1.23MB,93
2026-07-31 00:17:46,trav_ros2,100.66%,369.8MiB / 30.66GiB,1.18%,0B / 0B,0B / 279kB,44
2026-07-31 00:17:46,foxglove,12.30%,458.4MiB / 30.66GiB,1.46%,0B / 0B,0B / 3.3MB,31
2026-07-31 00:17:46,docker-recorder-run-dfb44aee8c91,0.00%,10.3MiB / 30.66GiB,0.03%,0B / 0B,0B / 9.45MB,1
2026-07-31 00:17:46,glim,78.44%,288.9MiB / 30.66GiB,0.92%,0B / 0B,0B / 11.6MB,35
2026-07-31 00:17:46,ouster,6.86%,119.5MiB / 30.66GiB,0.38%,0B / 0B,0B / 3.02MB,29
2026-07-31 00:17:46,domain_bridge,0.11%,56.5MiB / 30.66GiB,0.18%,0B / 0B,0B / 5.04MB,28
2026-07-31 00:17:46,realsense,16.28%,93.09MiB / 30.66GiB,0.30%,0B / 0B,0B / 3.31MB,33
2026-07-31 00:17:46,mapir-ffmpeg,28.47%,169.1MiB / 30.66GiB,0.54%,0B / 0B,0B / 1.36MB,33
2026-07-31 00:17:46,scovox,62.42%,313.2MiB / 30.66GiB,1.00%,0B / 0B,0B / 3.97MB,53
2026-07-31 00:17:46,openzen,3.05%,32.93MiB / 30.66GiB,0.10%,0B / 0B,0B / 2.15MB,20
2026-07-31 00:17:46,nav2,5.96%,187.6MiB / 30.66GiB,0.60%,0B / 0B,1.67MB / 1.23MB,93
2026-07-31 00:17:49,trav_ros2,102.29%,409.3MiB / 30.66GiB,1.30%,0B / 0B,0B / 279kB,44
2026-07-31 00:17:49,foxglove,12.21%,458.6MiB / 30.66GiB,1.46%,0B / 0B,0B / 3.3MB,31
2026-07-31 00:17:49,docker-recorder-run-dfb44aee8c91,0.00%,10.3MiB / 30.66GiB,0.03%,0B / 0B,0B / 9.45MB,1
2026-07-31 00:17:49,glim,78.06%,294.2MiB / 30.66GiB,0.94%,0B / 0B,0B / 11.6MB,35
2026-07-31 00:17:49,ouster,7.30%,119.1MiB / 30.66GiB,0.38%,0B / 0B,0B / 3.02MB,29
2026-07-31 00:17:49,domain_bridge,0.38%,57.02MiB / 30.66GiB,0.18%,0B / 0B,0B / 5.04MB,28
2026-07-31 00:17:49,realsense,17.34%,92.88MiB / 30.66GiB,0.30%,0B / 0B,0B / 3.31MB,33
2026-07-31 00:17:49,mapir-ffmpeg,28.35%,169.1MiB / 30.66GiB,0.54%,0B / 0B,0B / 1.36MB,33
2026-07-31 00:17:49,scovox,57.32%,277.6MiB / 30.66GiB,0.88%,0B / 0B,0B / 3.99MB,53
2026-07-31 00:17:49,openzen,3.09%,33.21MiB / 30.66GiB,0.11%,0B / 0B,0B / 2.15MB,20
2026-07-31 00:17:49,nav2,5.90%,187.9MiB / 30.66GiB,0.60%,0B / 0B,1.67MB / 1.23MB,93
2026-07-31 00:17:52,trav_ros2,101.68%,369.2MiB / 30.66GiB,1.18%,0B / 0B,0B / 279kB,44
2026-07-31 00:17:52,foxglove,11.10%,450.3MiB / 30.66GiB,1.43%,0B / 0B,0B / 3.3MB,31
2026-07-31 00:17:52,docker-recorder-run-dfb44aee8c91,0.00%,10.3MiB / 30.66GiB,0.03%,0B / 0B,0B / 9.45MB,1
2026-07-31 00:17:52,glim,73.21%,308MiB / 30.66GiB,0.98%,0B / 0B,0B / 11.6MB,35
2026-07-31 00:17:52,ouster,7.13%,119.8MiB / 30.66GiB,0.38%,0B / 0B,0B / 3.02MB,29
2026-07-31 00:17:52,domain_bridge,0.51%,56.8MiB / 30.66GiB,0.18%,0B / 0B,0B / 5.04MB,28
2026-07-31 00:17:52,realsense,16.66%,93.41MiB / 30.66GiB,0.30%,0B / 0B,0B / 3.31MB,33
2026-07-31 00:17:52,mapir-ffmpeg,28.73%,169.2MiB / 30.66GiB,0.54%,0B / 0B,0B / 1.38MB,33
2026-07-31 00:17:52,scovox,73.37%,278.4MiB / 30.66GiB,0.89%,0B / 0B,0B / 3.99MB,53
2026-07-31 00:17:52,openzen,3.10%,33.25MiB / 30.66GiB,0.11%,0B / 0B,0B / 2.15MB,20
2026-07-31 00:17:52,nav2,5.99%,187.3MiB / 30.66GiB,0.60%,0B / 0B,1.67MB / 1.25MB,93
2026-07-31 00:17:55,trav_ros2,101.51%,369.5MiB / 30.66GiB,1.18%,0B / 0B,0B / 279kB,44
2026-07-31 00:17:55,foxglove,11.27%,450.3MiB / 30.66GiB,1.43%,0B / 0B,0B / 3.3MB,31
2026-07-31 00:17:55,docker-recorder-run-dfb44aee8c91,0.00%,10.3MiB / 30.66GiB,0.03%,0B / 0B,0B / 9.45MB,1
2026-07-31 00:17:55,glim,77.12%,307.7MiB / 30.66GiB,0.98%,0B / 0B,0B / 11.6MB,35
2026-07-31 00:17:55,ouster,6.95%,119.3MiB / 30.66GiB,0.38%,0B / 0B,0B / 3.02MB,29
2026-07-31 00:17:55,domain_bridge,0.31%,56.64MiB / 30.66GiB,0.18%,0B / 0B,0B / 5.04MB,28
2026-07-31 00:17:55,realsense,16.23%,93.42MiB / 30.66GiB,0.30%,0B / 0B,0B / 3.31MB,33
2026-07-31 00:17:55,mapir-ffmpeg,28.46%,169.2MiB / 30.66GiB,0.54%,0B / 0B,0B / 1.38MB,33
2026-07-31 00:17:55,scovox,56.14%,305.3MiB / 30.66GiB,0.97%,0B / 0B,0B / 3.99MB,53
2026-07-31 00:17:55,openzen,3.06%,33.02MiB / 30.66GiB,0.11%,0B / 0B,0B / 2.15MB,20
2026-07-31 00:17:55,nav2,5.62%,187.4MiB / 30.66GiB,0.60%,0B / 0B,1.67MB / 1.25MB,93
2026-07-31 00:17:58,trav_ros2,101.25%,370.2MiB / 30.66GiB,1.18%,0B / 0B,0B / 279kB,44
2026-07-31 00:17:58,foxglove,11.86%,458.2MiB / 30.66GiB,1.46%,0B / 0B,0B / 3.3MB,31
2026-07-31 00:17:58,docker-recorder-run-dfb44aee8c91,0.00%,10.3MiB / 30.66GiB,0.03%,0B / 0B,0B / 9.45MB,1
2026-07-31 00:17:58,glim,78.07%,288.5MiB / 30.66GiB,0.92%,0B / 0B,0B / 11.6MB,35
2026-07-31 00:17:58,ouster,7.21%,120MiB / 30.66GiB,0.38%,0B / 0B,0B / 3.02MB,29
2026-07-31 00:17:58,domain_bridge,0.51%,56.36MiB / 30.66GiB,0.18%,0B / 0B,0B / 5.04MB,28
2026-07-31 00:17:58,realsense,16.80%,93.23MiB / 30.66GiB,0.30%,0B / 0B,0B / 3.31MB,33
2026-07-31 00:17:58,mapir-ffmpeg,28.66%,169.5MiB / 30.66GiB,0.54%,0B / 0B,0B / 1.38MB,33
2026-07-31 00:17:58,scovox,68.57%,278.4MiB / 30.66GiB,0.89%,0B / 0B,0B / 3.99MB,53
2026-07-31 00:17:58,openzen,3.11%,33.56MiB / 30.66GiB,0.11%,0B / 0B,0B / 2.15MB,20
2026-07-31 00:17:58,nav2,6.15%,188.5MiB / 30.66GiB,0.60%,0B / 0B,1.67MB / 1.25MB,93
2026-07-31 00:18:01,trav_ros2,101.93%,371.5MiB / 30.66GiB,1.18%,0B / 0B,0B / 279kB,44
2026-07-31 00:18:01,foxglove,11.62%,458.2MiB / 30.66GiB,1.46%,0B / 0B,0B / 3.3MB,31
2026-07-31 00:18:01,docker-recorder-run-dfb44aee8c91,0.00%,10.3MiB / 30.66GiB,0.03%,0B / 0B,0B / 9.45MB,1
2026-07-31 00:18:01,glim,76.52%,289.2MiB / 30.66GiB,0.92%,0B / 0B,0B / 11.6MB,35
2026-07-31 00:18:01,ouster,7.01%,119.5MiB / 30.66GiB,0.38%,0B / 0B,0B / 3.02MB,29
2026-07-31 00:18:01,domain_bridge,0.15%,56.53MiB / 30.66GiB,0.18%,0B / 0B,0B / 5.04MB,28
2026-07-31 00:18:01,realsense,17.41%,93MiB / 30.66GiB,0.30%,0B / 0B,0B / 3.31MB,33
2026-07-31 00:18:01,mapir-ffmpeg,27.79%,169.2MiB / 30.66GiB,0.54%,0B / 0B,0B / 1.38MB,33
2026-07-31 00:18:01,scovox,56.87%,313MiB / 30.66GiB,1.00%,0B / 0B,0B / 3.99MB,53
2026-07-31 00:18:01,openzen,3.00%,33.09MiB / 30.66GiB,0.11%,0B / 0B,0B / 2.15MB,20
2026-07-31 00:18:01,nav2,5.88%,187.9MiB / 30.66GiB,0.60%,0B / 0B,1.67MB / 1.25MB,93
2026-07-31 00:18:05,trav_ros2,101.84%,370.7MiB / 30.66GiB,1.18%,0B / 0B,0B / 279kB,44
2026-07-31 00:18:05,foxglove,12.58%,459.2MiB / 30.66GiB,1.46%,0B / 0B,0B / 3.3MB,31
2026-07-31 00:18:05,docker-recorder-run-dfb44aee8c91,0.00%,10.3MiB / 30.66GiB,0.03%,0B / 0B,0B / 9.45MB,1
2026-07-31 00:18:05,glim,78.52%,304.4MiB / 30.66GiB,0.97%,0B / 0B,0B / 11.6MB,35
2026-07-31 00:18:05,ouster,7.72%,119.3MiB / 30.66GiB,0.38%,0B / 0B,0B / 3.02MB,29
2026-07-31 00:18:05,domain_bridge,0.54%,56.55MiB / 30.66GiB,0.18%,0B / 0B,0B / 5.04MB,28
2026-07-31 00:18:05,realsense,17.06%,93.28MiB / 30.66GiB,0.30%,0B / 0B,0B / 3.31MB,33
2026-07-31 00:18:05,mapir-ffmpeg,28.22%,169.3MiB / 30.66GiB,0.54%,0B / 0B,0B / 1.38MB,33
2026-07-31 00:18:05,scovox,56.02%,278.4MiB / 30.66GiB,0.89%,0B / 0B,0B / 3.99MB,53
2026-07-31 00:18:05,openzen,3.33%,33.12MiB / 30.66GiB,0.11%,0B / 0B,0B / 2.15MB,20
2026-07-31 00:18:05,nav2,6.20%,187.5MiB / 30.66GiB,0.60%,0B / 0B,1.67MB / 1.25MB,93
2026-07-31 00:18:08,trav_ros2,99.38%,363.2MiB / 30.66GiB,1.16%,0B / 0B,0B / 279kB,44
2026-07-31 00:18:08,foxglove,11.89%,458.4MiB / 30.66GiB,1.46%,0B / 0B,152kB / 3.3MB,31
2026-07-31 00:18:08,docker-recorder-run-dfb44aee8c91,0.00%,10.3MiB / 30.66GiB,0.03%,0B / 0B,0B / 9.45MB,1
2026-07-31 00:18:08,glim,75.48%,304.6MiB / 30.66GiB,0.97%,0B / 0B,0B / 11.6MB,35
2026-07-31 00:18:08,ouster,7.05%,119.4MiB / 30.66GiB,0.38%,0B / 0B,0B / 3.02MB,29
2026-07-31 00:18:08,domain_bridge,0.57%,56.32MiB / 30.66GiB,0.18%,0B / 0B,0B / 5.04MB,28
2026-07-31 00:18:08,realsense,17.12%,93.56MiB / 30.66GiB,0.30%,0B / 0B,0B / 3.31MB,33
2026-07-31 00:18:08,mapir-ffmpeg,28.16%,169.3MiB / 30.66GiB,0.54%,0B / 0B,0B / 1.38MB,33
2026-07-31 00:18:08,scovox,73.37%,279.6MiB / 30.66GiB,0.89%,0B / 0B,0B / 3.99MB,53
2026-07-31 00:18:08,openzen,3.29%,33.17MiB / 30.66GiB,0.11%,0B / 0B,0B / 2.15MB,20
2026-07-31 00:18:08,nav2,6.39%,188MiB / 30.66GiB,0.60%,0B / 0B,1.67MB / 1.25MB,93
2026-07-31 00:18:11,trav_ros2,101.46%,416.9MiB / 30.66GiB,1.33%,0B / 0B,0B / 299kB,44
2026-07-31 00:18:11,foxglove,12.21%,459MiB / 30.66GiB,1.46%,0B / 0B,152kB / 3.3MB,31
2026-07-31 00:18:11,docker-recorder-run-dfb44aee8c91,0.00%,10.3MiB / 30.66GiB,0.03%,0B / 0B,0B / 9.45MB,1
2026-07-31 00:18:11,glim,78.03%,293.7MiB / 30.66GiB,0.94%,0B / 0B,0B / 11.6MB,35
2026-07-31 00:18:11,ouster,7.54%,119.9MiB / 30.66GiB,0.38%,0B / 0B,0B / 3.02MB,29
2026-07-31 00:18:11,domain_bridge,0.40%,57.03MiB / 30.66GiB,0.18%,0B / 0B,0B / 5.04MB,28
2026-07-31 00:18:11,realsense,16.88%,93.33MiB / 30.66GiB,0.30%,0B / 0B,0B / 3.31MB,33
2026-07-31 00:18:11,mapir-ffmpeg,28.09%,169.6MiB / 30.66GiB,0.54%,0B / 0B,0B / 1.38MB,33
2026-07-31 00:18:11,scovox,56.69%,306.7MiB / 30.66GiB,0.98%,0B / 0B,0B / 4.08MB,53
2026-07-31 00:18:11,openzen,3.40%,33.42MiB / 30.66GiB,0.11%,0B / 0B,0B / 2.15MB,20
2026-07-31 00:18:11,nav2,6.29%,187.7MiB / 30.66GiB,0.60%,0B / 0B,1.67MB / 1.25MB,93
2026-07-31 00:18:14,trav_ros2,102.37%,370MiB / 30.66GiB,1.18%,0B / 0B,0B / 299kB,44
2026-07-31 00:18:14,foxglove,12.39%,458.2MiB / 30.66GiB,1.46%,0B / 0B,152kB / 3.3MB,31
2026-07-31 00:18:14,docker-recorder-run-dfb44aee8c91,0.00%,10.3MiB / 30.66GiB,0.03%,0B / 0B,0B / 9.45MB,1
2026-07-31 00:18:14,glim,71.21%,297.9MiB / 30.66GiB,0.95%,0B / 0B,0B / 11.6MB,35
2026-07-31 00:18:14,ouster,7.54%,119.9MiB / 30.66GiB,0.38%,0B / 0B,0B / 3.02MB,29
2026-07-31 00:18:14,domain_bridge,0.51%,56.51MiB / 30.66GiB,0.18%,0B / 0B,0B / 5.04MB,28
2026-07-31 00:18:14,realsense,17.47%,93.14MiB / 30.66GiB,0.30%,0B / 0B,0B / 3.31MB,33
2026-07-31 00:18:14,mapir-ffmpeg,28.50%,169.1MiB / 30.66GiB,0.54%,0B / 0B,0B / 1.38MB,33
2026-07-31 00:18:14,scovox,73.53%,279.9MiB / 30.66GiB,0.89%,0B / 0B,0B / 4.08MB,53
2026-07-31 00:18:14,openzen,3.47%,33.23MiB / 30.66GiB,0.11%,0B / 0B,0B / 2.15MB,20
2026-07-31 00:18:14,nav2,6.51%,188MiB / 30.66GiB,0.60%,0B / 0B,1.67MB / 1.25MB,93
2026-07-31 00:18:17,trav_ros2,101.25%,370.1MiB / 30.66GiB,1.18%,0B / 0B,0B / 299kB,44
2026-07-31 00:18:17,foxglove,11.43%,450.5MiB / 30.66GiB,1.43%,0B / 0B,152kB / 3.3MB,31
2026-07-31 00:18:17,docker-recorder-run-dfb44aee8c91,0.00%,10.3MiB / 30.66GiB,0.03%,0B / 0B,0B / 9.45MB,1
2026-07-31 00:18:17,glim,75.93%,298.4MiB / 30.66GiB,0.95%,0B / 0B,0B / 11.6MB,35
2026-07-31 00:18:17,ouster,7.02%,119.9MiB / 30.66GiB,0.38%,0B / 0B,0B / 3.02MB,29
2026-07-31 00:18:17,domain_bridge,0.12%,56.51MiB / 30.66GiB,0.18%,0B / 0B,0B / 5.04MB,28
2026-07-31 00:18:17,realsense,17.19%,93.4MiB / 30.66GiB,0.30%,0B / 0B,0B / 3.31MB,33
2026-07-31 00:18:17,mapir-ffmpeg,29.22%,169.2MiB / 30.66GiB,0.54%,0B / 0B,0B / 1.38MB,33
2026-07-31 00:18:17,scovox,52.93%,311.9MiB / 30.66GiB,0.99%,0B / 0B,0B / 4.08MB,53
2026-07-31 00:18:17,openzen,2.99%,33.49MiB / 30.66GiB,0.11%,0B / 0B,0B / 2.15MB,20
2026-07-31 00:18:17,nav2,6.02%,188.3MiB / 30.66GiB,0.60%,0B / 0B,1.67MB / 1.25MB,93
2026-07-31 00:18:21,trav_ros2,100.67%,364.4MiB / 30.66GiB,1.16%,0B / 0B,0B / 299kB,44
2026-07-31 00:18:21,foxglove,12.11%,459MiB / 30.66GiB,1.46%,0B / 0B,152kB / 3.3MB,31
2026-07-31 00:18:21,docker-recorder-run-dfb44aee8c91,0.00%,10.3MiB / 30.66GiB,0.03%,0B / 0B,0B / 9.45MB,1
2026-07-31 00:18:21,glim,76.02%,298.6MiB / 30.66GiB,0.95%,0B / 0B,0B / 11.6MB,35
2026-07-31 00:18:21,ouster,7.35%,119.7MiB / 30.66GiB,0.38%,0B / 0B,0B / 3.02MB,29
2026-07-31 00:18:21,domain_bridge,0.47%,57.02MiB / 30.66GiB,0.18%,0B / 0B,0B / 5.04MB,28
2026-07-31 00:18:21,realsense,16.92%,93.43MiB / 30.66GiB,0.30%,0B / 0B,0B / 3.31MB,33
2026-07-31 00:18:21,mapir-ffmpeg,28.66%,169.2MiB / 30.66GiB,0.54%,0B / 0B,0B / 1.38MB,33
2026-07-31 00:18:21,scovox,59.40%,279.3MiB / 30.66GiB,0.89%,0B / 0B,0B / 4.08MB,53
2026-07-31 00:18:21,openzen,3.18%,33.27MiB / 30.66GiB,0.11%,0B / 0B,0B / 2.15MB,20
2026-07-31 00:18:21,nav2,6.33%,188.3MiB / 30.66GiB,0.60%,0B / 0B,1.67MB / 1.25MB,93
2026-07-31 00:18:24,trav_ros2,100.44%,357.2MiB / 30.66GiB,1.14%,0B / 0B,0B / 299kB,44
2026-07-31 00:18:24,foxglove,11.97%,458.8MiB / 30.66GiB,1.46%,0B / 0B,152kB / 3.3MB,31
2026-07-31 00:18:24,docker-recorder-run-dfb44aee8c91,0.00%,10.3MiB / 30.66GiB,0.03%,0B / 0B,0B / 9.45MB,1
2026-07-31 00:18:24,glim,76.64%,300.9MiB / 30.66GiB,0.96%,0B / 0B,0B / 11.6MB,35
2026-07-31 00:18:24,ouster,7.31%,119.8MiB / 30.66GiB,0.38%,0B / 0B,0B / 3.02MB,29
2026-07-31 00:18:24,domain_bridge,0.42%,56.5MiB / 30.66GiB,0.18%,0B / 0B,0B / 5.04MB,28
2026-07-31 00:18:24,realsense,16.97%,93.23MiB / 30.66GiB,0.30%,0B / 0B,0B / 3.31MB,33
2026-07-31 00:18:24,mapir-ffmpeg,29.01%,169.5MiB / 30.66GiB,0.54%,0B / 0B,0B / 1.39MB,33
2026-07-31 00:18:24,scovox,70.58%,280MiB / 30.66GiB,0.89%,0B / 0B,0B / 4.08MB,53
2026-07-31 00:18:24,openzen,3.31%,33.32MiB / 30.66GiB,0.11%,0B / 0B,0B / 2.15MB,20
2026-07-31 00:18:24,nav2,6.29%,188.4MiB / 30.66GiB,0.60%,0B / 0B,1.67MB / 1.26MB,93
2026-07-31 00:18:27,trav_ros2,101.92%,365.6MiB / 30.66GiB,1.16%,0B / 0B,0B / 299kB,44
2026-07-31 00:18:27,foxglove,12.23%,458.8MiB / 30.66GiB,1.46%,0B / 0B,152kB / 3.3MB,31
2026-07-31 00:18:27,docker-recorder-run-dfb44aee8c91,0.00%,10.3MiB / 30.66GiB,0.03%,0B / 0B,0B / 9.45MB,1
2026-07-31 00:18:27,glim,75.46%,301.1MiB / 30.66GiB,0.96%,0B / 0B,0B / 11.6MB,35
2026-07-31 00:18:27,ouster,7.50%,119.6MiB / 30.66GiB,0.38%,0B / 0B,0B / 3.02MB,29
2026-07-31 00:18:27,domain_bridge,0.27%,56.55MiB / 30.66GiB,0.18%,0B / 0B,0B / 5.04MB,28
2026-07-31 00:18:27,realsense,17.42%,93.23MiB / 30.66GiB,0.30%,0B / 0B,0B / 3.31MB,33
2026-07-31 00:18:27,mapir-ffmpeg,28.73%,169.2MiB / 30.66GiB,0.54%,0B / 0B,0B / 1.39MB,33
2026-07-31 00:18:27,scovox,54.44%,305.6MiB / 30.66GiB,0.97%,0B / 0B,0B / 4.09MB,53
2026-07-31 00:18:27,openzen,3.15%,33.32MiB / 30.66GiB,0.11%,0B / 0B,0B / 2.15MB,20
2026-07-31 00:18:27,nav2,6.23%,188.2MiB / 30.66GiB,0.60%,0B / 0B,1.67MB / 1.26MB,93
2026-07-31 00:18:30,trav_ros2,100.76%,369.3MiB / 30.66GiB,1.18%,0B / 0B,0B / 299kB,44
2026-07-31 00:18:30,foxglove,12.22%,458.2MiB / 30.66GiB,1.46%,0B / 0B,152kB / 3.3MB,31
2026-07-31 00:18:30,docker-recorder-run-dfb44aee8c91,0.00%,10.3MiB / 30.66GiB,0.03%,0B / 0B,0B / 9.45MB,1
2026-07-31 00:18:30,glim,75.31%,308.7MiB / 30.66GiB,0.98%,0B / 0B,0B / 11.6MB,35
2026-07-31 00:18:30,ouster,7.18%,120.5MiB / 30.66GiB,0.38%,0B / 0B,0B / 3.02MB,29
2026-07-31 00:18:30,domain_bridge,0.66%,57.22MiB / 30.66GiB,0.18%,0B / 0B,0B / 5.04MB,28
2026-07-31 00:18:30,realsense,16.73%,93.29MiB / 30.66GiB,0.30%,0B / 0B,0B / 3.31MB,33
2026-07-31 00:18:30,mapir-ffmpeg,28.58%,169.5MiB / 30.66GiB,0.54%,0B / 0B,0B / 1.39MB,33
2026-07-31 00:18:30,scovox,69.24%,279.8MiB / 30.66GiB,0.89%,0B / 0B,0B / 4.09MB,53
2026-07-31 00:18:30,openzen,3.05%,33.38MiB / 30.66GiB,0.11%,0B / 0B,0B / 2.15MB,20
2026-07-31 00:18:30,nav2,6.34%,189.3MiB / 30.66GiB,0.60%,0B / 0B,1.67MB / 1.26MB,93
2026-07-31 00:18:33,trav_ros2,100.74%,407.3MiB / 30.66GiB,1.30%,0B / 0B,0B / 299kB,44
2026-07-31 00:18:33,foxglove,11.53%,458.5MiB / 30.66GiB,1.46%,0B / 0B,152kB / 3.3MB,31
2026-07-31 00:18:33,docker-recorder-run-dfb44aee8c91,0.00%,10.3MiB / 30.66GiB,0.03%,0B / 0B,0B / 9.45MB,1
2026-07-31 00:18:33,glim,73.53%,313.2MiB / 30.66GiB,1.00%,0B / 0B,0B / 11.6MB,35
2026-07-31 00:18:33,ouster,6.86%,119.7MiB / 30.66GiB,0.38%,0B / 0B,0B / 3.02MB,29
2026-07-31 00:18:33,domain_bridge,0.12%,56.58MiB / 30.66GiB,0.18%,0B / 0B,0B / 5.04MB,28
2026-07-31 00:18:33,realsense,16.03%,93.3MiB / 30.66GiB,0.30%,0B / 0B,0B / 3.31MB,33
2026-07-31 00:18:33,mapir-ffmpeg,28.28%,169.6MiB / 30.66GiB,0.54%,0B / 0B,0B / 1.39MB,33
2026-07-31 00:18:33,scovox,52.20%,310.7MiB / 30.66GiB,0.99%,0B / 0B,0B / 4.09MB,53
2026-07-31 00:18:33,openzen,2.95%,33.39MiB / 30.66GiB,0.11%,0B / 0B,0B / 2.15MB,20
2026-07-31 00:18:33,nav2,6.11%,188.4MiB / 30.66GiB,0.60%,0B / 0B,1.67MB / 1.26MB,93
2026-07-31 00:18:36,trav_ros2,102.03%,370.8MiB / 30.66GiB,1.18%,0B / 0B,0B / 299kB,44
2026-07-31 00:18:36,foxglove,11.89%,451.2MiB / 30.66GiB,1.44%,0B / 0B,152kB / 3.3MB,31
2026-07-31 00:18:36,docker-recorder-run-dfb44aee8c91,0.00%,10.3MiB / 30.66GiB,0.03%,0B / 0B,0B / 9.45MB,1
2026-07-31 00:18:36,glim,74.09%,312.9MiB / 30.66GiB,1.00%,0B / 0B,0B / 11.6MB,35
2026-07-31 00:18:36,ouster,7.28%,119.7MiB / 30.66GiB,0.38%,0B / 0B,0B / 3.02MB,29
2026-07-31 00:18:36,domain_bridge,0.65%,57.09MiB / 30.66GiB,0.18%,0B / 0B,0B / 5.04MB,28
2026-07-31 00:18:36,realsense,17.27%,93.59MiB / 30.66GiB,0.30%,0B / 0B,0B / 3.31MB,33
2026-07-31 00:18:36,mapir-ffmpeg,28.06%,169.6MiB / 30.66GiB,0.54%,0B / 0B,0B / 1.39MB,33
2026-07-31 00:18:36,scovox,66.20%,280MiB / 30.66GiB,0.89%,0B / 0B,0B / 4.09MB,53
2026-07-31 00:18:36,openzen,3.35%,33.43MiB / 30.66GiB,0.11%,0B / 0B,0B / 2.15MB,20
2026-07-31 00:18:36,nav2,6.18%,188.6MiB / 30.66GiB,0.60%,0B / 0B,1.67MB / 1.26MB,93
2026-07-31 00:18:40,trav_ros2,101.60%,363.8MiB / 30.66GiB,1.16%,0B / 0B,0B / 299kB,44
2026-07-31 00:18:40,foxglove,11.90%,458.8MiB / 30.66GiB,1.46%,0B / 0B,152kB / 3.3MB,31
2026-07-31 00:18:40,docker-recorder-run-dfb44aee8c91,0.00%,10.3MiB / 30.66GiB,0.03%,0B / 0B,0B / 9.45MB,1
2026-07-31 00:18:40,glim,77.03%,297.8MiB / 30.66GiB,0.95%,0B / 0B,0B / 11.6MB,35
2026-07-31 00:18:40,ouster,7.19%,119.7MiB / 30.66GiB,0.38%,0B / 0B,0B / 3.02MB,29
2026-07-31 00:18:40,domain_bridge,0.40%,56.59MiB / 30.66GiB,0.18%,0B / 0B,0B / 5.04MB,28
2026-07-31 00:18:40,realsense,17.05%,93.87MiB / 30.66GiB,0.30%,0B / 0B,0B / 3.31MB,33
2026-07-31 00:18:40,mapir-ffmpeg,28.41%,169.6MiB / 30.66GiB,0.54%,0B / 0B,0B / 1.39MB,33
2026-07-31 00:18:40,scovox,64.83%,280.7MiB / 30.66GiB,0.89%,0B / 0B,0B / 4.18MB,53
2026-07-31 00:18:40,openzen,3.16%,33.47MiB / 30.66GiB,0.11%,0B / 0B,0B / 2.15MB,20
2026-07-31 00:18:40,nav2,6.27%,188.6MiB / 30.66GiB,0.60%,0B / 0B,1.67MB / 1.27MB,93
2026-07-31 00:18:43,trav_ros2,101.20%,370MiB / 30.66GiB,1.18%,0B / 0B,0B / 315kB,44
2026-07-31 00:18:43,foxglove,11.94%,458.2MiB / 30.66GiB,1.46%,0B / 0B,152kB / 3.3MB,31
2026-07-31 00:18:43,docker-recorder-run-dfb44aee8c91,0.00%,10.3MiB / 30.66GiB,0.03%,0B / 0B,0B / 9.45MB,1
2026-07-31 00:18:43,glim,73.48%,299MiB / 30.66GiB,0.95%,0B / 0B,0B / 11.6MB,35
2026-07-31 00:18:43,ouster,7.43%,119.9MiB / 30.66GiB,0.38%,0B / 0B,0B / 3.02MB,29
2026-07-31 00:18:43,domain_bridge,0.27%,56.94MiB / 30.66GiB,0.18%,0B / 0B,0B / 5.04MB,28
2026-07-31 00:18:43,realsense,16.36%,93.64MiB / 30.66GiB,0.30%,0B / 0B,0B / 3.31MB,33
2026-07-31 00:18:43,mapir-ffmpeg,27.75%,170.1MiB / 30.66GiB,0.54%,0B / 0B,0B / 1.39MB,33
2026-07-31 00:18:43,scovox,50.29%,280.8MiB / 30.66GiB,0.89%,0B / 0B,0B / 4.18MB,53
2026-07-31 00:18:43,openzen,3.16%,33.73MiB / 30.66GiB,0.11%,0B / 0B,0B / 2.15MB,20
2026-07-31 00:18:43,nav2,6.10%,188.6MiB / 30.66GiB,0.60%,0B / 0B,1.67MB / 1.27MB,93
2026-07-31 00:18:46,trav_ros2,100.48%,371MiB / 30.66GiB,1.18%,0B / 0B,0B / 315kB,44
2026-07-31 00:18:46,foxglove,11.56%,450.5MiB / 30.66GiB,1.43%,0B / 0B,152kB / 3.3MB,31
2026-07-31 00:18:46,docker-recorder-run-dfb44aee8c91,0.00%,10.3MiB / 30.66GiB,0.03%,0B / 0B,0B / 9.45MB,1
2026-07-31 00:18:46,glim,75.15%,298.9MiB / 30.66GiB,0.95%,0B / 0B,0B / 11.6MB,35
2026-07-31 00:18:46,ouster,7.76%,120.2MiB / 30.66GiB,0.38%,0B / 0B,0B / 3.02MB,29
2026-07-31 00:18:46,domain_bridge,0.88%,56.7MiB / 30.66GiB,0.18%,0B / 0B,0B / 5.04MB,28
2026-07-31 00:18:46,realsense,16.63%,93.69MiB / 30.66GiB,0.30%,0B / 0B,0B / 3.31MB,33
2026-07-31 00:18:46,mapir-ffmpeg,28.49%,170.7MiB / 30.66GiB,0.54%,0B / 0B,0B / 1.39MB,33
2026-07-31 00:18:46,scovox,71.72%,280.8MiB / 30.66GiB,0.89%,0B / 0B,0B / 4.18MB,53
2026-07-31 00:18:46,openzen,3.24%,33.77MiB / 30.66GiB,0.11%,0B / 0B,0B / 2.15MB,20
2026-07-31 00:18:46,nav2,6.47%,190MiB / 30.66GiB,0.61%,0B / 0B,1.67MB / 1.27MB,93
2026-07-31 00:18:49,trav_ros2,100.91%,370.6MiB / 30.66GiB,1.18%,0B / 0B,0B / 315kB,44
2026-07-31 00:18:49,foxglove,11.91%,458.8MiB / 30.66GiB,1.46%,0B / 0B,152kB / 3.3MB,31
2026-07-31 00:18:49,docker-recorder-run-dfb44aee8c91,0.00%,10.3MiB / 30.66GiB,0.03%,0B / 0B,0B / 9.45MB,1
2026-07-31 00:18:49,glim,72.61%,298.4MiB / 30.66GiB,0.95%,0B / 0B,0B / 11.6MB,35
2026-07-31 00:18:49,ouster,6.74%,119.9MiB / 30.66GiB,0.38%,0B / 0B,0B / 3.02MB,29
2026-07-31 00:18:49,domain_bridge,0.32%,56.26MiB / 30.66GiB,0.18%,0B / 0B,0B / 5.04MB,28
2026-07-31 00:18:49,realsense,16.53%,93.71MiB / 30.66GiB,0.30%,0B / 0B,0B / 3.31MB,33
2026-07-31 00:18:49,mapir-ffmpeg,27.40%,169.5MiB / 30.66GiB,0.54%,0B / 0B,0B / 1.39MB,33
2026-07-31 00:18:49,scovox,51.95%,312.5MiB / 30.66GiB,1.00%,0B / 0B,0B / 4.18MB,53
2026-07-31 00:18:49,openzen,2.89%,33.8MiB / 30.66GiB,0.11%,0B / 0B,0B / 2.15MB,20
2026-07-31 00:18:49,nav2,5.78%,189.1MiB / 30.66GiB,0.60%,0B / 0B,1.67MB / 1.27MB,93
2026-07-31 00:18:52,trav_ros2,102.35%,370.8MiB / 30.66GiB,1.18%,0B / 0B,0B / 315kB,44
2026-07-31 00:18:52,foxglove,12.56%,459.2MiB / 30.66GiB,1.46%,0B / 0B,152kB / 3.3MB,31
2026-07-31 00:18:52,docker-recorder-run-dfb44aee8c91,0.00%,10.3MiB / 30.66GiB,0.03%,0B / 0B,0B / 9.45MB,1
2026-07-31 00:18:52,glim,75.40%,298.2MiB / 30.66GiB,0.95%,0B / 0B,0B / 11.6MB,35
2026-07-31 00:18:52,ouster,7.30%,120.3MiB / 30.66GiB,0.38%,0B / 0B,0B / 3.02MB,29
2026-07-31 00:18:52,domain_bridge,0.70%,56.64MiB / 30.66GiB,0.18%,0B / 0B,0B / 5.04MB,28
2026-07-31 00:18:52,realsense,17.29%,93.74MiB / 30.66GiB,0.30%,0B / 0B,0B / 3.31MB,33
2026-07-31 00:18:52,mapir-ffmpeg,28.25%,170MiB / 30.66GiB,0.54%,0B / 0B,0B / 1.39MB,33
2026-07-31 00:18:52,scovox,74.73%,280.8MiB / 30.66GiB,0.89%,0B / 0B,0B / 4.18MB,53
2026-07-31 00:18:52,openzen,3.44%,33.59MiB / 30.66GiB,0.11%,0B / 0B,0B / 2.15MB,20
2026-07-31 00:18:52,nav2,6.45%,189.9MiB / 30.66GiB,0.60%,0B / 0B,1.67MB / 1.27MB,93
2026-07-31 00:18:56,trav_ros2,101.80%,426.4MiB / 30.66GiB,1.36%,0B / 0B,0B / 315kB,44
2026-07-31 00:18:56,foxglove,11.79%,458.7MiB / 30.66GiB,1.46%,0B / 0B,152kB / 3.3MB,31
2026-07-31 00:18:56,docker-recorder-run-dfb44aee8c91,0.00%,10.3MiB / 30.66GiB,0.03%,0B / 0B,0B / 9.45MB,1
2026-07-31 00:18:56,glim,73.66%,305.9MiB / 30.66GiB,0.97%,0B / 0B,0B / 11.6MB,35
2026-07-31 00:18:56,ouster,7.19%,120MiB / 30.66GiB,0.38%,0B / 0B,0B / 3.02MB,29
2026-07-31 00:18:56,domain_bridge,0.46%,56.8MiB / 30.66GiB,0.18%,0B / 0B,0B / 5.04MB,28
2026-07-31 00:18:56,realsense,17.57%,94.04MiB / 30.66GiB,0.30%,0B / 0B,0B / 3.31MB,33
2026-07-31 00:18:56,mapir-ffmpeg,28.03%,170MiB / 30.66GiB,0.54%,0B / 0B,0B / 1.39MB,33
2026-07-31 00:18:56,scovox,64.07%,281.1MiB / 30.66GiB,0.90%,0B / 0B,0B / 4.19MB,53
2026-07-31 00:18:56,openzen,3.30%,33.63MiB / 30.66GiB,0.11%,0B / 0B,0B / 2.15MB,20
2026-07-31 00:18:56,nav2,5.98%,189.8MiB / 30.66GiB,0.60%,0B / 0B,1.67MB / 1.27MB,93
2026-07-31 00:18:59,trav_ros2,101.27%,365.2MiB / 30.66GiB,1.16%,0B / 0B,0B / 315kB,44
2026-07-31 00:18:59,foxglove,11.96%,459.1MiB / 30.66GiB,1.46%,0B / 0B,152kB / 3.3MB,31
2026-07-31 00:18:59,docker-recorder-run-dfb44aee8c91,0.00%,10.3MiB / 30.66GiB,0.03%,0B / 0B,0B / 9.45MB,1
2026-07-31 00:18:59,glim,75.82%,326.6MiB / 30.66GiB,1.04%,0B / 0B,0B / 11.6MB,35
2026-07-31 00:18:59,ouster,7.02%,120.3MiB / 30.66GiB,0.38%,0B / 0B,0B / 3.02MB,29
2026-07-31 00:18:59,domain_bridge,0.31%,57.09MiB / 30.66GiB,0.18%,0B / 0B,0B / 5.04MB,28
2026-07-31 00:18:59,realsense,17.20%,93.79MiB / 30.66GiB,0.30%,0B / 0B,0B / 3.31MB,33
2026-07-31 00:18:59,mapir-ffmpeg,28.40%,169.6MiB / 30.66GiB,0.54%,0B / 0B,0B / 1.4MB,33
2026-07-31 00:18:59,scovox,51.99%,281.2MiB / 30.66GiB,0.90%,0B / 0B,0B / 4.19MB,53
2026-07-31 00:18:59,openzen,2.88%,33.88MiB / 30.66GiB,0.11%,0B / 0B,0B / 2.15MB,20
2026-07-31 00:18:59,nav2,6.34%,189.4MiB / 30.66GiB,0.60%,0B / 0B,1.67MB / 1.28MB,93
2026-07-31 00:19:02,trav_ros2,102.11%,370.8MiB / 30.66GiB,1.18%,0B / 0B,0B / 315kB,44
2026-07-31 00:19:02,foxglove,11.88%,450.7MiB / 30.66GiB,1.44%,0B / 0B,152kB / 3.3MB,31
2026-07-31 00:19:02,docker-recorder-run-dfb44aee8c91,0.00%,10.3MiB / 30.66GiB,0.03%,0B / 0B,0B / 9.45MB,1
2026-07-31 00:19:02,glim,76.32%,326.6MiB / 30.66GiB,1.04%,0B / 0B,0B / 11.6MB,35
2026-07-31 00:19:02,ouster,7.42%,120.1MiB / 30.66GiB,0.38%,0B / 0B,0B / 3.02MB,29
2026-07-31 00:19:02,domain_bridge,0.87%,56.82MiB / 30.66GiB,0.18%,0B / 0B,0B / 5.04MB,28
2026-07-31 00:19:02,realsense,17.24%,93.84MiB / 30.66GiB,0.30%,0B / 0B,0B / 3.31MB,33
2026-07-31 00:19:02,mapir-ffmpeg,29.23%,170.4MiB / 30.66GiB,0.54%,0B / 0B,0B / 1.4MB,33
2026-07-31 00:19:02,scovox,77.31%,281.6MiB / 30.66GiB,0.90%,0B / 0B,0B / 4.19MB,53
2026-07-31 00:19:02,openzen,3.60%,33.92MiB / 30.66GiB,0.11%,0B / 0B,0B / 2.15MB,20
2026-07-31 00:19:02,nav2,6.75%,189.8MiB / 30.66GiB,0.60%,0B / 0B,1.67MB / 1.28MB,93
2026-07-31 00:19:05,trav_ros2,101.87%,370.3MiB / 30.66GiB,1.18%,0B / 0B,0B / 315kB,44
2026-07-31 00:19:05,foxglove,11.21%,450.7MiB / 30.66GiB,1.44%,0B / 0B,152kB / 3.3MB,31
2026-07-31 00:19:05,docker-recorder-run-dfb44aee8c91,0.00%,10.3MiB / 30.66GiB,0.03%,0B / 0B,0B / 9.45MB,1
2026-07-31 00:19:05,glim,78.82%,319.5MiB / 30.66GiB,1.02%,0B / 0B,0B / 11.6MB,35
2026-07-31 00:19:05,ouster,7.02%,120.4MiB / 30.66GiB,0.38%,0B / 0B,0B / 3.02MB,29
2026-07-31 00:19:05,domain_bridge,0.11%,56.74MiB / 30.66GiB,0.18%,0B / 0B,0B / 5.04MB,28
2026-07-31 00:19:05,realsense,17.25%,93.86MiB / 30.66GiB,0.30%,0B / 0B,0B / 3.31MB,33
2026-07-31 00:19:05,mapir-ffmpeg,28.55%,169.6MiB / 30.66GiB,0.54%,0B / 0B,0B / 1.4MB,33
2026-07-31 00:19:05,scovox,50.60%,311.3MiB / 30.66GiB,0.99%,0B / 0B,0B / 4.19MB,53
2026-07-31 00:19:05,openzen,2.96%,33.67MiB / 30.66GiB,0.11%,0B / 0B,0B / 2.15MB,20
2026-07-31 00:19:05,nav2,5.91%,190.1MiB / 30.66GiB,0.61%,0B / 0B,1.67MB / 1.28MB,93
2026-07-31 00:19:08,trav_ros2,100.86%,370.6MiB / 30.66GiB,1.18%,0B / 0B,0B / 315kB,44
2026-07-31 00:19:08,foxglove,12.33%,458.7MiB / 30.66GiB,1.46%,0B / 0B,152kB / 3.3MB,31
2026-07-31 00:19:08,docker-recorder-run-dfb44aee8c91,0.00%,10.3MiB / 30.66GiB,0.03%,0B / 0B,0B / 9.45MB,1
2026-07-31 00:19:08,glim,77.72%,319.8MiB / 30.66GiB,1.02%,0B / 0B,0B / 11.6MB,35
2026-07-31 00:19:08,ouster,7.37%,120.1MiB / 30.66GiB,0.38%,0B / 0B,0B / 3.02MB,29
2026-07-31 00:19:08,domain_bridge,0.91%,57.05MiB / 30.66GiB,0.18%,0B / 0B,0B / 5.04MB,28
2026-07-31 00:19:08,realsense,16.56%,94.13MiB / 30.66GiB,0.30%,0B / 0B,0B / 3.31MB,33
2026-07-31 00:19:08,mapir-ffmpeg,27.93%,169.6MiB / 30.66GiB,0.54%,0B / 0B,0B / 1.4MB,33
2026-07-31 00:19:08,scovox,71.52%,281.2MiB / 30.66GiB,0.90%,0B / 0B,0B / 4.19MB,53
2026-07-31 00:19:08,openzen,3.14%,33.91MiB / 30.66GiB,0.11%,0B / 0B,0B / 2.15MB,20
2026-07-31 00:19:08,nav2,6.36%,190MiB / 30.66GiB,0.60%,0B / 0B,1.67MB / 1.28MB,93
2026-07-31 00:19:11,trav_ros2,101.34%,370MiB / 30.66GiB,1.18%,0B / 0B,0B / 336kB,44
2026-07-31 00:19:11,foxglove,11.99%,458.5MiB / 30.66GiB,1.46%,0B / 0B,152kB / 3.3MB,31
2026-07-31 00:19:11,docker-recorder-run-dfb44aee8c91,0.00%,10.3MiB / 30.66GiB,0.03%,0B / 0B,0B / 9.45MB,1
2026-07-31 00:19:11,glim,76.17%,320.2MiB / 30.66GiB,1.02%,0B / 0B,0B / 11.6MB,35
2026-07-31 00:19:11,ouster,7.31%,120.6MiB / 30.66GiB,0.38%,0B / 0B,0B / 3.02MB,29
2026-07-31 00:19:11,domain_bridge,0.49%,56.61MiB / 30.66GiB,0.18%,0B / 0B,0B / 5.04MB,28
2026-07-31 00:19:11,realsense,17.54%,94.38MiB / 30.66GiB,0.30%,0B / 0B,0B / 3.31MB,33
2026-07-31 00:19:11,mapir-ffmpeg,27.66%,169.9MiB / 30.66GiB,0.54%,0B / 0B,0B / 1.4MB,33
2026-07-31 00:19:11,scovox,61.38%,316.8MiB / 30.66GiB,1.01%,0B / 0B,0B / 4.27MB,53
2026-07-31 00:19:11,openzen,3.28%,33.67MiB / 30.66GiB,0.11%,0B / 0B,0B / 2.15MB,20
2026-07-31 00:19:11,nav2,6.59%,190.1MiB / 30.66GiB,0.61%,0B / 0B,1.67MB / 1.28MB,93
2026-07-31 00:19:15,trav_ros2,102.06%,365.3MiB / 30.66GiB,1.16%,0B / 0B,0B / 336kB,44
2026-07-31 00:19:15,foxglove,12.25%,458.5MiB / 30.66GiB,1.46%,0B / 0B,152kB / 3.3MB,31
2026-07-31 00:19:15,docker-recorder-run-dfb44aee8c91,0.00%,10.3MiB / 30.66GiB,0.03%,0B / 0B,0B / 9.45MB,1
2026-07-31 00:19:15,glim,75.92%,319.5MiB / 30.66GiB,1.02%,0B / 0B,0B / 11.6MB,35
2026-07-31 00:19:15,ouster,7.10%,120.3MiB / 30.66GiB,0.38%,0B / 0B,0B / 3.02MB,29
2026-07-31 00:19:15,domain_bridge,0.37%,57.3MiB / 30.66GiB,0.18%,0B / 0B,0B / 5.04MB,28
2026-07-31 00:19:15,realsense,17.28%,94.14MiB / 30.66GiB,0.30%,0B / 0B,0B / 3.31MB,33
2026-07-31 00:19:15,mapir-ffmpeg,28.64%,169.9MiB / 30.66GiB,0.54%,0B / 0B,0B / 1.4MB,33
2026-07-31 00:19:15,scovox,52.54%,281.2MiB / 30.66GiB,0.90%,0B / 0B,0B / 4.27MB,53
2026-07-31 00:19:15,openzen,3.05%,33.67MiB / 30.66GiB,0.11%,0B / 0B,0B / 2.15MB,20
2026-07-31 00:19:15,nav2,6.38%,189.6MiB / 30.66GiB,0.60%,0B / 0B,1.67MB / 1.28MB,93
2026-07-31 00:19:18,trav_ros2,102.44%,371.1MiB / 30.66GiB,1.18%,0B / 0B,0B / 336kB,44
2026-07-31 00:19:18,foxglove,12.09%,458.6MiB / 30.66GiB,1.46%,0B / 0B,152kB / 3.3MB,31
2026-07-31 00:19:18,docker-recorder-run-dfb44aee8c91,0.00%,10.3MiB / 30.66GiB,0.03%,0B / 0B,0B / 9.45MB,1
2026-07-31 00:19:18,glim,77.92%,319MiB / 30.66GiB,1.02%,0B / 0B,0B / 11.6MB,35
2026-07-31 00:19:18,ouster,8.30%,120.1MiB / 30.66GiB,0.38%,0B / 0B,0B / 3.02MB,29
2026-07-31 00:19:18,domain_bridge,0.82%,56.9MiB / 30.66GiB,0.18%,0B / 0B,0B / 5.04MB,28
2026-07-31 00:19:18,realsense,16.84%,93.89MiB / 30.66GiB,0.30%,0B / 0B,0B / 3.31MB,33
2026-07-31 00:19:18,mapir-ffmpeg,29.27%,169.9MiB / 30.66GiB,0.54%,0B / 0B,0B / 1.4MB,33
2026-07-31 00:19:18,scovox,70.38%,281.1MiB / 30.66GiB,0.90%,0B / 0B,0B / 4.27MB,53
2026-07-31 00:19:18,openzen,3.54%,33.91MiB / 30.66GiB,0.11%,0B / 0B,0B / 2.15MB,20
2026-07-31 00:19:18,nav2,6.97%,190.7MiB / 30.66GiB,0.61%,0B / 0B,1.67MB / 1.28MB,93
2026-07-31 00:19:21,trav_ros2,100.36%,370.9MiB / 30.66GiB,1.18%,0B / 0B,0B / 336kB,44
2026-07-31 00:19:21,foxglove,11.40%,450.8MiB / 30.66GiB,1.44%,0B / 0B,152kB / 3.3MB,31
2026-07-31 00:19:21,docker-recorder-run-dfb44aee8c91,0.00%,10.3MiB / 30.66GiB,0.03%,0B / 0B,0B / 9.45MB,1
2026-07-31 00:19:21,glim,74.27%,319.4MiB / 30.66GiB,1.02%,0B / 0B,0B / 11.6MB,35
2026-07-31 00:19:21,ouster,6.93%,120MiB / 30.66GiB,0.38%,0B / 0B,0B / 3.02MB,29
2026-07-31 00:19:21,domain_bridge,0.20%,57.39MiB / 30.66GiB,0.18%,0B / 0B,0B / 5.04MB,28
2026-07-31 00:19:21,realsense,16.77%,93.64MiB / 30.66GiB,0.30%,0B / 0B,0B / 3.31MB,33
2026-07-31 00:19:21,mapir-ffmpeg,27.52%,169.9MiB / 30.66GiB,0.54%,0B / 0B,0B / 1.4MB,33
2026-07-31 00:19:21,scovox,53.40%,309.7MiB / 30.66GiB,0.99%,0B / 0B,0B / 4.27MB,53
2026-07-31 00:19:21,openzen,3.17%,33.67MiB / 30.66GiB,0.11%,0B / 0B,0B / 2.15MB,20
2026-07-31 00:19:21,nav2,5.76%,189.9MiB / 30.66GiB,0.60%,0B / 0B,1.67MB / 1.28MB,93
2026-07-31 00:19:24,trav_ros2,100.93%,371.2MiB / 30.66GiB,1.18%,0B / 0B,0B / 336kB,44
2026-07-31 00:19:24,foxglove,12.58%,459.1MiB / 30.66GiB,1.46%,0B / 0B,152kB / 3.3MB,31
2026-07-31 00:19:24,docker-recorder-run-dfb44aee8c91,0.00%,10.3MiB / 30.66GiB,0.03%,0B / 0B,0B / 9.45MB,1
2026-07-31 00:19:24,glim,73.26%,304.4MiB / 30.66GiB,0.97%,0B / 0B,0B / 11.6MB,35
2026-07-31 00:19:24,ouster,7.24%,120.3MiB / 30.66GiB,0.38%,0B / 0B,0B / 3.02MB,29
2026-07-31 00:19:24,domain_bridge,1.19%,57.12MiB / 30.66GiB,0.18%,0B / 0B,0B / 5.04MB,28
2026-07-31 00:19:24,realsense,16.53%,93.64MiB / 30.66GiB,0.30%,0B / 0B,0B / 3.31MB,33
2026-07-31 00:19:24,mapir-ffmpeg,28.54%,169.9MiB / 30.66GiB,0.54%,0B / 0B,0B / 1.4MB,33
2026-07-31 00:19:24,scovox,70.29%,280.8MiB / 30.66GiB,0.89%,0B / 0B,0B / 4.27MB,53
2026-07-31 00:19:24,openzen,3.38%,33.67MiB / 30.66GiB,0.11%,0B / 0B,0B / 2.15MB,20
2026-07-31 00:19:24,nav2,6.83%,190.2MiB / 30.66GiB,0.61%,0B / 0B,1.67MB / 1.28MB,93
2026-07-31 00:19:27,trav_ros2,101.57%,364.6MiB / 30.66GiB,1.16%,0B / 0B,0B / 336kB,44
2026-07-31 00:19:27,foxglove,12.05%,458.5MiB / 30.66GiB,1.46%,0B / 0B,152kB / 3.3MB,31
2026-07-31 00:19:27,docker-recorder-run-dfb44aee8c91,0.00%,10.3MiB / 30.66GiB,0.03%,0B / 0B,0B / 9.45MB,1
2026-07-31 00:19:27,glim,83.30%,322.7MiB / 30.66GiB,1.03%,0B / 0B,0B / 11.6MB,35
2026-07-31 00:19:27,ouster,7.24%,120.3MiB / 30.66GiB,0.38%,0B / 0B,0B / 3.02MB,29
2026-07-31 00:19:27,domain_bridge,0.47%,57.19MiB / 30.66GiB,0.18%,0B / 0B,0B / 5.04MB,28
2026-07-31 00:19:27,realsense,16.90%,94.72MiB / 30.66GiB,0.30%,0B / 0B,0B / 3.31MB,33
2026-07-31 00:19:27,mapir-ffmpeg,28.36%,170.1MiB / 30.66GiB,0.54%,0B / 0B,0B / 1.4MB,33
2026-07-31 00:19:27,scovox,56.73%,315.7MiB / 30.66GiB,1.01%,0B / 0B,0B / 4.27MB,53
2026-07-31 00:19:27,openzen,3.19%,33.91MiB / 30.66GiB,0.11%,0B / 0B,0B / 2.15MB,20
2026-07-31 00:19:27,nav2,6.52%,190.3MiB / 30.66GiB,0.61%,0B / 0B,1.67MB / 1.28MB,93
2026-07-31 00:19:31,trav_ros2,101.69%,372MiB / 30.66GiB,1.18%,0B / 0B,0B / 336kB,44
2026-07-31 00:19:31,foxglove,11.87%,458.6MiB / 30.66GiB,1.46%,0B / 0B,152kB / 3.3MB,31
2026-07-31 00:19:31,docker-recorder-run-dfb44aee8c91,0.00%,10.3MiB / 30.66GiB,0.03%,0B / 0B,0B / 9.45MB,1
2026-07-31 00:19:31,glim,76.90%,326.4MiB / 30.66GiB,1.04%,0B / 0B,0B / 11.6MB,35
2026-07-31 00:19:31,ouster,7.86%,120.3MiB / 30.66GiB,0.38%,0B / 0B,0B / 3.02MB,29
2026-07-31 00:19:31,domain_bridge,0.37%,57.21MiB / 30.66GiB,0.18%,0B / 0B,0B / 5.04MB,28
2026-07-31 00:19:31,realsense,17.22%,94.48MiB / 30.66GiB,0.30%,0B / 0B,0B / 3.31MB,33
2026-07-31 00:19:31,mapir-ffmpeg,28.18%,169.6MiB / 30.66GiB,0.54%,0B / 0B,0B / 1.4MB,33
2026-07-31 00:19:31,scovox,55.44%,280.9MiB / 30.66GiB,0.89%,0B / 0B,0B / 4.27MB,53
2026-07-31 00:19:31,openzen,3.12%,33.67MiB / 30.66GiB,0.11%,0B / 0B,0B / 2.15MB,20
2026-07-31 00:19:31,nav2,6.68%,190.3MiB / 30.66GiB,0.61%,0B / 0B,1.67MB / 1.28MB,93
2026-07-31 00:19:34,trav_ros2,101.21%,370.6MiB / 30.66GiB,1.18%,0B / 0B,0B / 336kB,44
2026-07-31 00:19:34,foxglove,12.15%,458.7MiB / 30.66GiB,1.46%,0B / 0B,152kB / 3.3MB,31
2026-07-31 00:19:34,docker-recorder-run-dfb44aee8c91,0.00%,10.3MiB / 30.66GiB,0.03%,0B / 0B,0B / 9.45MB,1
2026-07-31 00:19:34,glim,73.80%,327.4MiB / 30.66GiB,1.04%,0B / 0B,0B / 11.6MB,35
2026-07-31 00:19:34,ouster,7.18%,120.2MiB / 30.66GiB,0.38%,0B / 0B,0B / 3.02MB,29
2026-07-31 00:19:34,domain_bridge,0.69%,57.28MiB / 30.66GiB,0.18%,0B / 0B,0B / 5.04MB,28
2026-07-31 00:19:34,realsense,16.86%,94.23MiB / 30.66GiB,0.30%,0B / 0B,0B / 3.31MB,33
2026-07-31 00:19:34,mapir-ffmpeg,28.97%,169.9MiB / 30.66GiB,0.54%,0B / 0B,0B / 1.4MB,33
2026-07-31 00:19:34,scovox,70.85%,281.9MiB / 30.66GiB,0.90%,0B / 0B,0B / 4.28MB,53
2026-07-31 00:19:34,openzen,3.23%,33.91MiB / 30.66GiB,0.11%,0B / 0B,0B / 2.15MB,20
2026-07-31 00:19:34,nav2,6.91%,190.6MiB / 30.66GiB,0.61%,0B / 0B,1.67MB / 1.3MB,93
2026-07-31 00:19:37,trav_ros2,101.45%,373.7MiB / 30.66GiB,1.19%,0B / 0B,0B / 336kB,44
2026-07-31 00:19:37,foxglove,11.61%,451.1MiB / 30.66GiB,1.44%,0B / 0B,152kB / 3.3MB,31
2026-07-31 00:19:37,docker-recorder-run-dfb44aee8c91,0.00%,10.3MiB / 30.66GiB,0.03%,0B / 0B,0B / 9.45MB,1
2026-07-31 00:19:37,glim,74.27%,326MiB / 30.66GiB,1.04%,0B / 0B,0B / 11.6MB,35
2026-07-31 00:19:37,ouster,6.83%,120.3MiB / 30.66GiB,0.38%,0B / 0B,0B / 3.02MB,29
2026-07-31 00:19:37,domain_bridge,0.12%,56.93MiB / 30.66GiB,0.18%,0B / 0B,0B / 5.04MB,28
2026-07-31 00:19:37,realsense,17.21%,94.48MiB / 30.66GiB,0.30%,0B / 0B,0B / 3.31MB,33
2026-07-31 00:19:37,mapir-ffmpeg,28.29%,169.6MiB / 30.66GiB,0.54%,0B / 0B,0B / 1.41MB,33
2026-07-31 00:19:37,scovox,53.17%,307.5MiB / 30.66GiB,0.98%,0B / 0B,0B / 4.28MB,53
2026-07-31 00:19:37,openzen,2.89%,33.92MiB / 30.66GiB,0.11%,0B / 0B,0B / 2.15MB,20
2026-07-31 00:19:37,nav2,6.17%,190.4MiB / 30.66GiB,0.61%,0B / 0B,1.67MB / 1.3MB,93
2026-07-31 00:19:40,trav_ros2,102.47%,371MiB / 30.66GiB,1.18%,0B / 0B,0B / 336kB,44
2026-07-31 00:19:40,foxglove,12.40%,459.2MiB / 30.66GiB,1.46%,0B / 0B,152kB / 3.3MB,31
2026-07-31 00:19:40,docker-recorder-run-dfb44aee8c91,0.00%,10.3MiB / 30.66GiB,0.03%,0B / 0B,0B / 9.45MB,1
2026-07-31 00:19:40,glim,79.55%,299.5MiB / 30.66GiB,0.95%,0B / 0B,0B / 11.6MB,35
2026-07-31 00:19:40,ouster,7.30%,120.6MiB / 30.66GiB,0.38%,0B / 0B,0B / 3.02MB,29
2026-07-31 00:19:40,domain_bridge,1.45%,57.37MiB / 30.66GiB,0.18%,0B / 0B,0B / 5.04MB,28
2026-07-31 00:19:40,realsense,17.18%,94.23MiB / 30.66GiB,0.30%,0B / 0B,0B / 3.31MB,33
2026-07-31 00:19:40,mapir-ffmpeg,28.60%,169.9MiB / 30.66GiB,0.54%,0B / 0B,0B / 1.41MB,33
2026-07-31 00:19:40,scovox,73.43%,281.2MiB / 30.66GiB,0.90%,0B / 0B,0B / 4.28MB,53
2026-07-31 00:19:40,openzen,3.39%,33.67MiB / 30.66GiB,0.11%,0B / 0B,0B / 2.15MB,20
2026-07-31 00:19:40,nav2,7.20%,190.3MiB / 30.66GiB,0.61%,0B / 0B,1.67MB / 1.3MB,93
2026-07-31 00:19:43,trav_ros2,101.66%,370.2MiB / 30.66GiB,1.18%,0B / 0B,0B / 356kB,44
2026-07-31 00:19:43,foxglove,12.51%,459MiB / 30.66GiB,1.46%,0B / 0B,152kB / 3.3MB,31
2026-07-31 00:19:43,docker-recorder-run-dfb44aee8c91,0.00%,10.3MiB / 30.66GiB,0.03%,0B / 0B,0B / 9.45MB,1
2026-07-31 00:19:43,glim,76.42%,308.4MiB / 30.66GiB,0.98%,0B / 0B,0B / 11.6MB,35
2026-07-31 00:19:43,ouster,7.35%,120.6MiB / 30.66GiB,0.38%,0B / 0B,0B / 3.02MB,29
2026-07-31 00:19:43,domain_bridge,0.24%,57.2MiB / 30.66GiB,0.18%,0B / 0B,0B / 5.04MB,28
2026-07-31 00:19:43,realsense,17.23%,94.25MiB / 30.66GiB,0.30%,0B / 0B,0B / 3.31MB,33
2026-07-31 00:19:43,mapir-ffmpeg,28.63%,170.1MiB / 30.66GiB,0.54%,0B / 0B,0B / 1.41MB,33
2026-07-31 00:19:43,scovox,51.50%,314.3MiB / 30.66GiB,1.00%,0B / 0B,0B / 4.37MB,53
2026-07-31 00:19:43,openzen,3.31%,33.67MiB / 30.66GiB,0.11%,0B / 0B,0B / 2.15MB,20
2026-07-31 00:19:43,nav2,6.62%,190.4MiB / 30.66GiB,0.61%,0B / 0B,1.67MB / 1.3MB,93
2026-07-31 00:19:46,trav_ros2,100.80%,370.9MiB / 30.66GiB,1.18%,0B / 0B,0B / 356kB,44
2026-07-31 00:19:46,foxglove,12.73%,459MiB / 30.66GiB,1.46%,0B / 0B,152kB / 3.3MB,31
2026-07-31 00:19:46,docker-recorder-run-dfb44aee8c91,0.00%,10.3MiB / 30.66GiB,0.03%,0B / 0B,0B / 9.45MB,1
2026-07-31 00:19:46,glim,73.40%,308.9MiB / 30.66GiB,0.98%,0B / 0B,0B / 11.6MB,35
2026-07-31 00:19:46,ouster,7.85%,120.2MiB / 30.66GiB,0.38%,0B / 0B,0B / 3.02MB,29
2026-07-31 00:19:46,domain_bridge,0.60%,57.21MiB / 30.66GiB,0.18%,0B / 0B,0B / 5.04MB,28
2026-07-31 00:19:46,realsense,17.35%,94.23MiB / 30.66GiB,0.30%,0B / 0B,0B / 3.31MB,33
2026-07-31 00:19:46,mapir-ffmpeg,28.54%,169.6MiB / 30.66GiB,0.54%,0B / 0B,0B / 1.41MB,33
2026-07-31 00:19:46,scovox,64.33%,281.5MiB / 30.66GiB,0.90%,0B / 0B,0B / 4.37MB,53
2026-07-31 00:19:46,openzen,3.45%,33.67MiB / 30.66GiB,0.11%,0B / 0B,0B / 2.15MB,20
2026-07-31 00:19:46,nav2,6.79%,190.4MiB / 30.66GiB,0.61%,0B / 0B,1.67MB / 1.3MB,93
2026-07-31 00:19:50,trav_ros2,101.22%,369.8MiB / 30.66GiB,1.18%,0B / 0B,0B / 356kB,44
2026-07-31 00:19:50,foxglove,11.70%,450.8MiB / 30.66GiB,1.44%,0B / 0B,152kB / 3.3MB,31
2026-07-31 00:19:50,docker-recorder-run-dfb44aee8c91,0.00%,10.3MiB / 30.66GiB,0.03%,0B / 0B,0B / 9.45MB,1
2026-07-31 00:19:50,glim,77.11%,308.5MiB / 30.66GiB,0.98%,0B / 0B,0B / 11.6MB,35
2026-07-31 00:19:50,ouster,7.47%,119.9MiB / 30.66GiB,0.38%,0B / 0B,0B / 3.02MB,29
2026-07-31 00:19:50,domain_bridge,0.65%,57.05MiB / 30.66GiB,0.18%,0B / 0B,0B / 5.04MB,28
2026-07-31 00:19:50,realsense,17.66%,94.48MiB / 30.66GiB,0.30%,0B / 0B,0B / 3.31MB,33
2026-07-31 00:19:50,mapir-ffmpeg,29.24%,169.9MiB / 30.66GiB,0.54%,0B / 0B,0B / 1.41MB,33
2026-07-31 00:19:50,scovox,71.70%,281.5MiB / 30.66GiB,0.90%,0B / 0B,0B / 4.37MB,53
2026-07-31 00:19:50,openzen,3.36%,33.68MiB / 30.66GiB,0.11%,0B / 0B,0B / 2.15MB,20
2026-07-31 00:19:50,nav2,6.99%,190.9MiB / 30.66GiB,0.61%,0B / 0B,1.67MB / 1.3MB,93
2026-07-31 00:19:53,trav_ros2,101.12%,370.2MiB / 30.66GiB,1.18%,0B / 0B,0B / 356kB,44
2026-07-31 00:19:53,foxglove,11.52%,450.6MiB / 30.66GiB,1.43%,0B / 0B,152kB / 3.3MB,31
2026-07-31 00:19:53,docker-recorder-run-dfb44aee8c91,0.00%,10.3MiB / 30.66GiB,0.03%,0B / 0B,0B / 9.45MB,1
2026-07-31 00:19:53,glim,75.74%,308MiB / 30.66GiB,0.98%,0B / 0B,0B / 11.6MB,35
2026-07-31 00:19:53,ouster,7.89%,119.9MiB / 30.66GiB,0.38%,0B / 0B,0B / 3.02MB,29
2026-07-31 00:19:53,domain_bridge,0.11%,56.81MiB / 30.66GiB,0.18%,0B / 0B,0B / 5.04MB,28
2026-07-31 00:19:53,realsense,17.29%,94.23MiB / 30.66GiB,0.30%,0B / 0B,0B / 3.31MB,33
2026-07-31 00:19:53,mapir-ffmpeg,29.17%,170.4MiB / 30.66GiB,0.54%,0B / 0B,0B / 1.41MB,33
2026-07-31 00:19:53,scovox,51.12%,288.1MiB / 30.66GiB,0.92%,0B / 0B,0B / 4.37MB,53
2026-07-31 00:19:53,openzen,3.40%,33.91MiB / 30.66GiB,0.11%,0B / 0B,0B / 2.15MB,20
2026-07-31 00:19:53,nav2,6.29%,190.8MiB / 30.66GiB,0.61%,0B / 0B,1.67MB / 1.3MB,93
2026-07-31 00:19:56,trav_ros2,101.89%,370.5MiB / 30.66GiB,1.18%,0B / 0B,0B / 356kB,44
2026-07-31 00:19:56,foxglove,11.85%,450.7MiB / 30.66GiB,1.44%,0B / 0B,152kB / 3.3MB,31
2026-07-31 00:19:56,docker-recorder-run-dfb44aee8c91,0.00%,10.3MiB / 30.66GiB,0.03%,0B / 0B,0B / 9.45MB,1
2026-07-31 00:19:56,glim,73.11%,308.9MiB / 30.66GiB,0.98%,0B / 0B,0B / 11.6MB,35
2026-07-31 00:19:56,ouster,7.65%,120.1MiB / 30.66GiB,0.38%,0B / 0B,0B / 3.02MB,29
2026-07-31 00:19:56,domain_bridge,1.95%,57.59MiB / 30.66GiB,0.18%,0B / 0B,0B / 5.04MB,28
2026-07-31 00:19:56,realsense,17.23%,94.46MiB / 30.66GiB,0.30%,0B / 0B,0B / 3.31MB,33
2026-07-31 00:19:56,mapir-ffmpeg,29.44%,169.6MiB / 30.66GiB,0.54%,0B / 0B,0B / 1.41MB,33
2026-07-31 00:19:56,scovox,69.03%,281.2MiB / 30.66GiB,0.90%,0B / 0B,0B / 4.37MB,53
2026-07-31 00:19:56,openzen,3.24%,33.67MiB / 30.66GiB,0.11%,0B / 0B,0B / 2.15MB,20
2026-07-31 00:19:56,nav2,6.63%,190.7MiB / 30.66GiB,0.61%,0B / 0B,1.67MB / 1.3MB,93
2026-07-31 00:19:59,trav_ros2,100.87%,371.1MiB / 30.66GiB,1.18%,0B / 0B,0B / 356kB,44
2026-07-31 00:19:59,foxglove,11.92%,458.6MiB / 30.66GiB,1.46%,0B / 0B,152kB / 3.3MB,31
2026-07-31 00:19:59,docker-recorder-run-dfb44aee8c91,0.00%,10.3MiB / 30.66GiB,0.03%,0B / 0B,0B / 9.45MB,1
2026-07-31 00:19:59,glim,77.09%,309MiB / 30.66GiB,0.98%,0B / 0B,0B / 11.6MB,35
2026-07-31 00:19:59,ouster,7.49%,120.5MiB / 30.66GiB,0.38%,0B / 0B,0B / 3.02MB,29
2026-07-31 00:19:59,domain_bridge,0.24%,56.84MiB / 30.66GiB,0.18%,0B / 0B,0B / 5.04MB,28
2026-07-31 00:19:59,realsense,16.96%,94.23MiB / 30.66GiB,0.30%,0B / 0B,0B / 3.31MB,33
2026-07-31 00:19:59,mapir-ffmpeg,29.56%,169.6MiB / 30.66GiB,0.54%,0B / 0B,0B / 1.41MB,33
2026-07-31 00:19:59,scovox,48.17%,310.3MiB / 30.66GiB,0.99%,0B / 0B,0B / 4.37MB,53
2026-07-31 00:19:59,openzen,3.20%,33.67MiB / 30.66GiB,0.11%,0B / 0B,0B / 2.15MB,20
2026-07-31 00:19:59,nav2,6.70%,190.7MiB / 30.66GiB,0.61%,0B / 0B,1.67MB / 1.3MB,93
2026-07-31 00:20:02,trav_ros2,101.31%,406.6MiB / 30.66GiB,1.29%,0B / 0B,0B / 356kB,44
2026-07-31 00:20:02,foxglove,11.45%,451.2MiB / 30.66GiB,1.44%,0B / 0B,152kB / 3.3MB,31
2026-07-31 00:20:02,docker-recorder-run-dfb44aee8c91,0.00%,10.3MiB / 30.66GiB,0.03%,0B / 0B,0B / 9.45MB,1
2026-07-31 00:20:02,glim,82.12%,295.9MiB / 30.66GiB,0.94%,0B / 0B,0B / 11.6MB,35
2026-07-31 00:20:02,ouster,7.18%,120.1MiB / 30.66GiB,0.38%,0B / 0B,0B / 3.02MB,29
2026-07-31 00:20:02,domain_bridge,0.38%,57.11MiB / 30.66GiB,0.18%,0B / 0B,0B / 5.04MB,28
2026-07-31 00:20:02,realsense,16.32%,94.48MiB / 30.66GiB,0.30%,0B / 0B,0B / 3.31MB,33
2026-07-31 00:20:02,mapir-ffmpeg,29.44%,169.6MiB / 30.66GiB,0.54%,0B / 0B,0B / 1.41MB,33
2026-07-31 00:20:02,scovox,63.61%,284.3MiB / 30.66GiB,0.91%,0B / 0B,0B / 4.37MB,53
2026-07-31 00:20:02,openzen,3.07%,33.67MiB / 30.66GiB,0.11%,0B / 0B,0B / 2.15MB,20
2026-07-31 00:20:02,nav2,6.15%,190.8MiB / 30.66GiB,0.61%,0B / 0B,1.67MB / 1.3MB,93
2026-07-31 00:20:06,trav_ros2,100.82%,358.1MiB / 30.66GiB,1.14%,0B / 0B,0B / 356kB,44
2026-07-31 00:20:06,foxglove,11.81%,451.2MiB / 30.66GiB,1.44%,0B / 0B,152kB / 3.3MB,31
2026-07-31 00:20:06,docker-recorder-run-dfb44aee8c91,0.00%,10.3MiB / 30.66GiB,0.03%,0B / 0B,0B / 9.45MB,1
2026-07-31 00:20:06,glim,75.06%,297.9MiB / 30.66GiB,0.95%,0B / 0B,0B / 11.6MB,35
2026-07-31 00:20:06,ouster,7.54%,120.2MiB / 30.66GiB,0.38%,0B / 0B,0B / 3.02MB,29
2026-07-31 00:20:06,domain_bridge,0.63%,58.39MiB / 30.66GiB,0.19%,0B / 0B,0B / 5.04MB,28
2026-07-31 00:20:06,realsense,17.34%,94.23MiB / 30.66GiB,0.30%,0B / 0B,0B / 3.31MB,33
2026-07-31 00:20:06,mapir-ffmpeg,29.34%,170.1MiB / 30.66GiB,0.54%,0B / 0B,0B / 1.41MB,33
2026-07-31 00:20:06,scovox,67.72%,284.6MiB / 30.66GiB,0.91%,0B / 0B,0B / 4.37MB,53
2026-07-31 00:20:06,openzen,3.49%,34.4MiB / 30.66GiB,0.11%,0B / 0B,0B / 2.15MB,20
2026-07-31 00:20:06,nav2,6.83%,190.9MiB / 30.66GiB,0.61%,0B / 0B,1.67MB / 1.3MB,93
2026-07-31 00:20:09,trav_ros2,101.74%,371.5MiB / 30.66GiB,1.18%,0B / 0B,0B / 356kB,44
2026-07-31 00:20:09,foxglove,11.32%,450.9MiB / 30.66GiB,1.44%,0B / 0B,152kB / 3.3MB,31
2026-07-31 00:20:09,docker-recorder-run-dfb44aee8c91,0.00%,10.3MiB / 30.66GiB,0.03%,0B / 0B,0B / 9.45MB,1
2026-07-31 00:20:09,glim,75.70%,297.7MiB / 30.66GiB,0.95%,0B / 0B,0B / 11.6MB,35
2026-07-31 00:20:09,ouster,7.38%,120MiB / 30.66GiB,0.38%,0B / 0B,0B / 3.02MB,29
2026-07-31 00:20:09,domain_bridge,0.12%,57.43MiB / 30.66GiB,0.18%,0B / 0B,0B / 5.04MB,28
2026-07-31 00:20:09,realsense,16.47%,94.23MiB / 30.66GiB,0.30%,0B / 0B,0B / 3.31MB,33
2026-07-31 00:20:09,mapir-ffmpeg,29.49%,169.6MiB / 30.66GiB,0.54%,0B / 0B,0B / 1.43MB,33
2026-07-31 00:20:09,scovox,64.65%,312.1MiB / 30.66GiB,0.99%,0B / 0B,0B / 4.38MB,53
2026-07-31 00:20:09,openzen,3.47%,33.91MiB / 30.66GiB,0.11%,0B / 0B,0B / 2.15MB,20
2026-07-31 00:20:09,nav2,6.07%,191.2MiB / 30.66GiB,0.61%,0B / 0B,1.67MB / 1.31MB,93
2026-07-31 00:20:12,trav_ros2,100.85%,370.5MiB / 30.66GiB,1.18%,0B / 0B,0B / 356kB,44
2026-07-31 00:20:12,foxglove,11.45%,450.6MiB / 30.66GiB,1.43%,0B / 0B,152kB / 3.3MB,31
2026-07-31 00:20:12,docker-recorder-run-dfb44aee8c91,0.00%,10.3MiB / 30.66GiB,0.03%,0B / 0B,0B / 9.45MB,1
2026-07-31 00:20:12,glim,72.29%,298.9MiB / 30.66GiB,0.95%,0B / 0B,0B / 11.6MB,35
2026-07-31 00:20:12,ouster,7.42%,120.1MiB / 30.66GiB,0.38%,0B / 0B,0B / 3.02MB,29
2026-07-31 00:20:12,domain_bridge,1.61%,57.48MiB / 30.66GiB,0.18%,0B / 0B,0B / 5.04MB,28
2026-07-31 00:20:12,realsense,16.89%,94.23MiB / 30.66GiB,0.30%,0B / 0B,0B / 3.31MB,33
2026-07-31 00:20:12,mapir-ffmpeg,29.09%,169.6MiB / 30.66GiB,0.54%,0B / 0B,0B / 1.43MB,33
2026-07-31 00:20:12,scovox,89.68%,285.1MiB / 30.66GiB,0.91%,0B / 0B,0B / 4.38MB,53
2026-07-31 00:20:12,openzen,3.53%,34.16MiB / 30.66GiB,0.11%,0B / 0B,0B / 2.15MB,20
2026-07-31 00:20:12,nav2,6.45%,191.2MiB / 30.66GiB,0.61%,0B / 0B,1.67MB / 1.31MB,93
2026-07-31 00:20:15,trav_ros2,101.39%,370.7MiB / 30.66GiB,1.18%,0B / 0B,0B / 377kB,44
2026-07-31 00:20:15,foxglove,11.83%,458.8MiB / 30.66GiB,1.46%,0B / 0B,152kB / 3.3MB,31
2026-07-31 00:20:15,docker-recorder-run-dfb44aee8c91,0.00%,10.3MiB / 30.66GiB,0.03%,0B / 0B,0B / 9.45MB,1
2026-07-31 00:20:15,glim,72.96%,299.7MiB / 30.66GiB,0.95%,0B / 0B,0B / 11.6MB,35
2026-07-31 00:20:15,ouster,7.57%,120.8MiB / 30.66GiB,0.38%,0B / 0B,0B / 3.02MB,29
2026-07-31 00:20:15,domain_bridge,0.46%,57.61MiB / 30.66GiB,0.18%,0B / 0B,0B / 5.04MB,28
2026-07-31 00:20:15,realsense,16.79%,94.72MiB / 30.66GiB,0.30%,0B / 0B,0B / 3.31MB,33
2026-07-31 00:20:15,mapir-ffmpeg,29.09%,169.9MiB / 30.66GiB,0.54%,0B / 0B,0B / 1.43MB,33
2026-07-31 00:20:15,scovox,56.82%,320.6MiB / 30.66GiB,1.02%,0B / 0B,0B / 4.38MB,53
2026-07-31 00:20:15,openzen,3.13%,33.91MiB / 30.66GiB,0.11%,0B / 0B,0B / 2.15MB,20
2026-07-31 00:20:15,nav2,6.54%,191.5MiB / 30.66GiB,0.61%,0B / 0B,1.67MB / 1.31MB,93
2026-07-31 00:20:18,trav_ros2,101.95%,372.3MiB / 30.66GiB,1.19%,0B / 0B,0B / 377kB,44
2026-07-31 00:20:18,foxglove,12.06%,459.1MiB / 30.66GiB,1.46%,0B / 0B,152kB / 3.3MB,31
2026-07-31 00:20:18,docker-recorder-run-dfb44aee8c91,0.00%,10.3MiB / 30.66GiB,0.03%,0B / 0B,0B / 9.45MB,1
2026-07-31 00:20:18,glim,75.06%,298.8MiB / 30.66GiB,0.95%,0B / 0B,0B / 11.6MB,35
2026-07-31 00:20:18,ouster,7.09%,120.3MiB / 30.66GiB,0.38%,0B / 0B,0B / 3.02MB,29
2026-07-31 00:20:18,domain_bridge,0.26%,57.42MiB / 30.66GiB,0.18%,0B / 0B,0B / 5.04MB,28
2026-07-31 00:20:18,realsense,17.19%,94.23MiB / 30.66GiB,0.30%,0B / 0B,0B / 3.31MB,33
2026-07-31 00:20:18,mapir-ffmpeg,28.78%,169.9MiB / 30.66GiB,0.54%,0B / 0B,0B / 1.43MB,33
2026-07-31 00:20:18,scovox,78.60%,285.2MiB / 30.66GiB,0.91%,0B / 0B,0B / 4.47MB,53
2026-07-31 00:20:18,openzen,3.16%,33.91MiB / 30.66GiB,0.11%,0B / 0B,0B / 2.15MB,20
2026-07-31 00:20:18,nav2,6.23%,191.4MiB / 30.66GiB,0.61%,0B / 0B,1.67MB / 1.31MB,93
2026-07-31 00:20:22,trav_ros2,102.43%,364.3MiB / 30.66GiB,1.16%,0B / 0B,0B / 377kB,44
2026-07-31 00:20:22,foxglove,12.58%,458.5MiB / 30.66GiB,1.46%,0B / 0B,152kB / 3.3MB,31
2026-07-31 00:20:22,docker-recorder-run-dfb44aee8c91,0.00%,10.3MiB / 30.66GiB,0.03%,0B / 0B,0B / 9.45MB,1
2026-07-31 00:20:22,glim,75.22%,298.9MiB / 30.66GiB,0.95%,0B / 0B,0B / 11.6MB,35
2026-07-31 00:20:22,ouster,7.41%,120.1MiB / 30.66GiB,0.38%,0B / 0B,0B / 3.02MB,29
2026-07-31 00:20:22,domain_bridge,0.53%,57.61MiB / 30.66GiB,0.18%,0B / 0B,0B / 5.04MB,28
2026-07-31 00:20:22,realsense,17.73%,94.47MiB / 30.66GiB,0.30%,0B / 0B,0B / 3.31MB,33
2026-07-31 00:20:22,mapir-ffmpeg,28.97%,169.9MiB / 30.66GiB,0.54%,0B / 0B,0B / 1.43MB,33
2026-07-31 00:20:22,scovox,68.30%,324.4MiB / 30.66GiB,1.03%,0B / 0B,0B / 4.47MB,53
2026-07-31 00:20:22,openzen,3.44%,33.92MiB / 30.66GiB,0.11%,0B / 0B,0B / 2.15MB,20
2026-07-31 00:20:22,nav2,7.23%,192.2MiB / 30.66GiB,0.61%,0B / 0B,1.67MB / 1.31MB,93
2026-07-31 00:20:25,trav_ros2,99.89%,409.8MiB / 30.66GiB,1.30%,0B / 0B,0B / 377kB,44
2026-07-31 00:20:25,foxglove,11.67%,450.7MiB / 30.66GiB,1.44%,0B / 0B,152kB / 3.3MB,31
2026-07-31 00:20:25,docker-recorder-run-dfb44aee8c91,0.00%,10.3MiB / 30.66GiB,0.03%,0B / 0B,0B / 9.45MB,1
2026-07-31 00:20:25,glim,75.34%,298.9MiB / 30.66GiB,0.95%,0B / 0B,0B / 11.6MB,35
2026-07-31 00:20:25,ouster,7.00%,120.3MiB / 30.66GiB,0.38%,0B / 0B,0B / 3.02MB,29
2026-07-31 00:20:25,domain_bridge,0.22%,57.51MiB / 30.66GiB,0.18%,0B / 0B,0B / 5.04MB,28
2026-07-31 00:20:25,realsense,16.55%,94.23MiB / 30.66GiB,0.30%,0B / 0B,0B / 3.31MB,33
2026-07-31 00:20:25,mapir-ffmpeg,27.39%,169.6MiB / 30.66GiB,0.54%,0B / 0B,0B / 1.43MB,33
2026-07-31 00:20:25,scovox,57.06%,311.1MiB / 30.66GiB,0.99%,0B / 0B,0B / 4.47MB,53
2026-07-31 00:20:25,openzen,2.99%,33.91MiB / 30.66GiB,0.11%,0B / 0B,0B / 2.15MB,20
2026-07-31 00:20:25,nav2,5.99%,192.3MiB / 30.66GiB,0.61%,0B / 0B,1.67MB / 1.31MB,93
2026-07-31 00:20:28,trav_ros2,100.58%,375.5MiB / 30.66GiB,1.20%,0B / 0B,0B / 377kB,44
2026-07-31 00:20:28,foxglove,11.94%,459.1MiB / 30.66GiB,1.46%,0B / 0B,152kB / 3.3MB,31
2026-07-31 00:20:28,docker-recorder-run-dfb44aee8c91,0.00%,10.3MiB / 30.66GiB,0.03%,0B / 0B,0B / 9.45MB,1
2026-07-31 00:20:28,glim,78.39%,299.1MiB / 30.66GiB,0.95%,0B / 0B,0B / 11.6MB,35
2026-07-31 00:20:28,ouster,7.47%,120.5MiB / 30.66GiB,0.38%,0B / 0B,0B / 3.02MB,29
2026-07-31 00:20:28,domain_bridge,1.56%,57MiB / 30.66GiB,0.18%,0B / 0B,0B / 5.04MB,28
2026-07-31 00:20:28,realsense,17.02%,94.48MiB / 30.66GiB,0.30%,0B / 0B,0B / 3.31MB,33
2026-07-31 00:20:28,mapir-ffmpeg,28.05%,169.6MiB / 30.66GiB,0.54%,0B / 0B,0B / 1.43MB,33
2026-07-31 00:20:28,scovox,74.81%,284.7MiB / 30.66GiB,0.91%,0B / 0B,0B / 4.47MB,53
2026-07-31 00:20:28,openzen,3.37%,33.91MiB / 30.66GiB,0.11%,0B / 0B,0B / 2.15MB,20
2026-07-31 00:20:28,nav2,6.66%,191.7MiB / 30.66GiB,0.61%,0B / 0B,1.67MB / 1.31MB,93
2026-07-31 00:20:31,trav_ros2,102.09%,365.2MiB / 30.66GiB,1.16%,0B / 0B,0B / 377kB,44
2026-07-31 00:20:31,foxglove,11.54%,450.6MiB / 30.66GiB,1.44%,0B / 0B,152kB / 3.3MB,31
2026-07-31 00:20:31,docker-recorder-run-dfb44aee8c91,0.00%,10.3MiB / 30.66GiB,0.03%,0B / 0B,0B / 9.45MB,1
2026-07-31 00:20:31,glim,77.39%,299.3MiB / 30.66GiB,0.95%,0B / 0B,0B / 11.6MB,35
2026-07-31 00:20:31,ouster,7.33%,120.5MiB / 30.66GiB,0.38%,0B / 0B,0B / 3.02MB,29
2026-07-31 00:20:31,domain_bridge,0.26%,56.77MiB / 30.66GiB,0.18%,0B / 0B,0B / 5.04MB,28
2026-07-31 00:20:31,realsense,17.30%,94.47MiB / 30.66GiB,0.30%,0B / 0B,0B / 3.31MB,33
2026-07-31 00:20:31,mapir-ffmpeg,28.25%,170.1MiB / 30.66GiB,0.54%,0B / 0B,0B / 1.43MB,33
2026-07-31 00:20:31,scovox,59.21%,318.5MiB / 30.66GiB,1.01%,0B / 0B,0B / 4.47MB,53
2026-07-31 00:20:31,openzen,3.38%,33.91MiB / 30.66GiB,0.11%,0B / 0B,0B / 2.15MB,20
2026-07-31 00:20:31,nav2,7.19%,192.2MiB / 30.66GiB,0.61%,0B / 0B,1.67MB / 1.31MB,93
2026-07-31 00:20:34,trav_ros2,101.83%,371.9MiB / 30.66GiB,1.18%,0B / 0B,0B / 377kB,44
2026-07-31 00:20:34,foxglove,11.11%,450.7MiB / 30.66GiB,1.44%,0B / 0B,152kB / 3.3MB,31
2026-07-31 00:20:34,docker-recorder-run-dfb44aee8c91,0.00%,10.3MiB / 30.66GiB,0.03%,0B / 0B,0B / 9.45MB,1
2026-07-31 00:20:34,glim,77.43%,306.5MiB / 30.66GiB,0.98%,0B / 0B,0B / 11.6MB,35
2026-07-31 00:20:34,ouster,7.27%,120.4MiB / 30.66GiB,0.38%,0B / 0B,0B / 3.02MB,29
2026-07-31 00:20:34,domain_bridge,0.24%,56.78MiB / 30.66GiB,0.18%,0B / 0B,0B / 5.04MB,28
2026-07-31 00:20:34,realsense,17.00%,94.48MiB / 30.66GiB,0.30%,0B / 0B,0B / 3.31MB,33
2026-07-31 00:20:34,mapir-ffmpeg,28.97%,169.6MiB / 30.66GiB,0.54%,0B / 0B,0B / 1.43MB,33
2026-07-31 00:20:34,scovox,75.14%,285.3MiB / 30.66GiB,0.91%,0B / 0B,0B / 4.47MB,53
2026-07-31 00:20:34,openzen,3.37%,33.91MiB / 30.66GiB,0.11%,0B / 0B,0B / 2.15MB,20
2026-07-31 00:20:34,nav2,6.08%,192MiB / 30.66GiB,0.61%,0B / 0B,1.67MB / 1.31MB,93
2026-07-31 00:20:37,trav_ros2,101.46%,358.9MiB / 30.66GiB,1.14%,0B / 0B,0B / 377kB,44
2026-07-31 00:20:37,foxglove,11.75%,458.6MiB / 30.66GiB,1.46%,0B / 0B,152kB / 3.3MB,31
2026-07-31 00:20:37,docker-recorder-run-dfb44aee8c91,0.00%,10.3MiB / 30.66GiB,0.03%,0B / 0B,0B / 9.45MB,1
2026-07-31 00:20:37,glim,73.88%,301.9MiB / 30.66GiB,0.96%,0B / 0B,0B / 11.6MB,35
2026-07-31 00:20:37,ouster,8.17%,120MiB / 30.66GiB,0.38%,0B / 0B,0B / 3.02MB,29
2026-07-31 00:20:37,domain_bridge,0.48%,57.28MiB / 30.66GiB,0.18%,0B / 0B,0B / 5.04MB,28
2026-07-31 00:20:37,realsense,17.38%,94.23MiB / 30.66GiB,0.30%,0B / 0B,0B / 3.31MB,33
2026-07-31 00:20:37,mapir-ffmpeg,29.21%,170.6MiB / 30.66GiB,0.54%,0B / 0B,0B / 1.43MB,33
2026-07-31 00:20:37,scovox,63.99%,327.6MiB / 30.66GiB,1.04%,0B / 0B,0B / 4.47MB,53
2026-07-31 00:20:37,openzen,3.54%,33.92MiB / 30.66GiB,0.11%,0B / 0B,0B / 2.15MB,20
2026-07-31 00:20:37,nav2,7.01%,192.5MiB / 30.66GiB,0.61%,0B / 0B,1.67MB / 1.31MB,93
2026-07-31 00:20:41,trav_ros2,98.78%,371.6MiB / 30.66GiB,1.18%,0B / 0B,0B / 377kB,44
2026-07-31 00:20:41,foxglove,11.08%,450.9MiB / 30.66GiB,1.44%,0B / 0B,152kB / 3.3MB,31
2026-07-31 00:20:41,docker-recorder-run-dfb44aee8c91,0.00%,10.3MiB / 30.66GiB,0.03%,0B / 0B,0B / 9.45MB,1
2026-07-31 00:20:41,glim,74.16%,306.1MiB / 30.66GiB,0.97%,0B / 0B,0B / 11.6MB,35
2026-07-31 00:20:41,ouster,7.27%,120.3MiB / 30.66GiB,0.38%,0B / 0B,0B / 3.02MB,29
2026-07-31 00:20:41,domain_bridge,0.21%,57.69MiB / 30.66GiB,0.18%,0B / 0B,0B / 5.04MB,28
2026-07-31 00:20:41,realsense,16.71%,94.23MiB / 30.66GiB,0.30%,0B / 0B,0B / 3.31MB,33
2026-07-31 00:20:41,mapir-ffmpeg,28.99%,169.6MiB / 30.66GiB,0.54%,0B / 0B,0B / 1.43MB,33
2026-07-31 00:20:41,scovox,60.72%,313.4MiB / 30.66GiB,1.00%,0B / 0B,0B / 4.47MB,53
2026-07-31 00:20:41,openzen,3.05%,33.67MiB / 30.66GiB,0.11%,0B / 0B,0B / 2.15MB,20
2026-07-31 00:20:41,nav2,5.83%,191.9MiB / 30.66GiB,0.61%,0B / 0B,1.67MB / 1.31MB,93
2026-07-31 00:20:44,trav_ros2,101.93%,366.7MiB / 30.66GiB,1.17%,0B / 0B,0B / 393kB,44
2026-07-31 00:20:44,foxglove,11.28%,450.8MiB / 30.66GiB,1.44%,0B / 0B,152kB / 3.3MB,31
2026-07-31 00:20:44,docker-recorder-run-dfb44aee8c91,0.00%,10.3MiB / 30.66GiB,0.03%,0B / 0B,0B / 9.45MB,1
2026-07-31 00:20:44,glim,74.47%,304.9MiB / 30.66GiB,0.97%,0B / 0B,0B / 11.6MB,35
2026-07-31 00:20:44,ouster,7.75%,120MiB / 30.66GiB,0.38%,0B / 0B,0B / 3.02MB,29
2026-07-31 00:20:44,domain_bridge,1.63%,57.43MiB / 30.66GiB,0.18%,0B / 0B,0B / 5.04MB,28
2026-07-31 00:20:44,realsense,17.52%,94.73MiB / 30.66GiB,0.30%,0B / 0B,0B / 3.31MB,33
2026-07-31 00:20:44,mapir-ffmpeg,29.20%,169.9MiB / 30.66GiB,0.54%,0B / 0B,0B / 1.44MB,33
2026-07-31 00:20:44,scovox,76.96%,288.2MiB / 30.66GiB,0.92%,0B / 0B,0B / 4.49MB,53
2026-07-31 00:20:44,openzen,3.51%,33.68MiB / 30.66GiB,0.11%,0B / 0B,0B / 2.15MB,20
2026-07-31 00:20:44,nav2,6.66%,192.2MiB / 30.66GiB,0.61%,0B / 0B,1.67MB / 1.34MB,93
2026-07-31 00:20:47,trav_ros2,102.19%,372.2MiB / 30.66GiB,1.19%,0B / 0B,0B / 393kB,44
2026-07-31 00:20:47,foxglove,11.77%,460.9MiB / 30.66GiB,1.47%,0B / 0B,152kB / 3.3MB,31
2026-07-31 00:20:47,docker-recorder-run-dfb44aee8c91,0.00%,10.3MiB / 30.66GiB,0.03%,0B / 0B,0B / 9.45MB,1
2026-07-31 00:20:47,glim,74.72%,291.5MiB / 30.66GiB,0.93%,0B / 0B,0B / 11.6MB,35
2026-07-31 00:20:47,ouster,7.32%,120.1MiB / 30.66GiB,0.38%,0B / 0B,0B / 3.02MB,29
2026-07-31 00:20:47,domain_bridge,0.23%,57.14MiB / 30.66GiB,0.18%,0B / 0B,0B / 5.04MB,28
2026-07-31 00:20:47,realsense,17.54%,94.23MiB / 30.66GiB,0.30%,0B / 0B,0B / 3.31MB,33
2026-07-31 00:20:47,mapir-ffmpeg,28.34%,170.1MiB / 30.66GiB,0.54%,0B / 0B,0B / 1.44MB,33
2026-07-31 00:20:47,scovox,59.86%,319.4MiB / 30.66GiB,1.02%,0B / 0B,0B / 4.49MB,53
2026-07-31 00:20:47,openzen,3.32%,33.67MiB / 30.66GiB,0.11%,0B / 0B,0B / 2.15MB,20
2026-07-31 00:20:47,nav2,6.51%,192.9MiB / 30.66GiB,0.61%,0B / 0B,1.67MB / 1.34MB,93
2026-07-31 00:20:50,trav_ros2,100.13%,371.5MiB / 30.66GiB,1.18%,0B / 0B,0B / 393kB,44
2026-07-31 00:20:50,foxglove,11.88%,458.8MiB / 30.66GiB,1.46%,0B / 0B,152kB / 3.3MB,31
2026-07-31 00:20:50,docker-recorder-run-dfb44aee8c91,0.00%,10.3MiB / 30.66GiB,0.03%,0B / 0B,0B / 9.45MB,1
2026-07-31 00:20:50,glim,74.18%,295.6MiB / 30.66GiB,0.94%,0B / 0B,0B / 11.6MB,35
2026-07-31 00:20:50,ouster,7.11%,120.3MiB / 30.66GiB,0.38%,0B / 0B,0B / 3.02MB,29
2026-07-31 00:20:50,domain_bridge,0.26%,57.7MiB / 30.66GiB,0.18%,0B / 0B,0B / 5.04MB,28
2026-07-31 00:20:50,realsense,16.92%,94.23MiB / 30.66GiB,0.30%,0B / 0B,0B / 3.31MB,33
2026-07-31 00:20:50,mapir-ffmpeg,28.61%,169.6MiB / 30.66GiB,0.54%,0B / 0B,0B / 1.44MB,33
2026-07-31 00:20:50,scovox,81.69%,288.5MiB / 30.66GiB,0.92%,0B / 0B,0B / 4.49MB,53
2026-07-31 00:20:50,openzen,3.16%,33.67MiB / 30.66GiB,0.11%,0B / 0B,0B / 2.15MB,20
2026-07-31 00:20:50,nav2,6.31%,192.2MiB / 30.66GiB,0.61%,0B / 0B,1.67MB / 1.34MB,93
2026-07-31 00:20:53,trav_ros2,100.81%,375.6MiB / 30.66GiB,1.20%,0B / 0B,0B / 393kB,44
2026-07-31 00:20:53,foxglove,12.25%,458.9MiB / 30.66GiB,1.46%,0B / 0B,152kB / 3.3MB,31
2026-07-31 00:20:53,docker-recorder-run-dfb44aee8c91,0.00%,10.3MiB / 30.66GiB,0.03%,0B / 0B,0B / 9.45MB,1
2026-07-31 00:20:53,glim,79.08%,296.5MiB / 30.66GiB,0.94%,0B / 0B,0B / 11.6MB,35
2026-07-31 00:20:53,ouster,7.17%,120MiB / 30.66GiB,0.38%,0B / 0B,0B / 3.02MB,29
2026-07-31 00:20:53,domain_bridge,0.49%,57.12MiB / 30.66GiB,0.18%,0B / 0B,0B / 5.04MB,28
2026-07-31 00:20:53,realsense,16.81%,94.23MiB / 30.66GiB,0.30%,0B / 0B,0B / 3.31MB,33
2026-07-31 00:20:53,mapir-ffmpeg,29.14%,169.6MiB / 30.66GiB,0.54%,0B / 0B,0B / 1.44MB,33
2026-07-31 00:20:53,scovox,59.80%,326.9MiB / 30.66GiB,1.04%,0B / 0B,0B / 4.58MB,53
2026-07-31 00:20:53,openzen,3.39%,33.67MiB / 30.66GiB,0.11%,0B / 0B,0B / 2.15MB,20
2026-07-31 00:20:53,nav2,6.81%,193.2MiB / 30.66GiB,0.62%,0B / 0B,1.67MB / 1.34MB,93
2026-07-31 00:20:57,trav_ros2,101.58%,365.2MiB / 30.66GiB,1.16%,0B / 0B,0B / 393kB,44
2026-07-31 00:20:57,foxglove,10.95%,450.8MiB / 30.66GiB,1.44%,0B / 0B,152kB / 3.3MB,31
2026-07-31 00:20:57,docker-recorder-run-dfb44aee8c91,0.00%,10.3MiB / 30.66GiB,0.03%,0B / 0B,0B / 9.45MB,1
2026-07-31 00:20:57,glim,73.77%,296.8MiB / 30.66GiB,0.95%,0B / 0B,0B / 11.6MB,35
2026-07-31 00:20:57,ouster,7.23%,120.3MiB / 30.66GiB,0.38%,0B / 0B,0B / 3.02MB,29
2026-07-31 00:20:57,domain_bridge,0.23%,57.22MiB / 30.66GiB,0.18%,0B / 0B,0B / 5.04MB,28
2026-07-31 00:20:57,realsense,16.73%,94.23MiB / 30.66GiB,0.30%,0B / 0B,0B / 3.31MB,33
2026-07-31 00:20:57,mapir-ffmpeg,28.91%,169.6MiB / 30.66GiB,0.54%,0B / 0B,0B / 1.44MB,33
2026-07-31 00:20:57,scovox,69.47%,287.9MiB / 30.66GiB,0.92%,0B / 0B,0B / 4.58MB,53
2026-07-31 00:20:57,openzen,3.04%,33.67MiB / 30.66GiB,0.11%,0B / 0B,0B / 2.15MB,20
2026-07-31 00:20:57,nav2,6.02%,192.8MiB / 30.66GiB,0.61%,0B / 0B,1.67MB / 1.34MB,93
2026-07-31 00:21:00,trav_ros2,101.40%,372.2MiB / 30.66GiB,1.19%,0B / 0B,0B / 393kB,44
2026-07-31 00:21:00,foxglove,11.25%,451MiB / 30.66GiB,1.44%,0B / 0B,152kB / 3.3MB,31
2026-07-31 00:21:00,docker-recorder-run-dfb44aee8c91,0.00%,10.3MiB / 30.66GiB,0.03%,0B / 0B,0B / 9.45MB,1
2026-07-31 00:21:00,glim,74.68%,295.8MiB / 30.66GiB,0.94%,0B / 0B,0B / 11.6MB,35
2026-07-31 00:21:00,ouster,7.54%,120.1MiB / 30.66GiB,0.38%,0B / 0B,0B / 3.02MB,29
2026-07-31 00:21:00,domain_bridge,1.40%,57.86MiB / 30.66GiB,0.18%,0B / 0B,0B / 5.04MB,28
2026-07-31 00:21:00,realsense,17.24%,94.23MiB / 30.66GiB,0.30%,0B / 0B,0B / 3.31MB,33
2026-07-31 00:21:00,mapir-ffmpeg,29.07%,169.6MiB / 30.66GiB,0.54%,0B / 0B,0B / 1.44MB,33
2026-07-31 00:21:00,scovox,82.09%,287.8MiB / 30.66GiB,0.92%,0B / 0B,0B / 4.58MB,53
2026-07-31 00:21:00,openzen,3.19%,33.91MiB / 30.66GiB,0.11%,0B / 0B,0B / 2.15MB,20
2026-07-31 00:21:00,nav2,6.39%,192.9MiB / 30.66GiB,0.61%,0B / 0B,1.67MB / 1.34MB,93
2026-07-31 00:21:03,trav_ros2,100.65%,370.9MiB / 30.66GiB,1.18%,0B / 0B,0B / 393kB,44
2026-07-31 00:21:03,foxglove,11.43%,451.2MiB / 30.66GiB,1.44%,0B / 0B,152kB / 3.3MB,31
2026-07-31 00:21:03,docker-recorder-run-dfb44aee8c91,0.00%,10.3MiB / 30.66GiB,0.03%,0B / 0B,0B / 9.45MB,1
2026-07-31 00:21:03,glim,71.19%,296.3MiB / 30.66GiB,0.94%,0B / 0B,0B / 11.6MB,35
2026-07-31 00:21:03,ouster,7.12%,120.7MiB / 30.66GiB,0.38%,0B / 0B,0B / 3.02MB,29
2026-07-31 00:21:03,domain_bridge,0.17%,57.38MiB / 30.66GiB,0.18%,0B / 0B,0B / 5.04MB,28
2026-07-31 00:21:03,realsense,17.17%,94.48MiB / 30.66GiB,0.30%,0B / 0B,0B / 3.31MB,33
2026-07-31 00:21:03,mapir-ffmpeg,28.65%,170.4MiB / 30.66GiB,0.54%,0B / 0B,0B / 1.44MB,33
2026-07-31 00:21:03,scovox,57.23%,319.4MiB / 30.66GiB,1.02%,0B / 0B,0B / 4.58MB,53
2026-07-31 00:21:03,openzen,3.18%,33.67MiB / 30.66GiB,0.11%,0B / 0B,0B / 2.15MB,20
2026-07-31 00:21:03,nav2,6.04%,193.1MiB / 30.66GiB,0.62%,0B / 0B,1.67MB / 1.34MB,93
2026-07-31 00:21:06,trav_ros2,101.26%,373.2MiB / 30.66GiB,1.19%,0B / 0B,0B / 393kB,44
2026-07-31 00:21:06,foxglove,11.85%,459.2MiB / 30.66GiB,1.46%,0B / 0B,152kB / 3.3MB,31
2026-07-31 00:21:06,docker-recorder-run-dfb44aee8c91,0.00%,10.3MiB / 30.66GiB,0.03%,0B / 0B,0B / 9.45MB,1
2026-07-31 00:21:06,glim,79.09%,295.7MiB / 30.66GiB,0.94%,0B / 0B,0B / 11.6MB,35
2026-07-31 00:21:06,ouster,7.26%,120.4MiB / 30.66GiB,0.38%,0B / 0B,0B / 3.02MB,29
2026-07-31 00:21:06,domain_bridge,0.39%,58.03MiB / 30.66GiB,0.18%,0B / 0B,0B / 5.04MB,28
2026-07-31 00:21:06,realsense,17.24%,94.48MiB / 30.66GiB,0.30%,0B / 0B,0B / 3.31MB,33
2026-07-31 00:21:06,mapir-ffmpeg,28.46%,169.6MiB / 30.66GiB,0.54%,0B / 0B,0B / 1.44MB,33
2026-07-31 00:21:06,scovox,75.15%,287.6MiB / 30.66GiB,0.92%,0B / 0B,0B / 4.58MB,53
2026-07-31 00:21:06,openzen,3.22%,33.67MiB / 30.66GiB,0.11%,0B / 0B,0B / 2.15MB,20
2026-07-31 00:21:06,nav2,6.29%,193.1MiB / 30.66GiB,0.61%,0B / 0B,1.67MB / 1.34MB,93
2026-07-31 00:21:09,trav_ros2,102.43%,366.6MiB / 30.66GiB,1.17%,0B / 0B,0B / 393kB,44
2026-07-31 00:21:09,foxglove,11.84%,450.8MiB / 30.66GiB,1.44%,0B / 0B,152kB / 3.3MB,31
2026-07-31 00:21:09,docker-recorder-run-dfb44aee8c91,0.00%,10.3MiB / 30.66GiB,0.03%,0B / 0B,0B / 9.45MB,1
2026-07-31 00:21:09,glim,78.20%,296.2MiB / 30.66GiB,0.94%,0B / 0B,0B / 11.6MB,35
2026-07-31 00:21:09,ouster,7.19%,120.1MiB / 30.66GiB,0.38%,0B / 0B,0B / 3.02MB,29
2026-07-31 00:21:09,domain_bridge,0.49%,57.91MiB / 30.66GiB,0.18%,0B / 0B,0B / 5.04MB,28
2026-07-31 00:21:09,realsense,17.00%,94.47MiB / 30.66GiB,0.30%,0B / 0B,0B / 3.31MB,33
2026-07-31 00:21:09,mapir-ffmpeg,29.04%,169.6MiB / 30.66GiB,0.54%,0B / 0B,0B / 1.44MB,33
2026-07-31 00:21:09,scovox,59.54%,327.6MiB / 30.66GiB,1.04%,0B / 0B,0B / 4.58MB,53
2026-07-31 00:21:09,openzen,3.05%,33.91MiB / 30.66GiB,0.11%,0B / 0B,0B / 2.15MB,20
2026-07-31 00:21:09,nav2,6.46%,194.6MiB / 30.66GiB,0.62%,0B / 0B,1.67MB / 1.34MB,93
2026-07-31 00:21:13,trav_ros2,101.75%,371.8MiB / 30.66GiB,1.18%,0B / 0B,0B / 393kB,44
2026-07-31 00:21:13,foxglove,11.68%,450.6MiB / 30.66GiB,1.44%,0B / 0B,152kB / 3.3MB,31
2026-07-31 00:21:13,docker-recorder-run-dfb44aee8c91,0.00%,10.3MiB / 30.66GiB,0.03%,0B / 0B,0B / 9.45MB,1
2026-07-31 00:21:13,glim,74.02%,296.2MiB / 30.66GiB,0.94%,0B / 0B,0B / 11.6MB,35
2026-07-31 00:21:13,ouster,7.31%,120.3MiB / 30.66GiB,0.38%,0B / 0B,0B / 3.02MB,29
2026-07-31 00:21:13,domain_bridge,0.21%,57.45MiB / 30.66GiB,0.18%,0B / 0B,0B / 5.04MB,28
2026-07-31 00:21:13,realsense,17.33%,94.23MiB / 30.66GiB,0.30%,0B / 0B,0B / 3.31MB,33
2026-07-31 00:21:13,mapir-ffmpeg,29.04%,169.9MiB / 30.66GiB,0.54%,0B / 0B,0B / 1.44MB,33
2026-07-31 00:21:13,scovox,73.92%,287.9MiB / 30.66GiB,0.92%,0B / 0B,0B / 4.58MB,53
2026-07-31 00:21:13,openzen,3.38%,33.67MiB / 30.66GiB,0.11%,0B / 0B,0B / 2.15MB,20
2026-07-31 00:21:13,nav2,6.55%,193.5MiB / 30.66GiB,0.62%,0B / 0B,1.67MB / 1.34MB,93
2026-07-31 00:21:16,trav_ros2,100.83%,372.5MiB / 30.66GiB,1.19%,0B / 0B,0B / 414kB,44
2026-07-31 00:21:16,foxglove,12.41%,459.4MiB / 30.66GiB,1.46%,0B / 0B,152kB / 3.3MB,31
2026-07-31 00:21:16,docker-recorder-run-dfb44aee8c91,0.00%,10.3MiB / 30.66GiB,0.03%,0B / 0B,0B / 9.45MB,1
2026-07-31 00:21:16,glim,75.60%,295.8MiB / 30.66GiB,0.94%,0B / 0B,0B / 11.6MB,35
2026-07-31 00:21:16,ouster,7.41%,120.6MiB / 30.66GiB,0.38%,0B / 0B,0B / 3.02MB,29
2026-07-31 00:21:16,domain_bridge,1.25%,57.84MiB / 30.66GiB,0.18%,0B / 0B,0B / 5.04MB,28
2026-07-31 00:21:16,realsense,17.21%,94.23MiB / 30.66GiB,0.30%,0B / 0B,0B / 3.31MB,33
2026-07-31 00:21:16,mapir-ffmpeg,28.86%,169.9MiB / 30.66GiB,0.54%,0B / 0B,0B / 1.44MB,33
2026-07-31 00:21:16,scovox,76.10%,287.8MiB / 30.66GiB,0.92%,0B / 0B,0B / 4.58MB,53
2026-07-31 00:21:16,openzen,3.22%,33.67MiB / 30.66GiB,0.11%,0B / 0B,0B / 2.15MB,20
2026-07-31 00:21:16,nav2,6.48%,193.5MiB / 30.66GiB,0.62%,0B / 0B,1.67MB / 1.34MB,93
2026-07-31 00:21:19,trav_ros2,100.87%,372MiB / 30.66GiB,1.18%,0B / 0B,0B / 414kB,44
2026-07-31 00:21:19,foxglove,11.88%,459.9MiB / 30.66GiB,1.46%,0B / 0B,152kB / 3.3MB,31
2026-07-31 00:21:19,docker-recorder-run-dfb44aee8c91,0.00%,10.3MiB / 30.66GiB,0.03%,0B / 0B,0B / 9.45MB,1
2026-07-31 00:21:19,glim,75.70%,296.3MiB / 30.66GiB,0.94%,0B / 0B,0B / 11.6MB,35
2026-07-31 00:21:19,ouster,7.49%,120.1MiB / 30.66GiB,0.38%,0B / 0B,0B / 3.02MB,29
2026-07-31 00:21:19,domain_bridge,0.22%,57.5MiB / 30.66GiB,0.18%,0B / 0B,0B / 5.04MB,28
2026-07-31 00:21:19,realsense,17.28%,94.73MiB / 30.66GiB,0.30%,0B / 0B,0B / 3.31MB,33
2026-07-31 00:21:19,mapir-ffmpeg,29.15%,169.9MiB / 30.66GiB,0.54%,0B / 0B,0B / 1.45MB,33
2026-07-31 00:21:19,scovox,60.06%,316.9MiB / 30.66GiB,1.01%,0B / 0B,0B / 4.6MB,53
2026-07-31 00:21:19,openzen,3.28%,33.67MiB / 30.66GiB,0.11%,0B / 0B,0B / 2.15MB,20
2026-07-31 00:21:19,nav2,6.23%,193.8MiB / 30.66GiB,0.62%,0B / 0B,1.67MB / 1.35MB,93
2026-07-31 00:21:22,trav_ros2,100.96%,371.6MiB / 30.66GiB,1.18%,0B / 0B,0B / 414kB,44
2026-07-31 00:21:22,foxglove,11.71%,451MiB / 30.66GiB,1.44%,0B / 0B,152kB / 3.3MB,31
2026-07-31 00:21:22,docker-recorder-run-dfb44aee8c91,0.00%,10.3MiB / 30.66GiB,0.03%,0B / 0B,0B / 9.45MB,1
2026-07-31 00:21:22,glim,76.11%,296.5MiB / 30.66GiB,0.94%,0B / 0B,0B / 11.6MB,35
2026-07-31 00:21:22,ouster,7.55%,120.2MiB / 30.66GiB,0.38%,0B / 0B,0B / 3.02MB,29
2026-07-31 00:21:22,domain_bridge,0.36%,57.51MiB / 30.66GiB,0.18%,0B / 0B,0B / 5.04MB,28
2026-07-31 00:21:22,realsense,17.13%,94.23MiB / 30.66GiB,0.30%,0B / 0B,0B / 3.31MB,33
2026-07-31 00:21:22,mapir-ffmpeg,28.81%,169.9MiB / 30.66GiB,0.54%,0B / 0B,0B / 1.45MB,33
2026-07-31 00:21:22,scovox,78.21%,288MiB / 30.66GiB,0.92%,0B / 0B,0B / 4.6MB,53
2026-07-31 00:21:22,openzen,3.52%,33.67MiB / 30.66GiB,0.11%,0B / 0B,0B / 2.15MB,20
2026-07-31 00:21:22,nav2,6.20%,193.4MiB / 30.66GiB,0.62%,0B / 0B,1.67MB / 1.35MB,93
2026-07-31 00:21:25,trav_ros2,101.12%,371.8MiB / 30.66GiB,1.18%,0B / 0B,0B / 414kB,44
2026-07-31 00:21:25,foxglove,11.58%,458.9MiB / 30.66GiB,1.46%,0B / 0B,152kB / 3.3MB,31
2026-07-31 00:21:25,docker-recorder-run-dfb44aee8c91,0.00%,10.3MiB / 30.66GiB,0.03%,0B / 0B,0B / 9.45MB,1
2026-07-31 00:21:25,glim,75.61%,298.7MiB / 30.66GiB,0.95%,0B / 0B,0B / 11.6MB,35
2026-07-31 00:21:25,ouster,7.90%,120.1MiB / 30.66GiB,0.38%,0B / 0B,0B / 3.02MB,29
2026-07-31 00:21:25,domain_bridge,0.48%,57.89MiB / 30.66GiB,0.18%,0B / 0B,0B / 5.04MB,28
2026-07-31 00:21:25,realsense,17.55%,94.23MiB / 30.66GiB,0.30%,0B / 0B,0B / 3.31MB,33
2026-07-31 00:21:25,mapir-ffmpeg,29.87%,169.9MiB / 30.66GiB,0.54%,0B / 0B,0B / 1.45MB,33
2026-07-31 00:21:25,scovox,58.18%,325.4MiB / 30.66GiB,1.04%,0B / 0B,0B / 4.6MB,53
2026-07-31 00:21:25,openzen,3.38%,33.91MiB / 30.66GiB,0.11%,0B / 0B,0B / 2.15MB,20
2026-07-31 00:21:25,nav2,6.72%,193.5MiB / 30.66GiB,0.62%,0B / 0B,1.67MB / 1.35MB,93
2026-07-31 00:21:29,trav_ros2,101.06%,371.8MiB / 30.66GiB,1.18%,0B / 0B,0B / 414kB,44
2026-07-31 00:21:29,foxglove,11.49%,451MiB / 30.66GiB,1.44%,0B / 0B,152kB / 3.3MB,31
2026-07-31 00:21:29,docker-recorder-run-dfb44aee8c91,0.00%,10.3MiB / 30.66GiB,0.03%,0B / 0B,0B / 9.45MB,1
2026-07-31 00:21:29,glim,77.38%,298.3MiB / 30.66GiB,0.95%,0B / 0B,0B / 11.6MB,35
2026-07-31 00:21:29,ouster,7.47%,120.7MiB / 30.66GiB,0.38%,0B / 0B,0B / 3.02MB,29
2026-07-31 00:21:29,domain_bridge,0.24%,57.55MiB / 30.66GiB,0.18%,0B / 0B,0B / 5.04MB,28
2026-07-31 00:21:29,realsense,17.15%,94.23MiB / 30.66GiB,0.30%,0B / 0B,0B / 3.31MB,33
2026-07-31 00:21:29,mapir-ffmpeg,29.15%,169.9MiB / 30.66GiB,0.54%,0B / 0B,0B / 1.45MB,33
2026-07-31 00:21:29,scovox,65.22%,289.6MiB / 30.66GiB,0.92%,0B / 0B,0B / 4.69MB,53
2026-07-31 00:21:29,openzen,2.90%,33.67MiB / 30.66GiB,0.11%,0B / 0B,0B / 2.15MB,20
2026-07-31 00:21:29,nav2,5.73%,194.3MiB / 30.66GiB,0.62%,0B / 0B,1.67MB / 1.35MB,93
2026-07-31 00:21:32,trav_ros2,101.16%,373MiB / 30.66GiB,1.19%,0B / 0B,0B / 414kB,44
2026-07-31 00:21:32,foxglove,11.94%,450.5MiB / 30.66GiB,1.43%,0B / 0B,152kB / 3.3MB,31
2026-07-31 00:21:32,docker-recorder-run-dfb44aee8c91,0.00%,10.3MiB / 30.66GiB,0.03%,0B / 0B,0B / 9.45MB,1
2026-07-31 00:21:32,glim,75.40%,299.3MiB / 30.66GiB,0.95%,0B / 0B,0B / 11.6MB,35
2026-07-31 00:21:32,ouster,7.18%,120.1MiB / 30.66GiB,0.38%,0B / 0B,0B / 3.02MB,29
2026-07-31 00:21:32,domain_bridge,1.29%,57.95MiB / 30.66GiB,0.18%,0B / 0B,0B / 5.04MB,28
2026-07-31 00:21:32,realsense,16.98%,94.47MiB / 30.66GiB,0.30%,0B / 0B,0B / 3.31MB,33
2026-07-31 00:21:32,mapir-ffmpeg,28.79%,169.9MiB / 30.66GiB,0.54%,0B / 0B,0B / 1.45MB,33
2026-07-31 00:21:32,scovox,74.95%,252MiB / 30.66GiB,0.80%,0B / 0B,0B / 4.69MB,53
2026-07-31 00:21:32,openzen,3.04%,33.68MiB / 30.66GiB,0.11%,0B / 0B,0B / 2.15MB,20
2026-07-31 00:21:32,nav2,6.31%,193.7MiB / 30.66GiB,0.62%,0B / 0B,1.67MB / 1.35MB,93
2026-07-31 00:21:35,trav_ros2,102.26%,372.2MiB / 30.66GiB,1.19%,0B / 0B,0B / 414kB,44
2026-07-31 00:21:35,foxglove,12.11%,458.8MiB / 30.66GiB,1.46%,0B / 0B,152kB / 3.3MB,31
2026-07-31 00:21:35,docker-recorder-run-dfb44aee8c91,0.00%,10.3MiB / 30.66GiB,0.03%,0B / 0B,0B / 9.45MB,1
2026-07-31 00:21:35,glim,73.21%,306.2MiB / 30.66GiB,0.98%,0B / 0B,0B / 11.6MB,35
2026-07-31 00:21:35,ouster,8.00%,120.1MiB / 30.66GiB,0.38%,0B / 0B,0B / 3.02MB,29
2026-07-31 00:21:35,domain_bridge,0.38%,57.46MiB / 30.66GiB,0.18%,0B / 0B,0B / 5.04MB,28
2026-07-31 00:21:35,realsense,17.46%,94.23MiB / 30.66GiB,0.30%,0B / 0B,0B / 3.31MB,33
2026-07-31 00:21:35,mapir-ffmpeg,29.56%,170.1MiB / 30.66GiB,0.54%,0B / 0B,0B / 1.45MB,33
2026-07-31 00:21:35,scovox,62.62%,278.2MiB / 30.66GiB,0.89%,0B / 0B,0B / 4.69MB,53
2026-07-31 00:21:35,openzen,3.29%,33.67MiB / 30.66GiB,0.11%,0B / 0B,0B / 2.15MB,20
2026-07-31 00:21:35,nav2,6.25%,193.9MiB / 30.66GiB,0.62%,0B / 0B,1.67MB / 1.35MB,93
2026-07-31 00:21:38,trav_ros2,101.61%,372.3MiB / 30.66GiB,1.19%,0B / 0B,0B / 414kB,44
2026-07-31 00:21:38,foxglove,10.76%,450.9MiB / 30.66GiB,1.44%,0B / 0B,152kB / 3.3MB,31
2026-07-31 00:21:38,docker-recorder-run-dfb44aee8c91,0.00%,10.3MiB / 30.66GiB,0.03%,0B / 0B,0B / 9.45MB,1
2026-07-31 00:21:38,glim,76.87%,305.5MiB / 30.66GiB,0.97%,0B / 0B,0B / 11.6MB,35
2026-07-31 00:21:38,ouster,7.45%,120.1MiB / 30.66GiB,0.38%,0B / 0B,0B / 3.02MB,29
2026-07-31 00:21:38,domain_bridge,0.23%,57.57MiB / 30.66GiB,0.18%,0B / 0B,0B / 5.04MB,28
2026-07-31 00:21:38,realsense,17.11%,94.23MiB / 30.66GiB,0.30%,0B / 0B,0B / 3.31MB,33
2026-07-31 00:21:38,mapir-ffmpeg,29.56%,169.9MiB / 30.66GiB,0.54%,0B / 0B,0B / 1.45MB,33
2026-07-31 00:21:38,scovox,81.41%,267.2MiB / 30.66GiB,0.85%,0B / 0B,0B / 4.69MB,53
2026-07-31 00:21:38,openzen,3.18%,33.67MiB / 30.66GiB,0.11%,0B / 0B,0B / 2.15MB,20
2026-07-31 00:21:38,nav2,5.78%,193.8MiB / 30.66GiB,0.62%,0B / 0B,1.67MB / 1.35MB,93
2026-07-31 00:21:41,trav_ros2,99.54%,373.4MiB / 30.66GiB,1.19%,0B / 0B,0B / 414kB,44
2026-07-31 00:21:41,foxglove,11.27%,459MiB / 30.66GiB,1.46%,0B / 0B,152kB / 3.3MB,31
2026-07-31 00:21:41,docker-recorder-run-dfb44aee8c91,0.00%,10.3MiB / 30.66GiB,0.03%,0B / 0B,0B / 9.45MB,1
2026-07-31 00:21:41,glim,71.87%,306MiB / 30.66GiB,0.97%,0B / 0B,0B / 11.6MB,35
2026-07-31 00:21:41,ouster,7.39%,120.3MiB / 30.66GiB,0.38%,0B / 0B,0B / 3.02MB,29
2026-07-31 00:21:41,domain_bridge,0.48%,57.62MiB / 30.66GiB,0.18%,0B / 0B,0B / 5.04MB,28
2026-07-31 00:21:41,realsense,16.44%,94.23MiB / 30.66GiB,0.30%,0B / 0B,0B / 3.31MB,33
2026-07-31 00:21:41,mapir-ffmpeg,28.83%,169.9MiB / 30.66GiB,0.54%,0B / 0B,0B / 1.45MB,33
2026-07-31 00:21:41,scovox,56.38%,283.8MiB / 30.66GiB,0.90%,0B / 0B,0B / 4.69MB,53
2026-07-31 00:21:41,openzen,3.25%,34.4MiB / 30.66GiB,0.11%,0B / 0B,0B / 2.15MB,20
2026-07-31 00:21:41,nav2,6.60%,195.9MiB / 30.66GiB,0.62%,0B / 0B,1.67MB / 1.35MB,93
2026-07-31 00:21:44,trav_ros2,100.47%,366MiB / 30.66GiB,1.17%,0B / 0B,0B / 414kB,44
2026-07-31 00:21:44,foxglove,12.07%,459.1MiB / 30.66GiB,1.46%,0B / 0B,152kB / 3.3MB,31
2026-07-31 00:21:44,docker-recorder-run-dfb44aee8c91,0.00%,10.3MiB / 30.66GiB,0.03%,0B / 0B,0B / 9.45MB,1
2026-07-31 00:21:44,glim,76.61%,305.9MiB / 30.66GiB,0.97%,0B / 0B,0B / 11.6MB,35
2026-07-31 00:21:44,ouster,7.72%,120.2MiB / 30.66GiB,0.38%,0B / 0B,0B / 3.02MB,29
2026-07-31 00:21:44,domain_bridge,0.32%,57.17MiB / 30.66GiB,0.18%,0B / 0B,0B / 5.04MB,28
2026-07-31 00:21:44,realsense,17.13%,94.23MiB / 30.66GiB,0.30%,0B / 0B,0B / 3.31MB,33
2026-07-31 00:21:44,mapir-ffmpeg,28.50%,169.9MiB / 30.66GiB,0.54%,0B / 0B,0B / 1.45MB,33
2026-07-31 00:21:44,scovox,75.10%,286.9MiB / 30.66GiB,0.91%,0B / 0B,0B / 4.69MB,53
2026-07-31 00:21:44,openzen,3.16%,33.67MiB / 30.66GiB,0.11%,0B / 0B,0B / 2.15MB,20
2026-07-31 00:21:44,nav2,6.51%,194.3MiB / 30.66GiB,0.62%,0B / 0B,1.67MB / 1.35MB,93
2026-07-31 00:21:48,trav_ros2,101.47%,373.1MiB / 30.66GiB,1.19%,0B / 0B,0B / 434kB,44
2026-07-31 00:21:48,foxglove,10.97%,450.7MiB / 30.66GiB,1.44%,0B / 0B,152kB / 3.3MB,31
2026-07-31 00:21:48,docker-recorder-run-dfb44aee8c91,0.00%,10.3MiB / 30.66GiB,0.03%,0B / 0B,0B / 9.45MB,1
2026-07-31 00:21:48,glim,71.65%,306.1MiB / 30.66GiB,0.97%,0B / 0B,0B / 11.6MB,35
2026-07-31 00:21:48,ouster,8.13%,120.2MiB / 30.66GiB,0.38%,0B / 0B,0B / 3.02MB,29
2026-07-31 00:21:48,domain_bridge,1.36%,58.48MiB / 30.66GiB,0.19%,0B / 0B,0B / 5.04MB,28
2026-07-31 00:21:48,realsense,16.82%,94.23MiB / 30.66GiB,0.30%,0B / 0B,0B / 3.31MB,33
2026-07-31 00:21:48,mapir-ffmpeg,29.67%,169.9MiB / 30.66GiB,0.54%,0B / 0B,0B / 1.45MB,33
2026-07-31 00:21:48,scovox,69.91%,252.4MiB / 30.66GiB,0.80%,0B / 0B,0B / 4.69MB,53
2026-07-31 00:21:48,openzen,3.31%,33.67MiB / 30.66GiB,0.11%,0B / 0B,0B / 2.15MB,20
2026-07-31 00:21:48,nav2,5.99%,194.1MiB / 30.66GiB,0.62%,0B / 0B,1.67MB / 1.35MB,93
2026-07-31 00:21:51,trav_ros2,102.38%,375.6MiB / 30.66GiB,1.20%,0B / 0B,0B / 434kB,44
2026-07-31 00:21:51,foxglove,12.11%,458.9MiB / 30.66GiB,1.46%,0B / 0B,152kB / 3.3MB,31
2026-07-31 00:21:51,docker-recorder-run-dfb44aee8c91,0.00%,10.3MiB / 30.66GiB,0.03%,0B / 0B,0B / 9.45MB,1
2026-07-31 00:21:51,glim,73.28%,305.7MiB / 30.66GiB,0.97%,0B / 0B,0B / 11.6MB,35
2026-07-31 00:21:51,ouster,7.49%,120.1MiB / 30.66GiB,0.38%,0B / 0B,0B / 3.02MB,29
2026-07-31 00:21:51,domain_bridge,0.45%,57.68MiB / 30.66GiB,0.18%,0B / 0B,0B / 5.04MB,28
2026-07-31 00:21:51,realsense,16.90%,94.23MiB / 30.66GiB,0.30%,0B / 0B,0B / 3.31MB,33
2026-07-31 00:21:51,mapir-ffmpeg,29.01%,170.1MiB / 30.66GiB,0.54%,0B / 0B,0B / 1.45MB,33
2026-07-31 00:21:51,scovox,56.09%,268.1MiB / 30.66GiB,0.85%,0B / 0B,0B / 4.69MB,53
2026-07-31 00:21:51,openzen,3.06%,33.67MiB / 30.66GiB,0.11%,0B / 0B,0B / 2.15MB,20
2026-07-31 00:21:51,nav2,6.18%,194.7MiB / 30.66GiB,0.62%,0B / 0B,1.67MB / 1.35MB,93
2026-07-31 00:21:54,trav_ros2,100.74%,372.2MiB / 30.66GiB,1.19%,0B / 0B,0B / 434kB,44
2026-07-31 00:21:54,foxglove,11.58%,459.3MiB / 30.66GiB,1.46%,0B / 0B,152kB / 3.3MB,31
2026-07-31 00:21:54,docker-recorder-run-dfb44aee8c91,0.00%,10.3MiB / 30.66GiB,0.03%,0B / 0B,0B / 9.45MB,1
2026-07-31 00:21:54,glim,76.94%,306.3MiB / 30.66GiB,0.98%,0B / 0B,0B / 11.6MB,35
2026-07-31 00:21:54,ouster,7.38%,120.2MiB / 30.66GiB,0.38%,0B / 0B,0B / 3.02MB,29
2026-07-31 00:21:54,domain_bridge,0.13%,57.48MiB / 30.66GiB,0.18%,0B / 0B,0B / 5.04MB,28
2026-07-31 00:21:54,realsense,16.64%,94.48MiB / 30.66GiB,0.30%,0B / 0B,0B / 3.31MB,33
2026-07-31 00:21:54,mapir-ffmpeg,28.53%,170.1MiB / 30.66GiB,0.54%,0B / 0B,0B / 1.46MB,33
2026-07-31 00:21:54,scovox,79.27%,265.4MiB / 30.66GiB,0.85%,0B / 0B,0B / 4.69MB,53
2026-07-31 00:21:54,openzen,3.15%,33.67MiB / 30.66GiB,0.11%,0B / 0B,0B / 2.15MB,20
2026-07-31 00:21:54,nav2,6.00%,194.5MiB / 30.66GiB,0.62%,0B / 0B,1.67MB / 1.37MB,93
2026-07-31 00:21:57,trav_ros2,100.92%,417.9MiB / 30.66GiB,1.33%,0B / 0B,0B / 434kB,44
2026-07-31 00:21:57,foxglove,13.25%,459.5MiB / 30.66GiB,1.46%,0B / 0B,152kB / 3.3MB,31
2026-07-31 00:21:57,docker-recorder-run-dfb44aee8c91,0.00%,10.3MiB / 30.66GiB,0.03%,0B / 0B,0B / 9.45MB,1
2026-07-31 00:21:57,glim,71.57%,306.3MiB / 30.66GiB,0.98%,0B / 0B,0B / 11.6MB,35
2026-07-31 00:21:57,ouster,7.33%,120.3MiB / 30.66GiB,0.38%,0B / 0B,0B / 3.02MB,29
2026-07-31 00:21:57,domain_bridge,0.43%,57.82MiB / 30.66GiB,0.18%,0B / 0B,0B / 5.04MB,28
2026-07-31 00:21:57,realsense,16.83%,94.48MiB / 30.66GiB,0.30%,0B / 0B,0B / 3.31MB,33
2026-07-31 00:21:57,mapir-ffmpeg,28.23%,169.6MiB / 30.66GiB,0.54%,0B / 0B,0B / 1.46MB,33
2026-07-31 00:21:57,scovox,52.04%,277.9MiB / 30.66GiB,0.89%,0B / 0B,0B / 4.7MB,53
2026-07-31 00:21:57,openzen,3.11%,33.67MiB / 30.66GiB,0.11%,0B / 0B,0B / 2.15MB,20
2026-07-31 00:21:57,nav2,7.14%,195MiB / 30.66GiB,0.62%,0B / 0B,1.67MB / 1.37MB,93
2026-07-31 00:22:00,trav_ros2,100.74%,372MiB / 30.66GiB,1.18%,0B / 0B,0B / 434kB,44
2026-07-31 00:22:00,foxglove,10.91%,450.7MiB / 30.66GiB,1.44%,0B / 0B,152kB / 3.3MB,31
2026-07-31 00:22:00,docker-recorder-run-dfb44aee8c91,0.00%,10.3MiB / 30.66GiB,0.03%,0B / 0B,0B / 9.45MB,1
2026-07-31 00:22:00,glim,74.18%,310.3MiB / 30.66GiB,0.99%,0B / 0B,0B / 11.6MB,35
2026-07-31 00:22:00,ouster,8.12%,120.5MiB / 30.66GiB,0.38%,0B / 0B,0B / 3.02MB,29
2026-07-31 00:22:00,domain_bridge,0.38%,58.03MiB / 30.66GiB,0.18%,0B / 0B,0B / 5.04MB,28
2026-07-31 00:22:00,realsense,16.73%,94.23MiB / 30.66GiB,0.30%,0B / 0B,0B / 3.31MB,33
2026-07-31 00:22:00,mapir-ffmpeg,28.70%,169.6MiB / 30.66GiB,0.54%,0B / 0B,0B / 1.46MB,33
2026-07-31 00:22:00,scovox,77.46%,282.6MiB / 30.66GiB,0.90%,0B / 0B,0B / 4.78MB,53
2026-07-31 00:22:00,openzen,3.60%,33.67MiB / 30.66GiB,0.11%,0B / 0B,0B / 2.15MB,20
2026-07-31 00:22:00,nav2,5.96%,194.6MiB / 30.66GiB,0.62%,0B / 0B,1.67MB / 1.37MB,93
2026-07-31 00:22:03,trav_ros2,101.55%,366.1MiB / 30.66GiB,1.17%,0B / 0B,0B / 434kB,44
2026-07-31 00:22:03,foxglove,11.58%,451.5MiB / 30.66GiB,1.44%,0B / 0B,152kB / 3.3MB,31
2026-07-31 00:22:03,docker-recorder-run-dfb44aee8c91,0.00%,10.3MiB / 30.66GiB,0.03%,0B / 0B,0B / 9.45MB,1
2026-07-31 00:22:03,glim,69.48%,310MiB / 30.66GiB,0.99%,0B / 0B,0B / 11.6MB,35
2026-07-31 00:22:03,ouster,7.63%,120MiB / 30.66GiB,0.38%,0B / 0B,0B / 3.02MB,29
2026-07-31 00:22:03,domain_bridge,1.06%,59.12MiB / 30.66GiB,0.19%,0B / 0B,0B / 5.04MB,28
2026-07-31 00:22:03,realsense,17.26%,94.23MiB / 30.66GiB,0.30%,0B / 0B,0B / 3.31MB,33
2026-07-31 00:22:03,mapir-ffmpeg,28.96%,169.6MiB / 30.66GiB,0.54%,0B / 0B,0B / 1.46MB,33
2026-07-31 00:22:03,scovox,64.79%,285MiB / 30.66GiB,0.91%,0B / 0B,0B / 4.78MB,53
2026-07-31 00:22:03,openzen,3.31%,33.67MiB / 30.66GiB,0.11%,0B / 0B,0B / 2.15MB,20
2026-07-31 00:22:03,nav2,5.90%,194.6MiB / 30.66GiB,0.62%,0B / 0B,1.67MB / 1.37MB,93
2026-07-31 00:22:07,trav_ros2,100.35%,372MiB / 30.66GiB,1.18%,0B / 0B,0B / 434kB,44
2026-07-31 00:22:07,foxglove,12.58%,460.9MiB / 30.66GiB,1.47%,0B / 0B,152kB / 3.3MB,31
2026-07-31 00:22:07,docker-recorder-run-dfb44aee8c91,0.00%,10.3MiB / 30.66GiB,0.03%,0B / 0B,0B / 9.45MB,1
2026-07-31 00:22:07,glim,73.65%,310.7MiB / 30.66GiB,0.99%,0B / 0B,0B / 11.6MB,35
2026-07-31 00:22:07,ouster,7.88%,120.2MiB / 30.66GiB,0.38%,0B / 0B,0B / 3.02MB,29
2026-07-31 00:22:07,domain_bridge,0.78%,58.02MiB / 30.66GiB,0.18%,0B / 0B,0B / 5.04MB,28
2026-07-31 00:22:07,realsense,17.05%,94.23MiB / 30.66GiB,0.30%,0B / 0B,0B / 3.31MB,33
2026-07-31 00:22:07,mapir-ffmpeg,28.77%,169.9MiB / 30.66GiB,0.54%,0B / 0B,0B / 1.46MB,33
2026-07-31 00:22:07,scovox,64.62%,293.8MiB / 30.66GiB,0.94%,0B / 0B,0B / 4.78MB,53
2026-07-31 00:22:07,openzen,3.59%,34.16MiB / 30.66GiB,0.11%,0B / 0B,0B / 2.15MB,20
2026-07-31 00:22:07,nav2,6.55%,194.7MiB / 30.66GiB,0.62%,0B / 0B,1.67MB / 1.37MB,93
2026-07-31 00:22:10,trav_ros2,99.80%,372.8MiB / 30.66GiB,1.19%,0B / 0B,0B / 434kB,44
2026-07-31 00:22:10,foxglove,12.14%,459.4MiB / 30.66GiB,1.46%,0B / 0B,152kB / 3.3MB,31
2026-07-31 00:22:10,docker-recorder-run-dfb44aee8c91,0.00%,10.3MiB / 30.66GiB,0.03%,0B / 0B,0B / 9.45MB,1
2026-07-31 00:22:10,glim,72.25%,309.7MiB / 30.66GiB,0.99%,0B / 0B,0B / 11.6MB,35
2026-07-31 00:22:10,ouster,7.47%,120.2MiB / 30.66GiB,0.38%,0B / 0B,0B / 3.02MB,29
2026-07-31 00:22:10,domain_bridge,0.25%,58.36MiB / 30.66GiB,0.19%,0B / 0B,0B / 5.04MB,28
2026-07-31 00:22:10,realsense,16.79%,94.47MiB / 30.66GiB,0.30%,0B / 0B,0B / 3.31MB,33
2026-07-31 00:22:10,mapir-ffmpeg,28.70%,169.9MiB / 30.66GiB,0.54%,0B / 0B,0B / 1.46MB,33
2026-07-31 00:22:10,scovox,82.30%,265.7MiB / 30.66GiB,0.85%,0B / 0B,0B / 4.78MB,53
2026-07-31 00:22:10,openzen,3.48%,33.67MiB / 30.66GiB,0.11%,0B / 0B,0B / 2.15MB,20
2026-07-31 00:22:10,nav2,5.85%,194.7MiB / 30.66GiB,0.62%,0B / 0B,1.67MB / 1.37MB,93
2026-07-31 00:22:13,trav_ros2,101.58%,371.7MiB / 30.66GiB,1.18%,0B / 0B,0B / 434kB,44
2026-07-31 00:22:13,foxglove,11.65%,450.7MiB / 30.66GiB,1.44%,0B / 0B,152kB / 3.3MB,31
2026-07-31 00:22:13,docker-recorder-run-dfb44aee8c91,0.00%,10.3MiB / 30.66GiB,0.03%,0B / 0B,0B / 9.45MB,1
2026-07-31 00:22:13,glim,79.58%,310.6MiB / 30.66GiB,0.99%,0B / 0B,0B / 11.6MB,35
2026-07-31 00:22:13,ouster,8.06%,120MiB / 30.66GiB,0.38%,0B / 0B,0B / 3.02MB,29
2026-07-31 00:22:13,domain_bridge,0.30%,57.49MiB / 30.66GiB,0.18%,0B / 0B,0B / 5.04MB,28
2026-07-31 00:22:13,realsense,17.49%,94.23MiB / 30.66GiB,0.30%,0B / 0B,0B / 3.31MB,33
2026-07-31 00:22:13,mapir-ffmpeg,30.14%,170.4MiB / 30.66GiB,0.54%,0B / 0B,0B / 1.46MB,33
2026-07-31 00:22:13,scovox,58.45%,286.5MiB / 30.66GiB,0.91%,0B / 0B,0B / 4.78MB,53
2026-07-31 00:22:13,openzen,3.33%,33.91MiB / 30.66GiB,0.11%,0B / 0B,0B / 2.15MB,20
2026-07-31 00:22:13,nav2,6.62%,195MiB / 30.66GiB,0.62%,0B / 0B,1.67MB / 1.37MB,93
2026-07-31 00:22:16,trav_ros2,101.93%,366.6MiB / 30.66GiB,1.17%,0B / 0B,0B / 455kB,44
2026-07-31 00:22:16,foxglove,12.65%,459MiB / 30.66GiB,1.46%,0B / 0B,152kB / 3.3MB,31
2026-07-31 00:22:16,docker-recorder-run-dfb44aee8c91,0.00%,10.3MiB / 30.66GiB,0.03%,0B / 0B,0B / 9.45MB,1
2026-07-31 00:22:16,glim,70.78%,310.3MiB / 30.66GiB,0.99%,0B / 0B,0B / 11.6MB,35
2026-07-31 00:22:16,ouster,7.95%,119.9MiB / 30.66GiB,0.38%,0B / 0B,0B / 3.02MB,29
2026-07-31 00:22:16,domain_bridge,0.46%,57.72MiB / 30.66GiB,0.18%,0B / 0B,0B / 5.04MB,28
2026-07-31 00:22:16,realsense,17.19%,94.48MiB / 30.66GiB,0.30%,0B / 0B,0B / 3.31MB,33
2026-07-31 00:22:16,mapir-ffmpeg,29.69%,169.9MiB / 30.66GiB,0.54%,0B / 0B,0B / 1.46MB,33
2026-07-31 00:22:16,scovox,84.15%,288.4MiB / 30.66GiB,0.92%,0B / 0B,0B / 4.78MB,53
2026-07-31 00:22:16,openzen,3.46%,33.67MiB / 30.66GiB,0.11%,0B / 0B,0B / 2.15MB,20
2026-07-31 00:22:16,nav2,6.16%,195.2MiB / 30.66GiB,0.62%,0B / 0B,1.67MB / 1.37MB,93
2026-07-31 00:22:19,trav_ros2,102.39%,384.3MiB / 30.66GiB,1.22%,0B / 0B,0B / 455kB,44
2026-07-31 00:22:19,foxglove,12.19%,458.7MiB / 30.66GiB,1.46%,0B / 0B,152kB / 3.3MB,31
2026-07-31 00:22:19,docker-recorder-run-dfb44aee8c91,0.00%,10.3MiB / 30.66GiB,0.03%,0B / 0B,0B / 9.45MB,1
2026-07-31 00:22:19,glim,76.01%,309.9MiB / 30.66GiB,0.99%,0B / 0B,0B / 11.6MB,35
2026-07-31 00:22:19,ouster,7.88%,120.1MiB / 30.66GiB,0.38%,0B / 0B,0B / 3.02MB,29
2026-07-31 00:22:19,domain_bridge,1.06%,59.22MiB / 30.66GiB,0.19%,0B / 0B,0B / 5.04MB,28
2026-07-31 00:22:19,realsense,18.27%,94.23MiB / 30.66GiB,0.30%,0B / 0B,0B / 3.31MB,33
2026-07-31 00:22:19,mapir-ffmpeg,29.51%,169.9MiB / 30.66GiB,0.54%,0B / 0B,0B / 1.46MB,33
2026-07-31 00:22:19,scovox,62.47%,296.4MiB / 30.66GiB,0.94%,0B / 0B,0B / 4.78MB,53
2026-07-31 00:22:19,openzen,3.49%,33.67MiB / 30.66GiB,0.11%,0B / 0B,0B / 2.15MB,20
2026-07-31 00:22:19,nav2,6.63%,195MiB / 30.66GiB,0.62%,0B / 0B,1.67MB / 1.37MB,93
2026-07-31 00:22:23,trav_ros2,101.41%,372.8MiB / 30.66GiB,1.19%,0B / 0B,0B / 455kB,44
2026-07-31 00:22:23,foxglove,12.12%,459MiB / 30.66GiB,1.46%,0B / 0B,152kB / 3.3MB,31
2026-07-31 00:22:23,docker-recorder-run-dfb44aee8c91,0.00%,10.3MiB / 30.66GiB,0.03%,0B / 0B,0B / 9.45MB,1
2026-07-31 00:22:23,glim,74.78%,311.1MiB / 30.66GiB,0.99%,0B / 0B,0B / 11.6MB,35
2026-07-31 00:22:23,ouster,7.63%,120.3MiB / 30.66GiB,0.38%,0B / 0B,0B / 3.02MB,29
2026-07-31 00:22:23,domain_bridge,0.47%,57.99MiB / 30.66GiB,0.18%,0B / 0B,0B / 5.04MB,28
2026-07-31 00:22:23,realsense,16.76%,94.23MiB / 30.66GiB,0.30%,0B / 0B,0B / 3.31MB,33
2026-07-31 00:22:23,mapir-ffmpeg,28.98%,169.9MiB / 30.66GiB,0.54%,0B / 0B,0B / 1.46MB,33
2026-07-31 00:22:23,scovox,75.99%,294.5MiB / 30.66GiB,0.94%,0B / 0B,0B / 4.78MB,53
2026-07-31 00:22:23,openzen,3.30%,33.91MiB / 30.66GiB,0.11%,0B / 0B,0B / 2.15MB,20
2026-07-31 00:22:23,nav2,6.72%,196.2MiB / 30.66GiB,0.62%,0B / 0B,1.67MB / 1.37MB,93
2026-07-31 00:22:26,trav_ros2,101.50%,372.7MiB / 30.66GiB,1.19%,0B / 0B,0B / 455kB,44
2026-07-31 00:22:26,foxglove,10.84%,450.8MiB / 30.66GiB,1.44%,0B / 0B,152kB / 3.3MB,31
2026-07-31 00:22:26,docker-recorder-run-dfb44aee8c91,0.00%,10.3MiB / 30.66GiB,0.03%,0B / 0B,0B / 9.45MB,1
2026-07-31 00:22:26,glim,72.33%,310.3MiB / 30.66GiB,0.99%,0B / 0B,0B / 11.6MB,35
2026-07-31 00:22:26,ouster,7.54%,120.1MiB / 30.66GiB,0.38%,0B / 0B,0B / 3.02MB,29
2026-07-31 00:22:26,domain_bridge,0.18%,58.13MiB / 30.66GiB,0.19%,0B / 0B,0B / 5.04MB,28
2026-07-31 00:22:26,realsense,16.45%,94.23MiB / 30.66GiB,0.30%,0B / 0B,0B / 3.31MB,33
2026-07-31 00:22:26,mapir-ffmpeg,28.80%,169.9MiB / 30.66GiB,0.54%,0B / 0B,0B / 1.46MB,33
2026-07-31 00:22:26,scovox,79.23%,257.5MiB / 30.66GiB,0.82%,0B / 0B,0B / 4.8MB,53
2026-07-31 00:22:26,openzen,3.14%,33.67MiB / 30.66GiB,0.11%,0B / 0B,0B / 2.15MB,20
2026-07-31 00:22:26,nav2,5.84%,195.2MiB / 30.66GiB,0.62%,0B / 0B,1.67MB / 1.37MB,93
2026-07-31 00:22:29,trav_ros2,101.92%,372.9MiB / 30.66GiB,1.19%,0B / 0B,0B / 455kB,44
2026-07-31 00:22:29,foxglove,13.45%,459.3MiB / 30.66GiB,1.46%,0B / 0B,152kB / 3.3MB,31
2026-07-31 00:22:29,docker-recorder-run-dfb44aee8c91,0.00%,10.3MiB / 30.66GiB,0.03%,0B / 0B,0B / 9.45MB,1
2026-07-31 00:22:29,glim,74.40%,310MiB / 30.66GiB,0.99%,0B / 0B,0B / 11.6MB,35
2026-07-31 00:22:29,ouster,7.75%,120.2MiB / 30.66GiB,0.38%,0B / 0B,0B / 3.02MB,29
2026-07-31 00:22:29,domain_bridge,0.18%,57.75MiB / 30.66GiB,0.18%,0B / 0B,0B / 5.04MB,28
2026-07-31 00:22:29,realsense,17.61%,94.23MiB / 30.66GiB,0.30%,0B / 0B,0B / 3.31MB,33
2026-07-31 00:22:29,mapir-ffmpeg,29.58%,169.9MiB / 30.66GiB,0.54%,0B / 0B,0B / 1.47MB,33
2026-07-31 00:22:29,scovox,68.28%,284.2MiB / 30.66GiB,0.91%,0B / 0B,0B / 4.8MB,53
2026-07-31 00:22:29,openzen,3.20%,33.67MiB / 30.66GiB,0.11%,0B / 0B,0B / 2.15MB,20
2026-07-31 00:22:29,nav2,6.10%,195.3MiB / 30.66GiB,0.62%,0B / 0B,1.67MB / 1.39MB,93
2026-07-31 00:22:32,trav_ros2,101.11%,372.4MiB / 30.66GiB,1.19%,0B / 0B,0B / 455kB,44
2026-07-31 00:22:32,foxglove,11.91%,451.2MiB / 30.66GiB,1.44%,0B / 0B,152kB / 3.3MB,31
2026-07-31 00:22:32,docker-recorder-run-dfb44aee8c91,51.45%,24.51MiB / 30.66GiB,0.08%,0B / 0B,0B / 9.45MB,4
2026-07-31 00:22:32,glim,75.96%,310.3MiB / 30.66GiB,0.99%,0B / 0B,0B / 11.6MB,35
2026-07-31 00:22:32,ouster,7.78%,120.2MiB / 30.66GiB,0.38%,0B / 0B,0B / 3.02MB,29
2026-07-31 00:22:32,domain_bridge,0.62%,58.12MiB / 30.66GiB,0.19%,0B / 0B,0B / 5.04MB,28
2026-07-31 00:22:32,realsense,17.17%,94.23MiB / 30.66GiB,0.30%,0B / 0B,0B / 3.31MB,33
2026-07-31 00:22:32,mapir-ffmpeg,29.15%,169.9MiB / 30.66GiB,0.54%,0B / 0B,0B / 1.47MB,33
2026-07-31 00:22:32,scovox,96.01%,284.4MiB / 30.66GiB,0.91%,0B / 0B,0B / 4.88MB,53
2026-07-31 00:22:32,openzen,3.32%,33.67MiB / 30.66GiB,0.11%,0B / 0B,0B / 2.15MB,20
2026-07-31 00:22:32,nav2,6.78%,195.6MiB / 30.66GiB,0.62%,0B / 0B,1.67MB / 1.39MB,93
2026-07-31 00:22:35,trav_ros2,100.95%,376.1MiB / 30.66GiB,1.20%,0B / 0B,0B / 475kB,44
2026-07-31 00:22:35,foxglove,12.09%,459.1MiB / 30.66GiB,1.46%,0B / 0B,152kB / 3.3MB,31
2026-07-31 00:22:35,glim,71.96%,310.5MiB / 30.66GiB,0.99%,0B / 0B,0B / 11.6MB,35
2026-07-31 00:22:35,ouster,7.68%,120.2MiB / 30.66GiB,0.38%,0B / 0B,0B / 3.02MB,29
2026-07-31 00:22:35,domain_bridge,1.12%,59.09MiB / 30.66GiB,0.19%,0B / 0B,0B / 5.04MB,28
2026-07-31 00:22:35,scovox,58.99%,295.4MiB / 30.66GiB,0.94%,0B / 0B,0B / 4.92MB,53
2026-07-31 00:22:35,openzen,3.53%,33.68MiB / 30.66GiB,0.11%,0B / 0B,0B / 2.15MB,20
2026-07-31 00:22:35,nav2,6.28%,195.7MiB / 30.66GiB,0.62%,0B / 0B,1.67MB / 1.4MB,93
2026-07-31 00:22:38,trav_ros2,101.92%,373.6MiB / 30.66GiB,1.19%,0B / 0B,0B / 475kB,44
2026-07-31 00:22:38,foxglove,12.08%,460MiB / 30.66GiB,1.46%,0B / 0B,152kB / 3.3MB,31
2026-07-31 00:22:38,glim,75.70%,310.1MiB / 30.66GiB,0.99%,0B / 0B,0B / 11.6MB,35
2026-07-31 00:22:38,ouster,8.24%,121.4MiB / 30.66GiB,0.39%,0B / 0B,0B / 3.02MB,29
2026-07-31 00:22:38,domain_bridge,1.38%,58.11MiB / 30.66GiB,0.19%,0B / 0B,0B / 5.04MB,28
2026-07-31 00:22:38,scovox,78.28%,292MiB / 30.66GiB,0.93%,0B / 0B,0B / 4.92MB,53
2026-07-31 00:22:38,openzen,3.85%,34.17MiB / 30.66GiB,0.11%,0B / 0B,0B / 2.15MB,20
2026-07-31 00:22:38,nav2,7.96%,197.5MiB / 30.66GiB,0.63%,0B / 0B,1.67MB / 1.4MB,93
2026-07-31 00:22:42,trav_ros2,101.93%,374.1MiB / 30.66GiB,1.19%,0B / 0B,0B / 475kB,44
2026-07-31 00:22:42,foxglove,11.46%,459.5MiB / 30.66GiB,1.46%,0B / 0B,152kB / 3.3MB,31
2026-07-31 00:22:42,glim,72.19%,310.6MiB / 30.66GiB,0.99%,0B / 0B,0B / 11.6MB,35
2026-07-31 00:22:42,ouster,7.63%,120.7MiB / 30.66GiB,0.38%,0B / 0B,0B / 3.02MB,29
2026-07-31 00:22:42,domain_bridge,0.36%,58.48MiB / 30.66GiB,0.19%,0B / 0B,0B / 5.04MB,28
2026-07-31 00:22:42,scovox,72.71%,258.7MiB / 30.66GiB,0.82%,0B / 0B,0B / 4.92MB,53
2026-07-31 00:22:42,openzen,3.60%,33.68MiB / 30.66GiB,0.11%,0B / 0B,0B / 2.15MB,20
2026-07-31 00:22:42,nav2,6.19%,196MiB / 30.66GiB,0.62%,0B / 0B,1.67MB / 1.4MB,93
