Timestamp,Name,CPU_Perc,Mem_Usage,Mem_Perc,Net_IO,Block_IO,PIDs
2026-07-30 20:28:56,ouster,99.21%,31.94MiB / 30.66GiB,0.10%,0B / 0B,131kB / 111kB,4
2026-07-30 20:28:56,scovox,127.06%,38.59MiB / 30.66GiB,0.12%,0B / 0B,0B / 94.2kB,5
2026-07-30 20:28:56,openzen,23.05%,30.77MiB / 30.66GiB,0.10%,0B / 0B,0B / 49.2kB,20
2026-07-30 20:28:56,trav_ros2,101.97%,37.8MiB / 30.66GiB,0.12%,0B / 0B,0B / 0B,5
2026-07-30 20:28:56,realsense,100.36%,38.9MiB / 30.66GiB,0.12%,0B / 0B,0B / 36.9kB,5
2026-07-30 20:28:56,mapir-ffmpeg,118.60%,124MiB / 30.66GiB,0.39%,0B / 0B,0B / 541kB,32
2026-07-30 20:28:56,nav2,56.56%,110MiB / 30.66GiB,0.35%,0B / 0B,0B / 0B,90
2026-07-30 20:28:56,glim,42.78%,48.82MiB / 30.66GiB,0.16%,0B / 0B,0B / 135kB,21
2026-07-30 20:28:56,docker-recorder-run-c43348258146,150.13%,69.81MiB / 30.66GiB,0.22%,0B / 0B,0B / 0B,19
2026-07-30 20:28:59,docker-recorder-run-c43348258146,198.60%,44.03MiB / 30.66GiB,0.14%,0B / 0B,0B / 61.4kB,15
2026-07-30 20:28:59,ouster,7.52%,116.2MiB / 30.66GiB,0.37%,0B / 0B,131kB / 111kB,29
2026-07-30 20:28:59,scovox,13.15%,149.1MiB / 30.66GiB,0.47%,0B / 0B,0B / 229kB,53
2026-07-30 20:28:59,openzen,3.89%,31.57MiB / 30.66GiB,0.10%,0B / 0B,0B / 49.2kB,20
2026-07-30 20:28:59,trav_ros2,99.75%,750.1MiB / 30.66GiB,2.39%,0B / 0B,0B / 61.4kB,9
2026-07-30 20:28:59,realsense,17.92%,90.82MiB / 30.66GiB,0.29%,0B / 0B,0B / 184kB,33
2026-07-30 20:28:59,mapir-ffmpeg,29.17%,165.9MiB / 30.66GiB,0.53%,0B / 0B,0B / 541kB,33
2026-07-30 20:28:59,nav2,6.81%,117.8MiB / 30.66GiB,0.38%,0B / 0B,0B / 0B,93
2026-07-30 20:28:59,glim,40.82%,88.05MiB / 30.66GiB,0.28%,0B / 0B,0B / 135kB,22
2026-07-30 20:29:03,docker-recorder-run-c43348258146,200.78%,43.62MiB / 30.66GiB,0.14%,0B / 0B,0B / 61.4kB,10
2026-07-30 20:29:03,ouster,6.56%,116.6MiB / 30.66GiB,0.37%,0B / 0B,131kB / 111kB,29
2026-07-30 20:29:03,scovox,29.84%,161MiB / 30.66GiB,0.51%,0B / 0B,0B / 229kB,53
2026-07-30 20:29:03,openzen,3.45%,31.84MiB / 30.66GiB,0.10%,0B / 0B,0B / 49.2kB,20
2026-07-30 20:29:03,trav_ros2,100.40%,1.257GiB / 30.66GiB,4.10%,0B / 0B,0B / 61.4kB,9
2026-07-30 20:29:03,realsense,17.13%,90.65MiB / 30.66GiB,0.29%,0B / 0B,0B / 184kB,33
2026-07-30 20:29:03,mapir-ffmpeg,28.34%,166MiB / 30.66GiB,0.53%,0B / 0B,0B / 541kB,33
2026-07-30 20:29:03,nav2,3.92%,116.9MiB / 30.66GiB,0.37%,0B / 0B,0B / 0B,93
2026-07-30 20:29:03,glim,80.94%,225.5MiB / 30.66GiB,0.72%,0B / 0B,0B / 135kB,37
2026-07-30 20:29:06,docker-recorder-run-c43348258146,1.83%,10.68MiB / 30.66GiB,0.03%,0B / 0B,0B / 5.4MB,2
2026-07-30 20:29:06,ouster,6.31%,116.3MiB / 30.66GiB,0.37%,0B / 0B,131kB / 2.85MB,29
2026-07-30 20:29:06,scovox,52.16%,257.4MiB / 30.66GiB,0.82%,0B / 0B,0B / 3.43MB,53
2026-07-30 20:29:06,openzen,3.11%,31.87MiB / 30.66GiB,0.10%,0B / 0B,0B / 2.15MB,20
2026-07-30 20:29:06,trav_ros2,101.02%,1.454GiB / 30.66GiB,4.74%,0B / 0B,0B / 553kB,9
2026-07-30 20:29:06,realsense,16.91%,90.67MiB / 30.66GiB,0.29%,0B / 0B,0B / 3.2MB,33
2026-07-30 20:29:06,mapir-ffmpeg,27.86%,166.1MiB / 30.66GiB,0.53%,0B / 0B,0B / 1.27MB,33
2026-07-30 20:29:06,nav2,3.76%,117.4MiB / 30.66GiB,0.37%,0B / 0B,0B / 1.16MB,93
2026-07-30 20:29:06,glim,79.49%,291.5MiB / 30.66GiB,0.93%,0B / 0B,0B / 11.6MB,37
2026-07-30 20:29:06,foxglove,101.04%,39.13MiB / 30.66GiB,0.12%,0B / 0B,0B / 4.1kB,5
2026-07-30 20:29:09,foxglove,101.07%,550.3MiB / 30.66GiB,1.75%,0B / 0B,0B / 127kB,30
2026-07-30 20:29:09,docker-recorder-run-c43348258146,0.00%,10.49MiB / 30.66GiB,0.03%,0B / 0B,0B / 5.4MB,2
2026-07-30 20:29:09,ouster,6.05%,116.4MiB / 30.66GiB,0.37%,0B / 0B,131kB / 2.85MB,29
2026-07-30 20:29:09,scovox,72.29%,214.5MiB / 30.66GiB,0.68%,0B / 0B,0B / 3.43MB,53
2026-07-30 20:29:09,openzen,2.17%,31.49MiB / 30.66GiB,0.10%,0B / 0B,0B / 2.15MB,20
2026-07-30 20:29:09,trav_ros2,101.10%,1.757GiB / 30.66GiB,5.73%,0B / 0B,0B / 553kB,9
2026-07-30 20:29:09,realsense,16.01%,90.82MiB / 30.66GiB,0.29%,0B / 0B,0B / 3.2MB,33
2026-07-30 20:29:09,mapir-ffmpeg,28.72%,164.3MiB / 30.66GiB,0.52%,0B / 0B,0B / 1.27MB,33
2026-07-30 20:29:09,nav2,3.51%,118.6MiB / 30.66GiB,0.38%,0B / 0B,0B / 1.16MB,93
2026-07-30 20:29:09,glim,74.74%,292.1MiB / 30.66GiB,0.93%,0B / 0B,0B / 11.6MB,37
2026-07-30 20:29:12,foxglove,14.54%,438.2MiB / 30.66GiB,1.40%,0B / 0B,0B / 127kB,31
2026-07-30 20:29:12,docker-recorder-run-c43348258146,0.00%,10.49MiB / 30.66GiB,0.03%,0B / 0B,0B / 5.4MB,2
2026-07-30 20:29:12,ouster,6.60%,114.7MiB / 30.66GiB,0.37%,0B / 0B,131kB / 2.85MB,29
2026-07-30 20:29:12,scovox,51.42%,262MiB / 30.66GiB,0.83%,0B / 0B,0B / 3.43MB,53
2026-07-30 20:29:12,openzen,2.50%,30.89MiB / 30.66GiB,0.10%,0B / 0B,0B / 2.15MB,20
2026-07-30 20:29:12,trav_ros2,101.29%,1.853GiB / 30.66GiB,6.04%,0B / 0B,0B / 553kB,9
2026-07-30 20:29:12,realsense,16.96%,90.85MiB / 30.66GiB,0.29%,0B / 0B,0B / 3.2MB,33
2026-07-30 20:29:12,mapir-ffmpeg,28.61%,164.6MiB / 30.66GiB,0.52%,0B / 0B,0B / 1.27MB,33
2026-07-30 20:29:12,nav2,4.04%,118MiB / 30.66GiB,0.38%,0B / 0B,0B / 1.16MB,93
2026-07-30 20:29:12,glim,77.09%,291.5MiB / 30.66GiB,0.93%,0B / 0B,0B / 11.6MB,37
2026-07-30 20:29:15,foxglove,15.17%,438.4MiB / 30.66GiB,1.40%,0B / 0B,0B / 127kB,31
2026-07-30 20:29:15,docker-recorder-run-c43348258146,0.63%,10.54MiB / 30.66GiB,0.03%,0B / 0B,0B / 5.4MB,1
2026-07-30 20:29:15,ouster,6.36%,114.6MiB / 30.66GiB,0.36%,0B / 0B,131kB / 2.85MB,29
2026-07-30 20:29:15,scovox,73.08%,227.7MiB / 30.66GiB,0.73%,0B / 0B,0B / 3.43MB,53
2026-07-30 20:29:15,openzen,2.42%,30.91MiB / 30.66GiB,0.10%,0B / 0B,0B / 2.15MB,20
2026-07-30 20:29:15,trav_ros2,100.76%,1.936GiB / 30.66GiB,6.31%,0B / 0B,0B / 553kB,9
2026-07-30 20:29:15,realsense,16.53%,90MiB / 30.66GiB,0.29%,0B / 0B,0B / 3.2MB,33
2026-07-30 20:29:15,mapir-ffmpeg,28.44%,164.4MiB / 30.66GiB,0.52%,0B / 0B,0B / 1.27MB,33
2026-07-30 20:29:15,nav2,3.67%,116MiB / 30.66GiB,0.37%,0B / 0B,0B / 1.16MB,93
2026-07-30 20:29:15,glim,79.59%,295.9MiB / 30.66GiB,0.94%,0B / 0B,0B / 11.6MB,37
2026-07-30 20:29:18,foxglove,14.91%,438.7MiB / 30.66GiB,1.40%,0B / 0B,0B / 127kB,31
2026-07-30 20:29:18,docker-recorder-run-c43348258146,0.00%,10.29MiB / 30.66GiB,0.03%,0B / 0B,0B / 5.4MB,1
2026-07-30 20:29:18,ouster,6.68%,115MiB / 30.66GiB,0.37%,0B / 0B,131kB / 2.85MB,29
2026-07-30 20:29:18,scovox,58.80%,269.2MiB / 30.66GiB,0.86%,0B / 0B,0B / 3.43MB,53
2026-07-30 20:29:18,openzen,2.77%,30.91MiB / 30.66GiB,0.10%,0B / 0B,0B / 2.15MB,20
2026-07-30 20:29:18,trav_ros2,101.83%,41.32MiB / 30.66GiB,0.13%,0B / 0B,0B / 8.4MB,3
2026-07-30 20:29:18,realsense,17.52%,90.5MiB / 30.66GiB,0.29%,0B / 0B,0B / 3.2MB,33
2026-07-30 20:29:18,mapir-ffmpeg,29.05%,164.2MiB / 30.66GiB,0.52%,0B / 0B,0B / 1.27MB,33
2026-07-30 20:29:18,nav2,3.97%,115.2MiB / 30.66GiB,0.37%,0B / 0B,0B / 1.16MB,93
2026-07-30 20:29:18,glim,74.30%,300.6MiB / 30.66GiB,0.96%,0B / 0B,0B / 11.6MB,37
2026-07-30 20:29:21,foxglove,16.69%,469.5MiB / 30.66GiB,1.50%,0B / 0B,0B / 127kB,31
2026-07-30 20:29:21,docker-recorder-run-c43348258146,0.00%,10.29MiB / 30.66GiB,0.03%,0B / 0B,0B / 5.4MB,1
2026-07-30 20:29:21,ouster,7.29%,115.5MiB / 30.66GiB,0.37%,0B / 0B,131kB / 2.85MB,29
2026-07-30 20:29:21,scovox,57.41%,246.8MiB / 30.66GiB,0.79%,0B / 0B,0B / 3.43MB,53
2026-07-30 20:29:21,openzen,2.51%,31.29MiB / 30.66GiB,0.10%,0B / 0B,0B / 2.15MB,20
2026-07-30 20:29:21,trav_ros2,101.57%,360.5MiB / 30.66GiB,1.15%,0B / 0B,0B / 8.43MB,44
2026-07-30 20:29:21,realsense,16.92%,90.43MiB / 30.66GiB,0.29%,0B / 0B,0B / 3.2MB,33
2026-07-30 20:29:21,mapir-ffmpeg,28.88%,165.5MiB / 30.66GiB,0.53%,0B / 0B,0B / 1.27MB,33
2026-07-30 20:29:21,nav2,5.15%,164.7MiB / 30.66GiB,0.52%,0B / 0B,0B / 1.16MB,93
2026-07-30 20:29:21,glim,79.55%,303.1MiB / 30.66GiB,0.97%,0B / 0B,0B / 11.6MB,37
2026-07-30 20:29:24,foxglove,14.48%,459.8MiB / 30.66GiB,1.46%,0B / 0B,0B / 127kB,31
2026-07-30 20:29:24,docker-recorder-run-c43348258146,0.00%,10.29MiB / 30.66GiB,0.03%,0B / 0B,0B / 5.4MB,1
2026-07-30 20:29:24,ouster,7.15%,115.7MiB / 30.66GiB,0.37%,0B / 0B,131kB / 2.85MB,29
2026-07-30 20:29:24,scovox,69.85%,247.4MiB / 30.66GiB,0.79%,0B / 0B,0B / 3.43MB,53
2026-07-30 20:29:24,openzen,2.51%,31.06MiB / 30.66GiB,0.10%,0B / 0B,0B / 2.15MB,20
2026-07-30 20:29:24,trav_ros2,101.38%,341.4MiB / 30.66GiB,1.09%,0B / 0B,0B / 8.43MB,44
2026-07-30 20:29:24,realsense,17.06%,90.69MiB / 30.66GiB,0.29%,0B / 0B,0B / 3.2MB,33
2026-07-30 20:29:24,mapir-ffmpeg,29.05%,165MiB / 30.66GiB,0.53%,0B / 0B,0B / 1.27MB,33
2026-07-30 20:29:24,nav2,5.44%,177.5MiB / 30.66GiB,0.57%,0B / 0B,0B / 1.16MB,93
2026-07-30 20:29:24,glim,75.70%,303.6MiB / 30.66GiB,0.97%,0B / 0B,0B / 11.6MB,37
2026-07-30 20:29:28,foxglove,13.98%,460.2MiB / 30.66GiB,1.47%,0B / 0B,0B / 127kB,31
2026-07-30 20:29:28,docker-recorder-run-c43348258146,0.00%,10.29MiB / 30.66GiB,0.03%,0B / 0B,0B / 5.4MB,1
2026-07-30 20:29:28,ouster,7.25%,115.7MiB / 30.66GiB,0.37%,0B / 0B,131kB / 2.85MB,29
2026-07-30 20:29:28,scovox,49.63%,247.2MiB / 30.66GiB,0.79%,0B / 0B,0B / 3.43MB,53
2026-07-30 20:29:28,openzen,2.60%,31.57MiB / 30.66GiB,0.10%,0B / 0B,0B / 2.15MB,20
2026-07-30 20:29:28,trav_ros2,101.50%,342.8MiB / 30.66GiB,1.09%,0B / 0B,0B / 8.43MB,44
2026-07-30 20:29:28,realsense,16.88%,91.2MiB / 30.66GiB,0.29%,0B / 0B,0B / 3.2MB,33
2026-07-30 20:29:28,mapir-ffmpeg,29.30%,165.8MiB / 30.66GiB,0.53%,0B / 0B,0B / 1.27MB,33
2026-07-30 20:29:28,nav2,5.89%,179.2MiB / 30.66GiB,0.57%,0B / 0B,0B / 1.16MB,93
2026-07-30 20:29:28,glim,79.28%,308.4MiB / 30.66GiB,0.98%,0B / 0B,0B / 11.6MB,37
2026-07-30 20:29:31,foxglove,12.96%,452.6MiB / 30.66GiB,1.44%,0B / 0B,0B / 127kB,31
2026-07-30 20:29:31,docker-recorder-run-c43348258146,0.00%,10.29MiB / 30.66GiB,0.03%,0B / 0B,0B / 5.4MB,1
2026-07-30 20:29:31,ouster,7.15%,115.7MiB / 30.66GiB,0.37%,0B / 0B,131kB / 2.85MB,29
2026-07-30 20:29:31,scovox,67.24%,247.7MiB / 30.66GiB,0.79%,0B / 0B,0B / 3.43MB,53
2026-07-30 20:29:31,openzen,2.43%,31.34MiB / 30.66GiB,0.10%,0B / 0B,0B / 2.15MB,20
2026-07-30 20:29:31,trav_ros2,99.40%,372MiB / 30.66GiB,1.18%,0B / 0B,0B / 8.43MB,44
2026-07-30 20:29:31,realsense,16.44%,90.73MiB / 30.66GiB,0.29%,0B / 0B,0B / 3.2MB,33
2026-07-30 20:29:31,mapir-ffmpeg,28.30%,165.3MiB / 30.66GiB,0.53%,0B / 0B,0B / 1.27MB,33
2026-07-30 20:29:31,nav2,5.09%,170.4MiB / 30.66GiB,0.54%,0B / 0B,0B / 1.16MB,93
2026-07-30 20:29:31,glim,80.27%,320.5MiB / 30.66GiB,1.02%,0B / 0B,0B / 11.6MB,37
2026-07-30 20:29:34,foxglove,14.25%,460.4MiB / 30.66GiB,1.47%,0B / 0B,0B / 127kB,31
2026-07-30 20:29:34,docker-recorder-run-c43348258146,0.00%,10.29MiB / 30.66GiB,0.03%,0B / 0B,0B / 5.4MB,1
2026-07-30 20:29:34,ouster,6.97%,115.7MiB / 30.66GiB,0.37%,0B / 0B,131kB / 2.85MB,29
2026-07-30 20:29:34,scovox,50.15%,274.4MiB / 30.66GiB,0.87%,0B / 0B,0B / 3.43MB,53
2026-07-30 20:29:34,openzen,2.36%,31.11MiB / 30.66GiB,0.10%,0B / 0B,0B / 2.15MB,20
2026-07-30 20:29:34,trav_ros2,100.23%,371.5MiB / 30.66GiB,1.18%,0B / 0B,0B / 8.43MB,44
2026-07-30 20:29:34,realsense,16.67%,90.48MiB / 30.66GiB,0.29%,0B / 0B,0B / 3.2MB,33
2026-07-30 20:29:34,mapir-ffmpeg,29.17%,165.1MiB / 30.66GiB,0.53%,0B / 0B,0B / 1.27MB,33
2026-07-30 20:29:34,nav2,5.43%,175.1MiB / 30.66GiB,0.56%,0B / 0B,0B / 1.16MB,93
2026-07-30 20:29:34,glim,79.08%,328.8MiB / 30.66GiB,1.05%,0B / 0B,0B / 11.6MB,37
2026-07-30 20:29:37,foxglove,14.08%,460.3MiB / 30.66GiB,1.47%,0B / 0B,0B / 127kB,31
2026-07-30 20:29:37,docker-recorder-run-c43348258146,0.00%,10.29MiB / 30.66GiB,0.03%,0B / 0B,0B / 9.52MB,1
2026-07-30 20:29:37,ouster,7.48%,115.6MiB / 30.66GiB,0.37%,0B / 0B,131kB / 2.85MB,29
2026-07-30 20:29:37,scovox,66.63%,248.1MiB / 30.66GiB,0.79%,0B / 0B,0B / 3.51MB,53
2026-07-30 20:29:37,openzen,2.52%,31.39MiB / 30.66GiB,0.10%,0B / 0B,0B / 2.15MB,20
2026-07-30 20:29:37,trav_ros2,100.66%,361.1MiB / 30.66GiB,1.15%,0B / 0B,0B / 8.46MB,44
2026-07-30 20:29:37,realsense,17.14%,91.02MiB / 30.66GiB,0.29%,0B / 0B,0B / 3.2MB,33
2026-07-30 20:29:37,mapir-ffmpeg,29.49%,165.2MiB / 30.66GiB,0.53%,0B / 0B,0B / 1.29MB,33
2026-07-30 20:29:37,nav2,5.85%,182.6MiB / 30.66GiB,0.58%,0B / 0B,0B / 1.16MB,93
2026-07-30 20:29:37,glim,78.55%,329.3MiB / 30.66GiB,1.05%,0B / 0B,0B / 11.6MB,37
2026-07-30 20:29:40,foxglove,12.91%,452.6MiB / 30.66GiB,1.44%,0B / 0B,0B / 3.25MB,31
2026-07-30 20:29:40,docker-recorder-run-c43348258146,0.00%,10.29MiB / 30.66GiB,0.03%,0B / 0B,0B / 9.52MB,1
2026-07-30 20:29:40,ouster,7.59%,115.6MiB / 30.66GiB,0.37%,0B / 0B,131kB / 2.85MB,29
2026-07-30 20:29:40,scovox,51.27%,280.6MiB / 30.66GiB,0.89%,0B / 0B,0B / 3.51MB,53
2026-07-30 20:29:40,openzen,2.42%,31.16MiB / 30.66GiB,0.10%,0B / 0B,0B / 2.15MB,20
2026-07-30 20:29:40,trav_ros2,100.86%,409.4MiB / 30.66GiB,1.30%,0B / 0B,0B / 8.46MB,44
2026-07-30 20:29:40,realsense,16.85%,90.54MiB / 30.66GiB,0.29%,0B / 0B,0B / 3.2MB,33
2026-07-30 20:29:40,mapir-ffmpeg,29.93%,165.2MiB / 30.66GiB,0.53%,0B / 0B,0B / 1.29MB,33
2026-07-30 20:29:40,nav2,5.18%,180.3MiB / 30.66GiB,0.57%,0B / 0B,0B / 1.16MB,93
2026-07-30 20:29:40,glim,80.45%,323.2MiB / 30.66GiB,1.03%,0B / 0B,0B / 11.6MB,37
2026-07-30 20:29:43,foxglove,13.03%,461MiB / 30.66GiB,1.47%,0B / 0B,0B / 3.25MB,31
2026-07-30 20:29:43,docker-recorder-run-c43348258146,0.00%,10.29MiB / 30.66GiB,0.03%,0B / 0B,0B / 9.52MB,1
2026-07-30 20:29:43,ouster,7.28%,116.2MiB / 30.66GiB,0.37%,0B / 0B,131kB / 2.85MB,29
2026-07-30 20:29:43,scovox,60.16%,247.6MiB / 30.66GiB,0.79%,0B / 0B,0B / 3.52MB,53
2026-07-30 20:29:43,openzen,2.47%,31.42MiB / 30.66GiB,0.10%,0B / 0B,0B / 2.15MB,20
2026-07-30 20:29:43,trav_ros2,100.51%,371.2MiB / 30.66GiB,1.18%,0B / 0B,0B / 8.46MB,44
2026-07-30 20:29:43,realsense,16.45%,90.55MiB / 30.66GiB,0.29%,0B / 0B,0B / 3.2MB,33
2026-07-30 20:29:43,mapir-ffmpeg,28.95%,165.8MiB / 30.66GiB,0.53%,0B / 0B,0B / 1.29MB,33
2026-07-30 20:29:43,nav2,5.37%,184.2MiB / 30.66GiB,0.59%,0B / 0B,0B / 1.16MB,93
2026-07-30 20:29:43,glim,80.66%,330.9MiB / 30.66GiB,1.05%,0B / 0B,0B / 11.6MB,37
2026-07-30 20:29:46,foxglove,13.14%,453.9MiB / 30.66GiB,1.45%,0B / 0B,0B / 3.29MB,31
2026-07-30 20:29:46,docker-recorder-run-c43348258146,0.00%,10.29MiB / 30.66GiB,0.03%,0B / 0B,0B / 9.52MB,1
2026-07-30 20:29:46,ouster,7.04%,116.2MiB / 30.66GiB,0.37%,0B / 0B,131kB / 2.85MB,29
2026-07-30 20:29:46,scovox,69.15%,248MiB / 30.66GiB,0.79%,0B / 0B,0B / 3.52MB,53
2026-07-30 20:29:46,openzen,2.48%,31.45MiB / 30.66GiB,0.10%,0B / 0B,0B / 2.15MB,20
2026-07-30 20:29:46,trav_ros2,100.69%,363.9MiB / 30.66GiB,1.16%,0B / 0B,0B / 8.46MB,44
2026-07-30 20:29:46,realsense,16.80%,91.32MiB / 30.66GiB,0.29%,0B / 0B,0B / 3.2MB,33
2026-07-30 20:29:46,mapir-ffmpeg,29.19%,166.1MiB / 30.66GiB,0.53%,0B / 0B,0B / 1.29MB,33
2026-07-30 20:29:46,nav2,5.53%,184.4MiB / 30.66GiB,0.59%,0B / 0B,0B / 1.16MB,93
2026-07-30 20:29:46,glim,74.87%,312.8MiB / 30.66GiB,1.00%,0B / 0B,0B / 11.6MB,37
2026-07-30 20:29:49,foxglove,14.36%,461.9MiB / 30.66GiB,1.47%,0B / 0B,0B / 3.29MB,31
2026-07-30 20:29:49,docker-recorder-run-c43348258146,0.00%,10.29MiB / 30.66GiB,0.03%,0B / 0B,0B / 9.52MB,1
2026-07-30 20:29:49,ouster,7.31%,116.1MiB / 30.66GiB,0.37%,0B / 0B,131kB / 2.85MB,29
2026-07-30 20:29:49,scovox,50.93%,247.6MiB / 30.66GiB,0.79%,0B / 0B,0B / 3.52MB,53
2026-07-30 20:29:49,openzen,2.84%,31.21MiB / 30.66GiB,0.10%,0B / 0B,0B / 2.15MB,20
2026-07-30 20:29:49,trav_ros2,101.23%,363.6MiB / 30.66GiB,1.16%,0B / 0B,0B / 8.46MB,44
2026-07-30 20:29:49,realsense,17.24%,90.59MiB / 30.66GiB,0.29%,0B / 0B,0B / 3.2MB,33
2026-07-30 20:29:49,mapir-ffmpeg,29.31%,165.3MiB / 30.66GiB,0.53%,0B / 0B,0B / 1.29MB,33
2026-07-30 20:29:49,nav2,5.86%,184.5MiB / 30.66GiB,0.59%,0B / 0B,0B / 1.16MB,93
2026-07-30 20:29:49,glim,74.64%,317.1MiB / 30.66GiB,1.01%,0B / 0B,0B / 11.6MB,37
2026-07-30 20:29:53,foxglove,19.85%,454.3MiB / 30.66GiB,1.45%,0B / 0B,0B / 3.29MB,31
2026-07-30 20:29:53,docker-recorder-run-c43348258146,0.00%,10.29MiB / 30.66GiB,0.03%,0B / 0B,0B / 9.52MB,1
2026-07-30 20:29:53,ouster,16.46%,119.5MiB / 30.66GiB,0.38%,0B / 0B,131kB / 2.85MB,29
2026-07-30 20:29:53,scovox,89.59%,253.5MiB / 30.66GiB,0.81%,0B / 0B,0B / 3.52MB,53
2026-07-30 20:29:53,openzen,7.81%,33.3MiB / 30.66GiB,0.11%,0B / 0B,0B / 2.15MB,20
2026-07-30 20:29:53,trav_ros2,100.96%,379MiB / 30.66GiB,1.21%,0B / 0B,0B / 13.8MB,44
2026-07-30 20:29:53,realsense,22.85%,93.19MiB / 30.66GiB,0.30%,0B / 0B,0B / 3.2MB,33
2026-07-30 20:29:53,mapir-ffmpeg,38.90%,169.3MiB / 30.66GiB,0.54%,0B / 0B,0B / 1.29MB,33
2026-07-30 20:29:53,nav2,27.77%,186.2MiB / 30.66GiB,0.59%,0B / 0B,0B / 1.17MB,93
2026-07-30 20:29:53,glim,69.36%,319.8MiB / 30.66GiB,1.02%,0B / 0B,0B / 11.6MB,37
2026-07-30 20:29:56,foxglove,11.25%,455.4MiB / 30.66GiB,1.45%,0B / 0B,0B / 3.31MB,31
2026-07-30 20:29:56,docker-recorder-run-c43348258146,0.00%,10.29MiB / 30.66GiB,0.03%,0B / 0B,0B / 9.52MB,1
2026-07-30 20:29:56,ouster,7.22%,119.5MiB / 30.66GiB,0.38%,0B / 0B,131kB / 2.85MB,29
2026-07-30 20:29:56,scovox,52.97%,282.6MiB / 30.66GiB,0.90%,0B / 0B,0B / 3.52MB,53
2026-07-30 20:29:56,openzen,2.74%,33.04MiB / 30.66GiB,0.11%,0B / 0B,0B / 2.15MB,20
2026-07-30 20:29:56,trav_ros2,100.96%,374.7MiB / 30.66GiB,1.19%,0B / 0B,0B / 13.8MB,44
2026-07-30 20:29:56,realsense,16.87%,92.43MiB / 30.66GiB,0.29%,0B / 0B,0B / 3.2MB,33
2026-07-30 20:29:56,mapir-ffmpeg,29.00%,169.1MiB / 30.66GiB,0.54%,0B / 0B,0B / 1.29MB,33
2026-07-30 20:29:56,nav2,6.19%,194MiB / 30.66GiB,0.62%,0B / 0B,0B / 1.17MB,93
2026-07-30 20:29:56,glim,78.67%,326.4MiB / 30.66GiB,1.04%,0B / 0B,0B / 11.6MB,37
2026-07-30 20:29:59,foxglove,11.94%,455.3MiB / 30.66GiB,1.45%,0B / 0B,0B / 3.31MB,31
2026-07-30 20:29:59,docker-recorder-run-c43348258146,0.00%,10.29MiB / 30.66GiB,0.03%,0B / 0B,0B / 9.52MB,1
2026-07-30 20:29:59,ouster,7.05%,119.2MiB / 30.66GiB,0.38%,0B / 0B,131kB / 2.85MB,29
2026-07-30 20:29:59,scovox,66.78%,253.3MiB / 30.66GiB,0.81%,0B / 0B,0B / 3.52MB,53
2026-07-30 20:29:59,openzen,2.37%,32.8MiB / 30.66GiB,0.10%,0B / 0B,0B / 2.15MB,20
2026-07-30 20:29:59,trav_ros2,100.37%,376MiB / 30.66GiB,1.20%,0B / 0B,0B / 13.8MB,44
2026-07-30 20:29:59,realsense,16.76%,92.42MiB / 30.66GiB,0.29%,0B / 0B,0B / 3.2MB,33
2026-07-30 20:29:59,mapir-ffmpeg,28.48%,168.9MiB / 30.66GiB,0.54%,0B / 0B,0B / 1.29MB,33
2026-07-30 20:29:59,nav2,5.50%,193.9MiB / 30.66GiB,0.62%,0B / 0B,0B / 1.17MB,93
2026-07-30 20:29:59,glim,76.72%,344.2MiB / 30.66GiB,1.10%,0B / 0B,0B / 11.6MB,37
2026-07-30 20:30:02,foxglove,12.37%,463MiB / 30.66GiB,1.47%,0B / 0B,0B / 3.31MB,31
2026-07-30 20:30:02,docker-recorder-run-c43348258146,0.00%,10.29MiB / 30.66GiB,0.03%,0B / 0B,0B / 9.52MB,1
2026-07-30 20:30:02,ouster,7.24%,119.3MiB / 30.66GiB,0.38%,0B / 0B,131kB / 2.85MB,29
2026-07-30 20:30:02,scovox,51.45%,284.9MiB / 30.66GiB,0.91%,0B / 0B,0B / 3.52MB,53
2026-07-30 20:30:02,openzen,2.63%,32.84MiB / 30.66GiB,0.10%,0B / 0B,0B / 2.15MB,20
2026-07-30 20:30:02,trav_ros2,101.91%,376.7MiB / 30.66GiB,1.20%,0B / 0B,0B / 13.8MB,44
2026-07-30 20:30:02,realsense,17.15%,92.21MiB / 30.66GiB,0.29%,0B / 0B,0B / 3.2MB,33
2026-07-30 20:30:02,mapir-ffmpeg,29.01%,168.7MiB / 30.66GiB,0.54%,0B / 0B,0B / 1.29MB,33
2026-07-30 20:30:02,nav2,6.12%,193.8MiB / 30.66GiB,0.62%,0B / 0B,0B / 1.17MB,93
2026-07-30 20:30:02,glim,75.55%,355.7MiB / 30.66GiB,1.13%,0B / 0B,0B / 11.6MB,37
2026-07-30 20:30:05,foxglove,14.81%,518.2MiB / 30.66GiB,1.65%,0B / 0B,0B / 3.31MB,31
2026-07-30 20:30:05,docker-recorder-run-c43348258146,0.00%,10.29MiB / 30.66GiB,0.03%,0B / 0B,0B / 9.52MB,1
2026-07-30 20:30:05,ouster,7.43%,119.4MiB / 30.66GiB,0.38%,0B / 0B,131kB / 2.85MB,29
2026-07-30 20:30:05,scovox,70.38%,254.2MiB / 30.66GiB,0.81%,0B / 0B,0B / 3.6MB,53
2026-07-30 20:30:05,openzen,2.52%,32.85MiB / 30.66GiB,0.10%,0B / 0B,0B / 2.15MB,20
2026-07-30 20:30:05,trav_ros2,101.17%,376.8MiB / 30.66GiB,1.20%,0B / 0B,0B / 13.8MB,44
2026-07-30 20:30:05,realsense,16.62%,92.23MiB / 30.66GiB,0.29%,0B / 0B,0B / 3.2MB,33
2026-07-30 20:30:05,mapir-ffmpeg,29.54%,168.7MiB / 30.66GiB,0.54%,0B / 0B,0B / 1.3MB,33
2026-07-30 20:30:05,nav2,5.99%,196.1MiB / 30.66GiB,0.62%,0B / 0B,0B / 1.19MB,93
2026-07-30 20:30:05,glim,76.29%,356.2MiB / 30.66GiB,1.13%,0B / 0B,0B / 11.6MB,37
2026-07-30 20:30:08,foxglove,12.10%,464.1MiB / 30.66GiB,1.48%,0B / 0B,0B / 3.31MB,31
2026-07-30 20:30:08,docker-recorder-run-c43348258146,0.00%,10.29MiB / 30.66GiB,0.03%,0B / 0B,0B / 9.52MB,1
2026-07-30 20:30:08,ouster,8.04%,119.6MiB / 30.66GiB,0.38%,0B / 0B,131kB / 2.85MB,29
2026-07-30 20:30:08,scovox,64.47%,254.6MiB / 30.66GiB,0.81%,0B / 0B,0B / 3.6MB,53
2026-07-30 20:30:08,openzen,2.64%,32.88MiB / 30.66GiB,0.10%,0B / 0B,0B / 2.15MB,20
2026-07-30 20:30:08,trav_ros2,101.32%,400.7MiB / 30.66GiB,1.28%,0B / 0B,0B / 13.8MB,44
2026-07-30 20:30:08,realsense,16.71%,92.26MiB / 30.66GiB,0.29%,0B / 0B,0B / 3.2MB,33
2026-07-30 20:30:08,mapir-ffmpeg,29.29%,169.3MiB / 30.66GiB,0.54%,0B / 0B,0B / 1.3MB,33
2026-07-30 20:30:08,nav2,6.73%,197MiB / 30.66GiB,0.63%,0B / 0B,0B / 1.19MB,93
2026-07-30 20:30:08,glim,79.37%,356.7MiB / 30.66GiB,1.14%,0B / 0B,0B / 11.6MB,37
2026-07-30 20:30:11,foxglove,11.49%,463.9MiB / 30.66GiB,1.48%,0B / 0B,0B / 3.31MB,31
2026-07-30 20:30:11,docker-recorder-run-c43348258146,0.00%,10.29MiB / 30.66GiB,0.03%,0B / 0B,0B / 9.52MB,1
2026-07-30 20:30:11,ouster,7.15%,119.5MiB / 30.66GiB,0.38%,0B / 0B,131kB / 2.85MB,29
2026-07-30 20:30:11,scovox,49.59%,254.5MiB / 30.66GiB,0.81%,0B / 0B,0B / 3.6MB,53
2026-07-30 20:30:11,openzen,2.52%,33.15MiB / 30.66GiB,0.11%,0B / 0B,0B / 2.15MB,20
2026-07-30 20:30:11,trav_ros2,101.30%,379.7MiB / 30.66GiB,1.21%,0B / 0B,0B / 13.8MB,44
2026-07-30 20:30:11,realsense,16.42%,92.28MiB / 30.66GiB,0.29%,0B / 0B,0B / 3.2MB,33
2026-07-30 20:30:11,mapir-ffmpeg,29.51%,168.8MiB / 30.66GiB,0.54%,0B / 0B,0B / 1.3MB,33
2026-07-30 20:30:11,nav2,6.09%,196.3MiB / 30.66GiB,0.63%,0B / 0B,0B / 1.19MB,93
2026-07-30 20:30:11,glim,85.40%,345.3MiB / 30.66GiB,1.10%,0B / 0B,0B / 11.6MB,37
2026-07-30 20:30:14,foxglove,11.19%,456.5MiB / 30.66GiB,1.45%,0B / 0B,0B / 3.31MB,31
2026-07-30 20:30:14,docker-recorder-run-c43348258146,0.00%,10.29MiB / 30.66GiB,0.03%,0B / 0B,0B / 9.52MB,1
2026-07-30 20:30:14,ouster,7.23%,119.8MiB / 30.66GiB,0.38%,0B / 0B,131kB / 2.85MB,29
2026-07-30 20:30:14,scovox,72.24%,254.7MiB / 30.66GiB,0.81%,0B / 0B,0B / 3.6MB,53
2026-07-30 20:30:14,openzen,2.65%,32.9MiB / 30.66GiB,0.10%,0B / 0B,0B / 2.15MB,20
2026-07-30 20:30:14,trav_ros2,102.04%,375.5MiB / 30.66GiB,1.20%,0B / 0B,0B / 13.8MB,44
2026-07-30 20:30:14,realsense,17.27%,92.28MiB / 30.66GiB,0.29%,0B / 0B,0B / 3.2MB,33
2026-07-30 20:30:14,mapir-ffmpeg,29.23%,168.8MiB / 30.66GiB,0.54%,0B / 0B,0B / 1.3MB,33
2026-07-30 20:30:14,nav2,6.17%,196.6MiB / 30.66GiB,0.63%,0B / 0B,0B / 1.19MB,93
2026-07-30 20:30:14,glim,76.02%,345.3MiB / 30.66GiB,1.10%,0B / 0B,0B / 11.6MB,37
2026-07-30 20:30:18,foxglove,12.00%,456MiB / 30.66GiB,1.45%,0B / 0B,0B / 3.31MB,31
2026-07-30 20:30:18,docker-recorder-run-c43348258146,0.00%,10.29MiB / 30.66GiB,0.03%,0B / 0B,0B / 9.52MB,1
2026-07-30 20:30:18,ouster,8.09%,119.7MiB / 30.66GiB,0.38%,0B / 0B,131kB / 2.85MB,29
2026-07-30 20:30:18,scovox,60.53%,282.2MiB / 30.66GiB,0.90%,0B / 0B,0B / 3.6MB,53
2026-07-30 20:30:18,openzen,2.86%,32.94MiB / 30.66GiB,0.10%,0B / 0B,0B / 2.15MB,20
2026-07-30 20:30:18,trav_ros2,101.69%,376.7MiB / 30.66GiB,1.20%,0B / 0B,0B / 13.8MB,44
2026-07-30 20:30:18,realsense,17.52%,93.06MiB / 30.66GiB,0.30%,0B / 0B,0B / 3.2MB,33
2026-07-30 20:30:18,mapir-ffmpeg,29.81%,169.1MiB / 30.66GiB,0.54%,0B / 0B,0B / 1.3MB,33
2026-07-30 20:30:18,nav2,5.92%,196.8MiB / 30.66GiB,0.63%,0B / 0B,0B / 1.19MB,93
2026-07-30 20:30:18,glim,76.73%,337.9MiB / 30.66GiB,1.08%,0B / 0B,0B / 11.6MB,37
2026-07-30 20:30:21,foxglove,13.10%,464.2MiB / 30.66GiB,1.48%,0B / 0B,0B / 3.31MB,31
2026-07-30 20:30:21,docker-recorder-run-c43348258146,0.00%,10.29MiB / 30.66GiB,0.03%,0B / 0B,0B / 9.52MB,1
2026-07-30 20:30:21,ouster,7.54%,119.9MiB / 30.66GiB,0.38%,0B / 0B,131kB / 2.85MB,29
2026-07-30 20:30:21,scovox,82.64%,255MiB / 30.66GiB,0.81%,0B / 0B,0B / 3.6MB,53
2026-07-30 20:30:21,openzen,2.67%,32.95MiB / 30.66GiB,0.10%,0B / 0B,0B / 2.15MB,20
2026-07-30 20:30:21,trav_ros2,101.58%,375.9MiB / 30.66GiB,1.20%,0B / 0B,0B / 13.8MB,44
2026-07-30 20:30:21,realsense,17.54%,92.57MiB / 30.66GiB,0.29%,0B / 0B,0B / 3.2MB,33
2026-07-30 20:30:21,mapir-ffmpeg,29.29%,168.9MiB / 30.66GiB,0.54%,0B / 0B,0B / 1.3MB,33
2026-07-30 20:30:21,nav2,6.27%,196.5MiB / 30.66GiB,0.63%,0B / 0B,0B / 1.19MB,93
2026-07-30 20:30:21,glim,81.47%,320.8MiB / 30.66GiB,1.02%,0B / 0B,0B / 11.6MB,37
2026-07-30 20:30:24,foxglove,12.86%,463.9MiB / 30.66GiB,1.48%,0B / 0B,0B / 3.31MB,31
2026-07-30 20:30:24,docker-recorder-run-c43348258146,0.00%,10.29MiB / 30.66GiB,0.03%,0B / 0B,0B / 9.52MB,1
2026-07-30 20:30:24,ouster,7.97%,119.8MiB / 30.66GiB,0.38%,0B / 0B,131kB / 2.85MB,29
2026-07-30 20:30:24,scovox,57.67%,289.2MiB / 30.66GiB,0.92%,0B / 0B,0B / 3.6MB,53
2026-07-30 20:30:24,openzen,2.84%,33.22MiB / 30.66GiB,0.11%,0B / 0B,0B / 2.15MB,20
2026-07-30 20:30:24,trav_ros2,101.68%,379.9MiB / 30.66GiB,1.21%,0B / 0B,0B / 13.8MB,44
2026-07-30 20:30:24,realsense,18.07%,92.84MiB / 30.66GiB,0.30%,0B / 0B,0B / 3.2MB,33
2026-07-30 20:30:24,mapir-ffmpeg,30.68%,169MiB / 30.66GiB,0.54%,0B / 0B,0B / 1.3MB,33
2026-07-30 20:30:24,nav2,7.13%,196.9MiB / 30.66GiB,0.63%,0B / 0B,0B / 1.19MB,93
2026-07-30 20:30:24,glim,75.31%,320.7MiB / 30.66GiB,1.02%,0B / 0B,0B / 11.6MB,37
2026-07-30 20:30:27,foxglove,12.60%,463.9MiB / 30.66GiB,1.48%,0B / 0B,0B / 3.31MB,31
2026-07-30 20:30:27,docker-recorder-run-c43348258146,0.00%,10.29MiB / 30.66GiB,0.03%,0B / 0B,0B / 9.52MB,1
2026-07-30 20:30:27,ouster,7.88%,120MiB / 30.66GiB,0.38%,0B / 0B,131kB / 2.85MB,29
2026-07-30 20:30:27,scovox,78.48%,254.9MiB / 30.66GiB,0.81%,0B / 0B,0B / 3.6MB,53
2026-07-30 20:30:27,openzen,2.81%,33MiB / 30.66GiB,0.11%,0B / 0B,0B / 2.15MB,20
2026-07-30 20:30:27,trav_ros2,101.54%,376.9MiB / 30.66GiB,1.20%,0B / 0B,0B / 13.8MB,44
2026-07-30 20:30:27,realsense,17.60%,92.62MiB / 30.66GiB,0.29%,0B / 0B,0B / 3.2MB,33
2026-07-30 20:30:27,mapir-ffmpeg,29.94%,169MiB / 30.66GiB,0.54%,0B / 0B,0B / 1.3MB,33
2026-07-30 20:30:27,nav2,6.65%,196.6MiB / 30.66GiB,0.63%,0B / 0B,0B / 1.19MB,93
2026-07-30 20:30:27,glim,75.92%,314.4MiB / 30.66GiB,1.00%,0B / 0B,0B / 11.6MB,37
2026-07-30 20:30:30,foxglove,12.45%,464.2MiB / 30.66GiB,1.48%,0B / 0B,0B / 3.31MB,31
2026-07-30 20:30:30,docker-recorder-run-c43348258146,0.00%,10.29MiB / 30.66GiB,0.03%,0B / 0B,0B / 9.52MB,1
2026-07-30 20:30:30,ouster,7.31%,119.9MiB / 30.66GiB,0.38%,0B / 0B,131kB / 2.85MB,29
2026-07-30 20:30:30,scovox,65.04%,292.9MiB / 30.66GiB,0.93%,0B / 0B,0B / 3.6MB,53
2026-07-30 20:30:30,openzen,2.52%,33MiB / 30.66GiB,0.11%,0B / 0B,0B / 2.15MB,20
2026-07-30 20:30:30,trav_ros2,101.79%,381.2MiB / 30.66GiB,1.21%,0B / 0B,0B / 13.8MB,44
2026-07-30 20:30:30,realsense,17.09%,92.62MiB / 30.66GiB,0.29%,0B / 0B,0B / 3.2MB,33
2026-07-30 20:30:30,mapir-ffmpeg,29.49%,169MiB / 30.66GiB,0.54%,0B / 0B,0B / 1.3MB,33
2026-07-30 20:30:30,nav2,6.06%,196.8MiB / 30.66GiB,0.63%,0B / 0B,0B / 1.19MB,93
2026-07-30 20:30:30,glim,75.25%,314.6MiB / 30.66GiB,1.00%,0B / 0B,0B / 11.6MB,37
2026-07-30 20:30:33,foxglove,12.37%,463.7MiB / 30.66GiB,1.48%,0B / 0B,0B / 3.31MB,31
2026-07-30 20:30:33,docker-recorder-run-c43348258146,0.00%,10.29MiB / 30.66GiB,0.03%,0B / 0B,0B / 9.52MB,1
2026-07-30 20:30:33,ouster,7.71%,119.4MiB / 30.66GiB,0.38%,0B / 0B,131kB / 2.85MB,29
2026-07-30 20:30:33,scovox,73.70%,254MiB / 30.66GiB,0.81%,0B / 0B,0B / 3.6MB,53
2026-07-30 20:30:33,openzen,2.82%,32.17MiB / 30.66GiB,0.10%,0B / 0B,0B / 2.15MB,20
2026-07-30 20:30:33,trav_ros2,101.81%,381.2MiB / 30.66GiB,1.21%,0B / 0B,0B / 13.8MB,44
2026-07-30 20:30:33,realsense,17.46%,92.91MiB / 30.66GiB,0.30%,0B / 0B,0B / 3.2MB,33
2026-07-30 20:30:33,mapir-ffmpeg,29.36%,168.5MiB / 30.66GiB,0.54%,0B / 0B,0B / 1.3MB,33
2026-07-30 20:30:33,nav2,6.22%,196.8MiB / 30.66GiB,0.63%,0B / 0B,0B / 1.19MB,93
2026-07-30 20:30:33,glim,76.11%,314.4MiB / 30.66GiB,1.00%,0B / 0B,0B / 11.6MB,37
2026-07-30 20:30:36,foxglove,12.19%,455.9MiB / 30.66GiB,1.45%,0B / 0B,0B / 3.33MB,31
2026-07-30 20:30:36,docker-recorder-run-c43348258146,0.00%,10.29MiB / 30.66GiB,0.03%,0B / 0B,0B / 9.52MB,1
2026-07-30 20:30:36,ouster,7.43%,119.1MiB / 30.66GiB,0.38%,0B / 0B,131kB / 2.85MB,29
2026-07-30 20:30:36,scovox,76.62%,254.6MiB / 30.66GiB,0.81%,0B / 0B,0B / 3.69MB,53
2026-07-30 20:30:36,openzen,2.51%,32.18MiB / 30.66GiB,0.10%,0B / 0B,0B / 2.15MB,20
2026-07-30 20:30:36,trav_ros2,101.57%,375.8MiB / 30.66GiB,1.20%,0B / 0B,0B / 13.8MB,44
2026-07-30 20:30:36,realsense,16.82%,92.93MiB / 30.66GiB,0.30%,0B / 0B,0B / 3.2MB,33
2026-07-30 20:30:36,mapir-ffmpeg,29.23%,168.5MiB / 30.66GiB,0.54%,0B / 0B,0B / 1.3MB,33
2026-07-30 20:30:36,nav2,5.55%,196.9MiB / 30.66GiB,0.63%,0B / 0B,0B / 1.2MB,93
2026-07-30 20:30:36,glim,73.69%,314.7MiB / 30.66GiB,1.00%,0B / 0B,0B / 11.6MB,37
2026-07-30 20:30:40,foxglove,11.23%,455.7MiB / 30.66GiB,1.45%,0B / 0B,0B / 3.33MB,31
2026-07-30 20:30:40,docker-recorder-run-c43348258146,0.00%,10.29MiB / 30.66GiB,0.03%,0B / 0B,0B / 9.52MB,1
2026-07-30 20:30:40,ouster,7.35%,119.1MiB / 30.66GiB,0.38%,0B / 0B,131kB / 2.85MB,29
2026-07-30 20:30:40,scovox,55.43%,283.2MiB / 30.66GiB,0.90%,0B / 0B,0B / 3.69MB,53
2026-07-30 20:30:40,openzen,2.56%,32.44MiB / 30.66GiB,0.10%,0B / 0B,0B / 2.15MB,20
2026-07-30 20:30:40,trav_ros2,101.36%,379.9MiB / 30.66GiB,1.21%,0B / 0B,0B / 13.8MB,44
2026-07-30 20:30:40,realsense,16.88%,92.3MiB / 30.66GiB,0.29%,0B / 0B,0B / 3.2MB,33
2026-07-30 20:30:40,mapir-ffmpeg,29.65%,169MiB / 30.66GiB,0.54%,0B / 0B,0B / 1.31MB,33
2026-07-30 20:30:40,nav2,6.60%,198.7MiB / 30.66GiB,0.63%,0B / 0B,0B / 1.2MB,93
2026-07-30 20:30:40,glim,77.67%,315.1MiB / 30.66GiB,1.00%,0B / 0B,0B / 11.6MB,37
2026-07-30 20:30:43,foxglove,11.85%,463.9MiB / 30.66GiB,1.48%,0B / 0B,0B / 3.34MB,31
2026-07-30 20:30:43,docker-recorder-run-c43348258146,0.00%,10.29MiB / 30.66GiB,0.03%,0B / 0B,0B / 9.52MB,1
2026-07-30 20:30:43,ouster,7.21%,119.2MiB / 30.66GiB,0.38%,0B / 0B,131kB / 2.85MB,29
2026-07-30 20:30:43,scovox,80.60%,255.7MiB / 30.66GiB,0.81%,0B / 0B,0B / 3.69MB,53
2026-07-30 20:30:43,openzen,2.55%,32.47MiB / 30.66GiB,0.10%,0B / 0B,0B / 2.15MB,20
2026-07-30 20:30:43,trav_ros2,101.48%,383.8MiB / 30.66GiB,1.22%,0B / 0B,0B / 13.8MB,44
2026-07-30 20:30:43,realsense,16.86%,91.85MiB / 30.66GiB,0.29%,0B / 0B,0B / 3.2MB,33
2026-07-30 20:30:43,mapir-ffmpeg,29.50%,168.8MiB / 30.66GiB,0.54%,0B / 0B,0B / 1.31MB,33
2026-07-30 20:30:43,nav2,6.01%,197.7MiB / 30.66GiB,0.63%,0B / 0B,0B / 1.2MB,93
2026-07-30 20:30:43,glim,76.97%,315.9MiB / 30.66GiB,1.01%,0B / 0B,0B / 11.6MB,37
2026-07-30 20:30:46,foxglove,11.24%,457.9MiB / 30.66GiB,1.46%,0B / 0B,0B / 3.34MB,31
2026-07-30 20:30:46,docker-recorder-run-c43348258146,0.00%,10.29MiB / 30.66GiB,0.03%,0B / 0B,0B / 9.52MB,1
2026-07-30 20:30:46,ouster,7.18%,119MiB / 30.66GiB,0.38%,0B / 0B,131kB / 2.85MB,29
2026-07-30 20:30:46,scovox,53.25%,288.8MiB / 30.66GiB,0.92%,0B / 0B,0B / 3.69MB,53
2026-07-30 20:30:46,openzen,2.39%,32.23MiB / 30.66GiB,0.10%,0B / 0B,0B / 2.15MB,20
2026-07-30 20:30:46,trav_ros2,101.79%,380MiB / 30.66GiB,1.21%,0B / 0B,0B / 13.8MB,44
2026-07-30 20:30:46,realsense,16.81%,91.6MiB / 30.66GiB,0.29%,0B / 0B,0B / 3.2MB,33
2026-07-30 20:30:46,mapir-ffmpeg,28.99%,168.8MiB / 30.66GiB,0.54%,0B / 0B,0B / 1.31MB,33
2026-07-30 20:30:46,nav2,5.86%,197.7MiB / 30.66GiB,0.63%,0B / 0B,0B / 1.2MB,93
2026-07-30 20:30:46,glim,75.38%,318.6MiB / 30.66GiB,1.01%,0B / 0B,0B / 11.6MB,37
2026-07-30 20:30:49,foxglove,11.37%,456.1MiB / 30.66GiB,1.45%,0B / 0B,0B / 3.34MB,31
2026-07-30 20:30:49,docker-recorder-run-c43348258146,0.00%,10.29MiB / 30.66GiB,0.03%,0B / 0B,0B / 9.52MB,1
2026-07-30 20:30:49,ouster,7.45%,119.9MiB / 30.66GiB,0.38%,0B / 0B,131kB / 2.85MB,29
2026-07-30 20:30:49,scovox,76.32%,254.8MiB / 30.66GiB,0.81%,0B / 0B,0B / 3.69MB,53
2026-07-30 20:30:49,openzen,2.50%,32.27MiB / 30.66GiB,0.10%,0B / 0B,0B / 2.15MB,20
2026-07-30 20:30:49,trav_ros2,101.37%,367.6MiB / 30.66GiB,1.17%,0B / 0B,0B / 13.8MB,44
2026-07-30 20:30:49,realsense,17.03%,91.89MiB / 30.66GiB,0.29%,0B / 0B,0B / 3.2MB,33
2026-07-30 20:30:49,mapir-ffmpeg,29.01%,169.1MiB / 30.66GiB,0.54%,0B / 0B,0B / 1.31MB,33
2026-07-30 20:30:49,nav2,6.02%,197.9MiB / 30.66GiB,0.63%,0B / 0B,0B / 1.2MB,93
2026-07-30 20:30:49,glim,77.57%,328.4MiB / 30.66GiB,1.05%,0B / 0B,0B / 11.6MB,37
2026-07-30 20:30:52,foxglove,11.40%,455.9MiB / 30.66GiB,1.45%,0B / 0B,0B / 3.34MB,31
2026-07-30 20:30:52,docker-recorder-run-c43348258146,0.00%,10.29MiB / 30.66GiB,0.03%,0B / 0B,0B / 9.52MB,1
2026-07-30 20:30:52,ouster,7.25%,119.4MiB / 30.66GiB,0.38%,0B / 0B,131kB / 2.85MB,29
2026-07-30 20:30:52,scovox,61.71%,293.1MiB / 30.66GiB,0.93%,0B / 0B,0B / 3.69MB,53
2026-07-30 20:30:52,openzen,2.36%,32.28MiB / 30.66GiB,0.10%,0B / 0B,0B / 2.15MB,20
2026-07-30 20:30:52,trav_ros2,102.04%,383.3MiB / 30.66GiB,1.22%,0B / 0B,0B / 13.8MB,44
2026-07-30 20:30:52,realsense,16.64%,91.66MiB / 30.66GiB,0.29%,0B / 0B,0B / 3.2MB,33
2026-07-30 20:30:52,mapir-ffmpeg,28.76%,169.4MiB / 30.66GiB,0.54%,0B / 0B,0B / 1.31MB,33
2026-07-30 20:30:52,nav2,6.63%,196.8MiB / 30.66GiB,0.63%,0B / 0B,0B / 1.2MB,93
2026-07-30 20:30:52,glim,78.56%,330.8MiB / 30.66GiB,1.05%,0B / 0B,0B / 11.6MB,37
2026-07-30 20:30:55,foxglove,12.04%,463.7MiB / 30.66GiB,1.48%,0B / 0B,0B / 3.34MB,31
2026-07-30 20:30:55,docker-recorder-run-c43348258146,0.00%,10.29MiB / 30.66GiB,0.03%,0B / 0B,0B / 9.52MB,1
2026-07-30 20:30:55,ouster,7.33%,119.3MiB / 30.66GiB,0.38%,0B / 0B,131kB / 2.85MB,29
2026-07-30 20:30:55,scovox,65.31%,255.5MiB / 30.66GiB,0.81%,0B / 0B,0B / 3.69MB,53
2026-07-30 20:30:55,openzen,2.37%,32.78MiB / 30.66GiB,0.10%,0B / 0B,0B / 2.15MB,20
2026-07-30 20:30:55,trav_ros2,101.97%,385.1MiB / 30.66GiB,1.23%,0B / 0B,0B / 13.8MB,44
2026-07-30 20:30:55,realsense,17.17%,91.91MiB / 30.66GiB,0.29%,0B / 0B,0B / 3.2MB,33
2026-07-30 20:30:55,mapir-ffmpeg,29.17%,168.7MiB / 30.66GiB,0.54%,0B / 0B,0B / 1.31MB,33
2026-07-30 20:30:55,nav2,5.99%,197MiB / 30.66GiB,0.63%,0B / 0B,0B / 1.2MB,93
2026-07-30 20:30:55,glim,77.59%,330.8MiB / 30.66GiB,1.05%,0B / 0B,0B / 11.6MB,37
2026-07-30 20:30:58,foxglove,11.63%,455.9MiB / 30.66GiB,1.45%,0B / 0B,0B / 3.34MB,31
2026-07-30 20:30:58,docker-recorder-run-c43348258146,0.00%,10.29MiB / 30.66GiB,0.03%,0B / 0B,0B / 9.52MB,1
2026-07-30 20:30:58,ouster,7.75%,119.7MiB / 30.66GiB,0.38%,0B / 0B,131kB / 2.85MB,29
2026-07-30 20:30:58,scovox,75.12%,258.5MiB / 30.66GiB,0.82%,0B / 0B,0B / 3.69MB,53
2026-07-30 20:30:58,openzen,2.52%,32.32MiB / 30.66GiB,0.10%,0B / 0B,0B / 2.15MB,20
2026-07-30 20:30:58,trav_ros2,102.31%,376.4MiB / 30.66GiB,1.20%,0B / 0B,0B / 13.8MB,44
2026-07-30 20:30:58,realsense,17.65%,91.7MiB / 30.66GiB,0.29%,0B / 0B,0B / 3.2MB,33
2026-07-30 20:30:58,mapir-ffmpeg,28.85%,168.8MiB / 30.66GiB,0.54%,0B / 0B,0B / 1.31MB,33
2026-07-30 20:30:58,nav2,5.89%,195.4MiB / 30.66GiB,0.62%,0B / 0B,0B / 1.2MB,93
2026-07-30 20:30:58,glim,74.15%,331.6MiB / 30.66GiB,1.06%,0B / 0B,0B / 11.6MB,37
2026-07-30 20:31:01,foxglove,12.18%,463.9MiB / 30.66GiB,1.48%,0B / 0B,0B / 3.34MB,31
2026-07-30 20:31:01,docker-recorder-run-c43348258146,0.00%,10.29MiB / 30.66GiB,0.03%,0B / 0B,0B / 9.52MB,1
2026-07-30 20:31:01,ouster,7.46%,119.6MiB / 30.66GiB,0.38%,0B / 0B,131kB / 2.85MB,29
2026-07-30 20:31:01,scovox,63.67%,289.8MiB / 30.66GiB,0.92%,0B / 0B,0B / 3.69MB,53
2026-07-30 20:31:01,openzen,2.54%,32.33MiB / 30.66GiB,0.10%,0B / 0B,0B / 2.15MB,20
2026-07-30 20:31:01,trav_ros2,101.76%,378.7MiB / 30.66GiB,1.21%,0B / 0B,0B / 13.8MB,44
2026-07-30 20:31:01,realsense,17.03%,91.7MiB / 30.66GiB,0.29%,0B / 0B,0B / 3.2MB,33
2026-07-30 20:31:01,mapir-ffmpeg,28.80%,169MiB / 30.66GiB,0.54%,0B / 0B,0B / 1.31MB,33
2026-07-30 20:31:01,nav2,6.02%,195.6MiB / 30.66GiB,0.62%,0B / 0B,0B / 1.2MB,93
2026-07-30 20:31:01,glim,79.96%,330.8MiB / 30.66GiB,1.05%,0B / 0B,0B / 11.6MB,37
2026-07-30 20:31:05,foxglove,12.29%,463.8MiB / 30.66GiB,1.48%,0B / 0B,0B / 3.34MB,31
2026-07-30 20:31:05,docker-recorder-run-c43348258146,0.00%,10.29MiB / 30.66GiB,0.03%,0B / 0B,0B / 9.52MB,1
2026-07-30 20:31:05,ouster,7.87%,119.3MiB / 30.66GiB,0.38%,0B / 0B,131kB / 2.85MB,29
2026-07-30 20:31:05,scovox,85.54%,235.3MiB / 30.66GiB,0.75%,0B / 0B,0B / 3.69MB,53
2026-07-30 20:31:05,openzen,2.56%,32.61MiB / 30.66GiB,0.10%,0B / 0B,0B / 2.15MB,20
2026-07-30 20:31:05,trav_ros2,102.13%,393.8MiB / 30.66GiB,1.25%,0B / 0B,0B / 13.8MB,44
2026-07-30 20:31:05,realsense,17.59%,91.98MiB / 30.66GiB,0.29%,0B / 0B,0B / 3.2MB,33
2026-07-30 20:31:05,mapir-ffmpeg,29.69%,169.6MiB / 30.66GiB,0.54%,0B / 0B,0B / 1.31MB,33
2026-07-30 20:31:05,nav2,6.61%,194MiB / 30.66GiB,0.62%,0B / 0B,0B / 1.2MB,93
2026-07-30 20:31:05,glim,75.94%,331.7MiB / 30.66GiB,1.06%,0B / 0B,0B / 11.6MB,37
2026-07-30 20:31:08,foxglove,12.25%,463.8MiB / 30.66GiB,1.48%,0B / 0B,0B / 3.34MB,31
2026-07-30 20:31:08,docker-recorder-run-c43348258146,0.00%,10.29MiB / 30.66GiB,0.03%,0B / 0B,0B / 9.52MB,1
2026-07-30 20:31:08,ouster,7.38%,119.4MiB / 30.66GiB,0.38%,0B / 0B,131kB / 2.85MB,29
2026-07-30 20:31:08,scovox,57.34%,288.8MiB / 30.66GiB,0.92%,0B / 0B,0B / 3.78MB,53
2026-07-30 20:31:08,openzen,2.55%,32.62MiB / 30.66GiB,0.10%,0B / 0B,0B / 2.15MB,20
2026-07-30 20:31:08,trav_ros2,101.90%,379.6MiB / 30.66GiB,1.21%,0B / 0B,0B / 13.8MB,44
2026-07-30 20:31:08,realsense,17.15%,92MiB / 30.66GiB,0.29%,0B / 0B,0B / 3.2MB,33
2026-07-30 20:31:08,mapir-ffmpeg,29.44%,169.1MiB / 30.66GiB,0.54%,0B / 0B,0B / 1.31MB,33
2026-07-30 20:31:08,nav2,6.27%,197.4MiB / 30.66GiB,0.63%,0B / 0B,0B / 1.2MB,93
2026-07-30 20:31:08,glim,78.10%,332.6MiB / 30.66GiB,1.06%,0B / 0B,0B / 11.6MB,37
2026-07-30 20:31:11,foxglove,11.64%,463.9MiB / 30.66GiB,1.48%,0B / 0B,0B / 3.34MB,31
2026-07-30 20:31:11,docker-recorder-run-c43348258146,0.00%,10.29MiB / 30.66GiB,0.03%,0B / 0B,0B / 9.52MB,1
2026-07-30 20:31:11,ouster,7.76%,119.6MiB / 30.66GiB,0.38%,0B / 0B,131kB / 2.85MB,29
2026-07-30 20:31:11,scovox,76.60%,255.9MiB / 30.66GiB,0.81%,0B / 0B,0B / 3.79MB,53
2026-07-30 20:31:11,openzen,2.35%,32.38MiB / 30.66GiB,0.10%,0B / 0B,0B / 2.15MB,20
2026-07-30 20:31:11,trav_ros2,100.96%,379.7MiB / 30.66GiB,1.21%,0B / 0B,0B / 13.8MB,44
2026-07-30 20:31:11,realsense,17.19%,92MiB / 30.66GiB,0.29%,0B / 0B,0B / 3.2MB,33
2026-07-30 20:31:11,mapir-ffmpeg,30.24%,168.9MiB / 30.66GiB,0.54%,0B / 0B,0B / 1.31MB,33
2026-07-30 20:31:11,nav2,5.98%,193.3MiB / 30.66GiB,0.62%,0B / 0B,0B / 1.2MB,93
2026-07-30 20:31:11,glim,76.15%,348.5MiB / 30.66GiB,1.11%,0B / 0B,0B / 11.6MB,37
2026-07-30 20:31:14,foxglove,11.50%,455.8MiB / 30.66GiB,1.45%,0B / 0B,0B / 3.34MB,31
2026-07-30 20:31:14,docker-recorder-run-c43348258146,0.00%,10.29MiB / 30.66GiB,0.03%,0B / 0B,0B / 9.52MB,1
2026-07-30 20:31:14,ouster,7.39%,120MiB / 30.66GiB,0.38%,0B / 0B,131kB / 2.85MB,29
2026-07-30 20:31:14,scovox,58.25%,292.8MiB / 30.66GiB,0.93%,0B / 0B,0B / 3.79MB,53
2026-07-30 20:31:14,openzen,2.47%,32.42MiB / 30.66GiB,0.10%,0B / 0B,0B / 2.15MB,20
2026-07-30 20:31:14,trav_ros2,101.73%,379.5MiB / 30.66GiB,1.21%,0B / 0B,0B / 13.8MB,44
2026-07-30 20:31:14,realsense,17.65%,92.04MiB / 30.66GiB,0.29%,0B / 0B,0B / 3.2MB,33
2026-07-30 20:31:14,mapir-ffmpeg,28.96%,168.9MiB / 30.66GiB,0.54%,0B / 0B,0B / 1.32MB,33
2026-07-30 20:31:14,nav2,5.56%,193.8MiB / 30.66GiB,0.62%,0B / 0B,0B / 1.22MB,93
2026-07-30 20:31:14,glim,78.88%,349MiB / 30.66GiB,1.11%,0B / 0B,0B / 11.6MB,37
2026-07-30 20:31:17,foxglove,11.89%,463.8MiB / 30.66GiB,1.48%,0B / 0B,0B / 3.34MB,31
2026-07-30 20:31:17,docker-recorder-run-c43348258146,0.00%,10.29MiB / 30.66GiB,0.03%,0B / 0B,0B / 9.52MB,1
2026-07-30 20:31:17,ouster,7.31%,119.9MiB / 30.66GiB,0.38%,0B / 0B,131kB / 2.85MB,29
2026-07-30 20:31:17,scovox,80.37%,256.4MiB / 30.66GiB,0.82%,0B / 0B,0B / 3.79MB,53
2026-07-30 20:31:17,openzen,2.38%,32.43MiB / 30.66GiB,0.10%,0B / 0B,0B / 2.15MB,20
2026-07-30 20:31:17,trav_ros2,101.25%,380.1MiB / 30.66GiB,1.21%,0B / 0B,0B / 13.8MB,44
2026-07-30 20:31:17,realsense,16.90%,91.8MiB / 30.66GiB,0.29%,0B / 0B,0B / 3.2MB,33
2026-07-30 20:31:17,mapir-ffmpeg,28.64%,169.2MiB / 30.66GiB,0.54%,0B / 0B,0B / 1.32MB,33
2026-07-30 20:31:17,nav2,6.07%,190MiB / 30.66GiB,0.61%,0B / 0B,0B / 1.22MB,93
2026-07-30 20:31:17,glim,77.09%,351.8MiB / 30.66GiB,1.12%,0B / 0B,0B / 11.6MB,37
2026-07-30 20:31:20,foxglove,12.22%,464MiB / 30.66GiB,1.48%,0B / 0B,0B / 3.34MB,31
2026-07-30 20:31:20,docker-recorder-run-c43348258146,0.00%,10.29MiB / 30.66GiB,0.03%,0B / 0B,0B / 9.52MB,1
2026-07-30 20:31:20,ouster,8.07%,119.5MiB / 30.66GiB,0.38%,0B / 0B,131kB / 2.85MB,29
2026-07-30 20:31:20,scovox,67.80%,257.2MiB / 30.66GiB,0.82%,0B / 0B,0B / 3.79MB,53
2026-07-30 20:31:20,openzen,2.74%,32.71MiB / 30.66GiB,0.10%,0B / 0B,0B / 2.15MB,20
2026-07-30 20:31:20,trav_ros2,100.90%,383.4MiB / 30.66GiB,1.22%,0B / 0B,0B / 13.8MB,44
2026-07-30 20:31:20,realsense,17.00%,92.32MiB / 30.66GiB,0.29%,0B / 0B,0B / 3.2MB,33
2026-07-30 20:31:20,mapir-ffmpeg,29.41%,169.8MiB / 30.66GiB,0.54%,0B / 0B,0B / 1.32MB,33
2026-07-30 20:31:20,nav2,6.70%,194.2MiB / 30.66GiB,0.62%,0B / 0B,0B / 1.22MB,93
2026-07-30 20:31:20,glim,74.64%,353MiB / 30.66GiB,1.12%,0B / 0B,0B / 11.6MB,37
2026-07-30 20:31:23,foxglove,11.99%,465.8MiB / 30.66GiB,1.48%,0B / 0B,0B / 3.34MB,31
2026-07-30 20:31:23,docker-recorder-run-c43348258146,0.00%,10.29MiB / 30.66GiB,0.03%,0B / 0B,0B / 9.52MB,1
2026-07-30 20:31:23,ouster,7.42%,119.7MiB / 30.66GiB,0.38%,0B / 0B,131kB / 2.85MB,29
2026-07-30 20:31:23,scovox,68.22%,281.6MiB / 30.66GiB,0.90%,0B / 0B,0B / 3.79MB,53
2026-07-30 20:31:23,openzen,2.53%,32.48MiB / 30.66GiB,0.10%,0B / 0B,0B / 2.15MB,20
2026-07-30 20:31:23,trav_ros2,101.26%,383.5MiB / 30.66GiB,1.22%,0B / 0B,0B / 13.8MB,44
2026-07-30 20:31:23,realsense,16.58%,91.85MiB / 30.66GiB,0.29%,0B / 0B,0B / 3.2MB,33
2026-07-30 20:31:23,mapir-ffmpeg,29.24%,169.1MiB / 30.66GiB,0.54%,0B / 0B,0B / 1.32MB,33
2026-07-30 20:31:23,nav2,6.26%,194MiB / 30.66GiB,0.62%,0B / 0B,0B / 1.22MB,93
2026-07-30 20:31:23,glim,78.96%,353.2MiB / 30.66GiB,1.12%,0B / 0B,0B / 11.6MB,37
2026-07-30 20:31:26,foxglove,12.27%,463.7MiB / 30.66GiB,1.48%,0B / 0B,0B / 3.34MB,31
2026-07-30 20:31:26,docker-recorder-run-c43348258146,0.00%,10.29MiB / 30.66GiB,0.03%,0B / 0B,0B / 9.52MB,1
2026-07-30 20:31:26,ouster,7.26%,119.7MiB / 30.66GiB,0.38%,0B / 0B,131kB / 2.85MB,29
2026-07-30 20:31:26,scovox,76.81%,257.3MiB / 30.66GiB,0.82%,0B / 0B,0B / 3.79MB,53
2026-07-30 20:31:26,openzen,2.53%,32.48MiB / 30.66GiB,0.10%,0B / 0B,0B / 2.15MB,20
2026-07-30 20:31:26,trav_ros2,100.87%,379.9MiB / 30.66GiB,1.21%,0B / 0B,0B / 13.8MB,44
2026-07-30 20:31:26,realsense,16.67%,92.1MiB / 30.66GiB,0.29%,0B / 0B,0B / 3.2MB,33
2026-07-30 20:31:26,mapir-ffmpeg,29.12%,169.1MiB / 30.66GiB,0.54%,0B / 0B,0B / 1.32MB,33
2026-07-30 20:31:26,nav2,6.10%,194.1MiB / 30.66GiB,0.62%,0B / 0B,0B / 1.22MB,93
2026-07-30 20:31:26,glim,78.28%,338.9MiB / 30.66GiB,1.08%,0B / 0B,0B / 11.6MB,37
2026-07-30 20:31:30,foxglove,11.80%,464MiB / 30.66GiB,1.48%,0B / 0B,0B / 3.34MB,31
2026-07-30 20:31:30,docker-recorder-run-c43348258146,0.00%,10.29MiB / 30.66GiB,0.03%,0B / 0B,0B / 9.52MB,1
2026-07-30 20:31:30,ouster,7.24%,120.2MiB / 30.66GiB,0.38%,0B / 0B,131kB / 2.85MB,29
2026-07-30 20:31:30,scovox,57.03%,287.3MiB / 30.66GiB,0.92%,0B / 0B,0B / 3.79MB,53
2026-07-30 20:31:30,openzen,2.51%,32.52MiB / 30.66GiB,0.10%,0B / 0B,0B / 2.15MB,20
2026-07-30 20:31:30,trav_ros2,101.44%,416.8MiB / 30.66GiB,1.33%,0B / 0B,0B / 13.8MB,44
2026-07-30 20:31:30,realsense,17.18%,92.14MiB / 30.66GiB,0.29%,0B / 0B,0B / 3.2MB,33
2026-07-30 20:31:30,mapir-ffmpeg,28.71%,169.9MiB / 30.66GiB,0.54%,0B / 0B,0B / 1.32MB,33
2026-07-30 20:31:30,nav2,6.43%,198.1MiB / 30.66GiB,0.63%,0B / 0B,0B / 1.22MB,93
2026-07-30 20:31:30,glim,80.49%,341MiB / 30.66GiB,1.09%,0B / 0B,0B / 11.6MB,37
2026-07-30 20:31:33,foxglove,11.92%,463.7MiB / 30.66GiB,1.48%,0B / 0B,0B / 3.34MB,31
2026-07-30 20:31:33,docker-recorder-run-c43348258146,0.00%,10.29MiB / 30.66GiB,0.03%,0B / 0B,0B / 9.52MB,1
2026-07-30 20:31:33,ouster,7.37%,119.6MiB / 30.66GiB,0.38%,0B / 0B,131kB / 2.85MB,29
2026-07-30 20:31:33,scovox,74.50%,256.7MiB / 30.66GiB,0.82%,0B / 0B,0B / 3.79MB,53
2026-07-30 20:31:33,openzen,2.46%,32.53MiB / 30.66GiB,0.10%,0B / 0B,0B / 2.15MB,20
2026-07-30 20:31:33,trav_ros2,101.53%,375.6MiB / 30.66GiB,1.20%,0B / 0B,0B / 13.8MB,44
2026-07-30 20:31:33,realsense,16.70%,92.4MiB / 30.66GiB,0.29%,0B / 0B,0B / 3.2MB,33
2026-07-30 20:31:33,mapir-ffmpeg,29.68%,169.4MiB / 30.66GiB,0.54%,0B / 0B,0B / 1.32MB,33
2026-07-30 20:31:33,nav2,6.13%,194.1MiB / 30.66GiB,0.62%,0B / 0B,0B / 1.22MB,93
2026-07-30 20:31:33,glim,79.82%,343MiB / 30.66GiB,1.09%,0B / 0B,0B / 11.6MB,37
2026-07-30 20:31:36,foxglove,11.52%,456.1MiB / 30.66GiB,1.45%,0B / 0B,0B / 3.34MB,31
2026-07-30 20:31:36,docker-recorder-run-c43348258146,0.00%,10.29MiB / 30.66GiB,0.03%,0B / 0B,0B / 9.52MB,1
2026-07-30 20:31:36,ouster,7.69%,119.6MiB / 30.66GiB,0.38%,0B / 0B,131kB / 2.85MB,29
2026-07-30 20:31:36,scovox,57.78%,291.4MiB / 30.66GiB,0.93%,0B / 0B,0B / 3.79MB,53
2026-07-30 20:31:36,openzen,2.53%,33.05MiB / 30.66GiB,0.11%,0B / 0B,0B / 2.15MB,20
2026-07-30 20:31:36,trav_ros2,101.31%,383.4MiB / 30.66GiB,1.22%,0B / 0B,0B / 13.8MB,44
2026-07-30 20:31:36,realsense,17.26%,91.93MiB / 30.66GiB,0.29%,0B / 0B,0B / 3.2MB,33
2026-07-30 20:31:36,mapir-ffmpeg,29.38%,169.9MiB / 30.66GiB,0.54%,0B / 0B,0B / 1.32MB,33
2026-07-30 20:31:36,nav2,6.23%,194.9MiB / 30.66GiB,0.62%,0B / 0B,0B / 1.22MB,93
2026-07-30 20:31:36,glim,73.74%,342.8MiB / 30.66GiB,1.09%,0B / 0B,0B / 11.6MB,37
2026-07-30 20:31:39,foxglove,11.17%,456.1MiB / 30.66GiB,1.45%,0B / 0B,0B / 3.34MB,31
2026-07-30 20:31:39,docker-recorder-run-c43348258146,0.00%,10.29MiB / 30.66GiB,0.03%,0B / 0B,0B / 9.52MB,1
2026-07-30 20:31:39,ouster,7.43%,120.4MiB / 30.66GiB,0.38%,0B / 0B,131kB / 2.85MB,29
2026-07-30 20:31:39,scovox,78.53%,256.7MiB / 30.66GiB,0.82%,0B / 0B,0B / 3.79MB,53
2026-07-30 20:31:39,openzen,2.44%,32.58MiB / 30.66GiB,0.10%,0B / 0B,0B / 2.15MB,20
2026-07-30 20:31:39,trav_ros2,101.09%,379.6MiB / 30.66GiB,1.21%,0B / 0B,0B / 13.8MB,44
2026-07-30 20:31:39,realsense,16.58%,92.44MiB / 30.66GiB,0.29%,0B / 0B,0B / 3.2MB,33
2026-07-30 20:31:39,mapir-ffmpeg,28.77%,169MiB / 30.66GiB,0.54%,0B / 0B,0B / 1.32MB,33
2026-07-30 20:31:39,nav2,5.57%,198.2MiB / 30.66GiB,0.63%,0B / 0B,0B / 1.22MB,93
2026-07-30 20:31:39,glim,72.95%,343.7MiB / 30.66GiB,1.09%,0B / 0B,0B / 11.6MB,37
2026-07-30 20:31:42,foxglove,12.46%,463.8MiB / 30.66GiB,1.48%,0B / 0B,0B / 3.34MB,31
2026-07-30 20:31:42,docker-recorder-run-c43348258146,0.00%,10.29MiB / 30.66GiB,0.03%,0B / 0B,0B / 9.52MB,1
2026-07-30 20:31:42,ouster,7.17%,119.9MiB / 30.66GiB,0.38%,0B / 0B,131kB / 2.85MB,29
2026-07-30 20:31:42,scovox,62.47%,295MiB / 30.66GiB,0.94%,0B / 0B,0B / 3.89MB,53
2026-07-30 20:31:42,openzen,2.31%,32.58MiB / 30.66GiB,0.10%,0B / 0B,0B / 2.15MB,20
2026-07-30 20:31:42,trav_ros2,101.16%,364.2MiB / 30.66GiB,1.16%,0B / 0B,0B / 13.8MB,44
2026-07-30 20:31:42,realsense,16.88%,92.2MiB / 30.66GiB,0.29%,0B / 0B,0B / 3.2MB,33
2026-07-30 20:31:42,mapir-ffmpeg,28.84%,169.3MiB / 30.66GiB,0.54%,0B / 0B,0B / 1.32MB,33
2026-07-30 20:31:42,nav2,5.87%,194.5MiB / 30.66GiB,0.62%,0B / 0B,0B / 1.22MB,93
2026-07-30 20:31:42,glim,76.95%,344.5MiB / 30.66GiB,1.10%,0B / 0B,0B / 11.6MB,37
2026-07-30 20:31:45,foxglove,11.17%,455.9MiB / 30.66GiB,1.45%,0B / 0B,0B / 3.34MB,31
2026-07-30 20:31:45,docker-recorder-run-c43348258146,0.00%,10.29MiB / 30.66GiB,0.03%,0B / 0B,0B / 9.52MB,1
2026-07-30 20:31:45,ouster,7.26%,120.2MiB / 30.66GiB,0.38%,0B / 0B,131kB / 2.85MB,29
2026-07-30 20:31:45,scovox,63.83%,257.8MiB / 30.66GiB,0.82%,0B / 0B,0B / 3.89MB,53
2026-07-30 20:31:45,openzen,2.59%,32.86MiB / 30.66GiB,0.10%,0B / 0B,0B / 2.15MB,20
2026-07-30 20:31:45,trav_ros2,101.39%,376.6MiB / 30.66GiB,1.20%,0B / 0B,0B / 13.8MB,44
2026-07-30 20:31:45,realsense,17.42%,92.24MiB / 30.66GiB,0.29%,0B / 0B,0B / 3.2MB,33
2026-07-30 20:31:45,mapir-ffmpeg,29.00%,169.6MiB / 30.66GiB,0.54%,0B / 0B,0B / 1.32MB,33
2026-07-30 20:31:45,nav2,5.83%,195.5MiB / 30.66GiB,0.62%,0B / 0B,0B / 1.22MB,93
2026-07-30 20:31:45,glim,76.96%,346.6MiB / 30.66GiB,1.10%,0B / 0B,0B / 11.6MB,37
2026-07-30 20:31:48,foxglove,11.42%,457.1MiB / 30.66GiB,1.46%,0B / 0B,0B / 3.34MB,31
2026-07-30 20:31:48,docker-recorder-run-c43348258146,0.00%,10.29MiB / 30.66GiB,0.03%,0B / 0B,0B / 9.52MB,1
2026-07-30 20:31:48,ouster,7.49%,119.8MiB / 30.66GiB,0.38%,0B / 0B,131kB / 2.85MB,29
2026-07-30 20:31:48,scovox,76.05%,256.9MiB / 30.66GiB,0.82%,0B / 0B,0B / 3.9MB,53
2026-07-30 20:31:48,openzen,2.48%,32.63MiB / 30.66GiB,0.10%,0B / 0B,0B / 2.15MB,20
2026-07-30 20:31:48,trav_ros2,101.60%,384MiB / 30.66GiB,1.22%,0B / 0B,0B / 13.8MB,44
2026-07-30 20:31:48,realsense,17.20%,92.25MiB / 30.66GiB,0.29%,0B / 0B,0B / 3.2MB,33
2026-07-30 20:31:48,mapir-ffmpeg,28.59%,169.1MiB / 30.66GiB,0.54%,0B / 0B,0B / 1.34MB,33
2026-07-30 20:31:48,nav2,5.73%,194.5MiB / 30.66GiB,0.62%,0B / 0B,0B / 1.24MB,93
2026-07-30 20:31:48,glim,72.61%,347.8MiB / 30.66GiB,1.11%,0B / 0B,0B / 11.6MB,37
2026-07-30 20:31:52,foxglove,12.13%,464.9MiB / 30.66GiB,1.48%,0B / 0B,0B / 3.34MB,31
2026-07-30 20:31:52,docker-recorder-run-c43348258146,0.00%,10.29MiB / 30.66GiB,0.03%,0B / 0B,0B / 9.52MB,1
2026-07-30 20:31:52,ouster,8.01%,120MiB / 30.66GiB,0.38%,0B / 0B,131kB / 2.85MB,29
2026-07-30 20:31:52,scovox,56.82%,285.4MiB / 30.66GiB,0.91%,0B / 0B,0B / 3.9MB,53
2026-07-30 20:31:52,openzen,2.63%,33.13MiB / 30.66GiB,0.11%,0B / 0B,0B / 2.15MB,20
2026-07-30 20:31:52,trav_ros2,101.75%,380.5MiB / 30.66GiB,1.21%,0B / 0B,0B / 13.8MB,44
2026-07-30 20:31:52,realsense,17.41%,92.51MiB / 30.66GiB,0.29%,0B / 0B,0B / 3.2MB,33
2026-07-30 20:31:52,mapir-ffmpeg,29.72%,169.4MiB / 30.66GiB,0.54%,0B / 0B,0B / 1.34MB,33
2026-07-30 20:31:52,nav2,6.13%,199.8MiB / 30.66GiB,0.64%,0B / 0B,0B / 1.24MB,93
2026-07-30 20:31:52,glim,76.76%,348.1MiB / 30.66GiB,1.11%,0B / 0B,0B / 11.6MB,37
2026-07-30 20:31:55,foxglove,11.33%,456.9MiB / 30.66GiB,1.46%,0B / 0B,0B / 3.34MB,31
2026-07-30 20:31:55,docker-recorder-run-c43348258146,0.00%,10.29MiB / 30.66GiB,0.03%,0B / 0B,0B / 9.52MB,1
2026-07-30 20:31:55,ouster,7.40%,119.7MiB / 30.66GiB,0.38%,0B / 0B,131kB / 2.85MB,29
2026-07-30 20:31:55,scovox,77.63%,257.9MiB / 30.66GiB,0.82%,0B / 0B,0B / 3.9MB,53
2026-07-30 20:31:55,openzen,2.57%,32.68MiB / 30.66GiB,0.10%,0B / 0B,0B / 2.15MB,20
2026-07-30 20:31:55,trav_ros2,100.90%,384.1MiB / 30.66GiB,1.22%,0B / 0B,0B / 13.8MB,44
2026-07-30 20:31:55,realsense,17.14%,92.54MiB / 30.66GiB,0.29%,0B / 0B,0B / 3.2MB,33
2026-07-30 20:31:55,mapir-ffmpeg,29.30%,169.7MiB / 30.66GiB,0.54%,0B / 0B,0B / 1.34MB,33
2026-07-30 20:31:55,nav2,5.71%,191.1MiB / 30.66GiB,0.61%,0B / 0B,0B / 1.24MB,93
2026-07-30 20:31:55,glim,81.89%,362.5MiB / 30.66GiB,1.15%,0B / 0B,0B / 11.6MB,37
2026-07-30 20:31:58,foxglove,11.52%,465.2MiB / 30.66GiB,1.48%,0B / 0B,0B / 3.34MB,31
2026-07-30 20:31:58,docker-recorder-run-c43348258146,0.00%,10.29MiB / 30.66GiB,0.03%,0B / 0B,0B / 9.52MB,1
2026-07-30 20:31:58,ouster,6.99%,119.9MiB / 30.66GiB,0.38%,0B / 0B,131kB / 2.85MB,29
2026-07-30 20:31:58,scovox,56.89%,290MiB / 30.66GiB,0.92%,0B / 0B,0B / 3.9MB,53
2026-07-30 20:31:58,openzen,2.47%,32.68MiB / 30.66GiB,0.10%,0B / 0B,0B / 2.15MB,20
2026-07-30 20:31:58,trav_ros2,101.37%,384.1MiB / 30.66GiB,1.22%,0B / 0B,0B / 13.8MB,44
2026-07-30 20:31:58,realsense,17.48%,92.3MiB / 30.66GiB,0.29%,0B / 0B,0B / 3.2MB,33
2026-07-30 20:31:58,mapir-ffmpeg,28.78%,169.5MiB / 30.66GiB,0.54%,0B / 0B,0B / 1.34MB,33
2026-07-30 20:31:58,nav2,5.63%,198.9MiB / 30.66GiB,0.63%,0B / 0B,0B / 1.24MB,93
2026-07-30 20:31:58,glim,77.92%,366.7MiB / 30.66GiB,1.17%,0B / 0B,0B / 11.6MB,37
2026-07-30 20:32:01,foxglove,12.06%,467.2MiB / 30.66GiB,1.49%,0B / 0B,0B / 3.34MB,31
2026-07-30 20:32:01,docker-recorder-run-c43348258146,0.00%,10.29MiB / 30.66GiB,0.03%,0B / 0B,0B / 9.52MB,1
2026-07-30 20:32:01,ouster,7.96%,120.1MiB / 30.66GiB,0.38%,0B / 0B,131kB / 2.85MB,29
2026-07-30 20:32:01,scovox,73.92%,257.5MiB / 30.66GiB,0.82%,0B / 0B,0B / 3.9MB,53
2026-07-30 20:32:01,openzen,2.46%,32.96MiB / 30.66GiB,0.10%,0B / 0B,0B / 2.15MB,20
2026-07-30 20:32:01,trav_ros2,98.57%,382MiB / 30.66GiB,1.22%,0B / 0B,0B / 13.8MB,44
2026-07-30 20:32:01,realsense,16.83%,92.34MiB / 30.66GiB,0.29%,0B / 0B,0B / 3.2MB,33
2026-07-30 20:32:01,mapir-ffmpeg,29.68%,170.3MiB / 30.66GiB,0.54%,0B / 0B,0B / 1.34MB,33
2026-07-30 20:32:01,nav2,6.18%,199.1MiB / 30.66GiB,0.63%,0B / 0B,0B / 1.24MB,93
2026-07-30 20:32:01,glim,76.27%,366.3MiB / 30.66GiB,1.17%,0B / 0B,0B / 11.6MB,37
2026-07-30 20:32:04,foxglove,11.33%,456.9MiB / 30.66GiB,1.46%,0B / 0B,0B / 3.34MB,31
2026-07-30 20:32:04,docker-recorder-run-c43348258146,0.00%,10.29MiB / 30.66GiB,0.03%,0B / 0B,0B / 9.52MB,1
2026-07-30 20:32:04,ouster,7.16%,120.1MiB / 30.66GiB,0.38%,0B / 0B,131kB / 2.85MB,29
2026-07-30 20:32:04,scovox,61.61%,294.8MiB / 30.66GiB,0.94%,0B / 0B,0B / 3.9MB,53
2026-07-30 20:32:04,openzen,2.45%,32.73MiB / 30.66GiB,0.10%,0B / 0B,0B / 2.15MB,20
2026-07-30 20:32:04,trav_ros2,100.73%,381.1MiB / 30.66GiB,1.21%,0B / 0B,0B / 13.8MB,44
2026-07-30 20:32:04,realsense,16.84%,92.6MiB / 30.66GiB,0.29%,0B / 0B,0B / 3.2MB,33
2026-07-30 20:32:04,mapir-ffmpeg,28.34%,169.8MiB / 30.66GiB,0.54%,0B / 0B,0B / 1.34MB,33
2026-07-30 20:32:04,nav2,6.41%,198.9MiB / 30.66GiB,0.63%,0B / 0B,0B / 1.24MB,93
2026-07-30 20:32:04,glim,78.75%,370.7MiB / 30.66GiB,1.18%,0B / 0B,0B / 11.6MB,37
2026-07-30 20:32:07,foxglove,11.19%,465.1MiB / 30.66GiB,1.48%,0B / 0B,0B / 3.34MB,31
2026-07-30 20:32:07,docker-recorder-run-c43348258146,0.00%,10.29MiB / 30.66GiB,0.03%,0B / 0B,0B / 9.52MB,1
2026-07-30 20:32:07,ouster,7.35%,120.1MiB / 30.66GiB,0.38%,0B / 0B,131kB / 2.85MB,29
2026-07-30 20:32:07,scovox,67.41%,258.1MiB / 30.66GiB,0.82%,0B / 0B,0B / 3.9MB,53
2026-07-30 20:32:07,openzen,2.77%,32.73MiB / 30.66GiB,0.10%,0B / 0B,0B / 2.15MB,20
2026-07-30 20:32:07,trav_ros2,101.19%,385MiB / 30.66GiB,1.23%,0B / 0B,0B / 13.8MB,44
2026-07-30 20:32:07,realsense,16.73%,92.61MiB / 30.66GiB,0.29%,0B / 0B,0B / 3.2MB,33
2026-07-30 20:32:07,mapir-ffmpeg,28.96%,169.8MiB / 30.66GiB,0.54%,0B / 0B,0B / 1.34MB,33
2026-07-30 20:32:07,nav2,5.53%,198.9MiB / 30.66GiB,0.63%,0B / 0B,0B / 1.24MB,93
2026-07-30 20:32:07,glim,73.58%,356.6MiB / 30.66GiB,1.14%,0B / 0B,0B / 11.6MB,37
2026-07-30 20:32:10,foxglove,11.36%,457.1MiB / 30.66GiB,1.46%,0B / 0B,0B / 3.34MB,31
2026-07-30 20:32:10,docker-recorder-run-c43348258146,0.00%,10.29MiB / 30.66GiB,0.03%,0B / 0B,0B / 9.52MB,1
2026-07-30 20:32:10,ouster,7.73%,120.1MiB / 30.66GiB,0.38%,0B / 0B,131kB / 2.85MB,29
2026-07-30 20:32:10,scovox,73.42%,258MiB / 30.66GiB,0.82%,0B / 0B,0B / 3.9MB,53
2026-07-30 20:32:10,openzen,2.63%,32.77MiB / 30.66GiB,0.10%,0B / 0B,0B / 2.15MB,20
2026-07-30 20:32:10,trav_ros2,101.68%,380.7MiB / 30.66GiB,1.21%,0B / 0B,0B / 13.9MB,44
2026-07-30 20:32:10,realsense,17.00%,93.48MiB / 30.66GiB,0.30%,0B / 0B,0B / 3.2MB,33
2026-07-30 20:32:10,mapir-ffmpeg,29.42%,170.4MiB / 30.66GiB,0.54%,0B / 0B,0B / 1.34MB,33
2026-07-30 20:32:10,nav2,5.71%,199.3MiB / 30.66GiB,0.63%,0B / 0B,0B / 1.24MB,93
2026-07-30 20:32:10,glim,77.14%,358MiB / 30.66GiB,1.14%,0B / 0B,0B / 11.6MB,37
2026-07-30 20:32:13,foxglove,11.31%,457MiB / 30.66GiB,1.46%,0B / 0B,0B / 3.34MB,31
2026-07-30 20:32:13,docker-recorder-run-c43348258146,0.00%,10.29MiB / 30.66GiB,0.03%,0B / 0B,0B / 9.52MB,1
2026-07-30 20:32:13,ouster,7.15%,120MiB / 30.66GiB,0.38%,0B / 0B,131kB / 2.85MB,29
2026-07-30 20:32:13,scovox,54.95%,283.9MiB / 30.66GiB,0.90%,0B / 0B,0B / 3.9MB,53
2026-07-30 20:32:13,openzen,2.41%,32.78MiB / 30.66GiB,0.10%,0B / 0B,0B / 2.15MB,20
2026-07-30 20:32:13,trav_ros2,99.78%,380.6MiB / 30.66GiB,1.21%,0B / 0B,0B / 13.9MB,44
2026-07-30 20:32:13,realsense,16.42%,92.99MiB / 30.66GiB,0.30%,0B / 0B,0B / 3.2MB,33
2026-07-30 20:32:13,mapir-ffmpeg,28.42%,169.7MiB / 30.66GiB,0.54%,0B / 0B,0B / 1.34MB,33
2026-07-30 20:32:13,nav2,5.23%,199.3MiB / 30.66GiB,0.63%,0B / 0B,0B / 1.24MB,93
2026-07-30 20:32:13,glim,78.33%,358MiB / 30.66GiB,1.14%,0B / 0B,0B / 11.6MB,37
2026-07-30 20:32:17,foxglove,11.75%,457.1MiB / 30.66GiB,1.46%,0B / 0B,0B / 3.34MB,31
2026-07-30 20:32:17,docker-recorder-run-c43348258146,0.00%,10.29MiB / 30.66GiB,0.03%,0B / 0B,0B / 9.52MB,1
2026-07-30 20:32:17,ouster,8.04%,120.5MiB / 30.66GiB,0.38%,0B / 0B,131kB / 2.85MB,29
2026-07-30 20:32:17,scovox,76.13%,258.4MiB / 30.66GiB,0.82%,0B / 0B,0B / 3.9MB,53
2026-07-30 20:32:17,openzen,2.59%,32.81MiB / 30.66GiB,0.10%,0B / 0B,0B / 2.15MB,20
2026-07-30 20:32:17,trav_ros2,101.80%,421.3MiB / 30.66GiB,1.34%,0B / 0B,0B / 13.9MB,44
2026-07-30 20:32:17,realsense,16.74%,93.03MiB / 30.66GiB,0.30%,0B / 0B,0B / 3.2MB,33
2026-07-30 20:32:17,mapir-ffmpeg,29.81%,170.7MiB / 30.66GiB,0.54%,0B / 0B,0B / 1.34MB,33
2026-07-30 20:32:17,nav2,6.08%,199.7MiB / 30.66GiB,0.64%,0B / 0B,0B / 1.24MB,93
2026-07-30 20:32:17,glim,74.09%,357.9MiB / 30.66GiB,1.14%,0B / 0B,0B / 11.6MB,37
2026-07-30 20:32:20,foxglove,11.92%,465MiB / 30.66GiB,1.48%,0B / 0B,0B / 3.34MB,31
2026-07-30 20:32:20,docker-recorder-run-c43348258146,0.00%,10.29MiB / 30.66GiB,0.03%,0B / 0B,0B / 9.52MB,1
2026-07-30 20:32:20,ouster,7.36%,120.1MiB / 30.66GiB,0.38%,0B / 0B,131kB / 2.85MB,29
2026-07-30 20:32:20,scovox,55.79%,289.9MiB / 30.66GiB,0.92%,0B / 0B,0B / 3.99MB,53
2026-07-30 20:32:20,openzen,2.40%,32.82MiB / 30.66GiB,0.10%,0B / 0B,0B / 2.15MB,20
2026-07-30 20:32:20,trav_ros2,101.95%,384.1MiB / 30.66GiB,1.22%,0B / 0B,0B / 13.9MB,44
2026-07-30 20:32:20,realsense,17.00%,93.54MiB / 30.66GiB,0.30%,0B / 0B,0B / 3.2MB,33
2026-07-30 20:32:20,mapir-ffmpeg,28.52%,170MiB / 30.66GiB,0.54%,0B / 0B,0B / 1.34MB,33
2026-07-30 20:32:20,nav2,6.12%,199.4MiB / 30.66GiB,0.64%,0B / 0B,0B / 1.24MB,93
2026-07-30 20:32:20,glim,74.70%,358.5MiB / 30.66GiB,1.14%,0B / 0B,0B / 11.6MB,37
2026-07-30 20:32:23,foxglove,11.92%,464.7MiB / 30.66GiB,1.48%,0B / 0B,0B / 3.34MB,31
2026-07-30 20:32:23,docker-recorder-run-c43348258146,0.00%,10.29MiB / 30.66GiB,0.03%,0B / 0B,0B / 9.52MB,1
2026-07-30 20:32:23,ouster,7.40%,120.2MiB / 30.66GiB,0.38%,0B / 0B,131kB / 2.85MB,29
2026-07-30 20:32:23,scovox,72.68%,258.5MiB / 30.66GiB,0.82%,0B / 0B,0B / 4MB,53
2026-07-30 20:32:23,openzen,2.51%,32.82MiB / 30.66GiB,0.10%,0B / 0B,0B / 2.15MB,20
2026-07-30 20:32:23,trav_ros2,102.21%,381.8MiB / 30.66GiB,1.22%,0B / 0B,0B / 13.9MB,44
2026-07-30 20:32:23,realsense,16.68%,92.8MiB / 30.66GiB,0.30%,0B / 0B,0B / 3.2MB,33
2026-07-30 20:32:23,mapir-ffmpeg,28.91%,169.8MiB / 30.66GiB,0.54%,0B / 0B,0B / 1.35MB,33
2026-07-30 20:32:23,nav2,6.02%,199.4MiB / 30.66GiB,0.64%,0B / 0B,0B / 1.25MB,93
2026-07-30 20:32:23,glim,80.54%,367.5MiB / 30.66GiB,1.17%,0B / 0B,0B / 11.6MB,37
2026-07-30 20:32:26,foxglove,11.72%,465MiB / 30.66GiB,1.48%,0B / 0B,0B / 3.34MB,31
2026-07-30 20:32:26,docker-recorder-run-c43348258146,0.00%,10.29MiB / 30.66GiB,0.03%,0B / 0B,0B / 9.52MB,1
2026-07-30 20:32:26,ouster,7.35%,120MiB / 30.66GiB,0.38%,0B / 0B,131kB / 2.85MB,29
2026-07-30 20:32:26,scovox,57.38%,294MiB / 30.66GiB,0.94%,0B / 0B,0B / 4MB,53
2026-07-30 20:32:26,openzen,2.49%,33.11MiB / 30.66GiB,0.11%,0B / 0B,0B / 2.15MB,20
2026-07-30 20:32:26,trav_ros2,102.48%,379.5MiB / 30.66GiB,1.21%,0B / 0B,0B / 13.9MB,44
2026-07-30 20:32:26,realsense,16.65%,93.09MiB / 30.66GiB,0.30%,0B / 0B,0B / 3.2MB,33
2026-07-30 20:32:26,mapir-ffmpeg,29.39%,170.1MiB / 30.66GiB,0.54%,0B / 0B,0B / 1.35MB,33
2026-07-30 20:32:26,nav2,6.06%,200.1MiB / 30.66GiB,0.64%,0B / 0B,0B / 1.25MB,93
2026-07-30 20:32:26,glim,77.11%,368MiB / 30.66GiB,1.17%,0B / 0B,0B / 11.6MB,37
2026-07-30 20:32:29,foxglove,11.70%,465.2MiB / 30.66GiB,1.48%,0B / 0B,0B / 3.34MB,31
2026-07-30 20:32:29,docker-recorder-run-c43348258146,0.00%,10.29MiB / 30.66GiB,0.03%,0B / 0B,0B / 9.52MB,1
2026-07-30 20:32:29,ouster,7.37%,120.5MiB / 30.66GiB,0.38%,0B / 0B,131kB / 2.85MB,29
2026-07-30 20:32:29,scovox,69.82%,258.9MiB / 30.66GiB,0.82%,0B / 0B,0B / 4MB,53
2026-07-30 20:32:29,openzen,2.43%,32.88MiB / 30.66GiB,0.10%,0B / 0B,0B / 2.15MB,20
2026-07-30 20:32:29,trav_ros2,102.10%,378.1MiB / 30.66GiB,1.20%,0B / 0B,0B / 13.9MB,44
2026-07-30 20:32:29,realsense,16.85%,93.1MiB / 30.66GiB,0.30%,0B / 0B,0B / 3.2MB,33
2026-07-30 20:32:29,mapir-ffmpeg,29.40%,170.1MiB / 30.66GiB,0.54%,0B / 0B,0B / 1.35MB,33
2026-07-30 20:32:29,nav2,5.61%,200.1MiB / 30.66GiB,0.64%,0B / 0B,0B / 1.25MB,93
2026-07-30 20:32:29,glim,81.33%,355.5MiB / 30.66GiB,1.13%,0B / 0B,0B / 11.6MB,37
2026-07-30 20:32:32,foxglove,11.42%,465.1MiB / 30.66GiB,1.48%,0B / 0B,0B / 3.34MB,31
2026-07-30 20:32:32,docker-recorder-run-c43348258146,0.00%,10.29MiB / 30.66GiB,0.03%,0B / 0B,0B / 9.52MB,1
2026-07-30 20:32:32,ouster,7.89%,120.2MiB / 30.66GiB,0.38%,0B / 0B,131kB / 2.85MB,29
2026-07-30 20:32:32,scovox,64.46%,295.8MiB / 30.66GiB,0.94%,0B / 0B,0B / 4MB,53
2026-07-30 20:32:32,openzen,2.69%,33.4MiB / 30.66GiB,0.11%,0B / 0B,0B / 2.15MB,20
2026-07-30 20:32:32,trav_ros2,101.74%,385.1MiB / 30.66GiB,1.23%,0B / 0B,0B / 13.9MB,44
2026-07-30 20:32:32,realsense,17.41%,93.13MiB / 30.66GiB,0.30%,0B / 0B,0B / 3.2MB,33
2026-07-30 20:32:32,mapir-ffmpeg,29.70%,170.4MiB / 30.66GiB,0.54%,0B / 0B,0B / 1.35MB,33
2026-07-30 20:32:32,nav2,6.54%,200.6MiB / 30.66GiB,0.64%,0B / 0B,0B / 1.25MB,93
2026-07-30 20:32:32,glim,75.79%,355.7MiB / 30.66GiB,1.13%,0B / 0B,0B / 11.6MB,37
2026-07-30 20:32:35,foxglove,11.26%,457.4MiB / 30.66GiB,1.46%,0B / 0B,0B / 3.34MB,31
2026-07-30 20:32:35,docker-recorder-run-c43348258146,0.00%,10.29MiB / 30.66GiB,0.03%,0B / 0B,0B / 9.52MB,1
2026-07-30 20:32:35,ouster,7.54%,120.6MiB / 30.66GiB,0.38%,0B / 0B,131kB / 2.85MB,29
2026-07-30 20:32:35,scovox,56.46%,283.6MiB / 30.66GiB,0.90%,0B / 0B,0B / 4MB,53
2026-07-30 20:32:35,openzen,2.44%,32.93MiB / 30.66GiB,0.10%,0B / 0B,0B / 2.15MB,20
2026-07-30 20:32:35,trav_ros2,102.26%,384.4MiB / 30.66GiB,1.22%,0B / 0B,0B / 13.9MB,44
2026-07-30 20:32:35,realsense,16.99%,92.9MiB / 30.66GiB,0.30%,0B / 0B,0B / 3.2MB,33
2026-07-30 20:32:35,mapir-ffmpeg,28.78%,170.5MiB / 30.66GiB,0.54%,0B / 0B,0B / 1.35MB,33
2026-07-30 20:32:35,nav2,5.79%,200.4MiB / 30.66GiB,0.64%,0B / 0B,0B / 1.25MB,93
2026-07-30 20:32:35,glim,81.85%,356.7MiB / 30.66GiB,1.14%,0B / 0B,0B / 11.6MB,37
2026-07-30 20:32:38,foxglove,11.66%,466.7MiB / 30.66GiB,1.49%,0B / 0B,0B / 3.34MB,31
2026-07-30 20:32:38,docker-recorder-run-c43348258146,0.00%,10.29MiB / 30.66GiB,0.03%,0B / 0B,0B / 9.52MB,1
2026-07-30 20:32:38,ouster,7.51%,120.4MiB / 30.66GiB,0.38%,0B / 0B,131kB / 2.85MB,29
2026-07-30 20:32:38,scovox,80.40%,258.8MiB / 30.66GiB,0.82%,0B / 0B,0B / 4MB,53
2026-07-30 20:32:38,openzen,2.43%,32.93MiB / 30.66GiB,0.10%,0B / 0B,0B / 2.15MB,20
2026-07-30 20:32:38,trav_ros2,102.00%,384.3MiB / 30.66GiB,1.22%,0B / 0B,0B / 13.9MB,44
2026-07-30 20:32:38,realsense,17.06%,92.9MiB / 30.66GiB,0.30%,0B / 0B,0B / 3.2MB,33
2026-07-30 20:32:38,mapir-ffmpeg,29.36%,170MiB / 30.66GiB,0.54%,0B / 0B,0B / 1.35MB,33
2026-07-30 20:32:38,nav2,5.98%,199.9MiB / 30.66GiB,0.64%,0B / 0B,0B / 1.25MB,93
2026-07-30 20:32:38,glim,80.32%,364.3MiB / 30.66GiB,1.16%,0B / 0B,0B / 11.6MB,37
2026-07-30 20:32:42,foxglove,11.72%,457MiB / 30.66GiB,1.46%,0B / 0B,0B / 3.34MB,31
2026-07-30 20:32:42,docker-recorder-run-c43348258146,0.00%,10.29MiB / 30.66GiB,0.03%,0B / 0B,0B / 9.52MB,1
2026-07-30 20:32:42,ouster,7.32%,120.4MiB / 30.66GiB,0.38%,0B / 0B,131kB / 2.85MB,29
2026-07-30 20:32:42,scovox,57.12%,287.5MiB / 30.66GiB,0.92%,0B / 0B,0B / 4MB,53
2026-07-30 20:32:42,openzen,2.31%,32.96MiB / 30.66GiB,0.10%,0B / 0B,0B / 2.15MB,20
2026-07-30 20:32:42,trav_ros2,101.99%,381MiB / 30.66GiB,1.21%,0B / 0B,0B / 13.9MB,44
2026-07-30 20:32:42,realsense,17.40%,94.42MiB / 30.66GiB,0.30%,0B / 0B,0B / 3.2MB,33
2026-07-30 20:32:42,mapir-ffmpeg,30.07%,170.5MiB / 30.66GiB,0.54%,0B / 0B,0B / 1.35MB,33
2026-07-30 20:32:42,nav2,5.70%,200.1MiB / 30.66GiB,0.64%,0B / 0B,0B / 1.25MB,93
2026-07-30 20:32:42,glim,81.58%,372.7MiB / 30.66GiB,1.19%,0B / 0B,0B / 11.6MB,37
2026-07-30 20:32:45,foxglove,11.53%,457.7MiB / 30.66GiB,1.46%,0B / 0B,0B / 3.34MB,31
2026-07-30 20:32:45,docker-recorder-run-c43348258146,0.00%,10.29MiB / 30.66GiB,0.03%,0B / 0B,0B / 9.52MB,1
2026-07-30 20:32:45,ouster,7.77%,120.5MiB / 30.66GiB,0.38%,0B / 0B,131kB / 2.85MB,29
2026-07-30 20:32:45,scovox,75.65%,259.4MiB / 30.66GiB,0.83%,0B / 0B,0B / 4MB,53
2026-07-30 20:32:45,openzen,2.37%,32.97MiB / 30.66GiB,0.11%,0B / 0B,0B / 2.15MB,20
2026-07-30 20:32:45,trav_ros2,101.90%,384.9MiB / 30.66GiB,1.23%,0B / 0B,0B / 13.9MB,44
2026-07-30 20:32:45,realsense,17.36%,93.45MiB / 30.66GiB,0.30%,0B / 0B,0B / 3.2MB,33
2026-07-30 20:32:45,mapir-ffmpeg,30.24%,170.1MiB / 30.66GiB,0.54%,0B / 0B,0B / 1.35MB,33
2026-07-30 20:32:45,nav2,5.47%,200.3MiB / 30.66GiB,0.64%,0B / 0B,0B / 1.25MB,93
2026-07-30 20:32:45,glim,77.51%,372.4MiB / 30.66GiB,1.19%,0B / 0B,0B / 11.6MB,37
2026-07-30 20:32:48,foxglove,11.44%,457.4MiB / 30.66GiB,1.46%,0B / 0B,0B / 3.34MB,31
2026-07-30 20:32:48,docker-recorder-run-c43348258146,0.00%,10.29MiB / 30.66GiB,0.03%,0B / 0B,0B / 9.52MB,1
2026-07-30 20:32:48,ouster,7.95%,120.3MiB / 30.66GiB,0.38%,0B / 0B,131kB / 2.85MB,29
2026-07-30 20:32:48,scovox,55.93%,291.8MiB / 30.66GiB,0.93%,0B / 0B,0B / 4.08MB,53
2026-07-30 20:32:48,openzen,2.62%,33MiB / 30.66GiB,0.11%,0B / 0B,0B / 2.15MB,20
2026-07-30 20:32:48,trav_ros2,102.18%,380.4MiB / 30.66GiB,1.21%,0B / 0B,0B / 13.9MB,44
2026-07-30 20:32:48,realsense,17.74%,93.22MiB / 30.66GiB,0.30%,0B / 0B,0B / 3.2MB,33
2026-07-30 20:32:48,mapir-ffmpeg,30.20%,170.3MiB / 30.66GiB,0.54%,0B / 0B,0B / 1.35MB,33
2026-07-30 20:32:48,nav2,6.72%,201.1MiB / 30.66GiB,0.64%,0B / 0B,0B / 1.25MB,93
2026-07-30 20:32:48,glim,80.37%,377.7MiB / 30.66GiB,1.20%,0B / 0B,0B / 11.6MB,37
2026-07-30 20:32:51,foxglove,12.09%,465MiB / 30.66GiB,1.48%,0B / 0B,0B / 3.34MB,31
2026-07-30 20:32:51,docker-recorder-run-c43348258146,0.00%,10.29MiB / 30.66GiB,0.03%,0B / 0B,0B / 9.52MB,1
2026-07-30 20:32:51,ouster,7.47%,120.9MiB / 30.66GiB,0.38%,0B / 0B,131kB / 2.85MB,29
2026-07-30 20:32:51,scovox,77.40%,259.6MiB / 30.66GiB,0.83%,0B / 0B,0B / 4.08MB,53
2026-07-30 20:32:51,openzen,2.59%,33.28MiB / 30.66GiB,0.11%,0B / 0B,0B / 2.15MB,20
2026-07-30 20:32:51,trav_ros2,101.72%,375.2MiB / 30.66GiB,1.20%,0B / 0B,0B / 13.9MB,44
2026-07-30 20:32:51,realsense,17.60%,93MiB / 30.66GiB,0.30%,0B / 0B,0B / 3.2MB,33
2026-07-30 20:32:51,mapir-ffmpeg,29.41%,170.2MiB / 30.66GiB,0.54%,0B / 0B,0B / 1.35MB,33
2026-07-30 20:32:51,nav2,6.28%,200.2MiB / 30.66GiB,0.64%,0B / 0B,0B / 1.25MB,93
2026-07-30 20:32:51,glim,79.66%,380.5MiB / 30.66GiB,1.21%,0B / 0B,0B / 11.6MB,37
2026-07-30 20:32:54,foxglove,11.71%,457MiB / 30.66GiB,1.46%,0B / 0B,0B / 3.34MB,31
2026-07-30 20:32:54,docker-recorder-run-c43348258146,0.00%,10.29MiB / 30.66GiB,0.03%,0B / 0B,0B / 9.52MB,1
2026-07-30 20:32:54,ouster,6.91%,120.5MiB / 30.66GiB,0.38%,0B / 0B,131kB / 2.85MB,29
2026-07-30 20:32:54,scovox,64.47%,295.6MiB / 30.66GiB,0.94%,0B / 0B,0B / 4.09MB,53
2026-07-30 20:32:54,openzen,2.84%,33.03MiB / 30.66GiB,0.11%,0B / 0B,0B / 2.15MB,20
2026-07-30 20:32:54,trav_ros2,100.66%,382MiB / 30.66GiB,1.22%,0B / 0B,0B / 13.9MB,44
2026-07-30 20:32:54,realsense,17.11%,93.25MiB / 30.66GiB,0.30%,0B / 0B,0B / 3.2MB,33
2026-07-30 20:32:54,mapir-ffmpeg,28.11%,170.2MiB / 30.66GiB,0.54%,0B / 0B,0B / 1.35MB,33
2026-07-30 20:32:54,nav2,6.25%,200.2MiB / 30.66GiB,0.64%,0B / 0B,0B / 1.25MB,93
2026-07-30 20:32:54,glim,74.52%,381MiB / 30.66GiB,1.21%,0B / 0B,0B / 11.6MB,37
2026-07-30 20:32:57,foxglove,12.33%,465MiB / 30.66GiB,1.48%,0B / 0B,0B / 3.34MB,31
2026-07-30 20:32:57,docker-recorder-run-c43348258146,0.00%,10.29MiB / 30.66GiB,0.03%,0B / 0B,0B / 9.52MB,1
2026-07-30 20:32:57,ouster,7.84%,121.1MiB / 30.66GiB,0.39%,0B / 0B,131kB / 2.85MB,29
2026-07-30 20:32:57,scovox,63.28%,259.4MiB / 30.66GiB,0.83%,0B / 0B,0B / 4.09MB,53
2026-07-30 20:32:57,openzen,3.01%,33.31MiB / 30.66GiB,0.11%,0B / 0B,0B / 2.15MB,20
2026-07-30 20:32:57,trav_ros2,101.64%,385.5MiB / 30.66GiB,1.23%,0B / 0B,0B / 13.9MB,44
2026-07-30 20:32:57,realsense,17.68%,93.05MiB / 30.66GiB,0.30%,0B / 0B,0B / 3.2MB,33
2026-07-30 20:32:57,mapir-ffmpeg,29.25%,170.7MiB / 30.66GiB,0.54%,0B / 0B,0B / 1.36MB,33
2026-07-30 20:32:57,nav2,6.38%,200.8MiB / 30.66GiB,0.64%,0B / 0B,0B / 1.27MB,93
2026-07-30 20:32:57,glim,77.62%,381.6MiB / 30.66GiB,1.22%,0B / 0B,0B / 11.6MB,37
2026-07-30 20:33:00,foxglove,11.89%,457.4MiB / 30.66GiB,1.46%,0B / 0B,0B / 3.34MB,31
2026-07-30 20:33:00,docker-recorder-run-c43348258146,0.00%,10.29MiB / 30.66GiB,0.03%,0B / 0B,0B / 9.52MB,1
2026-07-30 20:33:00,ouster,7.20%,120.6MiB / 30.66GiB,0.38%,0B / 0B,131kB / 2.85MB,29
2026-07-30 20:33:00,scovox,79.69%,260.1MiB / 30.66GiB,0.83%,0B / 0B,0B / 4.09MB,53
2026-07-30 20:33:00,openzen,2.59%,33.33MiB / 30.66GiB,0.11%,0B / 0B,0B / 2.15MB,20
2026-07-30 20:33:00,trav_ros2,101.44%,380.6MiB / 30.66GiB,1.21%,0B / 0B,0B / 13.9MB,44
2026-07-30 20:33:00,realsense,17.02%,93.06MiB / 30.66GiB,0.30%,0B / 0B,0B / 3.2MB,33
2026-07-30 20:33:00,mapir-ffmpeg,28.83%,170.2MiB / 30.66GiB,0.54%,0B / 0B,0B / 1.36MB,33
2026-07-30 20:33:00,nav2,5.77%,192.9MiB / 30.66GiB,0.61%,0B / 0B,0B / 1.27MB,93
2026-07-30 20:33:00,glim,78.57%,386.6MiB / 30.66GiB,1.23%,0B / 0B,0B / 11.6MB,37
2026-07-30 20:33:04,foxglove,11.79%,465.3MiB / 30.66GiB,1.48%,0B / 0B,0B / 3.34MB,31
2026-07-30 20:33:04,docker-recorder-run-c43348258146,0.00%,10.29MiB / 30.66GiB,0.03%,0B / 0B,0B / 9.52MB,1
2026-07-30 20:33:04,ouster,7.33%,120.6MiB / 30.66GiB,0.38%,0B / 0B,131kB / 2.85MB,29
2026-07-30 20:33:04,scovox,56.81%,287.6MiB / 30.66GiB,0.92%,0B / 0B,0B / 4.09MB,53
2026-07-30 20:33:04,openzen,2.52%,33.33MiB / 30.66GiB,0.11%,0B / 0B,0B / 2.15MB,20
2026-07-30 20:33:04,trav_ros2,101.56%,381.1MiB / 30.66GiB,1.21%,0B / 0B,0B / 13.9MB,44
2026-07-30 20:33:04,realsense,17.05%,93.56MiB / 30.66GiB,0.30%,0B / 0B,0B / 3.2MB,33
2026-07-30 20:33:04,mapir-ffmpeg,28.69%,170.2MiB / 30.66GiB,0.54%,0B / 0B,0B / 1.36MB,33
2026-07-30 20:33:04,nav2,6.57%,201.8MiB / 30.66GiB,0.64%,0B / 0B,0B / 1.27MB,93
2026-07-30 20:33:04,glim,74.69%,388.8MiB / 30.66GiB,1.24%,0B / 0B,0B / 11.6MB,37
2026-07-30 20:33:07,foxglove,11.34%,456.8MiB / 30.66GiB,1.45%,0B / 0B,0B / 3.34MB,31
2026-07-30 20:33:07,docker-recorder-run-c43348258146,0.00%,10.29MiB / 30.66GiB,0.03%,0B / 0B,0B / 9.52MB,1
2026-07-30 20:33:07,ouster,7.37%,120.8MiB / 30.66GiB,0.38%,0B / 0B,131kB / 2.85MB,29
2026-07-30 20:33:07,scovox,69.15%,260.4MiB / 30.66GiB,0.83%,0B / 0B,0B / 4.09MB,53
2026-07-30 20:33:07,openzen,2.49%,33.37MiB / 30.66GiB,0.11%,0B / 0B,0B / 2.15MB,20
2026-07-30 20:33:07,trav_ros2,101.98%,417.8MiB / 30.66GiB,1.33%,0B / 0B,0B / 13.9MB,44
2026-07-30 20:33:07,realsense,16.94%,93.36MiB / 30.66GiB,0.30%,0B / 0B,0B / 3.2MB,33
2026-07-30 20:33:07,mapir-ffmpeg,28.78%,170.5MiB / 30.66GiB,0.54%,0B / 0B,0B / 1.36MB,33
2026-07-30 20:33:07,nav2,5.81%,193.2MiB / 30.66GiB,0.62%,0B / 0B,0B / 1.27MB,93
2026-07-30 20:33:07,glim,81.53%,404.7MiB / 30.66GiB,1.29%,0B / 0B,0B / 11.6MB,37
2026-07-30 20:33:10,foxglove,12.18%,464.9MiB / 30.66GiB,1.48%,0B / 0B,0B / 3.34MB,31
2026-07-30 20:33:10,docker-recorder-run-c43348258146,0.00%,10.29MiB / 30.66GiB,0.03%,0B / 0B,0B / 9.52MB,1
2026-07-30 20:33:10,ouster,7.12%,120.5MiB / 30.66GiB,0.38%,0B / 0B,131kB / 2.85MB,29
2026-07-30 20:33:10,scovox,51.24%,287.7MiB / 30.66GiB,0.92%,0B / 0B,0B / 4.09MB,53
2026-07-30 20:33:10,openzen,2.36%,33.13MiB / 30.66GiB,0.11%,0B / 0B,0B / 2.15MB,20
2026-07-30 20:33:10,trav_ros2,101.53%,381.4MiB / 30.66GiB,1.21%,0B / 0B,0B / 13.9MB,44
2026-07-30 20:33:10,realsense,16.71%,93.36MiB / 30.66GiB,0.30%,0B / 0B,0B / 3.2MB,33
2026-07-30 20:33:10,mapir-ffmpeg,28.30%,170.3MiB / 30.66GiB,0.54%,0B / 0B,0B / 1.36MB,33
2026-07-30 20:33:10,nav2,5.69%,200.7MiB / 30.66GiB,0.64%,0B / 0B,0B / 1.27MB,93
2026-07-30 20:33:10,glim,83.50%,427.1MiB / 30.66GiB,1.36%,0B / 0B,0B / 11.6MB,37
2026-07-30 20:33:13,foxglove,12.31%,465.2MiB / 30.66GiB,1.48%,0B / 0B,0B / 3.34MB,31
2026-07-30 20:33:13,docker-recorder-run-c43348258146,0.00%,10.29MiB / 30.66GiB,0.03%,0B / 0B,0B / 9.52MB,1
2026-07-30 20:33:13,ouster,7.46%,120.5MiB / 30.66GiB,0.38%,0B / 0B,131kB / 2.85MB,29
2026-07-30 20:33:13,scovox,66.99%,259.8MiB / 30.66GiB,0.83%,0B / 0B,0B / 4.09MB,53
2026-07-30 20:33:13,openzen,2.63%,33.17MiB / 30.66GiB,0.11%,0B / 0B,0B / 2.15MB,20
2026-07-30 20:33:13,trav_ros2,101.36%,382.3MiB / 30.66GiB,1.22%,0B / 0B,0B / 13.9MB,44
2026-07-30 20:33:13,realsense,17.16%,93.4MiB / 30.66GiB,0.30%,0B / 0B,0B / 3.2MB,33
2026-07-30 20:33:13,mapir-ffmpeg,28.74%,170.8MiB / 30.66GiB,0.54%,0B / 0B,0B / 1.36MB,33
2026-07-30 20:33:13,nav2,6.42%,201MiB / 30.66GiB,0.64%,0B / 0B,0B / 1.27MB,93
2026-07-30 20:33:13,glim,79.55%,437MiB / 30.66GiB,1.39%,0B / 0B,0B / 11.6MB,37
2026-07-30 20:33:16,foxglove,11.23%,459.4MiB / 30.66GiB,1.46%,0B / 0B,0B / 3.34MB,31
2026-07-30 20:33:16,docker-recorder-run-c43348258146,0.00%,10.29MiB / 30.66GiB,0.03%,0B / 0B,0B / 9.52MB,1
2026-07-30 20:33:16,ouster,7.54%,120.8MiB / 30.66GiB,0.38%,0B / 0B,131kB / 2.85MB,29
2026-07-30 20:33:16,scovox,53.45%,290.6MiB / 30.66GiB,0.93%,0B / 0B,0B / 4.09MB,53
2026-07-30 20:33:16,openzen,2.48%,33.18MiB / 30.66GiB,0.11%,0B / 0B,0B / 2.15MB,20
2026-07-30 20:33:16,trav_ros2,101.54%,381.2MiB / 30.66GiB,1.21%,0B / 0B,0B / 13.9MB,44
2026-07-30 20:33:16,realsense,16.81%,93.16MiB / 30.66GiB,0.30%,0B / 0B,0B / 3.2MB,33
2026-07-30 20:33:16,mapir-ffmpeg,28.87%,170.3MiB / 30.66GiB,0.54%,0B / 0B,0B / 1.36MB,33
2026-07-30 20:33:16,nav2,5.57%,193.7MiB / 30.66GiB,0.62%,0B / 0B,0B / 1.27MB,93
2026-07-30 20:33:16,glim,80.47%,437MiB / 30.66GiB,1.39%,0B / 0B,0B / 11.6MB,37
2026-07-30 20:33:19,foxglove,10.86%,465.6MiB / 30.66GiB,1.48%,0B / 0B,0B / 3.34MB,31
2026-07-30 20:33:19,docker-recorder-run-c43348258146,0.00%,10.29MiB / 30.66GiB,0.03%,0B / 0B,0B / 9.52MB,1
2026-07-30 20:33:19,ouster,7.30%,120.6MiB / 30.66GiB,0.38%,0B / 0B,131kB / 2.85MB,29
2026-07-30 20:33:19,scovox,62.06%,259.9MiB / 30.66GiB,0.83%,0B / 0B,0B / 4.17MB,53
2026-07-30 20:33:19,openzen,2.59%,33.43MiB / 30.66GiB,0.11%,0B / 0B,0B / 2.15MB,20
2026-07-30 20:33:19,trav_ros2,101.07%,381.7MiB / 30.66GiB,1.22%,0B / 0B,0B / 13.9MB,44
2026-07-30 20:33:19,realsense,16.79%,93.91MiB / 30.66GiB,0.30%,0B / 0B,0B / 3.2MB,33
2026-07-30 20:33:19,mapir-ffmpeg,29.15%,170.3MiB / 30.66GiB,0.54%,0B / 0B,0B / 1.36MB,33
2026-07-30 20:33:19,nav2,5.62%,193.5MiB / 30.66GiB,0.62%,0B / 0B,0B / 1.27MB,93
2026-07-30 20:33:19,glim,81.81%,436.7MiB / 30.66GiB,1.39%,0B / 0B,0B / 11.6MB,37
2026-07-30 20:33:22,foxglove,12.15%,465.2MiB / 30.66GiB,1.48%,0B / 0B,0B / 3.34MB,31
2026-07-30 20:33:22,docker-recorder-run-c43348258146,0.00%,10.29MiB / 30.66GiB,0.03%,0B / 0B,0B / 9.52MB,1
2026-07-30 20:33:22,ouster,7.29%,120.9MiB / 30.66GiB,0.39%,0B / 0B,131kB / 2.85MB,29
2026-07-30 20:33:22,scovox,73.91%,260.9MiB / 30.66GiB,0.83%,0B / 0B,0B / 4.17MB,53
2026-07-30 20:33:22,openzen,2.66%,33.48MiB / 30.66GiB,0.11%,0B / 0B,0B / 2.15MB,20
2026-07-30 20:33:22,trav_ros2,100.45%,380.6MiB / 30.66GiB,1.21%,0B / 0B,0B / 13.9MB,44
2026-07-30 20:33:22,realsense,17.28%,93.71MiB / 30.66GiB,0.30%,0B / 0B,0B / 3.2MB,33
2026-07-30 20:33:22,mapir-ffmpeg,29.01%,170.4MiB / 30.66GiB,0.54%,0B / 0B,0B / 1.36MB,33
2026-07-30 20:33:22,nav2,6.36%,201.5MiB / 30.66GiB,0.64%,0B / 0B,0B / 1.27MB,93
2026-07-30 20:33:22,glim,74.46%,424.9MiB / 30.66GiB,1.35%,0B / 0B,0B / 11.6MB,37
2026-07-30 20:33:25,foxglove,12.00%,465.4MiB / 30.66GiB,1.48%,0B / 0B,0B / 3.34MB,31
2026-07-30 20:33:25,docker-recorder-run-c43348258146,0.00%,10.29MiB / 30.66GiB,0.03%,0B / 0B,0B / 9.52MB,1
2026-07-30 20:33:25,ouster,7.10%,120.8MiB / 30.66GiB,0.38%,0B / 0B,131kB / 2.85MB,29
2026-07-30 20:33:25,scovox,55.43%,288.1MiB / 30.66GiB,0.92%,0B / 0B,0B / 4.17MB,53
2026-07-30 20:33:25,openzen,2.46%,33.48MiB / 30.66GiB,0.11%,0B / 0B,0B / 2.15MB,20
2026-07-30 20:33:25,trav_ros2,101.17%,384.1MiB / 30.66GiB,1.22%,0B / 0B,0B / 13.9MB,44
2026-07-30 20:33:25,realsense,16.63%,93.46MiB / 30.66GiB,0.30%,0B / 0B,0B / 3.2MB,33
2026-07-30 20:33:25,mapir-ffmpeg,28.84%,170.4MiB / 30.66GiB,0.54%,0B / 0B,0B / 1.36MB,33
2026-07-30 20:33:25,nav2,5.98%,201.3MiB / 30.66GiB,0.64%,0B / 0B,0B / 1.27MB,93
2026-07-30 20:33:25,glim,78.61%,425.6MiB / 30.66GiB,1.36%,0B / 0B,0B / 11.6MB,37
2026-07-30 20:33:29,foxglove,11.97%,464.9MiB / 30.66GiB,1.48%,0B / 0B,0B / 3.34MB,31
2026-07-30 20:33:29,docker-recorder-run-c43348258146,0.00%,10.29MiB / 30.66GiB,0.03%,0B / 0B,0B / 9.52MB,1
2026-07-30 20:33:29,ouster,7.73%,121.5MiB / 30.66GiB,0.39%,0B / 0B,131kB / 2.85MB,29
2026-07-30 20:33:29,scovox,80.25%,260.9MiB / 30.66GiB,0.83%,0B / 0B,0B / 4.17MB,53
2026-07-30 20:33:29,openzen,2.56%,33.76MiB / 30.66GiB,0.11%,0B / 0B,0B / 2.15MB,20
2026-07-30 20:33:29,trav_ros2,101.25%,387.3MiB / 30.66GiB,1.23%,0B / 0B,0B / 13.9MB,44
2026-07-30 20:33:29,realsense,17.18%,93.74MiB / 30.66GiB,0.30%,0B / 0B,0B / 3.2MB,33
2026-07-30 20:33:29,mapir-ffmpeg,28.94%,170.7MiB / 30.66GiB,0.54%,0B / 0B,0B / 1.36MB,33
2026-07-30 20:33:29,nav2,6.68%,201.5MiB / 30.66GiB,0.64%,0B / 0B,0B / 1.27MB,93
2026-07-30 20:33:29,glim,80.54%,426.1MiB / 30.66GiB,1.36%,0B / 0B,0B / 11.6MB,37
2026-07-30 20:33:32,foxglove,12.36%,465.3MiB / 30.66GiB,1.48%,0B / 0B,0B / 3.34MB,31
2026-07-30 20:33:32,docker-recorder-run-c43348258146,0.00%,10.29MiB / 30.66GiB,0.03%,0B / 0B,0B / 9.52MB,1
2026-07-30 20:33:32,ouster,6.93%,121.1MiB / 30.66GiB,0.39%,0B / 0B,131kB / 2.85MB,29
2026-07-30 20:33:32,scovox,56.03%,291.9MiB / 30.66GiB,0.93%,0B / 0B,0B / 4.18MB,53
2026-07-30 20:33:32,openzen,2.43%,33.28MiB / 30.66GiB,0.11%,0B / 0B,0B / 2.15MB,20
2026-07-30 20:33:32,trav_ros2,98.90%,381.1MiB / 30.66GiB,1.21%,0B / 0B,0B / 13.9MB,44
2026-07-30 20:33:32,realsense,16.18%,93.26MiB / 30.66GiB,0.30%,0B / 0B,0B / 3.2MB,33
2026-07-30 20:33:32,mapir-ffmpeg,28.16%,170.4MiB / 30.66GiB,0.54%,0B / 0B,0B / 1.36MB,33
2026-07-30 20:33:32,nav2,5.42%,194MiB / 30.66GiB,0.62%,0B / 0B,0B / 1.29MB,93
2026-07-30 20:33:32,glim,75.96%,414.4MiB / 30.66GiB,1.32%,0B / 0B,0B / 11.6MB,37
2026-07-30 20:33:35,foxglove,12.39%,465.3MiB / 30.66GiB,1.48%,0B / 0B,0B / 3.34MB,31
2026-07-30 20:33:35,docker-recorder-run-c43348258146,0.00%,10.29MiB / 30.66GiB,0.03%,0B / 0B,0B / 9.52MB,1
2026-07-30 20:33:35,ouster,7.00%,121.1MiB / 30.66GiB,0.39%,0B / 0B,131kB / 2.85MB,29
2026-07-30 20:33:35,scovox,74.57%,260.5MiB / 30.66GiB,0.83%,0B / 0B,0B / 4.18MB,53
2026-07-30 20:33:35,openzen,2.53%,33.28MiB / 30.66GiB,0.11%,0B / 0B,0B / 2.15MB,20
2026-07-30 20:33:35,trav_ros2,100.94%,381.2MiB / 30.66GiB,1.21%,0B / 0B,0B / 13.9MB,44
2026-07-30 20:33:35,realsense,17.01%,93.26MiB / 30.66GiB,0.30%,0B / 0B,0B / 3.2MB,33
2026-07-30 20:33:35,mapir-ffmpeg,28.48%,170.4MiB / 30.66GiB,0.54%,0B / 0B,0B / 1.37MB,33
2026-07-30 20:33:35,nav2,5.83%,201.7MiB / 30.66GiB,0.64%,0B / 0B,0B / 1.29MB,93
2026-07-30 20:33:35,glim,78.90%,414.5MiB / 30.66GiB,1.32%,0B / 0B,0B / 11.6MB,37
2026-07-30 20:33:38,foxglove,11.52%,465.3MiB / 30.66GiB,1.48%,0B / 0B,0B / 3.34MB,31
2026-07-30 20:33:38,docker-recorder-run-c43348258146,0.00%,10.29MiB / 30.66GiB,0.03%,0B / 0B,0B / 9.52MB,1
2026-07-30 20:33:38,ouster,6.92%,121.3MiB / 30.66GiB,0.39%,0B / 0B,131kB / 2.85MB,29
2026-07-30 20:33:38,scovox,58.11%,299.5MiB / 30.66GiB,0.95%,0B / 0B,0B / 4.18MB,53
2026-07-30 20:33:38,openzen,2.67%,33.32MiB / 30.66GiB,0.11%,0B / 0B,0B / 2.15MB,20
2026-07-30 20:33:38,trav_ros2,101.25%,381.2MiB / 30.66GiB,1.21%,0B / 0B,0B / 13.9MB,44
2026-07-30 20:33:38,realsense,16.90%,93.55MiB / 30.66GiB,0.30%,0B / 0B,0B / 3.2MB,33
2026-07-30 20:33:38,mapir-ffmpeg,29.17%,171.2MiB / 30.66GiB,0.55%,0B / 0B,0B / 1.37MB,33
2026-07-30 20:33:38,nav2,5.90%,202.2MiB / 30.66GiB,0.64%,0B / 0B,0B / 1.29MB,93
2026-07-30 20:33:38,glim,75.96%,414.4MiB / 30.66GiB,1.32%,0B / 0B,0B / 11.6MB,37
2026-07-30 20:33:41,foxglove,12.16%,464.9MiB / 30.66GiB,1.48%,0B / 0B,0B / 3.34MB,31
2026-07-30 20:33:41,docker-recorder-run-c43348258146,0.00%,10.29MiB / 30.66GiB,0.03%,0B / 0B,0B / 9.52MB,1
2026-07-30 20:33:41,ouster,6.98%,121.1MiB / 30.66GiB,0.39%,0B / 0B,131kB / 2.85MB,29
2026-07-30 20:33:41,scovox,79.32%,263.2MiB / 30.66GiB,0.84%,0B / 0B,0B / 4.18MB,53
2026-07-30 20:33:41,openzen,2.51%,33.33MiB / 30.66GiB,0.11%,0B / 0B,0B / 2.15MB,20
2026-07-30 20:33:41,trav_ros2,101.54%,382.7MiB / 30.66GiB,1.22%,0B / 0B,0B / 13.9MB,44
2026-07-30 20:33:41,realsense,16.44%,93.31MiB / 30.66GiB,0.30%,0B / 0B,0B / 3.2MB,33
2026-07-30 20:33:41,mapir-ffmpeg,29.34%,170.5MiB / 30.66GiB,0.54%,0B / 0B,0B / 1.37MB,33
2026-07-30 20:33:41,nav2,6.11%,201.8MiB / 30.66GiB,0.64%,0B / 0B,0B / 1.29MB,93
2026-07-30 20:33:41,glim,75.10%,415.2MiB / 30.66GiB,1.32%,0B / 0B,0B / 11.6MB,37
2026-07-30 20:33:44,foxglove,12.52%,465.1MiB / 30.66GiB,1.48%,0B / 0B,0B / 3.34MB,31
2026-07-30 20:33:44,docker-recorder-run-c43348258146,0.00%,10.29MiB / 30.66GiB,0.03%,0B / 0B,0B / 9.52MB,1
2026-07-30 20:33:44,ouster,7.39%,121.1MiB / 30.66GiB,0.39%,0B / 0B,131kB / 2.85MB,29
2026-07-30 20:33:44,scovox,62.96%,302.8MiB / 30.66GiB,0.96%,0B / 0B,0B / 4.18MB,53
2026-07-30 20:33:44,openzen,2.52%,33.61MiB / 30.66GiB,0.11%,0B / 0B,0B / 2.15MB,20
2026-07-30 20:33:44,trav_ros2,101.59%,376.6MiB / 30.66GiB,1.20%,0B / 0B,0B / 13.9MB,44
2026-07-30 20:33:44,realsense,16.86%,93.34MiB / 30.66GiB,0.30%,0B / 0B,0B / 3.2MB,33
2026-07-30 20:33:44,mapir-ffmpeg,28.99%,171MiB / 30.66GiB,0.54%,0B / 0B,0B / 1.37MB,33
2026-07-30 20:33:44,nav2,7.32%,203.4MiB / 30.66GiB,0.65%,0B / 0B,0B / 1.29MB,93
2026-07-30 20:33:44,glim,78.03%,415.2MiB / 30.66GiB,1.32%,0B / 0B,0B / 11.6MB,37
2026-07-30 20:33:47,foxglove,11.49%,465.4MiB / 30.66GiB,1.48%,0B / 0B,0B / 3.34MB,31
2026-07-30 20:33:47,docker-recorder-run-c43348258146,0.00%,10.29MiB / 30.66GiB,0.03%,0B / 0B,0B / 9.52MB,1
2026-07-30 20:33:47,ouster,7.07%,121.2MiB / 30.66GiB,0.39%,0B / 0B,131kB / 2.85MB,29
2026-07-30 20:33:47,scovox,71.28%,263.9MiB / 30.66GiB,0.84%,0B / 0B,0B / 4.18MB,53
2026-07-30 20:33:47,openzen,2.58%,33.63MiB / 30.66GiB,0.11%,0B / 0B,0B / 2.15MB,20
2026-07-30 20:33:47,trav_ros2,101.27%,385.9MiB / 30.66GiB,1.23%,0B / 0B,0B / 13.9MB,44
2026-07-30 20:33:47,realsense,16.41%,93.36MiB / 30.66GiB,0.30%,0B / 0B,0B / 3.2MB,33
2026-07-30 20:33:47,mapir-ffmpeg,28.71%,170.5MiB / 30.66GiB,0.54%,0B / 0B,0B / 1.37MB,33
2026-07-30 20:33:47,nav2,6.20%,202MiB / 30.66GiB,0.64%,0B / 0B,0B / 1.29MB,93
2026-07-30 20:33:47,glim,78.06%,415.8MiB / 30.66GiB,1.32%,0B / 0B,0B / 11.6MB,37
2026-07-30 20:33:50,foxglove,12.38%,464.9MiB / 30.66GiB,1.48%,0B / 0B,0B / 3.34MB,31
2026-07-30 20:33:50,docker-recorder-run-c43348258146,0.00%,10.29MiB / 30.66GiB,0.03%,0B / 0B,0B / 9.52MB,1
2026-07-30 20:33:50,ouster,7.14%,121.2MiB / 30.66GiB,0.39%,0B / 0B,131kB / 2.85MB,29
2026-07-30 20:33:50,scovox,74.25%,263.2MiB / 30.66GiB,0.84%,0B / 0B,0B / 4.26MB,53
2026-07-30 20:33:50,openzen,2.56%,33.63MiB / 30.66GiB,0.11%,0B / 0B,0B / 2.15MB,20
2026-07-30 20:33:50,trav_ros2,101.88%,384.9MiB / 30.66GiB,1.23%,0B / 0B,0B / 13.9MB,44
2026-07-30 20:33:50,realsense,16.38%,93.36MiB / 30.66GiB,0.30%,0B / 0B,0B / 3.2MB,33
2026-07-30 20:33:50,mapir-ffmpeg,29.94%,170.5MiB / 30.66GiB,0.54%,0B / 0B,0B / 1.37MB,33
2026-07-30 20:33:50,nav2,6.25%,202.2MiB / 30.66GiB,0.64%,0B / 0B,0B / 1.29MB,93
2026-07-30 20:33:50,glim,76.64%,416.3MiB / 30.66GiB,1.33%,0B / 0B,0B / 11.6MB,37
2026-07-30 20:33:54,foxglove,11.37%,459.4MiB / 30.66GiB,1.46%,0B / 0B,0B / 3.34MB,31
2026-07-30 20:33:54,docker-recorder-run-c43348258146,0.00%,10.29MiB / 30.66GiB,0.03%,0B / 0B,0B / 9.52MB,1
2026-07-30 20:33:54,ouster,7.14%,121.6MiB / 30.66GiB,0.39%,0B / 0B,131kB / 2.85MB,29
2026-07-30 20:33:54,scovox,57.88%,293MiB / 30.66GiB,0.93%,0B / 0B,0B / 4.26MB,53
2026-07-30 20:33:54,openzen,2.45%,33.42MiB / 30.66GiB,0.11%,0B / 0B,0B / 2.15MB,20
2026-07-30 20:33:54,trav_ros2,101.87%,381.5MiB / 30.66GiB,1.22%,0B / 0B,0B / 13.9MB,44
2026-07-30 20:33:54,realsense,16.50%,93.9MiB / 30.66GiB,0.30%,0B / 0B,0B / 3.2MB,33
2026-07-30 20:33:54,mapir-ffmpeg,28.92%,170.8MiB / 30.66GiB,0.54%,0B / 0B,0B / 1.37MB,33
2026-07-30 20:33:54,nav2,5.57%,194.9MiB / 30.66GiB,0.62%,0B / 0B,0B / 1.29MB,93
2026-07-30 20:33:54,glim,74.42%,416.5MiB / 30.66GiB,1.33%,0B / 0B,0B / 11.6MB,37
2026-07-30 20:33:57,foxglove,12.28%,465MiB / 30.66GiB,1.48%,0B / 0B,0B / 3.34MB,31
2026-07-30 20:33:57,docker-recorder-run-c43348258146,0.00%,10.29MiB / 30.66GiB,0.03%,0B / 0B,0B / 9.52MB,1
2026-07-30 20:33:57,ouster,7.14%,121.1MiB / 30.66GiB,0.39%,0B / 0B,131kB / 2.85MB,29
2026-07-30 20:33:57,scovox,75.09%,263.9MiB / 30.66GiB,0.84%,0B / 0B,0B / 4.26MB,53
2026-07-30 20:33:57,openzen,2.36%,33.43MiB / 30.66GiB,0.11%,0B / 0B,0B / 2.15MB,20
2026-07-30 20:33:57,trav_ros2,101.14%,380.7MiB / 30.66GiB,1.21%,0B / 0B,0B / 13.9MB,44
2026-07-30 20:33:57,realsense,16.80%,93.41MiB / 30.66GiB,0.30%,0B / 0B,0B / 3.2MB,33
2026-07-30 20:33:57,mapir-ffmpeg,29.18%,170.8MiB / 30.66GiB,0.54%,0B / 0B,0B / 1.37MB,33
2026-07-30 20:33:57,nav2,6.00%,202.2MiB / 30.66GiB,0.64%,0B / 0B,0B / 1.29MB,93
2026-07-30 20:33:57,glim,70.33%,416.7MiB / 30.66GiB,1.33%,0B / 0B,0B / 11.6MB,37
2026-07-30 20:34:00,foxglove,11.71%,457MiB / 30.66GiB,1.46%,0B / 0B,0B / 3.34MB,31
2026-07-30 20:34:00,docker-recorder-run-c43348258146,0.00%,10.29MiB / 30.66GiB,0.03%,0B / 0B,0B / 9.52MB,1
2026-07-30 20:34:00,ouster,7.16%,121.1MiB / 30.66GiB,0.39%,0B / 0B,131kB / 2.85MB,29
2026-07-30 20:34:00,scovox,56.94%,297.4MiB / 30.66GiB,0.95%,0B / 0B,0B / 4.26MB,53
2026-07-30 20:34:00,openzen,2.56%,33.45MiB / 30.66GiB,0.11%,0B / 0B,0B / 2.15MB,20
2026-07-30 20:34:00,trav_ros2,101.94%,381.8MiB / 30.66GiB,1.22%,0B / 0B,0B / 13.9MB,44
2026-07-30 20:34:00,realsense,16.71%,93.43MiB / 30.66GiB,0.30%,0B / 0B,0B / 3.2MB,33
2026-07-30 20:34:00,mapir-ffmpeg,28.74%,170.8MiB / 30.66GiB,0.54%,0B / 0B,0B / 1.37MB,33
2026-07-30 20:34:00,nav2,6.42%,196.2MiB / 30.66GiB,0.62%,0B / 0B,0B / 1.29MB,93
2026-07-30 20:34:00,glim,77.02%,417.3MiB / 30.66GiB,1.33%,0B / 0B,0B / 11.6MB,37
2026-07-30 20:34:03,foxglove,12.36%,464.9MiB / 30.66GiB,1.48%,0B / 0B,0B / 3.34MB,31
2026-07-30 20:34:03,docker-recorder-run-c43348258146,0.00%,10.29MiB / 30.66GiB,0.03%,0B / 0B,0B / 9.52MB,1
2026-07-30 20:34:03,ouster,7.09%,121.3MiB / 30.66GiB,0.39%,0B / 0B,131kB / 2.85MB,29
2026-07-30 20:34:03,scovox,87.66%,263.8MiB / 30.66GiB,0.84%,0B / 0B,0B / 4.26MB,53
2026-07-30 20:34:03,openzen,2.56%,33.48MiB / 30.66GiB,0.11%,0B / 0B,0B / 2.15MB,20
2026-07-30 20:34:03,trav_ros2,101.86%,384.9MiB / 30.66GiB,1.23%,0B / 0B,0B / 13.9MB,44
2026-07-30 20:34:03,realsense,17.13%,94.45MiB / 30.66GiB,0.30%,0B / 0B,0B / 3.2MB,33
2026-07-30 20:34:03,mapir-ffmpeg,28.80%,170.6MiB / 30.66GiB,0.54%,0B / 0B,0B / 1.37MB,33
2026-07-30 20:34:03,nav2,6.26%,202.4MiB / 30.66GiB,0.64%,0B / 0B,0B / 1.29MB,93
2026-07-30 20:34:03,glim,77.38%,417.6MiB / 30.66GiB,1.33%,0B / 0B,0B / 11.6MB,37
2026-07-30 20:34:06,foxglove,11.10%,456.9MiB / 30.66GiB,1.46%,0B / 0B,0B / 3.34MB,31
2026-07-30 20:34:06,docker-recorder-run-c43348258146,0.00%,10.29MiB / 30.66GiB,0.03%,0B / 0B,0B / 9.52MB,1
2026-07-30 20:34:06,ouster,7.00%,121.4MiB / 30.66GiB,0.39%,0B / 0B,131kB / 2.85MB,29
2026-07-30 20:34:06,scovox,58.19%,303.7MiB / 30.66GiB,0.97%,0B / 0B,0B / 4.27MB,53
2026-07-30 20:34:06,openzen,2.40%,33.48MiB / 30.66GiB,0.11%,0B / 0B,0B / 2.15MB,20
2026-07-30 20:34:06,trav_ros2,101.53%,381.9MiB / 30.66GiB,1.22%,0B / 0B,0B / 13.9MB,44
2026-07-30 20:34:06,realsense,16.53%,93.71MiB / 30.66GiB,0.30%,0B / 0B,0B / 3.2MB,33
2026-07-30 20:34:06,mapir-ffmpeg,28.63%,170.9MiB / 30.66GiB,0.54%,0B / 0B,0B / 1.37MB,33
2026-07-30 20:34:06,nav2,5.46%,194.9MiB / 30.66GiB,0.62%,0B / 0B,0B / 1.29MB,93
2026-07-30 20:34:06,glim,79.79%,417.4MiB / 30.66GiB,1.33%,0B / 0B,0B / 11.6MB,37
2026-07-30 20:34:09,foxglove,11.96%,464.7MiB / 30.66GiB,1.48%,0B / 0B,0B / 3.34MB,31
2026-07-30 20:34:09,docker-recorder-run-c43348258146,0.00%,10.29MiB / 30.66GiB,0.03%,0B / 0B,0B / 9.52MB,1
2026-07-30 20:34:09,ouster,7.27%,121.6MiB / 30.66GiB,0.39%,0B / 0B,131kB / 2.85MB,29
2026-07-30 20:34:09,scovox,74.28%,264.3MiB / 30.66GiB,0.84%,0B / 0B,0B / 4.27MB,53
2026-07-30 20:34:09,openzen,2.60%,33.52MiB / 30.66GiB,0.11%,0B / 0B,0B / 2.15MB,20
2026-07-30 20:34:09,trav_ros2,102.12%,376.2MiB / 30.66GiB,1.20%,0B / 0B,0B / 13.9MB,44
2026-07-30 20:34:09,realsense,17.10%,93.75MiB / 30.66GiB,0.30%,0B / 0B,0B / 3.2MB,33
2026-07-30 20:34:09,mapir-ffmpeg,29.88%,170.9MiB / 30.66GiB,0.54%,0B / 0B,0B / 1.38MB,33
2026-07-30 20:34:09,nav2,6.28%,202.7MiB / 30.66GiB,0.65%,0B / 0B,0B / 1.3MB,93
2026-07-30 20:34:09,glim,80.36%,417.5MiB / 30.66GiB,1.33%,0B / 0B,0B / 11.6MB,37
2026-07-30 20:34:12,foxglove,12.04%,456.9MiB / 30.66GiB,1.46%,0B / 0B,0B / 3.34MB,31
2026-07-30 20:34:12,docker-recorder-run-c43348258146,0.00%,10.29MiB / 30.66GiB,0.03%,0B / 0B,0B / 9.52MB,1
2026-07-30 20:34:12,ouster,7.01%,121.7MiB / 30.66GiB,0.39%,0B / 0B,131kB / 2.85MB,29
2026-07-30 20:34:12,scovox,71.90%,218.3MiB / 30.66GiB,0.70%,0B / 0B,0B / 4.27MB,53
2026-07-30 20:34:12,openzen,2.53%,33.53MiB / 30.66GiB,0.11%,0B / 0B,0B / 2.15MB,20
2026-07-30 20:34:12,trav_ros2,102.35%,376.1MiB / 30.66GiB,1.20%,0B / 0B,0B / 13.9MB,44
2026-07-30 20:34:12,realsense,16.92%,93.76MiB / 30.66GiB,0.30%,0B / 0B,0B / 3.2MB,33
2026-07-30 20:34:12,mapir-ffmpeg,29.26%,170.7MiB / 30.66GiB,0.54%,0B / 0B,0B / 1.38MB,33
2026-07-30 20:34:12,nav2,5.78%,195.4MiB / 30.66GiB,0.62%,0B / 0B,0B / 1.3MB,93
2026-07-30 20:34:12,glim,79.78%,418MiB / 30.66GiB,1.33%,0B / 0B,0B / 11.6MB,37
2026-07-30 20:34:15,foxglove,12.01%,457.3MiB / 30.66GiB,1.46%,0B / 0B,0B / 3.34MB,31
2026-07-30 20:34:15,docker-recorder-run-c43348258146,0.00%,10.29MiB / 30.66GiB,0.03%,0B / 0B,0B / 9.52MB,1
2026-07-30 20:34:15,ouster,7.54%,121.1MiB / 30.66GiB,0.39%,0B / 0B,131kB / 2.85MB,29
2026-07-30 20:34:15,scovox,68.29%,291.8MiB / 30.66GiB,0.93%,0B / 0B,0B / 4.27MB,53
2026-07-30 20:34:15,openzen,2.65%,33.79MiB / 30.66GiB,0.11%,0B / 0B,0B / 2.15MB,20
2026-07-30 20:34:15,trav_ros2,101.54%,386.4MiB / 30.66GiB,1.23%,0B / 0B,0B / 13.9MB,44
2026-07-30 20:34:15,realsense,17.01%,93.77MiB / 30.66GiB,0.30%,0B / 0B,0B / 3.2MB,33
2026-07-30 20:34:15,mapir-ffmpeg,29.93%,170.7MiB / 30.66GiB,0.54%,0B / 0B,0B / 1.38MB,33
2026-07-30 20:34:15,nav2,6.01%,196MiB / 30.66GiB,0.62%,0B / 0B,0B / 1.3MB,93
2026-07-30 20:34:15,glim,76.54%,420.2MiB / 30.66GiB,1.34%,0B / 0B,0B / 11.6MB,37
2026-07-30 20:34:19,foxglove,13.41%,465.3MiB / 30.66GiB,1.48%,0B / 0B,0B / 3.34MB,31
2026-07-30 20:34:19,docker-recorder-run-c43348258146,0.00%,10.29MiB / 30.66GiB,0.03%,0B / 0B,0B / 9.52MB,1
2026-07-30 20:34:19,ouster,7.28%,121.4MiB / 30.66GiB,0.39%,0B / 0B,131kB / 2.85MB,29
2026-07-30 20:34:19,scovox,78.84%,263.9MiB / 30.66GiB,0.84%,0B / 0B,0B / 4.27MB,53
2026-07-30 20:34:19,openzen,2.57%,33.58MiB / 30.66GiB,0.11%,0B / 0B,0B / 2.15MB,20
2026-07-30 20:34:19,trav_ros2,101.05%,398.8MiB / 30.66GiB,1.27%,0B / 0B,0B / 13.9MB,44
2026-07-30 20:34:19,realsense,17.05%,93.8MiB / 30.66GiB,0.30%,0B / 0B,0B / 3.2MB,33
2026-07-30 20:34:19,mapir-ffmpeg,28.98%,171MiB / 30.66GiB,0.54%,0B / 0B,0B / 1.38MB,33
2026-07-30 20:34:19,nav2,6.11%,202.9MiB / 30.66GiB,0.65%,0B / 0B,0B / 1.3MB,93
2026-07-30 20:34:19,glim,79.50%,424.4MiB / 30.66GiB,1.35%,0B / 0B,0B / 11.6MB,37
2026-07-30 20:34:22,foxglove,14.72%,482.3MiB / 30.66GiB,1.54%,0B / 0B,0B / 3.34MB,31
2026-07-30 20:34:22,docker-recorder-run-c43348258146,0.00%,10.29MiB / 30.66GiB,0.03%,0B / 0B,0B / 9.52MB,1
2026-07-30 20:34:22,ouster,7.23%,121.4MiB / 30.66GiB,0.39%,0B / 0B,131kB / 2.85MB,29
2026-07-30 20:34:22,scovox,58.36%,298.5MiB / 30.66GiB,0.95%,0B / 0B,0B / 4.35MB,53
2026-07-30 20:34:22,openzen,2.48%,33.58MiB / 30.66GiB,0.11%,0B / 0B,0B / 2.15MB,20
2026-07-30 20:34:22,trav_ros2,101.84%,381.6MiB / 30.66GiB,1.22%,0B / 0B,0B / 13.9MB,44
2026-07-30 20:34:22,realsense,17.01%,93.81MiB / 30.66GiB,0.30%,0B / 0B,0B / 3.2MB,33
2026-07-30 20:34:22,mapir-ffmpeg,29.46%,171.5MiB / 30.66GiB,0.55%,0B / 0B,0B / 1.38MB,33
2026-07-30 20:34:22,nav2,5.89%,202.9MiB / 30.66GiB,0.65%,0B / 0B,0B / 1.3MB,93
2026-07-30 20:34:22,glim,79.63%,426.4MiB / 30.66GiB,1.36%,0B / 0B,0B / 11.6MB,37
2026-07-30 20:34:25,foxglove,15.05%,482.2MiB / 30.66GiB,1.54%,0B / 0B,0B / 3.34MB,31
2026-07-30 20:34:25,docker-recorder-run-c43348258146,0.00%,10.29MiB / 30.66GiB,0.03%,0B / 0B,0B / 9.52MB,1
2026-07-30 20:34:25,ouster,7.27%,121.4MiB / 30.66GiB,0.39%,0B / 0B,131kB / 2.85MB,29
2026-07-30 20:34:25,scovox,82.13%,254.2MiB / 30.66GiB,0.81%,0B / 0B,0B / 4.35MB,53
2026-07-30 20:34:25,openzen,2.72%,33.62MiB / 30.66GiB,0.11%,0B / 0B,0B / 2.15MB,20
2026-07-30 20:34:25,trav_ros2,101.73%,381.6MiB / 30.66GiB,1.22%,0B / 0B,0B / 13.9MB,44
2026-07-30 20:34:25,realsense,17.25%,93.85MiB / 30.66GiB,0.30%,0B / 0B,0B / 3.2MB,33
2026-07-30 20:34:25,mapir-ffmpeg,29.43%,171MiB / 30.66GiB,0.54%,0B / 0B,0B / 1.38MB,33
2026-07-30 20:34:25,nav2,6.44%,203.8MiB / 30.66GiB,0.65%,0B / 0B,0B / 1.3MB,93
2026-07-30 20:34:25,glim,78.77%,426.6MiB / 30.66GiB,1.36%,0B / 0B,0B / 11.6MB,37
2026-07-30 20:34:28,foxglove,14.44%,481.7MiB / 30.66GiB,1.53%,0B / 0B,0B / 3.34MB,31
2026-07-30 20:34:28,docker-recorder-run-c43348258146,0.00%,10.29MiB / 30.66GiB,0.03%,0B / 0B,0B / 9.52MB,1
2026-07-30 20:34:28,ouster,7.54%,121MiB / 30.66GiB,0.39%,0B / 0B,131kB / 2.85MB,29
2026-07-30 20:34:28,scovox,56.37%,302.3MiB / 30.66GiB,0.96%,0B / 0B,0B / 4.35MB,53
2026-07-30 20:34:28,openzen,2.54%,33.64MiB / 30.66GiB,0.11%,0B / 0B,0B / 2.15MB,20
2026-07-30 20:34:28,trav_ros2,101.69%,376.5MiB / 30.66GiB,1.20%,0B / 0B,0B / 13.9MB,44
2026-07-30 20:34:28,realsense,17.12%,93.61MiB / 30.66GiB,0.30%,0B / 0B,0B / 3.2MB,33
2026-07-30 20:34:28,mapir-ffmpeg,29.43%,170.8MiB / 30.66GiB,0.54%,0B / 0B,0B / 1.38MB,33
2026-07-30 20:34:28,nav2,5.96%,203.2MiB / 30.66GiB,0.65%,0B / 0B,0B / 1.3MB,93
2026-07-30 20:34:28,glim,76.25%,427.1MiB / 30.66GiB,1.36%,0B / 0B,0B / 11.6MB,37
2026-07-30 20:34:31,foxglove,11.63%,459.5MiB / 30.66GiB,1.46%,0B / 0B,0B / 3.34MB,31
2026-07-30 20:34:31,docker-recorder-run-c43348258146,0.00%,10.29MiB / 30.66GiB,0.03%,0B / 0B,0B / 9.52MB,1
2026-07-30 20:34:31,ouster,7.09%,121.3MiB / 30.66GiB,0.39%,0B / 0B,131kB / 2.85MB,29
2026-07-30 20:34:31,scovox,80.08%,264.6MiB / 30.66GiB,0.84%,0B / 0B,0B / 4.35MB,53
2026-07-30 20:34:31,openzen,2.58%,33.89MiB / 30.66GiB,0.11%,0B / 0B,0B / 2.15MB,20
2026-07-30 20:34:31,trav_ros2,101.51%,387.4MiB / 30.66GiB,1.23%,0B / 0B,0B / 13.9MB,44
2026-07-30 20:34:31,realsense,16.86%,93.62MiB / 30.66GiB,0.30%,0B / 0B,0B / 3.2MB,33
2026-07-30 20:34:31,mapir-ffmpeg,29.15%,171MiB / 30.66GiB,0.54%,0B / 0B,0B / 1.38MB,33
2026-07-30 20:34:31,nav2,5.61%,195.7MiB / 30.66GiB,0.62%,0B / 0B,0B / 1.3MB,93
2026-07-30 20:34:31,glim,75.12%,427.2MiB / 30.66GiB,1.36%,0B / 0B,0B / 11.6MB,37
2026-07-30 20:34:34,foxglove,11.95%,467.8MiB / 30.66GiB,1.49%,0B / 0B,0B / 3.34MB,31
2026-07-30 20:34:34,docker-recorder-run-c43348258146,0.00%,10.29MiB / 30.66GiB,0.03%,0B / 0B,0B / 9.52MB,1
2026-07-30 20:34:34,ouster,6.98%,121.9MiB / 30.66GiB,0.39%,0B / 0B,131kB / 2.85MB,29
2026-07-30 20:34:34,scovox,67.71%,304.4MiB / 30.66GiB,0.97%,0B / 0B,0B / 4.35MB,53
2026-07-30 20:34:34,openzen,2.67%,33.68MiB / 30.66GiB,0.11%,0B / 0B,0B / 2.15MB,20
2026-07-30 20:34:34,trav_ros2,101.12%,382MiB / 30.66GiB,1.22%,0B / 0B,0B / 13.9MB,44
2026-07-30 20:34:34,realsense,16.47%,93.91MiB / 30.66GiB,0.30%,0B / 0B,0B / 3.2MB,33
2026-07-30 20:34:34,mapir-ffmpeg,28.54%,171.3MiB / 30.66GiB,0.55%,0B / 0B,0B / 1.38MB,33
2026-07-30 20:34:34,nav2,6.41%,203.6MiB / 30.66GiB,0.65%,0B / 0B,0B / 1.3MB,93
2026-07-30 20:34:34,glim,76.95%,427.3MiB / 30.66GiB,1.36%,0B / 0B,0B / 11.6MB,37
2026-07-30 20:34:37,foxglove,12.00%,467.5MiB / 30.66GiB,1.49%,0B / 0B,0B / 3.34MB,31
2026-07-30 20:34:37,docker-recorder-run-c43348258146,0.00%,10.29MiB / 30.66GiB,0.03%,0B / 0B,0B / 9.52MB,1
2026-07-30 20:34:37,ouster,6.95%,121.7MiB / 30.66GiB,0.39%,0B / 0B,131kB / 2.85MB,29
2026-07-30 20:34:37,scovox,69.13%,291MiB / 30.66GiB,0.93%,0B / 0B,0B / 4.35MB,53
2026-07-30 20:34:37,openzen,2.64%,33.69MiB / 30.66GiB,0.11%,0B / 0B,0B / 2.15MB,20
2026-07-30 20:34:37,trav_ros2,100.71%,382MiB / 30.66GiB,1.22%,0B / 0B,0B / 13.9MB,44
2026-07-30 20:34:37,realsense,16.34%,93.66MiB / 30.66GiB,0.30%,0B / 0B,0B / 3.2MB,33
2026-07-30 20:34:37,mapir-ffmpeg,28.64%,170.8MiB / 30.66GiB,0.54%,0B / 0B,0B / 1.38MB,33
2026-07-30 20:34:37,nav2,6.13%,203.6MiB / 30.66GiB,0.65%,0B / 0B,0B / 1.3MB,93
2026-07-30 20:34:37,glim,74.61%,427.8MiB / 30.66GiB,1.36%,0B / 0B,0B / 11.6MB,37
2026-07-30 20:34:40,foxglove,12.28%,467.7MiB / 30.66GiB,1.49%,0B / 0B,0B / 3.34MB,31
2026-07-30 20:34:40,docker-recorder-run-c43348258146,0.00%,10.29MiB / 30.66GiB,0.03%,0B / 0B,0B / 9.52MB,1
2026-07-30 20:34:40,ouster,7.63%,121.4MiB / 30.66GiB,0.39%,0B / 0B,131kB / 2.85MB,29
2026-07-30 20:34:40,scovox,78.38%,236.1MiB / 30.66GiB,0.75%,0B / 0B,0B / 4.35MB,53
2026-07-30 20:34:40,openzen,2.90%,33.72MiB / 30.66GiB,0.11%,0B / 0B,0B / 2.15MB,20
2026-07-30 20:34:40,trav_ros2,101.12%,382.4MiB / 30.66GiB,1.22%,0B / 0B,0B / 13.9MB,44
2026-07-30 20:34:40,realsense,16.66%,93.94MiB / 30.66GiB,0.30%,0B / 0B,0B / 3.2MB,33
2026-07-30 20:34:40,mapir-ffmpeg,28.75%,171.1MiB / 30.66GiB,0.54%,0B / 0B,0B / 1.38MB,33
2026-07-30 20:34:40,nav2,7.06%,204MiB / 30.66GiB,0.65%,0B / 0B,0B / 1.3MB,93
2026-07-30 20:34:40,glim,73.85%,428.3MiB / 30.66GiB,1.36%,0B / 0B,0B / 11.6MB,37
2026-07-30 20:34:44,foxglove,12.10%,467.5MiB / 30.66GiB,1.49%,0B / 0B,0B / 3.34MB,31
2026-07-30 20:34:44,docker-recorder-run-c43348258146,0.00%,10.29MiB / 30.66GiB,0.03%,0B / 0B,0B / 9.52MB,1
2026-07-30 20:34:44,ouster,6.99%,121.3MiB / 30.66GiB,0.39%,0B / 0B,131kB / 2.85MB,29
2026-07-30 20:34:44,scovox,60.03%,294.2MiB / 30.66GiB,0.94%,0B / 0B,0B / 4.36MB,53
2026-07-30 20:34:44,openzen,2.63%,33.74MiB / 30.66GiB,0.11%,0B / 0B,0B / 2.15MB,20
2026-07-30 20:34:44,trav_ros2,101.26%,395.6MiB / 30.66GiB,1.26%,0B / 0B,0B / 14MB,44
2026-07-30 20:34:44,realsense,16.53%,93.71MiB / 30.66GiB,0.30%,0B / 0B,0B / 3.2MB,33
2026-07-30 20:34:44,mapir-ffmpeg,29.36%,170.9MiB / 30.66GiB,0.54%,0B / 0B,0B / 1.4MB,33
2026-07-30 20:34:44,nav2,6.15%,203.6MiB / 30.66GiB,0.65%,0B / 0B,0B / 1.32MB,93
2026-07-30 20:34:44,glim,72.41%,428.2MiB / 30.66GiB,1.36%,0B / 0B,0B / 11.6MB,37
2026-07-30 20:34:47,foxglove,11.89%,467.2MiB / 30.66GiB,1.49%,0B / 0B,0B / 3.34MB,31
2026-07-30 20:34:47,docker-recorder-run-c43348258146,0.00%,10.29MiB / 30.66GiB,0.03%,0B / 0B,0B / 9.52MB,1
2026-07-30 20:34:47,ouster,6.92%,121.4MiB / 30.66GiB,0.39%,0B / 0B,131kB / 2.85MB,29
2026-07-30 20:34:47,scovox,73.29%,264.6MiB / 30.66GiB,0.84%,0B / 0B,0B / 4.36MB,53
2026-07-30 20:34:47,openzen,2.57%,33.74MiB / 30.66GiB,0.11%,0B / 0B,0B / 2.15MB,20
2026-07-30 20:34:47,trav_ros2,101.14%,383MiB / 30.66GiB,1.22%,0B / 0B,0B / 14MB,44
2026-07-30 20:34:47,realsense,16.74%,93.71MiB / 30.66GiB,0.30%,0B / 0B,0B / 3.2MB,33
2026-07-30 20:34:47,mapir-ffmpeg,28.64%,171.4MiB / 30.66GiB,0.55%,0B / 0B,0B / 1.4MB,33
2026-07-30 20:34:47,nav2,6.42%,203.6MiB / 30.66GiB,0.65%,0B / 0B,0B / 1.32MB,93
2026-07-30 20:34:47,glim,79.01%,429.6MiB / 30.66GiB,1.37%,0B / 0B,0B / 11.6MB,37
2026-07-30 20:34:50,foxglove,12.14%,467.5MiB / 30.66GiB,1.49%,0B / 0B,0B / 3.34MB,31
2026-07-30 20:34:50,docker-recorder-run-c43348258146,0.00%,10.29MiB / 30.66GiB,0.03%,0B / 0B,0B / 9.52MB,1
2026-07-30 20:34:50,ouster,7.15%,121.4MiB / 30.66GiB,0.39%,0B / 0B,131kB / 2.85MB,29
2026-07-30 20:34:50,scovox,57.93%,300.1MiB / 30.66GiB,0.96%,0B / 0B,0B / 4.36MB,53
2026-07-30 20:34:50,openzen,2.44%,33.78MiB / 30.66GiB,0.11%,0B / 0B,0B / 2.15MB,20
2026-07-30 20:34:50,trav_ros2,101.68%,377.6MiB / 30.66GiB,1.20%,0B / 0B,0B / 14MB,44
2026-07-30 20:34:50,realsense,17.00%,93.75MiB / 30.66GiB,0.30%,0B / 0B,0B / 3.2MB,33
2026-07-30 20:34:50,mapir-ffmpeg,28.63%,170.9MiB / 30.66GiB,0.54%,0B / 0B,0B / 1.4MB,33
2026-07-30 20:34:50,nav2,6.48%,204MiB / 30.66GiB,0.65%,0B / 0B,0B / 1.32MB,93
2026-07-30 20:34:50,glim,74.40%,428.8MiB / 30.66GiB,1.37%,0B / 0B,0B / 11.6MB,37
2026-07-30 20:34:53,foxglove,11.85%,467.7MiB / 30.66GiB,1.49%,0B / 0B,0B / 3.36MB,31
2026-07-30 20:34:53,docker-recorder-run-c43348258146,0.00%,10.29MiB / 30.66GiB,0.03%,0B / 0B,0B / 9.52MB,1
2026-07-30 20:34:53,ouster,6.99%,121.7MiB / 30.66GiB,0.39%,0B / 0B,131kB / 2.85MB,29
2026-07-30 20:34:53,scovox,81.74%,264.7MiB / 30.66GiB,0.84%,0B / 0B,0B / 4.44MB,53
2026-07-30 20:34:53,openzen,2.45%,33.79MiB / 30.66GiB,0.11%,0B / 0B,0B / 2.15MB,20
2026-07-30 20:34:53,trav_ros2,101.39%,376.9MiB / 30.66GiB,1.20%,0B / 0B,0B / 14MB,44
2026-07-30 20:34:53,realsense,17.08%,94.01MiB / 30.66GiB,0.30%,0B / 0B,0B / 3.2MB,33
2026-07-30 20:34:53,mapir-ffmpeg,29.02%,170.9MiB / 30.66GiB,0.54%,0B / 0B,0B / 1.4MB,33
2026-07-30 20:34:53,nav2,6.20%,204MiB / 30.66GiB,0.65%,0B / 0B,0B / 1.32MB,93
2026-07-30 20:34:53,glim,81.59%,430.5MiB / 30.66GiB,1.37%,0B / 0B,0B / 11.6MB,37
2026-07-30 20:34:56,foxglove,11.94%,467.3MiB / 30.66GiB,1.49%,0B / 0B,0B / 3.37MB,31
2026-07-30 20:34:56,docker-recorder-run-c43348258146,0.00%,10.29MiB / 30.66GiB,0.03%,0B / 0B,0B / 9.52MB,1
2026-07-30 20:34:56,ouster,7.61%,121.7MiB / 30.66GiB,0.39%,0B / 0B,131kB / 2.85MB,29
2026-07-30 20:34:56,scovox,61.65%,301.4MiB / 30.66GiB,0.96%,0B / 0B,0B / 4.44MB,53
2026-07-30 20:34:56,openzen,2.82%,34.07MiB / 30.66GiB,0.11%,0B / 0B,0B / 2.15MB,20
2026-07-30 20:34:56,trav_ros2,101.21%,377MiB / 30.66GiB,1.20%,0B / 0B,0B / 14MB,44
2026-07-30 20:34:56,realsense,17.18%,94.53MiB / 30.66GiB,0.30%,0B / 0B,0B / 3.2MB,33
2026-07-30 20:34:56,mapir-ffmpeg,29.63%,171.7MiB / 30.66GiB,0.55%,0B / 0B,0B / 1.4MB,33
2026-07-30 20:34:56,nav2,7.41%,204.9MiB / 30.66GiB,0.65%,0B / 0B,0B / 1.32MB,93
2026-07-30 20:34:56,glim,79.38%,440.2MiB / 30.66GiB,1.40%,0B / 0B,0B / 11.6MB,37
2026-07-30 20:34:59,foxglove,11.64%,467.2MiB / 30.66GiB,1.49%,0B / 0B,0B / 3.37MB,31
2026-07-30 20:34:59,docker-recorder-run-c43348258146,0.00%,10.29MiB / 30.66GiB,0.03%,0B / 0B,0B / 9.52MB,1
2026-07-30 20:34:59,ouster,7.58%,121.8MiB / 30.66GiB,0.39%,0B / 0B,131kB / 2.85MB,29
2026-07-30 20:34:59,scovox,69.37%,265.9MiB / 30.66GiB,0.85%,0B / 0B,0B / 4.44MB,53
2026-07-30 20:34:59,openzen,2.70%,33.84MiB / 30.66GiB,0.11%,0B / 0B,0B / 2.15MB,20
2026-07-30 20:34:59,trav_ros2,100.85%,383.1MiB / 30.66GiB,1.22%,0B / 0B,0B / 14MB,44
2026-07-30 20:34:59,realsense,17.11%,94.64MiB / 30.66GiB,0.30%,0B / 0B,0B / 3.2MB,33
2026-07-30 20:34:59,mapir-ffmpeg,29.43%,171.2MiB / 30.66GiB,0.55%,0B / 0B,0B / 1.4MB,33
2026-07-30 20:34:59,nav2,5.89%,204.1MiB / 30.66GiB,0.65%,0B / 0B,0B / 1.32MB,93
2026-07-30 20:34:59,glim,80.44%,439.9MiB / 30.66GiB,1.40%,0B / 0B,0B / 11.6MB,37
2026-07-30 20:35:02,foxglove,11.34%,458.9MiB / 30.66GiB,1.46%,0B / 0B,0B / 3.37MB,31
2026-07-30 20:35:02,docker-recorder-run-c43348258146,0.00%,10.29MiB / 30.66GiB,0.03%,0B / 0B,0B / 9.52MB,1
2026-07-30 20:35:02,ouster,7.35%,121.7MiB / 30.66GiB,0.39%,0B / 0B,131kB / 2.85MB,29
2026-07-30 20:35:02,scovox,75.29%,266.3MiB / 30.66GiB,0.85%,0B / 0B,0B / 4.44MB,53
2026-07-30 20:35:02,openzen,2.47%,33.84MiB / 30.66GiB,0.11%,0B / 0B,0B / 2.15MB,20
2026-07-30 20:35:02,trav_ros2,101.16%,382.9MiB / 30.66GiB,1.22%,0B / 0B,0B / 14MB,44
2026-07-30 20:35:02,realsense,17.54%,94.65MiB / 30.66GiB,0.30%,0B / 0B,0B / 3.2MB,33
2026-07-30 20:35:02,mapir-ffmpeg,29.99%,171MiB / 30.66GiB,0.54%,0B / 0B,0B / 1.4MB,33
2026-07-30 20:35:02,nav2,5.51%,204.1MiB / 30.66GiB,0.65%,0B / 0B,0B / 1.32MB,93
2026-07-30 20:35:02,glim,79.50%,428.6MiB / 30.66GiB,1.37%,0B / 0B,0B / 11.6MB,37
2026-07-30 20:35:05,foxglove,12.20%,467.1MiB / 30.66GiB,1.49%,0B / 0B,0B / 3.37MB,31
2026-07-30 20:35:05,docker-recorder-run-c43348258146,0.00%,10.29MiB / 30.66GiB,0.03%,0B / 0B,0B / 9.52MB,1
2026-07-30 20:35:05,ouster,7.26%,121.7MiB / 30.66GiB,0.39%,0B / 0B,131kB / 2.85MB,29
2026-07-30 20:35:05,scovox,62.04%,294.4MiB / 30.66GiB,0.94%,0B / 0B,0B / 4.44MB,53
2026-07-30 20:35:05,openzen,2.61%,33.88MiB / 30.66GiB,0.11%,0B / 0B,0B / 2.15MB,20
2026-07-30 20:35:05,trav_ros2,101.03%,377MiB / 30.66GiB,1.20%,0B / 0B,0B / 14MB,44
2026-07-30 20:35:05,realsense,17.34%,94.43MiB / 30.66GiB,0.30%,0B / 0B,0B / 3.2MB,33
2026-07-30 20:35:05,mapir-ffmpeg,29.76%,171MiB / 30.66GiB,0.54%,0B / 0B,0B / 1.4MB,33
2026-07-30 20:35:05,nav2,6.03%,204.5MiB / 30.66GiB,0.65%,0B / 0B,0B / 1.32MB,93
2026-07-30 20:35:05,glim,77.52%,428.5MiB / 30.66GiB,1.36%,0B / 0B,0B / 11.6MB,37
2026-07-30 20:35:09,foxglove,12.00%,467.4MiB / 30.66GiB,1.49%,0B / 0B,0B / 3.37MB,31
2026-07-30 20:35:09,docker-recorder-run-c43348258146,0.00%,10.29MiB / 30.66GiB,0.03%,0B / 0B,0B / 9.52MB,1
2026-07-30 20:35:09,ouster,7.87%,121.7MiB / 30.66GiB,0.39%,0B / 0B,131kB / 2.85MB,29
2026-07-30 20:35:09,scovox,84.00%,259.5MiB / 30.66GiB,0.83%,0B / 0B,0B / 4.44MB,53
2026-07-30 20:35:09,openzen,2.64%,34.14MiB / 30.66GiB,0.11%,0B / 0B,0B / 2.15MB,20
2026-07-30 20:35:09,trav_ros2,100.97%,403.8MiB / 30.66GiB,1.29%,0B / 0B,0B / 14MB,44
2026-07-30 20:35:09,realsense,17.44%,94.45MiB / 30.66GiB,0.30%,0B / 0B,0B / 3.2MB,33
2026-07-30 20:35:09,mapir-ffmpeg,29.60%,171MiB / 30.66GiB,0.54%,0B / 0B,0B / 1.4MB,33
2026-07-30 20:35:09,nav2,6.10%,204.3MiB / 30.66GiB,0.65%,0B / 0B,0B / 1.32MB,93
2026-07-30 20:35:09,glim,78.48%,429.1MiB / 30.66GiB,1.37%,0B / 0B,0B / 11.6MB,37
2026-07-30 20:35:12,foxglove,11.42%,459.4MiB / 30.66GiB,1.46%,0B / 0B,0B / 3.37MB,31
2026-07-30 20:35:12,docker-recorder-run-c43348258146,0.00%,10.29MiB / 30.66GiB,0.03%,0B / 0B,0B / 9.52MB,1
2026-07-30 20:35:12,ouster,7.25%,121.5MiB / 30.66GiB,0.39%,0B / 0B,131kB / 2.85MB,29
2026-07-30 20:35:12,scovox,57.12%,305.8MiB / 30.66GiB,0.97%,0B / 0B,0B / 4.44MB,53
2026-07-30 20:35:12,openzen,2.69%,34.15MiB / 30.66GiB,0.11%,0B / 0B,0B / 2.15MB,20
2026-07-30 20:35:12,trav_ros2,101.56%,381.8MiB / 30.66GiB,1.22%,0B / 0B,0B / 14MB,44
2026-07-30 20:35:12,realsense,17.00%,94.95MiB / 30.66GiB,0.30%,0B / 0B,0B / 3.2MB,33
2026-07-30 20:35:12,mapir-ffmpeg,29.70%,171.3MiB / 30.66GiB,0.55%,0B / 0B,0B / 1.4MB,33
2026-07-30 20:35:12,nav2,6.51%,198.5MiB / 30.66GiB,0.63%,0B / 0B,0B / 1.32MB,93
2026-07-30 20:35:12,glim,79.82%,429.4MiB / 30.66GiB,1.37%,0B / 0B,0B / 11.6MB,37
2026-07-30 20:35:15,foxglove,12.60%,467.4MiB / 30.66GiB,1.49%,0B / 0B,0B / 3.37MB,31
2026-07-30 20:35:15,docker-recorder-run-c43348258146,0.00%,10.29MiB / 30.66GiB,0.03%,0B / 0B,0B / 9.52MB,1
2026-07-30 20:35:15,ouster,7.02%,121.5MiB / 30.66GiB,0.39%,0B / 0B,131kB / 2.85MB,29
2026-07-30 20:35:15,scovox,79.45%,269.5MiB / 30.66GiB,0.86%,0B / 0B,0B / 4.44MB,53
2026-07-30 20:35:15,openzen,2.60%,33.9MiB / 30.66GiB,0.11%,0B / 0B,0B / 2.15MB,20
2026-07-30 20:35:15,trav_ros2,101.36%,376.8MiB / 30.66GiB,1.20%,0B / 0B,0B / 14MB,44
2026-07-30 20:35:15,realsense,16.93%,94.5MiB / 30.66GiB,0.30%,0B / 0B,0B / 3.2MB,33
2026-07-30 20:35:15,mapir-ffmpeg,29.01%,171.3MiB / 30.66GiB,0.55%,0B / 0B,0B / 1.4MB,33
2026-07-30 20:35:15,nav2,6.30%,204.5MiB / 30.66GiB,0.65%,0B / 0B,0B / 1.32MB,93
2026-07-30 20:35:15,glim,83.08%,429.6MiB / 30.66GiB,1.37%,0B / 0B,0B / 11.6MB,37
2026-07-30 20:35:18,foxglove,11.87%,467.1MiB / 30.66GiB,1.49%,0B / 0B,0B / 3.37MB,31
2026-07-30 20:35:18,docker-recorder-run-c43348258146,0.00%,10.29MiB / 30.66GiB,0.03%,0B / 0B,0B / 9.52MB,1
2026-07-30 20:35:18,ouster,7.38%,121.6MiB / 30.66GiB,0.39%,0B / 0B,131kB / 2.85MB,29
2026-07-30 20:35:18,scovox,58.42%,308.1MiB / 30.66GiB,0.98%,0B / 0B,0B / 4.45MB,53
2026-07-30 20:35:18,openzen,2.59%,33.9MiB / 30.66GiB,0.11%,0B / 0B,0B / 2.15MB,20
2026-07-30 20:35:18,trav_ros2,101.57%,382.5MiB / 30.66GiB,1.22%,0B / 0B,0B / 14MB,44
2026-07-30 20:35:18,realsense,16.64%,95MiB / 30.66GiB,0.30%,0B / 0B,0B / 3.2MB,33
2026-07-30 20:35:18,mapir-ffmpeg,28.71%,171.3MiB / 30.66GiB,0.55%,0B / 0B,0B / 1.41MB,33
2026-07-30 20:35:18,nav2,5.81%,204.5MiB / 30.66GiB,0.65%,0B / 0B,0B / 1.34MB,93
2026-07-30 20:35:18,glim,74.66%,430.2MiB / 30.66GiB,1.37%,0B / 0B,0B / 11.6MB,37
2026-07-30 20:35:21,foxglove,11.73%,467MiB / 30.66GiB,1.49%,0B / 0B,0B / 3.37MB,31
2026-07-30 20:35:21,docker-recorder-run-c43348258146,0.00%,10.29MiB / 30.66GiB,0.03%,0B / 0B,0B / 9.52MB,1
2026-07-30 20:35:21,ouster,7.32%,121.8MiB / 30.66GiB,0.39%,0B / 0B,131kB / 2.85MB,29
2026-07-30 20:35:21,scovox,75.66%,269.2MiB / 30.66GiB,0.86%,0B / 0B,0B / 4.45MB,53
2026-07-30 20:35:21,openzen,2.59%,33.9MiB / 30.66GiB,0.11%,0B / 0B,0B / 2.15MB,20
2026-07-30 20:35:21,trav_ros2,101.71%,375.4MiB / 30.66GiB,1.20%,0B / 0B,0B / 14MB,44
2026-07-30 20:35:21,realsense,16.57%,94.5MiB / 30.66GiB,0.30%,0B / 0B,0B / 3.2MB,33
2026-07-30 20:35:21,mapir-ffmpeg,29.04%,171.3MiB / 30.66GiB,0.55%,0B / 0B,0B / 1.41MB,33
2026-07-30 20:35:21,nav2,6.44%,205.5MiB / 30.66GiB,0.65%,0B / 0B,0B / 1.34MB,93
2026-07-30 20:35:21,glim,78.97%,434.5MiB / 30.66GiB,1.38%,0B / 0B,0B / 11.6MB,37
2026-07-30 20:35:24,foxglove,12.02%,459.4MiB / 30.66GiB,1.46%,0B / 0B,0B / 3.37MB,31
2026-07-30 20:35:24,docker-recorder-run-c43348258146,0.00%,10.29MiB / 30.66GiB,0.03%,0B / 0B,0B / 9.52MB,1
2026-07-30 20:35:24,ouster,7.43%,121.9MiB / 30.66GiB,0.39%,0B / 0B,131kB / 2.85MB,29
2026-07-30 20:35:24,scovox,68.80%,269MiB / 30.66GiB,0.86%,0B / 0B,0B / 4.54MB,53
2026-07-30 20:35:24,openzen,2.52%,33.9MiB / 30.66GiB,0.11%,0B / 0B,0B / 2.15MB,20
2026-07-30 20:35:24,trav_ros2,101.92%,382MiB / 30.66GiB,1.22%,0B / 0B,0B / 14MB,44
2026-07-30 20:35:24,realsense,16.73%,94.75MiB / 30.66GiB,0.30%,0B / 0B,0B / 3.2MB,33
2026-07-30 20:35:24,mapir-ffmpeg,29.70%,171MiB / 30.66GiB,0.54%,0B / 0B,0B / 1.41MB,33
2026-07-30 20:35:24,nav2,5.82%,204.7MiB / 30.66GiB,0.65%,0B / 0B,0B / 1.34MB,93
2026-07-30 20:35:24,glim,81.27%,442.1MiB / 30.66GiB,1.41%,0B / 0B,0B / 11.6MB,37
2026-07-30 20:35:27,foxglove,11.83%,515.4MiB / 30.66GiB,1.64%,0B / 0B,0B / 3.37MB,31
2026-07-30 20:35:27,docker-recorder-run-c43348258146,0.00%,10.29MiB / 30.66GiB,0.03%,0B / 0B,0B / 9.52MB,1
2026-07-30 20:35:27,ouster,8.08%,121.6MiB / 30.66GiB,0.39%,0B / 0B,131kB / 2.85MB,29
2026-07-30 20:35:27,scovox,50.46%,269.7MiB / 30.66GiB,0.86%,0B / 0B,0B / 4.54MB,53
2026-07-30 20:35:27,openzen,2.46%,33.9MiB / 30.66GiB,0.11%,0B / 0B,0B / 2.15MB,20
2026-07-30 20:35:27,trav_ros2,102.26%,383MiB / 30.66GiB,1.22%,0B / 0B,0B / 14MB,44
2026-07-30 20:35:27,realsense,16.58%,95MiB / 30.66GiB,0.30%,0B / 0B,0B / 3.2MB,33
2026-07-30 20:35:27,mapir-ffmpeg,30.63%,171MiB / 30.66GiB,0.54%,0B / 0B,0B / 1.41MB,33
2026-07-30 20:35:27,nav2,6.16%,205.2MiB / 30.66GiB,0.65%,0B / 0B,0B / 1.34MB,93
2026-07-30 20:35:27,glim,78.69%,442.1MiB / 30.66GiB,1.41%,0B / 0B,0B / 11.6MB,37
2026-07-30 20:35:31,foxglove,18.28%,539.9MiB / 30.66GiB,1.72%,0B / 0B,0B / 3.37MB,31
2026-07-30 20:35:31,docker-recorder-run-c43348258146,0.00%,10.29MiB / 30.66GiB,0.03%,0B / 0B,0B / 9.52MB,1
2026-07-30 20:35:31,ouster,7.26%,122MiB / 30.66GiB,0.39%,0B / 0B,131kB / 2.85MB,29
2026-07-30 20:35:31,scovox,71.66%,269.6MiB / 30.66GiB,0.86%,0B / 0B,0B / 4.54MB,53
2026-07-30 20:35:31,openzen,2.56%,34.4MiB / 30.66GiB,0.11%,0B / 0B,0B / 2.15MB,20
2026-07-30 20:35:31,trav_ros2,101.33%,383MiB / 30.66GiB,1.22%,0B / 0B,0B / 14MB,44
2026-07-30 20:35:31,realsense,16.77%,94.5MiB / 30.66GiB,0.30%,0B / 0B,0B / 3.2MB,33
2026-07-30 20:35:31,mapir-ffmpeg,29.89%,171MiB / 30.66GiB,0.54%,0B / 0B,0B / 1.41MB,33
2026-07-30 20:35:31,nav2,6.07%,204.9MiB / 30.66GiB,0.65%,0B / 0B,0B / 1.34MB,93
2026-07-30 20:35:31,glim,82.01%,442.5MiB / 30.66GiB,1.41%,0B / 0B,0B / 11.6MB,37
2026-07-30 20:35:34,foxglove,13.83%,539.5MiB / 30.66GiB,1.72%,0B / 0B,0B / 3.37MB,31
2026-07-30 20:35:34,docker-recorder-run-c43348258146,0.00%,10.29MiB / 30.66GiB,0.03%,0B / 0B,0B / 9.52MB,1
2026-07-30 20:35:34,ouster,7.04%,121.9MiB / 30.66GiB,0.39%,0B / 0B,131kB / 2.85MB,29
2026-07-30 20:35:34,scovox,52.16%,295.5MiB / 30.66GiB,0.94%,0B / 0B,0B / 4.54MB,53
2026-07-30 20:35:34,openzen,2.32%,33.9MiB / 30.66GiB,0.11%,0B / 0B,0B / 2.15MB,20
2026-07-30 20:35:34,trav_ros2,101.95%,418.1MiB / 30.66GiB,1.33%,0B / 0B,0B / 14MB,44
2026-07-30 20:35:34,realsense,16.11%,94.5MiB / 30.66GiB,0.30%,0B / 0B,0B / 3.2MB,33
2026-07-30 20:35:34,mapir-ffmpeg,28.92%,171MiB / 30.66GiB,0.54%,0B / 0B,0B / 1.41MB,33
2026-07-30 20:35:34,nav2,5.88%,205MiB / 30.66GiB,0.65%,0B / 0B,0B / 1.34MB,93
2026-07-30 20:35:34,glim,79.79%,443.3MiB / 30.66GiB,1.41%,0B / 0B,0B / 11.6MB,37
2026-07-30 20:35:37,foxglove,11.22%,479.3MiB / 30.66GiB,1.53%,0B / 0B,0B / 3.37MB,31
2026-07-30 20:35:37,docker-recorder-run-c43348258146,0.00%,10.29MiB / 30.66GiB,0.03%,0B / 0B,0B / 9.52MB,1
2026-07-30 20:35:37,ouster,7.66%,121.6MiB / 30.66GiB,0.39%,0B / 0B,131kB / 2.85MB,29
2026-07-30 20:35:37,scovox,64.14%,269.5MiB / 30.66GiB,0.86%,0B / 0B,0B / 4.54MB,53
2026-07-30 20:35:37,openzen,2.66%,34.15MiB / 30.66GiB,0.11%,0B / 0B,0B / 2.15MB,20
2026-07-30 20:35:37,trav_ros2,101.18%,384.3MiB / 30.66GiB,1.22%,0B / 0B,0B / 14MB,44
2026-07-30 20:35:37,realsense,16.21%,94.51MiB / 30.66GiB,0.30%,0B / 0B,0B / 3.2MB,33
2026-07-30 20:35:37,mapir-ffmpeg,28.89%,171.5MiB / 30.66GiB,0.55%,0B / 0B,0B / 1.41MB,33
2026-07-30 20:35:37,nav2,6.67%,205.1MiB / 30.66GiB,0.65%,0B / 0B,0B / 1.34MB,93
2026-07-30 20:35:37,glim,81.96%,446.8MiB / 30.66GiB,1.42%,0B / 0B,0B / 11.6MB,37
2026-07-30 20:35:40,foxglove,11.80%,479.5MiB / 30.66GiB,1.53%,0B / 0B,0B / 3.37MB,31
2026-07-30 20:35:40,docker-recorder-run-c43348258146,0.00%,10.29MiB / 30.66GiB,0.03%,0B / 0B,0B / 9.52MB,1
2026-07-30 20:35:40,ouster,7.76%,121.6MiB / 30.66GiB,0.39%,0B / 0B,131kB / 2.85MB,29
2026-07-30 20:35:40,scovox,55.48%,307.3MiB / 30.66GiB,0.98%,0B / 0B,0B / 4.54MB,53
2026-07-30 20:35:40,openzen,2.45%,33.9MiB / 30.66GiB,0.11%,0B / 0B,0B / 2.15MB,20
2026-07-30 20:35:40,trav_ros2,101.77%,381.5MiB / 30.66GiB,1.22%,0B / 0B,0B / 14MB,44
2026-07-30 20:35:40,realsense,17.32%,94.51MiB / 30.66GiB,0.30%,0B / 0B,0B / 3.2MB,33
2026-07-30 20:35:40,mapir-ffmpeg,29.30%,171MiB / 30.66GiB,0.54%,0B / 0B,0B / 1.41MB,33
2026-07-30 20:35:40,nav2,5.70%,205.3MiB / 30.66GiB,0.65%,0B / 0B,0B / 1.34MB,93
2026-07-30 20:35:40,glim,76.97%,447.3MiB / 30.66GiB,1.42%,0B / 0B,0B / 11.6MB,37
2026-07-30 20:35:43,foxglove,12.70%,489.2MiB / 30.66GiB,1.56%,0B / 0B,0B / 3.37MB,31
2026-07-30 20:35:43,docker-recorder-run-c43348258146,0.00%,10.29MiB / 30.66GiB,0.03%,0B / 0B,0B / 9.52MB,1
2026-07-30 20:35:43,ouster,7.52%,121.5MiB / 30.66GiB,0.39%,0B / 0B,131kB / 2.85MB,29
2026-07-30 20:35:43,scovox,69.76%,269.6MiB / 30.66GiB,0.86%,0B / 0B,0B / 4.54MB,53
2026-07-30 20:35:43,openzen,2.50%,33.9MiB / 30.66GiB,0.11%,0B / 0B,0B / 2.15MB,20
2026-07-30 20:35:43,trav_ros2,101.72%,378.2MiB / 30.66GiB,1.20%,0B / 0B,0B / 14MB,44
2026-07-30 20:35:43,realsense,17.40%,94.51MiB / 30.66GiB,0.30%,0B / 0B,0B / 3.2MB,33
2026-07-30 20:35:43,mapir-ffmpeg,29.68%,171MiB / 30.66GiB,0.54%,0B / 0B,0B / 1.41MB,33
2026-07-30 20:35:43,nav2,6.88%,205.2MiB / 30.66GiB,0.65%,0B / 0B,0B / 1.34MB,93
2026-07-30 20:35:43,glim,78.64%,433.2MiB / 30.66GiB,1.38%,0B / 0B,0B / 11.6MB,37
2026-07-30 20:35:46,foxglove,13.14%,487.1MiB / 30.66GiB,1.55%,0B / 0B,0B / 3.37MB,31
2026-07-30 20:35:46,docker-recorder-run-c43348258146,0.00%,10.29MiB / 30.66GiB,0.03%,0B / 0B,0B / 9.52MB,1
2026-07-30 20:35:46,ouster,7.31%,122MiB / 30.66GiB,0.39%,0B / 0B,131kB / 2.85MB,29
2026-07-30 20:35:46,scovox,65.66%,305.1MiB / 30.66GiB,0.97%,0B / 0B,0B / 4.54MB,53
2026-07-30 20:35:46,openzen,2.45%,33.9MiB / 30.66GiB,0.11%,0B / 0B,0B / 2.15MB,20
2026-07-30 20:35:46,trav_ros2,101.44%,386.6MiB / 30.66GiB,1.23%,0B / 0B,0B / 14MB,44
2026-07-30 20:35:46,realsense,17.68%,94.51MiB / 30.66GiB,0.30%,0B / 0B,0B / 3.2MB,33
2026-07-30 20:35:46,mapir-ffmpeg,29.78%,171MiB / 30.66GiB,0.54%,0B / 0B,0B / 1.41MB,33
2026-07-30 20:35:46,nav2,6.04%,205.6MiB / 30.66GiB,0.65%,0B / 0B,0B / 1.34MB,93
2026-07-30 20:35:46,glim,75.71%,433.2MiB / 30.66GiB,1.38%,0B / 0B,0B / 11.6MB,37
2026-07-30 20:35:49,foxglove,13.66%,487.7MiB / 30.66GiB,1.55%,0B / 0B,0B / 3.37MB,31
2026-07-30 20:35:49,docker-recorder-run-c43348258146,0.00%,10.29MiB / 30.66GiB,0.03%,0B / 0B,0B / 9.52MB,1
2026-07-30 20:35:49,ouster,8.23%,121.8MiB / 30.66GiB,0.39%,0B / 0B,131kB / 2.85MB,29
2026-07-30 20:35:49,scovox,57.18%,269.6MiB / 30.66GiB,0.86%,0B / 0B,0B / 4.54MB,53
2026-07-30 20:35:49,openzen,2.53%,33.9MiB / 30.66GiB,0.11%,0B / 0B,0B / 2.15MB,20
2026-07-30 20:35:49,trav_ros2,101.74%,383MiB / 30.66GiB,1.22%,0B / 0B,0B / 14MB,44
2026-07-30 20:35:49,realsense,17.47%,94.51MiB / 30.66GiB,0.30%,0B / 0B,0B / 3.2MB,33
2026-07-30 20:35:49,mapir-ffmpeg,30.25%,171MiB / 30.66GiB,0.54%,0B / 0B,0B / 1.41MB,33
2026-07-30 20:35:49,nav2,6.14%,205.5MiB / 30.66GiB,0.65%,0B / 0B,0B / 1.34MB,93
2026-07-30 20:35:49,glim,78.89%,435.5MiB / 30.66GiB,1.39%,0B / 0B,0B / 11.6MB,37
2026-07-30 20:35:52,foxglove,13.18%,487.4MiB / 30.66GiB,1.55%,0B / 0B,0B / 3.37MB,31
2026-07-30 20:35:52,docker-recorder-run-c43348258146,0.00%,10.29MiB / 30.66GiB,0.03%,0B / 0B,0B / 9.52MB,1
2026-07-30 20:35:52,ouster,7.73%,121.7MiB / 30.66GiB,0.39%,0B / 0B,131kB / 2.85MB,29
2026-07-30 20:35:52,scovox,80.35%,269.6MiB / 30.66GiB,0.86%,0B / 0B,0B / 4.63MB,53
2026-07-30 20:35:52,openzen,2.75%,33.9MiB / 30.66GiB,0.11%,0B / 0B,0B / 2.15MB,20
2026-07-30 20:35:52,trav_ros2,101.94%,383.7MiB / 30.66GiB,1.22%,0B / 0B,0B / 14MB,44
2026-07-30 20:35:52,realsense,17.73%,94.76MiB / 30.66GiB,0.30%,0B / 0B,0B / 3.2MB,33
2026-07-30 20:35:52,mapir-ffmpeg,29.02%,171MiB / 30.66GiB,0.54%,0B / 0B,0B / 1.42MB,33
2026-07-30 20:35:52,nav2,6.87%,206.3MiB / 30.66GiB,0.66%,0B / 0B,0B / 1.36MB,93
2026-07-30 20:35:52,glim,79.10%,440.5MiB / 30.66GiB,1.40%,0B / 0B,0B / 11.6MB,37
2026-07-30 20:35:56,foxglove,12.32%,487.2MiB / 30.66GiB,1.55%,0B / 0B,0B / 3.37MB,31
2026-07-30 20:35:56,docker-recorder-run-c43348258146,0.00%,10.29MiB / 30.66GiB,0.03%,0B / 0B,0B / 9.52MB,1
2026-07-30 20:35:56,ouster,7.17%,121.6MiB / 30.66GiB,0.39%,0B / 0B,131kB / 2.85MB,29
2026-07-30 20:35:56,scovox,53.65%,295.5MiB / 30.66GiB,0.94%,0B / 0B,0B / 4.63MB,53
2026-07-30 20:35:56,openzen,2.57%,34.15MiB / 30.66GiB,0.11%,0B / 0B,0B / 2.15MB,20
2026-07-30 20:35:56,trav_ros2,101.60%,398.6MiB / 30.66GiB,1.27%,0B / 0B,0B / 14MB,44
2026-07-30 20:35:56,realsense,16.90%,94.51MiB / 30.66GiB,0.30%,0B / 0B,0B / 3.2MB,33
2026-07-30 20:35:56,mapir-ffmpeg,28.64%,171MiB / 30.66GiB,0.54%,0B / 0B,0B / 1.42MB,33
2026-07-30 20:35:56,nav2,5.91%,205.6MiB / 30.66GiB,0.65%,0B / 0B,0B / 1.36MB,93
2026-07-30 20:35:56,glim,76.06%,442.1MiB / 30.66GiB,1.41%,0B / 0B,0B / 11.6MB,37
2026-07-30 20:35:59,foxglove,12.34%,487.3MiB / 30.66GiB,1.55%,0B / 0B,0B / 3.37MB,31
2026-07-30 20:35:59,docker-recorder-run-c43348258146,0.00%,10.29MiB / 30.66GiB,0.03%,0B / 0B,0B / 9.52MB,1
2026-07-30 20:35:59,ouster,7.12%,121.7MiB / 30.66GiB,0.39%,0B / 0B,131kB / 2.85MB,29
2026-07-30 20:35:59,scovox,81.39%,270.4MiB / 30.66GiB,0.86%,0B / 0B,0B / 4.63MB,53
2026-07-30 20:35:59,openzen,2.44%,33.9MiB / 30.66GiB,0.11%,0B / 0B,0B / 2.15MB,20
2026-07-30 20:35:59,trav_ros2,101.34%,383.3MiB / 30.66GiB,1.22%,0B / 0B,0B / 14MB,44
2026-07-30 20:35:59,realsense,16.88%,94.51MiB / 30.66GiB,0.30%,0B / 0B,0B / 3.2MB,33
2026-07-30 20:35:59,mapir-ffmpeg,28.68%,171MiB / 30.66GiB,0.54%,0B / 0B,0B / 1.42MB,33
2026-07-30 20:35:59,nav2,6.05%,205.6MiB / 30.66GiB,0.65%,0B / 0B,0B / 1.36MB,93
2026-07-30 20:35:59,glim,79.43%,442.9MiB / 30.66GiB,1.41%,0B / 0B,0B / 11.6MB,37
2026-07-30 20:36:02,foxglove,11.00%,479.3MiB / 30.66GiB,1.53%,0B / 0B,0B / 3.37MB,31
2026-07-30 20:36:02,docker-recorder-run-c43348258146,0.00%,10.29MiB / 30.66GiB,0.03%,0B / 0B,0B / 9.52MB,1
2026-07-30 20:36:02,ouster,7.06%,122.2MiB / 30.66GiB,0.39%,0B / 0B,131kB / 2.85MB,29
2026-07-30 20:36:02,scovox,58.03%,309.5MiB / 30.66GiB,0.99%,0B / 0B,0B / 4.63MB,53
2026-07-30 20:36:02,openzen,2.35%,33.9MiB / 30.66GiB,0.11%,0B / 0B,0B / 2.15MB,20
2026-07-30 20:36:02,trav_ros2,101.33%,379.6MiB / 30.66GiB,1.21%,0B / 0B,0B / 14MB,44
2026-07-30 20:36:02,realsense,16.78%,94.52MiB / 30.66GiB,0.30%,0B / 0B,0B / 3.2MB,33
2026-07-30 20:36:02,mapir-ffmpeg,28.39%,171MiB / 30.66GiB,0.54%,0B / 0B,0B / 1.42MB,33
2026-07-30 20:36:02,nav2,5.55%,206.2MiB / 30.66GiB,0.66%,0B / 0B,0B / 1.36MB,93
2026-07-30 20:36:02,glim,75.46%,442MiB / 30.66GiB,1.41%,0B / 0B,0B / 11.6MB,37
2026-07-30 20:36:05,foxglove,12.04%,487.5MiB / 30.66GiB,1.55%,0B / 0B,0B / 3.39MB,31
2026-07-30 20:36:05,docker-recorder-run-c43348258146,0.00%,10.29MiB / 30.66GiB,0.03%,0B / 0B,0B / 9.52MB,1
2026-07-30 20:36:05,ouster,7.37%,121.8MiB / 30.66GiB,0.39%,0B / 0B,131kB / 2.85MB,29
2026-07-30 20:36:05,scovox,91.14%,266.5MiB / 30.66GiB,0.85%,0B / 0B,0B / 4.63MB,53
2026-07-30 20:36:05,openzen,2.53%,33.9MiB / 30.66GiB,0.11%,0B / 0B,0B / 2.15MB,20
2026-07-30 20:36:05,trav_ros2,101.41%,382.7MiB / 30.66GiB,1.22%,0B / 0B,0B / 14MB,44
2026-07-30 20:36:05,realsense,17.22%,94.51MiB / 30.66GiB,0.30%,0B / 0B,0B / 3.2MB,33
2026-07-30 20:36:05,mapir-ffmpeg,28.58%,171MiB / 30.66GiB,0.54%,0B / 0B,0B / 1.42MB,33
2026-07-30 20:36:05,nav2,6.25%,206MiB / 30.66GiB,0.66%,0B / 0B,0B / 1.36MB,93
2026-07-30 20:36:05,glim,78.18%,443MiB / 30.66GiB,1.41%,0B / 0B,0B / 11.6MB,37
2026-07-30 20:36:08,foxglove,12.50%,487.8MiB / 30.66GiB,1.55%,0B / 0B,0B / 3.39MB,31
2026-07-30 20:36:08,docker-recorder-run-c43348258146,0.00%,10.29MiB / 30.66GiB,0.03%,0B / 0B,0B / 9.52MB,1
2026-07-30 20:36:08,ouster,7.55%,121.7MiB / 30.66GiB,0.39%,0B / 0B,131kB / 2.85MB,29
2026-07-30 20:36:08,scovox,66.54%,313MiB / 30.66GiB,1.00%,0B / 0B,0B / 4.63MB,53
2026-07-30 20:36:08,openzen,2.74%,33.91MiB / 30.66GiB,0.11%,0B / 0B,0B / 2.15MB,20
2026-07-30 20:36:08,trav_ros2,101.54%,387.3MiB / 30.66GiB,1.23%,0B / 0B,0B / 14MB,44
2026-07-30 20:36:08,realsense,17.22%,94.51MiB / 30.66GiB,0.30%,0B / 0B,0B / 3.2MB,33
2026-07-30 20:36:08,mapir-ffmpeg,29.01%,171.3MiB / 30.66GiB,0.55%,0B / 0B,0B / 1.42MB,33
2026-07-30 20:36:08,nav2,6.99%,207.1MiB / 30.66GiB,0.66%,0B / 0B,0B / 1.36MB,93
2026-07-30 20:36:08,glim,76.65%,445.8MiB / 30.66GiB,1.42%,0B / 0B,0B / 11.6MB,37
2026-07-30 20:36:11,foxglove,12.07%,487.5MiB / 30.66GiB,1.55%,0B / 0B,0B / 3.39MB,31
2026-07-30 20:36:11,docker-recorder-run-c43348258146,0.00%,10.29MiB / 30.66GiB,0.03%,0B / 0B,0B / 9.52MB,1
2026-07-30 20:36:11,ouster,7.26%,121.6MiB / 30.66GiB,0.39%,0B / 0B,131kB / 2.85MB,29
2026-07-30 20:36:11,scovox,65.45%,267.6MiB / 30.66GiB,0.85%,0B / 0B,0B / 4.63MB,53
2026-07-30 20:36:11,openzen,2.48%,33.9MiB / 30.66GiB,0.11%,0B / 0B,0B / 2.15MB,20
2026-07-30 20:36:11,trav_ros2,101.39%,373.6MiB / 30.66GiB,1.19%,0B / 0B,0B / 14MB,44
2026-07-30 20:36:11,realsense,17.01%,94.76MiB / 30.66GiB,0.30%,0B / 0B,0B / 3.2MB,33
2026-07-30 20:36:11,mapir-ffmpeg,28.91%,171MiB / 30.66GiB,0.54%,0B / 0B,0B / 1.42MB,33
2026-07-30 20:36:11,nav2,5.53%,206.3MiB / 30.66GiB,0.66%,0B / 0B,0B / 1.36MB,93
2026-07-30 20:36:11,glim,75.53%,447MiB / 30.66GiB,1.42%,0B / 0B,0B / 11.6MB,37
2026-07-30 20:36:14,foxglove,11.85%,487.3MiB / 30.66GiB,1.55%,0B / 0B,0B / 3.39MB,31
2026-07-30 20:36:14,docker-recorder-run-c43348258146,0.00%,10.29MiB / 30.66GiB,0.03%,0B / 0B,0B / 9.52MB,1
2026-07-30 20:36:14,ouster,7.15%,121.9MiB / 30.66GiB,0.39%,0B / 0B,131kB / 2.85MB,29
2026-07-30 20:36:14,scovox,77.77%,231.3MiB / 30.66GiB,0.74%,0B / 0B,0B / 4.63MB,53
2026-07-30 20:36:14,openzen,2.45%,33.9MiB / 30.66GiB,0.11%,0B / 0B,0B / 2.15MB,20
2026-07-30 20:36:14,trav_ros2,101.94%,383.7MiB / 30.66GiB,1.22%,0B / 0B,0B / 14MB,44
2026-07-30 20:36:14,realsense,16.73%,94.51MiB / 30.66GiB,0.30%,0B / 0B,0B / 3.2MB,33
2026-07-30 20:36:14,mapir-ffmpeg,28.39%,171MiB / 30.66GiB,0.54%,0B / 0B,0B / 1.42MB,33
2026-07-30 20:36:14,nav2,5.78%,206.2MiB / 30.66GiB,0.66%,0B / 0B,0B / 1.36MB,93
2026-07-30 20:36:14,glim,77.19%,443.5MiB / 30.66GiB,1.41%,0B / 0B,0B / 11.6MB,37
2026-07-30 20:36:17,foxglove,11.53%,487.3MiB / 30.66GiB,1.55%,0B / 0B,0B / 3.39MB,31
2026-07-30 20:36:17,docker-recorder-run-c43348258146,0.00%,10.29MiB / 30.66GiB,0.03%,0B / 0B,0B / 9.52MB,1
2026-07-30 20:36:17,ouster,7.10%,121.9MiB / 30.66GiB,0.39%,0B / 0B,131kB / 2.85MB,29
2026-07-30 20:36:17,scovox,55.65%,295.5MiB / 30.66GiB,0.94%,0B / 0B,0B / 4.63MB,53
2026-07-30 20:36:17,openzen,2.61%,33.9MiB / 30.66GiB,0.11%,0B / 0B,0B / 2.15MB,20
2026-07-30 20:36:17,trav_ros2,102.30%,387.4MiB / 30.66GiB,1.23%,0B / 0B,0B / 14MB,44
2026-07-30 20:36:17,realsense,16.40%,95.25MiB / 30.66GiB,0.30%,0B / 0B,0B / 3.2MB,33
2026-07-30 20:36:17,mapir-ffmpeg,28.67%,171.5MiB / 30.66GiB,0.55%,0B / 0B,0B / 1.42MB,33
2026-07-30 20:36:17,nav2,5.90%,206.7MiB / 30.66GiB,0.66%,0B / 0B,0B / 1.36MB,93
2026-07-30 20:36:17,glim,76.14%,446.4MiB / 30.66GiB,1.42%,0B / 0B,0B / 11.6MB,37
2026-07-30 20:36:21,foxglove,12.16%,489.8MiB / 30.66GiB,1.56%,0B / 0B,0B / 3.39MB,31
2026-07-30 20:36:21,docker-recorder-run-c43348258146,0.00%,10.29MiB / 30.66GiB,0.03%,0B / 0B,0B / 9.52MB,1
2026-07-30 20:36:21,ouster,7.86%,121.7MiB / 30.66GiB,0.39%,0B / 0B,131kB / 2.85MB,29
2026-07-30 20:36:21,scovox,73.61%,269.2MiB / 30.66GiB,0.86%,0B / 0B,0B / 4.63MB,53
2026-07-30 20:36:21,openzen,2.65%,34.4MiB / 30.66GiB,0.11%,0B / 0B,0B / 2.15MB,20
2026-07-30 20:36:21,trav_ros2,101.55%,424.9MiB / 30.66GiB,1.35%,0B / 0B,0B / 14MB,44
2026-07-30 20:36:21,realsense,16.43%,94.75MiB / 30.66GiB,0.30%,0B / 0B,0B / 3.2MB,33
2026-07-30 20:36:21,mapir-ffmpeg,28.57%,171MiB / 30.66GiB,0.54%,0B / 0B,0B / 1.42MB,33
2026-07-30 20:36:21,nav2,6.13%,206.2MiB / 30.66GiB,0.66%,0B / 0B,0B / 1.36MB,93
2026-07-30 20:36:21,glim,87.04%,462.7MiB / 30.66GiB,1.47%,0B / 0B,0B / 11.6MB,37
2026-07-30 20:36:24,foxglove,12.39%,487.3MiB / 30.66GiB,1.55%,0B / 0B,0B / 3.39MB,31
2026-07-30 20:36:24,docker-recorder-run-c43348258146,0.00%,10.29MiB / 30.66GiB,0.03%,0B / 0B,0B / 9.52MB,1
2026-07-30 20:36:24,ouster,7.39%,121.6MiB / 30.66GiB,0.39%,0B / 0B,131kB / 2.85MB,29
2026-07-30 20:36:24,scovox,55.27%,299.4MiB / 30.66GiB,0.95%,0B / 0B,0B / 4.72MB,53
2026-07-30 20:36:24,openzen,2.75%,33.9MiB / 30.66GiB,0.11%,0B / 0B,0B / 2.15MB,20
2026-07-30 20:36:24,trav_ros2,101.71%,380.5MiB / 30.66GiB,1.21%,0B / 0B,0B / 14MB,44
2026-07-30 20:36:24,realsense,16.65%,94.51MiB / 30.66GiB,0.30%,0B / 0B,0B / 3.2MB,33
2026-07-30 20:36:24,mapir-ffmpeg,28.75%,171MiB / 30.66GiB,0.54%,0B / 0B,0B / 1.42MB,33
2026-07-30 20:36:24,nav2,6.55%,207.5MiB / 30.66GiB,0.66%,0B / 0B,0B / 1.36MB,93
2026-07-30 20:36:24,glim,85.82%,474.3MiB / 30.66GiB,1.51%,0B / 0B,0B / 11.6MB,37
2026-07-30 20:36:27,foxglove,12.62%,487.4MiB / 30.66GiB,1.55%,0B / 0B,0B / 3.39MB,31
2026-07-30 20:36:27,docker-recorder-run-c43348258146,0.00%,10.29MiB / 30.66GiB,0.03%,0B / 0B,0B / 9.52MB,1
2026-07-30 20:36:27,ouster,7.19%,121.7MiB / 30.66GiB,0.39%,0B / 0B,131kB / 2.85MB,29
2026-07-30 20:36:27,scovox,77.62%,270.6MiB / 30.66GiB,0.86%,0B / 0B,0B / 4.72MB,53
2026-07-30 20:36:27,openzen,2.57%,33.9MiB / 30.66GiB,0.11%,0B / 0B,0B / 2.15MB,20
2026-07-30 20:36:27,trav_ros2,101.19%,387.3MiB / 30.66GiB,1.23%,0B / 0B,0B / 14MB,44
2026-07-30 20:36:27,realsense,16.75%,95MiB / 30.66GiB,0.30%,0B / 0B,0B / 3.2MB,33
2026-07-30 20:36:27,mapir-ffmpeg,28.57%,171.3MiB / 30.66GiB,0.55%,0B / 0B,0B / 1.42MB,33
2026-07-30 20:36:27,nav2,6.14%,206.3MiB / 30.66GiB,0.66%,0B / 0B,0B / 1.38MB,93
2026-07-30 20:36:27,glim,77.29%,473.9MiB / 30.66GiB,1.51%,0B / 0B,0B / 11.6MB,37
2026-07-30 20:36:30,foxglove,10.95%,479.3MiB / 30.66GiB,1.53%,0B / 0B,0B / 3.39MB,31
2026-07-30 20:36:30,docker-recorder-run-c43348258146,0.00%,10.29MiB / 30.66GiB,0.03%,0B / 0B,0B / 9.52MB,1
2026-07-30 20:36:30,ouster,7.15%,121.8MiB / 30.66GiB,0.39%,0B / 0B,131kB / 2.85MB,29
2026-07-30 20:36:30,scovox,55.90%,305.2MiB / 30.66GiB,0.97%,0B / 0B,0B / 4.72MB,53
2026-07-30 20:36:30,openzen,2.44%,33.9MiB / 30.66GiB,0.11%,0B / 0B,0B / 2.15MB,20
2026-07-30 20:36:30,trav_ros2,101.29%,383.2MiB / 30.66GiB,1.22%,0B / 0B,0B / 14MB,44
2026-07-30 20:36:30,realsense,16.48%,94.76MiB / 30.66GiB,0.30%,0B / 0B,0B / 3.2MB,33
2026-07-30 20:36:30,mapir-ffmpeg,28.23%,171MiB / 30.66GiB,0.54%,0B / 0B,0B / 1.43MB,33
2026-07-30 20:36:30,nav2,5.62%,206.4MiB / 30.66GiB,0.66%,0B / 0B,0B / 1.38MB,93
2026-07-30 20:36:30,glim,79.17%,474.6MiB / 30.66GiB,1.51%,0B / 0B,0B / 11.6MB,37
2026-07-30 20:36:33,foxglove,12.30%,487.5MiB / 30.66GiB,1.55%,0B / 0B,0B / 3.39MB,31
2026-07-30 20:36:33,docker-recorder-run-c43348258146,0.00%,10.29MiB / 30.66GiB,0.03%,0B / 0B,0B / 9.52MB,1
2026-07-30 20:36:33,ouster,7.73%,121.7MiB / 30.66GiB,0.39%,0B / 0B,131kB / 2.85MB,29
2026-07-30 20:36:33,scovox,56.10%,270.3MiB / 30.66GiB,0.86%,0B / 0B,0B / 4.72MB,53
2026-07-30 20:36:33,openzen,2.77%,33.9MiB / 30.66GiB,0.11%,0B / 0B,0B / 2.15MB,20
2026-07-30 20:36:33,trav_ros2,102.00%,382.4MiB / 30.66GiB,1.22%,0B / 0B,0B / 14MB,44
2026-07-30 20:36:33,realsense,16.89%,94.51MiB / 30.66GiB,0.30%,0B / 0B,0B / 3.2MB,33
2026-07-30 20:36:33,mapir-ffmpeg,29.71%,171MiB / 30.66GiB,0.54%,0B / 0B,0B / 1.43MB,33
2026-07-30 20:36:33,nav2,6.04%,206.7MiB / 30.66GiB,0.66%,0B / 0B,0B / 1.38MB,93
2026-07-30 20:36:33,glim,82.17%,474.9MiB / 30.66GiB,1.51%,0B / 0B,0B / 11.6MB,37
2026-07-30 20:36:36,foxglove,12.15%,487.7MiB / 30.66GiB,1.55%,0B / 0B,0B / 3.39MB,31
2026-07-30 20:36:36,docker-recorder-run-c43348258146,0.00%,10.29MiB / 30.66GiB,0.03%,0B / 0B,0B / 9.52MB,1
2026-07-30 20:36:36,ouster,7.80%,121.6MiB / 30.66GiB,0.39%,0B / 0B,131kB / 2.85MB,29
2026-07-30 20:36:36,scovox,65.57%,270.4MiB / 30.66GiB,0.86%,0B / 0B,0B / 4.72MB,53
2026-07-30 20:36:36,openzen,2.66%,33.9MiB / 30.66GiB,0.11%,0B / 0B,0B / 2.15MB,20
2026-07-30 20:36:36,trav_ros2,101.22%,384.3MiB / 30.66GiB,1.22%,0B / 0B,0B / 14MB,44
2026-07-30 20:36:36,realsense,17.23%,94.51MiB / 30.66GiB,0.30%,0B / 0B,0B / 3.2MB,33
2026-07-30 20:36:36,mapir-ffmpeg,29.92%,171MiB / 30.66GiB,0.54%,0B / 0B,0B / 1.43MB,33
2026-07-30 20:36:36,nav2,5.91%,206.5MiB / 30.66GiB,0.66%,0B / 0B,0B / 1.38MB,93
2026-07-30 20:36:36,glim,81.88%,475.1MiB / 30.66GiB,1.51%,0B / 0B,0B / 11.6MB,37
2026-07-30 20:36:39,foxglove,11.48%,487.7MiB / 30.66GiB,1.55%,0B / 0B,0B / 3.39MB,31
2026-07-30 20:36:39,docker-recorder-run-c43348258146,0.00%,10.29MiB / 30.66GiB,0.03%,0B / 0B,0B / 9.52MB,1
2026-07-30 20:36:39,ouster,7.32%,121.5MiB / 30.66GiB,0.39%,0B / 0B,131kB / 2.85MB,29
2026-07-30 20:36:39,scovox,51.13%,269.7MiB / 30.66GiB,0.86%,0B / 0B,0B / 4.72MB,53
2026-07-30 20:36:39,openzen,2.75%,33.9MiB / 30.66GiB,0.11%,0B / 0B,0B / 2.15MB,20
2026-07-30 20:36:39,trav_ros2,101.16%,384.6MiB / 30.66GiB,1.23%,0B / 0B,0B / 14MB,44
2026-07-30 20:36:39,realsense,17.20%,94.51MiB / 30.66GiB,0.30%,0B / 0B,0B / 3.2MB,33
2026-07-30 20:36:39,mapir-ffmpeg,29.69%,171MiB / 30.66GiB,0.54%,0B / 0B,0B / 1.43MB,33
2026-07-30 20:36:39,nav2,6.06%,206.5MiB / 30.66GiB,0.66%,0B / 0B,0B / 1.38MB,93
2026-07-30 20:36:39,glim,82.82%,480.8MiB / 30.66GiB,1.53%,0B / 0B,0B / 11.6MB,37
2026-07-30 20:36:43,foxglove,11.73%,487.6MiB / 30.66GiB,1.55%,0B / 0B,0B / 3.39MB,31
2026-07-30 20:36:43,docker-recorder-run-c43348258146,0.00%,10.29MiB / 30.66GiB,0.03%,0B / 0B,0B / 9.52MB,1
2026-07-30 20:36:43,ouster,7.22%,121.5MiB / 30.66GiB,0.39%,0B / 0B,131kB / 2.85MB,29
2026-07-30 20:36:43,scovox,70.81%,271.2MiB / 30.66GiB,0.86%,0B / 0B,0B / 4.72MB,53
2026-07-30 20:36:43,openzen,2.62%,33.9MiB / 30.66GiB,0.11%,0B / 0B,0B / 2.15MB,20
2026-07-30 20:36:43,trav_ros2,101.01%,383.1MiB / 30.66GiB,1.22%,0B / 0B,0B / 14MB,44
2026-07-30 20:36:43,realsense,16.97%,94.75MiB / 30.66GiB,0.30%,0B / 0B,0B / 3.2MB,33
2026-07-30 20:36:43,mapir-ffmpeg,29.94%,171MiB / 30.66GiB,0.54%,0B / 0B,0B / 1.43MB,33
2026-07-30 20:36:43,nav2,6.49%,206.5MiB / 30.66GiB,0.66%,0B / 0B,0B / 1.38MB,93
2026-07-30 20:36:43,glim,81.93%,480.4MiB / 30.66GiB,1.53%,0B / 0B,0B / 11.6MB,37
2026-07-30 20:36:46,foxglove,11.82%,487.8MiB / 30.66GiB,1.55%,0B / 0B,0B / 3.39MB,31
2026-07-30 20:36:46,docker-recorder-run-c43348258146,0.00%,10.29MiB / 30.66GiB,0.03%,0B / 0B,0B / 9.52MB,1
2026-07-30 20:36:46,ouster,6.96%,121.7MiB / 30.66GiB,0.39%,0B / 0B,131kB / 2.85MB,29
2026-07-30 20:36:46,scovox,50.12%,296MiB / 30.66GiB,0.94%,0B / 0B,0B / 4.72MB,53
2026-07-30 20:36:46,openzen,2.50%,34.15MiB / 30.66GiB,0.11%,0B / 0B,0B / 2.15MB,20
2026-07-30 20:36:46,trav_ros2,101.22%,382.6MiB / 30.66GiB,1.22%,0B / 0B,0B / 14MB,44
2026-07-30 20:36:46,realsense,16.62%,94.51MiB / 30.66GiB,0.30%,0B / 0B,0B / 3.2MB,33
2026-07-30 20:36:46,mapir-ffmpeg,29.23%,171MiB / 30.66GiB,0.54%,0B / 0B,0B / 1.43MB,33
2026-07-30 20:36:46,nav2,6.14%,206.5MiB / 30.66GiB,0.66%,0B / 0B,0B / 1.38MB,93
2026-07-30 20:36:46,glim,86.19%,481.2MiB / 30.66GiB,1.53%,0B / 0B,0B / 11.6MB,37
2026-07-30 20:36:49,foxglove,12.06%,487.3MiB / 30.66GiB,1.55%,0B / 0B,0B / 3.39MB,31
2026-07-30 20:36:49,docker-recorder-run-c43348258146,0.00%,10.29MiB / 30.66GiB,0.03%,0B / 0B,0B / 9.52MB,1
2026-07-30 20:36:49,ouster,7.75%,121.7MiB / 30.66GiB,0.39%,0B / 0B,131kB / 2.85MB,29
2026-07-30 20:36:49,scovox,65.70%,270MiB / 30.66GiB,0.86%,0B / 0B,0B / 4.72MB,53
2026-07-30 20:36:49,openzen,2.61%,33.9MiB / 30.66GiB,0.11%,0B / 0B,0B / 2.15MB,20
2026-07-30 20:36:49,trav_ros2,102.38%,382.4MiB / 30.66GiB,1.22%,0B / 0B,0B / 14MB,44
2026-07-30 20:36:49,realsense,16.78%,94.51MiB / 30.66GiB,0.30%,0B / 0B,0B / 3.2MB,33
2026-07-30 20:36:49,mapir-ffmpeg,30.98%,171.3MiB / 30.66GiB,0.55%,0B / 0B,0B / 1.43MB,33
2026-07-30 20:36:49,nav2,6.77%,206.8MiB / 30.66GiB,0.66%,0B / 0B,0B / 1.38MB,93
2026-07-30 20:36:49,glim,82.32%,481MiB / 30.66GiB,1.53%,0B / 0B,0B / 11.6MB,37
2026-07-30 20:36:52,foxglove,11.21%,487.6MiB / 30.66GiB,1.55%,0B / 0B,0B / 3.39MB,31
2026-07-30 20:36:52,docker-recorder-run-c43348258146,0.00%,10.29MiB / 30.66GiB,0.03%,0B / 0B,0B / 9.52MB,1
2026-07-30 20:36:52,ouster,7.42%,121.6MiB / 30.66GiB,0.39%,0B / 0B,131kB / 2.85MB,29
2026-07-30 20:36:52,scovox,49.75%,299MiB / 30.66GiB,0.95%,0B / 0B,0B / 4.72MB,53
2026-07-30 20:36:52,openzen,2.57%,33.9MiB / 30.66GiB,0.11%,0B / 0B,0B / 2.15MB,20
2026-07-30 20:36:52,trav_ros2,101.37%,382.3MiB / 30.66GiB,1.22%,0B / 0B,0B / 14MB,44
2026-07-30 20:36:52,realsense,16.19%,94.51MiB / 30.66GiB,0.30%,0B / 0B,0B / 3.2MB,33
2026-07-30 20:36:52,mapir-ffmpeg,28.91%,171MiB / 30.66GiB,0.54%,0B / 0B,0B / 1.43MB,33
2026-07-30 20:36:52,nav2,6.02%,206.5MiB / 30.66GiB,0.66%,0B / 0B,0B / 1.38MB,93
2026-07-30 20:36:52,glim,78.57%,482MiB / 30.66GiB,1.54%,0B / 0B,0B / 11.6MB,37
2026-07-30 20:36:55,foxglove,11.17%,479.1MiB / 30.66GiB,1.53%,0B / 0B,0B / 3.39MB,31
2026-07-30 20:36:55,docker-recorder-run-c43348258146,0.00%,10.29MiB / 30.66GiB,0.03%,0B / 0B,0B / 9.52MB,1
2026-07-30 20:36:55,ouster,7.23%,121.6MiB / 30.66GiB,0.39%,0B / 0B,131kB / 2.85MB,29
2026-07-30 20:36:55,scovox,67.44%,269.9MiB / 30.66GiB,0.86%,0B / 0B,0B / 4.72MB,53
2026-07-30 20:36:55,openzen,2.53%,33.9MiB / 30.66GiB,0.11%,0B / 0B,0B / 2.15MB,20
2026-07-30 20:36:55,trav_ros2,101.12%,383.6MiB / 30.66GiB,1.22%,0B / 0B,0B / 14MB,44
2026-07-30 20:36:55,realsense,16.30%,94.76MiB / 30.66GiB,0.30%,0B / 0B,0B / 3.2MB,33
2026-07-30 20:36:55,mapir-ffmpeg,28.86%,171MiB / 30.66GiB,0.54%,0B / 0B,0B / 1.43MB,33
2026-07-30 20:36:55,nav2,5.93%,199.2MiB / 30.66GiB,0.63%,0B / 0B,0B / 1.38MB,93
2026-07-30 20:36:55,glim,80.50%,482MiB / 30.66GiB,1.53%,0B / 0B,0B / 11.6MB,37
2026-07-30 20:36:58,foxglove,12.08%,489.6MiB / 30.66GiB,1.56%,0B / 0B,0B / 3.39MB,31
2026-07-30 20:36:58,docker-recorder-run-c43348258146,0.00%,10.29MiB / 30.66GiB,0.03%,0B / 0B,0B / 9.52MB,1
2026-07-30 20:36:58,ouster,7.63%,121.9MiB / 30.66GiB,0.39%,0B / 0B,131kB / 2.85MB,29
2026-07-30 20:36:58,scovox,57.89%,301.9MiB / 30.66GiB,0.96%,0B / 0B,0B / 4.8MB,53
2026-07-30 20:36:58,openzen,2.49%,33.9MiB / 30.66GiB,0.11%,0B / 0B,0B / 2.15MB,20
2026-07-30 20:36:58,trav_ros2,102.11%,383.2MiB / 30.66GiB,1.22%,0B / 0B,0B / 14MB,44
2026-07-30 20:36:58,realsense,16.74%,95MiB / 30.66GiB,0.30%,0B / 0B,0B / 3.2MB,33
2026-07-30 20:36:58,mapir-ffmpeg,29.07%,171MiB / 30.66GiB,0.54%,0B / 0B,0B / 1.43MB,33
2026-07-30 20:36:58,nav2,6.31%,207.1MiB / 30.66GiB,0.66%,0B / 0B,0B / 1.38MB,93
2026-07-30 20:36:58,glim,84.97%,482.1MiB / 30.66GiB,1.54%,0B / 0B,0B / 11.6MB,37
2026-07-30 20:37:01,foxglove,11.62%,487.5MiB / 30.66GiB,1.55%,0B / 0B,0B / 3.39MB,31
2026-07-30 20:37:01,docker-recorder-run-c43348258146,0.00%,10.29MiB / 30.66GiB,0.03%,0B / 0B,0B / 9.52MB,1
2026-07-30 20:37:01,ouster,7.18%,121.5MiB / 30.66GiB,0.39%,0B / 0B,131kB / 2.85MB,29
2026-07-30 20:37:01,scovox,51.58%,270.2MiB / 30.66GiB,0.86%,0B / 0B,0B / 4.81MB,53
2026-07-30 20:37:01,openzen,2.47%,33.9MiB / 30.66GiB,0.11%,0B / 0B,0B / 2.15MB,20
2026-07-30 20:37:01,trav_ros2,102.18%,382.5MiB / 30.66GiB,1.22%,0B / 0B,0B / 14MB,44
2026-07-30 20:37:01,realsense,16.34%,94.51MiB / 30.66GiB,0.30%,0B / 0B,0B / 3.2MB,33
2026-07-30 20:37:01,mapir-ffmpeg,29.51%,171.3MiB / 30.66GiB,0.55%,0B / 0B,0B / 1.43MB,33
2026-07-30 20:37:01,nav2,6.22%,206.7MiB / 30.66GiB,0.66%,0B / 0B,0B / 1.38MB,93
2026-07-30 20:37:01,glim,83.77%,470.1MiB / 30.66GiB,1.50%,0B / 0B,0B / 11.6MB,37
2026-07-30 20:37:04,foxglove,11.58%,479.8MiB / 30.66GiB,1.53%,0B / 0B,0B / 3.39MB,31
2026-07-30 20:37:04,docker-recorder-run-c43348258146,0.00%,10.29MiB / 30.66GiB,0.03%,0B / 0B,0B / 9.52MB,1
2026-07-30 20:37:04,ouster,7.68%,121.4MiB / 30.66GiB,0.39%,0B / 0B,131kB / 2.85MB,29
2026-07-30 20:37:04,scovox,69.35%,270MiB / 30.66GiB,0.86%,0B / 0B,0B / 4.81MB,53
2026-07-30 20:37:04,openzen,2.72%,33.9MiB / 30.66GiB,0.11%,0B / 0B,0B / 2.15MB,20
2026-07-30 20:37:04,trav_ros2,101.97%,384.1MiB / 30.66GiB,1.22%,0B / 0B,0B / 14MB,44
2026-07-30 20:37:04,realsense,16.44%,94.76MiB / 30.66GiB,0.30%,0B / 0B,0B / 3.2MB,33
2026-07-30 20:37:04,mapir-ffmpeg,30.17%,171.6MiB / 30.66GiB,0.55%,0B / 0B,0B / 1.45MB,33
2026-07-30 20:37:04,nav2,6.75%,199.7MiB / 30.66GiB,0.64%,0B / 0B,0B / 1.39MB,93
2026-07-30 20:37:04,glim,79.82%,467.5MiB / 30.66GiB,1.49%,0B / 0B,0B / 11.6MB,37
2026-07-30 20:37:08,foxglove,12.03%,487.5MiB / 30.66GiB,1.55%,0B / 0B,0B / 3.39MB,31
2026-07-30 20:37:08,docker-recorder-run-c43348258146,0.00%,10.29MiB / 30.66GiB,0.03%,0B / 0B,0B / 9.52MB,1
2026-07-30 20:37:08,ouster,7.20%,121.9MiB / 30.66GiB,0.39%,0B / 0B,131kB / 2.85MB,29
2026-07-30 20:37:08,scovox,48.14%,271.5MiB / 30.66GiB,0.86%,0B / 0B,0B / 4.81MB,53
2026-07-30 20:37:08,openzen,2.55%,34.15MiB / 30.66GiB,0.11%,0B / 0B,0B / 2.15MB,20
2026-07-30 20:37:08,trav_ros2,101.57%,419.5MiB / 30.66GiB,1.34%,0B / 0B,0B / 14MB,44
2026-07-30 20:37:08,realsense,16.98%,95.26MiB / 30.66GiB,0.30%,0B / 0B,0B / 3.2MB,33
2026-07-30 20:37:08,mapir-ffmpeg,28.88%,170.8MiB / 30.66GiB,0.54%,0B / 0B,0B / 1.45MB,33
2026-07-30 20:37:08,nav2,6.14%,206.7MiB / 30.66GiB,0.66%,0B / 0B,0B / 1.39MB,93
2026-07-30 20:37:08,glim,78.35%,468.2MiB / 30.66GiB,1.49%,0B / 0B,0B / 11.6MB,37
2026-07-30 20:37:11,foxglove,12.19%,487.6MiB / 30.66GiB,1.55%,0B / 0B,0B / 3.39MB,31
2026-07-30 20:37:11,docker-recorder-run-c43348258146,0.00%,10.29MiB / 30.66GiB,0.03%,0B / 0B,0B / 9.52MB,1
2026-07-30 20:37:11,ouster,7.21%,121.7MiB / 30.66GiB,0.39%,0B / 0B,131kB / 2.85MB,29
2026-07-30 20:37:11,scovox,65.71%,243.4MiB / 30.66GiB,0.78%,0B / 0B,0B / 4.81MB,53
2026-07-30 20:37:11,openzen,2.46%,34.4MiB / 30.66GiB,0.11%,0B / 0B,0B / 2.15MB,20
2026-07-30 20:37:11,trav_ros2,101.16%,382.2MiB / 30.66GiB,1.22%,0B / 0B,0B / 14MB,44
2026-07-30 20:37:11,realsense,16.47%,94.51MiB / 30.66GiB,0.30%,0B / 0B,0B / 3.2MB,33
2026-07-30 20:37:11,mapir-ffmpeg,28.78%,170.8MiB / 30.66GiB,0.54%,0B / 0B,0B / 1.45MB,33
2026-07-30 20:37:11,nav2,5.81%,206.7MiB / 30.66GiB,0.66%,0B / 0B,0B / 1.39MB,93
2026-07-30 20:37:11,glim,79.99%,467.7MiB / 30.66GiB,1.49%,0B / 0B,0B / 11.6MB,37
2026-07-30 20:37:14,foxglove,11.60%,479.6MiB / 30.66GiB,1.53%,0B / 0B,0B / 3.39MB,31
2026-07-30 20:37:14,docker-recorder-run-c43348258146,0.00%,10.29MiB / 30.66GiB,0.03%,0B / 0B,0B / 9.52MB,1
2026-07-30 20:37:14,ouster,7.42%,122MiB / 30.66GiB,0.39%,0B / 0B,131kB / 2.85MB,29
2026-07-30 20:37:14,scovox,50.69%,296MiB / 30.66GiB,0.94%,0B / 0B,0B / 4.81MB,53
2026-07-30 20:37:14,openzen,2.40%,33.9MiB / 30.66GiB,0.11%,0B / 0B,0B / 2.15MB,20
2026-07-30 20:37:14,trav_ros2,101.17%,383.7MiB / 30.66GiB,1.22%,0B / 0B,0B / 14MB,44
2026-07-30 20:37:14,realsense,16.57%,94.51MiB / 30.66GiB,0.30%,0B / 0B,0B / 3.2MB,33
2026-07-30 20:37:14,mapir-ffmpeg,29.01%,170.8MiB / 30.66GiB,0.54%,0B / 0B,0B / 1.45MB,33
2026-07-30 20:37:14,nav2,5.56%,199.2MiB / 30.66GiB,0.63%,0B / 0B,0B / 1.39MB,93
2026-07-30 20:37:14,glim,81.24%,468.6MiB / 30.66GiB,1.49%,0B / 0B,0B / 11.6MB,37
2026-07-30 20:37:17,foxglove,12.41%,488MiB / 30.66GiB,1.55%,0B / 0B,0B / 3.39MB,31
2026-07-30 20:37:17,docker-recorder-run-c43348258146,0.00%,10.29MiB / 30.66GiB,0.03%,0B / 0B,0B / 9.52MB,1
2026-07-30 20:37:17,ouster,7.45%,121.8MiB / 30.66GiB,0.39%,0B / 0B,131kB / 2.85MB,29
2026-07-30 20:37:17,scovox,68.00%,269.5MiB / 30.66GiB,0.86%,0B / 0B,0B / 4.81MB,53
2026-07-30 20:37:17,openzen,2.50%,33.9MiB / 30.66GiB,0.11%,0B / 0B,0B / 2.15MB,20
2026-07-30 20:37:17,trav_ros2,101.73%,383.3MiB / 30.66GiB,1.22%,0B / 0B,0B / 14MB,44
2026-07-30 20:37:17,realsense,16.63%,94.51MiB / 30.66GiB,0.30%,0B / 0B,0B / 3.2MB,33
2026-07-30 20:37:17,mapir-ffmpeg,29.05%,170.8MiB / 30.66GiB,0.54%,0B / 0B,0B / 1.45MB,33
2026-07-30 20:37:17,nav2,5.90%,206.7MiB / 30.66GiB,0.66%,0B / 0B,0B / 1.39MB,93
2026-07-30 20:37:17,glim,79.81%,468.1MiB / 30.66GiB,1.49%,0B / 0B,0B / 11.6MB,37
2026-07-30 20:37:20,foxglove,11.78%,479.7MiB / 30.66GiB,1.53%,0B / 0B,0B / 3.39MB,31
2026-07-30 20:37:20,docker-recorder-run-c43348258146,0.00%,10.29MiB / 30.66GiB,0.03%,0B / 0B,0B / 9.52MB,1
2026-07-30 20:37:20,ouster,8.18%,121.4MiB / 30.66GiB,0.39%,0B / 0B,131kB / 2.85MB,29
2026-07-30 20:37:20,scovox,52.63%,300.6MiB / 30.66GiB,0.96%,0B / 0B,0B / 4.81MB,53
2026-07-30 20:37:20,openzen,2.83%,34.14MiB / 30.66GiB,0.11%,0B / 0B,0B / 2.15MB,20
2026-07-30 20:37:20,trav_ros2,101.34%,382.6MiB / 30.66GiB,1.22%,0B / 0B,0B / 14.1MB,44
2026-07-30 20:37:20,realsense,17.27%,94.76MiB / 30.66GiB,0.30%,0B / 0B,0B / 3.2MB,33
2026-07-30 20:37:20,mapir-ffmpeg,30.42%,171.3MiB / 30.66GiB,0.55%,0B / 0B,0B / 1.45MB,33
2026-07-30 20:37:20,nav2,6.58%,199.9MiB / 30.66GiB,0.64%,0B / 0B,0B / 1.39MB,93
2026-07-30 20:37:20,glim,82.03%,468.4MiB / 30.66GiB,1.49%,0B / 0B,0B / 11.6MB,37
2026-07-30 20:37:23,foxglove,12.38%,487.8MiB / 30.66GiB,1.55%,0B / 0B,0B / 3.39MB,31
2026-07-30 20:37:23,docker-recorder-run-c43348258146,0.00%,10.29MiB / 30.66GiB,0.03%,0B / 0B,0B / 9.52MB,1
2026-07-30 20:37:23,ouster,8.03%,121.8MiB / 30.66GiB,0.39%,0B / 0B,131kB / 2.85MB,29
2026-07-30 20:37:23,scovox,56.92%,269.9MiB / 30.66GiB,0.86%,0B / 0B,0B / 4.81MB,53
2026-07-30 20:37:23,openzen,2.56%,33.9MiB / 30.66GiB,0.11%,0B / 0B,0B / 2.15MB,20
2026-07-30 20:37:23,trav_ros2,101.78%,377.3MiB / 30.66GiB,1.20%,0B / 0B,0B / 14.1MB,44
2026-07-30 20:37:23,realsense,17.39%,94.51MiB / 30.66GiB,0.30%,0B / 0B,0B / 3.2MB,33
2026-07-30 20:37:23,mapir-ffmpeg,30.72%,170.8MiB / 30.66GiB,0.54%,0B / 0B,0B / 1.45MB,33
2026-07-30 20:37:23,nav2,6.12%,206.5MiB / 30.66GiB,0.66%,0B / 0B,0B / 1.39MB,93
2026-07-30 20:37:23,glim,83.87%,469.7MiB / 30.66GiB,1.50%,0B / 0B,0B / 11.6MB,37
2026-07-30 20:37:26,foxglove,11.90%,488MiB / 30.66GiB,1.55%,0B / 0B,0B / 3.39MB,31
2026-07-30 20:37:26,docker-recorder-run-c43348258146,0.00%,10.29MiB / 30.66GiB,0.03%,0B / 0B,0B / 9.52MB,1
2026-07-30 20:37:26,ouster,7.64%,121.5MiB / 30.66GiB,0.39%,0B / 0B,131kB / 2.85MB,29
2026-07-30 20:37:26,scovox,67.35%,269.3MiB / 30.66GiB,0.86%,0B / 0B,0B / 4.81MB,53
2026-07-30 20:37:26,openzen,2.39%,33.9MiB / 30.66GiB,0.11%,0B / 0B,0B / 2.15MB,20
2026-07-30 20:37:26,trav_ros2,101.74%,377.6MiB / 30.66GiB,1.20%,0B / 0B,0B / 14.1MB,44
2026-07-30 20:37:26,realsense,16.83%,94.51MiB / 30.66GiB,0.30%,0B / 0B,0B / 3.2MB,33
2026-07-30 20:37:26,mapir-ffmpeg,30.04%,171.1MiB / 30.66GiB,0.54%,0B / 0B,0B / 1.45MB,33
2026-07-30 20:37:26,nav2,6.12%,206.7MiB / 30.66GiB,0.66%,0B / 0B,0B / 1.39MB,93
2026-07-30 20:37:26,glim,78.98%,470.1MiB / 30.66GiB,1.50%,0B / 0B,0B / 11.6MB,37
2026-07-30 20:37:29,foxglove,11.94%,487.8MiB / 30.66GiB,1.55%,0B / 0B,0B / 3.39MB,31
2026-07-30 20:37:29,docker-recorder-run-c43348258146,0.00%,10.29MiB / 30.66GiB,0.03%,0B / 0B,0B / 9.52MB,1
2026-07-30 20:37:29,ouster,7.46%,122MiB / 30.66GiB,0.39%,0B / 0B,131kB / 2.85MB,29
2026-07-30 20:37:29,scovox,48.16%,269.3MiB / 30.66GiB,0.86%,0B / 0B,0B / 4.81MB,53
2026-07-30 20:37:29,openzen,2.37%,33.9MiB / 30.66GiB,0.11%,0B / 0B,0B / 2.15MB,20
2026-07-30 20:37:29,trav_ros2,101.45%,402.1MiB / 30.66GiB,1.28%,0B / 0B,0B / 14.1MB,44
2026-07-30 20:37:29,realsense,16.97%,94.76MiB / 30.66GiB,0.30%,0B / 0B,0B / 3.2MB,33
2026-07-30 20:37:29,mapir-ffmpeg,28.76%,170.8MiB / 30.66GiB,0.54%,0B / 0B,0B / 1.45MB,33
2026-07-30 20:37:29,nav2,6.14%,207.2MiB / 30.66GiB,0.66%,0B / 0B,0B / 1.39MB,93
2026-07-30 20:37:29,glim,85.30%,470MiB / 30.66GiB,1.50%,0B / 0B,0B / 11.6MB,37
2026-07-30 20:37:33,foxglove,11.68%,479.7MiB / 30.66GiB,1.53%,0B / 0B,0B / 3.39MB,31
2026-07-30 20:37:33,docker-recorder-run-c43348258146,0.00%,10.29MiB / 30.66GiB,0.03%,0B / 0B,0B / 9.52MB,1
2026-07-30 20:37:33,ouster,7.48%,121.5MiB / 30.66GiB,0.39%,0B / 0B,131kB / 2.85MB,29
2026-07-30 20:37:33,scovox,66.57%,269.4MiB / 30.66GiB,0.86%,0B / 0B,0B / 4.91MB,53
2026-07-30 20:37:33,openzen,2.44%,33.9MiB / 30.66GiB,0.11%,0B / 0B,0B / 2.15MB,20
2026-07-30 20:37:33,trav_ros2,102.12%,382.4MiB / 30.66GiB,1.22%,0B / 0B,0B / 14.1MB,44
2026-07-30 20:37:33,realsense,17.10%,94.76MiB / 30.66GiB,0.30%,0B / 0B,0B / 3.2MB,33
2026-07-30 20:37:33,mapir-ffmpeg,29.16%,170.8MiB / 30.66GiB,0.54%,0B / 0B,0B / 1.45MB,33
2026-07-30 20:37:33,nav2,5.59%,199.1MiB / 30.66GiB,0.63%,0B / 0B,0B / 1.39MB,93
2026-07-30 20:37:33,glim,76.32%,470.4MiB / 30.66GiB,1.50%,0B / 0B,0B / 11.6MB,37
2026-07-30 20:37:36,foxglove,12.37%,489.4MiB / 30.66GiB,1.56%,0B / 0B,0B / 3.39MB,31
2026-07-30 20:37:36,docker-recorder-run-c43348258146,0.00%,10.29MiB / 30.66GiB,0.03%,0B / 0B,0B / 9.52MB,1
2026-07-30 20:37:36,ouster,7.43%,121.6MiB / 30.66GiB,0.39%,0B / 0B,131kB / 2.85MB,29
2026-07-30 20:37:36,scovox,49.26%,295.6MiB / 30.66GiB,0.94%,0B / 0B,0B / 4.91MB,53
2026-07-30 20:37:36,openzen,2.58%,34.4MiB / 30.66GiB,0.11%,0B / 0B,0B / 2.15MB,20
2026-07-30 20:37:36,trav_ros2,101.41%,383.7MiB / 30.66GiB,1.22%,0B / 0B,0B / 14.1MB,44
2026-07-30 20:37:36,realsense,16.54%,94.76MiB / 30.66GiB,0.30%,0B / 0B,0B / 3.2MB,33
2026-07-30 20:37:36,mapir-ffmpeg,29.77%,170.8MiB / 30.66GiB,0.54%,0B / 0B,0B / 1.45MB,33
2026-07-30 20:37:36,nav2,6.76%,207.7MiB / 30.66GiB,0.66%,0B / 0B,0B / 1.39MB,93
2026-07-30 20:37:36,glim,85.19%,470.1MiB / 30.66GiB,1.50%,0B / 0B,0B / 11.6MB,37
2026-07-30 20:37:39,foxglove,11.84%,487.7MiB / 30.66GiB,1.55%,0B / 0B,0B / 3.39MB,31
2026-07-30 20:37:39,docker-recorder-run-c43348258146,0.00%,10.29MiB / 30.66GiB,0.03%,0B / 0B,0B / 9.52MB,1
2026-07-30 20:37:39,ouster,7.22%,121.5MiB / 30.66GiB,0.39%,0B / 0B,131kB / 2.85MB,29
2026-07-30 20:37:39,scovox,69.38%,269.9MiB / 30.66GiB,0.86%,0B / 0B,0B / 4.92MB,53
2026-07-30 20:37:39,openzen,2.44%,33.9MiB / 30.66GiB,0.11%,0B / 0B,0B / 2.15MB,20
2026-07-30 20:37:39,trav_ros2,99.64%,383.7MiB / 30.66GiB,1.22%,0B / 0B,0B / 14.1MB,44
2026-07-30 20:37:39,realsense,15.89%,95MiB / 30.66GiB,0.30%,0B / 0B,0B / 3.2MB,33
2026-07-30 20:37:39,mapir-ffmpeg,28.67%,170.8MiB / 30.66GiB,0.54%,0B / 0B,0B / 1.46MB,33
2026-07-30 20:37:39,nav2,6.31%,206.7MiB / 30.66GiB,0.66%,0B / 0B,0B / 1.41MB,93
2026-07-30 20:37:39,glim,78.61%,470.1MiB / 30.66GiB,1.50%,0B / 0B,0B / 11.6MB,37
2026-07-30 20:37:42,foxglove,11.71%,487.6MiB / 30.66GiB,1.55%,0B / 0B,0B / 3.39MB,31
2026-07-30 20:37:42,docker-recorder-run-c43348258146,0.00%,10.29MiB / 30.66GiB,0.03%,0B / 0B,0B / 9.52MB,1
2026-07-30 20:37:42,ouster,7.08%,121.7MiB / 30.66GiB,0.39%,0B / 0B,131kB / 2.85MB,29
2026-07-30 20:37:42,scovox,54.01%,302.2MiB / 30.66GiB,0.96%,0B / 0B,0B / 4.92MB,53
2026-07-30 20:37:42,openzen,2.43%,33.9MiB / 30.66GiB,0.11%,0B / 0B,0B / 2.15MB,20
2026-07-30 20:37:42,trav_ros2,100.14%,382.6MiB / 30.66GiB,1.22%,0B / 0B,0B / 14.1MB,44
2026-07-30 20:37:42,realsense,16.21%,95MiB / 30.66GiB,0.30%,0B / 0B,0B / 3.2MB,33
2026-07-30 20:37:42,mapir-ffmpeg,29.73%,170.8MiB / 30.66GiB,0.54%,0B / 0B,0B / 1.46MB,33
2026-07-30 20:37:42,nav2,6.09%,206.7MiB / 30.66GiB,0.66%,0B / 0B,0B / 1.41MB,93
2026-07-30 20:37:42,glim,80.11%,471.2MiB / 30.66GiB,1.50%,0B / 0B,0B / 11.6MB,37
2026-07-30 20:37:45,foxglove,11.96%,487.8MiB / 30.66GiB,1.55%,0B / 0B,0B / 3.39MB,31
2026-07-30 20:37:45,docker-recorder-run-c43348258146,0.00%,10.29MiB / 30.66GiB,0.03%,0B / 0B,0B / 9.52MB,1
2026-07-30 20:37:45,ouster,7.58%,121.7MiB / 30.66GiB,0.39%,0B / 0B,131kB / 2.85MB,29
2026-07-30 20:37:45,scovox,72.37%,269.4MiB / 30.66GiB,0.86%,0B / 0B,0B / 4.92MB,53
2026-07-30 20:37:45,openzen,2.45%,33.9MiB / 30.66GiB,0.11%,0B / 0B,0B / 2.15MB,20
2026-07-30 20:37:45,trav_ros2,101.80%,384.1MiB / 30.66GiB,1.22%,0B / 0B,0B / 14.1MB,44
2026-07-30 20:37:45,realsense,17.21%,94.75MiB / 30.66GiB,0.30%,0B / 0B,0B / 3.2MB,33
2026-07-30 20:37:45,mapir-ffmpeg,29.50%,171.1MiB / 30.66GiB,0.54%,0B / 0B,0B / 1.46MB,33
2026-07-30 20:37:45,nav2,6.43%,207.3MiB / 30.66GiB,0.66%,0B / 0B,0B / 1.41MB,93
2026-07-30 20:37:45,glim,82.33%,471.2MiB / 30.66GiB,1.50%,0B / 0B,0B / 11.6MB,37
2026-07-30 20:37:48,foxglove,12.28%,488MiB / 30.66GiB,1.55%,0B / 0B,0B / 3.39MB,31
2026-07-30 20:37:48,docker-recorder-run-c43348258146,0.00%,10.29MiB / 30.66GiB,0.03%,0B / 0B,0B / 9.52MB,1
2026-07-30 20:37:48,ouster,7.29%,121.4MiB / 30.66GiB,0.39%,0B / 0B,131kB / 2.85MB,29
2026-07-30 20:37:48,scovox,65.71%,307MiB / 30.66GiB,0.98%,0B / 0B,0B / 4.92MB,53
2026-07-30 20:37:48,openzen,2.53%,33.9MiB / 30.66GiB,0.11%,0B / 0B,0B / 2.15MB,20
2026-07-30 20:37:48,trav_ros2,101.72%,382.4MiB / 30.66GiB,1.22%,0B / 0B,0B / 14.1MB,44
2026-07-30 20:37:48,realsense,16.88%,94.51MiB / 30.66GiB,0.30%,0B / 0B,0B / 3.2MB,33
2026-07-30 20:37:48,mapir-ffmpeg,28.40%,170.8MiB / 30.66GiB,0.54%,0B / 0B,0B / 1.46MB,33
2026-07-30 20:37:48,nav2,5.95%,206.9MiB / 30.66GiB,0.66%,0B / 0B,0B / 1.41MB,93
2026-07-30 20:37:48,glim,82.02%,472.9MiB / 30.66GiB,1.51%,0B / 0B,0B / 11.6MB,37
2026-07-30 20:37:51,foxglove,11.43%,479.7MiB / 30.66GiB,1.53%,0B / 0B,0B / 3.39MB,31
2026-07-30 20:37:51,docker-recorder-run-c43348258146,0.00%,10.29MiB / 30.66GiB,0.03%,0B / 0B,0B / 9.52MB,1
2026-07-30 20:37:51,ouster,7.40%,121.6MiB / 30.66GiB,0.39%,0B / 0B,131kB / 2.85MB,29
2026-07-30 20:37:51,scovox,66.49%,269.3MiB / 30.66GiB,0.86%,0B / 0B,0B / 4.92MB,53
2026-07-30 20:37:51,openzen,2.63%,33.9MiB / 30.66GiB,0.11%,0B / 0B,0B / 2.15MB,20
2026-07-30 20:37:51,trav_ros2,101.29%,383.3MiB / 30.66GiB,1.22%,0B / 0B,0B / 14.1MB,44
2026-07-30 20:37:51,realsense,16.82%,94.51MiB / 30.66GiB,0.30%,0B / 0B,0B / 3.2MB,33
2026-07-30 20:37:51,mapir-ffmpeg,29.43%,171.3MiB / 30.66GiB,0.55%,0B / 0B,0B / 1.46MB,33
2026-07-30 20:37:51,nav2,5.69%,199.1MiB / 30.66GiB,0.63%,0B / 0B,0B / 1.41MB,93
2026-07-30 20:37:51,glim,80.84%,472.6MiB / 30.66GiB,1.51%,0B / 0B,0B / 11.6MB,37
2026-07-30 20:37:54,foxglove,12.24%,487.5MiB / 30.66GiB,1.55%,0B / 0B,0B / 3.39MB,31
2026-07-30 20:37:54,docker-recorder-run-c43348258146,0.00%,10.29MiB / 30.66GiB,0.03%,0B / 0B,0B / 9.52MB,1
2026-07-30 20:37:54,ouster,7.35%,121.8MiB / 30.66GiB,0.39%,0B / 0B,131kB / 2.85MB,29
2026-07-30 20:37:54,scovox,74.59%,270.1MiB / 30.66GiB,0.86%,0B / 0B,0B / 4.92MB,53
2026-07-30 20:37:54,openzen,2.62%,33.9MiB / 30.66GiB,0.11%,0B / 0B,0B / 2.15MB,20
2026-07-30 20:37:54,trav_ros2,100.91%,382.9MiB / 30.66GiB,1.22%,0B / 0B,0B / 14.1MB,44
2026-07-30 20:37:54,realsense,17.03%,94.75MiB / 30.66GiB,0.30%,0B / 0B,0B / 3.2MB,33
2026-07-30 20:37:54,mapir-ffmpeg,28.46%,171.1MiB / 30.66GiB,0.54%,0B / 0B,0B / 1.46MB,33
2026-07-30 20:37:54,nav2,6.17%,207.5MiB / 30.66GiB,0.66%,0B / 0B,0B / 1.41MB,93
2026-07-30 20:37:54,glim,79.90%,473MiB / 30.66GiB,1.51%,0B / 0B,0B / 11.6MB,37
2026-07-30 20:37:58,foxglove,12.37%,487.7MiB / 30.66GiB,1.55%,0B / 0B,0B / 3.39MB,31
2026-07-30 20:37:58,docker-recorder-run-c43348258146,0.00%,10.29MiB / 30.66GiB,0.03%,0B / 0B,0B / 9.52MB,1
2026-07-30 20:37:58,ouster,7.46%,121.3MiB / 30.66GiB,0.39%,0B / 0B,131kB / 2.85MB,29
2026-07-30 20:37:58,scovox,56.04%,298.1MiB / 30.66GiB,0.95%,0B / 0B,0B / 4.92MB,53
2026-07-30 20:37:58,openzen,2.56%,33.9MiB / 30.66GiB,0.11%,0B / 0B,0B / 2.15MB,20
2026-07-30 20:37:58,trav_ros2,101.49%,383.8MiB / 30.66GiB,1.22%,0B / 0B,0B / 14.1MB,44
2026-07-30 20:37:58,realsense,17.09%,95MiB / 30.66GiB,0.30%,0B / 0B,0B / 3.2MB,33
2026-07-30 20:37:58,mapir-ffmpeg,28.65%,170.8MiB / 30.66GiB,0.54%,0B / 0B,0B / 1.46MB,33
2026-07-30 20:37:58,nav2,5.81%,207.1MiB / 30.66GiB,0.66%,0B / 0B,0B / 1.41MB,93
2026-07-30 20:37:58,glim,81.71%,473.1MiB / 30.66GiB,1.51%,0B / 0B,0B / 11.6MB,37
2026-07-30 20:38:01,foxglove,12.30%,487.4MiB / 30.66GiB,1.55%,0B / 0B,0B / 3.39MB,31
2026-07-30 20:38:01,docker-recorder-run-c43348258146,0.00%,10.29MiB / 30.66GiB,0.03%,0B / 0B,0B / 9.52MB,1
2026-07-30 20:38:01,ouster,7.84%,121.7MiB / 30.66GiB,0.39%,0B / 0B,131kB / 2.85MB,29
2026-07-30 20:38:01,scovox,73.63%,269.7MiB / 30.66GiB,0.86%,0B / 0B,0B / 4.92MB,53
2026-07-30 20:38:01,openzen,2.74%,33.9MiB / 30.66GiB,0.11%,0B / 0B,0B / 2.15MB,20
2026-07-30 20:38:01,trav_ros2,102.07%,384.1MiB / 30.66GiB,1.22%,0B / 0B,0B / 14.1MB,44
2026-07-30 20:38:01,realsense,16.96%,94.51MiB / 30.66GiB,0.30%,0B / 0B,0B / 3.2MB,33
2026-07-30 20:38:01,mapir-ffmpeg,28.61%,170.8MiB / 30.66GiB,0.54%,0B / 0B,0B / 1.46MB,33
2026-07-30 20:38:01,nav2,6.35%,207.4MiB / 30.66GiB,0.66%,0B / 0B,0B / 1.41MB,93
2026-07-30 20:38:01,glim,81.99%,474MiB / 30.66GiB,1.51%,0B / 0B,0B / 11.6MB,37
2026-07-30 20:38:04,foxglove,12.24%,487.8MiB / 30.66GiB,1.55%,0B / 0B,0B / 3.39MB,31
2026-07-30 20:38:04,docker-recorder-run-c43348258146,0.00%,10.29MiB / 30.66GiB,0.03%,0B / 0B,0B / 9.52MB,1
2026-07-30 20:38:04,ouster,7.51%,121.5MiB / 30.66GiB,0.39%,0B / 0B,131kB / 2.85MB,29
2026-07-30 20:38:04,scovox,57.98%,304.5MiB / 30.66GiB,0.97%,0B / 0B,0B / 5MB,53
2026-07-30 20:38:04,openzen,2.52%,33.9MiB / 30.66GiB,0.11%,0B / 0B,0B / 2.15MB,20
2026-07-30 20:38:04,trav_ros2,101.94%,383.7MiB / 30.66GiB,1.22%,0B / 0B,0B / 14.1MB,44
2026-07-30 20:38:04,realsense,16.89%,94.75MiB / 30.66GiB,0.30%,0B / 0B,0B / 3.2MB,33
2026-07-30 20:38:04,mapir-ffmpeg,28.64%,170.8MiB / 30.66GiB,0.54%,0B / 0B,0B / 1.46MB,33
2026-07-30 20:38:04,nav2,5.79%,199.4MiB / 30.66GiB,0.63%,0B / 0B,0B / 1.41MB,93
2026-07-30 20:38:04,glim,77.62%,474.3MiB / 30.66GiB,1.51%,0B / 0B,0B / 11.6MB,37
2026-07-30 20:38:07,foxglove,12.48%,488MiB / 30.66GiB,1.55%,0B / 0B,0B / 3.39MB,31
2026-07-30 20:38:07,docker-recorder-run-c43348258146,0.00%,10.29MiB / 30.66GiB,0.03%,0B / 0B,0B / 9.52MB,1
2026-07-30 20:38:07,ouster,7.61%,121.4MiB / 30.66GiB,0.39%,0B / 0B,131kB / 2.85MB,29
2026-07-30 20:38:07,scovox,75.05%,269.7MiB / 30.66GiB,0.86%,0B / 0B,0B / 5MB,53
2026-07-30 20:38:07,openzen,2.60%,33.9MiB / 30.66GiB,0.11%,0B / 0B,0B / 2.15MB,20
2026-07-30 20:38:07,trav_ros2,102.02%,384MiB / 30.66GiB,1.22%,0B / 0B,0B / 14.1MB,44
2026-07-30 20:38:07,realsense,16.89%,94.51MiB / 30.66GiB,0.30%,0B / 0B,0B / 3.2MB,33
2026-07-30 20:38:07,mapir-ffmpeg,28.86%,170.8MiB / 30.66GiB,0.54%,0B / 0B,0B / 1.46MB,33
2026-07-30 20:38:07,nav2,6.02%,206.7MiB / 30.66GiB,0.66%,0B / 0B,0B / 1.41MB,93
2026-07-30 20:38:07,glim,81.61%,477.2MiB / 30.66GiB,1.52%,0B / 0B,0B / 11.6MB,37
2026-07-30 20:38:10,foxglove,11.93%,487.9MiB / 30.66GiB,1.55%,0B / 0B,0B / 3.39MB,31
2026-07-30 20:38:10,docker-recorder-run-c43348258146,0.00%,10.29MiB / 30.66GiB,0.03%,0B / 0B,0B / 9.52MB,1
2026-07-30 20:38:10,ouster,7.90%,122.2MiB / 30.66GiB,0.39%,0B / 0B,131kB / 2.85MB,29
2026-07-30 20:38:10,scovox,59.49%,307MiB / 30.66GiB,0.98%,0B / 0B,0B / 5MB,53
2026-07-30 20:38:10,openzen,2.40%,33.9MiB / 30.66GiB,0.11%,0B / 0B,0B / 2.15MB,20
2026-07-30 20:38:10,trav_ros2,101.55%,383.6MiB / 30.66GiB,1.22%,0B / 0B,0B / 14.1MB,44
2026-07-30 20:38:10,realsense,17.21%,94.51MiB / 30.66GiB,0.30%,0B / 0B,0B / 3.2MB,33
2026-07-30 20:38:10,mapir-ffmpeg,30.00%,170.8MiB / 30.66GiB,0.54%,0B / 0B,0B / 1.46MB,33
2026-07-30 20:38:10,nav2,6.18%,199.1MiB / 30.66GiB,0.63%,0B / 0B,0B / 1.41MB,93
2026-07-30 20:38:10,glim,82.81%,481.1MiB / 30.66GiB,1.53%,0B / 0B,0B / 11.6MB,37
2026-07-30 20:38:13,foxglove,12.24%,489.9MiB / 30.66GiB,1.56%,0B / 0B,0B / 3.39MB,31
2026-07-30 20:38:13,docker-recorder-run-c43348258146,0.00%,10.29MiB / 30.66GiB,0.03%,0B / 0B,0B / 9.52MB,1
2026-07-30 20:38:13,ouster,7.39%,121.4MiB / 30.66GiB,0.39%,0B / 0B,131kB / 2.85MB,29
2026-07-30 20:38:13,scovox,66.85%,269.7MiB / 30.66GiB,0.86%,0B / 0B,0B / 5.01MB,53
2026-07-30 20:38:13,openzen,2.50%,33.9MiB / 30.66GiB,0.11%,0B / 0B,0B / 2.15MB,20
2026-07-30 20:38:13,trav_ros2,101.58%,385.8MiB / 30.66GiB,1.23%,0B / 0B,0B / 14.1MB,44
2026-07-30 20:38:13,realsense,16.56%,94.76MiB / 30.66GiB,0.30%,0B / 0B,0B / 3.2MB,33
2026-07-30 20:38:13,mapir-ffmpeg,28.41%,170.8MiB / 30.66GiB,0.54%,0B / 0B,0B / 1.47MB,33
2026-07-30 20:38:13,nav2,5.82%,206.7MiB / 30.66GiB,0.66%,0B / 0B,0B / 1.43MB,93
2026-07-30 20:38:13,glim,79.97%,481.3MiB / 30.66GiB,1.53%,0B / 0B,0B / 11.6MB,37
2026-07-30 20:38:16,foxglove,11.57%,487.5MiB / 30.66GiB,1.55%,0B / 0B,0B / 3.39MB,31
2026-07-30 20:38:16,docker-recorder-run-c43348258146,0.00%,10.29MiB / 30.66GiB,0.03%,0B / 0B,0B / 9.52MB,1
2026-07-30 20:38:16,ouster,7.71%,121.4MiB / 30.66GiB,0.39%,0B / 0B,131kB / 2.85MB,29
2026-07-30 20:38:16,scovox,72.47%,270MiB / 30.66GiB,0.86%,0B / 0B,0B / 5.01MB,53
2026-07-30 20:38:16,openzen,2.67%,33.9MiB / 30.66GiB,0.11%,0B / 0B,0B / 2.15MB,20
2026-07-30 20:38:16,trav_ros2,101.47%,384.3MiB / 30.66GiB,1.22%,0B / 0B,0B / 14.1MB,44
2026-07-30 20:38:16,realsense,16.84%,94.51MiB / 30.66GiB,0.30%,0B / 0B,0B / 3.2MB,33
2026-07-30 20:38:16,mapir-ffmpeg,29.67%,170.8MiB / 30.66GiB,0.54%,0B / 0B,0B / 1.47MB,33
2026-07-30 20:38:16,nav2,7.42%,207.7MiB / 30.66GiB,0.66%,0B / 0B,0B / 1.43MB,93
2026-07-30 20:38:16,glim,82.28%,477.9MiB / 30.66GiB,1.52%,0B / 0B,0B / 11.6MB,37
2026-07-30 20:38:19,foxglove,11.27%,479.8MiB / 30.66GiB,1.53%,0B / 0B,0B / 3.39MB,31
2026-07-30 20:38:19,docker-recorder-run-c43348258146,0.00%,10.29MiB / 30.66GiB,0.03%,0B / 0B,0B / 9.52MB,1
2026-07-30 20:38:19,ouster,7.25%,121.3MiB / 30.66GiB,0.39%,0B / 0B,131kB / 2.85MB,29
2026-07-30 20:38:19,scovox,55.72%,296.3MiB / 30.66GiB,0.94%,0B / 0B,0B / 5.01MB,53
2026-07-30 20:38:19,openzen,2.48%,33.9MiB / 30.66GiB,0.11%,0B / 0B,0B / 2.15MB,20
2026-07-30 20:38:19,trav_ros2,101.67%,385.2MiB / 30.66GiB,1.23%,0B / 0B,0B / 14.1MB,44
2026-07-30 20:38:19,realsense,16.16%,94.76MiB / 30.66GiB,0.30%,0B / 0B,0B / 3.2MB,33
2026-07-30 20:38:19,mapir-ffmpeg,29.26%,170.8MiB / 30.66GiB,0.54%,0B / 0B,0B / 1.47MB,33
2026-07-30 20:38:19,nav2,5.86%,199.2MiB / 30.66GiB,0.63%,0B / 0B,0B / 1.43MB,93
2026-07-30 20:38:19,glim,78.73%,477.7MiB / 30.66GiB,1.52%,0B / 0B,0B / 11.6MB,37
2026-07-30 20:38:23,foxglove,11.82%,487.7MiB / 30.66GiB,1.55%,0B / 0B,0B / 3.39MB,31
2026-07-30 20:38:23,docker-recorder-run-c43348258146,0.00%,10.29MiB / 30.66GiB,0.03%,0B / 0B,0B / 9.52MB,1
2026-07-30 20:38:23,ouster,7.34%,121.7MiB / 30.66GiB,0.39%,0B / 0B,131kB / 2.85MB,29
2026-07-30 20:38:23,scovox,78.69%,270MiB / 30.66GiB,0.86%,0B / 0B,0B / 5.01MB,53
2026-07-30 20:38:23,openzen,2.52%,33.9MiB / 30.66GiB,0.11%,0B / 0B,0B / 2.15MB,20
2026-07-30 20:38:23,trav_ros2,102.02%,384.3MiB / 30.66GiB,1.22%,0B / 0B,0B / 14.1MB,44
2026-07-30 20:38:23,realsense,16.36%,94.51MiB / 30.66GiB,0.30%,0B / 0B,0B / 3.2MB,33
2026-07-30 20:38:23,mapir-ffmpeg,28.74%,170.8MiB / 30.66GiB,0.54%,0B / 0B,0B / 1.47MB,33
2026-07-30 20:38:23,nav2,5.99%,206.6MiB / 30.66GiB,0.66%,0B / 0B,0B / 1.43MB,93
2026-07-30 20:38:23,glim,80.43%,478.8MiB / 30.66GiB,1.52%,0B / 0B,0B / 11.6MB,37
2026-07-30 20:38:26,foxglove,12.03%,487.8MiB / 30.66GiB,1.55%,0B / 0B,0B / 3.39MB,31
2026-07-30 20:38:26,docker-recorder-run-c43348258146,0.00%,10.29MiB / 30.66GiB,0.03%,0B / 0B,0B / 9.52MB,1
2026-07-30 20:38:26,ouster,7.27%,122MiB / 30.66GiB,0.39%,0B / 0B,131kB / 2.85MB,29
2026-07-30 20:38:26,scovox,56.15%,300.9MiB / 30.66GiB,0.96%,0B / 0B,0B / 5.01MB,53
2026-07-30 20:38:26,openzen,2.63%,34.15MiB / 30.66GiB,0.11%,0B / 0B,0B / 2.15MB,20
2026-07-30 20:38:26,trav_ros2,101.43%,383.7MiB / 30.66GiB,1.22%,0B / 0B,0B / 14.1MB,44
2026-07-30 20:38:26,realsense,16.59%,94.51MiB / 30.66GiB,0.30%,0B / 0B,0B / 3.2MB,33
2026-07-30 20:38:26,mapir-ffmpeg,28.21%,171.1MiB / 30.66GiB,0.54%,0B / 0B,0B / 1.47MB,33
2026-07-30 20:38:26,nav2,6.33%,206.9MiB / 30.66GiB,0.66%,0B / 0B,0B / 1.43MB,93
2026-07-30 20:38:26,glim,75.61%,484.3MiB / 30.66GiB,1.54%,0B / 0B,0B / 11.6MB,37
2026-07-30 20:38:29,foxglove,11.37%,487.6MiB / 30.66GiB,1.55%,0B / 0B,0B / 3.39MB,31
2026-07-30 20:38:29,docker-recorder-run-c43348258146,0.00%,10.29MiB / 30.66GiB,0.03%,0B / 0B,0B / 9.52MB,1
2026-07-30 20:38:29,ouster,7.51%,121.3MiB / 30.66GiB,0.39%,0B / 0B,131kB / 2.85MB,29
2026-07-30 20:38:29,scovox,69.47%,270.5MiB / 30.66GiB,0.86%,0B / 0B,0B / 5.01MB,53
2026-07-30 20:38:29,openzen,2.55%,33.9MiB / 30.66GiB,0.11%,0B / 0B,0B / 2.15MB,20
2026-07-30 20:38:29,trav_ros2,100.38%,384MiB / 30.66GiB,1.22%,0B / 0B,0B / 14.1MB,44
2026-07-30 20:38:29,realsense,16.24%,94.76MiB / 30.66GiB,0.30%,0B / 0B,0B / 3.2MB,33
2026-07-30 20:38:29,mapir-ffmpeg,28.24%,170.8MiB / 30.66GiB,0.54%,0B / 0B,0B / 1.47MB,33
2026-07-30 20:38:29,nav2,6.01%,206.9MiB / 30.66GiB,0.66%,0B / 0B,0B / 1.43MB,93
2026-07-30 20:38:29,glim,77.79%,487.9MiB / 30.66GiB,1.55%,0B / 0B,0B / 11.6MB,37
2026-07-30 20:38:32,foxglove,11.54%,487.1MiB / 30.66GiB,1.55%,0B / 0B,0B / 3.39MB,31
2026-07-30 20:38:32,docker-recorder-run-c43348258146,0.00%,10.29MiB / 30.66GiB,0.03%,0B / 0B,0B / 9.52MB,1
2026-07-30 20:38:32,ouster,7.82%,121.2MiB / 30.66GiB,0.39%,0B / 0B,131kB / 2.85MB,29
2026-07-30 20:38:32,scovox,54.17%,304MiB / 30.66GiB,0.97%,0B / 0B,0B / 5.01MB,53
2026-07-30 20:38:32,openzen,2.68%,34.89MiB / 30.66GiB,0.11%,0B / 0B,0B / 2.15MB,20
2026-07-30 20:38:32,trav_ros2,101.67%,382.6MiB / 30.66GiB,1.22%,0B / 0B,0B / 14.1MB,44
2026-07-30 20:38:32,realsense,16.86%,94.51MiB / 30.66GiB,0.30%,0B / 0B,0B / 3.2MB,33
2026-07-30 20:38:32,mapir-ffmpeg,28.92%,171.8MiB / 30.66GiB,0.55%,0B / 0B,0B / 1.47MB,33
2026-07-30 20:38:32,nav2,6.83%,208.1MiB / 30.66GiB,0.66%,0B / 0B,0B / 1.43MB,93
2026-07-30 20:38:32,glim,79.41%,493.1MiB / 30.66GiB,1.57%,0B / 0B,0B / 11.6MB,37
2026-07-30 20:38:35,foxglove,12.02%,487.5MiB / 30.66GiB,1.55%,0B / 0B,0B / 3.39MB,31
2026-07-30 20:38:35,docker-recorder-run-c43348258146,0.00%,10.29MiB / 30.66GiB,0.03%,0B / 0B,0B / 9.52MB,1
2026-07-30 20:38:35,ouster,7.60%,121.7MiB / 30.66GiB,0.39%,0B / 0B,131kB / 2.85MB,29
2026-07-30 20:38:35,scovox,67.16%,269.8MiB / 30.66GiB,0.86%,0B / 0B,0B / 5.01MB,53
2026-07-30 20:38:35,openzen,2.30%,34.15MiB / 30.66GiB,0.11%,0B / 0B,0B / 2.15MB,20
2026-07-30 20:38:35,trav_ros2,101.94%,383MiB / 30.66GiB,1.22%,0B / 0B,0B / 14.1MB,44
2026-07-30 20:38:35,realsense,16.34%,95MiB / 30.66GiB,0.30%,0B / 0B,0B / 3.2MB,33
2026-07-30 20:38:35,mapir-ffmpeg,29.34%,171.3MiB / 30.66GiB,0.55%,0B / 0B,0B / 1.47MB,33
2026-07-30 20:38:35,nav2,6.02%,206.9MiB / 30.66GiB,0.66%,0B / 0B,0B / 1.43MB,93
2026-07-30 20:38:35,glim,80.28%,495.6MiB / 30.66GiB,1.58%,0B / 0B,0B / 11.6MB,37
2026-07-30 20:38:38,foxglove,11.09%,487.5MiB / 30.66GiB,1.55%,0B / 0B,0B / 3.39MB,31
2026-07-30 20:38:38,docker-recorder-run-c43348258146,0.00%,10.29MiB / 30.66GiB,0.03%,0B / 0B,0B / 9.52MB,1
2026-07-30 20:38:38,ouster,7.32%,121.1MiB / 30.66GiB,0.39%,0B / 0B,131kB / 2.85MB,29
2026-07-30 20:38:38,scovox,65.58%,269.8MiB / 30.66GiB,0.86%,0B / 0B,0B / 5.1MB,53
2026-07-30 20:38:38,openzen,2.48%,34.15MiB / 30.66GiB,0.11%,0B / 0B,0B / 2.15MB,20
2026-07-30 20:38:38,trav_ros2,101.28%,452.6MiB / 30.66GiB,1.44%,0B / 0B,0B / 14.1MB,44
2026-07-30 20:38:38,realsense,16.11%,94.51MiB / 30.66GiB,0.30%,0B / 0B,0B / 3.2MB,33
2026-07-30 20:38:38,mapir-ffmpeg,28.48%,171.3MiB / 30.66GiB,0.55%,0B / 0B,0B / 1.47MB,33
2026-07-30 20:38:38,nav2,5.32%,206.6MiB / 30.66GiB,0.66%,0B / 0B,0B / 1.43MB,93
2026-07-30 20:38:38,glim,81.70%,495.4MiB / 30.66GiB,1.58%,0B / 0B,0B / 11.6MB,37
2026-07-30 20:38:41,foxglove,11.25%,479.4MiB / 30.66GiB,1.53%,0B / 0B,0B / 3.39MB,31
2026-07-30 20:38:41,docker-recorder-run-c43348258146,0.00%,10.29MiB / 30.66GiB,0.03%,0B / 0B,0B / 9.52MB,1
2026-07-30 20:38:41,ouster,7.51%,122.2MiB / 30.66GiB,0.39%,0B / 0B,131kB / 2.85MB,29
2026-07-30 20:38:41,scovox,52.18%,269.9MiB / 30.66GiB,0.86%,0B / 0B,0B / 5.1MB,53
2026-07-30 20:38:41,openzen,2.49%,34.15MiB / 30.66GiB,0.11%,0B / 0B,0B / 2.15MB,20
2026-07-30 20:38:41,trav_ros2,101.60%,383.5MiB / 30.66GiB,1.22%,0B / 0B,0B / 14.1MB,44
2026-07-30 20:38:41,realsense,16.09%,94.51MiB / 30.66GiB,0.30%,0B / 0B,0B / 3.2MB,33
2026-07-30 20:38:41,mapir-ffmpeg,28.37%,171.5MiB / 30.66GiB,0.55%,0B / 0B,0B / 1.47MB,33
2026-07-30 20:38:41,nav2,5.37%,206.9MiB / 30.66GiB,0.66%,0B / 0B,0B / 1.43MB,93
2026-07-30 20:38:41,glim,83.09%,489.8MiB / 30.66GiB,1.56%,0B / 0B,0B / 11.6MB,37
2026-07-30 20:38:44,foxglove,11.15%,479.7MiB / 30.66GiB,1.53%,0B / 0B,0B / 3.39MB,31
2026-07-30 20:38:44,docker-recorder-run-c43348258146,0.00%,10.29MiB / 30.66GiB,0.03%,0B / 0B,0B / 9.52MB,1
2026-07-30 20:38:44,ouster,7.45%,121.5MiB / 30.66GiB,0.39%,0B / 0B,131kB / 2.85MB,29
2026-07-30 20:38:44,scovox,69.51%,270.4MiB / 30.66GiB,0.86%,0B / 0B,0B / 5.1MB,53
2026-07-30 20:38:44,openzen,2.58%,33.9MiB / 30.66GiB,0.11%,0B / 0B,0B / 2.15MB,20
2026-07-30 20:38:44,trav_ros2,101.10%,383.8MiB / 30.66GiB,1.22%,0B / 0B,0B / 14.1MB,44
2026-07-30 20:38:44,realsense,16.54%,94.51MiB / 30.66GiB,0.30%,0B / 0B,0B / 3.2MB,33
2026-07-30 20:38:44,mapir-ffmpeg,28.48%,171.3MiB / 30.66GiB,0.55%,0B / 0B,0B / 1.47MB,33
2026-07-30 20:38:44,nav2,5.51%,206.7MiB / 30.66GiB,0.66%,0B / 0B,0B / 1.43MB,93
2026-07-30 20:38:44,glim,75.94%,490.7MiB / 30.66GiB,1.56%,0B / 0B,0B / 11.6MB,37
2026-07-30 20:38:48,foxglove,11.62%,479.6MiB / 30.66GiB,1.53%,0B / 0B,0B / 3.39MB,31
2026-07-30 20:38:48,docker-recorder-run-c43348258146,0.00%,10.29MiB / 30.66GiB,0.03%,0B / 0B,0B / 9.52MB,1
2026-07-30 20:38:48,ouster,7.64%,121.4MiB / 30.66GiB,0.39%,0B / 0B,131kB / 2.85MB,29
2026-07-30 20:38:48,scovox,52.78%,297.5MiB / 30.66GiB,0.95%,0B / 0B,0B / 5.1MB,53
2026-07-30 20:38:48,openzen,2.72%,33.9MiB / 30.66GiB,0.11%,0B / 0B,0B / 2.15MB,20
2026-07-30 20:38:48,trav_ros2,101.16%,387.8MiB / 30.66GiB,1.24%,0B / 0B,0B / 14.1MB,44
2026-07-30 20:38:48,realsense,16.77%,94.76MiB / 30.66GiB,0.30%,0B / 0B,0B / 3.2MB,33
2026-07-30 20:38:48,mapir-ffmpeg,28.95%,171MiB / 30.66GiB,0.54%,0B / 0B,0B / 1.48MB,33
2026-07-30 20:38:48,nav2,6.10%,209.1MiB / 30.66GiB,0.67%,0B / 0B,0B / 1.44MB,93
2026-07-30 20:38:48,glim,79.73%,494.3MiB / 30.66GiB,1.57%,0B / 0B,0B / 11.6MB,37
2026-07-30 20:38:51,foxglove,11.58%,479.3MiB / 30.66GiB,1.53%,0B / 0B,0B / 3.39MB,31
2026-07-30 20:38:51,docker-recorder-run-c43348258146,0.00%,10.29MiB / 30.66GiB,0.03%,0B / 0B,0B / 9.52MB,1
2026-07-30 20:38:51,ouster,7.59%,121.7MiB / 30.66GiB,0.39%,0B / 0B,131kB / 2.85MB,29
2026-07-30 20:38:51,scovox,78.62%,270.9MiB / 30.66GiB,0.86%,0B / 0B,0B / 5.11MB,53
2026-07-30 20:38:51,openzen,2.58%,33.91MiB / 30.66GiB,0.11%,0B / 0B,0B / 2.15MB,20
2026-07-30 20:38:51,trav_ros2,101.97%,384.2MiB / 30.66GiB,1.22%,0B / 0B,0B / 14.1MB,44
2026-07-30 20:38:51,realsense,16.86%,94.51MiB / 30.66GiB,0.30%,0B / 0B,0B / 3.2MB,33
2026-07-30 20:38:51,mapir-ffmpeg,29.16%,171.3MiB / 30.66GiB,0.55%,0B / 0B,0B / 1.48MB,33
2026-07-30 20:38:51,nav2,5.73%,206.6MiB / 30.66GiB,0.66%,0B / 0B,0B / 1.44MB,93
2026-07-30 20:38:51,glim,77.82%,500.1MiB / 30.66GiB,1.59%,0B / 0B,0B / 11.6MB,37
2026-07-30 20:38:54,foxglove,11.36%,479.3MiB / 30.66GiB,1.53%,0B / 0B,0B / 3.39MB,31
2026-07-30 20:38:54,docker-recorder-run-c43348258146,0.00%,10.29MiB / 30.66GiB,0.03%,0B / 0B,0B / 9.52MB,1
2026-07-30 20:38:54,ouster,7.57%,121.2MiB / 30.66GiB,0.39%,0B / 0B,131kB / 2.85MB,29
2026-07-30 20:38:54,scovox,54.55%,302.9MiB / 30.66GiB,0.96%,0B / 0B,0B / 5.11MB,53
2026-07-30 20:38:54,openzen,2.54%,33.9MiB / 30.66GiB,0.11%,0B / 0B,0B / 2.15MB,20
2026-07-30 20:38:54,trav_ros2,101.47%,377.9MiB / 30.66GiB,1.20%,0B / 0B,0B / 14.1MB,44
2026-07-30 20:38:54,realsense,17.29%,94.76MiB / 30.66GiB,0.30%,0B / 0B,0B / 3.2MB,33
2026-07-30 20:38:54,mapir-ffmpeg,30.04%,171MiB / 30.66GiB,0.54%,0B / 0B,0B / 1.48MB,33
2026-07-30 20:38:54,nav2,5.55%,206.9MiB / 30.66GiB,0.66%,0B / 0B,0B / 1.44MB,93
2026-07-30 20:38:54,glim,79.21%,501.1MiB / 30.66GiB,1.60%,0B / 0B,0B / 11.6MB,37
2026-07-30 20:38:57,foxglove,11.69%,479.4MiB / 30.66GiB,1.53%,0B / 0B,0B / 3.39MB,31
2026-07-30 20:38:57,docker-recorder-run-c43348258146,0.00%,10.29MiB / 30.66GiB,0.03%,0B / 0B,0B / 9.52MB,1
2026-07-30 20:38:57,ouster,8.69%,121.3MiB / 30.66GiB,0.39%,0B / 0B,131kB / 2.85MB,29
2026-07-30 20:38:57,scovox,67.89%,270.1MiB / 30.66GiB,0.86%,0B / 0B,0B / 5.11MB,53
2026-07-30 20:38:57,openzen,2.52%,33.9MiB / 30.66GiB,0.11%,0B / 0B,0B / 2.15MB,20
2026-07-30 20:38:57,trav_ros2,101.87%,384MiB / 30.66GiB,1.22%,0B / 0B,0B / 14.1MB,44
2026-07-30 20:38:57,realsense,17.63%,94.51MiB / 30.66GiB,0.30%,0B / 0B,0B / 3.2MB,33
2026-07-30 20:38:57,mapir-ffmpeg,30.35%,171.5MiB / 30.66GiB,0.55%,0B / 0B,0B / 1.48MB,33
2026-07-30 20:38:57,nav2,5.61%,206.6MiB / 30.66GiB,0.66%,0B / 0B,0B / 1.44MB,93
2026-07-30 20:38:57,glim,83.27%,496.4MiB / 30.66GiB,1.58%,0B / 0B,0B / 11.6MB,37
2026-07-30 20:39:00,foxglove,11.73%,487.2MiB / 30.66GiB,1.55%,0B / 0B,0B / 3.39MB,31
2026-07-30 20:39:00,docker-recorder-run-c43348258146,0.00%,10.29MiB / 30.66GiB,0.03%,0B / 0B,0B / 9.52MB,1
2026-07-30 20:39:00,ouster,7.49%,121.2MiB / 30.66GiB,0.39%,0B / 0B,131kB / 2.85MB,29
2026-07-30 20:39:00,scovox,61.32%,303.1MiB / 30.66GiB,0.97%,0B / 0B,0B / 5.11MB,53
2026-07-30 20:39:00,openzen,2.55%,34.14MiB / 30.66GiB,0.11%,0B / 0B,0B / 2.15MB,20
2026-07-30 20:39:00,trav_ros2,100.99%,384.3MiB / 30.66GiB,1.22%,0B / 0B,0B / 14.1MB,44
2026-07-30 20:39:00,realsense,16.82%,94.51MiB / 30.66GiB,0.30%,0B / 0B,0B / 3.2MB,33
2026-07-30 20:39:00,mapir-ffmpeg,29.90%,171MiB / 30.66GiB,0.54%,0B / 0B,0B / 1.48MB,33
2026-07-30 20:39:00,nav2,6.41%,206.9MiB / 30.66GiB,0.66%,0B / 0B,0B / 1.44MB,93
2026-07-30 20:39:00,glim,82.84%,496.8MiB / 30.66GiB,1.58%,0B / 0B,0B / 11.6MB,37
2026-07-30 20:39:03,foxglove,12.25%,487.6MiB / 30.66GiB,1.55%,0B / 0B,0B / 3.39MB,31
2026-07-30 20:39:03,docker-recorder-run-c43348258146,0.00%,10.29MiB / 30.66GiB,0.03%,0B / 0B,0B / 9.52MB,1
2026-07-30 20:39:03,ouster,7.49%,121.3MiB / 30.66GiB,0.39%,0B / 0B,131kB / 2.85MB,29
2026-07-30 20:39:03,scovox,51.05%,270.6MiB / 30.66GiB,0.86%,0B / 0B,0B / 5.11MB,53
2026-07-30 20:39:03,openzen,2.64%,33.9MiB / 30.66GiB,0.11%,0B / 0B,0B / 2.15MB,20
2026-07-30 20:39:03,trav_ros2,101.61%,385.5MiB / 30.66GiB,1.23%,0B / 0B,0B / 14.1MB,44
2026-07-30 20:39:03,realsense,16.47%,94.51MiB / 30.66GiB,0.30%,0B / 0B,0B / 3.2MB,33
2026-07-30 20:39:03,mapir-ffmpeg,29.37%,171MiB / 30.66GiB,0.54%,0B / 0B,0B / 1.48MB,33
2026-07-30 20:39:03,nav2,5.85%,206.6MiB / 30.66GiB,0.66%,0B / 0B,0B / 1.44MB,93
2026-07-30 20:39:03,glim,79.33%,497MiB / 30.66GiB,1.58%,0B / 0B,0B / 11.6MB,37
2026-07-30 20:39:06,foxglove,12.57%,487.3MiB / 30.66GiB,1.55%,0B / 0B,0B / 3.39MB,31
2026-07-30 20:39:06,docker-recorder-run-c43348258146,0.00%,10.29MiB / 30.66GiB,0.03%,0B / 0B,0B / 9.52MB,1
2026-07-30 20:39:06,ouster,7.58%,121.9MiB / 30.66GiB,0.39%,0B / 0B,131kB / 2.85MB,29
2026-07-30 20:39:06,scovox,70.43%,271.3MiB / 30.66GiB,0.86%,0B / 0B,0B / 5.11MB,53
2026-07-30 20:39:06,openzen,2.70%,34.15MiB / 30.66GiB,0.11%,0B / 0B,0B / 2.15MB,20
2026-07-30 20:39:06,trav_ros2,101.86%,384.3MiB / 30.66GiB,1.22%,0B / 0B,0B / 14.1MB,44
2026-07-30 20:39:06,realsense,16.90%,94.51MiB / 30.66GiB,0.30%,0B / 0B,0B / 3.2MB,33
2026-07-30 20:39:06,mapir-ffmpeg,29.60%,171.3MiB / 30.66GiB,0.55%,0B / 0B,0B / 1.48MB,33
2026-07-30 20:39:06,nav2,6.32%,206.9MiB / 30.66GiB,0.66%,0B / 0B,0B / 1.44MB,93
2026-07-30 20:39:06,glim,81.72%,497.5MiB / 30.66GiB,1.58%,0B / 0B,0B / 11.6MB,37
2026-07-30 20:39:10,foxglove,11.77%,488.3MiB / 30.66GiB,1.56%,0B / 0B,0B / 3.39MB,31
2026-07-30 20:39:10,docker-recorder-run-c43348258146,0.00%,10.29MiB / 30.66GiB,0.03%,0B / 0B,0B / 9.52MB,1
2026-07-30 20:39:10,ouster,7.42%,121.7MiB / 30.66GiB,0.39%,0B / 0B,131kB / 2.85MB,29
2026-07-30 20:39:10,scovox,53.11%,298.3MiB / 30.66GiB,0.95%,0B / 0B,0B / 5.2MB,53
2026-07-30 20:39:10,openzen,2.52%,33.9MiB / 30.66GiB,0.11%,0B / 0B,0B / 2.15MB,20
2026-07-30 20:39:10,trav_ros2,101.73%,382.7MiB / 30.66GiB,1.22%,0B / 0B,0B / 14.1MB,44
2026-07-30 20:39:10,realsense,16.20%,94.51MiB / 30.66GiB,0.30%,0B / 0B,0B / 3.2MB,33
2026-07-30 20:39:10,mapir-ffmpeg,29.09%,171MiB / 30.66GiB,0.54%,0B / 0B,0B / 1.48MB,33
2026-07-30 20:39:10,nav2,5.85%,206.6MiB / 30.66GiB,0.66%,0B / 0B,0B / 1.44MB,93
2026-07-30 20:39:10,glim,83.47%,498.1MiB / 30.66GiB,1.59%,0B / 0B,0B / 11.6MB,37
2026-07-30 20:39:13,foxglove,11.57%,479.2MiB / 30.66GiB,1.53%,0B / 0B,0B / 3.39MB,31
2026-07-30 20:39:13,docker-recorder-run-c43348258146,0.00%,10.29MiB / 30.66GiB,0.03%,0B / 0B,0B / 9.52MB,1
2026-07-30 20:39:13,ouster,7.94%,121.6MiB / 30.66GiB,0.39%,0B / 0B,131kB / 2.85MB,29
2026-07-30 20:39:13,scovox,75.05%,270.8MiB / 30.66GiB,0.86%,0B / 0B,0B / 5.2MB,53
2026-07-30 20:39:13,openzen,2.73%,33.9MiB / 30.66GiB,0.11%,0B / 0B,0B / 2.15MB,20
2026-07-30 20:39:13,trav_ros2,101.75%,382.6MiB / 30.66GiB,1.22%,0B / 0B,0B / 14.1MB,44
2026-07-30 20:39:13,realsense,16.65%,94.76MiB / 30.66GiB,0.30%,0B / 0B,0B / 3.2MB,33
2026-07-30 20:39:13,mapir-ffmpeg,29.32%,171.3MiB / 30.66GiB,0.55%,0B / 0B,0B / 1.48MB,33
2026-07-30 20:39:13,nav2,6.08%,207.1MiB / 30.66GiB,0.66%,0B / 0B,0B / 1.44MB,93
2026-07-30 20:39:13,glim,85.33%,498.4MiB / 30.66GiB,1.59%,0B / 0B,0B / 11.6MB,37
2026-07-30 20:39:16,foxglove,11.94%,487.6MiB / 30.66GiB,1.55%,0B / 0B,0B / 3.39MB,31
2026-07-30 20:39:16,docker-recorder-run-c43348258146,0.00%,10.29MiB / 30.66GiB,0.03%,0B / 0B,0B / 9.52MB,1
2026-07-30 20:39:16,ouster,7.47%,121.3MiB / 30.66GiB,0.39%,0B / 0B,131kB / 2.85MB,29
2026-07-30 20:39:16,scovox,53.35%,301.4MiB / 30.66GiB,0.96%,0B / 0B,0B / 5.2MB,53
2026-07-30 20:39:16,openzen,2.55%,33.9MiB / 30.66GiB,0.11%,0B / 0B,0B / 2.15MB,20
2026-07-30 20:39:16,trav_ros2,101.62%,383.7MiB / 30.66GiB,1.22%,0B / 0B,0B / 14.1MB,44
2026-07-30 20:39:16,realsense,16.19%,94.75MiB / 30.66GiB,0.30%,0B / 0B,0B / 3.2MB,33
2026-07-30 20:39:16,mapir-ffmpeg,29.36%,171MiB / 30.66GiB,0.54%,0B / 0B,0B / 1.48MB,33
2026-07-30 20:39:16,nav2,5.87%,207.1MiB / 30.66GiB,0.66%,0B / 0B,0B / 1.44MB,93
2026-07-30 20:39:16,glim,80.83%,498.8MiB / 30.66GiB,1.59%,0B / 0B,0B / 11.6MB,37
2026-07-30 20:39:19,foxglove,11.75%,487.3MiB / 30.66GiB,1.55%,0B / 0B,0B / 3.39MB,31
2026-07-30 20:39:19,docker-recorder-run-c43348258146,0.00%,10.29MiB / 30.66GiB,0.03%,0B / 0B,0B / 9.52MB,1
2026-07-30 20:39:19,ouster,7.90%,121.1MiB / 30.66GiB,0.39%,0B / 0B,131kB / 2.85MB,29
2026-07-30 20:39:19,scovox,72.10%,270MiB / 30.66GiB,0.86%,0B / 0B,0B / 5.21MB,53
2026-07-30 20:39:19,openzen,2.75%,33.9MiB / 30.66GiB,0.11%,0B / 0B,0B / 2.15MB,20
2026-07-30 20:39:19,trav_ros2,101.59%,383.4MiB / 30.66GiB,1.22%,0B / 0B,0B / 14.1MB,44
2026-07-30 20:39:19,realsense,16.43%,94.51MiB / 30.66GiB,0.30%,0B / 0B,0B / 3.2MB,33
2026-07-30 20:39:19,mapir-ffmpeg,28.88%,171MiB / 30.66GiB,0.54%,0B / 0B,0B / 1.48MB,33
2026-07-30 20:39:19,nav2,5.91%,206.6MiB / 30.66GiB,0.66%,0B / 0B,0B / 1.44MB,93
2026-07-30 20:39:19,glim,80.68%,499.2MiB / 30.66GiB,1.59%,0B / 0B,0B / 11.6MB,37
2026-07-30 20:39:22,foxglove,11.87%,479.7MiB / 30.66GiB,1.53%,0B / 0B,0B / 3.39MB,31
2026-07-30 20:39:22,docker-recorder-run-c43348258146,0.00%,10.29MiB / 30.66GiB,0.03%,0B / 0B,0B / 9.52MB,1
2026-07-30 20:39:22,ouster,7.43%,121.6MiB / 30.66GiB,0.39%,0B / 0B,131kB / 2.85MB,29
2026-07-30 20:39:22,scovox,59.53%,306MiB / 30.66GiB,0.97%,0B / 0B,0B / 5.21MB,53
2026-07-30 20:39:22,openzen,2.66%,33.9MiB / 30.66GiB,0.11%,0B / 0B,0B / 2.15MB,20
2026-07-30 20:39:22,trav_ros2,101.76%,384.5MiB / 30.66GiB,1.22%,0B / 0B,0B / 14.1MB,44
2026-07-30 20:39:22,realsense,16.52%,94.76MiB / 30.66GiB,0.30%,0B / 0B,0B / 3.2MB,33
2026-07-30 20:39:22,mapir-ffmpeg,28.68%,171.1MiB / 30.66GiB,0.54%,0B / 0B,0B / 1.48MB,33
2026-07-30 20:39:22,nav2,6.25%,206.6MiB / 30.66GiB,0.66%,0B / 0B,0B / 1.46MB,93
2026-07-30 20:39:22,glim,77.58%,499MiB / 30.66GiB,1.59%,0B / 0B,0B / 11.6MB,37
2026-07-30 20:39:25,foxglove,11.45%,487.8MiB / 30.66GiB,1.55%,0B / 0B,0B / 3.39MB,31
2026-07-30 20:39:25,docker-recorder-run-c43348258146,0.00%,10.29MiB / 30.66GiB,0.03%,0B / 0B,0B / 9.52MB,1
2026-07-30 20:39:25,ouster,7.38%,121.3MiB / 30.66GiB,0.39%,0B / 0B,131kB / 2.85MB,29
2026-07-30 20:39:25,scovox,58.47%,270.2MiB / 30.66GiB,0.86%,0B / 0B,0B / 5.21MB,53
2026-07-30 20:39:25,openzen,2.43%,33.9MiB / 30.66GiB,0.11%,0B / 0B,0B / 2.15MB,20
2026-07-30 20:39:25,trav_ros2,101.35%,386.2MiB / 30.66GiB,1.23%,0B / 0B,0B / 14.1MB,44
2026-07-30 20:39:25,realsense,16.71%,94.51MiB / 30.66GiB,0.30%,0B / 0B,0B / 3.2MB,33
2026-07-30 20:39:25,mapir-ffmpeg,28.42%,171MiB / 30.66GiB,0.54%,0B / 0B,0B / 1.5MB,33
2026-07-30 20:39:25,nav2,6.25%,206.7MiB / 30.66GiB,0.66%,0B / 0B,0B / 1.46MB,93
2026-07-30 20:39:25,glim,81.61%,499MiB / 30.66GiB,1.59%,0B / 0B,0B / 11.6MB,37
2026-07-30 20:39:28,foxglove,12.58%,487.9MiB / 30.66GiB,1.55%,0B / 0B,0B / 3.39MB,31
2026-07-30 20:39:28,docker-recorder-run-c43348258146,0.00%,10.29MiB / 30.66GiB,0.03%,0B / 0B,0B / 9.52MB,1
2026-07-30 20:39:28,ouster,7.61%,121.6MiB / 30.66GiB,0.39%,0B / 0B,131kB / 2.85MB,29
2026-07-30 20:39:28,scovox,75.54%,270MiB / 30.66GiB,0.86%,0B / 0B,0B / 5.21MB,53
2026-07-30 20:39:28,openzen,2.57%,33.9MiB / 30.66GiB,0.11%,0B / 0B,0B / 2.15MB,20
2026-07-30 20:39:28,trav_ros2,101.91%,385.9MiB / 30.66GiB,1.23%,0B / 0B,0B / 14.1MB,44
2026-07-30 20:39:28,realsense,17.08%,94.51MiB / 30.66GiB,0.30%,0B / 0B,0B / 3.2MB,33
2026-07-30 20:39:28,mapir-ffmpeg,29.24%,171.6MiB / 30.66GiB,0.55%,0B / 0B,0B / 1.5MB,33
2026-07-30 20:39:28,nav2,7.09%,207.6MiB / 30.66GiB,0.66%,0B / 0B,0B / 1.46MB,93
2026-07-30 20:39:28,glim,82.79%,500.5MiB / 30.66GiB,1.59%,0B / 0B,0B / 11.6MB,37
2026-07-30 20:39:31,foxglove,11.82%,487.2MiB / 30.66GiB,1.55%,0B / 0B,0B / 3.39MB,31
2026-07-30 20:39:31,docker-recorder-run-c43348258146,0.00%,10.29MiB / 30.66GiB,0.03%,0B / 0B,0B / 9.52MB,1
2026-07-30 20:39:31,ouster,7.40%,121.2MiB / 30.66GiB,0.39%,0B / 0B,131kB / 2.85MB,29
2026-07-30 20:39:31,scovox,51.67%,294.6MiB / 30.66GiB,0.94%,0B / 0B,0B / 5.21MB,53
2026-07-30 20:39:31,openzen,2.46%,33.9MiB / 30.66GiB,0.11%,0B / 0B,0B / 2.15MB,20
2026-07-30 20:39:31,trav_ros2,101.64%,386.4MiB / 30.66GiB,1.23%,0B / 0B,0B / 14.1MB,44
2026-07-30 20:39:31,realsense,16.36%,94.51MiB / 30.66GiB,0.30%,0B / 0B,0B / 3.2MB,33
2026-07-30 20:39:31,mapir-ffmpeg,28.47%,171.1MiB / 30.66GiB,0.54%,0B / 0B,0B / 1.5MB,33
2026-07-30 20:39:31,nav2,6.31%,206.9MiB / 30.66GiB,0.66%,0B / 0B,0B / 1.46MB,93
2026-07-30 20:39:31,glim,83.50%,500.2MiB / 30.66GiB,1.59%,0B / 0B,0B / 11.6MB,37
2026-07-30 20:39:35,foxglove,11.97%,487.7MiB / 30.66GiB,1.55%,0B / 0B,0B / 3.39MB,31
2026-07-30 20:39:35,docker-recorder-run-c43348258146,0.00%,10.29MiB / 30.66GiB,0.03%,0B / 0B,0B / 9.52MB,1
2026-07-30 20:39:35,ouster,7.43%,121.2MiB / 30.66GiB,0.39%,0B / 0B,131kB / 2.85MB,29
2026-07-30 20:39:35,scovox,83.99%,271.2MiB / 30.66GiB,0.86%,0B / 0B,0B / 5.21MB,53
2026-07-30 20:39:35,openzen,2.71%,33.9MiB / 30.66GiB,0.11%,0B / 0B,0B / 2.15MB,20
2026-07-30 20:39:35,trav_ros2,101.52%,383.3MiB / 30.66GiB,1.22%,0B / 0B,0B / 14.1MB,44
2026-07-30 20:39:35,realsense,17.28%,94.51MiB / 30.66GiB,0.30%,0B / 0B,0B / 3.2MB,33
2026-07-30 20:39:35,mapir-ffmpeg,28.97%,170.8MiB / 30.66GiB,0.54%,0B / 0B,0B / 1.5MB,33
2026-07-30 20:39:35,nav2,6.05%,206.9MiB / 30.66GiB,0.66%,0B / 0B,0B / 1.46MB,93
2026-07-30 20:39:35,glim,77.97%,490.8MiB / 30.66GiB,1.56%,0B / 0B,0B / 11.6MB,37
2026-07-30 20:39:38,foxglove,11.41%,479.9MiB / 30.66GiB,1.53%,0B / 0B,0B / 3.39MB,31
2026-07-30 20:39:38,docker-recorder-run-c43348258146,0.00%,10.29MiB / 30.66GiB,0.03%,0B / 0B,0B / 9.52MB,1
2026-07-30 20:39:38,ouster,8.06%,121.3MiB / 30.66GiB,0.39%,0B / 0B,131kB / 2.85MB,29
2026-07-30 20:39:38,scovox,59.48%,315.4MiB / 30.66GiB,1.00%,0B / 0B,0B / 5.21MB,53
2026-07-30 20:39:38,openzen,2.49%,33.9MiB / 30.66GiB,0.11%,0B / 0B,0B / 2.15MB,20
2026-07-30 20:39:38,trav_ros2,100.47%,384.3MiB / 30.66GiB,1.22%,0B / 0B,0B / 14.1MB,44
2026-07-30 20:39:38,realsense,16.85%,95.01MiB / 30.66GiB,0.30%,0B / 0B,0B / 3.2MB,33
2026-07-30 20:39:38,mapir-ffmpeg,29.16%,170.8MiB / 30.66GiB,0.54%,0B / 0B,0B / 1.5MB,33
2026-07-30 20:39:38,nav2,5.71%,199.1MiB / 30.66GiB,0.63%,0B / 0B,0B / 1.46MB,93
2026-07-30 20:39:38,glim,74.59%,491.3MiB / 30.66GiB,1.56%,0B / 0B,0B / 11.6MB,37
2026-07-30 20:39:41,foxglove,11.51%,480.4MiB / 30.66GiB,1.53%,0B / 0B,0B / 3.39MB,31
2026-07-30 20:39:41,docker-recorder-run-c43348258146,0.00%,10.29MiB / 30.66GiB,0.03%,0B / 0B,0B / 9.52MB,1
2026-07-30 20:39:41,ouster,7.58%,121.4MiB / 30.66GiB,0.39%,0B / 0B,131kB / 2.85MB,29
2026-07-30 20:39:41,scovox,82.75%,279.6MiB / 30.66GiB,0.89%,0B / 0B,0B / 5.21MB,53
2026-07-30 20:39:41,openzen,2.45%,34.15MiB / 30.66GiB,0.11%,0B / 0B,0B / 2.15MB,20
2026-07-30 20:39:41,trav_ros2,101.17%,414MiB / 30.66GiB,1.32%,0B / 0B,0B / 14.1MB,44
2026-07-30 20:39:41,realsense,17.00%,94.51MiB / 30.66GiB,0.30%,0B / 0B,0B / 3.2MB,33
2026-07-30 20:39:41,mapir-ffmpeg,29.39%,170.8MiB / 30.66GiB,0.54%,0B / 0B,0B / 1.5MB,33
2026-07-30 20:39:41,nav2,5.83%,199.4MiB / 30.66GiB,0.63%,0B / 0B,0B / 1.46MB,93
2026-07-30 20:39:41,glim,80.65%,492.6MiB / 30.66GiB,1.57%,0B / 0B,0B / 11.6MB,37
2026-07-30 20:39:44,foxglove,11.99%,487.5MiB / 30.66GiB,1.55%,0B / 0B,0B / 3.39MB,31
2026-07-30 20:39:44,docker-recorder-run-c43348258146,0.00%,10.29MiB / 30.66GiB,0.03%,0B / 0B,0B / 9.52MB,1
2026-07-30 20:39:44,ouster,7.98%,121.4MiB / 30.66GiB,0.39%,0B / 0B,131kB / 2.85MB,29
2026-07-30 20:39:44,scovox,60.59%,320.1MiB / 30.66GiB,1.02%,0B / 0B,0B / 5.21MB,53
2026-07-30 20:39:44,openzen,2.77%,34.15MiB / 30.66GiB,0.11%,0B / 0B,0B / 2.15MB,20
2026-07-30 20:39:44,trav_ros2,99.77%,380.1MiB / 30.66GiB,1.21%,0B / 0B,0B / 14.1MB,44
2026-07-30 20:39:44,realsense,18.03%,94.51MiB / 30.66GiB,0.30%,0B / 0B,0B / 3.2MB,33
2026-07-30 20:39:44,mapir-ffmpeg,30.08%,171.6MiB / 30.66GiB,0.55%,0B / 0B,0B / 1.5MB,33
2026-07-30 20:39:44,nav2,6.49%,200.7MiB / 30.66GiB,0.64%,0B / 0B,0B / 1.46MB,93
2026-07-30 20:39:44,glim,78.47%,492.6MiB / 30.66GiB,1.57%,0B / 0B,0B / 11.6MB,37
2026-07-30 20:39:47,foxglove,11.94%,487.8MiB / 30.66GiB,1.55%,0B / 0B,0B / 3.39MB,31
2026-07-30 20:39:47,docker-recorder-run-c43348258146,0.00%,10.29MiB / 30.66GiB,0.03%,0B / 0B,0B / 9.52MB,1
2026-07-30 20:39:47,ouster,8.26%,121.6MiB / 30.66GiB,0.39%,0B / 0B,131kB / 2.85MB,29
2026-07-30 20:39:47,scovox,73.58%,279.5MiB / 30.66GiB,0.89%,0B / 0B,0B / 5.3MB,53
2026-07-30 20:39:47,openzen,2.69%,33.9MiB / 30.66GiB,0.11%,0B / 0B,0B / 2.15MB,20
2026-07-30 20:39:47,trav_ros2,102.25%,385.8MiB / 30.66GiB,1.23%,0B / 0B,0B / 14.1MB,44
2026-07-30 20:39:47,realsense,17.52%,94.51MiB / 30.66GiB,0.30%,0B / 0B,0B / 3.2MB,33
2026-07-30 20:39:47,mapir-ffmpeg,29.18%,171.1MiB / 30.66GiB,0.54%,0B / 0B,0B / 1.5MB,33
2026-07-30 20:39:47,nav2,5.90%,206.6MiB / 30.66GiB,0.66%,0B / 0B,0B / 1.46MB,93
2026-07-30 20:39:47,glim,81.20%,492.2MiB / 30.66GiB,1.57%,0B / 0B,0B / 11.6MB,37
2026-07-30 20:39:50,foxglove,11.89%,479.8MiB / 30.66GiB,1.53%,0B / 0B,0B / 3.39MB,31
2026-07-30 20:39:50,docker-recorder-run-c43348258146,0.00%,10.29MiB / 30.66GiB,0.03%,0B / 0B,0B / 9.52MB,1
2026-07-30 20:39:50,ouster,7.22%,121.7MiB / 30.66GiB,0.39%,0B / 0B,131kB / 2.85MB,29
2026-07-30 20:39:50,scovox,71.82%,321.3MiB / 30.66GiB,1.02%,0B / 0B,0B / 5.3MB,53
2026-07-30 20:39:50,openzen,2.51%,33.9MiB / 30.66GiB,0.11%,0B / 0B,0B / 2.15MB,20
2026-07-30 20:39:50,trav_ros2,102.08%,390MiB / 30.66GiB,1.24%,0B / 0B,0B / 14.1MB,44
2026-07-30 20:39:50,realsense,16.81%,94.51MiB / 30.66GiB,0.30%,0B / 0B,0B / 3.2MB,33
2026-07-30 20:39:50,mapir-ffmpeg,29.76%,171.1MiB / 30.66GiB,0.54%,0B / 0B,0B / 1.5MB,33
2026-07-30 20:39:50,nav2,5.63%,206.6MiB / 30.66GiB,0.66%,0B / 0B,0B / 1.46MB,93
2026-07-30 20:39:50,glim,79.45%,493.4MiB / 30.66GiB,1.57%,0B / 0B,0B / 11.6MB,37
2026-07-30 20:39:53,foxglove,10.85%,479.3MiB / 30.66GiB,1.53%,0B / 0B,0B / 3.39MB,31
2026-07-30 20:39:53,docker-recorder-run-c43348258146,0.00%,10.29MiB / 30.66GiB,0.03%,0B / 0B,0B / 9.52MB,1
2026-07-30 20:39:53,ouster,7.55%,121.4MiB / 30.66GiB,0.39%,0B / 0B,131kB / 2.85MB,29
2026-07-30 20:39:53,scovox,65.44%,310.8MiB / 30.66GiB,0.99%,0B / 0B,0B / 5.3MB,53
2026-07-30 20:39:53,openzen,2.78%,33.9MiB / 30.66GiB,0.11%,0B / 0B,0B / 2.15MB,20
2026-07-30 20:39:53,trav_ros2,100.70%,385.3MiB / 30.66GiB,1.23%,0B / 0B,0B / 14.1MB,44
2026-07-30 20:39:53,realsense,16.84%,94.51MiB / 30.66GiB,0.30%,0B / 0B,0B / 3.2MB,33
2026-07-30 20:39:53,mapir-ffmpeg,28.57%,171.1MiB / 30.66GiB,0.54%,0B / 0B,0B / 1.5MB,33
2026-07-30 20:39:53,nav2,5.77%,206.6MiB / 30.66GiB,0.66%,0B / 0B,0B / 1.46MB,93
2026-07-30 20:39:53,glim,78.55%,493MiB / 30.66GiB,1.57%,0B / 0B,0B / 11.6MB,37
2026-07-30 20:39:56,foxglove,11.09%,480.2MiB / 30.66GiB,1.53%,0B / 0B,0B / 3.39MB,31
2026-07-30 20:39:56,docker-recorder-run-c43348258146,0.00%,10.29MiB / 30.66GiB,0.03%,0B / 0B,0B / 9.52MB,1
2026-07-30 20:39:56,ouster,7.27%,121.3MiB / 30.66GiB,0.39%,0B / 0B,131kB / 2.85MB,29
2026-07-30 20:39:56,scovox,80.50%,283.1MiB / 30.66GiB,0.90%,0B / 0B,0B / 5.31MB,53
2026-07-30 20:39:56,openzen,2.41%,33.9MiB / 30.66GiB,0.11%,0B / 0B,0B / 2.15MB,20
2026-07-30 20:39:56,trav_ros2,101.05%,385.4MiB / 30.66GiB,1.23%,0B / 0B,0B / 14.2MB,44
2026-07-30 20:39:56,realsense,16.90%,94.51MiB / 30.66GiB,0.30%,0B / 0B,0B / 3.2MB,33
2026-07-30 20:39:56,mapir-ffmpeg,28.38%,171.1MiB / 30.66GiB,0.54%,0B / 0B,0B / 1.5MB,33
2026-07-30 20:39:56,nav2,5.74%,206.9MiB / 30.66GiB,0.66%,0B / 0B,0B / 1.47MB,93
2026-07-30 20:39:56,glim,81.40%,493.5MiB / 30.66GiB,1.57%,0B / 0B,0B / 11.6MB,37
2026-07-30 20:40:00,foxglove,11.44%,479.6MiB / 30.66GiB,1.53%,0B / 0B,0B / 3.39MB,31
2026-07-30 20:40:00,docker-recorder-run-c43348258146,0.00%,10.29MiB / 30.66GiB,0.03%,0B / 0B,0B / 9.52MB,1
2026-07-30 20:40:00,ouster,7.52%,121.6MiB / 30.66GiB,0.39%,0B / 0B,131kB / 2.85MB,29
2026-07-30 20:40:00,scovox,60.71%,317.3MiB / 30.66GiB,1.01%,0B / 0B,0B / 5.31MB,53
2026-07-30 20:40:00,openzen,2.54%,34.15MiB / 30.66GiB,0.11%,0B / 0B,0B / 2.15MB,20
2026-07-30 20:40:00,trav_ros2,102.40%,387MiB / 30.66GiB,1.23%,0B / 0B,0B / 14.2MB,44
2026-07-30 20:40:00,realsense,17.14%,94.76MiB / 30.66GiB,0.30%,0B / 0B,0B / 3.2MB,33
2026-07-30 20:40:00,mapir-ffmpeg,28.59%,171.1MiB / 30.66GiB,0.54%,0B / 0B,0B / 1.51MB,33
2026-07-30 20:40:00,nav2,6.13%,207.6MiB / 30.66GiB,0.66%,0B / 0B,0B / 1.47MB,93
2026-07-30 20:40:00,glim,82.71%,493.6MiB / 30.66GiB,1.57%,0B / 0B,0B / 11.6MB,37
2026-07-30 20:40:03,foxglove,11.51%,479.8MiB / 30.66GiB,1.53%,0B / 0B,0B / 3.39MB,31
2026-07-30 20:40:03,docker-recorder-run-c43348258146,0.00%,10.29MiB / 30.66GiB,0.03%,0B / 0B,0B / 9.52MB,1
2026-07-30 20:40:03,ouster,7.35%,121.7MiB / 30.66GiB,0.39%,0B / 0B,131kB / 2.85MB,29
2026-07-30 20:40:03,scovox,83.88%,283MiB / 30.66GiB,0.90%,0B / 0B,0B / 5.31MB,53
2026-07-30 20:40:03,openzen,2.49%,33.9MiB / 30.66GiB,0.11%,0B / 0B,0B / 2.15MB,20
2026-07-30 20:40:03,trav_ros2,101.91%,426.2MiB / 30.66GiB,1.36%,0B / 0B,0B / 14.2MB,44
2026-07-30 20:40:03,realsense,17.12%,94.75MiB / 30.66GiB,0.30%,0B / 0B,0B / 3.2MB,33
2026-07-30 20:40:03,mapir-ffmpeg,28.33%,171.1MiB / 30.66GiB,0.54%,0B / 0B,0B / 1.51MB,33
2026-07-30 20:40:03,nav2,5.66%,206.6MiB / 30.66GiB,0.66%,0B / 0B,0B / 1.47MB,93
2026-07-30 20:40:03,glim,79.85%,494.3MiB / 30.66GiB,1.57%,0B / 0B,0B / 11.6MB,37
2026-07-30 20:40:06,foxglove,11.26%,480.2MiB / 30.66GiB,1.53%,0B / 0B,0B / 3.39MB,31
2026-07-30 20:40:06,docker-recorder-run-c43348258146,0.00%,10.29MiB / 30.66GiB,0.03%,0B / 0B,0B / 9.52MB,1
2026-07-30 20:40:06,ouster,7.30%,121.3MiB / 30.66GiB,0.39%,0B / 0B,131kB / 2.85MB,29
2026-07-30 20:40:06,scovox,61.93%,324MiB / 30.66GiB,1.03%,0B / 0B,0B / 5.31MB,53
2026-07-30 20:40:06,openzen,2.48%,34.15MiB / 30.66GiB,0.11%,0B / 0B,0B / 2.15MB,20
2026-07-30 20:40:06,trav_ros2,101.23%,386.2MiB / 30.66GiB,1.23%,0B / 0B,0B / 14.2MB,44
2026-07-30 20:40:06,realsense,17.01%,94.51MiB / 30.66GiB,0.30%,0B / 0B,0B / 3.2MB,33
2026-07-30 20:40:06,mapir-ffmpeg,28.37%,171.6MiB / 30.66GiB,0.55%,0B / 0B,0B / 1.51MB,33
2026-07-30 20:40:06,nav2,5.63%,206.6MiB / 30.66GiB,0.66%,0B / 0B,0B / 1.47MB,93
2026-07-30 20:40:06,glim,81.02%,494.5MiB / 30.66GiB,1.57%,0B / 0B,0B / 11.6MB,37
2026-07-30 20:40:09,foxglove,11.62%,479.6MiB / 30.66GiB,1.53%,0B / 0B,0B / 3.39MB,31
2026-07-30 20:40:09,docker-recorder-run-c43348258146,0.00%,10.29MiB / 30.66GiB,0.03%,0B / 0B,0B / 9.52MB,1
2026-07-30 20:40:09,ouster,7.96%,121.4MiB / 30.66GiB,0.39%,0B / 0B,131kB / 2.85MB,29
2026-07-30 20:40:09,scovox,79.19%,283.2MiB / 30.66GiB,0.90%,0B / 0B,0B / 5.31MB,53
2026-07-30 20:40:09,openzen,2.66%,33.9MiB / 30.66GiB,0.11%,0B / 0B,0B / 2.15MB,20
2026-07-30 20:40:09,trav_ros2,102.15%,390.2MiB / 30.66GiB,1.24%,0B / 0B,0B / 14.2MB,44
2026-07-30 20:40:09,realsense,16.85%,94.51MiB / 30.66GiB,0.30%,0B / 0B,0B / 3.2MB,33
2026-07-30 20:40:09,mapir-ffmpeg,29.21%,171.3MiB / 30.66GiB,0.55%,0B / 0B,0B / 1.51MB,33
2026-07-30 20:40:09,nav2,5.96%,207MiB / 30.66GiB,0.66%,0B / 0B,0B / 1.47MB,93
2026-07-30 20:40:09,glim,82.38%,494.2MiB / 30.66GiB,1.57%,0B / 0B,0B / 11.6MB,37
2026-07-30 20:40:12,foxglove,10.86%,488.2MiB / 30.66GiB,1.55%,0B / 0B,0B / 3.39MB,31
2026-07-30 20:40:12,docker-recorder-run-c43348258146,0.00%,10.29MiB / 30.66GiB,0.03%,0B / 0B,0B / 9.52MB,1
2026-07-30 20:40:12,ouster,7.39%,121.5MiB / 30.66GiB,0.39%,0B / 0B,131kB / 2.85MB,29
2026-07-30 20:40:12,scovox,83.49%,283.2MiB / 30.66GiB,0.90%,0B / 0B,0B / 5.31MB,53
2026-07-30 20:40:12,openzen,2.69%,33.9MiB / 30.66GiB,0.11%,0B / 0B,0B / 2.15MB,20
2026-07-30 20:40:12,trav_ros2,101.21%,381.4MiB / 30.66GiB,1.21%,0B / 0B,0B / 14.2MB,44
2026-07-30 20:40:12,realsense,16.85%,94.76MiB / 30.66GiB,0.30%,0B / 0B,0B / 3.2MB,33
2026-07-30 20:40:12,mapir-ffmpeg,28.30%,171.1MiB / 30.66GiB,0.54%,0B / 0B,0B / 1.51MB,33
2026-07-30 20:40:12,nav2,5.96%,206.9MiB / 30.66GiB,0.66%,0B / 0B,0B / 1.47MB,93
2026-07-30 20:40:12,glim,78.68%,494.7MiB / 30.66GiB,1.58%,0B / 0B,0B / 11.6MB,37
2026-07-30 20:40:15,foxglove,11.64%,487.9MiB / 30.66GiB,1.55%,0B / 0B,0B / 3.39MB,31
2026-07-30 20:40:15,docker-recorder-run-c43348258146,0.00%,10.29MiB / 30.66GiB,0.03%,0B / 0B,0B / 9.52MB,1
2026-07-30 20:40:15,ouster,7.54%,121.6MiB / 30.66GiB,0.39%,0B / 0B,131kB / 2.85MB,29
2026-07-30 20:40:15,scovox,70.21%,309.1MiB / 30.66GiB,0.98%,0B / 0B,0B / 5.39MB,53
2026-07-30 20:40:15,openzen,2.73%,33.9MiB / 30.66GiB,0.11%,0B / 0B,0B / 2.15MB,20
2026-07-30 20:40:15,trav_ros2,101.21%,383.8MiB / 30.66GiB,1.22%,0B / 0B,0B / 14.2MB,44
2026-07-30 20:40:15,realsense,16.75%,94.51MiB / 30.66GiB,0.30%,0B / 0B,0B / 3.2MB,33
2026-07-30 20:40:15,mapir-ffmpeg,28.47%,171.1MiB / 30.66GiB,0.54%,0B / 0B,0B / 1.51MB,33
2026-07-30 20:40:15,nav2,6.08%,206.9MiB / 30.66GiB,0.66%,0B / 0B,0B / 1.47MB,93
2026-07-30 20:40:15,glim,80.99%,494.6MiB / 30.66GiB,1.58%,0B / 0B,0B / 11.6MB,37
2026-07-30 20:40:18,foxglove,11.08%,480MiB / 30.66GiB,1.53%,0B / 0B,0B / 3.39MB,31
2026-07-30 20:40:18,docker-recorder-run-c43348258146,0.00%,10.29MiB / 30.66GiB,0.03%,0B / 0B,0B / 9.52MB,1
2026-07-30 20:40:18,ouster,8.04%,121.3MiB / 30.66GiB,0.39%,0B / 0B,131kB / 2.85MB,29
2026-07-30 20:40:18,scovox,76.54%,283.9MiB / 30.66GiB,0.90%,0B / 0B,0B / 5.39MB,53
2026-07-30 20:40:18,openzen,2.80%,33.9MiB / 30.66GiB,0.11%,0B / 0B,0B / 2.15MB,20
2026-07-30 20:40:18,trav_ros2,100.97%,388.9MiB / 30.66GiB,1.24%,0B / 0B,0B / 14.2MB,44
2026-07-30 20:40:18,realsense,16.78%,94.75MiB / 30.66GiB,0.30%,0B / 0B,0B / 3.2MB,33
2026-07-30 20:40:18,mapir-ffmpeg,28.85%,171.1MiB / 30.66GiB,0.54%,0B / 0B,0B / 1.51MB,33
2026-07-30 20:40:18,nav2,5.94%,206.9MiB / 30.66GiB,0.66%,0B / 0B,0B / 1.47MB,93
2026-07-30 20:40:18,glim,81.42%,495.8MiB / 30.66GiB,1.58%,0B / 0B,0B / 11.6MB,37
2026-07-30 20:40:22,foxglove,10.81%,479.9MiB / 30.66GiB,1.53%,0B / 0B,0B / 3.39MB,31
2026-07-30 20:40:22,docker-recorder-run-c43348258146,0.00%,10.29MiB / 30.66GiB,0.03%,0B / 0B,0B / 9.52MB,1
2026-07-30 20:40:22,ouster,7.54%,121.5MiB / 30.66GiB,0.39%,0B / 0B,131kB / 2.85MB,29
2026-07-30 20:40:22,scovox,64.22%,314.8MiB / 30.66GiB,1.00%,0B / 0B,0B / 5.39MB,53
2026-07-30 20:40:22,openzen,2.80%,33.9MiB / 30.66GiB,0.11%,0B / 0B,0B / 2.15MB,20
2026-07-30 20:40:22,trav_ros2,101.27%,376.3MiB / 30.66GiB,1.20%,0B / 0B,0B / 14.2MB,44
2026-07-30 20:40:22,realsense,17.02%,94.51MiB / 30.66GiB,0.30%,0B / 0B,0B / 3.2MB,33
2026-07-30 20:40:22,mapir-ffmpeg,29.56%,171.1MiB / 30.66GiB,0.54%,0B / 0B,0B / 1.51MB,33
2026-07-30 20:40:22,nav2,5.95%,206.8MiB / 30.66GiB,0.66%,0B / 0B,0B / 1.47MB,93
2026-07-30 20:40:22,glim,81.45%,495.5MiB / 30.66GiB,1.58%,0B / 0B,0B / 11.6MB,37
2026-07-30 20:40:25,foxglove,11.51%,480MiB / 30.66GiB,1.53%,0B / 0B,0B / 3.39MB,31
2026-07-30 20:40:25,docker-recorder-run-c43348258146,0.00%,10.29MiB / 30.66GiB,0.03%,0B / 0B,0B / 9.52MB,1
2026-07-30 20:40:25,ouster,7.81%,121.8MiB / 30.66GiB,0.39%,0B / 0B,131kB / 2.85MB,29
2026-07-30 20:40:25,scovox,87.37%,283.2MiB / 30.66GiB,0.90%,0B / 0B,0B / 5.39MB,53
2026-07-30 20:40:25,openzen,2.59%,33.9MiB / 30.66GiB,0.11%,0B / 0B,0B / 2.15MB,20
2026-07-30 20:40:25,trav_ros2,101.71%,379.9MiB / 30.66GiB,1.21%,0B / 0B,0B / 14.2MB,44
2026-07-30 20:40:25,realsense,17.24%,94.51MiB / 30.66GiB,0.30%,0B / 0B,0B / 3.2MB,33
2026-07-30 20:40:25,mapir-ffmpeg,29.73%,171.8MiB / 30.66GiB,0.55%,0B / 0B,0B / 1.51MB,33
2026-07-30 20:40:25,nav2,6.35%,207.1MiB / 30.66GiB,0.66%,0B / 0B,0B / 1.47MB,93
2026-07-30 20:40:25,glim,79.26%,495.8MiB / 30.66GiB,1.58%,0B / 0B,0B / 11.6MB,37
2026-07-30 20:40:28,foxglove,11.91%,479.9MiB / 30.66GiB,1.53%,0B / 0B,0B / 3.39MB,31
2026-07-30 20:40:28,docker-recorder-run-c43348258146,0.00%,10.29MiB / 30.66GiB,0.03%,0B / 0B,0B / 9.52MB,1
2026-07-30 20:40:28,ouster,8.12%,121.4MiB / 30.66GiB,0.39%,0B / 0B,131kB / 2.85MB,29
2026-07-30 20:40:28,scovox,56.17%,321.3MiB / 30.66GiB,1.02%,0B / 0B,0B / 5.39MB,53
2026-07-30 20:40:28,openzen,2.54%,33.9MiB / 30.66GiB,0.11%,0B / 0B,0B / 2.15MB,20
2026-07-30 20:40:28,trav_ros2,101.77%,380.4MiB / 30.66GiB,1.21%,0B / 0B,0B / 14.2MB,44
2026-07-30 20:40:28,realsense,17.83%,94.76MiB / 30.66GiB,0.30%,0B / 0B,0B / 3.2MB,33
2026-07-30 20:40:28,mapir-ffmpeg,29.96%,171.1MiB / 30.66GiB,0.54%,0B / 0B,0B / 1.51MB,33
2026-07-30 20:40:28,nav2,5.67%,206.6MiB / 30.66GiB,0.66%,0B / 0B,0B / 1.47MB,93
2026-07-30 20:40:28,glim,78.26%,496.4MiB / 30.66GiB,1.58%,0B / 0B,0B / 11.6MB,37
2026-07-30 20:40:31,foxglove,11.09%,480.1MiB / 30.66GiB,1.53%,0B / 0B,0B / 3.39MB,31
2026-07-30 20:40:31,docker-recorder-run-c43348258146,0.00%,10.29MiB / 30.66GiB,0.03%,0B / 0B,0B / 9.52MB,1
2026-07-30 20:40:31,ouster,7.66%,121.3MiB / 30.66GiB,0.39%,0B / 0B,131kB / 2.85MB,29
2026-07-30 20:40:31,scovox,77.35%,283.1MiB / 30.66GiB,0.90%,0B / 0B,0B / 5.4MB,53
2026-07-30 20:40:31,openzen,2.72%,34.15MiB / 30.66GiB,0.11%,0B / 0B,0B / 2.15MB,20
2026-07-30 20:40:31,trav_ros2,101.20%,386.7MiB / 30.66GiB,1.23%,0B / 0B,0B / 14.2MB,44
2026-07-30 20:40:31,realsense,17.35%,94.51MiB / 30.66GiB,0.30%,0B / 0B,0B / 3.2MB,33
2026-07-30 20:40:31,mapir-ffmpeg,30.03%,171.3MiB / 30.66GiB,0.55%,0B / 0B,0B / 1.51MB,33
2026-07-30 20:40:31,nav2,5.94%,206.6MiB / 30.66GiB,0.66%,0B / 0B,0B / 1.47MB,93
2026-07-30 20:40:31,glim,82.60%,496.1MiB / 30.66GiB,1.58%,0B / 0B,0B / 11.6MB,37
2026-07-30 20:40:34,foxglove,11.38%,479.9MiB / 30.66GiB,1.53%,0B / 0B,0B / 3.39MB,31
2026-07-30 20:40:34,docker-recorder-run-c43348258146,0.00%,10.29MiB / 30.66GiB,0.03%,0B / 0B,0B / 9.52MB,1
2026-07-30 20:40:34,ouster,7.05%,122.2MiB / 30.66GiB,0.39%,0B / 0B,131kB / 2.85MB,29
2026-07-30 20:40:34,scovox,61.65%,325.2MiB / 30.66GiB,1.04%,0B / 0B,0B / 5.4MB,53
2026-07-30 20:40:34,openzen,2.45%,33.9MiB / 30.66GiB,0.11%,0B / 0B,0B / 2.15MB,20
2026-07-30 20:40:34,trav_ros2,100.54%,381.8MiB / 30.66GiB,1.22%,0B / 0B,0B / 14.2MB,44
2026-07-30 20:40:34,realsense,16.52%,94.51MiB / 30.66GiB,0.30%,0B / 0B,0B / 3.2MB,33
2026-07-30 20:40:34,mapir-ffmpeg,28.28%,171.3MiB / 30.66GiB,0.55%,0B / 0B,0B / 1.52MB,33
2026-07-30 20:40:34,nav2,5.94%,206.9MiB / 30.66GiB,0.66%,0B / 0B,0B / 1.49MB,93
2026-07-30 20:40:34,glim,76.08%,497.7MiB / 30.66GiB,1.58%,0B / 0B,0B / 11.6MB,37
2026-07-30 20:40:37,foxglove,11.34%,487.7MiB / 30.66GiB,1.55%,0B / 0B,0B / 3.39MB,31
2026-07-30 20:40:37,docker-recorder-run-c43348258146,0.00%,10.29MiB / 30.66GiB,0.03%,0B / 0B,0B / 9.52MB,1
2026-07-30 20:40:37,ouster,7.36%,121.3MiB / 30.66GiB,0.39%,0B / 0B,131kB / 2.85MB,29
2026-07-30 20:40:37,scovox,66.87%,283.3MiB / 30.66GiB,0.90%,0B / 0B,0B / 5.4MB,53
2026-07-30 20:40:37,openzen,2.64%,33.9MiB / 30.66GiB,0.11%,0B / 0B,0B / 2.15MB,20
2026-07-30 20:40:37,trav_ros2,100.81%,389.6MiB / 30.66GiB,1.24%,0B / 0B,0B / 14.2MB,44
2026-07-30 20:40:37,realsense,16.98%,94.51MiB / 30.66GiB,0.30%,0B / 0B,0B / 3.2MB,33
2026-07-30 20:40:37,mapir-ffmpeg,28.69%,170.8MiB / 30.66GiB,0.54%,0B / 0B,0B / 1.52MB,33
2026-07-30 20:40:37,nav2,5.98%,206.9MiB / 30.66GiB,0.66%,0B / 0B,0B / 1.49MB,93
2026-07-30 20:40:37,glim,77.43%,497.7MiB / 30.66GiB,1.59%,0B / 0B,0B / 11.6MB,37
2026-07-30 20:40:40,foxglove,11.83%,487.7MiB / 30.66GiB,1.55%,0B / 0B,0B / 3.39MB,31
2026-07-30 20:40:40,docker-recorder-run-c43348258146,0.00%,10.29MiB / 30.66GiB,0.03%,0B / 0B,0B / 9.52MB,1
2026-07-30 20:40:40,ouster,7.66%,121.3MiB / 30.66GiB,0.39%,0B / 0B,131kB / 2.85MB,29
2026-07-30 20:40:40,scovox,59.44%,307.8MiB / 30.66GiB,0.98%,0B / 0B,0B / 5.4MB,53
2026-07-30 20:40:40,openzen,2.70%,33.9MiB / 30.66GiB,0.11%,0B / 0B,0B / 2.15MB,20
2026-07-30 20:40:40,trav_ros2,101.79%,386.4MiB / 30.66GiB,1.23%,0B / 0B,0B / 14.2MB,44
2026-07-30 20:40:40,realsense,14.95%,94.76MiB / 30.66GiB,0.30%,0B / 0B,0B / 3.2MB,33
2026-07-30 20:40:40,mapir-ffmpeg,29.00%,170.8MiB / 30.66GiB,0.54%,0B / 0B,0B / 1.52MB,33
2026-07-30 20:40:40,nav2,5.89%,206.6MiB / 30.66GiB,0.66%,0B / 0B,0B / 1.49MB,93
2026-07-30 20:40:40,glim,82.07%,498.3MiB / 30.66GiB,1.59%,0B / 0B,0B / 11.6MB,37
2026-07-30 20:40:43,foxglove,11.32%,480.2MiB / 30.66GiB,1.53%,0B / 0B,0B / 3.39MB,31
2026-07-30 20:40:43,docker-recorder-run-c43348258146,0.00%,10.29MiB / 30.66GiB,0.03%,0B / 0B,0B / 9.52MB,1
2026-07-30 20:40:43,ouster,6.99%,121.3MiB / 30.66GiB,0.39%,0B / 0B,131kB / 2.85MB,29
2026-07-30 20:40:43,scovox,49.33%,283.2MiB / 30.66GiB,0.90%,0B / 0B,0B / 5.4MB,53
2026-07-30 20:40:43,openzen,2.54%,33.9MiB / 30.66GiB,0.11%,0B / 0B,0B / 2.15MB,20
2026-07-30 20:40:43,trav_ros2,101.39%,385.6MiB / 30.66GiB,1.23%,0B / 0B,0B / 14.2MB,44
2026-07-30 20:40:43,realsense,15.44%,94.51MiB / 30.66GiB,0.30%,0B / 0B,0B / 3.2MB,33
2026-07-30 20:40:43,mapir-ffmpeg,29.44%,170.8MiB / 30.66GiB,0.54%,0B / 0B,0B / 1.52MB,33
2026-07-30 20:40:43,nav2,6.02%,199.1MiB / 30.66GiB,0.63%,0B / 0B,0B / 1.49MB,93
2026-07-30 20:40:43,glim,80.03%,498.2MiB / 30.66GiB,1.59%,0B / 0B,0B / 11.6MB,37
2026-07-30 20:40:47,foxglove,12.39%,487.5MiB / 30.66GiB,1.55%,0B / 0B,0B / 3.39MB,31
2026-07-30 20:40:47,docker-recorder-run-c43348258146,0.00%,10.29MiB / 30.66GiB,0.03%,0B / 0B,0B / 9.52MB,1
2026-07-30 20:40:47,ouster,7.63%,121.8MiB / 30.66GiB,0.39%,0B / 0B,131kB / 2.85MB,29
2026-07-30 20:40:47,scovox,67.28%,283.4MiB / 30.66GiB,0.90%,0B / 0B,0B / 5.4MB,53
2026-07-30 20:40:47,openzen,2.55%,34.15MiB / 30.66GiB,0.11%,0B / 0B,0B / 2.15MB,20
2026-07-30 20:40:47,trav_ros2,101.63%,386.7MiB / 30.66GiB,1.23%,0B / 0B,0B / 14.2MB,44
2026-07-30 20:40:47,realsense,15.92%,94.76MiB / 30.66GiB,0.30%,0B / 0B,0B / 3.2MB,33
2026-07-30 20:40:47,mapir-ffmpeg,29.63%,171.3MiB / 30.66GiB,0.55%,0B / 0B,0B / 1.52MB,33
2026-07-30 20:40:47,nav2,5.73%,206.7MiB / 30.66GiB,0.66%,0B / 0B,0B / 1.49MB,93
2026-07-30 20:40:47,glim,85.50%,523.9MiB / 30.66GiB,1.67%,0B / 0B,0B / 11.6MB,37
2026-07-30 20:40:50,foxglove,10.92%,479.9MiB / 30.66GiB,1.53%,0B / 0B,0B / 3.39MB,31
2026-07-30 20:40:50,docker-recorder-run-c43348258146,0.00%,10.29MiB / 30.66GiB,0.03%,0B / 0B,0B / 9.52MB,1
2026-07-30 20:40:50,ouster,7.20%,121.7MiB / 30.66GiB,0.39%,0B / 0B,131kB / 2.85MB,29
2026-07-30 20:40:50,scovox,55.99%,316.5MiB / 30.66GiB,1.01%,0B / 0B,0B / 5.4MB,53
2026-07-30 20:40:50,openzen,2.63%,33.9MiB / 30.66GiB,0.11%,0B / 0B,0B / 2.15MB,20
2026-07-30 20:40:50,trav_ros2,101.70%,386.3MiB / 30.66GiB,1.23%,0B / 0B,0B / 14.2MB,44
2026-07-30 20:40:50,realsense,16.13%,95MiB / 30.66GiB,0.30%,0B / 0B,0B / 3.2MB,33
2026-07-30 20:40:50,mapir-ffmpeg,28.98%,170.8MiB / 30.66GiB,0.54%,0B / 0B,0B / 1.52MB,33
2026-07-30 20:40:50,nav2,6.03%,199.2MiB / 30.66GiB,0.63%,0B / 0B,0B / 1.49MB,93
2026-07-30 20:40:50,glim,78.42%,527.5MiB / 30.66GiB,1.68%,0B / 0B,0B / 11.6MB,37
2026-07-30 20:40:53,foxglove,10.53%,479.9MiB / 30.66GiB,1.53%,0B / 0B,0B / 3.39MB,31
2026-07-30 20:40:53,docker-recorder-run-c43348258146,0.00%,10.29MiB / 30.66GiB,0.03%,0B / 0B,0B / 9.52MB,1
2026-07-30 20:40:53,ouster,7.25%,121.4MiB / 30.66GiB,0.39%,0B / 0B,131kB / 2.85MB,29
2026-07-30 20:40:53,scovox,75.44%,282.9MiB / 30.66GiB,0.90%,0B / 0B,0B / 5.5MB,53
2026-07-30 20:40:53,openzen,2.60%,33.9MiB / 30.66GiB,0.11%,0B / 0B,0B / 2.15MB,20
2026-07-30 20:40:53,trav_ros2,101.91%,388.9MiB / 30.66GiB,1.24%,0B / 0B,0B / 14.2MB,44
2026-07-30 20:40:53,realsense,16.27%,94.76MiB / 30.66GiB,0.30%,0B / 0B,0B / 3.2MB,33
2026-07-30 20:40:53,mapir-ffmpeg,28.68%,171.1MiB / 30.66GiB,0.54%,0B / 0B,0B / 1.52MB,33
2026-07-30 20:40:53,nav2,5.51%,199.1MiB / 30.66GiB,0.63%,0B / 0B,0B / 1.49MB,93
2026-07-30 20:40:53,glim,78.56%,493.9MiB / 30.66GiB,1.57%,0B / 0B,0B / 11.6MB,37
2026-07-30 20:40:56,foxglove,12.58%,488.1MiB / 30.66GiB,1.55%,0B / 0B,0B / 3.39MB,31
2026-07-30 20:40:56,docker-recorder-run-c43348258146,0.00%,10.29MiB / 30.66GiB,0.03%,0B / 0B,0B / 9.52MB,1
2026-07-30 20:40:56,ouster,7.44%,121.6MiB / 30.66GiB,0.39%,0B / 0B,131kB / 2.85MB,29
2026-07-30 20:40:56,scovox,78.40%,282.9MiB / 30.66GiB,0.90%,0B / 0B,0B / 5.5MB,53
2026-07-30 20:40:56,openzen,2.83%,33.9MiB / 30.66GiB,0.11%,0B / 0B,0B / 2.15MB,20
2026-07-30 20:40:56,trav_ros2,100.88%,386.3MiB / 30.66GiB,1.23%,0B / 0B,0B / 14.2MB,44
2026-07-30 20:40:56,realsense,16.05%,94.76MiB / 30.66GiB,0.30%,0B / 0B,0B / 3.2MB,33
2026-07-30 20:40:56,mapir-ffmpeg,28.77%,171.1MiB / 30.66GiB,0.54%,0B / 0B,0B / 1.52MB,33
2026-07-30 20:40:56,nav2,5.86%,206.6MiB / 30.66GiB,0.66%,0B / 0B,0B / 1.49MB,93
2026-07-30 20:40:56,glim,77.43%,494.9MiB / 30.66GiB,1.58%,0B / 0B,0B / 11.6MB,37
2026-07-30 20:40:59,foxglove,12.04%,488.4MiB / 30.66GiB,1.56%,0B / 0B,0B / 3.39MB,31
2026-07-30 20:40:59,docker-recorder-run-c43348258146,0.00%,10.29MiB / 30.66GiB,0.03%,0B / 0B,0B / 9.52MB,1
2026-07-30 20:40:59,ouster,7.01%,121.3MiB / 30.66GiB,0.39%,0B / 0B,131kB / 2.85MB,29
2026-07-30 20:40:59,scovox,65.45%,283.2MiB / 30.66GiB,0.90%,0B / 0B,0B / 5.5MB,53
2026-07-30 20:40:59,openzen,2.42%,33.9MiB / 30.66GiB,0.11%,0B / 0B,0B / 2.15MB,20
2026-07-30 20:40:59,trav_ros2,99.37%,380.3MiB / 30.66GiB,1.21%,0B / 0B,0B / 14.2MB,44
2026-07-30 20:40:59,realsense,15.56%,94.76MiB / 30.66GiB,0.30%,0B / 0B,0B / 3.2MB,33
2026-07-30 20:40:59,mapir-ffmpeg,28.28%,170.8MiB / 30.66GiB,0.54%,0B / 0B,0B / 1.52MB,33
2026-07-30 20:40:59,nav2,5.77%,206.8MiB / 30.66GiB,0.66%,0B / 0B,0B / 1.49MB,93
2026-07-30 20:40:59,glim,80.67%,495.1MiB / 30.66GiB,1.58%,0B / 0B,0B / 11.6MB,37
2026-07-30 20:41:02,foxglove,11.84%,487.8MiB / 30.66GiB,1.55%,0B / 0B,0B / 3.39MB,31
2026-07-30 20:41:02,docker-recorder-run-c43348258146,0.00%,10.29MiB / 30.66GiB,0.03%,0B / 0B,0B / 9.52MB,1
2026-07-30 20:41:02,ouster,7.25%,121.6MiB / 30.66GiB,0.39%,0B / 0B,131kB / 2.85MB,29
2026-07-30 20:41:02,scovox,69.46%,283.4MiB / 30.66GiB,0.90%,0B / 0B,0B / 5.5MB,53
2026-07-30 20:41:02,openzen,2.57%,33.9MiB / 30.66GiB,0.11%,0B / 0B,0B / 2.15MB,20
2026-07-30 20:41:02,trav_ros2,101.59%,386.7MiB / 30.66GiB,1.23%,0B / 0B,0B / 14.2MB,44
2026-07-30 20:41:02,realsense,15.84%,94.51MiB / 30.66GiB,0.30%,0B / 0B,0B / 3.2MB,33
2026-07-30 20:41:02,mapir-ffmpeg,28.32%,170.8MiB / 30.66GiB,0.54%,0B / 0B,0B / 1.52MB,33
2026-07-30 20:41:02,nav2,5.86%,206.9MiB / 30.66GiB,0.66%,0B / 0B,0B / 1.49MB,93
2026-07-30 20:41:02,glim,77.89%,494.8MiB / 30.66GiB,1.58%,0B / 0B,0B / 11.6MB,37
2026-07-30 20:41:05,foxglove,12.20%,487.9MiB / 30.66GiB,1.55%,0B / 0B,0B / 3.39MB,31
2026-07-30 20:41:05,docker-recorder-run-c43348258146,0.00%,10.29MiB / 30.66GiB,0.03%,0B / 0B,0B / 9.52MB,1
2026-07-30 20:41:05,ouster,7.31%,121.9MiB / 30.66GiB,0.39%,0B / 0B,131kB / 2.85MB,29
2026-07-30 20:41:05,scovox,64.06%,308.6MiB / 30.66GiB,0.98%,0B / 0B,0B / 5.5MB,53
2026-07-30 20:41:05,openzen,2.47%,33.9MiB / 30.66GiB,0.11%,0B / 0B,0B / 2.15MB,20
2026-07-30 20:41:05,trav_ros2,102.43%,388.2MiB / 30.66GiB,1.24%,0B / 0B,0B / 14.2MB,44
2026-07-30 20:41:05,realsense,16.05%,94.51MiB / 30.66GiB,0.30%,0B / 0B,0B / 3.2MB,33
2026-07-30 20:41:05,mapir-ffmpeg,29.33%,170.8MiB / 30.66GiB,0.54%,0B / 0B,0B / 1.52MB,33
2026-07-30 20:41:05,nav2,6.07%,206.6MiB / 30.66GiB,0.66%,0B / 0B,0B / 1.49MB,93
2026-07-30 20:41:05,glim,76.86%,495.9MiB / 30.66GiB,1.58%,0B / 0B,0B / 11.6MB,37
2026-07-30 20:41:09,foxglove,11.78%,488.7MiB / 30.66GiB,1.56%,0B / 0B,0B / 3.39MB,31
2026-07-30 20:41:09,docker-recorder-run-c43348258146,0.00%,10.29MiB / 30.66GiB,0.03%,0B / 0B,0B / 9.52MB,1
2026-07-30 20:41:09,ouster,7.30%,121.4MiB / 30.66GiB,0.39%,0B / 0B,131kB / 2.85MB,29
2026-07-30 20:41:09,scovox,65.99%,283.4MiB / 30.66GiB,0.90%,0B / 0B,0B / 5.51MB,53
2026-07-30 20:41:09,openzen,2.53%,33.9MiB / 30.66GiB,0.11%,0B / 0B,0B / 2.15MB,20
2026-07-30 20:41:09,trav_ros2,101.61%,404.3MiB / 30.66GiB,1.29%,0B / 0B,0B / 14.2MB,44
2026-07-30 20:41:09,realsense,16.10%,94.51MiB / 30.66GiB,0.30%,0B / 0B,0B / 3.2MB,33
2026-07-30 20:41:09,mapir-ffmpeg,29.05%,170.8MiB / 30.66GiB,0.54%,0B / 0B,0B / 1.53MB,33
2026-07-30 20:41:09,nav2,6.32%,206.9MiB / 30.66GiB,0.66%,0B / 0B,0B / 1.51MB,93
2026-07-30 20:41:09,glim,78.37%,496.1MiB / 30.66GiB,1.58%,0B / 0B,0B / 11.6MB,37
2026-07-30 20:41:12,foxglove,12.00%,488.1MiB / 30.66GiB,1.55%,0B / 0B,0B / 3.39MB,31
2026-07-30 20:41:12,docker-recorder-run-c43348258146,0.00%,10.29MiB / 30.66GiB,0.03%,0B / 0B,0B / 9.52MB,1
2026-07-30 20:41:12,ouster,7.35%,121.6MiB / 30.66GiB,0.39%,0B / 0B,131kB / 2.85MB,29
2026-07-30 20:41:12,scovox,49.12%,309.7MiB / 30.66GiB,0.99%,0B / 0B,0B / 5.51MB,53
2026-07-30 20:41:12,openzen,2.75%,33.9MiB / 30.66GiB,0.11%,0B / 0B,0B / 2.15MB,20
2026-07-30 20:41:12,trav_ros2,100.89%,386.6MiB / 30.66GiB,1.23%,0B / 0B,0B / 14.2MB,44
2026-07-30 20:41:12,realsense,15.42%,94.51MiB / 30.66GiB,0.30%,0B / 0B,0B / 3.2MB,33
2026-07-30 20:41:12,mapir-ffmpeg,28.53%,171.1MiB / 30.66GiB,0.54%,0B / 0B,0B / 1.53MB,33
2026-07-30 20:41:12,nav2,6.64%,208.9MiB / 30.66GiB,0.67%,0B / 0B,0B / 1.51MB,93
2026-07-30 20:41:12,glim,77.66%,496.3MiB / 30.66GiB,1.58%,0B / 0B,0B / 11.6MB,37
2026-07-30 20:41:15,foxglove,12.92%,487.7MiB / 30.66GiB,1.55%,0B / 0B,0B / 3.39MB,31
2026-07-30 20:41:15,docker-recorder-run-c43348258146,0.00%,10.29MiB / 30.66GiB,0.03%,0B / 0B,0B / 9.52MB,1
2026-07-30 20:41:15,ouster,7.53%,121.5MiB / 30.66GiB,0.39%,0B / 0B,131kB / 2.85MB,29
2026-07-30 20:41:15,scovox,69.47%,283.7MiB / 30.66GiB,0.90%,0B / 0B,0B / 5.51MB,53
2026-07-30 20:41:15,openzen,2.54%,33.9MiB / 30.66GiB,0.11%,0B / 0B,0B / 2.15MB,20
2026-07-30 20:41:15,trav_ros2,101.61%,387.2MiB / 30.66GiB,1.23%,0B / 0B,0B / 14.2MB,44
2026-07-30 20:41:15,realsense,15.46%,94.75MiB / 30.66GiB,0.30%,0B / 0B,0B / 3.2MB,33
2026-07-30 20:41:15,mapir-ffmpeg,28.94%,171.1MiB / 30.66GiB,0.54%,0B / 0B,0B / 1.53MB,33
2026-07-30 20:41:15,nav2,6.10%,206.8MiB / 30.66GiB,0.66%,0B / 0B,0B / 1.51MB,93
2026-07-30 20:41:15,glim,78.30%,496.5MiB / 30.66GiB,1.58%,0B / 0B,0B / 11.6MB,37
2026-07-30 20:41:18,foxglove,12.06%,488.1MiB / 30.66GiB,1.55%,0B / 0B,0B / 3.39MB,31
2026-07-30 20:41:18,docker-recorder-run-c43348258146,0.00%,10.29MiB / 30.66GiB,0.03%,0B / 0B,0B / 9.52MB,1
2026-07-30 20:41:18,ouster,7.27%,121.5MiB / 30.66GiB,0.39%,0B / 0B,131kB / 2.85MB,29
2026-07-30 20:41:18,scovox,60.25%,321MiB / 30.66GiB,1.02%,0B / 0B,0B / 5.51MB,53
2026-07-30 20:41:18,openzen,2.45%,33.9MiB / 30.66GiB,0.11%,0B / 0B,0B / 2.15MB,20
2026-07-30 20:41:18,trav_ros2,100.86%,385.7MiB / 30.66GiB,1.23%,0B / 0B,0B / 14.2MB,44
2026-07-30 20:41:18,realsense,17.16%,94.75MiB / 30.66GiB,0.30%,0B / 0B,0B / 3.2MB,33
2026-07-30 20:41:18,mapir-ffmpeg,29.27%,171.1MiB / 30.66GiB,0.54%,0B / 0B,0B / 1.53MB,33
2026-07-30 20:41:18,nav2,5.82%,206.7MiB / 30.66GiB,0.66%,0B / 0B,0B / 1.51MB,93
2026-07-30 20:41:18,glim,76.06%,496.8MiB / 30.66GiB,1.58%,0B / 0B,0B / 11.6MB,37
2026-07-30 20:41:21,foxglove,12.50%,487.6MiB / 30.66GiB,1.55%,0B / 0B,0B / 3.39MB,31
2026-07-30 20:41:21,docker-recorder-run-c43348258146,0.00%,10.29MiB / 30.66GiB,0.03%,0B / 0B,0B / 9.52MB,1
2026-07-30 20:41:21,ouster,7.55%,121MiB / 30.66GiB,0.39%,0B / 0B,131kB / 2.85MB,29
2026-07-30 20:41:21,scovox,79.47%,283.4MiB / 30.66GiB,0.90%,0B / 0B,0B / 5.51MB,53
2026-07-30 20:41:21,openzen,2.56%,33.9MiB / 30.66GiB,0.11%,0B / 0B,0B / 2.15MB,20
2026-07-30 20:41:21,trav_ros2,101.58%,389.9MiB / 30.66GiB,1.24%,0B / 0B,0B / 14.2MB,44
2026-07-30 20:41:21,realsense,17.35%,95MiB / 30.66GiB,0.30%,0B / 0B,0B / 3.2MB,33
2026-07-30 20:41:21,mapir-ffmpeg,29.03%,171.3MiB / 30.66GiB,0.55%,0B / 0B,0B / 1.53MB,33
2026-07-30 20:41:21,nav2,6.18%,207.3MiB / 30.66GiB,0.66%,0B / 0B,0B / 1.51MB,93
2026-07-30 20:41:21,glim,78.77%,497.9MiB / 30.66GiB,1.59%,0B / 0B,0B / 11.6MB,37
2026-07-30 20:41:24,foxglove,12.23%,487.7MiB / 30.66GiB,1.55%,0B / 0B,0B / 3.39MB,31
2026-07-30 20:41:24,docker-recorder-run-c43348258146,0.00%,10.29MiB / 30.66GiB,0.03%,0B / 0B,0B / 9.52MB,1
2026-07-30 20:41:24,ouster,7.07%,121.5MiB / 30.66GiB,0.39%,0B / 0B,131kB / 2.85MB,29
2026-07-30 20:41:24,scovox,69.94%,324.4MiB / 30.66GiB,1.03%,0B / 0B,0B / 5.59MB,53
2026-07-30 20:41:24,openzen,2.43%,33.9MiB / 30.66GiB,0.11%,0B / 0B,0B / 2.15MB,20
2026-07-30 20:41:24,trav_ros2,101.95%,389.9MiB / 30.66GiB,1.24%,0B / 0B,0B / 14.2MB,44
2026-07-30 20:41:24,realsense,17.15%,94.76MiB / 30.66GiB,0.30%,0B / 0B,0B / 3.2MB,33
2026-07-30 20:41:24,mapir-ffmpeg,29.09%,171.1MiB / 30.66GiB,0.54%,0B / 0B,0B / 1.53MB,33
2026-07-30 20:41:24,nav2,6.30%,206.4MiB / 30.66GiB,0.66%,0B / 0B,0B / 1.51MB,93
2026-07-30 20:41:24,glim,78.33%,498.1MiB / 30.66GiB,1.59%,0B / 0B,0B / 11.6MB,37
2026-07-30 20:41:27,foxglove,11.97%,479.4MiB / 30.66GiB,1.53%,0B / 0B,0B / 3.39MB,31
2026-07-30 20:41:27,docker-recorder-run-c43348258146,0.00%,10.29MiB / 30.66GiB,0.03%,0B / 0B,0B / 9.52MB,1
2026-07-30 20:41:27,ouster,7.30%,121.4MiB / 30.66GiB,0.39%,0B / 0B,131kB / 2.85MB,29
2026-07-30 20:41:27,scovox,73.55%,307.7MiB / 30.66GiB,0.98%,0B / 0B,0B / 5.59MB,53
2026-07-30 20:41:27,openzen,2.50%,33.9MiB / 30.66GiB,0.11%,0B / 0B,0B / 2.15MB,20
2026-07-30 20:41:27,trav_ros2,101.91%,387.7MiB / 30.66GiB,1.23%,0B / 0B,0B / 14.2MB,44
2026-07-30 20:41:27,realsense,15.92%,94.76MiB / 30.66GiB,0.30%,0B / 0B,0B / 3.2MB,33
2026-07-30 20:41:27,mapir-ffmpeg,30.04%,171.1MiB / 30.66GiB,0.54%,0B / 0B,0B / 1.53MB,33
2026-07-30 20:41:27,nav2,5.91%,199MiB / 30.66GiB,0.63%,0B / 0B,0B / 1.51MB,93
2026-07-30 20:41:27,glim,77.58%,498.2MiB / 30.66GiB,1.59%,0B / 0B,0B / 11.6MB,37
2026-07-30 20:41:30,foxglove,12.58%,487.8MiB / 30.66GiB,1.55%,0B / 0B,0B / 3.39MB,31
2026-07-30 20:41:30,docker-recorder-run-c43348258146,0.00%,10.29MiB / 30.66GiB,0.03%,0B / 0B,0B / 9.52MB,1
2026-07-30 20:41:30,ouster,7.37%,121.3MiB / 30.66GiB,0.39%,0B / 0B,131kB / 2.85MB,29
2026-07-30 20:41:30,scovox,78.29%,283.6MiB / 30.66GiB,0.90%,0B / 0B,0B / 5.59MB,53
2026-07-30 20:41:30,openzen,2.59%,34.4MiB / 30.66GiB,0.11%,0B / 0B,0B / 2.15MB,20
2026-07-30 20:41:30,trav_ros2,102.07%,380.8MiB / 30.66GiB,1.21%,0B / 0B,0B / 14.2MB,44
2026-07-30 20:41:30,realsense,16.50%,94.51MiB / 30.66GiB,0.30%,0B / 0B,0B / 3.2MB,33
2026-07-30 20:41:30,mapir-ffmpeg,29.34%,171.3MiB / 30.66GiB,0.55%,0B / 0B,0B / 1.53MB,33
2026-07-30 20:41:30,nav2,6.39%,207.3MiB / 30.66GiB,0.66%,0B / 0B,0B / 1.51MB,93
2026-07-30 20:41:30,glim,77.52%,498.2MiB / 30.66GiB,1.59%,0B / 0B,0B / 11.6MB,37
2026-07-30 20:41:34,foxglove,12.35%,487.9MiB / 30.66GiB,1.55%,0B / 0B,0B / 3.39MB,31
2026-07-30 20:41:34,docker-recorder-run-c43348258146,0.00%,10.29MiB / 30.66GiB,0.03%,0B / 0B,0B / 9.52MB,1
2026-07-30 20:41:34,ouster,7.02%,121.4MiB / 30.66GiB,0.39%,0B / 0B,131kB / 2.85MB,29
2026-07-30 20:41:34,scovox,51.67%,310.7MiB / 30.66GiB,0.99%,0B / 0B,0B / 5.59MB,53
2026-07-30 20:41:34,openzen,2.68%,33.9MiB / 30.66GiB,0.11%,0B / 0B,0B / 2.15MB,20
2026-07-30 20:41:34,trav_ros2,101.46%,381MiB / 30.66GiB,1.21%,0B / 0B,0B / 14.2MB,44
2026-07-30 20:41:34,realsense,15.85%,94.51MiB / 30.66GiB,0.30%,0B / 0B,0B / 3.2MB,33
2026-07-30 20:41:34,mapir-ffmpeg,29.26%,171.1MiB / 30.66GiB,0.54%,0B / 0B,0B / 1.53MB,33
2026-07-30 20:41:34,nav2,6.25%,206.9MiB / 30.66GiB,0.66%,0B / 0B,0B / 1.51MB,93
2026-07-30 20:41:34,glim,78.83%,498.9MiB / 30.66GiB,1.59%,0B / 0B,0B / 11.6MB,37
2026-07-30 20:41:37,foxglove,12.26%,487.6MiB / 30.66GiB,1.55%,0B / 0B,0B / 3.39MB,31
2026-07-30 20:41:37,docker-recorder-run-c43348258146,0.00%,10.29MiB / 30.66GiB,0.03%,0B / 0B,0B / 9.52MB,1
2026-07-30 20:41:37,ouster,7.38%,121.5MiB / 30.66GiB,0.39%,0B / 0B,131kB / 2.85MB,29
2026-07-30 20:41:37,scovox,71.30%,283.3MiB / 30.66GiB,0.90%,0B / 0B,0B / 5.59MB,53
2026-07-30 20:41:37,openzen,2.57%,34.15MiB / 30.66GiB,0.11%,0B / 0B,0B / 2.15MB,20
2026-07-30 20:41:37,trav_ros2,100.66%,386.7MiB / 30.66GiB,1.23%,0B / 0B,0B / 14.2MB,44
2026-07-30 20:41:37,realsense,15.79%,94.51MiB / 30.66GiB,0.30%,0B / 0B,0B / 3.2MB,33
2026-07-30 20:41:37,mapir-ffmpeg,29.35%,171.6MiB / 30.66GiB,0.55%,0B / 0B,0B / 1.53MB,33
2026-07-30 20:41:37,nav2,6.57%,206.9MiB / 30.66GiB,0.66%,0B / 0B,0B / 1.51MB,93
2026-07-30 20:41:37,glim,72.67%,499.2MiB / 30.66GiB,1.59%,0B / 0B,0B / 11.6MB,37
2026-07-30 20:41:40,foxglove,12.11%,488MiB / 30.66GiB,1.55%,0B / 0B,0B / 3.39MB,31
2026-07-30 20:41:40,docker-recorder-run-c43348258146,0.00%,10.29MiB / 30.66GiB,0.03%,0B / 0B,0B / 9.52MB,1
2026-07-30 20:41:40,ouster,7.38%,121.5MiB / 30.66GiB,0.39%,0B / 0B,131kB / 2.85MB,29
2026-07-30 20:41:40,scovox,55.83%,318.7MiB / 30.66GiB,1.01%,0B / 0B,0B / 5.59MB,53
2026-07-30 20:41:40,openzen,2.27%,33.9MiB / 30.66GiB,0.11%,0B / 0B,0B / 2.15MB,20
2026-07-30 20:41:40,trav_ros2,101.08%,390.8MiB / 30.66GiB,1.24%,0B / 0B,0B / 14.2MB,44
2026-07-30 20:41:40,realsense,16.35%,94.51MiB / 30.66GiB,0.30%,0B / 0B,0B / 3.2MB,33
2026-07-30 20:41:40,mapir-ffmpeg,28.95%,171MiB / 30.66GiB,0.54%,0B / 0B,0B / 1.53MB,33
2026-07-30 20:41:40,nav2,6.22%,206.9MiB / 30.66GiB,0.66%,0B / 0B,0B / 1.51MB,93
2026-07-30 20:41:40,glim,75.30%,498.7MiB / 30.66GiB,1.59%,0B / 0B,0B / 11.6MB,37
2026-07-30 20:41:43,foxglove,12.26%,488MiB / 30.66GiB,1.55%,0B / 0B,0B / 3.39MB,31
2026-07-30 20:41:43,docker-recorder-run-c43348258146,0.00%,10.29MiB / 30.66GiB,0.03%,0B / 0B,0B / 9.52MB,1
2026-07-30 20:41:43,ouster,7.11%,121.2MiB / 30.66GiB,0.39%,0B / 0B,131kB / 2.85MB,29
2026-07-30 20:41:43,scovox,80.53%,283.2MiB / 30.66GiB,0.90%,0B / 0B,0B / 5.6MB,53
2026-07-30 20:41:43,openzen,2.45%,33.9MiB / 30.66GiB,0.11%,0B / 0B,0B / 2.15MB,20
2026-07-30 20:41:43,trav_ros2,101.66%,385.7MiB / 30.66GiB,1.23%,0B / 0B,0B / 14.2MB,44
2026-07-30 20:41:43,realsense,16.37%,94.76MiB / 30.66GiB,0.30%,0B / 0B,0B / 3.2MB,33
2026-07-30 20:41:43,mapir-ffmpeg,29.20%,171.3MiB / 30.66GiB,0.55%,0B / 0B,0B / 1.54MB,33
2026-07-30 20:41:43,nav2,6.12%,206.9MiB / 30.66GiB,0.66%,0B / 0B,0B / 1.53MB,93
2026-07-30 20:41:43,glim,77.34%,500.2MiB / 30.66GiB,1.59%,0B / 0B,0B / 11.6MB,37
2026-07-30 20:41:46,foxglove,11.70%,479.6MiB / 30.66GiB,1.53%,0B / 0B,0B / 3.39MB,31
2026-07-30 20:41:46,docker-recorder-run-c43348258146,0.00%,10.29MiB / 30.66GiB,0.03%,0B / 0B,0B / 9.52MB,1
2026-07-30 20:41:46,ouster,7.12%,121.3MiB / 30.66GiB,0.39%,0B / 0B,131kB / 2.85MB,29
2026-07-30 20:41:46,scovox,63.52%,322.9MiB / 30.66GiB,1.03%,0B / 0B,0B / 5.6MB,53
2026-07-30 20:41:46,openzen,2.41%,34.65MiB / 30.66GiB,0.11%,0B / 0B,0B / 2.15MB,20
2026-07-30 20:41:46,trav_ros2,101.25%,385.6MiB / 30.66GiB,1.23%,0B / 0B,0B / 14.2MB,44
2026-07-30 20:41:46,realsense,16.85%,95.5MiB / 30.66GiB,0.30%,0B / 0B,0B / 3.2MB,33
2026-07-30 20:41:46,mapir-ffmpeg,28.35%,171.3MiB / 30.66GiB,0.55%,0B / 0B,0B / 1.54MB,33
2026-07-30 20:41:46,nav2,6.29%,206.9MiB / 30.66GiB,0.66%,0B / 0B,0B / 1.53MB,93
2026-07-30 20:41:46,glim,75.74%,499.8MiB / 30.66GiB,1.59%,0B / 0B,0B / 11.6MB,37
2026-07-30 20:41:49,foxglove,12.45%,487.5MiB / 30.66GiB,1.55%,0B / 0B,0B / 3.39MB,31
2026-07-30 20:41:49,docker-recorder-run-c43348258146,0.00%,10.29MiB / 30.66GiB,0.03%,0B / 0B,0B / 9.52MB,1
2026-07-30 20:41:49,ouster,7.14%,121.3MiB / 30.66GiB,0.39%,0B / 0B,131kB / 2.85MB,29
2026-07-30 20:41:49,scovox,68.28%,283.7MiB / 30.66GiB,0.90%,0B / 0B,0B / 5.6MB,53
2026-07-30 20:41:49,openzen,2.58%,34.15MiB / 30.66GiB,0.11%,0B / 0B,0B / 2.15MB,20
2026-07-30 20:41:49,trav_ros2,101.95%,386.6MiB / 30.66GiB,1.23%,0B / 0B,0B / 14.2MB,44
2026-07-30 20:41:49,realsense,16.33%,95MiB / 30.66GiB,0.30%,0B / 0B,0B / 3.2MB,33
2026-07-30 20:41:49,mapir-ffmpeg,28.82%,171MiB / 30.66GiB,0.54%,0B / 0B,0B / 1.54MB,33
2026-07-30 20:41:49,nav2,6.05%,206.7MiB / 30.66GiB,0.66%,0B / 0B,0B / 1.53MB,93
2026-07-30 20:41:49,glim,76.54%,500.5MiB / 30.66GiB,1.59%,0B / 0B,0B / 11.6MB,37
2026-07-30 20:41:52,foxglove,11.59%,479.8MiB / 30.66GiB,1.53%,0B / 0B,0B / 3.39MB,31
2026-07-30 20:41:52,docker-recorder-run-c43348258146,0.00%,10.29MiB / 30.66GiB,0.03%,0B / 0B,0B / 9.52MB,1
2026-07-30 20:41:52,ouster,7.60%,121.8MiB / 30.66GiB,0.39%,0B / 0B,131kB / 2.85MB,29
2026-07-30 20:41:52,scovox,72.79%,283.2MiB / 30.66GiB,0.90%,0B / 0B,0B / 5.6MB,53
2026-07-30 20:41:52,openzen,2.73%,34.15MiB / 30.66GiB,0.11%,0B / 0B,0B / 2.15MB,20
2026-07-30 20:41:52,trav_ros2,101.41%,386.9MiB / 30.66GiB,1.23%,0B / 0B,0B / 14.2MB,44
2026-07-30 20:41:52,realsense,16.61%,95.25MiB / 30.66GiB,0.30%,0B / 0B,0B / 3.2MB,33
2026-07-30 20:41:52,mapir-ffmpeg,29.31%,171.1MiB / 30.66GiB,0.54%,0B / 0B,0B / 1.54MB,33
2026-07-30 20:41:52,nav2,6.41%,199.9MiB / 30.66GiB,0.64%,0B / 0B,0B / 1.53MB,93
2026-07-30 20:41:52,glim,76.61%,500.4MiB / 30.66GiB,1.59%,0B / 0B,0B / 11.6MB,37
2026-07-30 20:41:55,foxglove,12.63%,488MiB / 30.66GiB,1.55%,0B / 0B,0B / 3.39MB,31
2026-07-30 20:41:55,docker-recorder-run-c43348258146,0.00%,10.29MiB / 30.66GiB,0.03%,0B / 0B,0B / 9.52MB,1
2026-07-30 20:41:55,ouster,7.16%,121.4MiB / 30.66GiB,0.39%,0B / 0B,131kB / 2.85MB,29
2026-07-30 20:41:55,scovox,53.81%,310MiB / 30.66GiB,0.99%,0B / 0B,0B / 5.6MB,53
2026-07-30 20:41:55,openzen,2.55%,34.4MiB / 30.66GiB,0.11%,0B / 0B,0B / 2.15MB,20
2026-07-30 20:41:55,trav_ros2,101.07%,383.3MiB / 30.66GiB,1.22%,0B / 0B,0B / 14.2MB,44
2026-07-30 20:41:55,realsense,16.70%,95.25MiB / 30.66GiB,0.30%,0B / 0B,0B / 3.2MB,33
2026-07-30 20:41:55,mapir-ffmpeg,28.72%,171MiB / 30.66GiB,0.54%,0B / 0B,0B / 1.54MB,33
2026-07-30 20:41:55,nav2,5.98%,206.4MiB / 30.66GiB,0.66%,0B / 0B,0B / 1.53MB,93
2026-07-30 20:41:55,glim,77.15%,500.6MiB / 30.66GiB,1.59%,0B / 0B,0B / 11.6MB,37
2026-07-30 20:41:59,foxglove,12.30%,487.5MiB / 30.66GiB,1.55%,0B / 0B,0B / 3.39MB,31
2026-07-30 20:41:59,docker-recorder-run-c43348258146,0.00%,10.29MiB / 30.66GiB,0.03%,0B / 0B,0B / 9.52MB,1
2026-07-30 20:41:59,ouster,7.39%,121.5MiB / 30.66GiB,0.39%,0B / 0B,131kB / 2.85MB,29
2026-07-30 20:41:59,scovox,73.63%,282.9MiB / 30.66GiB,0.90%,0B / 0B,0B / 5.69MB,53
2026-07-30 20:41:59,openzen,2.45%,34.15MiB / 30.66GiB,0.11%,0B / 0B,0B / 2.15MB,20
2026-07-30 20:41:59,trav_ros2,100.91%,385.6MiB / 30.66GiB,1.23%,0B / 0B,0B / 14.2MB,44
2026-07-30 20:41:59,realsense,16.66%,94.75MiB / 30.66GiB,0.30%,0B / 0B,0B / 3.2MB,33
2026-07-30 20:41:59,mapir-ffmpeg,28.65%,171MiB / 30.66GiB,0.54%,0B / 0B,0B / 1.54MB,33
2026-07-30 20:41:59,nav2,5.93%,206.4MiB / 30.66GiB,0.66%,0B / 0B,0B / 1.53MB,93
2026-07-30 20:41:59,glim,75.08%,501.2MiB / 30.66GiB,1.60%,0B / 0B,0B / 11.6MB,37
2026-07-30 20:42:02,foxglove,12.05%,487.4MiB / 30.66GiB,1.55%,0B / 0B,0B / 3.39MB,31
2026-07-30 20:42:02,docker-recorder-run-c43348258146,0.00%,10.29MiB / 30.66GiB,0.03%,0B / 0B,0B / 9.52MB,1
2026-07-30 20:42:02,ouster,7.50%,121.5MiB / 30.66GiB,0.39%,0B / 0B,131kB / 2.85MB,29
2026-07-30 20:42:02,scovox,54.23%,313.5MiB / 30.66GiB,1.00%,0B / 0B,0B / 5.69MB,53
2026-07-30 20:42:02,openzen,2.39%,34.15MiB / 30.66GiB,0.11%,0B / 0B,0B / 2.15MB,20
2026-07-30 20:42:02,trav_ros2,101.45%,390MiB / 30.66GiB,1.24%,0B / 0B,0B / 14.2MB,44
2026-07-30 20:42:02,realsense,16.94%,94.51MiB / 30.66GiB,0.30%,0B / 0B,0B / 3.2MB,33
2026-07-30 20:42:02,mapir-ffmpeg,29.71%,171MiB / 30.66GiB,0.54%,0B / 0B,0B / 1.54MB,33
2026-07-30 20:42:02,nav2,6.11%,206.8MiB / 30.66GiB,0.66%,0B / 0B,0B / 1.53MB,93
2026-07-30 20:42:02,glim,74.86%,501.5MiB / 30.66GiB,1.60%,0B / 0B,0B / 11.6MB,37
2026-07-30 20:42:05,foxglove,11.88%,479.5MiB / 30.66GiB,1.53%,0B / 0B,0B / 3.39MB,31
2026-07-30 20:42:05,docker-recorder-run-c43348258146,0.00%,10.29MiB / 30.66GiB,0.03%,0B / 0B,0B / 9.52MB,1
2026-07-30 20:42:05,ouster,7.36%,121.4MiB / 30.66GiB,0.39%,0B / 0B,131kB / 2.85MB,29
2026-07-30 20:42:05,scovox,82.80%,283.6MiB / 30.66GiB,0.90%,0B / 0B,0B / 5.69MB,53
2026-07-30 20:42:05,openzen,2.27%,34.15MiB / 30.66GiB,0.11%,0B / 0B,0B / 2.15MB,20
2026-07-30 20:42:05,trav_ros2,101.95%,385.6MiB / 30.66GiB,1.23%,0B / 0B,0B / 14.2MB,44
2026-07-30 20:42:05,realsense,17.13%,94.76MiB / 30.66GiB,0.30%,0B / 0B,0B / 3.2MB,33
2026-07-30 20:42:05,mapir-ffmpeg,29.87%,171MiB / 30.66GiB,0.54%,0B / 0B,0B / 1.54MB,33
2026-07-30 20:42:05,nav2,5.63%,206.7MiB / 30.66GiB,0.66%,0B / 0B,0B / 1.53MB,93
2026-07-30 20:42:05,glim,78.69%,501.4MiB / 30.66GiB,1.60%,0B / 0B,0B / 11.6MB,37
2026-07-30 20:42:08,foxglove,13.03%,479.7MiB / 30.66GiB,1.53%,0B / 0B,0B / 3.39MB,31
2026-07-30 20:42:08,docker-recorder-run-c43348258146,0.00%,10.29MiB / 30.66GiB,0.03%,0B / 0B,0B / 9.52MB,1
2026-07-30 20:42:08,ouster,7.44%,121.5MiB / 30.66GiB,0.39%,0B / 0B,131kB / 2.85MB,29
2026-07-30 20:42:08,scovox,59.11%,320.5MiB / 30.66GiB,1.02%,0B / 0B,0B / 5.69MB,53
2026-07-30 20:42:08,openzen,2.65%,34.15MiB / 30.66GiB,0.11%,0B / 0B,0B / 2.15MB,20
2026-07-30 20:42:08,trav_ros2,102.31%,382.3MiB / 30.66GiB,1.22%,0B / 0B,0B / 14.2MB,44
2026-07-30 20:42:08,realsense,17.57%,94.76MiB / 30.66GiB,0.30%,0B / 0B,0B / 3.2MB,33
2026-07-30 20:42:08,mapir-ffmpeg,29.75%,171MiB / 30.66GiB,0.54%,0B / 0B,0B / 1.54MB,33
2026-07-30 20:42:08,nav2,6.31%,207.4MiB / 30.66GiB,0.66%,0B / 0B,0B / 1.53MB,93
2026-07-30 20:42:08,glim,76.81%,502.3MiB / 30.66GiB,1.60%,0B / 0B,0B / 11.6MB,37
2026-07-30 20:42:11,foxglove,12.60%,488.4MiB / 30.66GiB,1.56%,0B / 0B,0B / 3.39MB,31
2026-07-30 20:42:11,docker-recorder-run-c43348258146,0.00%,10.29MiB / 30.66GiB,0.03%,0B / 0B,0B / 9.52MB,1
2026-07-30 20:42:11,ouster,7.18%,121.9MiB / 30.66GiB,0.39%,0B / 0B,131kB / 2.85MB,29
2026-07-30 20:42:11,scovox,71.34%,283.2MiB / 30.66GiB,0.90%,0B / 0B,0B / 5.69MB,53
2026-07-30 20:42:11,openzen,2.55%,34.15MiB / 30.66GiB,0.11%,0B / 0B,0B / 2.15MB,20
2026-07-30 20:42:11,trav_ros2,102.12%,385.5MiB / 30.66GiB,1.23%,0B / 0B,0B / 14.2MB,44
2026-07-30 20:42:11,realsense,16.56%,94.76MiB / 30.66GiB,0.30%,0B / 0B,0B / 3.2MB,33
2026-07-30 20:42:11,mapir-ffmpeg,29.88%,171.5MiB / 30.66GiB,0.55%,0B / 0B,0B / 1.54MB,33
2026-07-30 20:42:11,nav2,5.96%,206.9MiB / 30.66GiB,0.66%,0B / 0B,0B / 1.53MB,93
2026-07-30 20:42:11,glim,76.13%,502.6MiB / 30.66GiB,1.60%,0B / 0B,0B / 11.6MB,37
2026-07-30 20:42:14,foxglove,12.76%,487.4MiB / 30.66GiB,1.55%,0B / 0B,0B / 3.39MB,31
2026-07-30 20:42:14,docker-recorder-run-c43348258146,0.00%,10.29MiB / 30.66GiB,0.03%,0B / 0B,0B / 9.52MB,1
2026-07-30 20:42:14,ouster,7.32%,121.7MiB / 30.66GiB,0.39%,0B / 0B,131kB / 2.85MB,29
2026-07-30 20:42:14,scovox,67.43%,283.5MiB / 30.66GiB,0.90%,0B / 0B,0B / 5.69MB,53
2026-07-30 20:42:14,openzen,2.39%,34.15MiB / 30.66GiB,0.11%,0B / 0B,0B / 2.15MB,20
2026-07-30 20:42:14,trav_ros2,101.60%,386.2MiB / 30.66GiB,1.23%,0B / 0B,0B / 14.2MB,44
2026-07-30 20:42:14,realsense,16.94%,94.76MiB / 30.66GiB,0.30%,0B / 0B,0B / 3.2MB,33
2026-07-30 20:42:14,mapir-ffmpeg,29.17%,171.3MiB / 30.66GiB,0.55%,0B / 0B,0B / 1.54MB,33
2026-07-30 20:42:14,nav2,5.73%,206.7MiB / 30.66GiB,0.66%,0B / 0B,0B / 1.53MB,93
2026-07-30 20:42:14,glim,77.75%,503.5MiB / 30.66GiB,1.60%,0B / 0B,0B / 11.6MB,37
2026-07-30 20:42:17,foxglove,12.07%,487.6MiB / 30.66GiB,1.55%,0B / 0B,0B / 3.39MB,31
2026-07-30 20:42:17,docker-recorder-run-c43348258146,0.00%,10.29MiB / 30.66GiB,0.03%,0B / 0B,0B / 9.52MB,1
2026-07-30 20:42:17,ouster,7.26%,121.7MiB / 30.66GiB,0.39%,0B / 0B,131kB / 2.85MB,29
2026-07-30 20:42:17,scovox,63.16%,309.6MiB / 30.66GiB,0.99%,0B / 0B,0B / 5.69MB,53
2026-07-30 20:42:17,openzen,2.53%,34.15MiB / 30.66GiB,0.11%,0B / 0B,0B / 2.15MB,20
2026-07-30 20:42:17,trav_ros2,101.42%,389.9MiB / 30.66GiB,1.24%,0B / 0B,0B / 14.2MB,44
2026-07-30 20:42:17,realsense,16.51%,94.76MiB / 30.66GiB,0.30%,0B / 0B,0B / 3.2MB,33
2026-07-30 20:42:17,mapir-ffmpeg,29.76%,171.5MiB / 30.66GiB,0.55%,0B / 0B,0B / 1.56MB,33
2026-07-30 20:42:17,nav2,5.94%,207.4MiB / 30.66GiB,0.66%,0B / 0B,0B / 1.54MB,93
2026-07-30 20:42:17,glim,75.33%,502.8MiB / 30.66GiB,1.60%,0B / 0B,0B / 11.6MB,37
2026-07-30 20:42:20,foxglove,12.17%,487.8MiB / 30.66GiB,1.55%,0B / 0B,0B / 3.39MB,31
2026-07-30 20:42:20,docker-recorder-run-c43348258146,0.00%,10.29MiB / 30.66GiB,0.03%,0B / 0B,0B / 9.52MB,1
2026-07-30 20:42:20,ouster,7.09%,121.3MiB / 30.66GiB,0.39%,0B / 0B,131kB / 2.85MB,29
2026-07-30 20:42:20,scovox,79.72%,283.5MiB / 30.66GiB,0.90%,0B / 0B,0B / 5.7MB,53
2026-07-30 20:42:20,openzen,2.53%,34.4MiB / 30.66GiB,0.11%,0B / 0B,0B / 2.15MB,20
2026-07-30 20:42:20,trav_ros2,101.44%,389.8MiB / 30.66GiB,1.24%,0B / 0B,0B / 14.2MB,44
2026-07-30 20:42:20,realsense,16.42%,94.51MiB / 30.66GiB,0.30%,0B / 0B,0B / 3.2MB,33
2026-07-30 20:42:20,mapir-ffmpeg,29.00%,171.3MiB / 30.66GiB,0.55%,0B / 0B,0B / 1.56MB,33
2026-07-30 20:42:20,nav2,5.96%,206.9MiB / 30.66GiB,0.66%,0B / 0B,0B / 1.54MB,93
2026-07-30 20:42:20,glim,77.93%,503.2MiB / 30.66GiB,1.60%,0B / 0B,0B / 11.6MB,37
2026-07-30 20:42:24,foxglove,12.22%,479.8MiB / 30.66GiB,1.53%,0B / 0B,0B / 3.39MB,31
2026-07-30 20:42:24,docker-recorder-run-c43348258146,0.00%,10.29MiB / 30.66GiB,0.03%,0B / 0B,0B / 9.52MB,1
2026-07-30 20:42:24,ouster,7.12%,121.2MiB / 30.66GiB,0.39%,0B / 0B,131kB / 2.85MB,29
2026-07-30 20:42:24,scovox,56.01%,316.1MiB / 30.66GiB,1.01%,0B / 0B,0B / 5.7MB,53
2026-07-30 20:42:24,openzen,2.53%,34.15MiB / 30.66GiB,0.11%,0B / 0B,0B / 2.15MB,20
2026-07-30 20:42:24,trav_ros2,101.47%,386MiB / 30.66GiB,1.23%,0B / 0B,0B / 14.2MB,44
2026-07-30 20:42:24,realsense,16.84%,94.76MiB / 30.66GiB,0.30%,0B / 0B,0B / 3.2MB,33
2026-07-30 20:42:24,mapir-ffmpeg,28.84%,171.1MiB / 30.66GiB,0.54%,0B / 0B,0B / 1.56MB,33
2026-07-30 20:42:24,nav2,6.31%,200.4MiB / 30.66GiB,0.64%,0B / 0B,0B / 1.54MB,93
2026-07-30 20:42:24,glim,77.72%,504MiB / 30.66GiB,1.61%,0B / 0B,0B / 11.6MB,37
2026-07-30 20:42:27,foxglove,11.47%,479.6MiB / 30.66GiB,1.53%,0B / 0B,0B / 3.39MB,31
2026-07-30 20:42:27,docker-recorder-run-c43348258146,0.00%,10.29MiB / 30.66GiB,0.03%,0B / 0B,0B / 9.52MB,1
2026-07-30 20:42:27,ouster,7.12%,121.1MiB / 30.66GiB,0.39%,0B / 0B,131kB / 2.85MB,29
2026-07-30 20:42:27,scovox,80.14%,284MiB / 30.66GiB,0.90%,0B / 0B,0B / 5.7MB,53
2026-07-30 20:42:27,openzen,2.50%,34.15MiB / 30.66GiB,0.11%,0B / 0B,0B / 2.15MB,20
2026-07-30 20:42:27,trav_ros2,101.67%,389.5MiB / 30.66GiB,1.24%,0B / 0B,0B / 14.2MB,44
2026-07-30 20:42:27,realsense,17.29%,94.51MiB / 30.66GiB,0.30%,0B / 0B,0B / 3.2MB,33
2026-07-30 20:42:27,mapir-ffmpeg,28.52%,171.1MiB / 30.66GiB,0.54%,0B / 0B,0B / 1.56MB,33
2026-07-30 20:42:27,nav2,5.58%,199.5MiB / 30.66GiB,0.64%,0B / 0B,0B / 1.54MB,93
2026-07-30 20:42:27,glim,77.33%,504.5MiB / 30.66GiB,1.61%,0B / 0B,0B / 11.6MB,37
2026-07-30 20:42:30,foxglove,11.53%,479.6MiB / 30.66GiB,1.53%,0B / 0B,0B / 3.39MB,31
2026-07-30 20:42:30,docker-recorder-run-c43348258146,0.00%,10.29MiB / 30.66GiB,0.03%,0B / 0B,0B / 9.52MB,1
2026-07-30 20:42:30,ouster,7.33%,121.7MiB / 30.66GiB,0.39%,0B / 0B,131kB / 2.85MB,29
2026-07-30 20:42:30,scovox,80.15%,283.7MiB / 30.66GiB,0.90%,0B / 0B,0B / 5.79MB,53
2026-07-30 20:42:30,openzen,2.28%,34.15MiB / 30.66GiB,0.11%,0B / 0B,0B / 2.15MB,20
2026-07-30 20:42:30,trav_ros2,101.79%,370.3MiB / 30.66GiB,1.18%,0B / 0B,0B / 14.2MB,44
2026-07-30 20:42:30,realsense,16.68%,94.76MiB / 30.66GiB,0.30%,0B / 0B,0B / 3.2MB,33
2026-07-30 20:42:30,mapir-ffmpeg,29.38%,171.1MiB / 30.66GiB,0.54%,0B / 0B,0B / 1.56MB,33
2026-07-30 20:42:30,nav2,5.61%,206.9MiB / 30.66GiB,0.66%,0B / 0B,0B / 1.54MB,93
2026-07-30 20:42:30,glim,81.94%,503.7MiB / 30.66GiB,1.60%,0B / 0B,0B / 11.6MB,37
2026-07-30 20:42:33,foxglove,12.63%,487.8MiB / 30.66GiB,1.55%,0B / 0B,0B / 3.39MB,31
2026-07-30 20:42:33,docker-recorder-run-c43348258146,0.00%,10.29MiB / 30.66GiB,0.03%,0B / 0B,0B / 9.52MB,1
2026-07-30 20:42:33,ouster,7.52%,122.1MiB / 30.66GiB,0.39%,0B / 0B,131kB / 2.85MB,29
2026-07-30 20:42:33,scovox,82.69%,283.1MiB / 30.66GiB,0.90%,0B / 0B,0B / 5.79MB,53
2026-07-30 20:42:33,openzen,2.52%,33.9MiB / 30.66GiB,0.11%,0B / 0B,0B / 2.15MB,20
2026-07-30 20:42:33,trav_ros2,102.22%,431.6MiB / 30.66GiB,1.37%,0B / 0B,0B / 14.3MB,44
2026-07-30 20:42:33,realsense,17.09%,94.51MiB / 30.66GiB,0.30%,0B / 0B,0B / 3.2MB,33
2026-07-30 20:42:33,mapir-ffmpeg,29.97%,171.1MiB / 30.66GiB,0.54%,0B / 0B,0B / 1.56MB,33
2026-07-30 20:42:33,nav2,6.35%,207.4MiB / 30.66GiB,0.66%,0B / 0B,0B / 1.54MB,93
2026-07-30 20:42:33,glim,75.34%,504.5MiB / 30.66GiB,1.61%,0B / 0B,0B / 11.6MB,37
2026-07-30 20:42:36,foxglove,12.35%,487.8MiB / 30.66GiB,1.55%,0B / 0B,0B / 3.39MB,31
2026-07-30 20:42:36,docker-recorder-run-c43348258146,0.00%,10.29MiB / 30.66GiB,0.03%,0B / 0B,0B / 9.52MB,1
2026-07-30 20:42:36,ouster,7.43%,121.5MiB / 30.66GiB,0.39%,0B / 0B,131kB / 2.85MB,29
2026-07-30 20:42:36,scovox,60.63%,323.5MiB / 30.66GiB,1.03%,0B / 0B,0B / 5.79MB,53
2026-07-30 20:42:36,openzen,2.32%,34.4MiB / 30.66GiB,0.11%,0B / 0B,0B / 2.15MB,20
2026-07-30 20:42:36,trav_ros2,101.55%,381MiB / 30.66GiB,1.21%,0B / 0B,0B / 14.3MB,44
2026-07-30 20:42:36,realsense,16.67%,94.76MiB / 30.66GiB,0.30%,0B / 0B,0B / 3.2MB,33
2026-07-30 20:42:36,mapir-ffmpeg,29.19%,171.3MiB / 30.66GiB,0.55%,0B / 0B,0B / 1.56MB,33
2026-07-30 20:42:36,nav2,6.27%,206.9MiB / 30.66GiB,0.66%,0B / 0B,0B / 1.54MB,93
2026-07-30 20:42:36,glim,73.58%,504.9MiB / 30.66GiB,1.61%,0B / 0B,0B / 11.6MB,37
2026-07-30 20:42:39,foxglove,12.15%,487.7MiB / 30.66GiB,1.55%,0B / 0B,0B / 3.39MB,31
2026-07-30 20:42:39,docker-recorder-run-c43348258146,0.00%,10.29MiB / 30.66GiB,0.03%,0B / 0B,0B / 9.52MB,1
2026-07-30 20:42:39,ouster,7.38%,121.5MiB / 30.66GiB,0.39%,0B / 0B,131kB / 2.85MB,29
2026-07-30 20:42:39,scovox,66.16%,282.9MiB / 30.66GiB,0.90%,0B / 0B,0B / 5.79MB,53
2026-07-30 20:42:39,openzen,2.44%,33.9MiB / 30.66GiB,0.11%,0B / 0B,0B / 2.15MB,20
2026-07-30 20:42:39,trav_ros2,101.35%,382.8MiB / 30.66GiB,1.22%,0B / 0B,0B / 14.3MB,44
2026-07-30 20:42:39,realsense,17.27%,94.76MiB / 30.66GiB,0.30%,0B / 0B,0B / 3.2MB,33
2026-07-30 20:42:39,mapir-ffmpeg,29.40%,171.1MiB / 30.66GiB,0.54%,0B / 0B,0B / 1.56MB,33
2026-07-30 20:42:39,nav2,6.40%,206.7MiB / 30.66GiB,0.66%,0B / 0B,0B / 1.54MB,93
2026-07-30 20:42:39,glim,77.37%,505MiB / 30.66GiB,1.61%,0B / 0B,0B / 11.6MB,37
2026-07-30 20:42:42,foxglove,12.07%,487.5MiB / 30.66GiB,1.55%,0B / 0B,0B / 3.39MB,31
2026-07-30 20:42:42,docker-recorder-run-c43348258146,0.00%,10.29MiB / 30.66GiB,0.03%,0B / 0B,0B / 9.52MB,1
2026-07-30 20:42:42,ouster,7.30%,121.6MiB / 30.66GiB,0.39%,0B / 0B,131kB / 2.85MB,29
2026-07-30 20:42:42,scovox,76.42%,284.2MiB / 30.66GiB,0.91%,0B / 0B,0B / 5.79MB,53
2026-07-30 20:42:42,openzen,2.32%,33.9MiB / 30.66GiB,0.11%,0B / 0B,0B / 2.15MB,20
2026-07-30 20:42:42,trav_ros2,101.92%,386MiB / 30.66GiB,1.23%,0B / 0B,0B / 14.3MB,44
2026-07-30 20:42:42,realsense,16.91%,95.01MiB / 30.66GiB,0.30%,0B / 0B,0B / 3.2MB,33
2026-07-30 20:42:42,mapir-ffmpeg,29.34%,171.1MiB / 30.66GiB,0.54%,0B / 0B,0B / 1.56MB,33
2026-07-30 20:42:42,nav2,6.57%,207.3MiB / 30.66GiB,0.66%,0B / 0B,0B / 1.54MB,93
2026-07-30 20:42:42,glim,75.57%,505MiB / 30.66GiB,1.61%,0B / 0B,0B / 11.6MB,37
2026-07-30 20:42:46,foxglove,11.89%,487.8MiB / 30.66GiB,1.55%,0B / 0B,0B / 3.39MB,31
2026-07-30 20:42:46,docker-recorder-run-c43348258146,0.00%,10.29MiB / 30.66GiB,0.03%,0B / 0B,0B / 9.52MB,1
2026-07-30 20:42:46,ouster,7.35%,121.7MiB / 30.66GiB,0.39%,0B / 0B,131kB / 2.85MB,29
2026-07-30 20:42:46,scovox,52.80%,313.3MiB / 30.66GiB,1.00%,0B / 0B,0B / 5.79MB,53
2026-07-30 20:42:46,openzen,2.46%,33.9MiB / 30.66GiB,0.11%,0B / 0B,0B / 2.15MB,20
2026-07-30 20:42:46,trav_ros2,100.76%,389.4MiB / 30.66GiB,1.24%,0B / 0B,0B / 14.3MB,44
2026-07-30 20:42:46,realsense,16.84%,94.51MiB / 30.66GiB,0.30%,0B / 0B,0B / 3.2MB,33
2026-07-30 20:42:46,mapir-ffmpeg,29.57%,171.1MiB / 30.66GiB,0.54%,0B / 0B,0B / 1.56MB,33
2026-07-30 20:42:46,nav2,6.41%,206.7MiB / 30.66GiB,0.66%,0B / 0B,0B / 1.54MB,93
2026-07-30 20:42:46,glim,75.72%,506.4MiB / 30.66GiB,1.61%,0B / 0B,0B / 11.6MB,37
2026-07-30 20:42:49,foxglove,12.64%,487.8MiB / 30.66GiB,1.55%,0B / 0B,0B / 3.39MB,31
2026-07-30 20:42:49,docker-recorder-run-c43348258146,0.00%,10.29MiB / 30.66GiB,0.03%,0B / 0B,0B / 9.52MB,1
2026-07-30 20:42:49,ouster,7.78%,121.3MiB / 30.66GiB,0.39%,0B / 0B,131kB / 2.85MB,29
2026-07-30 20:42:49,scovox,80.81%,283.5MiB / 30.66GiB,0.90%,0B / 0B,0B / 5.8MB,53
2026-07-30 20:42:49,openzen,2.53%,33.9MiB / 30.66GiB,0.11%,0B / 0B,0B / 2.15MB,20
2026-07-30 20:42:49,trav_ros2,101.21%,386.9MiB / 30.66GiB,1.23%,0B / 0B,0B / 14.3MB,44
2026-07-30 20:42:49,realsense,17.14%,94.51MiB / 30.66GiB,0.30%,0B / 0B,0B / 3.2MB,33
2026-07-30 20:42:49,mapir-ffmpeg,29.58%,171.6MiB / 30.66GiB,0.55%,0B / 0B,0B / 1.56MB,33
2026-07-30 20:42:49,nav2,6.78%,208.1MiB / 30.66GiB,0.66%,0B / 0B,0B / 1.54MB,93
2026-07-30 20:42:49,glim,77.36%,506MiB / 30.66GiB,1.61%,0B / 0B,0B / 11.6MB,37
2026-07-30 20:42:52,foxglove,12.12%,479.8MiB / 30.66GiB,1.53%,0B / 0B,0B / 3.39MB,31
2026-07-30 20:42:52,docker-recorder-run-c43348258146,0.00%,10.29MiB / 30.66GiB,0.03%,0B / 0B,0B / 9.52MB,1
2026-07-30 20:42:52,ouster,7.26%,121.5MiB / 30.66GiB,0.39%,0B / 0B,131kB / 2.85MB,29
2026-07-30 20:42:52,scovox,57.18%,317.1MiB / 30.66GiB,1.01%,0B / 0B,0B / 5.8MB,53
2026-07-30 20:42:52,openzen,2.36%,34.15MiB / 30.66GiB,0.11%,0B / 0B,0B / 2.15MB,20
2026-07-30 20:42:52,trav_ros2,101.31%,390.8MiB / 30.66GiB,1.24%,0B / 0B,0B / 14.3MB,44
2026-07-30 20:42:52,realsense,17.28%,94.76MiB / 30.66GiB,0.30%,0B / 0B,0B / 3.2MB,33
2026-07-30 20:42:52,mapir-ffmpeg,29.95%,171.5MiB / 30.66GiB,0.55%,0B / 0B,0B / 1.56MB,33
2026-07-30 20:42:52,nav2,5.49%,199.9MiB / 30.66GiB,0.64%,0B / 0B,0B / 1.56MB,93
2026-07-30 20:42:52,glim,76.70%,506.3MiB / 30.66GiB,1.61%,0B / 0B,0B / 11.6MB,37
2026-07-30 20:42:55,foxglove,11.81%,479.8MiB / 30.66GiB,1.53%,0B / 0B,0B / 3.39MB,31
2026-07-30 20:42:55,docker-recorder-run-c43348258146,0.00%,10.29MiB / 30.66GiB,0.03%,0B / 0B,0B / 9.52MB,1
2026-07-30 20:42:55,ouster,7.00%,121.3MiB / 30.66GiB,0.39%,0B / 0B,131kB / 2.85MB,29
2026-07-30 20:42:55,scovox,84.40%,283.4MiB / 30.66GiB,0.90%,0B / 0B,0B / 5.8MB,53
2026-07-30 20:42:55,openzen,2.33%,33.9MiB / 30.66GiB,0.11%,0B / 0B,0B / 2.15MB,20
2026-07-30 20:42:55,trav_ros2,101.73%,424.6MiB / 30.66GiB,1.35%,0B / 0B,0B / 14.3MB,44
2026-07-30 20:42:55,realsense,16.89%,94.51MiB / 30.66GiB,0.30%,0B / 0B,0B / 3.2MB,33
2026-07-30 20:42:55,mapir-ffmpeg,29.28%,171.1MiB / 30.66GiB,0.54%,0B / 0B,0B / 1.57MB,33
2026-07-30 20:42:55,nav2,5.89%,199.4MiB / 30.66GiB,0.64%,0B / 0B,0B / 1.56MB,93
2026-07-30 20:42:55,glim,78.40%,506.6MiB / 30.66GiB,1.61%,0B / 0B,0B / 11.6MB,37
2026-07-30 20:42:58,foxglove,12.11%,487.7MiB / 30.66GiB,1.55%,0B / 0B,0B / 3.39MB,31
2026-07-30 20:42:58,docker-recorder-run-c43348258146,0.00%,10.29MiB / 30.66GiB,0.03%,0B / 0B,0B / 9.52MB,1
2026-07-30 20:42:58,ouster,7.05%,121.3MiB / 30.66GiB,0.39%,0B / 0B,131kB / 2.85MB,29
2026-07-30 20:42:58,scovox,59.13%,324.5MiB / 30.66GiB,1.03%,0B / 0B,0B / 5.8MB,53
2026-07-30 20:42:58,openzen,2.45%,33.9MiB / 30.66GiB,0.11%,0B / 0B,0B / 2.15MB,20
2026-07-30 20:42:58,trav_ros2,101.71%,386.3MiB / 30.66GiB,1.23%,0B / 0B,0B / 14.3MB,44
2026-07-30 20:42:58,realsense,17.21%,95.01MiB / 30.66GiB,0.30%,0B / 0B,0B / 3.2MB,33
2026-07-30 20:42:58,mapir-ffmpeg,28.87%,171.1MiB / 30.66GiB,0.54%,0B / 0B,0B / 1.57MB,33
2026-07-30 20:42:58,nav2,6.26%,206.9MiB / 30.66GiB,0.66%,0B / 0B,0B / 1.56MB,93
2026-07-30 20:42:58,glim,78.85%,507.3MiB / 30.66GiB,1.62%,0B / 0B,0B / 11.6MB,37
2026-07-30 20:43:01,foxglove,11.86%,487.8MiB / 30.66GiB,1.55%,0B / 0B,0B / 3.39MB,31
2026-07-30 20:43:01,docker-recorder-run-c43348258146,0.00%,10.29MiB / 30.66GiB,0.03%,0B / 0B,0B / 9.52MB,1
2026-07-30 20:43:01,ouster,7.00%,121.6MiB / 30.66GiB,0.39%,0B / 0B,131kB / 2.85MB,29
2026-07-30 20:43:01,scovox,64.42%,284.3MiB / 30.66GiB,0.91%,0B / 0B,0B / 5.88MB,53
2026-07-30 20:43:01,openzen,2.41%,34.15MiB / 30.66GiB,0.11%,0B / 0B,0B / 2.15MB,20
2026-07-30 20:43:01,trav_ros2,100.87%,380.3MiB / 30.66GiB,1.21%,0B / 0B,0B / 14.3MB,44
2026-07-30 20:43:01,realsense,16.58%,94.51MiB / 30.66GiB,0.30%,0B / 0B,0B / 3.2MB,33
2026-07-30 20:43:01,mapir-ffmpeg,29.17%,171.3MiB / 30.66GiB,0.55%,0B / 0B,0B / 1.57MB,33
2026-07-30 20:43:01,nav2,6.16%,206.7MiB / 30.66GiB,0.66%,0B / 0B,0B / 1.56MB,93
2026-07-30 20:43:01,glim,77.09%,508.5MiB / 30.66GiB,1.62%,0B / 0B,0B / 11.6MB,37
2026-07-30 20:43:04,foxglove,12.02%,479.3MiB / 30.66GiB,1.53%,0B / 0B,0B / 3.39MB,31
2026-07-30 20:43:04,docker-recorder-run-c43348258146,0.00%,10.29MiB / 30.66GiB,0.03%,0B / 0B,0B / 9.52MB,1
2026-07-30 20:43:04,ouster,7.31%,121.4MiB / 30.66GiB,0.39%,0B / 0B,131kB / 2.85MB,29
2026-07-30 20:43:04,scovox,69.89%,283.8MiB / 30.66GiB,0.90%,0B / 0B,0B / 5.88MB,53
2026-07-30 20:43:04,openzen,2.65%,33.9MiB / 30.66GiB,0.11%,0B / 0B,0B / 2.15MB,20
2026-07-30 20:43:04,trav_ros2,100.89%,386MiB / 30.66GiB,1.23%,0B / 0B,0B / 14.3MB,44
2026-07-30 20:43:04,realsense,16.67%,94.76MiB / 30.66GiB,0.30%,0B / 0B,0B / 3.2MB,33
2026-07-30 20:43:04,mapir-ffmpeg,30.04%,171.3MiB / 30.66GiB,0.55%,0B / 0B,0B / 1.57MB,33
2026-07-30 20:43:04,nav2,6.57%,207MiB / 30.66GiB,0.66%,0B / 0B,0B / 1.56MB,93
2026-07-30 20:43:04,glim,76.81%,507.1MiB / 30.66GiB,1.62%,0B / 0B,0B / 11.6MB,37
2026-07-30 20:43:07,foxglove,12.35%,488.1MiB / 30.66GiB,1.55%,0B / 0B,0B / 3.39MB,31
2026-07-30 20:43:07,docker-recorder-run-c43348258146,0.00%,10.29MiB / 30.66GiB,0.03%,0B / 0B,0B / 9.52MB,1
2026-07-30 20:43:07,ouster,7.60%,121.8MiB / 30.66GiB,0.39%,0B / 0B,131kB / 2.85MB,29
2026-07-30 20:43:07,scovox,56.69%,311.3MiB / 30.66GiB,0.99%,0B / 0B,0B / 5.88MB,53
2026-07-30 20:43:07,openzen,2.31%,33.9MiB / 30.66GiB,0.11%,0B / 0B,0B / 2.15MB,20
2026-07-30 20:43:07,trav_ros2,101.18%,384.5MiB / 30.66GiB,1.22%,0B / 0B,0B / 14.3MB,44
2026-07-30 20:43:07,realsense,16.57%,95.5MiB / 30.66GiB,0.30%,0B / 0B,0B / 3.2MB,33
2026-07-30 20:43:07,mapir-ffmpeg,29.83%,171.1MiB / 30.66GiB,0.54%,0B / 0B,0B / 1.57MB,33
2026-07-30 20:43:07,nav2,5.93%,206.8MiB / 30.66GiB,0.66%,0B / 0B,0B / 1.56MB,93
2026-07-30 20:43:07,glim,75.08%,508.1MiB / 30.66GiB,1.62%,0B / 0B,0B / 11.6MB,37
2026-07-30 20:43:11,foxglove,12.03%,489.6MiB / 30.66GiB,1.56%,0B / 0B,0B / 3.39MB,31
2026-07-30 20:43:11,docker-recorder-run-c43348258146,0.00%,10.29MiB / 30.66GiB,0.03%,0B / 0B,0B / 9.52MB,1
2026-07-30 20:43:11,ouster,7.09%,121.5MiB / 30.66GiB,0.39%,0B / 0B,131kB / 2.85MB,29
2026-07-30 20:43:11,scovox,82.07%,283.8MiB / 30.66GiB,0.90%,0B / 0B,0B / 5.88MB,53
2026-07-30 20:43:11,openzen,2.38%,34.15MiB / 30.66GiB,0.11%,0B / 0B,0B / 2.15MB,20
2026-07-30 20:43:11,trav_ros2,101.06%,386.1MiB / 30.66GiB,1.23%,0B / 0B,0B / 14.3MB,44
2026-07-30 20:43:11,realsense,16.38%,94.51MiB / 30.66GiB,0.30%,0B / 0B,0B / 3.2MB,33
2026-07-30 20:43:11,mapir-ffmpeg,29.56%,171.1MiB / 30.66GiB,0.54%,0B / 0B,0B / 1.57MB,33
2026-07-30 20:43:11,nav2,6.05%,206.9MiB / 30.66GiB,0.66%,0B / 0B,0B / 1.56MB,93
2026-07-30 20:43:11,glim,77.34%,509MiB / 30.66GiB,1.62%,0B / 0B,0B / 11.6MB,37
2026-07-30 20:43:14,foxglove,11.63%,479.5MiB / 30.66GiB,1.53%,0B / 0B,0B / 3.39MB,31
2026-07-30 20:43:14,docker-recorder-run-c43348258146,0.00%,10.29MiB / 30.66GiB,0.03%,0B / 0B,0B / 9.52MB,1
2026-07-30 20:43:14,ouster,7.04%,121.6MiB / 30.66GiB,0.39%,0B / 0B,131kB / 2.85MB,29
2026-07-30 20:43:14,scovox,58.68%,317MiB / 30.66GiB,1.01%,0B / 0B,0B / 5.88MB,53
2026-07-30 20:43:14,openzen,2.24%,34.39MiB / 30.66GiB,0.11%,0B / 0B,0B / 2.15MB,20
2026-07-30 20:43:14,trav_ros2,101.82%,385.8MiB / 30.66GiB,1.23%,0B / 0B,0B / 14.3MB,44
2026-07-30 20:43:14,realsense,16.66%,95.51MiB / 30.66GiB,0.30%,0B / 0B,0B / 3.2MB,33
2026-07-30 20:43:14,mapir-ffmpeg,29.57%,171.1MiB / 30.66GiB,0.54%,0B / 0B,0B / 1.57MB,33
2026-07-30 20:43:14,nav2,5.53%,207.6MiB / 30.66GiB,0.66%,0B / 0B,0B / 1.56MB,93
2026-07-30 20:43:14,glim,75.21%,508.9MiB / 30.66GiB,1.62%,0B / 0B,0B / 11.6MB,37
2026-07-30 20:43:17,foxglove,11.69%,479.5MiB / 30.66GiB,1.53%,0B / 0B,0B / 3.39MB,31
2026-07-30 20:43:17,docker-recorder-run-c43348258146,0.00%,10.29MiB / 30.66GiB,0.03%,0B / 0B,0B / 9.52MB,1
2026-07-30 20:43:17,ouster,7.38%,121.4MiB / 30.66GiB,0.39%,0B / 0B,131kB / 2.85MB,29
2026-07-30 20:43:17,scovox,77.28%,283.6MiB / 30.66GiB,0.90%,0B / 0B,0B / 5.88MB,53
2026-07-30 20:43:17,openzen,2.42%,33.9MiB / 30.66GiB,0.11%,0B / 0B,0B / 2.15MB,20
2026-07-30 20:43:17,trav_ros2,102.04%,387MiB / 30.66GiB,1.23%,0B / 0B,0B / 14.3MB,44
2026-07-30 20:43:17,realsense,16.61%,94.75MiB / 30.66GiB,0.30%,0B / 0B,0B / 3.2MB,33
2026-07-30 20:43:17,mapir-ffmpeg,29.51%,171.3MiB / 30.66GiB,0.55%,0B / 0B,0B / 1.57MB,33
2026-07-30 20:43:17,nav2,5.61%,206.7MiB / 30.66GiB,0.66%,0B / 0B,0B / 1.56MB,93
2026-07-30 20:43:17,glim,76.46%,509.3MiB / 30.66GiB,1.62%,0B / 0B,0B / 11.6MB,37
2026-07-30 20:43:20,foxglove,12.34%,479.6MiB / 30.66GiB,1.53%,0B / 0B,0B / 3.39MB,31
2026-07-30 20:43:20,docker-recorder-run-c43348258146,0.00%,10.29MiB / 30.66GiB,0.03%,0B / 0B,0B / 9.52MB,1
2026-07-30 20:43:20,ouster,7.41%,121MiB / 30.66GiB,0.39%,0B / 0B,131kB / 2.85MB,29
2026-07-30 20:43:20,scovox,58.10%,319.7MiB / 30.66GiB,1.02%,0B / 0B,0B / 5.88MB,53
2026-07-30 20:43:20,openzen,2.83%,33.9MiB / 30.66GiB,0.11%,0B / 0B,0B / 2.15MB,20
2026-07-30 20:43:20,trav_ros2,102.11%,381.3MiB / 30.66GiB,1.21%,0B / 0B,0B / 14.3MB,44
2026-07-30 20:43:20,realsense,16.93%,95MiB / 30.66GiB,0.30%,0B / 0B,0B / 3.2MB,33
2026-07-30 20:43:20,mapir-ffmpeg,29.68%,171.3MiB / 30.66GiB,0.55%,0B / 0B,0B / 1.57MB,33
2026-07-30 20:43:20,nav2,6.54%,208.6MiB / 30.66GiB,0.66%,0B / 0B,0B / 1.56MB,93
2026-07-30 20:43:20,glim,78.22%,510MiB / 30.66GiB,1.62%,0B / 0B,0B / 11.6MB,37
2026-07-30 20:43:23,foxglove,12.54%,487.8MiB / 30.66GiB,1.55%,0B / 0B,0B / 3.39MB,31
2026-07-30 20:43:23,docker-recorder-run-c43348258146,0.00%,10.29MiB / 30.66GiB,0.03%,0B / 0B,0B / 9.52MB,1
2026-07-30 20:43:23,ouster,7.25%,121.8MiB / 30.66GiB,0.39%,0B / 0B,131kB / 2.85MB,29
2026-07-30 20:43:23,scovox,77.44%,283.9MiB / 30.66GiB,0.90%,0B / 0B,0B / 5.88MB,53
2026-07-30 20:43:23,openzen,2.49%,33.9MiB / 30.66GiB,0.11%,0B / 0B,0B / 2.15MB,20
2026-07-30 20:43:23,trav_ros2,101.88%,386.8MiB / 30.66GiB,1.23%,0B / 0B,0B / 14.3MB,44
2026-07-30 20:43:23,realsense,16.85%,94.75MiB / 30.66GiB,0.30%,0B / 0B,0B / 3.2MB,33
2026-07-30 20:43:23,mapir-ffmpeg,29.61%,171.1MiB / 30.66GiB,0.54%,0B / 0B,0B / 1.57MB,33
2026-07-30 20:43:23,nav2,5.84%,206.7MiB / 30.66GiB,0.66%,0B / 0B,0B / 1.56MB,93
2026-07-30 20:43:23,glim,77.80%,510.4MiB / 30.66GiB,1.63%,0B / 0B,0B / 11.6MB,37
2026-07-30 20:43:26,foxglove,12.33%,487.6MiB / 30.66GiB,1.55%,0B / 0B,0B / 3.39MB,31
2026-07-30 20:43:26,docker-recorder-run-c43348258146,0.00%,10.29MiB / 30.66GiB,0.03%,0B / 0B,0B / 9.52MB,1
2026-07-30 20:43:26,ouster,7.05%,121.4MiB / 30.66GiB,0.39%,0B / 0B,131kB / 2.85MB,29
2026-07-30 20:43:26,scovox,68.78%,322.4MiB / 30.66GiB,1.03%,0B / 0B,0B / 5.89MB,53
2026-07-30 20:43:26,openzen,2.39%,33.9MiB / 30.66GiB,0.11%,0B / 0B,0B / 2.15MB,20
2026-07-30 20:43:26,trav_ros2,101.03%,386.7MiB / 30.66GiB,1.23%,0B / 0B,0B / 14.3MB,44
2026-07-30 20:43:26,realsense,16.72%,95MiB / 30.66GiB,0.30%,0B / 0B,0B / 3.2MB,33
2026-07-30 20:43:26,mapir-ffmpeg,28.46%,171.1MiB / 30.66GiB,0.54%,0B / 0B,0B / 1.57MB,33
2026-07-30 20:43:26,nav2,5.90%,206.6MiB / 30.66GiB,0.66%,0B / 0B,0B / 1.56MB,93
2026-07-30 20:43:26,glim,72.91%,510.4MiB / 30.66GiB,1.63%,0B / 0B,0B / 11.6MB,37
2026-07-30 20:43:29,foxglove,11.97%,487.8MiB / 30.66GiB,1.55%,0B / 0B,0B / 3.39MB,31
2026-07-30 20:43:29,docker-recorder-run-c43348258146,0.00%,10.29MiB / 30.66GiB,0.03%,0B / 0B,0B / 9.52MB,1
2026-07-30 20:43:29,ouster,7.29%,122MiB / 30.66GiB,0.39%,0B / 0B,131kB / 2.85MB,29
2026-07-30 20:43:29,scovox,57.62%,309.5MiB / 30.66GiB,0.99%,0B / 0B,0B / 5.89MB,53
2026-07-30 20:43:29,openzen,2.40%,33.9MiB / 30.66GiB,0.11%,0B / 0B,0B / 2.15MB,20
2026-07-30 20:43:29,trav_ros2,100.87%,386.1MiB / 30.66GiB,1.23%,0B / 0B,0B / 14.3MB,44
2026-07-30 20:43:29,realsense,16.51%,94.75MiB / 30.66GiB,0.30%,0B / 0B,0B / 3.2MB,33
2026-07-30 20:43:29,mapir-ffmpeg,28.79%,171.1MiB / 30.66GiB,0.54%,0B / 0B,0B / 1.58MB,33
2026-07-30 20:43:29,nav2,5.72%,206.7MiB / 30.66GiB,0.66%,0B / 0B,0B / 1.58MB,93
2026-07-30 20:43:29,glim,76.72%,510.2MiB / 30.66GiB,1.62%,0B / 0B,0B / 11.6MB,37
2026-07-30 20:43:32,foxglove,12.20%,488.1MiB / 30.66GiB,1.55%,0B / 0B,0B / 3.39MB,31
2026-07-30 20:43:32,docker-recorder-run-c43348258146,0.00%,10.29MiB / 30.66GiB,0.03%,0B / 0B,0B / 9.52MB,1
2026-07-30 20:43:32,ouster,7.30%,121.2MiB / 30.66GiB,0.39%,0B / 0B,131kB / 2.85MB,29
2026-07-30 20:43:32,scovox,81.19%,283.6MiB / 30.66GiB,0.90%,0B / 0B,0B / 5.89MB,53
2026-07-30 20:43:32,openzen,2.45%,33.9MiB / 30.66GiB,0.11%,0B / 0B,0B / 2.15MB,20
2026-07-30 20:43:32,trav_ros2,100.97%,381.9MiB / 30.66GiB,1.22%,0B / 0B,0B / 14.3MB,44
2026-07-30 20:43:32,realsense,17.29%,95MiB / 30.66GiB,0.30%,0B / 0B,0B / 3.2MB,33
2026-07-30 20:43:32,mapir-ffmpeg,29.38%,171.1MiB / 30.66GiB,0.54%,0B / 0B,0B / 1.58MB,33
2026-07-30 20:43:32,nav2,5.82%,206.5MiB / 30.66GiB,0.66%,0B / 0B,0B / 1.58MB,93
2026-07-30 20:43:32,glim,74.02%,511.6MiB / 30.66GiB,1.63%,0B / 0B,0B / 11.6MB,37
2026-07-30 20:43:36,foxglove,12.89%,488.2MiB / 30.66GiB,1.55%,0B / 0B,0B / 3.39MB,31
2026-07-30 20:43:36,docker-recorder-run-c43348258146,0.00%,10.29MiB / 30.66GiB,0.03%,0B / 0B,0B / 9.52MB,1
2026-07-30 20:43:36,ouster,8.21%,121.7MiB / 30.66GiB,0.39%,0B / 0B,131kB / 2.85MB,29
2026-07-30 20:43:36,scovox,58.41%,316.4MiB / 30.66GiB,1.01%,0B / 0B,0B / 5.98MB,53
2026-07-30 20:43:36,openzen,2.65%,34.4MiB / 30.66GiB,0.11%,0B / 0B,0B / 2.15MB,20
2026-07-30 20:43:36,trav_ros2,101.26%,387.7MiB / 30.66GiB,1.23%,0B / 0B,0B / 14.3MB,44
2026-07-30 20:43:36,realsense,17.54%,95MiB / 30.66GiB,0.30%,0B / 0B,0B / 3.2MB,33
2026-07-30 20:43:36,mapir-ffmpeg,29.93%,171.1MiB / 30.66GiB,0.54%,0B / 0B,0B / 1.58MB,33
2026-07-30 20:43:36,nav2,6.62%,207.4MiB / 30.66GiB,0.66%,0B / 0B,0B / 1.58MB,93
2026-07-30 20:43:36,glim,76.23%,511.8MiB / 30.66GiB,1.63%,0B / 0B,0B / 11.6MB,37
2026-07-30 20:43:39,foxglove,12.05%,487.6MiB / 30.66GiB,1.55%,0B / 0B,0B / 3.39MB,31
2026-07-30 20:43:39,docker-recorder-run-c43348258146,0.00%,10.29MiB / 30.66GiB,0.03%,0B / 0B,0B / 9.52MB,1
2026-07-30 20:43:39,ouster,7.36%,121.2MiB / 30.66GiB,0.39%,0B / 0B,131kB / 2.85MB,29
2026-07-30 20:43:39,scovox,83.66%,283.5MiB / 30.66GiB,0.90%,0B / 0B,0B / 5.98MB,53
2026-07-30 20:43:39,openzen,2.37%,33.9MiB / 30.66GiB,0.11%,0B / 0B,0B / 2.15MB,20
2026-07-30 20:43:39,trav_ros2,101.44%,377.7MiB / 30.66GiB,1.20%,0B / 0B,0B / 14.3MB,44
2026-07-30 20:43:39,realsense,17.67%,95MiB / 30.66GiB,0.30%,0B / 0B,0B / 3.2MB,33
2026-07-30 20:43:39,mapir-ffmpeg,30.45%,171.5MiB / 30.66GiB,0.55%,0B / 0B,0B / 1.58MB,33
2026-07-30 20:43:39,nav2,6.16%,206.9MiB / 30.66GiB,0.66%,0B / 0B,0B / 1.58MB,93
2026-07-30 20:43:39,glim,74.56%,511.3MiB / 30.66GiB,1.63%,0B / 0B,0B / 11.6MB,37
2026-07-30 20:43:42,foxglove,11.91%,479.5MiB / 30.66GiB,1.53%,0B / 0B,0B / 3.39MB,31
2026-07-30 20:43:42,docker-recorder-run-c43348258146,0.00%,10.29MiB / 30.66GiB,0.03%,0B / 0B,0B / 9.52MB,1
2026-07-30 20:43:42,ouster,7.15%,121.5MiB / 30.66GiB,0.39%,0B / 0B,131kB / 2.85MB,29
2026-07-30 20:43:42,scovox,58.02%,321.6MiB / 30.66GiB,1.02%,0B / 0B,0B / 5.98MB,53
2026-07-30 20:43:42,openzen,2.46%,33.9MiB / 30.66GiB,0.11%,0B / 0B,0B / 2.15MB,20
2026-07-30 20:43:42,trav_ros2,102.07%,386.8MiB / 30.66GiB,1.23%,0B / 0B,0B / 14.3MB,44
2026-07-30 20:43:42,realsense,16.98%,94.75MiB / 30.66GiB,0.30%,0B / 0B,0B / 3.2MB,33
2026-07-30 20:43:42,mapir-ffmpeg,29.30%,171.8MiB / 30.66GiB,0.55%,0B / 0B,0B / 1.58MB,33
2026-07-30 20:43:42,nav2,5.53%,199.4MiB / 30.66GiB,0.64%,0B / 0B,0B / 1.58MB,93
2026-07-30 20:43:42,glim,82.61%,511.2MiB / 30.66GiB,1.63%,0B / 0B,0B / 11.6MB,37
2026-07-30 20:43:45,foxglove,12.94%,487.7MiB / 30.66GiB,1.55%,0B / 0B,0B / 3.39MB,31
2026-07-30 20:43:45,docker-recorder-run-c43348258146,0.00%,10.29MiB / 30.66GiB,0.03%,0B / 0B,0B / 9.52MB,1
2026-07-30 20:43:45,ouster,7.36%,121.7MiB / 30.66GiB,0.39%,0B / 0B,131kB / 2.85MB,29
2026-07-30 20:43:45,scovox,81.45%,283.1MiB / 30.66GiB,0.90%,0B / 0B,0B / 5.98MB,53
2026-07-30 20:43:45,openzen,2.51%,34.15MiB / 30.66GiB,0.11%,0B / 0B,0B / 2.15MB,20
2026-07-30 20:43:45,trav_ros2,101.95%,374.6MiB / 30.66GiB,1.19%,0B / 0B,0B / 14.3MB,44
2026-07-30 20:43:45,realsense,16.82%,94.75MiB / 30.66GiB,0.30%,0B / 0B,0B / 3.2MB,33
2026-07-30 20:43:45,mapir-ffmpeg,29.43%,171.3MiB / 30.66GiB,0.55%,0B / 0B,0B / 1.58MB,33
2026-07-30 20:43:45,nav2,6.11%,207MiB / 30.66GiB,0.66%,0B / 0B,0B / 1.58MB,93
2026-07-30 20:43:45,glim,75.55%,511.9MiB / 30.66GiB,1.63%,0B / 0B,0B / 11.6MB,37
2026-07-30 20:43:48,foxglove,12.47%,490.2MiB / 30.66GiB,1.56%,0B / 0B,0B / 3.39MB,31
2026-07-30 20:43:48,docker-recorder-run-c43348258146,0.00%,10.29MiB / 30.66GiB,0.03%,0B / 0B,0B / 9.52MB,1
2026-07-30 20:43:48,ouster,7.11%,121.2MiB / 30.66GiB,0.39%,0B / 0B,131kB / 2.85MB,29
2026-07-30 20:43:48,scovox,60.84%,323.6MiB / 30.66GiB,1.03%,0B / 0B,0B / 5.98MB,53
2026-07-30 20:43:48,openzen,2.39%,33.9MiB / 30.66GiB,0.11%,0B / 0B,0B / 2.15MB,20
2026-07-30 20:43:48,trav_ros2,101.98%,386MiB / 30.66GiB,1.23%,0B / 0B,0B / 14.3MB,44
2026-07-30 20:43:48,realsense,16.96%,94.75MiB / 30.66GiB,0.30%,0B / 0B,0B / 3.2MB,33
2026-07-30 20:43:48,mapir-ffmpeg,29.61%,170.8MiB / 30.66GiB,0.54%,0B / 0B,0B / 1.58MB,33
2026-07-30 20:43:48,nav2,6.17%,206.9MiB / 30.66GiB,0.66%,0B / 0B,0B / 1.58MB,93
2026-07-30 20:43:48,glim,76.59%,512.5MiB / 30.66GiB,1.63%,0B / 0B,0B / 11.6MB,37
2026-07-30 20:43:51,foxglove,12.57%,487.5MiB / 30.66GiB,1.55%,0B / 0B,0B / 3.39MB,31
2026-07-30 20:43:51,docker-recorder-run-c43348258146,0.00%,10.29MiB / 30.66GiB,0.03%,0B / 0B,0B / 9.52MB,1
2026-07-30 20:43:51,ouster,7.11%,121.2MiB / 30.66GiB,0.39%,0B / 0B,131kB / 2.85MB,29
2026-07-30 20:43:51,scovox,63.22%,283.3MiB / 30.66GiB,0.90%,0B / 0B,0B / 5.98MB,53
2026-07-30 20:43:51,openzen,2.69%,33.9MiB / 30.66GiB,0.11%,0B / 0B,0B / 2.15MB,20
2026-07-30 20:43:51,trav_ros2,101.42%,382.3MiB / 30.66GiB,1.22%,0B / 0B,0B / 14.3MB,44
2026-07-30 20:43:51,realsense,16.88%,94.75MiB / 30.66GiB,0.30%,0B / 0B,0B / 3.2MB,33
2026-07-30 20:43:51,mapir-ffmpeg,29.66%,171.1MiB / 30.66GiB,0.54%,0B / 0B,0B / 1.58MB,33
2026-07-30 20:43:51,nav2,6.31%,206.8MiB / 30.66GiB,0.66%,0B / 0B,0B / 1.58MB,93
2026-07-30 20:43:51,glim,75.12%,512.8MiB / 30.66GiB,1.63%,0B / 0B,0B / 11.6MB,37
2026-07-30 20:43:54,foxglove,12.53%,487.8MiB / 30.66GiB,1.55%,0B / 0B,0B / 3.39MB,31
2026-07-30 20:43:54,docker-recorder-run-c43348258146,0.00%,10.29MiB / 30.66GiB,0.03%,0B / 0B,0B / 9.52MB,1
2026-07-30 20:43:54,ouster,7.28%,121.6MiB / 30.66GiB,0.39%,0B / 0B,131kB / 2.85MB,29
2026-07-30 20:43:54,scovox,73.83%,283.6MiB / 30.66GiB,0.90%,0B / 0B,0B / 5.98MB,53
2026-07-30 20:43:54,openzen,2.56%,33.9MiB / 30.66GiB,0.11%,0B / 0B,0B / 2.15MB,20
2026-07-30 20:43:54,trav_ros2,101.57%,385MiB / 30.66GiB,1.23%,0B / 0B,0B / 14.3MB,44
2026-07-30 20:43:54,realsense,17.02%,95MiB / 30.66GiB,0.30%,0B / 0B,0B / 3.2MB,33
2026-07-30 20:43:54,mapir-ffmpeg,29.91%,171.3MiB / 30.66GiB,0.55%,0B / 0B,0B / 1.58MB,33
2026-07-30 20:43:54,nav2,6.28%,207.2MiB / 30.66GiB,0.66%,0B / 0B,0B / 1.58MB,93
2026-07-30 20:43:54,glim,76.77%,513.1MiB / 30.66GiB,1.63%,0B / 0B,0B / 11.6MB,37
2026-07-30 20:43:58,foxglove,12.44%,487.9MiB / 30.66GiB,1.55%,0B / 0B,0B / 3.39MB,31
2026-07-30 20:43:58,docker-recorder-run-c43348258146,0.00%,10.29MiB / 30.66GiB,0.03%,0B / 0B,0B / 9.52MB,1
2026-07-30 20:43:58,ouster,7.26%,121.3MiB / 30.66GiB,0.39%,0B / 0B,131kB / 2.85MB,29
2026-07-30 20:43:58,scovox,57.49%,313.6MiB / 30.66GiB,1.00%,0B / 0B,0B / 5.98MB,53
2026-07-30 20:43:58,openzen,2.42%,33.9MiB / 30.66GiB,0.11%,0B / 0B,0B / 2.15MB,20
2026-07-30 20:43:58,trav_ros2,101.00%,396.7MiB / 30.66GiB,1.26%,0B / 0B,0B / 14.3MB,44
2026-07-30 20:43:58,realsense,16.65%,95.25MiB / 30.66GiB,0.30%,0B / 0B,0B / 3.2MB,33
2026-07-30 20:43:58,mapir-ffmpeg,29.82%,171.1MiB / 30.66GiB,0.54%,0B / 0B,0B / 1.58MB,33
2026-07-30 20:43:58,nav2,6.14%,206.8MiB / 30.66GiB,0.66%,0B / 0B,0B / 1.58MB,93
2026-07-30 20:43:58,glim,77.33%,513.5MiB / 30.66GiB,1.64%,0B / 0B,0B / 11.6MB,37
2026-07-30 20:44:01,foxglove,12.25%,487.5MiB / 30.66GiB,1.55%,0B / 0B,0B / 3.39MB,31
2026-07-30 20:44:01,docker-recorder-run-c43348258146,0.00%,10.29MiB / 30.66GiB,0.03%,0B / 0B,0B / 9.52MB,1
2026-07-30 20:44:01,ouster,7.36%,122MiB / 30.66GiB,0.39%,0B / 0B,131kB / 2.85MB,29
2026-07-30 20:44:01,scovox,83.94%,283.2MiB / 30.66GiB,0.90%,0B / 0B,0B / 5.99MB,53
2026-07-30 20:44:01,openzen,2.39%,34.15MiB / 30.66GiB,0.11%,0B / 0B,0B / 2.15MB,20
2026-07-30 20:44:01,trav_ros2,100.99%,381.3MiB / 30.66GiB,1.21%,0B / 0B,0B / 14.3MB,44
2026-07-30 20:44:01,realsense,16.74%,94.75MiB / 30.66GiB,0.30%,0B / 0B,0B / 3.2MB,33
2026-07-30 20:44:01,mapir-ffmpeg,29.18%,171.6MiB / 30.66GiB,0.55%,0B / 0B,0B / 1.58MB,33
2026-07-30 20:44:01,nav2,6.56%,207MiB / 30.66GiB,0.66%,0B / 0B,0B / 1.58MB,93
2026-07-30 20:44:01,glim,77.10%,513.8MiB / 30.66GiB,1.64%,0B / 0B,0B / 11.6MB,37
2026-07-30 20:44:04,foxglove,11.44%,479.8MiB / 30.66GiB,1.53%,0B / 0B,0B / 3.39MB,31
2026-07-30 20:44:04,docker-recorder-run-c43348258146,0.00%,10.29MiB / 30.66GiB,0.03%,0B / 0B,0B / 9.52MB,1
2026-07-30 20:44:04,ouster,7.06%,121.3MiB / 30.66GiB,0.39%,0B / 0B,131kB / 2.85MB,29
2026-07-30 20:44:04,scovox,58.48%,318.3MiB / 30.66GiB,1.01%,0B / 0B,0B / 5.99MB,53
2026-07-30 20:44:04,openzen,2.48%,33.9MiB / 30.66GiB,0.11%,0B / 0B,0B / 2.15MB,20
2026-07-30 20:44:04,trav_ros2,101.64%,370.1MiB / 30.66GiB,1.18%,0B / 0B,0B / 14.3MB,44
2026-07-30 20:44:04,realsense,16.76%,95.25MiB / 30.66GiB,0.30%,0B / 0B,0B / 3.2MB,33
2026-07-30 20:44:04,mapir-ffmpeg,29.23%,171.3MiB / 30.66GiB,0.55%,0B / 0B,0B / 1.59MB,33
2026-07-30 20:44:04,nav2,5.68%,199.1MiB / 30.66GiB,0.63%,0B / 0B,0B / 1.6MB,93
2026-07-30 20:44:04,glim,73.46%,514.5MiB / 30.66GiB,1.64%,0B / 0B,0B / 11.6MB,37
2026-07-30 20:44:07,foxglove,12.24%,487.8MiB / 30.66GiB,1.55%,0B / 0B,0B / 3.39MB,31
2026-07-30 20:44:07,docker-recorder-run-c43348258146,0.00%,10.29MiB / 30.66GiB,0.03%,0B / 0B,0B / 9.52MB,1
2026-07-30 20:44:07,ouster,7.52%,121.3MiB / 30.66GiB,0.39%,0B / 0B,131kB / 2.85MB,29
2026-07-30 20:44:07,scovox,74.66%,283.3MiB / 30.66GiB,0.90%,0B / 0B,0B / 5.99MB,53
2026-07-30 20:44:07,openzen,2.51%,33.9MiB / 30.66GiB,0.11%,0B / 0B,0B / 2.15MB,20
2026-07-30 20:44:07,trav_ros2,102.21%,386.7MiB / 30.66GiB,1.23%,0B / 0B,0B / 14.3MB,44
2026-07-30 20:44:07,realsense,17.07%,94.75MiB / 30.66GiB,0.30%,0B / 0B,0B / 3.2MB,33
2026-07-30 20:44:07,mapir-ffmpeg,29.29%,171.1MiB / 30.66GiB,0.54%,0B / 0B,0B / 1.59MB,33
2026-07-30 20:44:07,nav2,6.17%,206.7MiB / 30.66GiB,0.66%,0B / 0B,0B / 1.6MB,93
2026-07-30 20:44:07,glim,76.50%,514.1MiB / 30.66GiB,1.64%,0B / 0B,0B / 11.6MB,37
2026-07-30 20:44:10,foxglove,12.43%,487.4MiB / 30.66GiB,1.55%,0B / 0B,0B / 3.39MB,31
2026-07-30 20:44:10,docker-recorder-run-c43348258146,0.00%,10.29MiB / 30.66GiB,0.03%,0B / 0B,0B / 9.52MB,1
2026-07-30 20:44:10,ouster,7.15%,121.5MiB / 30.66GiB,0.39%,0B / 0B,131kB / 2.85MB,29
2026-07-30 20:44:10,scovox,57.91%,322MiB / 30.66GiB,1.03%,0B / 0B,0B / 5.99MB,53
2026-07-30 20:44:10,openzen,2.44%,33.9MiB / 30.66GiB,0.11%,0B / 0B,0B / 2.15MB,20
2026-07-30 20:44:10,trav_ros2,102.16%,387.1MiB / 30.66GiB,1.23%,0B / 0B,0B / 14.3MB,44
2026-07-30 20:44:10,realsense,17.37%,95MiB / 30.66GiB,0.30%,0B / 0B,0B / 3.2MB,33
2026-07-30 20:44:10,mapir-ffmpeg,29.33%,170.8MiB / 30.66GiB,0.54%,0B / 0B,0B / 1.59MB,33
2026-07-30 20:44:10,nav2,6.40%,207.4MiB / 30.66GiB,0.66%,0B / 0B,0B / 1.6MB,93
2026-07-30 20:44:10,glim,75.90%,514.5MiB / 30.66GiB,1.64%,0B / 0B,0B / 11.6MB,37
2026-07-30 20:44:13,foxglove,12.64%,487.7MiB / 30.66GiB,1.55%,0B / 0B,0B / 3.39MB,31
2026-07-30 20:44:13,docker-recorder-run-c43348258146,0.00%,10.29MiB / 30.66GiB,0.03%,0B / 0B,0B / 9.52MB,1
2026-07-30 20:44:13,ouster,7.14%,121.5MiB / 30.66GiB,0.39%,0B / 0B,131kB / 2.85MB,29
2026-07-30 20:44:13,scovox,70.29%,283.7MiB / 30.66GiB,0.90%,0B / 0B,0B / 6.08MB,53
2026-07-30 20:44:13,openzen,2.46%,33.9MiB / 30.66GiB,0.11%,0B / 0B,0B / 2.15MB,20
2026-07-30 20:44:13,trav_ros2,101.33%,386.2MiB / 30.66GiB,1.23%,0B / 0B,0B / 14.3MB,44
2026-07-30 20:44:13,realsense,17.10%,95MiB / 30.66GiB,0.30%,0B / 0B,0B / 3.2MB,33
2026-07-30 20:44:13,mapir-ffmpeg,28.88%,170.8MiB / 30.66GiB,0.54%,0B / 0B,0B / 1.59MB,33
2026-07-30 20:44:13,nav2,6.14%,206.9MiB / 30.66GiB,0.66%,0B / 0B,0B / 1.6MB,93
2026-07-30 20:44:13,glim,74.28%,515.2MiB / 30.66GiB,1.64%,0B / 0B,0B / 11.6MB,37
2026-07-30 20:44:16,foxglove,12.07%,488MiB / 30.66GiB,1.55%,0B / 0B,0B / 3.39MB,31
2026-07-30 20:44:16,docker-recorder-run-c43348258146,0.00%,10.29MiB / 30.66GiB,0.03%,0B / 0B,0B / 9.52MB,1
2026-07-30 20:44:16,ouster,7.34%,121.3MiB / 30.66GiB,0.39%,0B / 0B,131kB / 2.85MB,29
2026-07-30 20:44:16,scovox,70.12%,283.4MiB / 30.66GiB,0.90%,0B / 0B,0B / 6.08MB,53
2026-07-30 20:44:16,openzen,2.69%,33.9MiB / 30.66GiB,0.11%,0B / 0B,0B / 2.15MB,20
2026-07-30 20:44:16,trav_ros2,99.35%,387.3MiB / 30.66GiB,1.23%,0B / 0B,0B / 14.3MB,44
2026-07-30 20:44:16,realsense,16.64%,94.75MiB / 30.66GiB,0.30%,0B / 0B,0B / 3.2MB,33
2026-07-30 20:44:16,mapir-ffmpeg,29.18%,172.1MiB / 30.66GiB,0.55%,0B / 0B,0B / 1.59MB,33
2026-07-30 20:44:16,nav2,7.09%,207.4MiB / 30.66GiB,0.66%,0B / 0B,0B / 1.6MB,93
2026-07-30 20:44:16,glim,75.30%,515.8MiB / 30.66GiB,1.64%,0B / 0B,0B / 11.6MB,37
2026-07-30 20:44:19,foxglove,11.82%,479.7MiB / 30.66GiB,1.53%,0B / 0B,0B / 3.39MB,31
2026-07-30 20:44:19,docker-recorder-run-c43348258146,0.00%,10.29MiB / 30.66GiB,0.03%,0B / 0B,0B / 9.52MB,1
2026-07-30 20:44:19,ouster,7.92%,121.7MiB / 30.66GiB,0.39%,0B / 0B,131kB / 2.85MB,29
2026-07-30 20:44:19,scovox,65.15%,311MiB / 30.66GiB,0.99%,0B / 0B,0B / 6.08MB,53
2026-07-30 20:44:19,openzen,2.62%,33.9MiB / 30.66GiB,0.11%,0B / 0B,0B / 2.15MB,20
2026-07-30 20:44:19,trav_ros2,101.47%,388MiB / 30.66GiB,1.24%,0B / 0B,0B / 14.3MB,44
2026-07-30 20:44:19,realsense,17.40%,94.75MiB / 30.66GiB,0.30%,0B / 0B,0B / 3.2MB,33
2026-07-30 20:44:19,mapir-ffmpeg,30.26%,170.8MiB / 30.66GiB,0.54%,0B / 0B,0B / 1.59MB,33
2026-07-30 20:44:19,nav2,5.99%,199MiB / 30.66GiB,0.63%,0B / 0B,0B / 1.6MB,93
2026-07-30 20:44:19,glim,79.35%,515.6MiB / 30.66GiB,1.64%,0B / 0B,0B / 11.6MB,37
2026-07-30 20:44:23,foxglove,13.50%,487.7MiB / 30.66GiB,1.55%,0B / 0B,0B / 3.39MB,31
2026-07-30 20:44:23,docker-recorder-run-c43348258146,0.00%,10.29MiB / 30.66GiB,0.03%,0B / 0B,0B / 9.52MB,1
2026-07-30 20:44:23,ouster,7.31%,121.7MiB / 30.66GiB,0.39%,0B / 0B,131kB / 2.85MB,29
2026-07-30 20:44:23,scovox,73.49%,283.4MiB / 30.66GiB,0.90%,0B / 0B,0B / 6.08MB,53
2026-07-30 20:44:23,openzen,2.32%,33.9MiB / 30.66GiB,0.11%,0B / 0B,0B / 2.15MB,20
2026-07-30 20:44:23,trav_ros2,100.59%,390.9MiB / 30.66GiB,1.25%,0B / 0B,0B / 14.3MB,44
2026-07-30 20:44:23,realsense,17.28%,95MiB / 30.66GiB,0.30%,0B / 0B,0B / 3.2MB,33
2026-07-30 20:44:23,mapir-ffmpeg,30.62%,171.1MiB / 30.66GiB,0.54%,0B / 0B,0B / 1.59MB,33
2026-07-30 20:44:23,nav2,6.10%,206.6MiB / 30.66GiB,0.66%,0B / 0B,0B / 1.6MB,93
2026-07-30 20:44:23,glim,76.80%,516.3MiB / 30.66GiB,1.64%,0B / 0B,0B / 11.6MB,37
2026-07-30 20:44:26,foxglove,12.43%,489.6MiB / 30.66GiB,1.56%,0B / 0B,0B / 3.39MB,31
2026-07-30 20:44:26,docker-recorder-run-c43348258146,0.00%,10.29MiB / 30.66GiB,0.03%,0B / 0B,0B / 9.52MB,1
2026-07-30 20:44:26,ouster,7.18%,121.2MiB / 30.66GiB,0.39%,0B / 0B,131kB / 2.85MB,29
2026-07-30 20:44:26,scovox,58.16%,313.1MiB / 30.66GiB,1.00%,0B / 0B,0B / 6.08MB,53
2026-07-30 20:44:26,openzen,2.39%,34.4MiB / 30.66GiB,0.11%,0B / 0B,0B / 2.15MB,20
2026-07-30 20:44:26,trav_ros2,101.49%,386.1MiB / 30.66GiB,1.23%,0B / 0B,0B / 14.3MB,44
2026-07-30 20:44:26,realsense,18.12%,94.75MiB / 30.66GiB,0.30%,0B / 0B,0B / 3.2MB,33
2026-07-30 20:44:26,mapir-ffmpeg,30.34%,170.8MiB / 30.66GiB,0.54%,0B / 0B,0B / 1.59MB,33
2026-07-30 20:44:26,nav2,6.03%,207MiB / 30.66GiB,0.66%,0B / 0B,0B / 1.6MB,93
2026-07-30 20:44:26,glim,79.76%,516.3MiB / 30.66GiB,1.64%,0B / 0B,0B / 11.6MB,37
2026-07-30 20:44:29,foxglove,12.36%,488MiB / 30.66GiB,1.55%,0B / 0B,0B / 3.39MB,31
2026-07-30 20:44:29,docker-recorder-run-c43348258146,0.00%,10.29MiB / 30.66GiB,0.03%,0B / 0B,0B / 9.52MB,1
2026-07-30 20:44:29,ouster,7.07%,121.5MiB / 30.66GiB,0.39%,0B / 0B,131kB / 2.85MB,29
2026-07-30 20:44:29,scovox,72.98%,284.3MiB / 30.66GiB,0.91%,0B / 0B,0B / 6.08MB,53
2026-07-30 20:44:29,openzen,2.28%,33.9MiB / 30.66GiB,0.11%,0B / 0B,0B / 2.15MB,20
2026-07-30 20:44:29,trav_ros2,101.44%,386.1MiB / 30.66GiB,1.23%,0B / 0B,0B / 14.3MB,44
2026-07-30 20:44:29,realsense,17.00%,95MiB / 30.66GiB,0.30%,0B / 0B,0B / 3.2MB,33
2026-07-30 20:44:29,mapir-ffmpeg,30.49%,170.8MiB / 30.66GiB,0.54%,0B / 0B,0B / 1.59MB,33
2026-07-30 20:44:29,nav2,5.78%,206.9MiB / 30.66GiB,0.66%,0B / 0B,0B / 1.6MB,93
2026-07-30 20:44:29,glim,75.80%,516.7MiB / 30.66GiB,1.65%,0B / 0B,0B / 11.6MB,37
2026-07-30 20:44:32,foxglove,12.54%,487.6MiB / 30.66GiB,1.55%,0B / 0B,0B / 3.39MB,31
2026-07-30 20:44:32,docker-recorder-run-c43348258146,0.00%,10.29MiB / 30.66GiB,0.03%,0B / 0B,0B / 9.52MB,1
2026-07-30 20:44:32,ouster,7.51%,121.5MiB / 30.66GiB,0.39%,0B / 0B,131kB / 2.85MB,29
2026-07-30 20:44:32,scovox,53.21%,318.2MiB / 30.66GiB,1.01%,0B / 0B,0B / 6.08MB,53
2026-07-30 20:44:32,openzen,2.69%,33.9MiB / 30.66GiB,0.11%,0B / 0B,0B / 2.15MB,20
2026-07-30 20:44:32,trav_ros2,102.15%,387.5MiB / 30.66GiB,1.23%,0B / 0B,0B / 14.3MB,44
2026-07-30 20:44:32,realsense,16.92%,94.75MiB / 30.66GiB,0.30%,0B / 0B,0B / 3.2MB,33
2026-07-30 20:44:32,mapir-ffmpeg,30.02%,171.1MiB / 30.66GiB,0.54%,0B / 0B,0B / 1.59MB,33
2026-07-30 20:44:32,nav2,6.95%,207.6MiB / 30.66GiB,0.66%,0B / 0B,0B / 1.6MB,93
2026-07-30 20:44:32,glim,79.63%,516.7MiB / 30.66GiB,1.65%,0B / 0B,0B / 11.6MB,37
2026-07-30 20:44:35,foxglove,12.48%,487.7MiB / 30.66GiB,1.55%,0B / 0B,0B / 3.39MB,31
2026-07-30 20:44:35,docker-recorder-run-c43348258146,0.00%,10.29MiB / 30.66GiB,0.03%,0B / 0B,0B / 9.52MB,1
2026-07-30 20:44:35,ouster,7.08%,121.5MiB / 30.66GiB,0.39%,0B / 0B,131kB / 2.85MB,29
2026-07-30 20:44:35,scovox,75.22%,283.6MiB / 30.66GiB,0.90%,0B / 0B,0B / 6.08MB,53
2026-07-30 20:44:35,openzen,2.50%,33.9MiB / 30.66GiB,0.11%,0B / 0B,0B / 2.15MB,20
2026-07-30 20:44:35,trav_ros2,102.30%,386.6MiB / 30.66GiB,1.23%,0B / 0B,0B / 14.3MB,44
2026-07-30 20:44:35,realsense,16.78%,95MiB / 30.66GiB,0.30%,0B / 0B,0B / 3.2MB,33
2026-07-30 20:44:35,mapir-ffmpeg,30.26%,170.8MiB / 30.66GiB,0.54%,0B / 0B,0B / 1.59MB,33
2026-07-30 20:44:35,nav2,6.06%,206.7MiB / 30.66GiB,0.66%,0B / 0B,0B / 1.6MB,93
2026-07-30 20:44:35,glim,82.81%,516.8MiB / 30.66GiB,1.65%,0B / 0B,0B / 11.6MB,37
2026-07-30 20:44:38,foxglove,12.32%,487.9MiB / 30.66GiB,1.55%,0B / 0B,0B / 3.39MB,31
2026-07-30 20:44:38,docker-recorder-run-c43348258146,0.00%,10.29MiB / 30.66GiB,0.03%,0B / 0B,0B / 9.52MB,1
2026-07-30 20:44:38,ouster,6.92%,121.7MiB / 30.66GiB,0.39%,0B / 0B,131kB / 2.85MB,29
2026-07-30 20:44:38,scovox,65.56%,322.4MiB / 30.66GiB,1.03%,0B / 0B,0B / 6.09MB,53
2026-07-30 20:44:38,openzen,2.35%,33.9MiB / 30.66GiB,0.11%,0B / 0B,0B / 2.15MB,20
2026-07-30 20:44:38,trav_ros2,101.66%,385.5MiB / 30.66GiB,1.23%,0B / 0B,0B / 14.3MB,44
2026-07-30 20:44:38,realsense,16.84%,94.75MiB / 30.66GiB,0.30%,0B / 0B,0B / 3.2MB,33
2026-07-30 20:44:38,mapir-ffmpeg,28.95%,170.8MiB / 30.66GiB,0.54%,0B / 0B,0B / 1.61MB,33
2026-07-30 20:44:38,nav2,6.15%,206.9MiB / 30.66GiB,0.66%,0B / 0B,0B / 1.61MB,93
2026-07-30 20:44:38,glim,77.87%,517.7MiB / 30.66GiB,1.65%,0B / 0B,0B / 11.6MB,37
2026-07-30 20:44:41,foxglove,11.62%,480MiB / 30.66GiB,1.53%,0B / 0B,0B / 3.39MB,31
2026-07-30 20:44:41,docker-recorder-run-c43348258146,0.00%,10.29MiB / 30.66GiB,0.03%,0B / 0B,0B / 9.52MB,1
2026-07-30 20:44:41,ouster,7.16%,121.9MiB / 30.66GiB,0.39%,0B / 0B,131kB / 2.85MB,29
2026-07-30 20:44:41,scovox,61.11%,282.8MiB / 30.66GiB,0.90%,0B / 0B,0B / 6.09MB,53
2026-07-30 20:44:41,openzen,2.69%,33.92MiB / 30.66GiB,0.11%,0B / 0B,0B / 2.15MB,20
2026-07-30 20:44:41,trav_ros2,101.56%,383.8MiB / 30.66GiB,1.22%,0B / 0B,0B / 14.3MB,44
2026-07-30 20:44:41,realsense,16.83%,94.75MiB / 30.66GiB,0.30%,0B / 0B,0B / 3.2MB,33
2026-07-30 20:44:41,mapir-ffmpeg,29.39%,171.6MiB / 30.66GiB,0.55%,0B / 0B,0B / 1.61MB,33
2026-07-30 20:44:41,nav2,5.59%,200.4MiB / 30.66GiB,0.64%,0B / 0B,0B / 1.61MB,93
2026-07-30 20:44:41,glim,74.91%,516.8MiB / 30.66GiB,1.65%,0B / 0B,0B / 11.6MB,37
2026-07-30 20:44:44,foxglove,11.76%,488MiB / 30.66GiB,1.55%,0B / 0B,0B / 3.39MB,31
2026-07-30 20:44:44,docker-recorder-run-c43348258146,0.00%,10.29MiB / 30.66GiB,0.03%,0B / 0B,0B / 9.52MB,1
2026-07-30 20:44:44,ouster,7.29%,121.6MiB / 30.66GiB,0.39%,0B / 0B,131kB / 2.85MB,29
2026-07-30 20:44:44,scovox,74.14%,283.7MiB / 30.66GiB,0.90%,0B / 0B,0B / 6.09MB,53
2026-07-30 20:44:44,openzen,2.65%,33.9MiB / 30.66GiB,0.11%,0B / 0B,0B / 2.15MB,20
2026-07-30 20:44:44,trav_ros2,101.41%,415.9MiB / 30.66GiB,1.32%,0B / 0B,0B / 14.3MB,44
2026-07-30 20:44:44,realsense,16.54%,95.25MiB / 30.66GiB,0.30%,0B / 0B,0B / 3.2MB,33
2026-07-30 20:44:44,mapir-ffmpeg,30.45%,171.1MiB / 30.66GiB,0.54%,0B / 0B,0B / 1.61MB,33
2026-07-30 20:44:44,nav2,6.13%,207.2MiB / 30.66GiB,0.66%,0B / 0B,0B / 1.61MB,93
2026-07-30 20:44:44,glim,76.08%,518.7MiB / 30.66GiB,1.65%,0B / 0B,0B / 11.6MB,37
2026-07-30 20:44:48,foxglove,12.72%,487.4MiB / 30.66GiB,1.55%,0B / 0B,0B / 3.39MB,31
2026-07-30 20:44:48,docker-recorder-run-c43348258146,0.00%,10.29MiB / 30.66GiB,0.03%,0B / 0B,0B / 9.52MB,1
2026-07-30 20:44:48,ouster,7.11%,121.4MiB / 30.66GiB,0.39%,0B / 0B,131kB / 2.85MB,29
2026-07-30 20:44:48,scovox,53.36%,310.5MiB / 30.66GiB,0.99%,0B / 0B,0B / 6.18MB,53
2026-07-30 20:44:48,openzen,2.51%,34.16MiB / 30.66GiB,0.11%,0B / 0B,0B / 2.15MB,20
2026-07-30 20:44:48,trav_ros2,101.46%,387.9MiB / 30.66GiB,1.24%,0B / 0B,0B / 14.3MB,44
2026-07-30 20:44:48,realsense,17.31%,95.25MiB / 30.66GiB,0.30%,0B / 0B,0B / 3.2MB,33
2026-07-30 20:44:48,mapir-ffmpeg,30.30%,171.1MiB / 30.66GiB,0.54%,0B / 0B,0B / 1.61MB,33
2026-07-30 20:44:48,nav2,6.62%,208.4MiB / 30.66GiB,0.66%,0B / 0B,0B / 1.61MB,93
2026-07-30 20:44:48,glim,76.87%,518.5MiB / 30.66GiB,1.65%,0B / 0B,0B / 11.6MB,37
2026-07-30 20:44:51,foxglove,11.78%,487.7MiB / 30.66GiB,1.55%,0B / 0B,0B / 3.39MB,31
2026-07-30 20:44:51,docker-recorder-run-c43348258146,0.00%,10.29MiB / 30.66GiB,0.03%,0B / 0B,0B / 9.52MB,1
2026-07-30 20:44:51,ouster,6.99%,122MiB / 30.66GiB,0.39%,0B / 0B,131kB / 2.85MB,29
2026-07-30 20:44:51,scovox,72.40%,284.4MiB / 30.66GiB,0.91%,0B / 0B,0B / 6.18MB,53
2026-07-30 20:44:51,openzen,2.66%,33.9MiB / 30.66GiB,0.11%,0B / 0B,0B / 2.15MB,20
2026-07-30 20:44:51,trav_ros2,101.32%,383.3MiB / 30.66GiB,1.22%,0B / 0B,0B / 14.3MB,44
2026-07-30 20:44:51,realsense,16.45%,95.01MiB / 30.66GiB,0.30%,0B / 0B,0B / 3.2MB,33
2026-07-30 20:44:51,mapir-ffmpeg,29.29%,170.8MiB / 30.66GiB,0.54%,0B / 0B,0B / 1.61MB,33
2026-07-30 20:44:51,nav2,6.03%,206.6MiB / 30.66GiB,0.66%,0B / 0B,0B / 1.61MB,93
2026-07-30 20:44:51,glim,77.70%,519.2MiB / 30.66GiB,1.65%,0B / 0B,0B / 11.6MB,37
2026-07-30 20:44:54,foxglove,12.06%,487.9MiB / 30.66GiB,1.55%,0B / 0B,0B / 3.39MB,31
2026-07-30 20:44:54,docker-recorder-run-c43348258146,0.00%,10.29MiB / 30.66GiB,0.03%,0B / 0B,0B / 9.52MB,1
2026-07-30 20:44:54,ouster,6.93%,121.3MiB / 30.66GiB,0.39%,0B / 0B,131kB / 2.85MB,29
2026-07-30 20:44:54,scovox,58.26%,319.3MiB / 30.66GiB,1.02%,0B / 0B,0B / 6.18MB,53
2026-07-30 20:44:54,openzen,2.56%,33.9MiB / 30.66GiB,0.11%,0B / 0B,0B / 2.15MB,20
2026-07-30 20:44:54,trav_ros2,101.47%,386.4MiB / 30.66GiB,1.23%,0B / 0B,0B / 14.3MB,44
2026-07-30 20:44:54,realsense,16.68%,94.75MiB / 30.66GiB,0.30%,0B / 0B,0B / 3.2MB,33
2026-07-30 20:44:54,mapir-ffmpeg,29.83%,170.8MiB / 30.66GiB,0.54%,0B / 0B,0B / 1.61MB,33
2026-07-30 20:44:54,nav2,5.90%,206.7MiB / 30.66GiB,0.66%,0B / 0B,0B / 1.61MB,93
2026-07-30 20:44:54,glim,77.96%,519.5MiB / 30.66GiB,1.65%,0B / 0B,0B / 11.6MB,37
2026-07-30 20:44:57,foxglove,12.26%,487.8MiB / 30.66GiB,1.55%,0B / 0B,0B / 3.39MB,31
2026-07-30 20:44:57,docker-recorder-run-c43348258146,0.00%,10.29MiB / 30.66GiB,0.03%,0B / 0B,0B / 9.52MB,1
2026-07-30 20:44:57,ouster,7.46%,122.5MiB / 30.66GiB,0.39%,0B / 0B,131kB / 2.85MB,29
2026-07-30 20:44:57,scovox,82.33%,284.1MiB / 30.66GiB,0.90%,0B / 0B,0B / 6.18MB,53
2026-07-30 20:44:57,openzen,2.63%,33.9MiB / 30.66GiB,0.11%,0B / 0B,0B / 2.15MB,20
2026-07-30 20:44:57,trav_ros2,102.33%,390MiB / 30.66GiB,1.24%,0B / 0B,0B / 14.3MB,44
2026-07-30 20:44:57,realsense,17.26%,94.75MiB / 30.66GiB,0.30%,0B / 0B,0B / 3.2MB,33
2026-07-30 20:44:57,mapir-ffmpeg,29.73%,170.8MiB / 30.66GiB,0.54%,0B / 0B,0B / 1.61MB,33
2026-07-30 20:44:57,nav2,6.32%,206.7MiB / 30.66GiB,0.66%,0B / 0B,0B / 1.61MB,93
2026-07-30 20:44:57,glim,77.54%,519.5MiB / 30.66GiB,1.65%,0B / 0B,0B / 11.6MB,37
2026-07-30 20:45:00,foxglove,12.87%,487.6MiB / 30.66GiB,1.55%,0B / 0B,0B / 3.39MB,31
2026-07-30 20:45:00,docker-recorder-run-c43348258146,0.00%,10.29MiB / 30.66GiB,0.03%,0B / 0B,0B / 9.52MB,1
2026-07-30 20:45:00,ouster,7.23%,121.7MiB / 30.66GiB,0.39%,0B / 0B,131kB / 2.85MB,29
2026-07-30 20:45:00,scovox,64.13%,324.2MiB / 30.66GiB,1.03%,0B / 0B,0B / 6.18MB,53
2026-07-30 20:45:00,openzen,2.40%,33.9MiB / 30.66GiB,0.11%,0B / 0B,0B / 2.15MB,20
2026-07-30 20:45:00,trav_ros2,101.76%,389.7MiB / 30.66GiB,1.24%,0B / 0B,0B / 14.3MB,44
2026-07-30 20:45:00,realsense,16.97%,95.25MiB / 30.66GiB,0.30%,0B / 0B,0B / 3.2MB,33
2026-07-30 20:45:00,mapir-ffmpeg,29.40%,170.8MiB / 30.66GiB,0.54%,0B / 0B,0B / 1.61MB,33
2026-07-30 20:45:00,nav2,7.06%,206.7MiB / 30.66GiB,0.66%,0B / 0B,0B / 1.61MB,93
2026-07-30 20:45:00,glim,77.77%,519.5MiB / 30.66GiB,1.65%,0B / 0B,0B / 11.6MB,37
2026-07-30 20:45:03,foxglove,11.69%,489.9MiB / 30.66GiB,1.56%,0B / 0B,0B / 3.39MB,31
2026-07-30 20:45:03,docker-recorder-run-c43348258146,0.00%,10.29MiB / 30.66GiB,0.03%,0B / 0B,0B / 9.52MB,1
2026-07-30 20:45:03,ouster,7.30%,121.6MiB / 30.66GiB,0.39%,0B / 0B,131kB / 2.85MB,29
2026-07-30 20:45:03,scovox,62.13%,283.4MiB / 30.66GiB,0.90%,0B / 0B,0B / 6.18MB,53
2026-07-30 20:45:03,openzen,2.59%,33.9MiB / 30.66GiB,0.11%,0B / 0B,0B / 2.15MB,20
2026-07-30 20:45:03,trav_ros2,101.73%,387MiB / 30.66GiB,1.23%,0B / 0B,0B / 14.3MB,44
2026-07-30 20:45:03,realsense,16.98%,94.75MiB / 30.66GiB,0.30%,0B / 0B,0B / 3.2MB,33
2026-07-30 20:45:03,mapir-ffmpeg,29.37%,170.8MiB / 30.66GiB,0.54%,0B / 0B,0B / 1.61MB,33
2026-07-30 20:45:03,nav2,5.66%,206.7MiB / 30.66GiB,0.66%,0B / 0B,0B / 1.61MB,93
2026-07-30 20:45:03,glim,78.55%,520.1MiB / 30.66GiB,1.66%,0B / 0B,0B / 11.6MB,37
2026-07-30 20:45:06,foxglove,12.29%,480MiB / 30.66GiB,1.53%,0B / 0B,0B / 3.39MB,31
2026-07-30 20:45:06,docker-recorder-run-c43348258146,0.00%,10.29MiB / 30.66GiB,0.03%,0B / 0B,0B / 9.52MB,1
2026-07-30 20:45:06,ouster,7.83%,121.7MiB / 30.66GiB,0.39%,0B / 0B,131kB / 2.85MB,29
2026-07-30 20:45:06,scovox,71.30%,283.3MiB / 30.66GiB,0.90%,0B / 0B,0B / 6.18MB,53
2026-07-30 20:45:06,openzen,2.62%,33.9MiB / 30.66GiB,0.11%,0B / 0B,0B / 2.15MB,20
2026-07-30 20:45:06,trav_ros2,101.18%,426.1MiB / 30.66GiB,1.36%,0B / 0B,0B / 14.4MB,44
2026-07-30 20:45:06,realsense,17.49%,94.75MiB / 30.66GiB,0.30%,0B / 0B,0B / 3.2MB,33
2026-07-30 20:45:06,mapir-ffmpeg,30.34%,171.8MiB / 30.66GiB,0.55%,0B / 0B,0B / 1.61MB,33
2026-07-30 20:45:06,nav2,5.79%,206.9MiB / 30.66GiB,0.66%,0B / 0B,0B / 1.61MB,93
2026-07-30 20:45:06,glim,74.37%,520.2MiB / 30.66GiB,1.66%,0B / 0B,0B / 11.6MB,37
2026-07-30 20:45:09,foxglove,11.61%,479.9MiB / 30.66GiB,1.53%,0B / 0B,0B / 3.39MB,31
2026-07-30 20:45:09,docker-recorder-run-c43348258146,0.00%,10.29MiB / 30.66GiB,0.03%,0B / 0B,0B / 9.52MB,1
2026-07-30 20:45:09,ouster,6.91%,121.7MiB / 30.66GiB,0.39%,0B / 0B,131kB / 2.85MB,29
2026-07-30 20:45:09,scovox,55.14%,309.1MiB / 30.66GiB,0.98%,0B / 0B,0B / 6.18MB,53
2026-07-30 20:45:09,openzen,2.33%,33.9MiB / 30.66GiB,0.11%,0B / 0B,0B / 2.15MB,20
2026-07-30 20:45:09,trav_ros2,100.48%,390.6MiB / 30.66GiB,1.24%,0B / 0B,0B / 14.4MB,44
2026-07-30 20:45:09,realsense,17.14%,95MiB / 30.66GiB,0.30%,0B / 0B,0B / 3.2MB,33
2026-07-30 20:45:09,mapir-ffmpeg,29.58%,171.1MiB / 30.66GiB,0.54%,0B / 0B,0B / 1.61MB,33
2026-07-30 20:45:09,nav2,5.59%,206.5MiB / 30.66GiB,0.66%,0B / 0B,0B / 1.61MB,93
2026-07-30 20:45:09,glim,76.63%,520.7MiB / 30.66GiB,1.66%,0B / 0B,0B / 11.6MB,37
2026-07-30 20:45:13,foxglove,11.70%,479.6MiB / 30.66GiB,1.53%,0B / 0B,0B / 3.39MB,31
2026-07-30 20:45:13,docker-recorder-run-c43348258146,0.00%,10.29MiB / 30.66GiB,0.03%,0B / 0B,0B / 9.52MB,1
2026-07-30 20:45:13,ouster,7.33%,121.4MiB / 30.66GiB,0.39%,0B / 0B,131kB / 2.85MB,29
2026-07-30 20:45:13,scovox,77.42%,283.6MiB / 30.66GiB,0.90%,0B / 0B,0B / 6.19MB,53
2026-07-30 20:45:13,openzen,2.55%,33.9MiB / 30.66GiB,0.11%,0B / 0B,0B / 2.15MB,20
2026-07-30 20:45:13,trav_ros2,100.65%,384.5MiB / 30.66GiB,1.22%,0B / 0B,0B / 14.4MB,44
2026-07-30 20:45:13,realsense,18.29%,94.75MiB / 30.66GiB,0.30%,0B / 0B,0B / 3.2MB,33
2026-07-30 20:45:13,mapir-ffmpeg,30.94%,171.3MiB / 30.66GiB,0.55%,0B / 0B,0B / 1.62MB,33
2026-07-30 20:45:13,nav2,5.97%,206.4MiB / 30.66GiB,0.66%,0B / 0B,0B / 1.63MB,93
2026-07-30 20:45:13,glim,76.31%,521.3MiB / 30.66GiB,1.66%,0B / 0B,0B / 11.6MB,37
2026-07-30 20:45:16,foxglove,10.96%,480.1MiB / 30.66GiB,1.53%,0B / 0B,0B / 3.39MB,31
2026-07-30 20:45:16,docker-recorder-run-c43348258146,0.00%,10.29MiB / 30.66GiB,0.03%,0B / 0B,0B / 9.52MB,1
2026-07-30 20:45:16,ouster,7.41%,121.3MiB / 30.66GiB,0.39%,0B / 0B,131kB / 2.85MB,29
2026-07-30 20:45:16,scovox,50.74%,314.6MiB / 30.66GiB,1.00%,0B / 0B,0B / 6.19MB,53
2026-07-30 20:45:16,openzen,2.60%,33.9MiB / 30.66GiB,0.11%,0B / 0B,0B / 2.15MB,20
2026-07-30 20:45:16,trav_ros2,100.69%,384.6MiB / 30.66GiB,1.22%,0B / 0B,0B / 14.4MB,44
2026-07-30 20:45:16,realsense,16.78%,94.76MiB / 30.66GiB,0.30%,0B / 0B,0B / 3.2MB,33
2026-07-30 20:45:16,mapir-ffmpeg,29.59%,171.1MiB / 30.66GiB,0.54%,0B / 0B,0B / 1.62MB,33
2026-07-30 20:45:16,nav2,5.58%,206.6MiB / 30.66GiB,0.66%,0B / 0B,0B / 1.63MB,93
2026-07-30 20:45:16,glim,76.78%,520.8MiB / 30.66GiB,1.66%,0B / 0B,0B / 11.6MB,37
2026-07-30 20:45:19,foxglove,12.90%,487.8MiB / 30.66GiB,1.55%,0B / 0B,0B / 3.39MB,31
2026-07-30 20:45:19,docker-recorder-run-c43348258146,0.00%,10.29MiB / 30.66GiB,0.03%,0B / 0B,0B / 9.52MB,1
2026-07-30 20:45:19,ouster,6.95%,121.6MiB / 30.66GiB,0.39%,0B / 0B,131kB / 2.85MB,29
2026-07-30 20:45:19,scovox,74.84%,283.2MiB / 30.66GiB,0.90%,0B / 0B,0B / 6.28MB,53
2026-07-30 20:45:19,openzen,2.49%,33.9MiB / 30.66GiB,0.11%,0B / 0B,0B / 2.15MB,20
2026-07-30 20:45:19,trav_ros2,101.22%,390.1MiB / 30.66GiB,1.24%,0B / 0B,0B / 14.4MB,44
2026-07-30 20:45:19,realsense,16.96%,94.51MiB / 30.66GiB,0.30%,0B / 0B,0B / 3.2MB,33
2026-07-30 20:45:19,mapir-ffmpeg,30.35%,171.1MiB / 30.66GiB,0.54%,0B / 0B,0B / 1.62MB,33
2026-07-30 20:45:19,nav2,6.29%,206.6MiB / 30.66GiB,0.66%,0B / 0B,0B / 1.63MB,93
2026-07-30 20:45:19,glim,71.42%,521.5MiB / 30.66GiB,1.66%,0B / 0B,0B / 11.6MB,37
2026-07-30 20:45:22,foxglove,11.55%,480.3MiB / 30.66GiB,1.53%,0B / 0B,0B / 3.39MB,31
2026-07-30 20:45:22,docker-recorder-run-c43348258146,0.00%,10.29MiB / 30.66GiB,0.03%,0B / 0B,0B / 9.52MB,1
2026-07-30 20:45:22,ouster,6.91%,121.8MiB / 30.66GiB,0.39%,0B / 0B,131kB / 2.85MB,29
2026-07-30 20:45:22,scovox,54.54%,319.2MiB / 30.66GiB,1.02%,0B / 0B,0B / 6.28MB,53
2026-07-30 20:45:22,openzen,2.36%,34.15MiB / 30.66GiB,0.11%,0B / 0B,0B / 2.15MB,20
2026-07-30 20:45:22,trav_ros2,101.75%,391.2MiB / 30.66GiB,1.25%,0B / 0B,0B / 14.4MB,44
2026-07-30 20:45:22,realsense,16.52%,94.75MiB / 30.66GiB,0.30%,0B / 0B,0B / 3.2MB,33
2026-07-30 20:45:22,mapir-ffmpeg,29.44%,171.3MiB / 30.66GiB,0.55%,0B / 0B,0B / 1.62MB,33
2026-07-30 20:45:22,nav2,5.66%,206.7MiB / 30.66GiB,0.66%,0B / 0B,0B / 1.63MB,93
2026-07-30 20:45:22,glim,75.06%,521.9MiB / 30.66GiB,1.66%,0B / 0B,0B / 11.6MB,37
2026-07-30 20:45:25,foxglove,12.71%,488MiB / 30.66GiB,1.55%,0B / 0B,0B / 3.39MB,31
2026-07-30 20:45:25,docker-recorder-run-c43348258146,0.00%,10.29MiB / 30.66GiB,0.03%,0B / 0B,0B / 9.52MB,1
2026-07-30 20:45:25,ouster,7.00%,121.6MiB / 30.66GiB,0.39%,0B / 0B,131kB / 2.85MB,29
2026-07-30 20:45:25,scovox,77.00%,283.1MiB / 30.66GiB,0.90%,0B / 0B,0B / 6.28MB,53
2026-07-30 20:45:25,openzen,2.43%,34.15MiB / 30.66GiB,0.11%,0B / 0B,0B / 2.15MB,20
2026-07-30 20:45:25,trav_ros2,102.22%,391MiB / 30.66GiB,1.25%,0B / 0B,0B / 14.4MB,44
2026-07-30 20:45:25,realsense,17.02%,94.75MiB / 30.66GiB,0.30%,0B / 0B,0B / 3.2MB,33
2026-07-30 20:45:25,mapir-ffmpeg,29.67%,170.8MiB / 30.66GiB,0.54%,0B / 0B,0B / 1.62MB,33
2026-07-30 20:45:25,nav2,5.85%,206.6MiB / 30.66GiB,0.66%,0B / 0B,0B / 1.63MB,93
2026-07-30 20:45:25,glim,75.60%,522.5MiB / 30.66GiB,1.66%,0B / 0B,0B / 11.6MB,37
2026-07-30 20:45:28,foxglove,12.78%,487.7MiB / 30.66GiB,1.55%,0B / 0B,0B / 3.39MB,31
2026-07-30 20:45:28,docker-recorder-run-c43348258146,0.00%,10.29MiB / 30.66GiB,0.03%,0B / 0B,0B / 9.52MB,1
2026-07-30 20:45:28,ouster,7.29%,121.3MiB / 30.66GiB,0.39%,0B / 0B,131kB / 2.85MB,29
2026-07-30 20:45:28,scovox,69.95%,321.1MiB / 30.66GiB,1.02%,0B / 0B,0B / 6.28MB,53
2026-07-30 20:45:28,openzen,2.64%,34.39MiB / 30.66GiB,0.11%,0B / 0B,0B / 2.15MB,20
2026-07-30 20:45:28,trav_ros2,102.00%,384.9MiB / 30.66GiB,1.23%,0B / 0B,0B / 14.4MB,44
2026-07-30 20:45:28,realsense,17.21%,94.51MiB / 30.66GiB,0.30%,0B / 0B,0B / 3.2MB,33
2026-07-30 20:45:28,mapir-ffmpeg,30.34%,171.3MiB / 30.66GiB,0.55%,0B / 0B,0B / 1.62MB,33
2026-07-30 20:45:28,nav2,6.89%,208MiB / 30.66GiB,0.66%,0B / 0B,0B / 1.63MB,93
2026-07-30 20:45:28,glim,78.00%,523.3MiB / 30.66GiB,1.67%,0B / 0B,0B / 11.6MB,37
2026-07-30 20:45:31,foxglove,11.72%,480.5MiB / 30.66GiB,1.53%,0B / 0B,0B / 3.39MB,31
2026-07-30 20:45:31,docker-recorder-run-c43348258146,0.00%,10.29MiB / 30.66GiB,0.03%,0B / 0B,0B / 9.52MB,1
2026-07-30 20:45:31,ouster,7.06%,121.5MiB / 30.66GiB,0.39%,0B / 0B,131kB / 2.85MB,29
2026-07-30 20:45:31,scovox,64.21%,308.6MiB / 30.66GiB,0.98%,0B / 0B,0B / 6.28MB,53
2026-07-30 20:45:31,openzen,2.43%,34.15MiB / 30.66GiB,0.11%,0B / 0B,0B / 2.15MB,20
2026-07-30 20:45:31,trav_ros2,102.29%,391.2MiB / 30.66GiB,1.25%,0B / 0B,0B / 14.4MB,44
2026-07-30 20:45:31,realsense,17.27%,94.76MiB / 30.66GiB,0.30%,0B / 0B,0B / 3.2MB,33
2026-07-30 20:45:31,mapir-ffmpeg,29.92%,171.3MiB / 30.66GiB,0.55%,0B / 0B,0B / 1.62MB,33
2026-07-30 20:45:31,nav2,5.75%,207.4MiB / 30.66GiB,0.66%,0B / 0B,0B / 1.63MB,93
2026-07-30 20:45:31,glim,78.99%,522.8MiB / 30.66GiB,1.67%,0B / 0B,0B / 11.6MB,37
2026-07-30 20:45:34,foxglove,12.33%,487.6MiB / 30.66GiB,1.55%,0B / 0B,0B / 3.39MB,31
2026-07-30 20:45:34,docker-recorder-run-c43348258146,0.00%,10.29MiB / 30.66GiB,0.03%,0B / 0B,0B / 9.52MB,1
2026-07-30 20:45:34,ouster,6.89%,121.2MiB / 30.66GiB,0.39%,0B / 0B,131kB / 2.85MB,29
2026-07-30 20:45:34,scovox,81.61%,283.6MiB / 30.66GiB,0.90%,0B / 0B,0B / 6.28MB,53
2026-07-30 20:45:34,openzen,2.54%,34.15MiB / 30.66GiB,0.11%,0B / 0B,0B / 2.15MB,20
2026-07-30 20:45:34,trav_ros2,101.66%,390.9MiB / 30.66GiB,1.24%,0B / 0B,0B / 14.4MB,44
2026-07-30 20:45:34,realsense,16.90%,95.01MiB / 30.66GiB,0.30%,0B / 0B,0B / 3.2MB,33
2026-07-30 20:45:34,mapir-ffmpeg,29.73%,170.8MiB / 30.66GiB,0.54%,0B / 0B,0B / 1.62MB,33
2026-07-30 20:45:34,nav2,6.65%,206.9MiB / 30.66GiB,0.66%,0B / 0B,0B / 1.63MB,93
2026-07-30 20:45:34,glim,79.04%,523.2MiB / 30.66GiB,1.67%,0B / 0B,0B / 11.6MB,37
2026-07-30 20:45:38,foxglove,11.28%,479.4MiB / 30.66GiB,1.53%,0B / 0B,0B / 3.39MB,31
2026-07-30 20:45:38,docker-recorder-run-c43348258146,0.00%,10.29MiB / 30.66GiB,0.03%,0B / 0B,0B / 9.52MB,1
2026-07-30 20:45:38,ouster,6.93%,121.5MiB / 30.66GiB,0.39%,0B / 0B,131kB / 2.85MB,29
2026-07-30 20:45:38,scovox,52.37%,311.5MiB / 30.66GiB,0.99%,0B / 0B,0B / 6.28MB,53
2026-07-30 20:45:38,openzen,2.63%,34.15MiB / 30.66GiB,0.11%,0B / 0B,0B / 2.15MB,20
2026-07-30 20:45:38,trav_ros2,100.80%,385.3MiB / 30.66GiB,1.23%,0B / 0B,0B / 14.4MB,44
2026-07-30 20:45:38,realsense,16.64%,95.76MiB / 30.66GiB,0.30%,0B / 0B,0B / 3.2MB,33
2026-07-30 20:45:38,mapir-ffmpeg,29.04%,171.1MiB / 30.66GiB,0.54%,0B / 0B,0B / 1.62MB,33
2026-07-30 20:45:38,nav2,5.46%,206.8MiB / 30.66GiB,0.66%,0B / 0B,0B / 1.63MB,93
2026-07-30 20:45:38,glim,71.98%,523.2MiB / 30.66GiB,1.67%,0B / 0B,0B / 11.6MB,37
2026-07-30 20:45:41,foxglove,11.82%,482MiB / 30.66GiB,1.54%,0B / 0B,0B / 3.39MB,31
2026-07-30 20:45:41,docker-recorder-run-c43348258146,0.00%,10.29MiB / 30.66GiB,0.03%,0B / 0B,0B / 9.52MB,1
2026-07-30 20:45:41,ouster,6.95%,121.5MiB / 30.66GiB,0.39%,0B / 0B,131kB / 2.85MB,29
2026-07-30 20:45:41,scovox,80.37%,283.6MiB / 30.66GiB,0.90%,0B / 0B,0B / 6.28MB,53
2026-07-30 20:45:41,openzen,2.56%,34.15MiB / 30.66GiB,0.11%,0B / 0B,0B / 2.15MB,20
2026-07-30 20:45:41,trav_ros2,100.64%,391MiB / 30.66GiB,1.25%,0B / 0B,0B / 14.4MB,44
2026-07-30 20:45:41,realsense,16.65%,95MiB / 30.66GiB,0.30%,0B / 0B,0B / 3.2MB,33
2026-07-30 20:45:41,mapir-ffmpeg,28.74%,170.8MiB / 30.66GiB,0.54%,0B / 0B,0B / 1.62MB,33
2026-07-30 20:45:41,nav2,5.53%,206.8MiB / 30.66GiB,0.66%,0B / 0B,0B / 1.63MB,93
2026-07-30 20:45:41,glim,78.13%,523.5MiB / 30.66GiB,1.67%,0B / 0B,0B / 11.6MB,37
2026-07-30 20:45:44,foxglove,12.10%,487.7MiB / 30.66GiB,1.55%,0B / 0B,0B / 3.39MB,31
2026-07-30 20:45:44,docker-recorder-run-c43348258146,0.00%,10.29MiB / 30.66GiB,0.03%,0B / 0B,0B / 9.52MB,1
2026-07-30 20:45:44,ouster,7.14%,121.6MiB / 30.66GiB,0.39%,0B / 0B,131kB / 2.85MB,29
2026-07-30 20:45:44,scovox,60.18%,320.1MiB / 30.66GiB,1.02%,0B / 0B,0B / 6.28MB,53
2026-07-30 20:45:44,openzen,2.65%,34.66MiB / 30.66GiB,0.11%,0B / 0B,0B / 2.15MB,20
2026-07-30 20:45:44,trav_ros2,100.95%,390.7MiB / 30.66GiB,1.24%,0B / 0B,0B / 14.4MB,44
2026-07-30 20:45:44,realsense,17.11%,94.76MiB / 30.66GiB,0.30%,0B / 0B,0B / 3.2MB,33
2026-07-30 20:45:44,mapir-ffmpeg,29.80%,170.8MiB / 30.66GiB,0.54%,0B / 0B,0B / 1.62MB,33
2026-07-30 20:45:44,nav2,6.69%,207.4MiB / 30.66GiB,0.66%,0B / 0B,0B / 1.63MB,93
2026-07-30 20:45:44,glim,76.06%,523.6MiB / 30.66GiB,1.67%,0B / 0B,0B / 11.6MB,37
2026-07-30 20:45:47,foxglove,12.52%,488MiB / 30.66GiB,1.55%,0B / 0B,0B / 3.39MB,31
2026-07-30 20:45:47,docker-recorder-run-c43348258146,0.00%,10.29MiB / 30.66GiB,0.03%,0B / 0B,0B / 9.52MB,1
2026-07-30 20:45:47,ouster,7.70%,121.5MiB / 30.66GiB,0.39%,0B / 0B,131kB / 2.85MB,29
2026-07-30 20:45:47,scovox,79.79%,283.9MiB / 30.66GiB,0.90%,0B / 0B,0B / 6.28MB,53
2026-07-30 20:45:47,openzen,2.57%,34.39MiB / 30.66GiB,0.11%,0B / 0B,0B / 2.15MB,20
2026-07-30 20:45:47,trav_ros2,101.37%,380.1MiB / 30.66GiB,1.21%,0B / 0B,0B / 14.4MB,44
2026-07-30 20:45:47,realsense,17.43%,94.51MiB / 30.66GiB,0.30%,0B / 0B,0B / 3.2MB,33
2026-07-30 20:45:47,mapir-ffmpeg,29.80%,171.1MiB / 30.66GiB,0.54%,0B / 0B,0B / 1.62MB,33
2026-07-30 20:45:47,nav2,6.47%,206.9MiB / 30.66GiB,0.66%,0B / 0B,0B / 1.65MB,93
2026-07-30 20:45:47,glim,77.86%,524.6MiB / 30.66GiB,1.67%,0B / 0B,0B / 11.6MB,37
2026-07-30 20:45:50,foxglove,12.06%,487.9MiB / 30.66GiB,1.55%,0B / 0B,0B / 3.39MB,31
2026-07-30 20:45:50,docker-recorder-run-c43348258146,0.00%,10.29MiB / 30.66GiB,0.03%,0B / 0B,0B / 9.52MB,1
2026-07-30 20:45:50,ouster,7.24%,121.5MiB / 30.66GiB,0.39%,0B / 0B,131kB / 2.85MB,29
2026-07-30 20:45:50,scovox,65.55%,324MiB / 30.66GiB,1.03%,0B / 0B,0B / 6.29MB,53
2026-07-30 20:45:50,openzen,2.55%,34.14MiB / 30.66GiB,0.11%,0B / 0B,0B / 2.15MB,20
2026-07-30 20:45:50,trav_ros2,101.33%,389.3MiB / 30.66GiB,1.24%,0B / 0B,0B / 14.4MB,44
2026-07-30 20:45:50,realsense,17.06%,94.76MiB / 30.66GiB,0.30%,0B / 0B,0B / 3.2MB,33
2026-07-30 20:45:50,mapir-ffmpeg,29.55%,170.8MiB / 30.66GiB,0.54%,0B / 0B,0B / 1.63MB,33
2026-07-30 20:45:50,nav2,5.93%,206.7MiB / 30.66GiB,0.66%,0B / 0B,0B / 1.65MB,93
2026-07-30 20:45:50,glim,80.57%,524.3MiB / 30.66GiB,1.67%,0B / 0B,0B / 11.6MB,37
2026-07-30 20:45:53,foxglove,12.10%,487.5MiB / 30.66GiB,1.55%,0B / 0B,0B / 3.39MB,31
2026-07-30 20:45:53,docker-recorder-run-c43348258146,0.00%,10.29MiB / 30.66GiB,0.03%,0B / 0B,0B / 9.52MB,1
2026-07-30 20:45:53,ouster,7.48%,121.9MiB / 30.66GiB,0.39%,0B / 0B,131kB / 2.85MB,29
2026-07-30 20:45:53,scovox,69.66%,307.9MiB / 30.66GiB,0.98%,0B / 0B,0B / 6.39MB,53
2026-07-30 20:45:53,openzen,2.52%,34.39MiB / 30.66GiB,0.11%,0B / 0B,0B / 2.15MB,20
2026-07-30 20:45:53,trav_ros2,101.53%,424.9MiB / 30.66GiB,1.35%,0B / 0B,0B / 14.4MB,44
2026-07-30 20:45:53,realsense,16.95%,94.76MiB / 30.66GiB,0.30%,0B / 0B,0B / 3.2MB,33
2026-07-30 20:45:53,mapir-ffmpeg,29.49%,171.6MiB / 30.66GiB,0.55%,0B / 0B,0B / 1.63MB,33
2026-07-30 20:45:53,nav2,5.98%,206.4MiB / 30.66GiB,0.66%,0B / 0B,0B / 1.65MB,93
2026-07-30 20:45:53,glim,76.41%,525.2MiB / 30.66GiB,1.67%,0B / 0B,0B / 11.6MB,37
2026-07-30 20:45:56,foxglove,12.44%,487.9MiB / 30.66GiB,1.55%,0B / 0B,0B / 3.39MB,31
2026-07-30 20:45:56,docker-recorder-run-c43348258146,0.00%,10.29MiB / 30.66GiB,0.03%,0B / 0B,0B / 9.52MB,1
2026-07-30 20:45:56,ouster,7.22%,121.7MiB / 30.66GiB,0.39%,0B / 0B,131kB / 2.85MB,29
2026-07-30 20:45:56,scovox,77.14%,284.1MiB / 30.66GiB,0.90%,0B / 0B,0B / 6.39MB,53
2026-07-30 20:45:56,openzen,2.43%,34.15MiB / 30.66GiB,0.11%,0B / 0B,0B / 2.15MB,20
2026-07-30 20:45:56,trav_ros2,101.72%,393.2MiB / 30.66GiB,1.25%,0B / 0B,0B / 14.4MB,44
2026-07-30 20:45:56,realsense,17.28%,94.51MiB / 30.66GiB,0.30%,0B / 0B,0B / 3.2MB,33
2026-07-30 20:45:56,mapir-ffmpeg,29.64%,171.6MiB / 30.66GiB,0.55%,0B / 0B,0B / 1.63MB,33
2026-07-30 20:45:56,nav2,5.94%,206.6MiB / 30.66GiB,0.66%,0B / 0B,0B / 1.65MB,93
2026-07-30 20:45:56,glim,78.31%,525.6MiB / 30.66GiB,1.67%,0B / 0B,0B / 11.6MB,37
2026-07-30 20:46:00,foxglove,12.44%,487.9MiB / 30.66GiB,1.55%,0B / 0B,0B / 3.39MB,31
2026-07-30 20:46:00,docker-recorder-run-c43348258146,0.00%,10.29MiB / 30.66GiB,0.03%,0B / 0B,0B / 9.52MB,1
2026-07-30 20:46:00,ouster,7.21%,121.8MiB / 30.66GiB,0.39%,0B / 0B,131kB / 2.85MB,29
2026-07-30 20:46:00,scovox,66.81%,313.6MiB / 30.66GiB,1.00%,0B / 0B,0B / 6.39MB,53
2026-07-30 20:46:00,openzen,2.64%,34.15MiB / 30.66GiB,0.11%,0B / 0B,0B / 2.15MB,20
2026-07-30 20:46:00,trav_ros2,101.87%,391.1MiB / 30.66GiB,1.25%,0B / 0B,0B / 14.4MB,44
2026-07-30 20:46:00,realsense,17.76%,94.51MiB / 30.66GiB,0.30%,0B / 0B,0B / 3.2MB,33
2026-07-30 20:46:00,mapir-ffmpeg,30.24%,171.1MiB / 30.66GiB,0.54%,0B / 0B,0B / 1.63MB,33
2026-07-30 20:46:00,nav2,6.48%,208.4MiB / 30.66GiB,0.66%,0B / 0B,0B / 1.65MB,93
2026-07-30 20:46:00,glim,76.78%,525.5MiB / 30.66GiB,1.67%,0B / 0B,0B / 11.6MB,37
2026-07-30 20:46:03,foxglove,12.89%,488MiB / 30.66GiB,1.55%,0B / 0B,0B / 3.39MB,31
2026-07-30 20:46:03,docker-recorder-run-c43348258146,0.00%,10.29MiB / 30.66GiB,0.03%,0B / 0B,0B / 9.52MB,1
2026-07-30 20:46:03,ouster,7.14%,121.6MiB / 30.66GiB,0.39%,0B / 0B,131kB / 2.85MB,29
2026-07-30 20:46:03,scovox,86.87%,284.4MiB / 30.66GiB,0.91%,0B / 0B,0B / 6.39MB,53
2026-07-30 20:46:03,openzen,2.59%,34.15MiB / 30.66GiB,0.11%,0B / 0B,0B / 2.15MB,20
2026-07-30 20:46:03,trav_ros2,101.55%,390.8MiB / 30.66GiB,1.24%,0B / 0B,0B / 14.4MB,44
2026-07-30 20:46:03,realsense,17.30%,94.76MiB / 30.66GiB,0.30%,0B / 0B,0B / 3.2MB,33
2026-07-30 20:46:03,mapir-ffmpeg,29.71%,171.3MiB / 30.66GiB,0.55%,0B / 0B,0B / 1.63MB,33
2026-07-30 20:46:03,nav2,6.46%,206.5MiB / 30.66GiB,0.66%,0B / 0B,0B / 1.65MB,93
2026-07-30 20:46:03,glim,75.07%,526.2MiB / 30.66GiB,1.68%,0B / 0B,0B / 11.6MB,37
2026-07-30 20:46:06,foxglove,12.42%,488.2MiB / 30.66GiB,1.55%,0B / 0B,0B / 3.39MB,31
2026-07-30 20:46:06,docker-recorder-run-c43348258146,0.00%,10.29MiB / 30.66GiB,0.03%,0B / 0B,0B / 9.52MB,1
2026-07-30 20:46:06,ouster,6.86%,121.5MiB / 30.66GiB,0.39%,0B / 0B,131kB / 2.85MB,29
2026-07-30 20:46:06,scovox,57.65%,317.8MiB / 30.66GiB,1.01%,0B / 0B,0B / 6.39MB,53
2026-07-30 20:46:06,openzen,2.47%,33.9MiB / 30.66GiB,0.11%,0B / 0B,0B / 2.15MB,20
2026-07-30 20:46:06,trav_ros2,101.09%,388.2MiB / 30.66GiB,1.24%,0B / 0B,0B / 14.4MB,44
2026-07-30 20:46:06,realsense,16.86%,94.51MiB / 30.66GiB,0.30%,0B / 0B,0B / 3.2MB,33
2026-07-30 20:46:06,mapir-ffmpeg,30.23%,171.1MiB / 30.66GiB,0.54%,0B / 0B,0B / 1.63MB,33
2026-07-30 20:46:06,nav2,5.94%,206.4MiB / 30.66GiB,0.66%,0B / 0B,0B / 1.65MB,93
2026-07-30 20:46:06,glim,77.39%,526.4MiB / 30.66GiB,1.68%,0B / 0B,0B / 11.6MB,37
2026-07-30 20:46:09,foxglove,12.26%,480MiB / 30.66GiB,1.53%,0B / 0B,0B / 3.39MB,31
2026-07-30 20:46:09,docker-recorder-run-c43348258146,0.00%,10.29MiB / 30.66GiB,0.03%,0B / 0B,0B / 9.52MB,1
2026-07-30 20:46:09,ouster,7.09%,121.3MiB / 30.66GiB,0.39%,0B / 0B,131kB / 2.85MB,29
2026-07-30 20:46:09,scovox,79.43%,283.1MiB / 30.66GiB,0.90%,0B / 0B,0B / 6.39MB,53
2026-07-30 20:46:09,openzen,2.45%,33.9MiB / 30.66GiB,0.11%,0B / 0B,0B / 2.15MB,20
2026-07-30 20:46:09,trav_ros2,101.29%,391.6MiB / 30.66GiB,1.25%,0B / 0B,0B / 14.4MB,44
2026-07-30 20:46:09,realsense,16.58%,94.76MiB / 30.66GiB,0.30%,0B / 0B,0B / 3.2MB,33
2026-07-30 20:46:09,mapir-ffmpeg,30.51%,171.3MiB / 30.66GiB,0.55%,0B / 0B,0B / 1.63MB,33
2026-07-30 20:46:09,nav2,6.17%,200.1MiB / 30.66GiB,0.64%,0B / 0B,0B / 1.65MB,93
2026-07-30 20:46:09,glim,77.77%,526.7MiB / 30.66GiB,1.68%,0B / 0B,0B / 11.6MB,37
2026-07-30 20:46:12,foxglove,11.77%,488.6MiB / 30.66GiB,1.56%,0B / 0B,0B / 3.39MB,31
2026-07-30 20:46:12,docker-recorder-run-c43348258146,0.00%,10.29MiB / 30.66GiB,0.03%,0B / 0B,0B / 9.52MB,1
2026-07-30 20:46:12,ouster,7.12%,121.3MiB / 30.66GiB,0.39%,0B / 0B,131kB / 2.85MB,29
2026-07-30 20:46:12,scovox,58.45%,324.2MiB / 30.66GiB,1.03%,0B / 0B,0B / 6.39MB,53
2026-07-30 20:46:12,openzen,2.34%,33.9MiB / 30.66GiB,0.11%,0B / 0B,0B / 2.15MB,20
2026-07-30 20:46:12,trav_ros2,100.88%,389.9MiB / 30.66GiB,1.24%,0B / 0B,0B / 14.4MB,44
2026-07-30 20:46:12,realsense,16.68%,94.76MiB / 30.66GiB,0.30%,0B / 0B,0B / 3.2MB,33
2026-07-30 20:46:12,mapir-ffmpeg,29.07%,171.3MiB / 30.66GiB,0.55%,0B / 0B,0B / 1.63MB,33
2026-07-30 20:46:12,nav2,6.25%,206.7MiB / 30.66GiB,0.66%,0B / 0B,0B / 1.65MB,93
2026-07-30 20:46:12,glim,75.98%,526.6MiB / 30.66GiB,1.68%,0B / 0B,0B / 11.6MB,37
2026-07-30 20:46:15,foxglove,12.40%,487.7MiB / 30.66GiB,1.55%,0B / 0B,0B / 3.39MB,31
2026-07-30 20:46:15,docker-recorder-run-c43348258146,0.00%,10.29MiB / 30.66GiB,0.03%,0B / 0B,0B / 9.52MB,1
2026-07-30 20:46:15,ouster,7.03%,121.5MiB / 30.66GiB,0.39%,0B / 0B,131kB / 2.85MB,29
2026-07-30 20:46:15,scovox,71.08%,283.3MiB / 30.66GiB,0.90%,0B / 0B,0B / 6.39MB,53
2026-07-30 20:46:15,openzen,2.44%,33.9MiB / 30.66GiB,0.11%,0B / 0B,0B / 2.15MB,20
2026-07-30 20:46:15,trav_ros2,101.34%,392.2MiB / 30.66GiB,1.25%,0B / 0B,0B / 14.4MB,44
2026-07-30 20:46:15,realsense,16.53%,94.76MiB / 30.66GiB,0.30%,0B / 0B,0B / 3.2MB,33
2026-07-30 20:46:15,mapir-ffmpeg,30.00%,171.1MiB / 30.66GiB,0.54%,0B / 0B,0B / 1.63MB,33
2026-07-30 20:46:15,nav2,6.32%,206.8MiB / 30.66GiB,0.66%,0B / 0B,0B / 1.65MB,93
2026-07-30 20:46:15,glim,79.93%,527MiB / 30.66GiB,1.68%,0B / 0B,0B / 11.6MB,37
2026-07-30 20:46:18,foxglove,12.11%,490MiB / 30.66GiB,1.56%,0B / 0B,0B / 3.39MB,31
2026-07-30 20:46:18,docker-recorder-run-c43348258146,0.00%,10.29MiB / 30.66GiB,0.03%,0B / 0B,0B / 9.52MB,1
2026-07-30 20:46:18,ouster,7.04%,121.4MiB / 30.66GiB,0.39%,0B / 0B,131kB / 2.85MB,29
2026-07-30 20:46:18,scovox,71.16%,284.2MiB / 30.66GiB,0.91%,0B / 0B,0B / 6.39MB,53
2026-07-30 20:46:18,openzen,2.45%,33.9MiB / 30.66GiB,0.11%,0B / 0B,0B / 2.15MB,20
2026-07-30 20:46:18,trav_ros2,101.81%,390.3MiB / 30.66GiB,1.24%,0B / 0B,0B / 14.4MB,44
2026-07-30 20:46:18,realsense,17.39%,94.75MiB / 30.66GiB,0.30%,0B / 0B,0B / 3.2MB,33
2026-07-30 20:46:18,mapir-ffmpeg,29.32%,171.1MiB / 30.66GiB,0.54%,0B / 0B,0B / 1.63MB,33
2026-07-30 20:46:18,nav2,6.16%,207MiB / 30.66GiB,0.66%,0B / 0B,0B / 1.65MB,93
2026-07-30 20:46:18,glim,78.17%,527MiB / 30.66GiB,1.68%,0B / 0B,0B / 11.6MB,37
2026-07-30 20:46:21,foxglove,12.82%,488.4MiB / 30.66GiB,1.56%,0B / 0B,0B / 3.39MB,31
2026-07-30 20:46:21,docker-recorder-run-c43348258146,0.00%,10.29MiB / 30.66GiB,0.03%,0B / 0B,0B / 9.52MB,1
2026-07-30 20:46:21,ouster,6.88%,121.5MiB / 30.66GiB,0.39%,0B / 0B,131kB / 2.85MB,29
2026-07-30 20:46:21,scovox,64.00%,312.1MiB / 30.66GiB,0.99%,0B / 0B,0B / 6.39MB,53
2026-07-30 20:46:21,openzen,2.30%,34.15MiB / 30.66GiB,0.11%,0B / 0B,0B / 2.15MB,20
2026-07-30 20:46:21,trav_ros2,101.51%,384.4MiB / 30.66GiB,1.22%,0B / 0B,0B / 14.4MB,44
2026-07-30 20:46:21,realsense,16.97%,94.51MiB / 30.66GiB,0.30%,0B / 0B,0B / 3.2MB,33
2026-07-30 20:46:21,mapir-ffmpeg,30.26%,171.1MiB / 30.66GiB,0.54%,0B / 0B,0B / 1.63MB,33
2026-07-30 20:46:21,nav2,6.26%,206.9MiB / 30.66GiB,0.66%,0B / 0B,0B / 1.65MB,93
2026-07-30 20:46:21,glim,77.37%,528.6MiB / 30.66GiB,1.68%,0B / 0B,0B / 11.6MB,37
2026-07-30 20:46:25,foxglove,12.43%,487.7MiB / 30.66GiB,1.55%,0B / 0B,0B / 3.39MB,31
2026-07-30 20:46:25,docker-recorder-run-c43348258146,0.00%,10.29MiB / 30.66GiB,0.03%,0B / 0B,0B / 9.52MB,1
2026-07-30 20:46:25,ouster,7.42%,122MiB / 30.66GiB,0.39%,0B / 0B,131kB / 2.85MB,29
2026-07-30 20:46:25,scovox,80.02%,283.1MiB / 30.66GiB,0.90%,0B / 0B,0B / 6.48MB,53
2026-07-30 20:46:25,openzen,2.65%,33.9MiB / 30.66GiB,0.11%,0B / 0B,0B / 2.15MB,20
2026-07-30 20:46:25,trav_ros2,102.28%,389.6MiB / 30.66GiB,1.24%,0B / 0B,0B / 14.4MB,44
2026-07-30 20:46:25,realsense,17.01%,94.51MiB / 30.66GiB,0.30%,0B / 0B,0B / 3.2MB,33
2026-07-30 20:46:25,mapir-ffmpeg,29.20%,171.3MiB / 30.66GiB,0.55%,0B / 0B,0B / 1.64MB,33
2026-07-30 20:46:25,nav2,6.75%,207.4MiB / 30.66GiB,0.66%,0B / 0B,0B / 1.67MB,93
2026-07-30 20:46:25,glim,80.92%,527.9MiB / 30.66GiB,1.68%,0B / 0B,0B / 11.6MB,37
2026-07-30 20:46:28,foxglove,11.63%,480.2MiB / 30.66GiB,1.53%,0B / 0B,0B / 3.39MB,31
2026-07-30 20:46:28,docker-recorder-run-c43348258146,0.00%,10.29MiB / 30.66GiB,0.03%,0B / 0B,0B / 9.52MB,1
2026-07-30 20:46:28,ouster,6.96%,121.8MiB / 30.66GiB,0.39%,0B / 0B,131kB / 2.85MB,29
2026-07-30 20:46:28,scovox,60.16%,316.3MiB / 30.66GiB,1.01%,0B / 0B,0B / 6.48MB,53
2026-07-30 20:46:28,openzen,2.49%,33.9MiB / 30.66GiB,0.11%,0B / 0B,0B / 2.15MB,20
2026-07-30 20:46:28,trav_ros2,101.87%,389.8MiB / 30.66GiB,1.24%,0B / 0B,0B / 14.4MB,44
2026-07-30 20:46:28,realsense,16.97%,94.76MiB / 30.66GiB,0.30%,0B / 0B,0B / 3.2MB,33
2026-07-30 20:46:28,mapir-ffmpeg,30.13%,171.1MiB / 30.66GiB,0.54%,0B / 0B,0B / 1.64MB,33
2026-07-30 20:46:28,nav2,5.77%,206.7MiB / 30.66GiB,0.66%,0B / 0B,0B / 1.67MB,93
2026-07-30 20:46:28,glim,81.69%,528.9MiB / 30.66GiB,1.68%,0B / 0B,0B / 11.6MB,37
2026-07-30 20:46:31,foxglove,12.12%,480.2MiB / 30.66GiB,1.53%,0B / 0B,0B / 3.39MB,31
2026-07-30 20:46:31,docker-recorder-run-c43348258146,0.00%,10.29MiB / 30.66GiB,0.03%,0B / 0B,0B / 9.52MB,1
2026-07-30 20:46:31,ouster,6.96%,121.4MiB / 30.66GiB,0.39%,0B / 0B,131kB / 2.85MB,29
2026-07-30 20:46:31,scovox,76.75%,283.5MiB / 30.66GiB,0.90%,0B / 0B,0B / 6.48MB,53
2026-07-30 20:46:31,openzen,2.55%,34.15MiB / 30.66GiB,0.11%,0B / 0B,0B / 2.15MB,20
2026-07-30 20:46:31,trav_ros2,101.48%,389.9MiB / 30.66GiB,1.24%,0B / 0B,0B / 14.4MB,44
2026-07-30 20:46:31,realsense,17.09%,94.51MiB / 30.66GiB,0.30%,0B / 0B,0B / 3.2MB,33
2026-07-30 20:46:31,mapir-ffmpeg,28.77%,171.1MiB / 30.66GiB,0.54%,0B / 0B,0B / 1.64MB,33
2026-07-30 20:46:31,nav2,5.70%,206.9MiB / 30.66GiB,0.66%,0B / 0B,0B / 1.67MB,93
2026-07-30 20:46:31,glim,81.75%,528.9MiB / 30.66GiB,1.68%,0B / 0B,0B / 11.6MB,37
2026-07-30 20:46:34,foxglove,11.52%,480.1MiB / 30.66GiB,1.53%,0B / 0B,0B / 3.39MB,31
2026-07-30 20:46:34,docker-recorder-run-c43348258146,0.00%,10.29MiB / 30.66GiB,0.03%,0B / 0B,0B / 9.52MB,1
2026-07-30 20:46:34,ouster,7.06%,121.7MiB / 30.66GiB,0.39%,0B / 0B,131kB / 2.85MB,29
2026-07-30 20:46:34,scovox,58.39%,321.5MiB / 30.66GiB,1.02%,0B / 0B,0B / 6.48MB,53
2026-07-30 20:46:34,openzen,2.56%,34.15MiB / 30.66GiB,0.11%,0B / 0B,0B / 2.15MB,20
2026-07-30 20:46:34,trav_ros2,101.39%,391MiB / 30.66GiB,1.25%,0B / 0B,0B / 14.4MB,44
2026-07-30 20:46:34,realsense,17.11%,94.76MiB / 30.66GiB,0.30%,0B / 0B,0B / 3.2MB,33
2026-07-30 20:46:34,mapir-ffmpeg,29.07%,171.3MiB / 30.66GiB,0.55%,0B / 0B,0B / 1.64MB,33
2026-07-30 20:46:34,nav2,5.85%,206.7MiB / 30.66GiB,0.66%,0B / 0B,0B / 1.67MB,93
2026-07-30 20:46:34,glim,76.60%,528.9MiB / 30.66GiB,1.68%,0B / 0B,0B / 11.6MB,37
2026-07-30 20:46:37,foxglove,13.02%,488MiB / 30.66GiB,1.55%,0B / 0B,0B / 3.39MB,31
2026-07-30 20:46:37,docker-recorder-run-c43348258146,0.00%,10.29MiB / 30.66GiB,0.03%,0B / 0B,0B / 9.52MB,1
2026-07-30 20:46:37,ouster,7.46%,121.5MiB / 30.66GiB,0.39%,0B / 0B,131kB / 2.85MB,29
2026-07-30 20:46:37,scovox,75.04%,283.8MiB / 30.66GiB,0.90%,0B / 0B,0B / 6.48MB,53
2026-07-30 20:46:37,openzen,2.59%,33.9MiB / 30.66GiB,0.11%,0B / 0B,0B / 2.15MB,20
2026-07-30 20:46:37,trav_ros2,101.70%,384.6MiB / 30.66GiB,1.22%,0B / 0B,0B / 14.4MB,44
2026-07-30 20:46:37,realsense,17.27%,94.76MiB / 30.66GiB,0.30%,0B / 0B,0B / 3.2MB,33
2026-07-30 20:46:37,mapir-ffmpeg,29.71%,171.3MiB / 30.66GiB,0.55%,0B / 0B,0B / 1.64MB,33
2026-07-30 20:46:37,nav2,6.21%,206.8MiB / 30.66GiB,0.66%,0B / 0B,0B / 1.67MB,93
2026-07-30 20:46:37,glim,79.33%,529.7MiB / 30.66GiB,1.69%,0B / 0B,0B / 11.6MB,37
2026-07-30 20:46:40,foxglove,12.01%,488.5MiB / 30.66GiB,1.56%,0B / 0B,0B / 3.39MB,31
2026-07-30 20:46:40,docker-recorder-run-c43348258146,0.00%,10.29MiB / 30.66GiB,0.03%,0B / 0B,0B / 9.52MB,1
2026-07-30 20:46:40,ouster,7.56%,121.2MiB / 30.66GiB,0.39%,0B / 0B,131kB / 2.85MB,29
2026-07-30 20:46:40,scovox,67.22%,323.6MiB / 30.66GiB,1.03%,0B / 0B,0B / 6.48MB,53
2026-07-30 20:46:40,openzen,2.75%,33.9MiB / 30.66GiB,0.11%,0B / 0B,0B / 2.15MB,20
2026-07-30 20:46:40,trav_ros2,99.90%,391.4MiB / 30.66GiB,1.25%,0B / 0B,0B / 14.4MB,44
2026-07-30 20:46:40,realsense,17.19%,94.51MiB / 30.66GiB,0.30%,0B / 0B,0B / 3.2MB,33
2026-07-30 20:46:40,mapir-ffmpeg,29.26%,171.3MiB / 30.66GiB,0.55%,0B / 0B,0B / 1.64MB,33
2026-07-30 20:46:40,nav2,6.84%,207.7MiB / 30.66GiB,0.66%,0B / 0B,0B / 1.67MB,93
2026-07-30 20:46:40,glim,70.31%,529.2MiB / 30.66GiB,1.69%,0B / 0B,0B / 11.6MB,37
2026-07-30 20:46:43,foxglove,12.45%,488.1MiB / 30.66GiB,1.55%,0B / 0B,0B / 3.39MB,31
2026-07-30 20:46:43,docker-recorder-run-c43348258146,0.00%,10.29MiB / 30.66GiB,0.03%,0B / 0B,0B / 9.52MB,1
2026-07-30 20:46:43,ouster,7.28%,121.5MiB / 30.66GiB,0.39%,0B / 0B,131kB / 2.85MB,29
2026-07-30 20:46:43,scovox,63.97%,308.3MiB / 30.66GiB,0.98%,0B / 0B,0B / 6.48MB,53
2026-07-30 20:46:43,openzen,2.50%,33.9MiB / 30.66GiB,0.11%,0B / 0B,0B / 2.15MB,20
2026-07-30 20:46:43,trav_ros2,101.16%,384.5MiB / 30.66GiB,1.22%,0B / 0B,0B / 14.4MB,44
2026-07-30 20:46:43,realsense,17.74%,94.51MiB / 30.66GiB,0.30%,0B / 0B,0B / 3.2MB,33
2026-07-30 20:46:43,mapir-ffmpeg,29.90%,171.3MiB / 30.66GiB,0.55%,0B / 0B,0B / 1.64MB,33
2026-07-30 20:46:43,nav2,7.05%,207.2MiB / 30.66GiB,0.66%,0B / 0B,0B / 1.67MB,93
2026-07-30 20:46:43,glim,76.36%,530MiB / 30.66GiB,1.69%,0B / 0B,0B / 11.6MB,37
2026-07-30 20:46:46,foxglove,12.77%,487.8MiB / 30.66GiB,1.55%,0B / 0B,0B / 3.39MB,31
2026-07-30 20:46:46,docker-recorder-run-c43348258146,0.00%,10.29MiB / 30.66GiB,0.03%,0B / 0B,0B / 9.52MB,1
2026-07-30 20:46:46,ouster,7.30%,121.3MiB / 30.66GiB,0.39%,0B / 0B,131kB / 2.85MB,29
2026-07-30 20:46:46,scovox,75.31%,283.1MiB / 30.66GiB,0.90%,0B / 0B,0B / 6.48MB,53
2026-07-30 20:46:46,openzen,2.55%,33.9MiB / 30.66GiB,0.11%,0B / 0B,0B / 2.15MB,20
2026-07-30 20:46:46,trav_ros2,101.77%,389.8MiB / 30.66GiB,1.24%,0B / 0B,0B / 14.4MB,44
2026-07-30 20:46:46,realsense,18.31%,94.76MiB / 30.66GiB,0.30%,0B / 0B,0B / 3.2MB,33
2026-07-30 20:46:46,mapir-ffmpeg,30.99%,171.3MiB / 30.66GiB,0.55%,0B / 0B,0B / 1.64MB,33
2026-07-30 20:46:46,nav2,6.54%,206.9MiB / 30.66GiB,0.66%,0B / 0B,0B / 1.67MB,93
2026-07-30 20:46:46,glim,81.45%,537.4MiB / 30.66GiB,1.71%,0B / 0B,0B / 11.6MB,37
2026-07-30 20:46:50,foxglove,11.73%,480.1MiB / 30.66GiB,1.53%,0B / 0B,0B / 3.39MB,31
2026-07-30 20:46:50,docker-recorder-run-c43348258146,0.00%,10.29MiB / 30.66GiB,0.03%,0B / 0B,0B / 9.52MB,1
2026-07-30 20:46:50,ouster,6.95%,121.6MiB / 30.66GiB,0.39%,0B / 0B,131kB / 2.85MB,29
2026-07-30 20:46:50,scovox,58.84%,314.1MiB / 30.66GiB,1.00%,0B / 0B,0B / 6.48MB,53
2026-07-30 20:46:50,openzen,2.41%,34.15MiB / 30.66GiB,0.11%,0B / 0B,0B / 2.15MB,20
2026-07-30 20:46:50,trav_ros2,101.83%,384.5MiB / 30.66GiB,1.22%,0B / 0B,0B / 14.4MB,44
2026-07-30 20:46:50,realsense,16.91%,95.26MiB / 30.66GiB,0.30%,0B / 0B,0B / 3.2MB,33
2026-07-30 20:46:50,mapir-ffmpeg,30.54%,171.3MiB / 30.66GiB,0.55%,0B / 0B,0B / 1.64MB,33
2026-07-30 20:46:50,nav2,6.06%,199.1MiB / 30.66GiB,0.63%,0B / 0B,0B / 1.67MB,93
2026-07-30 20:46:50,glim,78.37%,537.6MiB / 30.66GiB,1.71%,0B / 0B,0B / 11.6MB,37
2026-07-30 20:46:53,foxglove,12.91%,488.6MiB / 30.66GiB,1.56%,0B / 0B,0B / 3.39MB,31
2026-07-30 20:46:53,docker-recorder-run-c43348258146,0.00%,10.29MiB / 30.66GiB,0.03%,0B / 0B,0B / 9.52MB,1
2026-07-30 20:46:53,ouster,7.00%,121.3MiB / 30.66GiB,0.39%,0B / 0B,131kB / 2.85MB,29
2026-07-30 20:46:53,scovox,79.82%,283.7MiB / 30.66GiB,0.90%,0B / 0B,0B / 6.48MB,53
2026-07-30 20:46:53,openzen,2.49%,33.9MiB / 30.66GiB,0.11%,0B / 0B,0B / 2.15MB,20
2026-07-30 20:46:53,trav_ros2,101.95%,390.6MiB / 30.66GiB,1.24%,0B / 0B,0B / 14.4MB,44
2026-07-30 20:46:53,realsense,16.80%,94.75MiB / 30.66GiB,0.30%,0B / 0B,0B / 3.2MB,33
2026-07-30 20:46:53,mapir-ffmpeg,29.42%,171.1MiB / 30.66GiB,0.54%,0B / 0B,0B / 1.64MB,33
2026-07-30 20:46:53,nav2,6.24%,206.7MiB / 30.66GiB,0.66%,0B / 0B,0B / 1.67MB,93
2026-07-30 20:46:53,glim,74.95%,538MiB / 30.66GiB,1.71%,0B / 0B,0B / 11.6MB,37
2026-07-30 20:46:56,foxglove,12.40%,489.8MiB / 30.66GiB,1.56%,0B / 0B,0B / 3.39MB,31
2026-07-30 20:46:56,docker-recorder-run-c43348258146,0.00%,10.29MiB / 30.66GiB,0.03%,0B / 0B,0B / 9.52MB,1
2026-07-30 20:46:56,ouster,7.27%,121.7MiB / 30.66GiB,0.39%,0B / 0B,131kB / 2.85MB,29
2026-07-30 20:46:56,scovox,56.82%,318.6MiB / 30.66GiB,1.01%,0B / 0B,0B / 6.48MB,53
2026-07-30 20:46:56,openzen,2.57%,34.15MiB / 30.66GiB,0.11%,0B / 0B,0B / 2.15MB,20
2026-07-30 20:46:56,trav_ros2,102.40%,390.1MiB / 30.66GiB,1.24%,0B / 0B,0B / 14.4MB,44
2026-07-30 20:46:56,realsense,17.04%,94.76MiB / 30.66GiB,0.30%,0B / 0B,0B / 3.2MB,33
2026-07-30 20:46:56,mapir-ffmpeg,29.79%,171.1MiB / 30.66GiB,0.54%,0B / 0B,0B / 1.64MB,33
2026-07-30 20:46:56,nav2,6.96%,206.9MiB / 30.66GiB,0.66%,0B / 0B,0B / 1.67MB,93
2026-07-30 20:46:56,glim,77.70%,538.8MiB / 30.66GiB,1.72%,0B / 0B,0B / 11.6MB,37
2026-07-30 20:46:59,foxglove,11.66%,487.8MiB / 30.66GiB,1.55%,0B / 0B,0B / 3.39MB,31
2026-07-30 20:46:59,docker-recorder-run-c43348258146,0.00%,10.29MiB / 30.66GiB,0.03%,0B / 0B,0B / 9.52MB,1
2026-07-30 20:46:59,ouster,7.41%,121.3MiB / 30.66GiB,0.39%,0B / 0B,131kB / 2.85MB,29
2026-07-30 20:46:59,scovox,85.44%,284.3MiB / 30.66GiB,0.91%,0B / 0B,0B / 6.48MB,53
2026-07-30 20:46:59,openzen,2.64%,33.9MiB / 30.66GiB,0.11%,0B / 0B,0B / 2.15MB,20
2026-07-30 20:46:59,trav_ros2,101.85%,389.5MiB / 30.66GiB,1.24%,0B / 0B,0B / 14.4MB,44
2026-07-30 20:46:59,realsense,16.62%,94.76MiB / 30.66GiB,0.30%,0B / 0B,0B / 3.2MB,33
2026-07-30 20:46:59,mapir-ffmpeg,29.91%,171.1MiB / 30.66GiB,0.54%,0B / 0B,0B / 1.65MB,33
2026-07-30 20:46:59,nav2,6.55%,206.9MiB / 30.66GiB,0.66%,0B / 0B,0B / 1.68MB,93
2026-07-30 20:46:59,glim,78.03%,538.4MiB / 30.66GiB,1.71%,0B / 0B,0B / 11.6MB,37
2026-07-30 20:47:02,foxglove,11.92%,487.9MiB / 30.66GiB,1.55%,0B / 0B,0B / 3.39MB,31
2026-07-30 20:47:02,docker-recorder-run-c43348258146,0.00%,10.29MiB / 30.66GiB,0.03%,0B / 0B,0B / 9.52MB,1
2026-07-30 20:47:02,ouster,6.90%,121.6MiB / 30.66GiB,0.39%,0B / 0B,131kB / 2.85MB,29
2026-07-30 20:47:02,scovox,60.01%,322.1MiB / 30.66GiB,1.03%,0B / 0B,0B / 6.58MB,53
2026-07-30 20:47:02,openzen,2.55%,33.9MiB / 30.66GiB,0.11%,0B / 0B,0B / 2.15MB,20
2026-07-30 20:47:02,trav_ros2,101.72%,396.8MiB / 30.66GiB,1.26%,0B / 0B,0B / 14.4MB,44
2026-07-30 20:47:02,realsense,16.60%,94.51MiB / 30.66GiB,0.30%,0B / 0B,0B / 3.2MB,33
2026-07-30 20:47:02,mapir-ffmpeg,29.97%,171.3MiB / 30.66GiB,0.55%,0B / 0B,0B / 1.65MB,33
2026-07-30 20:47:02,nav2,6.88%,206.7MiB / 30.66GiB,0.66%,0B / 0B,0B / 1.68MB,93
2026-07-30 20:47:02,glim,82.08%,548.9MiB / 30.66GiB,1.75%,0B / 0B,0B / 11.6MB,37
2026-07-30 20:47:05,foxglove,11.83%,488.1MiB / 30.66GiB,1.55%,0B / 0B,0B / 3.39MB,31
2026-07-30 20:47:05,docker-recorder-run-c43348258146,0.00%,10.29MiB / 30.66GiB,0.03%,0B / 0B,0B / 9.52MB,1
2026-07-30 20:47:05,ouster,7.11%,121.8MiB / 30.66GiB,0.39%,0B / 0B,131kB / 2.85MB,29
2026-07-30 20:47:05,scovox,67.58%,283.4MiB / 30.66GiB,0.90%,0B / 0B,0B / 6.58MB,53
2026-07-30 20:47:05,openzen,2.63%,33.9MiB / 30.66GiB,0.11%,0B / 0B,0B / 2.15MB,20
2026-07-30 20:47:05,trav_ros2,100.80%,390.4MiB / 30.66GiB,1.24%,0B / 0B,0B / 14.4MB,44
2026-07-30 20:47:05,realsense,16.66%,94.51MiB / 30.66GiB,0.30%,0B / 0B,0B / 3.2MB,33
2026-07-30 20:47:05,mapir-ffmpeg,30.17%,171.1MiB / 30.66GiB,0.54%,0B / 0B,0B / 1.65MB,33
2026-07-30 20:47:05,nav2,5.95%,206.9MiB / 30.66GiB,0.66%,0B / 0B,0B / 1.68MB,93
2026-07-30 20:47:05,glim,79.60%,560.8MiB / 30.66GiB,1.79%,0B / 0B,0B / 11.6MB,37
2026-07-30 20:47:08,foxglove,12.24%,487.8MiB / 30.66GiB,1.55%,0B / 0B,0B / 3.39MB,31
2026-07-30 20:47:08,docker-recorder-run-c43348258146,0.00%,10.29MiB / 30.66GiB,0.03%,0B / 0B,0B / 9.52MB,1
2026-07-30 20:47:08,ouster,6.84%,121.6MiB / 30.66GiB,0.39%,0B / 0B,131kB / 2.85MB,29
2026-07-30 20:47:08,scovox,68.62%,284MiB / 30.66GiB,0.90%,0B / 0B,0B / 6.58MB,53
2026-07-30 20:47:08,openzen,2.30%,34.15MiB / 30.66GiB,0.11%,0B / 0B,0B / 2.15MB,20
2026-07-30 20:47:08,trav_ros2,101.05%,384.6MiB / 30.66GiB,1.22%,0B / 0B,0B / 14.4MB,44
2026-07-30 20:47:08,realsense,16.90%,95.01MiB / 30.66GiB,0.30%,0B / 0B,0B / 3.2MB,33
2026-07-30 20:47:08,mapir-ffmpeg,28.85%,171.1MiB / 30.66GiB,0.54%,0B / 0B,0B / 1.65MB,33
2026-07-30 20:47:08,nav2,6.18%,206.9MiB / 30.66GiB,0.66%,0B / 0B,0B / 1.68MB,93
2026-07-30 20:47:08,glim,77.81%,563.2MiB / 30.66GiB,1.79%,0B / 0B,0B / 11.6MB,37
2026-07-30 20:47:11,foxglove,11.53%,480.1MiB / 30.66GiB,1.53%,0B / 0B,0B / 3.39MB,31
2026-07-30 20:47:11,docker-recorder-run-c43348258146,0.00%,10.29MiB / 30.66GiB,0.03%,0B / 0B,0B / 9.52MB,1
2026-07-30 20:47:11,ouster,7.05%,121.2MiB / 30.66GiB,0.39%,0B / 0B,131kB / 2.85MB,29
2026-07-30 20:47:11,scovox,55.74%,310.6MiB / 30.66GiB,0.99%,0B / 0B,0B / 6.58MB,53
2026-07-30 20:47:11,openzen,2.58%,34.15MiB / 30.66GiB,0.11%,0B / 0B,0B / 2.15MB,20
2026-07-30 20:47:11,trav_ros2,101.00%,392.9MiB / 30.66GiB,1.25%,0B / 0B,0B / 14.4MB,44
2026-07-30 20:47:11,realsense,17.11%,94.51MiB / 30.66GiB,0.30%,0B / 0B,0B / 3.2MB,33
2026-07-30 20:47:11,mapir-ffmpeg,29.08%,171.1MiB / 30.66GiB,0.54%,0B / 0B,0B / 1.65MB,33
2026-07-30 20:47:11,nav2,5.92%,206.7MiB / 30.66GiB,0.66%,0B / 0B,0B / 1.68MB,93
2026-07-30 20:47:11,glim,75.90%,562.6MiB / 30.66GiB,1.79%,0B / 0B,0B / 11.6MB,37
2026-07-30 20:47:15,foxglove,11.35%,480.1MiB / 30.66GiB,1.53%,0B / 0B,0B / 3.39MB,31
2026-07-30 20:47:15,docker-recorder-run-c43348258146,0.00%,10.29MiB / 30.66GiB,0.03%,0B / 0B,0B / 9.52MB,1
2026-07-30 20:47:15,ouster,7.10%,122.3MiB / 30.66GiB,0.39%,0B / 0B,131kB / 2.85MB,29
2026-07-30 20:47:15,scovox,78.72%,283.1MiB / 30.66GiB,0.90%,0B / 0B,0B / 6.58MB,53
2026-07-30 20:47:15,openzen,2.42%,33.9MiB / 30.66GiB,0.11%,0B / 0B,0B / 2.15MB,20
2026-07-30 20:47:15,trav_ros2,101.49%,385.2MiB / 30.66GiB,1.23%,0B / 0B,0B / 14.4MB,44
2026-07-30 20:47:15,realsense,16.71%,94.75MiB / 30.66GiB,0.30%,0B / 0B,0B / 3.2MB,33
2026-07-30 20:47:15,mapir-ffmpeg,28.95%,171.5MiB / 30.66GiB,0.55%,0B / 0B,0B / 1.65MB,33
2026-07-30 20:47:15,nav2,5.80%,207.2MiB / 30.66GiB,0.66%,0B / 0B,0B / 1.68MB,93
2026-07-30 20:47:15,glim,83.58%,563.5MiB / 30.66GiB,1.79%,0B / 0B,0B / 11.6MB,37
2026-07-30 20:47:18,foxglove,11.49%,480.2MiB / 30.66GiB,1.53%,0B / 0B,0B / 3.39MB,31
2026-07-30 20:47:18,docker-recorder-run-c43348258146,0.00%,10.29MiB / 30.66GiB,0.03%,0B / 0B,0B / 9.52MB,1
2026-07-30 20:47:18,ouster,7.03%,122.2MiB / 30.66GiB,0.39%,0B / 0B,131kB / 2.85MB,29
2026-07-30 20:47:18,scovox,60.68%,316.3MiB / 30.66GiB,1.01%,0B / 0B,0B / 6.58MB,53
2026-07-30 20:47:18,openzen,2.57%,33.9MiB / 30.66GiB,0.11%,0B / 0B,0B / 2.15MB,20
2026-07-30 20:47:18,trav_ros2,101.75%,384.9MiB / 30.66GiB,1.23%,0B / 0B,0B / 14.4MB,44
2026-07-30 20:47:18,realsense,16.91%,94.76MiB / 30.66GiB,0.30%,0B / 0B,0B / 3.2MB,33
2026-07-30 20:47:18,mapir-ffmpeg,29.29%,171.1MiB / 30.66GiB,0.54%,0B / 0B,0B / 1.65MB,33
2026-07-30 20:47:18,nav2,5.71%,207MiB / 30.66GiB,0.66%,0B / 0B,0B / 1.68MB,93
2026-07-30 20:47:18,glim,79.52%,566.6MiB / 30.66GiB,1.80%,0B / 0B,0B / 11.6MB,37
2026-07-30 20:47:21,foxglove,12.27%,480MiB / 30.66GiB,1.53%,0B / 0B,0B / 3.39MB,31
2026-07-30 20:47:21,docker-recorder-run-c43348258146,0.00%,10.29MiB / 30.66GiB,0.03%,0B / 0B,0B / 9.52MB,1
2026-07-30 20:47:21,ouster,7.64%,121.7MiB / 30.66GiB,0.39%,0B / 0B,131kB / 2.85MB,29
2026-07-30 20:47:21,scovox,87.79%,283.3MiB / 30.66GiB,0.90%,0B / 0B,0B / 6.58MB,53
2026-07-30 20:47:21,openzen,2.61%,33.9MiB / 30.66GiB,0.11%,0B / 0B,0B / 2.15MB,20
2026-07-30 20:47:21,trav_ros2,102.03%,391.2MiB / 30.66GiB,1.25%,0B / 0B,0B / 14.4MB,44
2026-07-30 20:47:21,realsense,17.53%,94.51MiB / 30.66GiB,0.30%,0B / 0B,0B / 3.2MB,33
2026-07-30 20:47:21,mapir-ffmpeg,30.06%,171.1MiB / 30.66GiB,0.54%,0B / 0B,0B / 1.65MB,33
2026-07-30 20:47:21,nav2,6.58%,206.9MiB / 30.66GiB,0.66%,0B / 0B,0B / 1.68MB,93
2026-07-30 20:47:21,glim,81.92%,566.4MiB / 30.66GiB,1.80%,0B / 0B,0B / 11.6MB,37
2026-07-30 20:47:24,foxglove,12.25%,480.5MiB / 30.66GiB,1.53%,0B / 0B,0B / 3.39MB,31
2026-07-30 20:47:24,docker-recorder-run-c43348258146,0.00%,10.29MiB / 30.66GiB,0.03%,0B / 0B,0B / 9.52MB,1
2026-07-30 20:47:24,ouster,7.23%,121.6MiB / 30.66GiB,0.39%,0B / 0B,131kB / 2.85MB,29
2026-07-30 20:47:24,scovox,57.92%,321.3MiB / 30.66GiB,1.02%,0B / 0B,0B / 6.58MB,53
2026-07-30 20:47:24,openzen,2.37%,33.9MiB / 30.66GiB,0.11%,0B / 0B,0B / 2.15MB,20
2026-07-30 20:47:24,trav_ros2,102.01%,408.8MiB / 30.66GiB,1.30%,0B / 0B,0B / 14.4MB,44
2026-07-30 20:47:24,realsense,17.35%,94.76MiB / 30.66GiB,0.30%,0B / 0B,0B / 3.2MB,33
2026-07-30 20:47:24,mapir-ffmpeg,30.35%,171.1MiB / 30.66GiB,0.54%,0B / 0B,0B / 1.65MB,33
2026-07-30 20:47:24,nav2,5.94%,206.9MiB / 30.66GiB,0.66%,0B / 0B,0B / 1.68MB,93
2026-07-30 20:47:24,glim,83.46%,567.1MiB / 30.66GiB,1.81%,0B / 0B,0B / 11.6MB,37
2026-07-30 20:47:27,foxglove,12.45%,488.1MiB / 30.66GiB,1.55%,0B / 0B,0B / 3.39MB,31
2026-07-30 20:47:27,docker-recorder-run-c43348258146,0.00%,10.29MiB / 30.66GiB,0.03%,0B / 0B,0B / 9.52MB,1
2026-07-30 20:47:27,ouster,7.49%,121.6MiB / 30.66GiB,0.39%,0B / 0B,131kB / 2.85MB,29
2026-07-30 20:47:27,scovox,76.66%,282.9MiB / 30.66GiB,0.90%,0B / 0B,0B / 6.58MB,53
2026-07-30 20:47:27,openzen,2.61%,33.9MiB / 30.66GiB,0.11%,0B / 0B,0B / 2.15MB,20
2026-07-30 20:47:27,trav_ros2,102.21%,386.1MiB / 30.66GiB,1.23%,0B / 0B,0B / 14.4MB,44
2026-07-30 20:47:27,realsense,17.74%,94.51MiB / 30.66GiB,0.30%,0B / 0B,0B / 3.2MB,33
2026-07-30 20:47:27,mapir-ffmpeg,29.93%,171.3MiB / 30.66GiB,0.55%,0B / 0B,0B / 1.65MB,33
2026-07-30 20:47:27,nav2,6.24%,206.9MiB / 30.66GiB,0.66%,0B / 0B,0B / 1.68MB,93
2026-07-30 20:47:27,glim,82.57%,567.8MiB / 30.66GiB,1.81%,0B / 0B,0B / 11.6MB,37
2026-07-30 20:47:30,foxglove,12.51%,487.9MiB / 30.66GiB,1.55%,0B / 0B,0B / 3.39MB,31
2026-07-30 20:47:30,docker-recorder-run-c43348258146,0.00%,10.29MiB / 30.66GiB,0.03%,0B / 0B,0B / 9.52MB,1
2026-07-30 20:47:30,ouster,7.15%,122MiB / 30.66GiB,0.39%,0B / 0B,131kB / 2.85MB,29
2026-07-30 20:47:30,scovox,70.63%,324.4MiB / 30.66GiB,1.03%,0B / 0B,0B / 6.67MB,53
2026-07-30 20:47:30,openzen,2.49%,33.9MiB / 30.66GiB,0.11%,0B / 0B,0B / 2.15MB,20
2026-07-30 20:47:30,trav_ros2,102.02%,384.1MiB / 30.66GiB,1.22%,0B / 0B,0B / 14.4MB,44
2026-07-30 20:47:30,realsense,17.86%,95.01MiB / 30.66GiB,0.30%,0B / 0B,0B / 3.2MB,33
2026-07-30 20:47:30,mapir-ffmpeg,29.81%,171.3MiB / 30.66GiB,0.55%,0B / 0B,0B / 1.65MB,33
2026-07-30 20:47:30,nav2,6.39%,206.7MiB / 30.66GiB,0.66%,0B / 0B,0B / 1.68MB,93
2026-07-30 20:47:30,glim,82.44%,568.5MiB / 30.66GiB,1.81%,0B / 0B,0B / 11.6MB,37
2026-07-30 20:47:33,foxglove,11.91%,488.3MiB / 30.66GiB,1.56%,0B / 0B,0B / 3.39MB,31
2026-07-30 20:47:33,docker-recorder-run-c43348258146,0.00%,10.29MiB / 30.66GiB,0.03%,0B / 0B,0B / 9.52MB,1
2026-07-30 20:47:33,ouster,6.93%,121.4MiB / 30.66GiB,0.39%,0B / 0B,131kB / 2.85MB,29
2026-07-30 20:47:33,scovox,61.86%,309.3MiB / 30.66GiB,0.99%,0B / 0B,0B / 6.67MB,53
2026-07-30 20:47:33,openzen,2.37%,33.9MiB / 30.66GiB,0.11%,0B / 0B,0B / 2.15MB,20
2026-07-30 20:47:33,trav_ros2,101.25%,384.7MiB / 30.66GiB,1.23%,0B / 0B,0B / 14.4MB,44
2026-07-30 20:47:33,realsense,17.33%,94.51MiB / 30.66GiB,0.30%,0B / 0B,0B / 3.2MB,33
2026-07-30 20:47:33,mapir-ffmpeg,29.66%,171.1MiB / 30.66GiB,0.54%,0B / 0B,0B / 1.67MB,33
2026-07-30 20:47:33,nav2,6.17%,206.7MiB / 30.66GiB,0.66%,0B / 0B,0B / 1.7MB,93
2026-07-30 20:47:33,glim,83.17%,568.7MiB / 30.66GiB,1.81%,0B / 0B,0B / 11.6MB,37
2026-07-30 20:47:36,foxglove,12.46%,487.7MiB / 30.66GiB,1.55%,0B / 0B,0B / 3.39MB,31
2026-07-30 20:47:36,docker-recorder-run-c43348258146,0.00%,10.29MiB / 30.66GiB,0.03%,0B / 0B,0B / 9.52MB,1
2026-07-30 20:47:36,ouster,7.33%,122.1MiB / 30.66GiB,0.39%,0B / 0B,131kB / 2.85MB,29
2026-07-30 20:47:36,scovox,77.02%,283.5MiB / 30.66GiB,0.90%,0B / 0B,0B / 6.67MB,53
2026-07-30 20:47:36,openzen,2.62%,34.15MiB / 30.66GiB,0.11%,0B / 0B,0B / 2.15MB,20
2026-07-30 20:47:36,trav_ros2,99.95%,391.8MiB / 30.66GiB,1.25%,0B / 0B,0B / 14.4MB,44
2026-07-30 20:47:36,realsense,16.69%,94.51MiB / 30.66GiB,0.30%,0B / 0B,0B / 3.2MB,33
2026-07-30 20:47:36,mapir-ffmpeg,29.69%,171.5MiB / 30.66GiB,0.55%,0B / 0B,0B / 1.67MB,33
2026-07-30 20:47:36,nav2,6.68%,206.9MiB / 30.66GiB,0.66%,0B / 0B,0B / 1.7MB,93
2026-07-30 20:47:36,glim,78.39%,573.5MiB / 30.66GiB,1.83%,0B / 0B,0B / 11.6MB,37
2026-07-30 20:47:40,foxglove,12.20%,488MiB / 30.66GiB,1.55%,0B / 0B,0B / 3.39MB,31
2026-07-30 20:47:40,docker-recorder-run-c43348258146,0.00%,10.29MiB / 30.66GiB,0.03%,0B / 0B,0B / 9.52MB,1
2026-07-30 20:47:40,ouster,6.76%,121.3MiB / 30.66GiB,0.39%,0B / 0B,131kB / 2.85MB,29
2026-07-30 20:47:40,scovox,55.67%,316.1MiB / 30.66GiB,1.01%,0B / 0B,0B / 6.67MB,53
2026-07-30 20:47:40,openzen,2.31%,33.9MiB / 30.66GiB,0.11%,0B / 0B,0B / 2.15MB,20
2026-07-30 20:47:40,trav_ros2,100.70%,391.8MiB / 30.66GiB,1.25%,0B / 0B,0B / 14.4MB,44
2026-07-30 20:47:40,realsense,16.38%,94.51MiB / 30.66GiB,0.30%,0B / 0B,0B / 3.2MB,33
2026-07-30 20:47:40,mapir-ffmpeg,28.48%,171.1MiB / 30.66GiB,0.54%,0B / 0B,0B / 1.67MB,33
2026-07-30 20:47:40,nav2,5.99%,206.6MiB / 30.66GiB,0.66%,0B / 0B,0B / 1.7MB,93
2026-07-30 20:47:40,glim,78.37%,572.8MiB / 30.66GiB,1.82%,0B / 0B,0B / 11.6MB,37
2026-07-30 20:47:43,foxglove,12.58%,488.3MiB / 30.66GiB,1.56%,0B / 0B,0B / 3.39MB,31
2026-07-30 20:47:43,docker-recorder-run-c43348258146,0.00%,10.29MiB / 30.66GiB,0.03%,0B / 0B,0B / 9.52MB,1
2026-07-30 20:47:43,ouster,6.93%,121.3MiB / 30.66GiB,0.39%,0B / 0B,131kB / 2.85MB,29
2026-07-30 20:47:43,scovox,76.16%,283MiB / 30.66GiB,0.90%,0B / 0B,0B / 6.67MB,53
2026-07-30 20:47:43,openzen,2.45%,33.9MiB / 30.66GiB,0.11%,0B / 0B,0B / 2.15MB,20
2026-07-30 20:47:43,trav_ros2,101.29%,390.8MiB / 30.66GiB,1.24%,0B / 0B,0B / 14.5MB,44
2026-07-30 20:47:43,realsense,16.76%,94.51MiB / 30.66GiB,0.30%,0B / 0B,0B / 3.2MB,33
2026-07-30 20:47:43,mapir-ffmpeg,28.99%,171.1MiB / 30.66GiB,0.54%,0B / 0B,0B / 1.67MB,33
2026-07-30 20:47:43,nav2,5.89%,206.7MiB / 30.66GiB,0.66%,0B / 0B,0B / 1.7MB,93
2026-07-30 20:47:43,glim,82.57%,573.6MiB / 30.66GiB,1.83%,0B / 0B,0B / 11.6MB,37
2026-07-30 20:47:46,foxglove,11.96%,487.6MiB / 30.66GiB,1.55%,0B / 0B,0B / 3.39MB,31
2026-07-30 20:47:46,docker-recorder-run-c43348258146,0.00%,10.29MiB / 30.66GiB,0.03%,0B / 0B,0B / 9.52MB,1
2026-07-30 20:47:46,ouster,7.01%,121.3MiB / 30.66GiB,0.39%,0B / 0B,131kB / 2.85MB,29
2026-07-30 20:47:46,scovox,52.27%,315.8MiB / 30.66GiB,1.01%,0B / 0B,0B / 6.67MB,53
2026-07-30 20:47:46,openzen,2.39%,34.15MiB / 30.66GiB,0.11%,0B / 0B,0B / 2.15MB,20
2026-07-30 20:47:46,trav_ros2,101.12%,418.9MiB / 30.66GiB,1.33%,0B / 0B,0B / 14.5MB,44
2026-07-30 20:47:46,realsense,16.41%,94.76MiB / 30.66GiB,0.30%,0B / 0B,0B / 3.2MB,33
2026-07-30 20:47:46,mapir-ffmpeg,29.19%,171.6MiB / 30.66GiB,0.55%,0B / 0B,0B / 1.67MB,33
2026-07-30 20:47:46,nav2,6.00%,207MiB / 30.66GiB,0.66%,0B / 0B,0B / 1.7MB,93
2026-07-30 20:47:46,glim,80.07%,566.6MiB / 30.66GiB,1.80%,0B / 0B,0B / 11.6MB,37
2026-07-30 20:47:49,foxglove,12.20%,488.5MiB / 30.66GiB,1.56%,0B / 0B,0B / 3.39MB,31
2026-07-30 20:47:49,docker-recorder-run-c43348258146,0.00%,10.29MiB / 30.66GiB,0.03%,0B / 0B,0B / 9.52MB,1
2026-07-30 20:47:49,ouster,7.07%,121.4MiB / 30.66GiB,0.39%,0B / 0B,131kB / 2.85MB,29
2026-07-30 20:47:49,scovox,80.48%,283.4MiB / 30.66GiB,0.90%,0B / 0B,0B / 6.67MB,53
2026-07-30 20:47:49,openzen,2.41%,33.9MiB / 30.66GiB,0.11%,0B / 0B,0B / 2.15MB,20
2026-07-30 20:47:49,trav_ros2,101.92%,384.4MiB / 30.66GiB,1.22%,0B / 0B,0B / 14.5MB,44
2026-07-30 20:47:49,realsense,17.14%,94.76MiB / 30.66GiB,0.30%,0B / 0B,0B / 3.2MB,33
2026-07-30 20:47:49,mapir-ffmpeg,29.18%,171.1MiB / 30.66GiB,0.54%,0B / 0B,0B / 1.67MB,33
2026-07-30 20:47:49,nav2,5.96%,206.7MiB / 30.66GiB,0.66%,0B / 0B,0B / 1.7MB,93
2026-07-30 20:47:49,glim,78.73%,567.5MiB / 30.66GiB,1.81%,0B / 0B,0B / 11.6MB,37
2026-07-30 20:47:52,foxglove,12.63%,487.8MiB / 30.66GiB,1.55%,0B / 0B,0B / 3.39MB,31
2026-07-30 20:47:52,docker-recorder-run-c43348258146,0.00%,10.29MiB / 30.66GiB,0.03%,0B / 0B,0B / 9.52MB,1
2026-07-30 20:47:52,ouster,7.27%,121.6MiB / 30.66GiB,0.39%,0B / 0B,131kB / 2.85MB,29
2026-07-30 20:47:52,scovox,66.06%,324.1MiB / 30.66GiB,1.03%,0B / 0B,0B / 6.67MB,53
2026-07-30 20:47:52,openzen,2.61%,33.9MiB / 30.66GiB,0.11%,0B / 0B,0B / 2.15MB,20
2026-07-30 20:47:52,trav_ros2,101.96%,390.5MiB / 30.66GiB,1.24%,0B / 0B,0B / 14.5MB,44
2026-07-30 20:47:52,realsense,17.63%,94.51MiB / 30.66GiB,0.30%,0B / 0B,0B / 3.2MB,33
2026-07-30 20:47:52,mapir-ffmpeg,29.11%,171.8MiB / 30.66GiB,0.55%,0B / 0B,0B / 1.67MB,33
2026-07-30 20:47:52,nav2,7.20%,206.9MiB / 30.66GiB,0.66%,0B / 0B,0B / 1.7MB,93
2026-07-30 20:47:52,glim,77.40%,567.9MiB / 30.66GiB,1.81%,0B / 0B,0B / 11.6MB,37
2026-07-30 20:47:55,foxglove,12.88%,487.9MiB / 30.66GiB,1.55%,0B / 0B,0B / 3.39MB,31
2026-07-30 20:47:55,docker-recorder-run-c43348258146,0.00%,10.29MiB / 30.66GiB,0.03%,0B / 0B,0B / 9.52MB,1
2026-07-30 20:47:55,ouster,7.05%,121.4MiB / 30.66GiB,0.39%,0B / 0B,131kB / 2.85MB,29
2026-07-30 20:47:55,scovox,68.79%,306.9MiB / 30.66GiB,0.98%,0B / 0B,0B / 6.67MB,53
2026-07-30 20:47:55,openzen,2.40%,33.9MiB / 30.66GiB,0.11%,0B / 0B,0B / 2.15MB,20
2026-07-30 20:47:55,trav_ros2,101.86%,391.2MiB / 30.66GiB,1.25%,0B / 0B,0B / 14.5MB,44
2026-07-30 20:47:55,realsense,16.79%,94.75MiB / 30.66GiB,0.30%,0B / 0B,0B / 3.2MB,33
2026-07-30 20:47:55,mapir-ffmpeg,28.95%,171.3MiB / 30.66GiB,0.55%,0B / 0B,0B / 1.67MB,33
2026-07-30 20:47:55,nav2,6.25%,206.6MiB / 30.66GiB,0.66%,0B / 0B,0B / 1.7MB,93
2026-07-30 20:47:55,glim,81.13%,568.4MiB / 30.66GiB,1.81%,0B / 0B,0B / 11.6MB,37
2026-07-30 20:47:58,foxglove,12.11%,487.7MiB / 30.66GiB,1.55%,0B / 0B,0B / 3.39MB,31
2026-07-30 20:47:58,docker-recorder-run-c43348258146,0.00%,10.29MiB / 30.66GiB,0.03%,0B / 0B,0B / 9.52MB,1
2026-07-30 20:47:58,ouster,6.93%,121.5MiB / 30.66GiB,0.39%,0B / 0B,131kB / 2.85MB,29
2026-07-30 20:47:58,scovox,74.52%,283.5MiB / 30.66GiB,0.90%,0B / 0B,0B / 6.67MB,53
2026-07-30 20:47:58,openzen,2.29%,33.9MiB / 30.66GiB,0.11%,0B / 0B,0B / 2.15MB,20
2026-07-30 20:47:58,trav_ros2,101.70%,390.4MiB / 30.66GiB,1.24%,0B / 0B,0B / 14.5MB,44
2026-07-30 20:47:58,realsense,17.07%,94.75MiB / 30.66GiB,0.30%,0B / 0B,0B / 3.2MB,33
2026-07-30 20:47:58,mapir-ffmpeg,29.43%,171.1MiB / 30.66GiB,0.54%,0B / 0B,0B / 1.67MB,33
2026-07-30 20:47:58,nav2,6.26%,206.7MiB / 30.66GiB,0.66%,0B / 0B,0B / 1.7MB,93
2026-07-30 20:47:58,glim,76.93%,568.3MiB / 30.66GiB,1.81%,0B / 0B,0B / 11.6MB,37
2026-07-30 20:48:01,foxglove,11.55%,479.8MiB / 30.66GiB,1.53%,0B / 0B,0B / 3.39MB,31
2026-07-30 20:48:01,docker-recorder-run-c43348258146,0.00%,10.29MiB / 30.66GiB,0.03%,0B / 0B,0B / 9.52MB,1
2026-07-30 20:48:01,ouster,6.91%,121.8MiB / 30.66GiB,0.39%,0B / 0B,131kB / 2.85MB,29
2026-07-30 20:48:01,scovox,59.24%,308.8MiB / 30.66GiB,0.98%,0B / 0B,0B / 6.67MB,53
2026-07-30 20:48:01,openzen,2.38%,34.15MiB / 30.66GiB,0.11%,0B / 0B,0B / 2.15MB,20
2026-07-30 20:48:01,trav_ros2,102.08%,390.1MiB / 30.66GiB,1.24%,0B / 0B,0B / 14.5MB,44
2026-07-30 20:48:01,realsense,16.65%,94.76MiB / 30.66GiB,0.30%,0B / 0B,0B / 3.2MB,33
2026-07-30 20:48:01,mapir-ffmpeg,28.81%,171.8MiB / 30.66GiB,0.55%,0B / 0B,0B / 1.67MB,33
2026-07-30 20:48:01,nav2,5.67%,199.4MiB / 30.66GiB,0.64%,0B / 0B,0B / 1.7MB,93
2026-07-30 20:48:01,glim,80.06%,569.1MiB / 30.66GiB,1.81%,0B / 0B,0B / 11.6MB,37
2026-07-30 20:48:05,foxglove,12.59%,488MiB / 30.66GiB,1.55%,0B / 0B,0B / 3.39MB,31
2026-07-30 20:48:05,docker-recorder-run-c43348258146,0.00%,10.29MiB / 30.66GiB,0.03%,0B / 0B,0B / 9.52MB,1
2026-07-30 20:48:05,ouster,6.94%,121.8MiB / 30.66GiB,0.39%,0B / 0B,131kB / 2.85MB,29
2026-07-30 20:48:05,scovox,79.07%,283MiB / 30.66GiB,0.90%,0B / 0B,0B / 6.76MB,53
2026-07-30 20:48:05,openzen,2.56%,34.15MiB / 30.66GiB,0.11%,0B / 0B,0B / 2.15MB,20
2026-07-30 20:48:05,trav_ros2,101.53%,390.9MiB / 30.66GiB,1.25%,0B / 0B,0B / 14.5MB,44
2026-07-30 20:48:05,realsense,16.75%,95MiB / 30.66GiB,0.30%,0B / 0B,0B / 3.2MB,33
2026-07-30 20:48:05,mapir-ffmpeg,29.26%,171.1MiB / 30.66GiB,0.54%,0B / 0B,0B / 1.67MB,33
2026-07-30 20:48:05,nav2,5.86%,206.5MiB / 30.66GiB,0.66%,0B / 0B,0B / 1.7MB,93
2026-07-30 20:48:05,glim,78.46%,571.5MiB / 30.66GiB,1.82%,0B / 0B,0B / 11.6MB,37
2026-07-30 20:48:08,foxglove,12.68%,487.8MiB / 30.66GiB,1.55%,0B / 0B,0B / 3.39MB,31
2026-07-30 20:48:08,docker-recorder-run-c43348258146,0.00%,10.29MiB / 30.66GiB,0.03%,0B / 0B,0B / 9.52MB,1
2026-07-30 20:48:08,ouster,7.55%,121.3MiB / 30.66GiB,0.39%,0B / 0B,131kB / 2.85MB,29
2026-07-30 20:48:08,scovox,60.09%,318.2MiB / 30.66GiB,1.01%,0B / 0B,0B / 6.77MB,53
2026-07-30 20:48:08,openzen,2.73%,34.41MiB / 30.66GiB,0.11%,0B / 0B,0B / 2.15MB,20
2026-07-30 20:48:08,trav_ros2,101.36%,389.8MiB / 30.66GiB,1.24%,0B / 0B,0B / 14.5MB,44
2026-07-30 20:48:08,realsense,17.32%,95MiB / 30.66GiB,0.30%,0B / 0B,0B / 3.2MB,33
2026-07-30 20:48:08,mapir-ffmpeg,29.28%,171.1MiB / 30.66GiB,0.54%,0B / 0B,0B / 1.68MB,33
2026-07-30 20:48:08,nav2,6.84%,208.4MiB / 30.66GiB,0.66%,0B / 0B,0B / 1.72MB,93
2026-07-30 20:48:08,glim,75.78%,572.9MiB / 30.66GiB,1.82%,0B / 0B,0B / 11.6MB,37
2026-07-30 20:48:11,foxglove,12.50%,489.8MiB / 30.66GiB,1.56%,0B / 0B,0B / 3.39MB,31
2026-07-30 20:48:11,docker-recorder-run-c43348258146,0.00%,10.29MiB / 30.66GiB,0.03%,0B / 0B,0B / 9.52MB,1
2026-07-30 20:48:11,ouster,7.52%,121.8MiB / 30.66GiB,0.39%,0B / 0B,131kB / 2.85MB,29
2026-07-30 20:48:11,scovox,57.68%,320.2MiB / 30.66GiB,1.02%,0B / 0B,0B / 6.77MB,53
2026-07-30 20:48:11,openzen,2.52%,34.14MiB / 30.66GiB,0.11%,0B / 0B,0B / 2.15MB,20
2026-07-30 20:48:11,trav_ros2,101.10%,390.9MiB / 30.66GiB,1.25%,0B / 0B,0B / 14.5MB,44
2026-07-30 20:48:11,realsense,17.43%,95.25MiB / 30.66GiB,0.30%,0B / 0B,0B / 3.2MB,33
2026-07-30 20:48:11,mapir-ffmpeg,29.29%,171.3MiB / 30.66GiB,0.55%,0B / 0B,0B / 1.68MB,33
2026-07-30 20:48:11,nav2,6.57%,206.9MiB / 30.66GiB,0.66%,0B / 0B,0B / 1.72MB,93
2026-07-30 20:48:11,glim,74.33%,572.7MiB / 30.66GiB,1.82%,0B / 0B,0B / 11.6MB,37
2026-07-30 20:48:14,foxglove,12.56%,488MiB / 30.66GiB,1.55%,0B / 0B,0B / 3.39MB,31
2026-07-30 20:48:14,docker-recorder-run-c43348258146,0.00%,10.29MiB / 30.66GiB,0.03%,0B / 0B,0B / 9.52MB,1
2026-07-30 20:48:14,ouster,7.22%,121.7MiB / 30.66GiB,0.39%,0B / 0B,131kB / 2.85MB,29
2026-07-30 20:48:14,scovox,57.67%,322.5MiB / 30.66GiB,1.03%,0B / 0B,0B / 6.77MB,53
2026-07-30 20:48:14,openzen,2.44%,33.9MiB / 30.66GiB,0.11%,0B / 0B,0B / 2.15MB,20
2026-07-30 20:48:14,trav_ros2,100.82%,391.2MiB / 30.66GiB,1.25%,0B / 0B,0B / 14.5MB,44
2026-07-30 20:48:14,realsense,17.09%,94.76MiB / 30.66GiB,0.30%,0B / 0B,0B / 3.2MB,33
2026-07-30 20:48:14,mapir-ffmpeg,29.19%,171.1MiB / 30.66GiB,0.54%,0B / 0B,0B / 1.68MB,33
2026-07-30 20:48:14,nav2,6.08%,206.6MiB / 30.66GiB,0.66%,0B / 0B,0B / 1.72MB,93
2026-07-30 20:48:14,glim,76.08%,574.1MiB / 30.66GiB,1.83%,0B / 0B,0B / 11.6MB,37
2026-07-30 20:48:17,foxglove,12.32%,487.7MiB / 30.66GiB,1.55%,0B / 0B,0B / 3.39MB,31
2026-07-30 20:48:17,docker-recorder-run-c43348258146,0.00%,10.29MiB / 30.66GiB,0.03%,0B / 0B,0B / 9.52MB,1
2026-07-30 20:48:17,ouster,7.47%,122.1MiB / 30.66GiB,0.39%,0B / 0B,131kB / 2.85MB,29
2026-07-30 20:48:17,scovox,78.11%,283.6MiB / 30.66GiB,0.90%,0B / 0B,0B / 6.77MB,53
2026-07-30 20:48:17,openzen,2.49%,34.14MiB / 30.66GiB,0.11%,0B / 0B,0B / 2.15MB,20
2026-07-30 20:48:17,trav_ros2,101.03%,391.2MiB / 30.66GiB,1.25%,0B / 0B,0B / 14.5MB,44
2026-07-30 20:48:17,realsense,17.42%,94.51MiB / 30.66GiB,0.30%,0B / 0B,0B / 3.2MB,33
2026-07-30 20:48:17,mapir-ffmpeg,29.47%,171.3MiB / 30.66GiB,0.55%,0B / 0B,0B / 1.68MB,33
2026-07-30 20:48:17,nav2,6.82%,207.4MiB / 30.66GiB,0.66%,0B / 0B,0B / 1.72MB,93
2026-07-30 20:48:17,glim,75.70%,574.5MiB / 30.66GiB,1.83%,0B / 0B,0B / 11.6MB,37
2026-07-30 20:48:20,foxglove,11.99%,480.3MiB / 30.66GiB,1.53%,0B / 0B,0B / 3.39MB,31
2026-07-30 20:48:20,docker-recorder-run-c43348258146,0.00%,10.29MiB / 30.66GiB,0.03%,0B / 0B,0B / 9.52MB,1
2026-07-30 20:48:20,ouster,7.04%,121.8MiB / 30.66GiB,0.39%,0B / 0B,131kB / 2.85MB,29
2026-07-30 20:48:20,scovox,71.81%,283.2MiB / 30.66GiB,0.90%,0B / 0B,0B / 6.77MB,53
2026-07-30 20:48:20,openzen,2.49%,33.9MiB / 30.66GiB,0.11%,0B / 0B,0B / 2.15MB,20
2026-07-30 20:48:20,trav_ros2,101.42%,389.8MiB / 30.66GiB,1.24%,0B / 0B,0B / 14.5MB,44
2026-07-30 20:48:20,realsense,17.51%,94.75MiB / 30.66GiB,0.30%,0B / 0B,0B / 3.2MB,33
2026-07-30 20:48:20,mapir-ffmpeg,30.00%,171.3MiB / 30.66GiB,0.55%,0B / 0B,0B / 1.68MB,33
2026-07-30 20:48:20,nav2,5.91%,206.6MiB / 30.66GiB,0.66%,0B / 0B,0B / 1.72MB,93
2026-07-30 20:48:20,glim,83.71%,575.4MiB / 30.66GiB,1.83%,0B / 0B,0B / 11.6MB,37
2026-07-30 20:48:23,foxglove,11.80%,479.8MiB / 30.66GiB,1.53%,0B / 0B,0B / 3.39MB,31
2026-07-30 20:48:23,docker-recorder-run-c43348258146,0.00%,10.29MiB / 30.66GiB,0.03%,0B / 0B,0B / 9.52MB,1
2026-07-30 20:48:23,ouster,7.10%,121.4MiB / 30.66GiB,0.39%,0B / 0B,131kB / 2.85MB,29
2026-07-30 20:48:23,scovox,69.64%,310.4MiB / 30.66GiB,0.99%,0B / 0B,0B / 6.77MB,53
2026-07-30 20:48:23,openzen,2.50%,33.9MiB / 30.66GiB,0.11%,0B / 0B,0B / 2.15MB,20
2026-07-30 20:48:23,trav_ros2,101.73%,391.8MiB / 30.66GiB,1.25%,0B / 0B,0B / 14.5MB,44
2026-07-30 20:48:23,realsense,16.69%,94.76MiB / 30.66GiB,0.30%,0B / 0B,0B / 3.2MB,33
2026-07-30 20:48:23,mapir-ffmpeg,29.23%,171.1MiB / 30.66GiB,0.54%,0B / 0B,0B / 1.68MB,33
2026-07-30 20:48:23,nav2,6.05%,206.5MiB / 30.66GiB,0.66%,0B / 0B,0B / 1.72MB,93
2026-07-30 20:48:23,glim,80.52%,589.2MiB / 30.66GiB,1.88%,0B / 0B,0B / 11.6MB,37
2026-07-30 20:48:26,foxglove,12.12%,487.9MiB / 30.66GiB,1.55%,0B / 0B,0B / 3.39MB,31
2026-07-30 20:48:26,docker-recorder-run-c43348258146,0.00%,10.29MiB / 30.66GiB,0.03%,0B / 0B,0B / 9.52MB,1
2026-07-30 20:48:26,ouster,7.04%,121.5MiB / 30.66GiB,0.39%,0B / 0B,131kB / 2.85MB,29
2026-07-30 20:48:26,scovox,81.57%,283.6MiB / 30.66GiB,0.90%,0B / 0B,0B / 6.77MB,53
2026-07-30 20:48:26,openzen,2.47%,33.9MiB / 30.66GiB,0.11%,0B / 0B,0B / 2.15MB,20
2026-07-30 20:48:26,trav_ros2,101.88%,391.3MiB / 30.66GiB,1.25%,0B / 0B,0B / 14.5MB,44
2026-07-30 20:48:26,realsense,16.93%,94.76MiB / 30.66GiB,0.30%,0B / 0B,0B / 3.2MB,33
2026-07-30 20:48:26,mapir-ffmpeg,29.70%,171.5MiB / 30.66GiB,0.55%,0B / 0B,0B / 1.68MB,33
2026-07-30 20:48:26,nav2,6.46%,206.7MiB / 30.66GiB,0.66%,0B / 0B,0B / 1.72MB,93
2026-07-30 20:48:26,glim,79.91%,589.1MiB / 30.66GiB,1.88%,0B / 0B,0B / 11.6MB,37
2026-07-30 20:48:30,foxglove,11.52%,480MiB / 30.66GiB,1.53%,0B / 0B,0B / 3.39MB,31
2026-07-30 20:48:30,docker-recorder-run-c43348258146,0.00%,10.29MiB / 30.66GiB,0.03%,0B / 0B,0B / 9.52MB,1
2026-07-30 20:48:30,ouster,7.33%,122MiB / 30.66GiB,0.39%,0B / 0B,131kB / 2.85MB,29
2026-07-30 20:48:30,scovox,54.00%,314.5MiB / 30.66GiB,1.00%,0B / 0B,0B / 6.77MB,53
2026-07-30 20:48:30,openzen,2.36%,33.9MiB / 30.66GiB,0.11%,0B / 0B,0B / 2.15MB,20
2026-07-30 20:48:30,trav_ros2,101.81%,390.7MiB / 30.66GiB,1.24%,0B / 0B,0B / 14.5MB,44
2026-07-30 20:48:30,realsense,16.75%,94.51MiB / 30.66GiB,0.30%,0B / 0B,0B / 3.2MB,33
2026-07-30 20:48:30,mapir-ffmpeg,29.96%,171.1MiB / 30.66GiB,0.54%,0B / 0B,0B / 1.68MB,33
2026-07-30 20:48:30,nav2,6.01%,206.5MiB / 30.66GiB,0.66%,0B / 0B,0B / 1.72MB,93
2026-07-30 20:48:30,glim,83.89%,573.8MiB / 30.66GiB,1.83%,0B / 0B,0B / 11.6MB,37
2026-07-30 20:48:33,foxglove,11.80%,480MiB / 30.66GiB,1.53%,0B / 0B,0B / 3.39MB,31
2026-07-30 20:48:33,docker-recorder-run-c43348258146,0.00%,10.29MiB / 30.66GiB,0.03%,0B / 0B,0B / 9.52MB,1
2026-07-30 20:48:33,ouster,7.28%,121.5MiB / 30.66GiB,0.39%,0B / 0B,131kB / 2.85MB,29
2026-07-30 20:48:33,scovox,73.76%,283.2MiB / 30.66GiB,0.90%,0B / 0B,0B / 6.77MB,53
2026-07-30 20:48:33,openzen,2.52%,33.9MiB / 30.66GiB,0.11%,0B / 0B,0B / 2.15MB,20
2026-07-30 20:48:33,trav_ros2,101.46%,425.2MiB / 30.66GiB,1.35%,0B / 0B,0B / 14.5MB,44
2026-07-30 20:48:33,realsense,16.61%,94.51MiB / 30.66GiB,0.30%,0B / 0B,0B / 3.2MB,33
2026-07-30 20:48:33,mapir-ffmpeg,29.37%,171.8MiB / 30.66GiB,0.55%,0B / 0B,0B / 1.68MB,33
2026-07-30 20:48:33,nav2,6.20%,207MiB / 30.66GiB,0.66%,0B / 0B,0B / 1.72MB,93
2026-07-30 20:48:33,glim,81.30%,563.9MiB / 30.66GiB,1.80%,0B / 0B,0B / 11.6MB,37
2026-07-30 20:48:36,foxglove,11.29%,480.6MiB / 30.66GiB,1.53%,0B / 0B,0B / 3.39MB,31
2026-07-30 20:48:36,docker-recorder-run-c43348258146,0.00%,10.29MiB / 30.66GiB,0.03%,0B / 0B,0B / 9.52MB,1
2026-07-30 20:48:36,ouster,6.83%,122.1MiB / 30.66GiB,0.39%,0B / 0B,131kB / 2.85MB,29
2026-07-30 20:48:36,scovox,56.32%,317.9MiB / 30.66GiB,1.01%,0B / 0B,0B / 6.77MB,53
2026-07-30 20:48:36,openzen,2.37%,33.9MiB / 30.66GiB,0.11%,0B / 0B,0B / 2.15MB,20
2026-07-30 20:48:36,trav_ros2,101.05%,384.6MiB / 30.66GiB,1.22%,0B / 0B,0B / 14.5MB,44
2026-07-30 20:48:36,realsense,16.38%,94.51MiB / 30.66GiB,0.30%,0B / 0B,0B / 3.2MB,33
2026-07-30 20:48:36,mapir-ffmpeg,29.17%,171.3MiB / 30.66GiB,0.55%,0B / 0B,0B / 1.68MB,33
2026-07-30 20:48:36,nav2,5.89%,206.7MiB / 30.66GiB,0.66%,0B / 0B,0B / 1.72MB,93
2026-07-30 20:48:36,glim,79.59%,567.9MiB / 30.66GiB,1.81%,0B / 0B,0B / 11.6MB,37
2026-07-30 20:48:39,foxglove,11.77%,480.2MiB / 30.66GiB,1.53%,0B / 0B,0B / 3.39MB,31
2026-07-30 20:48:39,docker-recorder-run-c43348258146,0.00%,10.29MiB / 30.66GiB,0.03%,0B / 0B,0B / 9.52MB,1
2026-07-30 20:48:39,ouster,6.83%,121.9MiB / 30.66GiB,0.39%,0B / 0B,131kB / 2.85MB,29
2026-07-30 20:48:39,scovox,79.07%,283.6MiB / 30.66GiB,0.90%,0B / 0B,0B / 6.86MB,53
2026-07-30 20:48:39,openzen,2.53%,33.9MiB / 30.66GiB,0.11%,0B / 0B,0B / 2.15MB,20
2026-07-30 20:48:39,trav_ros2,101.21%,392MiB / 30.66GiB,1.25%,0B / 0B,0B / 14.5MB,44
2026-07-30 20:48:39,realsense,16.75%,94.51MiB / 30.66GiB,0.30%,0B / 0B,0B / 3.2MB,33
2026-07-30 20:48:39,mapir-ffmpeg,29.10%,171.1MiB / 30.66GiB,0.54%,0B / 0B,0B / 1.68MB,33
2026-07-30 20:48:39,nav2,5.67%,206.4MiB / 30.66GiB,0.66%,0B / 0B,0B / 1.72MB,93
2026-07-30 20:48:39,glim,78.62%,568.9MiB / 30.66GiB,1.81%,0B / 0B,0B / 11.6MB,37
2026-07-30 20:48:42,foxglove,12.43%,488.4MiB / 30.66GiB,1.56%,0B / 0B,0B / 3.39MB,31
2026-07-30 20:48:42,docker-recorder-run-c43348258146,0.00%,10.29MiB / 30.66GiB,0.03%,0B / 0B,0B / 9.52MB,1
2026-07-30 20:48:42,ouster,6.83%,121.7MiB / 30.66GiB,0.39%,0B / 0B,131kB / 2.85MB,29
2026-07-30 20:48:42,scovox,59.13%,321.9MiB / 30.66GiB,1.03%,0B / 0B,0B / 6.86MB,53
2026-07-30 20:48:42,openzen,2.43%,33.9MiB / 30.66GiB,0.11%,0B / 0B,0B / 2.15MB,20
2026-07-30 20:48:42,trav_ros2,100.95%,389.5MiB / 30.66GiB,1.24%,0B / 0B,0B / 14.5MB,44
2026-07-30 20:48:42,realsense,16.48%,94.76MiB / 30.66GiB,0.30%,0B / 0B,0B / 3.2MB,33
2026-07-30 20:48:42,mapir-ffmpeg,28.88%,171.1MiB / 30.66GiB,0.54%,0B / 0B,0B / 1.68MB,33
2026-07-30 20:48:42,nav2,6.25%,206.9MiB / 30.66GiB,0.66%,0B / 0B,0B / 1.73MB,93
2026-07-30 20:48:42,glim,80.43%,569.1MiB / 30.66GiB,1.81%,0B / 0B,0B / 11.6MB,37
2026-07-30 20:48:45,foxglove,12.40%,488MiB / 30.66GiB,1.55%,0B / 0B,0B / 3.39MB,31
2026-07-30 20:48:45,docker-recorder-run-c43348258146,0.00%,10.29MiB / 30.66GiB,0.03%,0B / 0B,0B / 9.52MB,1
2026-07-30 20:48:45,ouster,6.86%,121.5MiB / 30.66GiB,0.39%,0B / 0B,131kB / 2.85MB,29
2026-07-30 20:48:45,scovox,69.63%,283.6MiB / 30.66GiB,0.90%,0B / 0B,0B / 6.87MB,53
2026-07-30 20:48:45,openzen,2.55%,33.9MiB / 30.66GiB,0.11%,0B / 0B,0B / 2.15MB,20
2026-07-30 20:48:45,trav_ros2,100.63%,390.2MiB / 30.66GiB,1.24%,0B / 0B,0B / 14.5MB,44
2026-07-30 20:48:45,realsense,16.67%,94.76MiB / 30.66GiB,0.30%,0B / 0B,0B / 3.2MB,33
2026-07-30 20:48:45,mapir-ffmpeg,28.22%,171.1MiB / 30.66GiB,0.54%,0B / 0B,0B / 1.69MB,33
2026-07-30 20:48:45,nav2,5.91%,207.1MiB / 30.66GiB,0.66%,0B / 0B,0B / 1.73MB,93
2026-07-30 20:48:45,glim,78.49%,569.2MiB / 30.66GiB,1.81%,0B / 0B,0B / 11.6MB,37
2026-07-30 20:48:48,foxglove,12.41%,487.7MiB / 30.66GiB,1.55%,0B / 0B,0B / 3.39MB,31
2026-07-30 20:48:48,docker-recorder-run-c43348258146,0.00%,10.29MiB / 30.66GiB,0.03%,0B / 0B,0B / 9.52MB,1
2026-07-30 20:48:48,ouster,7.36%,121.9MiB / 30.66GiB,0.39%,0B / 0B,131kB / 2.85MB,29
2026-07-30 20:48:48,scovox,76.61%,283.3MiB / 30.66GiB,0.90%,0B / 0B,0B / 6.87MB,53
2026-07-30 20:48:48,openzen,2.76%,34.41MiB / 30.66GiB,0.11%,0B / 0B,0B / 2.15MB,20
2026-07-30 20:48:48,trav_ros2,100.72%,390MiB / 30.66GiB,1.24%,0B / 0B,0B / 14.5MB,44
2026-07-30 20:48:48,realsense,16.89%,94.51MiB / 30.66GiB,0.30%,0B / 0B,0B / 3.2MB,33
2026-07-30 20:48:48,mapir-ffmpeg,29.41%,171.1MiB / 30.66GiB,0.54%,0B / 0B,0B / 1.69MB,33
2026-07-30 20:48:48,nav2,7.03%,207.2MiB / 30.66GiB,0.66%,0B / 0B,0B / 1.73MB,93
2026-07-30 20:48:48,glim,80.03%,570.5MiB / 30.66GiB,1.82%,0B / 0B,0B / 11.6MB,37
2026-07-30 20:48:51,foxglove,12.07%,487.8MiB / 30.66GiB,1.55%,0B / 0B,0B / 3.39MB,31
2026-07-30 20:48:51,docker-recorder-run-c43348258146,0.00%,10.29MiB / 30.66GiB,0.03%,0B / 0B,0B / 9.52MB,1
2026-07-30 20:48:51,ouster,7.04%,122MiB / 30.66GiB,0.39%,0B / 0B,131kB / 2.85MB,29
2026-07-30 20:48:51,scovox,56.21%,311.6MiB / 30.66GiB,0.99%,0B / 0B,0B / 6.87MB,53
2026-07-30 20:48:51,openzen,2.58%,33.9MiB / 30.66GiB,0.11%,0B / 0B,0B / 2.15MB,20
2026-07-30 20:48:51,trav_ros2,100.75%,389.8MiB / 30.66GiB,1.24%,0B / 0B,0B / 14.5MB,44
2026-07-30 20:48:51,realsense,16.68%,94.75MiB / 30.66GiB,0.30%,0B / 0B,0B / 3.2MB,33
2026-07-30 20:48:51,mapir-ffmpeg,28.53%,171.3MiB / 30.66GiB,0.55%,0B / 0B,0B / 1.69MB,33
2026-07-30 20:48:51,nav2,6.18%,207.1MiB / 30.66GiB,0.66%,0B / 0B,0B / 1.73MB,93
2026-07-30 20:48:51,glim,77.14%,564.6MiB / 30.66GiB,1.80%,0B / 0B,0B / 11.6MB,37
2026-07-30 20:48:55,foxglove,12.39%,487.7MiB / 30.66GiB,1.55%,0B / 0B,0B / 3.39MB,31
2026-07-30 20:48:55,docker-recorder-run-c43348258146,0.00%,10.29MiB / 30.66GiB,0.03%,0B / 0B,0B / 9.52MB,1
2026-07-30 20:48:55,ouster,7.13%,122.1MiB / 30.66GiB,0.39%,0B / 0B,131kB / 2.85MB,29
2026-07-30 20:48:55,scovox,74.12%,283.8MiB / 30.66GiB,0.90%,0B / 0B,0B / 6.87MB,53
2026-07-30 20:48:55,openzen,2.64%,33.9MiB / 30.66GiB,0.11%,0B / 0B,0B / 2.15MB,20
2026-07-30 20:48:55,trav_ros2,101.17%,447.3MiB / 30.66GiB,1.42%,0B / 0B,0B / 14.5MB,44
2026-07-30 20:48:55,realsense,17.20%,94.76MiB / 30.66GiB,0.30%,0B / 0B,0B / 3.2MB,33
2026-07-30 20:48:55,mapir-ffmpeg,29.47%,171.1MiB / 30.66GiB,0.54%,0B / 0B,0B / 1.69MB,33
2026-07-30 20:48:55,nav2,6.45%,207.1MiB / 30.66GiB,0.66%,0B / 0B,0B / 1.73MB,93
2026-07-30 20:48:55,glim,79.37%,569.2MiB / 30.66GiB,1.81%,0B / 0B,0B / 11.6MB,37
2026-07-30 20:48:58,foxglove,12.44%,487.9MiB / 30.66GiB,1.55%,0B / 0B,0B / 3.39MB,31
2026-07-30 20:48:58,docker-recorder-run-c43348258146,0.00%,10.29MiB / 30.66GiB,0.03%,0B / 0B,0B / 9.52MB,1
2026-07-30 20:48:58,ouster,8.35%,121.5MiB / 30.66GiB,0.39%,0B / 0B,131kB / 2.85MB,29
2026-07-30 20:48:58,scovox,56.43%,318.1MiB / 30.66GiB,1.01%,0B / 0B,0B / 6.87MB,53
2026-07-30 20:48:58,openzen,2.68%,33.9MiB / 30.66GiB,0.11%,0B / 0B,0B / 2.15MB,20
2026-07-30 20:48:58,trav_ros2,101.51%,389.9MiB / 30.66GiB,1.24%,0B / 0B,0B / 14.5MB,44
2026-07-30 20:48:58,realsense,17.59%,95.01MiB / 30.66GiB,0.30%,0B / 0B,0B / 3.2MB,33
2026-07-30 20:48:58,mapir-ffmpeg,29.44%,171.3MiB / 30.66GiB,0.55%,0B / 0B,0B / 1.69MB,33
2026-07-30 20:48:58,nav2,6.57%,207.2MiB / 30.66GiB,0.66%,0B / 0B,0B / 1.73MB,93
2026-07-30 20:48:58,glim,77.22%,565.9MiB / 30.66GiB,1.80%,0B / 0B,0B / 11.6MB,37
2026-07-30 20:49:01,foxglove,12.84%,487.9MiB / 30.66GiB,1.55%,0B / 0B,0B / 3.39MB,31
2026-07-30 20:49:01,docker-recorder-run-c43348258146,0.00%,10.29MiB / 30.66GiB,0.03%,0B / 0B,0B / 9.52MB,1
2026-07-30 20:49:01,ouster,7.56%,121.8MiB / 30.66GiB,0.39%,0B / 0B,131kB / 2.85MB,29
2026-07-30 20:49:01,scovox,77.17%,283.8MiB / 30.66GiB,0.90%,0B / 0B,0B / 6.87MB,53
2026-07-30 20:49:01,openzen,2.38%,34.15MiB / 30.66GiB,0.11%,0B / 0B,0B / 2.15MB,20
2026-07-30 20:49:01,trav_ros2,102.17%,391.2MiB / 30.66GiB,1.25%,0B / 0B,0B / 14.5MB,44
2026-07-30 20:49:01,realsense,17.69%,94.75MiB / 30.66GiB,0.30%,0B / 0B,0B / 3.2MB,33
2026-07-30 20:49:01,mapir-ffmpeg,29.11%,171MiB / 30.66GiB,0.54%,0B / 0B,0B / 1.69MB,33
2026-07-30 20:49:01,nav2,6.37%,206.7MiB / 30.66GiB,0.66%,0B / 0B,0B / 1.73MB,93
2026-07-30 20:49:01,glim,77.24%,568.2MiB / 30.66GiB,1.81%,0B / 0B,0B / 11.6MB,37
2026-07-30 20:49:04,foxglove,12.27%,488.2MiB / 30.66GiB,1.55%,0B / 0B,0B / 3.39MB,31
2026-07-30 20:49:04,docker-recorder-run-c43348258146,0.00%,10.29MiB / 30.66GiB,0.03%,0B / 0B,0B / 9.52MB,1
2026-07-30 20:49:04,ouster,7.61%,121.4MiB / 30.66GiB,0.39%,0B / 0B,131kB / 2.85MB,29
2026-07-30 20:49:04,scovox,52.92%,318.3MiB / 30.66GiB,1.01%,0B / 0B,0B / 6.87MB,53
2026-07-30 20:49:04,openzen,2.54%,33.9MiB / 30.66GiB,0.11%,0B / 0B,0B / 2.15MB,20
2026-07-30 20:49:04,trav_ros2,102.06%,390.8MiB / 30.66GiB,1.24%,0B / 0B,0B / 14.5MB,44
2026-07-30 20:49:04,realsense,17.24%,94.76MiB / 30.66GiB,0.30%,0B / 0B,0B / 3.2MB,33
2026-07-30 20:49:04,mapir-ffmpeg,29.48%,171.3MiB / 30.66GiB,0.55%,0B / 0B,0B / 1.69MB,33
2026-07-30 20:49:04,nav2,7.17%,207.9MiB / 30.66GiB,0.66%,0B / 0B,0B / 1.73MB,93
2026-07-30 20:49:04,glim,77.26%,560.5MiB / 30.66GiB,1.79%,0B / 0B,0B / 11.6MB,37
2026-07-30 20:49:07,foxglove,12.27%,488.2MiB / 30.66GiB,1.55%,0B / 0B,0B / 3.39MB,31
2026-07-30 20:49:07,docker-recorder-run-c43348258146,0.00%,10.29MiB / 30.66GiB,0.03%,0B / 0B,0B / 9.52MB,1
2026-07-30 20:49:07,ouster,7.79%,121.8MiB / 30.66GiB,0.39%,0B / 0B,131kB / 2.85MB,29
2026-07-30 20:49:07,scovox,68.45%,284.6MiB / 30.66GiB,0.91%,0B / 0B,0B / 6.87MB,53
2026-07-30 20:49:07,openzen,2.45%,33.9MiB / 30.66GiB,0.11%,0B / 0B,0B / 2.15MB,20
2026-07-30 20:49:07,trav_ros2,102.09%,389.6MiB / 30.66GiB,1.24%,0B / 0B,0B / 14.5MB,44
2026-07-30 20:49:07,realsense,16.78%,94.76MiB / 30.66GiB,0.30%,0B / 0B,0B / 3.2MB,33
2026-07-30 20:49:07,mapir-ffmpeg,29.78%,171.3MiB / 30.66GiB,0.55%,0B / 0B,0B / 1.69MB,33
2026-07-30 20:49:07,nav2,6.45%,207.2MiB / 30.66GiB,0.66%,0B / 0B,0B / 1.73MB,93
2026-07-30 20:49:07,glim,83.13%,561.1MiB / 30.66GiB,1.79%,0B / 0B,0B / 11.6MB,37
2026-07-30 20:49:10,foxglove,11.77%,488MiB / 30.66GiB,1.55%,0B / 0B,0B / 3.39MB,31
2026-07-30 20:49:10,docker-recorder-run-c43348258146,0.00%,10.29MiB / 30.66GiB,0.03%,0B / 0B,0B / 9.52MB,1
2026-07-30 20:49:10,ouster,7.17%,121.5MiB / 30.66GiB,0.39%,0B / 0B,131kB / 2.85MB,29
2026-07-30 20:49:10,scovox,64.90%,283.5MiB / 30.66GiB,0.90%,0B / 0B,0B / 6.96MB,53
2026-07-30 20:49:10,openzen,2.52%,33.9MiB / 30.66GiB,0.11%,0B / 0B,0B / 2.15MB,20
2026-07-30 20:49:10,trav_ros2,101.31%,390.5MiB / 30.66GiB,1.24%,0B / 0B,0B / 14.5MB,44
2026-07-30 20:49:10,realsense,16.40%,94.76MiB / 30.66GiB,0.30%,0B / 0B,0B / 3.2MB,33
2026-07-30 20:49:10,mapir-ffmpeg,28.74%,171MiB / 30.66GiB,0.54%,0B / 0B,0B / 1.69MB,33
2026-07-30 20:49:10,nav2,6.26%,206.7MiB / 30.66GiB,0.66%,0B / 0B,0B / 1.73MB,93
2026-07-30 20:49:10,glim,81.95%,553.6MiB / 30.66GiB,1.76%,0B / 0B,0B / 11.6MB,37
2026-07-30 20:49:13,foxglove,12.36%,488MiB / 30.66GiB,1.55%,0B / 0B,0B / 3.39MB,31
2026-07-30 20:49:13,docker-recorder-run-c43348258146,0.00%,10.29MiB / 30.66GiB,0.03%,0B / 0B,0B / 9.52MB,1
2026-07-30 20:49:13,ouster,7.20%,121.9MiB / 30.66GiB,0.39%,0B / 0B,131kB / 2.85MB,29
2026-07-30 20:49:13,scovox,51.88%,284.7MiB / 30.66GiB,0.91%,0B / 0B,0B / 6.96MB,53
2026-07-30 20:49:13,openzen,2.50%,33.9MiB / 30.66GiB,0.11%,0B / 0B,0B / 2.15MB,20
2026-07-30 20:49:13,trav_ros2,101.73%,390.5MiB / 30.66GiB,1.24%,0B / 0B,0B / 14.5MB,44
2026-07-30 20:49:13,realsense,16.82%,94.51MiB / 30.66GiB,0.30%,0B / 0B,0B / 3.2MB,33
2026-07-30 20:49:13,mapir-ffmpeg,27.97%,171.5MiB / 30.66GiB,0.55%,0B / 0B,0B / 1.69MB,33
2026-07-30 20:49:13,nav2,6.40%,207.9MiB / 30.66GiB,0.66%,0B / 0B,0B / 1.73MB,93
2026-07-30 20:49:13,glim,77.66%,554.5MiB / 30.66GiB,1.77%,0B / 0B,0B / 11.6MB,37
2026-07-30 20:49:16,foxglove,11.38%,480.2MiB / 30.66GiB,1.53%,0B / 0B,0B / 3.39MB,31
2026-07-30 20:49:16,docker-recorder-run-c43348258146,0.00%,10.29MiB / 30.66GiB,0.03%,0B / 0B,0B / 9.52MB,1
2026-07-30 20:49:16,ouster,6.98%,121.7MiB / 30.66GiB,0.39%,0B / 0B,131kB / 2.85MB,29
2026-07-30 20:49:16,scovox,80.15%,283.5MiB / 30.66GiB,0.90%,0B / 0B,0B / 6.96MB,53
2026-07-30 20:49:16,openzen,2.36%,33.9MiB / 30.66GiB,0.11%,0B / 0B,0B / 2.15MB,20
2026-07-30 20:49:16,trav_ros2,101.07%,403.5MiB / 30.66GiB,1.28%,0B / 0B,0B / 14.5MB,44
2026-07-30 20:49:16,realsense,16.71%,94.51MiB / 30.66GiB,0.30%,0B / 0B,0B / 3.2MB,33
2026-07-30 20:49:16,mapir-ffmpeg,28.62%,171.5MiB / 30.66GiB,0.55%,0B / 0B,0B / 1.69MB,33
2026-07-30 20:49:16,nav2,5.84%,206.9MiB / 30.66GiB,0.66%,0B / 0B,0B / 1.73MB,93
2026-07-30 20:49:16,glim,77.67%,554.8MiB / 30.66GiB,1.77%,0B / 0B,0B / 11.6MB,37
2026-07-30 20:49:20,foxglove,11.38%,479.8MiB / 30.66GiB,1.53%,0B / 0B,0B / 3.39MB,31
2026-07-30 20:49:20,docker-recorder-run-c43348258146,0.00%,10.29MiB / 30.66GiB,0.03%,0B / 0B,0B / 9.52MB,1
2026-07-30 20:49:20,ouster,7.26%,121.7MiB / 30.66GiB,0.39%,0B / 0B,131kB / 2.85MB,29
2026-07-30 20:49:20,scovox,55.10%,313MiB / 30.66GiB,1.00%,0B / 0B,0B / 6.96MB,53
2026-07-30 20:49:20,openzen,2.57%,34.15MiB / 30.66GiB,0.11%,0B / 0B,0B / 2.15MB,20
2026-07-30 20:49:20,trav_ros2,100.69%,392.5MiB / 30.66GiB,1.25%,0B / 0B,0B / 14.5MB,44
2026-07-30 20:49:20,realsense,16.84%,94.51MiB / 30.66GiB,0.30%,0B / 0B,0B / 3.2MB,33
2026-07-30 20:49:20,mapir-ffmpeg,27.88%,171MiB / 30.66GiB,0.54%,0B / 0B,0B / 1.7MB,33
2026-07-30 20:49:20,nav2,6.38%,208.4MiB / 30.66GiB,0.66%,0B / 0B,0B / 1.75MB,93
2026-07-30 20:49:20,glim,78.54%,555.6MiB / 30.66GiB,1.77%,0B / 0B,0B / 11.6MB,37
2026-07-30 20:49:23,foxglove,11.64%,488MiB / 30.66GiB,1.55%,0B / 0B,0B / 3.39MB,31
2026-07-30 20:49:23,docker-recorder-run-c43348258146,0.00%,10.29MiB / 30.66GiB,0.03%,0B / 0B,0B / 9.52MB,1
2026-07-30 20:49:23,ouster,7.08%,121.5MiB / 30.66GiB,0.39%,0B / 0B,131kB / 2.85MB,29
2026-07-30 20:49:23,scovox,74.69%,284.1MiB / 30.66GiB,0.90%,0B / 0B,0B / 6.96MB,53
2026-07-30 20:49:23,openzen,2.27%,33.9MiB / 30.66GiB,0.11%,0B / 0B,0B / 2.15MB,20
2026-07-30 20:49:23,trav_ros2,100.43%,385.2MiB / 30.66GiB,1.23%,0B / 0B,0B / 14.5MB,44
2026-07-30 20:49:23,realsense,16.50%,94.76MiB / 30.66GiB,0.30%,0B / 0B,0B / 3.2MB,33
2026-07-30 20:49:23,mapir-ffmpeg,28.38%,171.3MiB / 30.66GiB,0.55%,0B / 0B,0B / 1.7MB,33
2026-07-30 20:49:23,nav2,6.50%,206.7MiB / 30.66GiB,0.66%,0B / 0B,0B / 1.75MB,93
2026-07-30 20:49:23,glim,75.56%,555.4MiB / 30.66GiB,1.77%,0B / 0B,0B / 11.6MB,37
2026-07-30 20:49:26,foxglove,12.72%,490.2MiB / 30.66GiB,1.56%,0B / 0B,0B / 3.39MB,31
2026-07-30 20:49:26,docker-recorder-run-c43348258146,0.00%,10.29MiB / 30.66GiB,0.03%,0B / 0B,0B / 9.52MB,1
2026-07-30 20:49:26,ouster,7.07%,121.5MiB / 30.66GiB,0.39%,0B / 0B,131kB / 2.85MB,29
2026-07-30 20:49:26,scovox,54.39%,318.6MiB / 30.66GiB,1.01%,0B / 0B,0B / 6.96MB,53
2026-07-30 20:49:26,openzen,2.43%,34.15MiB / 30.66GiB,0.11%,0B / 0B,0B / 2.15MB,20
2026-07-30 20:49:26,trav_ros2,100.28%,389.9MiB / 30.66GiB,1.24%,0B / 0B,0B / 14.5MB,44
2026-07-30 20:49:26,realsense,16.62%,94.51MiB / 30.66GiB,0.30%,0B / 0B,0B / 3.2MB,33
2026-07-30 20:49:26,mapir-ffmpeg,28.66%,171MiB / 30.66GiB,0.54%,0B / 0B,0B / 1.7MB,33
2026-07-30 20:49:26,nav2,6.37%,206.7MiB / 30.66GiB,0.66%,0B / 0B,0B / 1.75MB,93
2026-07-30 20:49:26,glim,76.59%,558.9MiB / 30.66GiB,1.78%,0B / 0B,0B / 11.6MB,37
2026-07-30 20:49:29,foxglove,11.43%,479.6MiB / 30.66GiB,1.53%,0B / 0B,0B / 3.39MB,31
2026-07-30 20:49:29,docker-recorder-run-c43348258146,0.00%,10.29MiB / 30.66GiB,0.03%,0B / 0B,0B / 9.52MB,1
2026-07-30 20:49:29,ouster,7.90%,121.6MiB / 30.66GiB,0.39%,0B / 0B,131kB / 2.85MB,29
2026-07-30 20:49:29,scovox,71.63%,283.5MiB / 30.66GiB,0.90%,0B / 0B,0B / 6.96MB,53
2026-07-30 20:49:29,openzen,2.36%,33.9MiB / 30.66GiB,0.11%,0B / 0B,0B / 2.15MB,20
2026-07-30 20:49:29,trav_ros2,101.11%,389.7MiB / 30.66GiB,1.24%,0B / 0B,0B / 14.5MB,44
2026-07-30 20:49:29,realsense,16.71%,94.76MiB / 30.66GiB,0.30%,0B / 0B,0B / 3.2MB,33
2026-07-30 20:49:29,mapir-ffmpeg,28.56%,172MiB / 30.66GiB,0.55%,0B / 0B,0B / 1.7MB,33
2026-07-30 20:49:29,nav2,6.21%,200MiB / 30.66GiB,0.64%,0B / 0B,0B / 1.75MB,93
2026-07-30 20:49:29,glim,80.94%,560.2MiB / 30.66GiB,1.78%,0B / 0B,0B / 11.6MB,37
2026-07-30 20:49:32,foxglove,12.32%,487.9MiB / 30.66GiB,1.55%,0B / 0B,0B / 3.39MB,31
2026-07-30 20:49:32,docker-recorder-run-c43348258146,0.00%,10.29MiB / 30.66GiB,0.03%,0B / 0B,0B / 9.52MB,1
2026-07-30 20:49:32,ouster,7.19%,121.4MiB / 30.66GiB,0.39%,0B / 0B,131kB / 2.85MB,29
2026-07-30 20:49:32,scovox,61.04%,319.9MiB / 30.66GiB,1.02%,0B / 0B,0B / 6.96MB,53
2026-07-30 20:49:32,openzen,2.45%,33.9MiB / 30.66GiB,0.11%,0B / 0B,0B / 2.15MB,20
2026-07-30 20:49:32,trav_ros2,101.46%,389.9MiB / 30.66GiB,1.24%,0B / 0B,0B / 14.5MB,44
2026-07-30 20:49:32,realsense,16.64%,94.76MiB / 30.66GiB,0.30%,0B / 0B,0B / 3.2MB,33
2026-07-30 20:49:32,mapir-ffmpeg,28.28%,171.3MiB / 30.66GiB,0.55%,0B / 0B,0B / 1.7MB,33
2026-07-30 20:49:32,nav2,6.17%,206.9MiB / 30.66GiB,0.66%,0B / 0B,0B / 1.75MB,93
2026-07-30 20:49:32,glim,80.61%,560MiB / 30.66GiB,1.78%,0B / 0B,0B / 11.6MB,37
2026-07-30 20:49:35,foxglove,12.45%,487.6MiB / 30.66GiB,1.55%,0B / 0B,0B / 3.39MB,31
2026-07-30 20:49:35,docker-recorder-run-c43348258146,0.00%,10.29MiB / 30.66GiB,0.03%,0B / 0B,0B / 9.52MB,1
2026-07-30 20:49:35,ouster,7.10%,121.6MiB / 30.66GiB,0.39%,0B / 0B,131kB / 2.85MB,29
2026-07-30 20:49:35,scovox,61.72%,283.7MiB / 30.66GiB,0.90%,0B / 0B,0B / 6.96MB,53
2026-07-30 20:49:35,openzen,2.42%,33.9MiB / 30.66GiB,0.11%,0B / 0B,0B / 2.15MB,20
2026-07-30 20:49:35,trav_ros2,101.62%,391.8MiB / 30.66GiB,1.25%,0B / 0B,0B / 14.5MB,44
2026-07-30 20:49:35,realsense,16.68%,94.51MiB / 30.66GiB,0.30%,0B / 0B,0B / 3.2MB,33
2026-07-30 20:49:35,mapir-ffmpeg,28.71%,171MiB / 30.66GiB,0.54%,0B / 0B,0B / 1.7MB,33
2026-07-30 20:49:35,nav2,6.46%,206.9MiB / 30.66GiB,0.66%,0B / 0B,0B / 1.75MB,93
2026-07-30 20:49:35,glim,79.60%,561MiB / 30.66GiB,1.79%,0B / 0B,0B / 11.6MB,37
2026-07-30 20:49:38,foxglove,12.19%,487.9MiB / 30.66GiB,1.55%,0B / 0B,0B / 3.39MB,31
2026-07-30 20:49:38,docker-recorder-run-c43348258146,0.00%,10.29MiB / 30.66GiB,0.03%,0B / 0B,0B / 9.52MB,1
2026-07-30 20:49:38,ouster,7.36%,122MiB / 30.66GiB,0.39%,0B / 0B,131kB / 2.85MB,29
2026-07-30 20:49:38,scovox,76.74%,284.1MiB / 30.66GiB,0.90%,0B / 0B,0B / 6.96MB,53
2026-07-30 20:49:38,openzen,2.77%,33.9MiB / 30.66GiB,0.11%,0B / 0B,0B / 2.15MB,20
2026-07-30 20:49:38,trav_ros2,102.32%,389.9MiB / 30.66GiB,1.24%,0B / 0B,0B / 14.5MB,44
2026-07-30 20:49:38,realsense,16.97%,95.25MiB / 30.66GiB,0.30%,0B / 0B,0B / 3.2MB,33
2026-07-30 20:49:38,mapir-ffmpeg,28.37%,171.3MiB / 30.66GiB,0.55%,0B / 0B,0B / 1.7MB,33
2026-07-30 20:49:38,nav2,6.78%,206.9MiB / 30.66GiB,0.66%,0B / 0B,0B / 1.75MB,93
2026-07-30 20:49:38,glim,77.63%,565.4MiB / 30.66GiB,1.80%,0B / 0B,0B / 11.6MB,37
2026-07-30 20:49:42,foxglove,12.59%,487.9MiB / 30.66GiB,1.55%,0B / 0B,0B / 3.39MB,31
2026-07-30 20:49:42,docker-recorder-run-c43348258146,0.00%,10.29MiB / 30.66GiB,0.03%,0B / 0B,0B / 9.52MB,1
2026-07-30 20:49:42,ouster,7.75%,121.9MiB / 30.66GiB,0.39%,0B / 0B,131kB / 2.85MB,29
2026-07-30 20:49:42,scovox,58.60%,314.3MiB / 30.66GiB,1.00%,0B / 0B,0B / 6.96MB,53
2026-07-30 20:49:42,openzen,2.63%,33.9MiB / 30.66GiB,0.11%,0B / 0B,0B / 2.15MB,20
2026-07-30 20:49:42,trav_ros2,102.36%,389.3MiB / 30.66GiB,1.24%,0B / 0B,0B / 14.5MB,44
2026-07-30 20:49:42,realsense,16.85%,95MiB / 30.66GiB,0.30%,0B / 0B,0B / 3.2MB,33
2026-07-30 20:49:42,mapir-ffmpeg,28.49%,171.3MiB / 30.66GiB,0.55%,0B / 0B,0B / 1.7MB,33
2026-07-30 20:49:42,nav2,6.42%,206.7MiB / 30.66GiB,0.66%,0B / 0B,0B / 1.75MB,93
2026-07-30 20:49:42,glim,83.02%,574.3MiB / 30.66GiB,1.83%,0B / 0B,0B / 11.6MB,37
2026-07-30 20:49:45,foxglove,12.23%,479.8MiB / 30.66GiB,1.53%,0B / 0B,0B / 3.39MB,31
2026-07-30 20:49:45,docker-recorder-run-c43348258146,0.00%,10.29MiB / 30.66GiB,0.03%,0B / 0B,0B / 9.52MB,1
2026-07-30 20:49:45,ouster,7.81%,121.7MiB / 30.66GiB,0.39%,0B / 0B,131kB / 2.85MB,29
2026-07-30 20:49:45,scovox,83.62%,283.5MiB / 30.66GiB,0.90%,0B / 0B,0B / 7.06MB,53
2026-07-30 20:49:45,openzen,2.61%,34.89MiB / 30.66GiB,0.11%,0B / 0B,0B / 2.15MB,20
2026-07-30 20:49:45,trav_ros2,101.50%,390.2MiB / 30.66GiB,1.24%,0B / 0B,0B / 14.5MB,44
2026-07-30 20:49:45,realsense,17.07%,95MiB / 30.66GiB,0.30%,0B / 0B,0B / 3.2MB,33
2026-07-30 20:49:45,mapir-ffmpeg,29.66%,171MiB / 30.66GiB,0.54%,0B / 0B,0B / 1.7MB,33
2026-07-30 20:49:45,nav2,6.26%,199.7MiB / 30.66GiB,0.64%,0B / 0B,0B / 1.75MB,93
2026-07-30 20:49:45,glim,78.41%,582MiB / 30.66GiB,1.85%,0B / 0B,0B / 11.6MB,37
2026-07-30 20:49:48,foxglove,12.48%,488.4MiB / 30.66GiB,1.56%,0B / 0B,0B / 3.39MB,31
2026-07-30 20:49:48,docker-recorder-run-c43348258146,0.00%,10.29MiB / 30.66GiB,0.03%,0B / 0B,0B / 9.52MB,1
2026-07-30 20:49:48,ouster,7.33%,121.6MiB / 30.66GiB,0.39%,0B / 0B,131kB / 2.85MB,29
2026-07-30 20:49:48,scovox,59.62%,318.8MiB / 30.66GiB,1.02%,0B / 0B,0B / 7.06MB,53
2026-07-30 20:49:48,openzen,2.50%,34.15MiB / 30.66GiB,0.11%,0B / 0B,0B / 2.15MB,20
2026-07-30 20:49:48,trav_ros2,101.47%,391.6MiB / 30.66GiB,1.25%,0B / 0B,0B / 14.5MB,44
2026-07-30 20:49:48,realsense,17.49%,94.75MiB / 30.66GiB,0.30%,0B / 0B,0B / 3.2MB,33
2026-07-30 20:49:48,mapir-ffmpeg,29.25%,171MiB / 30.66GiB,0.54%,0B / 0B,0B / 1.7MB,33
2026-07-30 20:49:48,nav2,6.38%,206.8MiB / 30.66GiB,0.66%,0B / 0B,0B / 1.75MB,93
2026-07-30 20:49:48,glim,76.34%,583.1MiB / 30.66GiB,1.86%,0B / 0B,0B / 11.6MB,37
2026-07-30 20:49:51,foxglove,12.50%,488MiB / 30.66GiB,1.55%,0B / 0B,0B / 3.39MB,31
2026-07-30 20:49:51,docker-recorder-run-c43348258146,0.00%,10.29MiB / 30.66GiB,0.03%,0B / 0B,0B / 9.52MB,1
2026-07-30 20:49:51,ouster,7.27%,121.4MiB / 30.66GiB,0.39%,0B / 0B,131kB / 2.85MB,29
2026-07-30 20:49:51,scovox,77.64%,283.5MiB / 30.66GiB,0.90%,0B / 0B,0B / 7.07MB,53
2026-07-30 20:49:51,openzen,2.48%,34.4MiB / 30.66GiB,0.11%,0B / 0B,0B / 2.15MB,20
2026-07-30 20:49:51,trav_ros2,101.66%,391.4MiB / 30.66GiB,1.25%,0B / 0B,0B / 14.5MB,44
2026-07-30 20:49:51,realsense,17.26%,94.51MiB / 30.66GiB,0.30%,0B / 0B,0B / 3.2MB,33
2026-07-30 20:49:51,mapir-ffmpeg,29.66%,171.8MiB / 30.66GiB,0.55%,0B / 0B,0B / 1.7MB,33
2026-07-30 20:49:51,nav2,6.31%,206.7MiB / 30.66GiB,0.66%,0B / 0B,0B / 1.75MB,93
2026-07-30 20:49:51,glim,80.10%,582.6MiB / 30.66GiB,1.86%,0B / 0B,0B / 11.6MB,37
2026-07-30 20:49:54,foxglove,11.61%,480.3MiB / 30.66GiB,1.53%,0B / 0B,0B / 3.39MB,31
2026-07-30 20:49:54,docker-recorder-run-c43348258146,0.00%,10.29MiB / 30.66GiB,0.03%,0B / 0B,0B / 9.52MB,1
2026-07-30 20:49:54,ouster,7.16%,121.3MiB / 30.66GiB,0.39%,0B / 0B,131kB / 2.85MB,29
2026-07-30 20:49:54,scovox,62.07%,325.7MiB / 30.66GiB,1.04%,0B / 0B,0B / 7.07MB,53
2026-07-30 20:49:54,openzen,2.48%,34.15MiB / 30.66GiB,0.11%,0B / 0B,0B / 2.15MB,20
2026-07-30 20:49:54,trav_ros2,101.37%,385.1MiB / 30.66GiB,1.23%,0B / 0B,0B / 14.5MB,44
2026-07-30 20:49:54,realsense,16.86%,94.75MiB / 30.66GiB,0.30%,0B / 0B,0B / 3.2MB,33
2026-07-30 20:49:54,mapir-ffmpeg,29.39%,171.3MiB / 30.66GiB,0.55%,0B / 0B,0B / 1.72MB,33
2026-07-30 20:49:54,nav2,6.49%,199.4MiB / 30.66GiB,0.64%,0B / 0B,0B / 1.77MB,93
2026-07-30 20:49:54,glim,75.73%,583.8MiB / 30.66GiB,1.86%,0B / 0B,0B / 11.6MB,37
2026-07-30 20:49:57,foxglove,11.85%,488.3MiB / 30.66GiB,1.56%,0B / 0B,0B / 3.39MB,31
2026-07-30 20:49:57,docker-recorder-run-c43348258146,0.00%,10.29MiB / 30.66GiB,0.03%,0B / 0B,0B / 9.52MB,1
2026-07-30 20:49:57,ouster,7.12%,121.5MiB / 30.66GiB,0.39%,0B / 0B,131kB / 2.85MB,29
2026-07-30 20:49:57,scovox,79.12%,283.5MiB / 30.66GiB,0.90%,0B / 0B,0B / 7.07MB,53
2026-07-30 20:49:57,openzen,2.44%,34.15MiB / 30.66GiB,0.11%,0B / 0B,0B / 2.15MB,20
2026-07-30 20:49:57,trav_ros2,101.20%,408.1MiB / 30.66GiB,1.30%,0B / 0B,0B / 14.5MB,44
2026-07-30 20:49:57,realsense,16.51%,94.75MiB / 30.66GiB,0.30%,0B / 0B,0B / 3.2MB,33
2026-07-30 20:49:57,mapir-ffmpeg,28.57%,171MiB / 30.66GiB,0.54%,0B / 0B,0B / 1.72MB,33
2026-07-30 20:49:57,nav2,6.39%,206.9MiB / 30.66GiB,0.66%,0B / 0B,0B / 1.77MB,93
2026-07-30 20:49:57,glim,74.41%,583.5MiB / 30.66GiB,1.86%,0B / 0B,0B / 11.6MB,37
2026-07-30 20:50:00,foxglove,11.91%,480MiB / 30.66GiB,1.53%,0B / 0B,0B / 3.39MB,31
2026-07-30 20:50:00,docker-recorder-run-c43348258146,0.00%,10.29MiB / 30.66GiB,0.03%,0B / 0B,0B / 9.52MB,1
2026-07-30 20:50:00,ouster,7.94%,121.6MiB / 30.66GiB,0.39%,0B / 0B,131kB / 2.85MB,29
2026-07-30 20:50:00,scovox,72.89%,284.4MiB / 30.66GiB,0.91%,0B / 0B,0B / 7.07MB,53
2026-07-30 20:50:00,openzen,2.64%,34.15MiB / 30.66GiB,0.11%,0B / 0B,0B / 2.15MB,20
2026-07-30 20:50:00,trav_ros2,101.39%,390.5MiB / 30.66GiB,1.24%,0B / 0B,0B / 14.5MB,44
2026-07-30 20:50:00,realsense,16.76%,94.51MiB / 30.66GiB,0.30%,0B / 0B,0B / 3.2MB,33
2026-07-30 20:50:00,mapir-ffmpeg,29.92%,171.1MiB / 30.66GiB,0.54%,0B / 0B,0B / 1.72MB,33
2026-07-30 20:50:00,nav2,7.10%,207.3MiB / 30.66GiB,0.66%,0B / 0B,0B / 1.77MB,93
2026-07-30 20:50:00,glim,78.16%,576.3MiB / 30.66GiB,1.84%,0B / 0B,0B / 11.6MB,37
2026-07-30 20:50:03,foxglove,11.89%,480.1MiB / 30.66GiB,1.53%,0B / 0B,0B / 3.39MB,31
2026-07-30 20:50:03,docker-recorder-run-c43348258146,0.00%,10.29MiB / 30.66GiB,0.03%,0B / 0B,0B / 9.52MB,1
2026-07-30 20:50:03,ouster,7.08%,121.4MiB / 30.66GiB,0.39%,0B / 0B,131kB / 2.85MB,29
2026-07-30 20:50:03,scovox,52.78%,284MiB / 30.66GiB,0.90%,0B / 0B,0B / 7.07MB,53
2026-07-30 20:50:03,openzen,2.43%,34.15MiB / 30.66GiB,0.11%,0B / 0B,0B / 2.15MB,20
2026-07-30 20:50:03,trav_ros2,101.45%,390.1MiB / 30.66GiB,1.24%,0B / 0B,0B / 14.5MB,44
2026-07-30 20:50:03,realsense,16.50%,94.76MiB / 30.66GiB,0.30%,0B / 0B,0B / 3.2MB,33
2026-07-30 20:50:03,mapir-ffmpeg,28.84%,171MiB / 30.66GiB,0.54%,0B / 0B,0B / 1.72MB,33
2026-07-30 20:50:03,nav2,6.08%,206.5MiB / 30.66GiB,0.66%,0B / 0B,0B / 1.77MB,93
2026-07-30 20:50:03,glim,82.10%,576.3MiB / 30.66GiB,1.84%,0B / 0B,0B / 11.6MB,37
2026-07-30 20:50:07,foxglove,11.55%,480.2MiB / 30.66GiB,1.53%,0B / 0B,0B / 3.39MB,31
2026-07-30 20:50:07,docker-recorder-run-c43348258146,0.00%,10.29MiB / 30.66GiB,0.03%,0B / 0B,0B / 9.52MB,1
2026-07-30 20:50:07,ouster,7.03%,121.7MiB / 30.66GiB,0.39%,0B / 0B,131kB / 2.85MB,29
2026-07-30 20:50:07,scovox,77.58%,283.8MiB / 30.66GiB,0.90%,0B / 0B,0B / 7.07MB,53
2026-07-30 20:50:07,openzen,2.36%,34.15MiB / 30.66GiB,0.11%,0B / 0B,0B / 2.15MB,20
2026-07-30 20:50:07,trav_ros2,101.82%,391.6MiB / 30.66GiB,1.25%,0B / 0B,0B / 14.5MB,44
2026-07-30 20:50:07,realsense,16.69%,94.51MiB / 30.66GiB,0.30%,0B / 0B,0B / 3.2MB,33
2026-07-30 20:50:07,mapir-ffmpeg,29.16%,171.1MiB / 30.66GiB,0.54%,0B / 0B,0B / 1.72MB,33
2026-07-30 20:50:07,nav2,6.06%,206.7MiB / 30.66GiB,0.66%,0B / 0B,0B / 1.77MB,93
2026-07-30 20:50:07,glim,81.16%,571.9MiB / 30.66GiB,1.82%,0B / 0B,0B / 11.6MB,37
2026-07-30 20:50:10,foxglove,11.43%,480MiB / 30.66GiB,1.53%,0B / 0B,0B / 3.39MB,31
2026-07-30 20:50:10,docker-recorder-run-c43348258146,0.00%,10.29MiB / 30.66GiB,0.03%,0B / 0B,0B / 9.52MB,1
2026-07-30 20:50:10,ouster,6.94%,122.1MiB / 30.66GiB,0.39%,0B / 0B,131kB / 2.85MB,29
2026-07-30 20:50:10,scovox,70.23%,283.9MiB / 30.66GiB,0.90%,0B / 0B,0B / 7.07MB,53
2026-07-30 20:50:10,openzen,2.46%,34.15MiB / 30.66GiB,0.11%,0B / 0B,0B / 2.15MB,20
2026-07-30 20:50:10,trav_ros2,102.38%,391.1MiB / 30.66GiB,1.25%,0B / 0B,0B / 14.5MB,44
2026-07-30 20:50:10,realsense,17.10%,94.51MiB / 30.66GiB,0.30%,0B / 0B,0B / 3.2MB,33
2026-07-30 20:50:10,mapir-ffmpeg,29.32%,171MiB / 30.66GiB,0.54%,0B / 0B,0B / 1.72MB,33
2026-07-30 20:50:10,nav2,6.05%,206.7MiB / 30.66GiB,0.66%,0B / 0B,0B / 1.77MB,93
2026-07-30 20:50:10,glim,78.13%,572.4MiB / 30.66GiB,1.82%,0B / 0B,0B / 11.6MB,37
2026-07-30 20:50:13,foxglove,12.09%,479.9MiB / 30.66GiB,1.53%,0B / 0B,0B / 3.39MB,31
2026-07-30 20:50:13,docker-recorder-run-c43348258146,0.00%,10.29MiB / 30.66GiB,0.03%,0B / 0B,0B / 9.52MB,1
2026-07-30 20:50:13,ouster,7.72%,121.3MiB / 30.66GiB,0.39%,0B / 0B,131kB / 2.85MB,29
2026-07-30 20:50:13,scovox,73.64%,284.1MiB / 30.66GiB,0.90%,0B / 0B,0B / 7.07MB,53
2026-07-30 20:50:13,openzen,2.49%,34.15MiB / 30.66GiB,0.11%,0B / 0B,0B / 2.15MB,20
2026-07-30 20:50:13,trav_ros2,102.03%,392.1MiB / 30.66GiB,1.25%,0B / 0B,0B / 14.5MB,44
2026-07-30 20:50:13,realsense,16.68%,95.01MiB / 30.66GiB,0.30%,0B / 0B,0B / 3.2MB,33
2026-07-30 20:50:13,mapir-ffmpeg,28.89%,171MiB / 30.66GiB,0.54%,0B / 0B,0B / 1.72MB,33
2026-07-30 20:50:13,nav2,5.96%,206.6MiB / 30.66GiB,0.66%,0B / 0B,0B / 1.77MB,93
2026-07-30 20:50:13,glim,81.15%,573.2MiB / 30.66GiB,1.83%,0B / 0B,0B / 11.6MB,37
2026-07-30 20:50:16,foxglove,11.79%,480.1MiB / 30.66GiB,1.53%,0B / 0B,0B / 3.39MB,31
2026-07-30 20:50:16,docker-recorder-run-c43348258146,0.00%,10.29MiB / 30.66GiB,0.03%,0B / 0B,0B / 9.52MB,1
2026-07-30 20:50:16,ouster,7.34%,121.2MiB / 30.66GiB,0.39%,0B / 0B,131kB / 2.85MB,29
2026-07-30 20:50:16,scovox,49.87%,315.6MiB / 30.66GiB,1.00%,0B / 0B,0B / 7.15MB,53
2026-07-30 20:50:16,openzen,2.75%,34.15MiB / 30.66GiB,0.11%,0B / 0B,0B / 2.15MB,20
2026-07-30 20:50:16,trav_ros2,101.80%,384.7MiB / 30.66GiB,1.23%,0B / 0B,0B / 14.5MB,44
2026-07-30 20:50:16,realsense,16.17%,94.51MiB / 30.66GiB,0.30%,0B / 0B,0B / 3.2MB,33
2026-07-30 20:50:16,mapir-ffmpeg,29.55%,171.8MiB / 30.66GiB,0.55%,0B / 0B,0B / 1.72MB,33
2026-07-30 20:50:16,nav2,6.88%,207.2MiB / 30.66GiB,0.66%,0B / 0B,0B / 1.77MB,93
2026-07-30 20:50:16,glim,86.36%,572.7MiB / 30.66GiB,1.82%,0B / 0B,0B / 11.6MB,37
2026-07-30 20:50:19,foxglove,11.83%,488.2MiB / 30.66GiB,1.55%,0B / 0B,0B / 3.39MB,31
2026-07-30 20:50:19,docker-recorder-run-c43348258146,0.00%,10.29MiB / 30.66GiB,0.03%,0B / 0B,0B / 9.52MB,1
2026-07-30 20:50:19,ouster,6.92%,121.7MiB / 30.66GiB,0.39%,0B / 0B,131kB / 2.85MB,29
2026-07-30 20:50:19,scovox,62.71%,284.2MiB / 30.66GiB,0.91%,0B / 0B,0B / 7.15MB,53
2026-07-30 20:50:19,openzen,2.54%,34.15MiB / 30.66GiB,0.11%,0B / 0B,0B / 2.15MB,20
2026-07-30 20:50:19,trav_ros2,101.89%,390.1MiB / 30.66GiB,1.24%,0B / 0B,0B / 14.6MB,44
2026-07-30 20:50:19,realsense,16.00%,94.75MiB / 30.66GiB,0.30%,0B / 0B,0B / 3.2MB,33
2026-07-30 20:50:19,mapir-ffmpeg,28.58%,170.8MiB / 30.66GiB,0.54%,0B / 0B,0B / 1.72MB,33
2026-07-30 20:50:19,nav2,6.75%,206.5MiB / 30.66GiB,0.66%,0B / 0B,0B / 1.77MB,93
2026-07-30 20:50:19,glim,82.54%,598.3MiB / 30.66GiB,1.91%,0B / 0B,0B / 11.6MB,37
2026-07-30 20:50:22,foxglove,11.97%,488MiB / 30.66GiB,1.55%,0B / 0B,0B / 3.39MB,31
2026-07-30 20:50:22,docker-recorder-run-c43348258146,0.00%,10.29MiB / 30.66GiB,0.03%,0B / 0B,0B / 9.52MB,1
2026-07-30 20:50:22,ouster,6.91%,121.8MiB / 30.66GiB,0.39%,0B / 0B,131kB / 2.85MB,29
2026-07-30 20:50:22,scovox,58.90%,286.6MiB / 30.66GiB,0.91%,0B / 0B,0B / 7.15MB,53
2026-07-30 20:50:22,openzen,2.42%,34.4MiB / 30.66GiB,0.11%,0B / 0B,0B / 2.15MB,20
2026-07-30 20:50:22,trav_ros2,101.38%,391MiB / 30.66GiB,1.25%,0B / 0B,0B / 14.6MB,44
2026-07-30 20:50:22,realsense,15.87%,94.76MiB / 30.66GiB,0.30%,0B / 0B,0B / 3.2MB,33
2026-07-30 20:50:22,mapir-ffmpeg,28.35%,170.8MiB / 30.66GiB,0.54%,0B / 0B,0B / 1.72MB,33
2026-07-30 20:50:22,nav2,6.54%,206.5MiB / 30.66GiB,0.66%,0B / 0B,0B / 1.77MB,93
2026-07-30 20:50:22,glim,80.46%,612.3MiB / 30.66GiB,1.95%,0B / 0B,0B / 11.6MB,37
2026-07-30 20:50:25,foxglove,11.89%,487.7MiB / 30.66GiB,1.55%,0B / 0B,0B / 3.39MB,31
2026-07-30 20:50:25,docker-recorder-run-c43348258146,0.00%,10.29MiB / 30.66GiB,0.03%,0B / 0B,0B / 9.52MB,1
2026-07-30 20:50:25,ouster,7.79%,121.6MiB / 30.66GiB,0.39%,0B / 0B,131kB / 2.85MB,29
2026-07-30 20:50:25,scovox,54.39%,286.1MiB / 30.66GiB,0.91%,0B / 0B,0B / 7.16MB,53
2026-07-30 20:50:25,openzen,2.61%,34.15MiB / 30.66GiB,0.11%,0B / 0B,0B / 2.15MB,20
2026-07-30 20:50:25,trav_ros2,101.48%,392.2MiB / 30.66GiB,1.25%,0B / 0B,0B / 14.6MB,44
2026-07-30 20:50:25,realsense,17.05%,94.76MiB / 30.66GiB,0.30%,0B / 0B,0B / 3.2MB,33
2026-07-30 20:50:25,mapir-ffmpeg,28.63%,171.3MiB / 30.66GiB,0.55%,0B / 0B,0B / 1.72MB,33
2026-07-30 20:50:25,nav2,6.36%,207.3MiB / 30.66GiB,0.66%,0B / 0B,0B / 1.77MB,93
2026-07-30 20:50:25,glim,77.73%,612.8MiB / 30.66GiB,1.95%,0B / 0B,0B / 11.6MB,37
2026-07-30 20:50:28,foxglove,12.18%,488.4MiB / 30.66GiB,1.56%,0B / 0B,0B / 3.39MB,31
2026-07-30 20:50:28,docker-recorder-run-c43348258146,0.00%,10.29MiB / 30.66GiB,0.03%,0B / 0B,0B / 9.52MB,1
2026-07-30 20:50:28,ouster,7.24%,122.1MiB / 30.66GiB,0.39%,0B / 0B,131kB / 2.85MB,29
2026-07-30 20:50:28,scovox,75.24%,286.5MiB / 30.66GiB,0.91%,0B / 0B,0B / 7.16MB,53
2026-07-30 20:50:28,openzen,2.60%,34.15MiB / 30.66GiB,0.11%,0B / 0B,0B / 2.15MB,20
2026-07-30 20:50:28,trav_ros2,101.17%,385.7MiB / 30.66GiB,1.23%,0B / 0B,0B / 14.6MB,44
2026-07-30 20:50:28,realsense,16.81%,94.51MiB / 30.66GiB,0.30%,0B / 0B,0B / 3.2MB,33
2026-07-30 20:50:28,mapir-ffmpeg,28.40%,170.8MiB / 30.66GiB,0.54%,0B / 0B,0B / 1.73MB,33
2026-07-30 20:50:28,nav2,6.05%,206.6MiB / 30.66GiB,0.66%,0B / 0B,0B / 1.78MB,93
2026-07-30 20:50:28,glim,82.48%,580.6MiB / 30.66GiB,1.85%,0B / 0B,0B / 11.6MB,37
2026-07-30 20:50:32,foxglove,12.27%,487.7MiB / 30.66GiB,1.55%,0B / 0B,0B / 3.39MB,31
2026-07-30 20:50:32,docker-recorder-run-c43348258146,0.00%,10.29MiB / 30.66GiB,0.03%,0B / 0B,0B / 9.52MB,1
2026-07-30 20:50:32,ouster,7.38%,121.9MiB / 30.66GiB,0.39%,0B / 0B,131kB / 2.85MB,29
2026-07-30 20:50:32,scovox,59.78%,315.6MiB / 30.66GiB,1.01%,0B / 0B,0B / 7.16MB,53
2026-07-30 20:50:32,openzen,2.56%,34.91MiB / 30.66GiB,0.11%,0B / 0B,0B / 2.15MB,20
2026-07-30 20:50:32,trav_ros2,101.05%,385.8MiB / 30.66GiB,1.23%,0B / 0B,0B / 14.6MB,44
2026-07-30 20:50:32,realsense,17.48%,94.51MiB / 30.66GiB,0.30%,0B / 0B,0B / 3.2MB,33
2026-07-30 20:50:32,mapir-ffmpeg,29.45%,170.8MiB / 30.66GiB,0.54%,0B / 0B,0B / 1.73MB,33
2026-07-30 20:50:32,nav2,6.77%,208MiB / 30.66GiB,0.66%,0B / 0B,0B / 1.78MB,93
2026-07-30 20:50:32,glim,74.02%,572.8MiB / 30.66GiB,1.82%,0B / 0B,0B / 11.6MB,37
2026-07-30 20:50:35,foxglove,12.84%,488.3MiB / 30.66GiB,1.56%,0B / 0B,0B / 3.39MB,31
2026-07-30 20:50:35,docker-recorder-run-c43348258146,0.00%,10.29MiB / 30.66GiB,0.03%,0B / 0B,0B / 9.52MB,1
2026-07-30 20:50:35,ouster,7.25%,121.7MiB / 30.66GiB,0.39%,0B / 0B,131kB / 2.85MB,29
2026-07-30 20:50:35,scovox,81.66%,286.9MiB / 30.66GiB,0.91%,0B / 0B,0B / 7.16MB,53
2026-07-30 20:50:35,openzen,2.45%,34.15MiB / 30.66GiB,0.11%,0B / 0B,0B / 2.15MB,20
2026-07-30 20:50:35,trav_ros2,101.36%,391.1MiB / 30.66GiB,1.25%,0B / 0B,0B / 14.6MB,44
2026-07-30 20:50:35,realsense,17.71%,94.51MiB / 30.66GiB,0.30%,0B / 0B,0B / 3.2MB,33
2026-07-30 20:50:35,mapir-ffmpeg,29.31%,170.8MiB / 30.66GiB,0.54%,0B / 0B,0B / 1.73MB,33
2026-07-30 20:50:35,nav2,6.42%,206.7MiB / 30.66GiB,0.66%,0B / 0B,0B / 1.78MB,93
2026-07-30 20:50:35,glim,76.65%,564.3MiB / 30.66GiB,1.80%,0B / 0B,0B / 11.6MB,37
2026-07-30 20:50:38,foxglove,12.50%,488.1MiB / 30.66GiB,1.55%,0B / 0B,0B / 3.39MB,31
2026-07-30 20:50:38,docker-recorder-run-c43348258146,0.00%,10.29MiB / 30.66GiB,0.03%,0B / 0B,0B / 9.52MB,1
2026-07-30 20:50:38,ouster,7.49%,121.4MiB / 30.66GiB,0.39%,0B / 0B,131kB / 2.85MB,29
2026-07-30 20:50:38,scovox,60.33%,323.5MiB / 30.66GiB,1.03%,0B / 0B,0B / 7.16MB,53
2026-07-30 20:50:38,openzen,2.41%,34.15MiB / 30.66GiB,0.11%,0B / 0B,0B / 2.15MB,20
2026-07-30 20:50:38,trav_ros2,102.14%,390.2MiB / 30.66GiB,1.24%,0B / 0B,0B / 14.6MB,44
2026-07-30 20:50:38,realsense,18.37%,94.76MiB / 30.66GiB,0.30%,0B / 0B,0B / 3.2MB,33
2026-07-30 20:50:38,mapir-ffmpeg,29.74%,170.8MiB / 30.66GiB,0.54%,0B / 0B,0B / 1.73MB,33
2026-07-30 20:50:38,nav2,6.40%,206.5MiB / 30.66GiB,0.66%,0B / 0B,0B / 1.78MB,93
2026-07-30 20:50:38,glim,73.74%,564.7MiB / 30.66GiB,1.80%,0B / 0B,0B / 11.6MB,37
2026-07-30 20:50:41,foxglove,12.40%,488.5MiB / 30.66GiB,1.56%,0B / 0B,0B / 3.39MB,31
2026-07-30 20:50:41,docker-recorder-run-c43348258146,0.00%,10.29MiB / 30.66GiB,0.03%,0B / 0B,0B / 9.52MB,1
2026-07-30 20:50:41,ouster,7.20%,121.9MiB / 30.66GiB,0.39%,0B / 0B,131kB / 2.85MB,29
2026-07-30 20:50:41,scovox,78.44%,286.2MiB / 30.66GiB,0.91%,0B / 0B,0B / 7.16MB,53
2026-07-30 20:50:41,openzen,2.69%,34.89MiB / 30.66GiB,0.11%,0B / 0B,0B / 2.15MB,20
2026-07-30 20:50:41,trav_ros2,101.78%,454.9MiB / 30.66GiB,1.45%,0B / 0B,0B / 14.6MB,44
2026-07-30 20:50:41,realsense,17.82%,94.51MiB / 30.66GiB,0.30%,0B / 0B,0B / 3.2MB,33
2026-07-30 20:50:41,mapir-ffmpeg,30.13%,171.1MiB / 30.66GiB,0.54%,0B / 0B,0B / 1.73MB,33
2026-07-30 20:50:41,nav2,6.71%,206.5MiB / 30.66GiB,0.66%,0B / 0B,0B / 1.78MB,93
2026-07-30 20:50:41,glim,79.49%,564.7MiB / 30.66GiB,1.80%,0B / 0B,0B / 11.6MB,37
2026-07-30 20:50:44,foxglove,12.53%,488.8MiB / 30.66GiB,1.56%,0B / 0B,0B / 3.39MB,31
2026-07-30 20:50:44,docker-recorder-run-c43348258146,0.00%,10.29MiB / 30.66GiB,0.03%,0B / 0B,0B / 9.52MB,1
2026-07-30 20:50:44,ouster,6.89%,121.4MiB / 30.66GiB,0.39%,0B / 0B,131kB / 2.85MB,29
2026-07-30 20:50:44,scovox,61.39%,327.1MiB / 30.66GiB,1.04%,0B / 0B,0B / 7.16MB,53
2026-07-30 20:50:44,openzen,2.49%,34.15MiB / 30.66GiB,0.11%,0B / 0B,0B / 2.15MB,20
2026-07-30 20:50:44,trav_ros2,102.01%,390.9MiB / 30.66GiB,1.25%,0B / 0B,0B / 14.6MB,44
2026-07-30 20:50:44,realsense,16.92%,95.01MiB / 30.66GiB,0.30%,0B / 0B,0B / 3.2MB,33
2026-07-30 20:50:44,mapir-ffmpeg,29.74%,170.8MiB / 30.66GiB,0.54%,0B / 0B,0B / 1.73MB,33
2026-07-30 20:50:44,nav2,6.39%,206.8MiB / 30.66GiB,0.66%,0B / 0B,0B / 1.78MB,93
2026-07-30 20:50:44,glim,75.31%,564.8MiB / 30.66GiB,1.80%,0B / 0B,0B / 11.6MB,37
2026-07-30 20:50:47,foxglove,12.22%,488.4MiB / 30.66GiB,1.56%,0B / 0B,0B / 3.39MB,31
2026-07-30 20:50:47,docker-recorder-run-c43348258146,0.00%,10.29MiB / 30.66GiB,0.03%,0B / 0B,0B / 9.52MB,1
2026-07-30 20:50:47,ouster,7.66%,121.6MiB / 30.66GiB,0.39%,0B / 0B,131kB / 2.85MB,29
2026-07-30 20:50:47,scovox,70.96%,311.2MiB / 30.66GiB,0.99%,0B / 0B,0B / 7.16MB,53
2026-07-30 20:50:47,openzen,2.47%,34.15MiB / 30.66GiB,0.11%,0B / 0B,0B / 2.15MB,20
2026-07-30 20:50:47,trav_ros2,101.76%,393.4MiB / 30.66GiB,1.25%,0B / 0B,0B / 14.6MB,44
2026-07-30 20:50:47,realsense,16.79%,94.76MiB / 30.66GiB,0.30%,0B / 0B,0B / 3.2MB,33
2026-07-30 20:50:47,mapir-ffmpeg,28.94%,170.8MiB / 30.66GiB,0.54%,0B / 0B,0B / 1.73MB,33
2026-07-30 20:50:47,nav2,6.49%,206.7MiB / 30.66GiB,0.66%,0B / 0B,0B / 1.78MB,93
2026-07-30 20:50:47,glim,77.07%,564.6MiB / 30.66GiB,1.80%,0B / 0B,0B / 11.6MB,37
2026-07-30 20:50:50,foxglove,12.31%,488.4MiB / 30.66GiB,1.56%,0B / 0B,0B / 3.39MB,31
2026-07-30 20:50:50,docker-recorder-run-c43348258146,0.00%,10.29MiB / 30.66GiB,0.03%,0B / 0B,0B / 9.52MB,1
2026-07-30 20:50:50,ouster,7.19%,122.1MiB / 30.66GiB,0.39%,0B / 0B,131kB / 2.85MB,29
2026-07-30 20:50:50,scovox,72.75%,287.9MiB / 30.66GiB,0.92%,0B / 0B,0B / 7.16MB,53
2026-07-30 20:50:50,openzen,2.50%,34.15MiB / 30.66GiB,0.11%,0B / 0B,0B / 2.15MB,20
2026-07-30 20:50:50,trav_ros2,101.79%,390.5MiB / 30.66GiB,1.24%,0B / 0B,0B / 14.6MB,44
2026-07-30 20:50:50,realsense,17.12%,94.76MiB / 30.66GiB,0.30%,0B / 0B,0B / 3.2MB,33
2026-07-30 20:50:50,mapir-ffmpeg,29.10%,170.8MiB / 30.66GiB,0.54%,0B / 0B,0B / 1.73MB,33
2026-07-30 20:50:50,nav2,6.71%,206.7MiB / 30.66GiB,0.66%,0B / 0B,0B / 1.78MB,93
2026-07-30 20:50:50,glim,74.96%,565.6MiB / 30.66GiB,1.80%,0B / 0B,0B / 11.6MB,37
2026-07-30 20:50:53,foxglove,11.63%,488.7MiB / 30.66GiB,1.56%,0B / 0B,0B / 3.39MB,31
2026-07-30 20:50:53,docker-recorder-run-c43348258146,0.00%,10.29MiB / 30.66GiB,0.03%,0B / 0B,0B / 9.52MB,1
2026-07-30 20:50:53,ouster,7.00%,121.7MiB / 30.66GiB,0.39%,0B / 0B,131kB / 2.85MB,29
2026-07-30 20:50:53,scovox,58.63%,315.2MiB / 30.66GiB,1.00%,0B / 0B,0B / 7.25MB,53
2026-07-30 20:50:53,openzen,2.43%,34.15MiB / 30.66GiB,0.11%,0B / 0B,0B / 2.15MB,20
2026-07-30 20:50:53,trav_ros2,101.44%,391.3MiB / 30.66GiB,1.25%,0B / 0B,0B / 14.6MB,44
2026-07-30 20:50:53,realsense,16.85%,94.51MiB / 30.66GiB,0.30%,0B / 0B,0B / 3.2MB,33
2026-07-30 20:50:53,mapir-ffmpeg,29.29%,170.8MiB / 30.66GiB,0.54%,0B / 0B,0B / 1.73MB,33
2026-07-30 20:50:53,nav2,6.34%,206.5MiB / 30.66GiB,0.66%,0B / 0B,0B / 1.78MB,93
2026-07-30 20:50:53,glim,77.32%,565.9MiB / 30.66GiB,1.80%,0B / 0B,0B / 11.6MB,37
2026-07-30 20:50:57,foxglove,12.10%,480.3MiB / 30.66GiB,1.53%,0B / 0B,0B / 3.39MB,31
2026-07-30 20:50:57,docker-recorder-run-c43348258146,0.00%,10.29MiB / 30.66GiB,0.03%,0B / 0B,0B / 9.52MB,1
2026-07-30 20:50:57,ouster,7.24%,121.7MiB / 30.66GiB,0.39%,0B / 0B,131kB / 2.85MB,29
2026-07-30 20:50:57,scovox,81.95%,285.9MiB / 30.66GiB,0.91%,0B / 0B,0B / 7.25MB,53
2026-07-30 20:50:57,openzen,2.58%,34.39MiB / 30.66GiB,0.11%,0B / 0B,0B / 2.15MB,20
2026-07-30 20:50:57,trav_ros2,101.09%,385.4MiB / 30.66GiB,1.23%,0B / 0B,0B / 14.6MB,44
2026-07-30 20:50:57,realsense,16.94%,94.76MiB / 30.66GiB,0.30%,0B / 0B,0B / 3.2MB,33
2026-07-30 20:50:57,mapir-ffmpeg,29.34%,171.1MiB / 30.66GiB,0.54%,0B / 0B,0B / 1.73MB,33
2026-07-30 20:50:57,nav2,6.32%,199.2MiB / 30.66GiB,0.63%,0B / 0B,0B / 1.78MB,93
2026-07-30 20:50:57,glim,78.31%,565.5MiB / 30.66GiB,1.80%,0B / 0B,0B / 11.6MB,37
2026-07-30 20:51:00,foxglove,12.68%,488.1MiB / 30.66GiB,1.55%,0B / 0B,0B / 3.39MB,31
2026-07-30 20:51:00,docker-recorder-run-c43348258146,0.00%,10.29MiB / 30.66GiB,0.03%,0B / 0B,0B / 9.52MB,1
2026-07-30 20:51:00,ouster,6.87%,121.4MiB / 30.66GiB,0.39%,0B / 0B,131kB / 2.85MB,29
2026-07-30 20:51:00,scovox,57.58%,319.7MiB / 30.66GiB,1.02%,0B / 0B,0B / 7.25MB,53
2026-07-30 20:51:00,openzen,2.64%,34.15MiB / 30.66GiB,0.11%,0B / 0B,0B / 2.15MB,20
2026-07-30 20:51:00,trav_ros2,101.44%,386.5MiB / 30.66GiB,1.23%,0B / 0B,0B / 14.6MB,44
2026-07-30 20:51:00,realsense,16.85%,94.51MiB / 30.66GiB,0.30%,0B / 0B,0B / 3.2MB,33
2026-07-30 20:51:00,mapir-ffmpeg,28.43%,170.8MiB / 30.66GiB,0.54%,0B / 0B,0B / 1.73MB,33
2026-07-30 20:51:00,nav2,6.02%,206.6MiB / 30.66GiB,0.66%,0B / 0B,0B / 1.78MB,93
2026-07-30 20:51:00,glim,77.56%,566.4MiB / 30.66GiB,1.80%,0B / 0B,0B / 11.6MB,37
2026-07-30 20:51:03,foxglove,11.59%,480.1MiB / 30.66GiB,1.53%,0B / 0B,0B / 3.39MB,31
2026-07-30 20:51:03,docker-recorder-run-c43348258146,0.00%,10.29MiB / 30.66GiB,0.03%,0B / 0B,0B / 9.52MB,1
2026-07-30 20:51:03,ouster,7.05%,121.3MiB / 30.66GiB,0.39%,0B / 0B,131kB / 2.85MB,29
2026-07-30 20:51:03,scovox,81.94%,286.3MiB / 30.66GiB,0.91%,0B / 0B,0B / 7.26MB,53
2026-07-30 20:51:03,openzen,2.51%,34.15MiB / 30.66GiB,0.11%,0B / 0B,0B / 2.15MB,20
2026-07-30 20:51:03,trav_ros2,101.75%,385.2MiB / 30.66GiB,1.23%,0B / 0B,0B / 14.6MB,44
2026-07-30 20:51:03,realsense,16.82%,94.76MiB / 30.66GiB,0.30%,0B / 0B,0B / 3.2MB,33
2026-07-30 20:51:03,mapir-ffmpeg,28.89%,170.8MiB / 30.66GiB,0.54%,0B / 0B,0B / 1.74MB,33
2026-07-30 20:51:03,nav2,6.15%,206.6MiB / 30.66GiB,0.66%,0B / 0B,0B / 1.8MB,93
2026-07-30 20:51:03,glim,81.40%,566.7MiB / 30.66GiB,1.80%,0B / 0B,0B / 11.6MB,37
2026-07-30 20:51:06,foxglove,12.89%,488.2MiB / 30.66GiB,1.55%,0B / 0B,0B / 3.39MB,31
2026-07-30 20:51:06,docker-recorder-run-c43348258146,0.00%,10.29MiB / 30.66GiB,0.03%,0B / 0B,0B / 9.52MB,1
2026-07-30 20:51:06,ouster,6.92%,121.5MiB / 30.66GiB,0.39%,0B / 0B,131kB / 2.85MB,29
2026-07-30 20:51:06,scovox,58.22%,324MiB / 30.66GiB,1.03%,0B / 0B,0B / 7.26MB,53
2026-07-30 20:51:06,openzen,2.51%,34.15MiB / 30.66GiB,0.11%,0B / 0B,0B / 2.15MB,20
2026-07-30 20:51:06,trav_ros2,100.96%,390.6MiB / 30.66GiB,1.24%,0B / 0B,0B / 14.6MB,44
2026-07-30 20:51:06,realsense,16.55%,94.51MiB / 30.66GiB,0.30%,0B / 0B,0B / 3.2MB,33
2026-07-30 20:51:06,mapir-ffmpeg,28.71%,171.3MiB / 30.66GiB,0.55%,0B / 0B,0B / 1.74MB,33
2026-07-30 20:51:06,nav2,6.70%,206.9MiB / 30.66GiB,0.66%,0B / 0B,0B / 1.8MB,93
2026-07-30 20:51:06,glim,73.12%,567.3MiB / 30.66GiB,1.81%,0B / 0B,0B / 11.6MB,37
2026-07-30 20:51:09,foxglove,11.57%,480.2MiB / 30.66GiB,1.53%,0B / 0B,0B / 3.39MB,31
2026-07-30 20:51:09,docker-recorder-run-c43348258146,0.00%,10.29MiB / 30.66GiB,0.03%,0B / 0B,0B / 9.52MB,1
2026-07-30 20:51:09,ouster,6.96%,121.7MiB / 30.66GiB,0.39%,0B / 0B,131kB / 2.85MB,29
2026-07-30 20:51:09,scovox,73.40%,286.4MiB / 30.66GiB,0.91%,0B / 0B,0B / 7.26MB,53
2026-07-30 20:51:09,openzen,2.61%,34.15MiB / 30.66GiB,0.11%,0B / 0B,0B / 2.15MB,20
2026-07-30 20:51:09,trav_ros2,101.09%,393.5MiB / 30.66GiB,1.25%,0B / 0B,0B / 14.6MB,44
2026-07-30 20:51:09,realsense,17.36%,94.76MiB / 30.66GiB,0.30%,0B / 0B,0B / 3.2MB,33
2026-07-30 20:51:09,mapir-ffmpeg,28.62%,170.8MiB / 30.66GiB,0.54%,0B / 0B,0B / 1.74MB,33
2026-07-30 20:51:09,nav2,6.20%,206.8MiB / 30.66GiB,0.66%,0B / 0B,0B / 1.8MB,93
2026-07-30 20:51:09,glim,77.48%,567.6MiB / 30.66GiB,1.81%,0B / 0B,0B / 11.6MB,37
2026-07-30 20:51:12,foxglove,12.59%,488.3MiB / 30.66GiB,1.56%,0B / 0B,0B / 3.39MB,31
2026-07-30 20:51:12,docker-recorder-run-c43348258146,0.00%,10.29MiB / 30.66GiB,0.03%,0B / 0B,0B / 9.52MB,1
2026-07-30 20:51:12,ouster,7.40%,121.6MiB / 30.66GiB,0.39%,0B / 0B,131kB / 2.85MB,29
2026-07-30 20:51:12,scovox,67.54%,326MiB / 30.66GiB,1.04%,0B / 0B,0B / 7.26MB,53
2026-07-30 20:51:12,openzen,2.73%,34.17MiB / 30.66GiB,0.11%,0B / 0B,0B / 2.15MB,20
2026-07-30 20:51:12,trav_ros2,101.47%,390.6MiB / 30.66GiB,1.24%,0B / 0B,0B / 14.6MB,44
2026-07-30 20:51:12,realsense,17.35%,94.51MiB / 30.66GiB,0.30%,0B / 0B,0B / 3.2MB,33
2026-07-30 20:51:12,mapir-ffmpeg,28.88%,171.1MiB / 30.66GiB,0.54%,0B / 0B,0B / 1.74MB,33
2026-07-30 20:51:12,nav2,7.07%,207.2MiB / 30.66GiB,0.66%,0B / 0B,0B / 1.8MB,93
2026-07-30 20:51:12,glim,76.26%,567.8MiB / 30.66GiB,1.81%,0B / 0B,0B / 11.6MB,37
2026-07-30 20:51:15,foxglove,12.22%,480.1MiB / 30.66GiB,1.53%,0B / 0B,0B / 3.39MB,31
2026-07-30 20:51:15,docker-recorder-run-c43348258146,0.00%,10.29MiB / 30.66GiB,0.03%,0B / 0B,0B / 9.52MB,1
2026-07-30 20:51:15,ouster,7.25%,121.3MiB / 30.66GiB,0.39%,0B / 0B,131kB / 2.85MB,29
2026-07-30 20:51:15,scovox,60.51%,311.8MiB / 30.66GiB,0.99%,0B / 0B,0B / 7.26MB,53
2026-07-30 20:51:15,openzen,2.42%,34.15MiB / 30.66GiB,0.11%,0B / 0B,0B / 2.15MB,20
2026-07-30 20:51:15,trav_ros2,101.63%,390.4MiB / 30.66GiB,1.24%,0B / 0B,0B / 14.6MB,44
2026-07-30 20:51:15,realsense,17.63%,94.75MiB / 30.66GiB,0.30%,0B / 0B,0B / 3.2MB,33
2026-07-30 20:51:15,mapir-ffmpeg,29.02%,170.8MiB / 30.66GiB,0.54%,0B / 0B,0B / 1.74MB,33
2026-07-30 20:51:15,nav2,6.20%,207MiB / 30.66GiB,0.66%,0B / 0B,0B / 1.8MB,93
2026-07-30 20:51:15,glim,79.87%,568MiB / 30.66GiB,1.81%,0B / 0B,0B / 11.6MB,37
2026-07-30 20:51:18,foxglove,12.27%,488.3MiB / 30.66GiB,1.56%,0B / 0B,0B / 3.39MB,31
2026-07-30 20:51:18,docker-recorder-run-c43348258146,0.00%,10.29MiB / 30.66GiB,0.03%,0B / 0B,0B / 9.52MB,1
2026-07-30 20:51:18,ouster,7.42%,121.4MiB / 30.66GiB,0.39%,0B / 0B,131kB / 2.85MB,29
2026-07-30 20:51:18,scovox,80.40%,286.8MiB / 30.66GiB,0.91%,0B / 0B,0B / 7.26MB,53
2026-07-30 20:51:18,openzen,2.52%,34.15MiB / 30.66GiB,0.11%,0B / 0B,0B / 2.15MB,20
2026-07-30 20:51:18,trav_ros2,101.42%,390.3MiB / 30.66GiB,1.24%,0B / 0B,0B / 14.6MB,44
2026-07-30 20:51:18,realsense,17.36%,94.75MiB / 30.66GiB,0.30%,0B / 0B,0B / 3.2MB,33
2026-07-30 20:51:18,mapir-ffmpeg,28.90%,170.8MiB / 30.66GiB,0.54%,0B / 0B,0B / 1.74MB,33
2026-07-30 20:51:18,nav2,6.24%,206.5MiB / 30.66GiB,0.66%,0B / 0B,0B / 1.8MB,93
2026-07-30 20:51:18,glim,80.21%,568.3MiB / 30.66GiB,1.81%,0B / 0B,0B / 11.6MB,37
2026-07-30 20:51:22,foxglove,12.56%,488.2MiB / 30.66GiB,1.55%,0B / 0B,0B / 3.39MB,31
2026-07-30 20:51:22,docker-recorder-run-c43348258146,0.00%,10.29MiB / 30.66GiB,0.03%,0B / 0B,0B / 9.52MB,1
2026-07-30 20:51:22,ouster,7.24%,121.8MiB / 30.66GiB,0.39%,0B / 0B,131kB / 2.85MB,29
2026-07-30 20:51:22,scovox,57.02%,316.4MiB / 30.66GiB,1.01%,0B / 0B,0B / 7.35MB,53
2026-07-30 20:51:22,openzen,2.41%,34.15MiB / 30.66GiB,0.11%,0B / 0B,0B / 2.15MB,20
2026-07-30 20:51:22,trav_ros2,101.83%,391MiB / 30.66GiB,1.25%,0B / 0B,0B / 14.6MB,44
2026-07-30 20:51:22,realsense,17.16%,94.76MiB / 30.66GiB,0.30%,0B / 0B,0B / 3.2MB,33
2026-07-30 20:51:22,mapir-ffmpeg,29.25%,171.1MiB / 30.66GiB,0.54%,0B / 0B,0B / 1.74MB,33
2026-07-30 20:51:22,nav2,6.19%,206.7MiB / 30.66GiB,0.66%,0B / 0B,0B / 1.8MB,93
2026-07-30 20:51:22,glim,80.17%,569.2MiB / 30.66GiB,1.81%,0B / 0B,0B / 11.6MB,37
2026-07-30 20:51:25,foxglove,12.10%,480.4MiB / 30.66GiB,1.53%,0B / 0B,0B / 3.39MB,31
2026-07-30 20:51:25,docker-recorder-run-c43348258146,0.00%,10.29MiB / 30.66GiB,0.03%,0B / 0B,0B / 9.52MB,1
2026-07-30 20:51:25,ouster,7.03%,122.1MiB / 30.66GiB,0.39%,0B / 0B,131kB / 2.85MB,29
2026-07-30 20:51:25,scovox,78.78%,286.8MiB / 30.66GiB,0.91%,0B / 0B,0B / 7.35MB,53
2026-07-30 20:51:25,openzen,2.53%,34.15MiB / 30.66GiB,0.11%,0B / 0B,0B / 2.15MB,20
2026-07-30 20:51:25,trav_ros2,102.07%,427MiB / 30.66GiB,1.36%,0B / 0B,0B / 14.6MB,44
2026-07-30 20:51:25,realsense,17.71%,94.51MiB / 30.66GiB,0.30%,0B / 0B,0B / 3.2MB,33
2026-07-30 20:51:25,mapir-ffmpeg,30.18%,170.8MiB / 30.66GiB,0.54%,0B / 0B,0B / 1.74MB,33
2026-07-30 20:51:25,nav2,6.15%,206.7MiB / 30.66GiB,0.66%,0B / 0B,0B / 1.8MB,93
2026-07-30 20:51:25,glim,79.14%,569.4MiB / 30.66GiB,1.81%,0B / 0B,0B / 11.6MB,37
2026-07-30 20:51:28,foxglove,12.75%,488.5MiB / 30.66GiB,1.56%,0B / 0B,0B / 3.39MB,31
2026-07-30 20:51:28,docker-recorder-run-c43348258146,0.00%,10.29MiB / 30.66GiB,0.03%,0B / 0B,0B / 9.52MB,1
2026-07-30 20:51:28,ouster,7.33%,121.5MiB / 30.66GiB,0.39%,0B / 0B,131kB / 2.85MB,29
2026-07-30 20:51:28,scovox,52.81%,316.2MiB / 30.66GiB,1.01%,0B / 0B,0B / 7.35MB,53
2026-07-30 20:51:28,openzen,2.78%,34.64MiB / 30.66GiB,0.11%,0B / 0B,0B / 2.15MB,20
2026-07-30 20:51:28,trav_ros2,101.99%,392.7MiB / 30.66GiB,1.25%,0B / 0B,0B / 14.6MB,44
2026-07-30 20:51:28,realsense,16.18%,94.51MiB / 30.66GiB,0.30%,0B / 0B,0B / 3.2MB,33
2026-07-30 20:51:28,mapir-ffmpeg,30.09%,170.8MiB / 30.66GiB,0.54%,0B / 0B,0B / 1.74MB,33
2026-07-30 20:51:28,nav2,6.90%,207.3MiB / 30.66GiB,0.66%,0B / 0B,0B / 1.8MB,93
2026-07-30 20:51:28,glim,76.70%,569.4MiB / 30.66GiB,1.81%,0B / 0B,0B / 11.6MB,37
2026-07-30 20:51:31,foxglove,11.24%,480.6MiB / 30.66GiB,1.53%,0B / 0B,0B / 3.39MB,31
2026-07-30 20:51:31,docker-recorder-run-c43348258146,0.00%,10.29MiB / 30.66GiB,0.03%,0B / 0B,0B / 9.52MB,1
2026-07-30 20:51:31,ouster,7.22%,122MiB / 30.66GiB,0.39%,0B / 0B,131kB / 2.85MB,29
2026-07-30 20:51:31,scovox,74.46%,286.8MiB / 30.66GiB,0.91%,0B / 0B,0B / 7.35MB,53
2026-07-30 20:51:31,openzen,2.39%,34.64MiB / 30.66GiB,0.11%,0B / 0B,0B / 2.15MB,20
2026-07-30 20:51:31,trav_ros2,101.48%,391.9MiB / 30.66GiB,1.25%,0B / 0B,0B / 14.6MB,44
2026-07-30 20:51:31,realsense,17.07%,95MiB / 30.66GiB,0.30%,0B / 0B,0B / 3.2MB,33
2026-07-30 20:51:31,mapir-ffmpeg,29.51%,171.1MiB / 30.66GiB,0.54%,0B / 0B,0B / 1.74MB,33
2026-07-30 20:51:31,nav2,6.09%,206.5MiB / 30.66GiB,0.66%,0B / 0B,0B / 1.8MB,93
2026-07-30 20:51:31,glim,78.85%,569.3MiB / 30.66GiB,1.81%,0B / 0B,0B / 11.6MB,37
2026-07-30 20:51:34,foxglove,11.90%,488.5MiB / 30.66GiB,1.56%,0B / 0B,0B / 3.39MB,31
2026-07-30 20:51:34,docker-recorder-run-c43348258146,0.00%,10.29MiB / 30.66GiB,0.03%,0B / 0B,0B / 9.52MB,1
2026-07-30 20:51:34,ouster,6.79%,121.6MiB / 30.66GiB,0.39%,0B / 0B,131kB / 2.85MB,29
2026-07-30 20:51:34,scovox,67.42%,328.1MiB / 30.66GiB,1.05%,0B / 0B,0B / 7.35MB,53
2026-07-30 20:51:34,openzen,2.51%,34.15MiB / 30.66GiB,0.11%,0B / 0B,0B / 2.15MB,20
2026-07-30 20:51:34,trav_ros2,100.43%,392.9MiB / 30.66GiB,1.25%,0B / 0B,0B / 14.6MB,44
2026-07-30 20:51:34,realsense,16.30%,94.51MiB / 30.66GiB,0.30%,0B / 0B,0B / 3.2MB,33
2026-07-30 20:51:34,mapir-ffmpeg,28.35%,170.8MiB / 30.66GiB,0.54%,0B / 0B,0B / 1.74MB,33
2026-07-30 20:51:34,nav2,5.99%,206.5MiB / 30.66GiB,0.66%,0B / 0B,0B / 1.8MB,93
2026-07-30 20:51:34,glim,75.54%,570MiB / 30.66GiB,1.82%,0B / 0B,0B / 11.6MB,37
2026-07-30 20:51:37,foxglove,12.03%,488MiB / 30.66GiB,1.55%,0B / 0B,0B / 3.39MB,31
2026-07-30 20:51:37,docker-recorder-run-c43348258146,0.00%,10.29MiB / 30.66GiB,0.03%,0B / 0B,0B / 9.52MB,1
2026-07-30 20:51:37,ouster,7.10%,122.7MiB / 30.66GiB,0.39%,0B / 0B,131kB / 2.85MB,29
2026-07-30 20:51:37,scovox,69.47%,311.3MiB / 30.66GiB,0.99%,0B / 0B,0B / 7.36MB,53
2026-07-30 20:51:37,openzen,2.43%,34.15MiB / 30.66GiB,0.11%,0B / 0B,0B / 2.15MB,20
2026-07-30 20:51:37,trav_ros2,100.91%,391.9MiB / 30.66GiB,1.25%,0B / 0B,0B / 14.6MB,44
2026-07-30 20:51:37,realsense,16.99%,94.76MiB / 30.66GiB,0.30%,0B / 0B,0B / 3.2MB,33
2026-07-30 20:51:37,mapir-ffmpeg,28.82%,171.1MiB / 30.66GiB,0.54%,0B / 0B,0B / 1.74MB,33
2026-07-30 20:51:37,nav2,6.11%,207.2MiB / 30.66GiB,0.66%,0B / 0B,0B / 1.82MB,93
2026-07-30 20:51:37,glim,78.60%,570.1MiB / 30.66GiB,1.82%,0B / 0B,0B / 11.6MB,37
2026-07-30 20:51:40,foxglove,12.03%,488.2MiB / 30.66GiB,1.55%,0B / 0B,0B / 3.39MB,31
2026-07-30 20:51:40,docker-recorder-run-c43348258146,0.00%,10.29MiB / 30.66GiB,0.03%,0B / 0B,0B / 9.52MB,1
2026-07-30 20:51:40,ouster,6.85%,121.7MiB / 30.66GiB,0.39%,0B / 0B,131kB / 2.85MB,29
2026-07-30 20:51:40,scovox,75.28%,286.4MiB / 30.66GiB,0.91%,0B / 0B,0B / 7.36MB,53
2026-07-30 20:51:40,openzen,2.62%,34.4MiB / 30.66GiB,0.11%,0B / 0B,0B / 2.15MB,20
2026-07-30 20:51:40,trav_ros2,101.09%,390.6MiB / 30.66GiB,1.24%,0B / 0B,0B / 14.6MB,44
2026-07-30 20:51:40,realsense,16.65%,94.51MiB / 30.66GiB,0.30%,0B / 0B,0B / 3.2MB,33
2026-07-30 20:51:40,mapir-ffmpeg,28.57%,170.8MiB / 30.66GiB,0.54%,0B / 0B,0B / 1.75MB,33
2026-07-30 20:51:40,nav2,6.07%,206.9MiB / 30.66GiB,0.66%,0B / 0B,0B / 1.82MB,93
2026-07-30 20:51:40,glim,77.50%,571MiB / 30.66GiB,1.82%,0B / 0B,0B / 11.6MB,37
2026-07-30 20:51:44,foxglove,12.32%,488.2MiB / 30.66GiB,1.55%,0B / 0B,0B / 3.39MB,31
2026-07-30 20:51:44,docker-recorder-run-c43348258146,0.00%,10.29MiB / 30.66GiB,0.03%,0B / 0B,0B / 9.52MB,1
2026-07-30 20:51:44,ouster,7.23%,121.4MiB / 30.66GiB,0.39%,0B / 0B,131kB / 2.85MB,29
2026-07-30 20:51:44,scovox,62.81%,318.1MiB / 30.66GiB,1.01%,0B / 0B,0B / 7.36MB,53
2026-07-30 20:51:44,openzen,2.68%,34.39MiB / 30.66GiB,0.11%,0B / 0B,0B / 2.15MB,20
2026-07-30 20:51:44,trav_ros2,101.26%,391.8MiB / 30.66GiB,1.25%,0B / 0B,0B / 14.6MB,44
2026-07-30 20:51:44,realsense,17.07%,94.76MiB / 30.66GiB,0.30%,0B / 0B,0B / 3.2MB,33
2026-07-30 20:51:44,mapir-ffmpeg,28.88%,170.8MiB / 30.66GiB,0.54%,0B / 0B,0B / 1.75MB,33
2026-07-30 20:51:44,nav2,6.44%,207.4MiB / 30.66GiB,0.66%,0B / 0B,0B / 1.82MB,93
2026-07-30 20:51:44,glim,77.84%,570.9MiB / 30.66GiB,1.82%,0B / 0B,0B / 11.6MB,37
2026-07-30 20:51:47,foxglove,12.20%,488.5MiB / 30.66GiB,1.56%,0B / 0B,0B / 3.39MB,31
2026-07-30 20:51:47,docker-recorder-run-c43348258146,0.00%,10.29MiB / 30.66GiB,0.03%,0B / 0B,0B / 9.52MB,1
2026-07-30 20:51:47,ouster,7.11%,121.5MiB / 30.66GiB,0.39%,0B / 0B,131kB / 2.85MB,29
2026-07-30 20:51:47,scovox,87.93%,287.1MiB / 30.66GiB,0.91%,0B / 0B,0B / 7.36MB,53
2026-07-30 20:51:47,openzen,2.53%,33.9MiB / 30.66GiB,0.11%,0B / 0B,0B / 2.15MB,20
2026-07-30 20:51:47,trav_ros2,101.31%,391MiB / 30.66GiB,1.25%,0B / 0B,0B / 14.6MB,44
2026-07-30 20:51:47,realsense,16.85%,94.75MiB / 30.66GiB,0.30%,0B / 0B,0B / 3.2MB,33
2026-07-30 20:51:47,mapir-ffmpeg,29.57%,171.1MiB / 30.66GiB,0.54%,0B / 0B,0B / 1.75MB,33
2026-07-30 20:51:47,nav2,6.48%,206.7MiB / 30.66GiB,0.66%,0B / 0B,0B / 1.82MB,93
2026-07-30 20:51:47,glim,81.57%,571.4MiB / 30.66GiB,1.82%,0B / 0B,0B / 11.6MB,37
2026-07-30 20:51:50,foxglove,12.39%,488.2MiB / 30.66GiB,1.55%,0B / 0B,0B / 3.39MB,31
2026-07-30 20:51:50,docker-recorder-run-c43348258146,0.00%,10.29MiB / 30.66GiB,0.03%,0B / 0B,0B / 9.52MB,1
2026-07-30 20:51:50,ouster,6.88%,121.6MiB / 30.66GiB,0.39%,0B / 0B,131kB / 2.85MB,29
2026-07-30 20:51:50,scovox,60.97%,322MiB / 30.66GiB,1.03%,0B / 0B,0B / 7.36MB,53
2026-07-30 20:51:50,openzen,2.42%,33.9MiB / 30.66GiB,0.11%,0B / 0B,0B / 2.15MB,20
2026-07-30 20:51:50,trav_ros2,101.18%,389.6MiB / 30.66GiB,1.24%,0B / 0B,0B / 14.6MB,44
2026-07-30 20:51:50,realsense,17.05%,94.51MiB / 30.66GiB,0.30%,0B / 0B,0B / 3.2MB,33
2026-07-30 20:51:50,mapir-ffmpeg,29.58%,171.1MiB / 30.66GiB,0.54%,0B / 0B,0B / 1.75MB,33
2026-07-30 20:51:50,nav2,6.41%,206.6MiB / 30.66GiB,0.66%,0B / 0B,0B / 1.82MB,93
2026-07-30 20:51:50,glim,76.69%,572.5MiB / 30.66GiB,1.82%,0B / 0B,0B / 11.6MB,37
2026-07-30 20:51:53,foxglove,11.68%,480.6MiB / 30.66GiB,1.53%,0B / 0B,0B / 3.39MB,31
2026-07-30 20:51:53,docker-recorder-run-c43348258146,0.00%,10.29MiB / 30.66GiB,0.03%,0B / 0B,0B / 9.52MB,1
2026-07-30 20:51:53,ouster,7.66%,122.1MiB / 30.66GiB,0.39%,0B / 0B,131kB / 2.85MB,29
2026-07-30 20:51:53,scovox,88.29%,286MiB / 30.66GiB,0.91%,0B / 0B,0B / 7.36MB,53
2026-07-30 20:51:53,openzen,2.63%,33.9MiB / 30.66GiB,0.11%,0B / 0B,0B / 2.15MB,20
2026-07-30 20:51:53,trav_ros2,101.52%,390.2MiB / 30.66GiB,1.24%,0B / 0B,0B / 14.6MB,44
2026-07-30 20:51:53,realsense,16.90%,95MiB / 30.66GiB,0.30%,0B / 0B,0B / 3.2MB,33
2026-07-30 20:51:53,mapir-ffmpeg,29.22%,171.1MiB / 30.66GiB,0.54%,0B / 0B,0B / 1.75MB,33
2026-07-30 20:51:53,nav2,6.60%,199.9MiB / 30.66GiB,0.64%,0B / 0B,0B / 1.82MB,93
2026-07-30 20:51:53,glim,80.80%,571.7MiB / 30.66GiB,1.82%,0B / 0B,0B / 11.6MB,37
2026-07-30 20:51:56,foxglove,12.56%,483MiB / 30.66GiB,1.54%,0B / 0B,0B / 3.39MB,31
2026-07-30 20:51:56,docker-recorder-run-c43348258146,0.00%,10.29MiB / 30.66GiB,0.03%,0B / 0B,0B / 9.52MB,1
2026-07-30 20:51:56,ouster,6.99%,121.5MiB / 30.66GiB,0.39%,0B / 0B,131kB / 2.85MB,29
2026-07-30 20:51:56,scovox,60.66%,327.7MiB / 30.66GiB,1.04%,0B / 0B,0B / 7.36MB,53
2026-07-30 20:51:56,openzen,2.46%,33.9MiB / 30.66GiB,0.11%,0B / 0B,0B / 2.15MB,20
2026-07-30 20:51:56,trav_ros2,101.58%,391.5MiB / 30.66GiB,1.25%,0B / 0B,0B / 14.6MB,44
2026-07-30 20:51:56,realsense,16.61%,94.76MiB / 30.66GiB,0.30%,0B / 0B,0B / 3.2MB,33
2026-07-30 20:51:56,mapir-ffmpeg,28.74%,171.1MiB / 30.66GiB,0.54%,0B / 0B,0B / 1.75MB,33
2026-07-30 20:51:56,nav2,6.38%,207.1MiB / 30.66GiB,0.66%,0B / 0B,0B / 1.82MB,93
2026-07-30 20:51:56,glim,82.28%,572.1MiB / 30.66GiB,1.82%,0B / 0B,0B / 11.6MB,37
2026-07-30 20:51:59,foxglove,12.35%,488.4MiB / 30.66GiB,1.56%,0B / 0B,0B / 3.39MB,31
2026-07-30 20:51:59,docker-recorder-run-c43348258146,0.00%,10.29MiB / 30.66GiB,0.03%,0B / 0B,0B / 9.52MB,1
2026-07-30 20:51:59,ouster,7.03%,122.3MiB / 30.66GiB,0.39%,0B / 0B,131kB / 2.85MB,29
2026-07-30 20:51:59,scovox,72.94%,287.1MiB / 30.66GiB,0.91%,0B / 0B,0B / 7.45MB,53
2026-07-30 20:51:59,openzen,2.66%,33.9MiB / 30.66GiB,0.11%,0B / 0B,0B / 2.15MB,20
2026-07-30 20:51:59,trav_ros2,101.58%,392.1MiB / 30.66GiB,1.25%,0B / 0B,0B / 14.6MB,44
2026-07-30 20:51:59,realsense,16.89%,94.51MiB / 30.66GiB,0.30%,0B / 0B,0B / 3.2MB,33
2026-07-30 20:51:59,mapir-ffmpeg,29.02%,170.8MiB / 30.66GiB,0.54%,0B / 0B,0B / 1.75MB,33
2026-07-30 20:51:59,nav2,6.43%,206.7MiB / 30.66GiB,0.66%,0B / 0B,0B / 1.82MB,93
2026-07-30 20:51:59,glim,81.67%,572.9MiB / 30.66GiB,1.82%,0B / 0B,0B / 11.6MB,37
2026-07-30 20:52:02,foxglove,12.48%,488.4MiB / 30.66GiB,1.56%,0B / 0B,0B / 3.39MB,31
2026-07-30 20:52:02,docker-recorder-run-c43348258146,0.00%,10.29MiB / 30.66GiB,0.03%,0B / 0B,0B / 9.52MB,1
2026-07-30 20:52:02,ouster,7.86%,121.9MiB / 30.66GiB,0.39%,0B / 0B,131kB / 2.85MB,29
2026-07-30 20:52:02,scovox,73.98%,287.6MiB / 30.66GiB,0.92%,0B / 0B,0B / 7.45MB,53
2026-07-30 20:52:02,openzen,2.60%,33.9MiB / 30.66GiB,0.11%,0B / 0B,0B / 2.15MB,20
2026-07-30 20:52:02,trav_ros2,101.68%,391.6MiB / 30.66GiB,1.25%,0B / 0B,0B / 14.6MB,44
2026-07-30 20:52:02,realsense,17.37%,94.51MiB / 30.66GiB,0.30%,0B / 0B,0B / 3.2MB,33
2026-07-30 20:52:02,mapir-ffmpeg,28.96%,171.1MiB / 30.66GiB,0.54%,0B / 0B,0B / 1.75MB,33
2026-07-30 20:52:02,nav2,6.62%,207.2MiB / 30.66GiB,0.66%,0B / 0B,0B / 1.82MB,93
2026-07-30 20:52:02,glim,77.91%,572.9MiB / 30.66GiB,1.82%,0B / 0B,0B / 11.6MB,37
2026-07-30 20:52:05,foxglove,11.50%,488.5MiB / 30.66GiB,1.56%,0B / 0B,0B / 3.39MB,31
2026-07-30 20:52:05,docker-recorder-run-c43348258146,0.00%,10.29MiB / 30.66GiB,0.03%,0B / 0B,0B / 9.52MB,1
2026-07-30 20:52:05,ouster,7.20%,121.7MiB / 30.66GiB,0.39%,0B / 0B,131kB / 2.85MB,29
2026-07-30 20:52:05,scovox,61.66%,315.9MiB / 30.66GiB,1.01%,0B / 0B,0B / 7.45MB,53
2026-07-30 20:52:05,openzen,2.38%,33.9MiB / 30.66GiB,0.11%,0B / 0B,0B / 2.15MB,20
2026-07-30 20:52:05,trav_ros2,101.49%,393.9MiB / 30.66GiB,1.25%,0B / 0B,0B / 14.6MB,44
2026-07-30 20:52:05,realsense,16.88%,94.76MiB / 30.66GiB,0.30%,0B / 0B,0B / 3.2MB,33
2026-07-30 20:52:05,mapir-ffmpeg,28.97%,170.8MiB / 30.66GiB,0.54%,0B / 0B,0B / 1.75MB,33
2026-07-30 20:52:05,nav2,6.39%,206.7MiB / 30.66GiB,0.66%,0B / 0B,0B / 1.82MB,93
2026-07-30 20:52:05,glim,82.28%,574.8MiB / 30.66GiB,1.83%,0B / 0B,0B / 11.6MB,37
2026-07-30 20:52:09,foxglove,11.70%,480.4MiB / 30.66GiB,1.53%,0B / 0B,0B / 3.39MB,31
2026-07-30 20:52:09,docker-recorder-run-c43348258146,0.00%,10.29MiB / 30.66GiB,0.03%,0B / 0B,0B / 9.52MB,1
2026-07-30 20:52:09,ouster,7.65%,121.8MiB / 30.66GiB,0.39%,0B / 0B,131kB / 2.85MB,29
2026-07-30 20:52:09,scovox,80.78%,286.4MiB / 30.66GiB,0.91%,0B / 0B,0B / 7.45MB,53
2026-07-30 20:52:09,openzen,2.69%,34.15MiB / 30.66GiB,0.11%,0B / 0B,0B / 2.15MB,20
2026-07-30 20:52:09,trav_ros2,101.79%,391.1MiB / 30.66GiB,1.25%,0B / 0B,0B / 14.6MB,44
2026-07-30 20:52:09,realsense,17.55%,94.76MiB / 30.66GiB,0.30%,0B / 0B,0B / 3.2MB,33
2026-07-30 20:52:09,mapir-ffmpeg,29.78%,171.1MiB / 30.66GiB,0.54%,0B / 0B,0B / 1.75MB,33
2026-07-30 20:52:09,nav2,6.93%,199.9MiB / 30.66GiB,0.64%,0B / 0B,0B / 1.82MB,93
2026-07-30 20:52:09,glim,77.59%,575.4MiB / 30.66GiB,1.83%,0B / 0B,0B / 11.6MB,37
2026-07-30 20:52:12,foxglove,12.19%,488.4MiB / 30.66GiB,1.56%,0B / 0B,0B / 3.39MB,31
2026-07-30 20:52:12,docker-recorder-run-c43348258146,0.00%,10.29MiB / 30.66GiB,0.03%,0B / 0B,0B / 9.52MB,1
2026-07-30 20:52:12,ouster,6.97%,122MiB / 30.66GiB,0.39%,0B / 0B,131kB / 2.85MB,29
2026-07-30 20:52:12,scovox,57.44%,321.9MiB / 30.66GiB,1.03%,0B / 0B,0B / 7.45MB,53
2026-07-30 20:52:12,openzen,2.56%,33.9MiB / 30.66GiB,0.11%,0B / 0B,0B / 2.15MB,20
2026-07-30 20:52:12,trav_ros2,101.19%,391MiB / 30.66GiB,1.25%,0B / 0B,0B / 14.6MB,44
2026-07-30 20:52:12,realsense,17.06%,94.51MiB / 30.66GiB,0.30%,0B / 0B,0B / 3.2MB,33
2026-07-30 20:52:12,mapir-ffmpeg,29.38%,171.1MiB / 30.66GiB,0.54%,0B / 0B,0B / 1.75MB,33
2026-07-30 20:52:12,nav2,6.69%,206.7MiB / 30.66GiB,0.66%,0B / 0B,0B / 1.84MB,93
2026-07-30 20:52:12,glim,79.42%,575.6MiB / 30.66GiB,1.83%,0B / 0B,0B / 11.6MB,37
2026-07-30 20:52:15,foxglove,12.64%,488MiB / 30.66GiB,1.55%,0B / 0B,0B / 3.39MB,31
2026-07-30 20:52:15,docker-recorder-run-c43348258146,0.00%,10.29MiB / 30.66GiB,0.03%,0B / 0B,0B / 9.52MB,1
2026-07-30 20:52:15,ouster,6.96%,121.7MiB / 30.66GiB,0.39%,0B / 0B,131kB / 2.85MB,29
2026-07-30 20:52:15,scovox,84.11%,286.1MiB / 30.66GiB,0.91%,0B / 0B,0B / 7.46MB,53
2026-07-30 20:52:15,openzen,2.56%,33.9MiB / 30.66GiB,0.11%,0B / 0B,0B / 2.15MB,20
2026-07-30 20:52:15,trav_ros2,100.78%,391.4MiB / 30.66GiB,1.25%,0B / 0B,0B / 14.6MB,44
2026-07-30 20:52:15,realsense,17.05%,94.51MiB / 30.66GiB,0.30%,0B / 0B,0B / 3.2MB,33
2026-07-30 20:52:15,mapir-ffmpeg,29.46%,170.8MiB / 30.66GiB,0.54%,0B / 0B,0B / 1.77MB,33
2026-07-30 20:52:15,nav2,6.55%,206.9MiB / 30.66GiB,0.66%,0B / 0B,0B / 1.84MB,93
2026-07-30 20:52:15,glim,81.12%,577MiB / 30.66GiB,1.84%,0B / 0B,0B / 11.6MB,37
2026-07-30 20:52:18,foxglove,11.88%,480.1MiB / 30.66GiB,1.53%,0B / 0B,0B / 3.39MB,31
2026-07-30 20:52:18,docker-recorder-run-c43348258146,0.00%,10.29MiB / 30.66GiB,0.03%,0B / 0B,0B / 9.52MB,1
2026-07-30 20:52:18,ouster,6.97%,121.9MiB / 30.66GiB,0.39%,0B / 0B,131kB / 2.85MB,29
2026-07-30 20:52:18,scovox,57.51%,323.6MiB / 30.66GiB,1.03%,0B / 0B,0B / 7.46MB,53
2026-07-30 20:52:18,openzen,2.63%,33.9MiB / 30.66GiB,0.11%,0B / 0B,0B / 2.15MB,20
2026-07-30 20:52:18,trav_ros2,100.96%,390.7MiB / 30.66GiB,1.24%,0B / 0B,0B / 14.6MB,44
2026-07-30 20:52:18,realsense,17.10%,95MiB / 30.66GiB,0.30%,0B / 0B,0B / 3.2MB,33
2026-07-30 20:52:18,mapir-ffmpeg,28.82%,170.8MiB / 30.66GiB,0.54%,0B / 0B,0B / 1.77MB,33
2026-07-30 20:52:18,nav2,6.05%,199.5MiB / 30.66GiB,0.64%,0B / 0B,0B / 1.84MB,93
2026-07-30 20:52:18,glim,80.25%,579.9MiB / 30.66GiB,1.85%,0B / 0B,0B / 11.6MB,37
2026-07-30 20:52:21,foxglove,11.88%,488.3MiB / 30.66GiB,1.56%,0B / 0B,0B / 3.39MB,31
2026-07-30 20:52:21,docker-recorder-run-c43348258146,0.00%,10.29MiB / 30.66GiB,0.03%,0B / 0B,0B / 9.52MB,1
2026-07-30 20:52:21,ouster,6.90%,121.9MiB / 30.66GiB,0.39%,0B / 0B,131kB / 2.85MB,29
2026-07-30 20:52:21,scovox,73.36%,285.7MiB / 30.66GiB,0.91%,0B / 0B,0B / 7.46MB,53
2026-07-30 20:52:21,openzen,2.45%,33.9MiB / 30.66GiB,0.11%,0B / 0B,0B / 2.15MB,20
2026-07-30 20:52:21,trav_ros2,100.85%,390.9MiB / 30.66GiB,1.24%,0B / 0B,0B / 14.6MB,44
2026-07-30 20:52:21,realsense,16.39%,94.51MiB / 30.66GiB,0.30%,0B / 0B,0B / 3.2MB,33
2026-07-30 20:52:21,mapir-ffmpeg,29.12%,171.1MiB / 30.66GiB,0.54%,0B / 0B,0B / 1.77MB,33
2026-07-30 20:52:21,nav2,6.49%,206.7MiB / 30.66GiB,0.66%,0B / 0B,0B / 1.84MB,93
2026-07-30 20:52:21,glim,75.34%,586.5MiB / 30.66GiB,1.87%,0B / 0B,0B / 11.6MB,37
2026-07-30 20:52:24,foxglove,11.76%,488.1MiB / 30.66GiB,1.55%,0B / 0B,0B / 3.39MB,31
2026-07-30 20:52:24,docker-recorder-run-c43348258146,0.00%,10.29MiB / 30.66GiB,0.03%,0B / 0B,0B / 9.52MB,1
2026-07-30 20:52:24,ouster,7.14%,121.9MiB / 30.66GiB,0.39%,0B / 0B,131kB / 2.85MB,29
2026-07-30 20:52:24,scovox,74.10%,286.2MiB / 30.66GiB,0.91%,0B / 0B,0B / 7.46MB,53
2026-07-30 20:52:24,openzen,2.90%,33.9MiB / 30.66GiB,0.11%,0B / 0B,0B / 2.15MB,20
2026-07-30 20:52:24,trav_ros2,101.48%,386.7MiB / 30.66GiB,1.23%,0B / 0B,0B / 14.6MB,44
2026-07-30 20:52:24,realsense,16.84%,94.75MiB / 30.66GiB,0.30%,0B / 0B,0B / 3.2MB,33
2026-07-30 20:52:24,mapir-ffmpeg,29.82%,170.8MiB / 30.66GiB,0.54%,0B / 0B,0B / 1.77MB,33
2026-07-30 20:52:24,nav2,6.68%,206.7MiB / 30.66GiB,0.66%,0B / 0B,0B / 1.84MB,93
2026-07-30 20:52:24,glim,81.54%,586.2MiB / 30.66GiB,1.87%,0B / 0B,0B / 11.6MB,37
2026-07-30 20:52:27,foxglove,12.03%,488.2MiB / 30.66GiB,1.55%,0B / 0B,0B / 3.39MB,31
2026-07-30 20:52:27,docker-recorder-run-c43348258146,0.00%,10.29MiB / 30.66GiB,0.03%,0B / 0B,0B / 9.52MB,1
2026-07-30 20:52:27,ouster,7.15%,121.5MiB / 30.66GiB,0.39%,0B / 0B,131kB / 2.85MB,29
2026-07-30 20:52:27,scovox,62.24%,312.9MiB / 30.66GiB,1.00%,0B / 0B,0B / 7.46MB,53
2026-07-30 20:52:27,openzen,2.51%,33.9MiB / 30.66GiB,0.11%,0B / 0B,0B / 2.15MB,20
2026-07-30 20:52:27,trav_ros2,101.45%,389.5MiB / 30.66GiB,1.24%,0B / 0B,0B / 14.6MB,44
2026-07-30 20:52:27,realsense,16.45%,94.75MiB / 30.66GiB,0.30%,0B / 0B,0B / 3.2MB,33
2026-07-30 20:52:27,mapir-ffmpeg,29.88%,171.1MiB / 30.66GiB,0.54%,0B / 0B,0B / 1.77MB,33
2026-07-30 20:52:27,nav2,6.54%,206.7MiB / 30.66GiB,0.66%,0B / 0B,0B / 1.84MB,93
2026-07-30 20:52:27,glim,82.80%,582.3MiB / 30.66GiB,1.85%,0B / 0B,0B / 11.6MB,37
2026-07-30 20:52:30,foxglove,12.20%,488MiB / 30.66GiB,1.55%,0B / 0B,0B / 3.39MB,31
2026-07-30 20:52:30,docker-recorder-run-c43348258146,0.00%,10.29MiB / 30.66GiB,0.03%,0B / 0B,0B / 9.52MB,1
2026-07-30 20:52:30,ouster,7.02%,121.5MiB / 30.66GiB,0.39%,0B / 0B,131kB / 2.85MB,29
2026-07-30 20:52:30,scovox,78.65%,286.3MiB / 30.66GiB,0.91%,0B / 0B,0B / 7.54MB,53
2026-07-30 20:52:30,openzen,2.64%,34.15MiB / 30.66GiB,0.11%,0B / 0B,0B / 2.15MB,20
2026-07-30 20:52:30,trav_ros2,101.19%,390.3MiB / 30.66GiB,1.24%,0B / 0B,0B / 14.6MB,44
2026-07-30 20:52:30,realsense,16.61%,94.76MiB / 30.66GiB,0.30%,0B / 0B,0B / 3.2MB,33
2026-07-30 20:52:30,mapir-ffmpeg,29.71%,171.1MiB / 30.66GiB,0.54%,0B / 0B,0B / 1.77MB,33
2026-07-30 20:52:30,nav2,6.52%,206.9MiB / 30.66GiB,0.66%,0B / 0B,0B / 1.84MB,93
2026-07-30 20:52:30,glim,78.31%,584.5MiB / 30.66GiB,1.86%,0B / 0B,0B / 11.6MB,37
2026-07-30 20:52:34,foxglove,12.35%,488.4MiB / 30.66GiB,1.56%,0B / 0B,0B / 3.39MB,31
2026-07-30 20:52:34,docker-recorder-run-c43348258146,0.00%,10.29MiB / 30.66GiB,0.03%,0B / 0B,0B / 9.52MB,1
2026-07-30 20:52:34,ouster,7.37%,121.7MiB / 30.66GiB,0.39%,0B / 0B,131kB / 2.85MB,29
2026-07-30 20:52:34,scovox,56.58%,317.8MiB / 30.66GiB,1.01%,0B / 0B,0B / 7.54MB,53
2026-07-30 20:52:34,openzen,2.69%,33.9MiB / 30.66GiB,0.11%,0B / 0B,0B / 2.15MB,20
2026-07-30 20:52:34,trav_ros2,101.20%,386.9MiB / 30.66GiB,1.23%,0B / 0B,0B / 14.6MB,44
2026-07-30 20:52:34,realsense,16.92%,94.51MiB / 30.66GiB,0.30%,0B / 0B,0B / 3.2MB,33
2026-07-30 20:52:34,mapir-ffmpeg,29.90%,170.8MiB / 30.66GiB,0.54%,0B / 0B,0B / 1.77MB,33
2026-07-30 20:52:34,nav2,6.40%,207.2MiB / 30.66GiB,0.66%,0B / 0B,0B / 1.84MB,93
2026-07-30 20:52:34,glim,80.40%,586.3MiB / 30.66GiB,1.87%,0B / 0B,0B / 11.6MB,37
2026-07-30 20:52:37,foxglove,12.12%,488.2MiB / 30.66GiB,1.55%,0B / 0B,0B / 3.39MB,31
2026-07-30 20:52:37,docker-recorder-run-c43348258146,0.00%,10.29MiB / 30.66GiB,0.03%,0B / 0B,0B / 9.52MB,1
2026-07-30 20:52:37,ouster,7.29%,121.8MiB / 30.66GiB,0.39%,0B / 0B,131kB / 2.85MB,29
2026-07-30 20:52:37,scovox,75.74%,286.1MiB / 30.66GiB,0.91%,0B / 0B,0B / 7.54MB,53
2026-07-30 20:52:37,openzen,2.68%,33.9MiB / 30.66GiB,0.11%,0B / 0B,0B / 2.15MB,20
2026-07-30 20:52:37,trav_ros2,101.63%,390MiB / 30.66GiB,1.24%,0B / 0B,0B / 14.6MB,44
2026-07-30 20:52:37,realsense,17.29%,94.76MiB / 30.66GiB,0.30%,0B / 0B,0B / 3.2MB,33
2026-07-30 20:52:37,mapir-ffmpeg,29.80%,170.8MiB / 30.66GiB,0.54%,0B / 0B,0B / 1.77MB,33
2026-07-30 20:52:37,nav2,6.48%,206.6MiB / 30.66GiB,0.66%,0B / 0B,0B / 1.84MB,93
2026-07-30 20:52:37,glim,84.32%,587.5MiB / 30.66GiB,1.87%,0B / 0B,0B / 11.6MB,37
2026-07-30 20:52:40,foxglove,11.77%,487.8MiB / 30.66GiB,1.55%,0B / 0B,0B / 3.39MB,31
2026-07-30 20:52:40,docker-recorder-run-c43348258146,0.00%,10.29MiB / 30.66GiB,0.03%,0B / 0B,0B / 9.52MB,1
2026-07-30 20:52:40,ouster,7.28%,121.9MiB / 30.66GiB,0.39%,0B / 0B,131kB / 2.85MB,29
2026-07-30 20:52:40,scovox,59.66%,322MiB / 30.66GiB,1.03%,0B / 0B,0B / 7.54MB,53
2026-07-30 20:52:40,openzen,2.71%,34.15MiB / 30.66GiB,0.11%,0B / 0B,0B / 2.15MB,20
2026-07-30 20:52:40,trav_ros2,101.56%,392.5MiB / 30.66GiB,1.25%,0B / 0B,0B / 14.6MB,44
2026-07-30 20:52:40,realsense,17.43%,94.51MiB / 30.66GiB,0.30%,0B / 0B,0B / 3.2MB,33
2026-07-30 20:52:40,mapir-ffmpeg,29.30%,170.8MiB / 30.66GiB,0.54%,0B / 0B,0B / 1.77MB,33
2026-07-30 20:52:40,nav2,7.01%,207.4MiB / 30.66GiB,0.66%,0B / 0B,0B / 1.84MB,93
2026-07-30 20:52:40,glim,77.23%,583MiB / 30.66GiB,1.86%,0B / 0B,0B / 11.6MB,37
2026-07-30 20:52:43,foxglove,11.12%,480.3MiB / 30.66GiB,1.53%,0B / 0B,0B / 3.39MB,31
2026-07-30 20:52:43,docker-recorder-run-c43348258146,0.00%,10.29MiB / 30.66GiB,0.03%,0B / 0B,0B / 9.52MB,1
2026-07-30 20:52:43,ouster,7.15%,121.8MiB / 30.66GiB,0.39%,0B / 0B,131kB / 2.85MB,29
2026-07-30 20:52:43,scovox,59.32%,323.7MiB / 30.66GiB,1.03%,0B / 0B,0B / 7.54MB,53
2026-07-30 20:52:43,openzen,2.71%,33.9MiB / 30.66GiB,0.11%,0B / 0B,0B / 2.15MB,20
2026-07-30 20:52:43,trav_ros2,101.96%,391.1MiB / 30.66GiB,1.25%,0B / 0B,0B / 14.6MB,44
2026-07-30 20:52:43,realsense,17.05%,95.25MiB / 30.66GiB,0.30%,0B / 0B,0B / 3.2MB,33
2026-07-30 20:52:43,mapir-ffmpeg,28.91%,170.8MiB / 30.66GiB,0.54%,0B / 0B,0B / 1.77MB,33
2026-07-30 20:52:43,nav2,6.27%,206.7MiB / 30.66GiB,0.66%,0B / 0B,0B / 1.84MB,93
2026-07-30 20:52:43,glim,76.13%,585.6MiB / 30.66GiB,1.87%,0B / 0B,0B / 11.6MB,37
2026-07-30 20:52:46,foxglove,12.31%,487.9MiB / 30.66GiB,1.55%,0B / 0B,0B / 3.39MB,31
2026-07-30 20:52:46,docker-recorder-run-c43348258146,0.00%,10.29MiB / 30.66GiB,0.03%,0B / 0B,0B / 9.52MB,1
2026-07-30 20:52:46,ouster,7.14%,121.6MiB / 30.66GiB,0.39%,0B / 0B,131kB / 2.85MB,29
2026-07-30 20:52:46,scovox,67.96%,324.9MiB / 30.66GiB,1.03%,0B / 0B,0B / 7.55MB,53
2026-07-30 20:52:46,openzen,2.79%,33.9MiB / 30.66GiB,0.11%,0B / 0B,0B / 2.15MB,20
2026-07-30 20:52:46,trav_ros2,101.96%,390.7MiB / 30.66GiB,1.24%,0B / 0B,0B / 14.6MB,44
2026-07-30 20:52:46,realsense,16.97%,94.51MiB / 30.66GiB,0.30%,0B / 0B,0B / 3.2MB,33
2026-07-30 20:52:46,mapir-ffmpeg,29.68%,171.3MiB / 30.66GiB,0.55%,0B / 0B,0B / 1.77MB,33
2026-07-30 20:52:46,nav2,6.57%,207MiB / 30.66GiB,0.66%,0B / 0B,0B / 1.84MB,93
2026-07-30 20:52:46,glim,82.96%,586.7MiB / 30.66GiB,1.87%,0B / 0B,0B / 11.6MB,37
2026-07-30 20:52:49,foxglove,12.01%,488.1MiB / 30.66GiB,1.55%,0B / 0B,0B / 3.39MB,31
2026-07-30 20:52:49,docker-recorder-run-c43348258146,0.00%,10.29MiB / 30.66GiB,0.03%,0B / 0B,0B / 9.52MB,1
2026-07-30 20:52:49,ouster,7.58%,121.9MiB / 30.66GiB,0.39%,0B / 0B,131kB / 2.85MB,29
2026-07-30 20:52:49,scovox,63.21%,286.1MiB / 30.66GiB,0.91%,0B / 0B,0B / 7.55MB,53
2026-07-30 20:52:49,openzen,2.75%,33.9MiB / 30.66GiB,0.11%,0B / 0B,0B / 2.15MB,20
2026-07-30 20:52:49,trav_ros2,101.53%,391.2MiB / 30.66GiB,1.25%,0B / 0B,0B / 14.6MB,44
2026-07-30 20:52:49,realsense,17.47%,94.76MiB / 30.66GiB,0.30%,0B / 0B,0B / 3.2MB,33
2026-07-30 20:52:49,mapir-ffmpeg,29.72%,171.1MiB / 30.66GiB,0.54%,0B / 0B,0B / 1.78MB,33
2026-07-30 20:52:49,nav2,6.56%,207.4MiB / 30.66GiB,0.66%,0B / 0B,0B / 1.86MB,93
2026-07-30 20:52:49,glim,81.70%,575.6MiB / 30.66GiB,1.83%,0B / 0B,0B / 11.6MB,37
2026-07-30 20:52:52,foxglove,12.45%,488.2MiB / 30.66GiB,1.55%,0B / 0B,0B / 3.39MB,31
2026-07-30 20:52:52,docker-recorder-run-c43348258146,0.00%,10.29MiB / 30.66GiB,0.03%,0B / 0B,0B / 9.52MB,1
2026-07-30 20:52:52,ouster,7.54%,121.7MiB / 30.66GiB,0.39%,0B / 0B,131kB / 2.85MB,29
2026-07-30 20:52:52,scovox,75.44%,286.1MiB / 30.66GiB,0.91%,0B / 0B,0B / 7.55MB,53
2026-07-30 20:52:52,openzen,2.71%,33.9MiB / 30.66GiB,0.11%,0B / 0B,0B / 2.15MB,20
2026-07-30 20:52:52,trav_ros2,101.42%,405.5MiB / 30.66GiB,1.29%,0B / 0B,0B / 14.6MB,44
2026-07-30 20:52:52,realsense,17.53%,95.01MiB / 30.66GiB,0.30%,0B / 0B,0B / 3.2MB,33
2026-07-30 20:52:52,mapir-ffmpeg,29.38%,170.8MiB / 30.66GiB,0.54%,0B / 0B,0B / 1.78MB,33
2026-07-30 20:52:52,nav2,6.59%,207.4MiB / 30.66GiB,0.66%,0B / 0B,0B / 1.86MB,93
2026-07-30 20:52:52,glim,75.37%,594.8MiB / 30.66GiB,1.89%,0B / 0B,0B / 11.6MB,37
2026-07-30 20:52:56,foxglove,11.89%,487.9MiB / 30.66GiB,1.55%,0B / 0B,0B / 3.39MB,31
2026-07-30 20:52:56,docker-recorder-run-c43348258146,0.00%,10.29MiB / 30.66GiB,0.03%,0B / 0B,0B / 9.52MB,1
2026-07-30 20:52:56,ouster,7.53%,121.8MiB / 30.66GiB,0.39%,0B / 0B,131kB / 2.85MB,29
2026-07-30 20:52:56,scovox,57.64%,314.9MiB / 30.66GiB,1.00%,0B / 0B,0B / 7.55MB,53
2026-07-30 20:52:56,openzen,2.65%,34.4MiB / 30.66GiB,0.11%,0B / 0B,0B / 2.15MB,20
2026-07-30 20:52:56,trav_ros2,101.37%,391.2MiB / 30.66GiB,1.25%,0B / 0B,0B / 14.7MB,44
2026-07-30 20:52:56,realsense,18.06%,94.51MiB / 30.66GiB,0.30%,0B / 0B,0B / 3.2MB,33
2026-07-30 20:52:56,mapir-ffmpeg,29.88%,170.8MiB / 30.66GiB,0.54%,0B / 0B,0B / 1.78MB,33
2026-07-30 20:52:56,nav2,7.06%,207.8MiB / 30.66GiB,0.66%,0B / 0B,0B / 1.86MB,93
2026-07-30 20:52:56,glim,80.53%,595.9MiB / 30.66GiB,1.90%,0B / 0B,0B / 11.6MB,37
2026-07-30 20:52:59,foxglove,12.38%,488.1MiB / 30.66GiB,1.55%,0B / 0B,0B / 3.39MB,31
2026-07-30 20:52:59,docker-recorder-run-c43348258146,0.00%,10.29MiB / 30.66GiB,0.03%,0B / 0B,0B / 9.52MB,1
2026-07-30 20:52:59,ouster,7.17%,122MiB / 30.66GiB,0.39%,0B / 0B,131kB / 2.85MB,29
2026-07-30 20:52:59,scovox,80.02%,286.1MiB / 30.66GiB,0.91%,0B / 0B,0B / 7.55MB,53
2026-07-30 20:52:59,openzen,2.52%,33.9MiB / 30.66GiB,0.11%,0B / 0B,0B / 2.15MB,20
2026-07-30 20:52:59,trav_ros2,101.35%,391.3MiB / 30.66GiB,1.25%,0B / 0B,0B / 14.7MB,44
2026-07-30 20:52:59,realsense,17.00%,94.76MiB / 30.66GiB,0.30%,0B / 0B,0B / 3.2MB,33
2026-07-30 20:52:59,mapir-ffmpeg,30.03%,170.8MiB / 30.66GiB,0.54%,0B / 0B,0B / 1.78MB,33
2026-07-30 20:52:59,nav2,6.77%,207MiB / 30.66GiB,0.66%,0B / 0B,0B / 1.86MB,93
2026-07-30 20:52:59,glim,76.58%,593.8MiB / 30.66GiB,1.89%,0B / 0B,0B / 11.6MB,37
2026-07-30 20:53:02,foxglove,11.05%,487.8MiB / 30.66GiB,1.55%,0B / 0B,0B / 3.39MB,31
2026-07-30 20:53:02,docker-recorder-run-c43348258146,0.00%,10.29MiB / 30.66GiB,0.03%,0B / 0B,0B / 9.52MB,1
2026-07-30 20:53:02,ouster,6.96%,121.6MiB / 30.66GiB,0.39%,0B / 0B,131kB / 2.85MB,29
2026-07-30 20:53:02,scovox,58.90%,320MiB / 30.66GiB,1.02%,0B / 0B,0B / 7.55MB,53
2026-07-30 20:53:02,openzen,2.72%,33.9MiB / 30.66GiB,0.11%,0B / 0B,0B / 2.15MB,20
2026-07-30 20:53:02,trav_ros2,101.23%,390.6MiB / 30.66GiB,1.24%,0B / 0B,0B / 14.7MB,44
2026-07-30 20:53:02,realsense,17.37%,94.76MiB / 30.66GiB,0.30%,0B / 0B,0B / 3.2MB,33
2026-07-30 20:53:02,mapir-ffmpeg,29.37%,170.8MiB / 30.66GiB,0.54%,0B / 0B,0B / 1.78MB,33
2026-07-30 20:53:02,nav2,6.52%,206.5MiB / 30.66GiB,0.66%,0B / 0B,0B / 1.86MB,93
2026-07-30 20:53:02,glim,82.23%,596.9MiB / 30.66GiB,1.90%,0B / 0B,0B / 11.6MB,37
2026-07-30 20:53:05,foxglove,11.57%,480.1MiB / 30.66GiB,1.53%,0B / 0B,0B / 3.39MB,31
2026-07-30 20:53:05,docker-recorder-run-c43348258146,0.00%,10.29MiB / 30.66GiB,0.03%,0B / 0B,0B / 9.52MB,1
2026-07-30 20:53:05,ouster,7.22%,121.8MiB / 30.66GiB,0.39%,0B / 0B,131kB / 2.85MB,29
2026-07-30 20:53:05,scovox,75.31%,286MiB / 30.66GiB,0.91%,0B / 0B,0B / 7.65MB,53
2026-07-30 20:53:05,openzen,2.59%,33.9MiB / 30.66GiB,0.11%,0B / 0B,0B / 2.15MB,20
2026-07-30 20:53:05,trav_ros2,101.37%,392.1MiB / 30.66GiB,1.25%,0B / 0B,0B / 14.7MB,44
2026-07-30 20:53:05,realsense,17.21%,94.76MiB / 30.66GiB,0.30%,0B / 0B,0B / 3.2MB,33
2026-07-30 20:53:05,mapir-ffmpeg,29.66%,171.1MiB / 30.66GiB,0.54%,0B / 0B,0B / 1.78MB,33
2026-07-30 20:53:05,nav2,6.54%,207MiB / 30.66GiB,0.66%,0B / 0B,0B / 1.86MB,93
2026-07-30 20:53:05,glim,78.92%,606.9MiB / 30.66GiB,1.93%,0B / 0B,0B / 11.6MB,37
2026-07-30 20:53:08,foxglove,11.33%,480.6MiB / 30.66GiB,1.53%,0B / 0B,0B / 3.39MB,31
2026-07-30 20:53:08,docker-recorder-run-c43348258146,0.00%,10.29MiB / 30.66GiB,0.03%,0B / 0B,0B / 9.52MB,1
2026-07-30 20:53:08,ouster,7.06%,121.7MiB / 30.66GiB,0.39%,0B / 0B,131kB / 2.85MB,29
2026-07-30 20:53:08,scovox,58.28%,325MiB / 30.66GiB,1.04%,0B / 0B,0B / 7.65MB,53
2026-07-30 20:53:08,openzen,2.64%,33.9MiB / 30.66GiB,0.11%,0B / 0B,0B / 2.15MB,20
2026-07-30 20:53:08,trav_ros2,101.37%,391.5MiB / 30.66GiB,1.25%,0B / 0B,0B / 14.7MB,44
2026-07-30 20:53:08,realsense,16.85%,94.75MiB / 30.66GiB,0.30%,0B / 0B,0B / 3.2MB,33
2026-07-30 20:53:08,mapir-ffmpeg,29.33%,170.8MiB / 30.66GiB,0.54%,0B / 0B,0B / 1.78MB,33
2026-07-30 20:53:08,nav2,6.03%,206.7MiB / 30.66GiB,0.66%,0B / 0B,0B / 1.86MB,93
2026-07-30 20:53:08,glim,82.81%,600.7MiB / 30.66GiB,1.91%,0B / 0B,0B / 11.6MB,37
2026-07-30 20:53:11,foxglove,11.86%,488.3MiB / 30.66GiB,1.56%,0B / 0B,0B / 3.39MB,31
2026-07-30 20:53:11,docker-recorder-run-c43348258146,0.00%,10.29MiB / 30.66GiB,0.03%,0B / 0B,0B / 9.52MB,1
2026-07-30 20:53:11,ouster,6.91%,121.7MiB / 30.66GiB,0.39%,0B / 0B,131kB / 2.85MB,29
2026-07-30 20:53:11,scovox,69.72%,286.3MiB / 30.66GiB,0.91%,0B / 0B,0B / 7.65MB,53
2026-07-30 20:53:11,openzen,2.43%,34.15MiB / 30.66GiB,0.11%,0B / 0B,0B / 2.15MB,20
2026-07-30 20:53:11,trav_ros2,99.05%,386.2MiB / 30.66GiB,1.23%,0B / 0B,0B / 14.7MB,44
2026-07-30 20:53:11,realsense,16.40%,94.75MiB / 30.66GiB,0.30%,0B / 0B,0B / 3.2MB,33
2026-07-30 20:53:11,mapir-ffmpeg,28.62%,171.1MiB / 30.66GiB,0.54%,0B / 0B,0B / 1.78MB,33
2026-07-30 20:53:11,nav2,6.19%,206.5MiB / 30.66GiB,0.66%,0B / 0B,0B / 1.86MB,93
2026-07-30 20:53:11,glim,79.67%,602.8MiB / 30.66GiB,1.92%,0B / 0B,0B / 11.6MB,37
2026-07-30 20:53:14,foxglove,11.38%,479.9MiB / 30.66GiB,1.53%,0B / 0B,0B / 3.39MB,31
2026-07-30 20:53:14,docker-recorder-run-c43348258146,0.00%,10.29MiB / 30.66GiB,0.03%,0B / 0B,0B / 9.52MB,1
2026-07-30 20:53:14,ouster,6.94%,121.4MiB / 30.66GiB,0.39%,0B / 0B,131kB / 2.85MB,29
2026-07-30 20:53:14,scovox,70.52%,286.3MiB / 30.66GiB,0.91%,0B / 0B,0B / 7.65MB,53
2026-07-30 20:53:14,openzen,2.50%,33.9MiB / 30.66GiB,0.11%,0B / 0B,0B / 2.15MB,20
2026-07-30 20:53:14,trav_ros2,100.17%,384.8MiB / 30.66GiB,1.23%,0B / 0B,0B / 14.7MB,44
2026-07-30 20:53:14,realsense,16.73%,94.75MiB / 30.66GiB,0.30%,0B / 0B,0B / 3.2MB,33
2026-07-30 20:53:14,mapir-ffmpeg,28.43%,170.8MiB / 30.66GiB,0.54%,0B / 0B,0B / 1.78MB,33
2026-07-30 20:53:14,nav2,5.96%,207.2MiB / 30.66GiB,0.66%,0B / 0B,0B / 1.86MB,93
2026-07-30 20:53:14,glim,75.66%,596.7MiB / 30.66GiB,1.90%,0B / 0B,0B / 11.6MB,37
2026-07-30 20:53:17,foxglove,11.25%,480.2MiB / 30.66GiB,1.53%,0B / 0B,0B / 3.39MB,31
2026-07-30 20:53:17,docker-recorder-run-c43348258146,0.00%,10.29MiB / 30.66GiB,0.03%,0B / 0B,0B / 9.52MB,1
2026-07-30 20:53:17,ouster,7.10%,121.6MiB / 30.66GiB,0.39%,0B / 0B,131kB / 2.85MB,29
2026-07-30 20:53:17,scovox,66.11%,313.7MiB / 30.66GiB,1.00%,0B / 0B,0B / 7.65MB,53
2026-07-30 20:53:17,openzen,2.56%,33.9MiB / 30.66GiB,0.11%,0B / 0B,0B / 2.15MB,20
2026-07-30 20:53:17,trav_ros2,102.20%,393.3MiB / 30.66GiB,1.25%,0B / 0B,0B / 14.7MB,44
2026-07-30 20:53:17,realsense,17.29%,95MiB / 30.66GiB,0.30%,0B / 0B,0B / 3.2MB,33
2026-07-30 20:53:17,mapir-ffmpeg,28.88%,170.8MiB / 30.66GiB,0.54%,0B / 0B,0B / 1.78MB,33
2026-07-30 20:53:17,nav2,5.96%,206.5MiB / 30.66GiB,0.66%,0B / 0B,0B / 1.86MB,93
2026-07-30 20:53:17,glim,77.43%,597.6MiB / 30.66GiB,1.90%,0B / 0B,0B / 11.6MB,37
2026-07-30 20:53:21,foxglove,11.71%,480MiB / 30.66GiB,1.53%,0B / 0B,0B / 3.39MB,31
2026-07-30 20:53:21,docker-recorder-run-c43348258146,0.00%,10.29MiB / 30.66GiB,0.03%,0B / 0B,0B / 9.52MB,1
2026-07-30 20:53:21,ouster,7.45%,121.9MiB / 30.66GiB,0.39%,0B / 0B,131kB / 2.85MB,29
2026-07-30 20:53:21,scovox,85.32%,285.7MiB / 30.66GiB,0.91%,0B / 0B,0B / 7.66MB,53
2026-07-30 20:53:21,openzen,2.74%,34.89MiB / 30.66GiB,0.11%,0B / 0B,0B / 2.15MB,20
2026-07-30 20:53:21,trav_ros2,102.67%,391.5MiB / 30.66GiB,1.25%,0B / 0B,0B / 14.7MB,44
2026-07-30 20:53:21,realsense,17.42%,95MiB / 30.66GiB,0.30%,0B / 0B,0B / 3.2MB,33
2026-07-30 20:53:21,mapir-ffmpeg,29.51%,170.8MiB / 30.66GiB,0.54%,0B / 0B,0B / 1.78MB,33
2026-07-30 20:53:21,nav2,6.95%,207MiB / 30.66GiB,0.66%,0B / 0B,0B / 1.86MB,93
2026-07-30 20:53:21,glim,81.50%,591.5MiB / 30.66GiB,1.88%,0B / 0B,0B / 11.6MB,37
2026-07-30 20:53:24,foxglove,11.29%,480.4MiB / 30.66GiB,1.53%,0B / 0B,0B / 3.39MB,31
2026-07-30 20:53:24,docker-recorder-run-c43348258146,0.00%,10.29MiB / 30.66GiB,0.03%,0B / 0B,0B / 9.52MB,1
2026-07-30 20:53:24,ouster,6.98%,121.6MiB / 30.66GiB,0.39%,0B / 0B,131kB / 2.85MB,29
2026-07-30 20:53:24,scovox,56.10%,317.3MiB / 30.66GiB,1.01%,0B / 0B,0B / 7.66MB,53
2026-07-30 20:53:24,openzen,2.53%,34.15MiB / 30.66GiB,0.11%,0B / 0B,0B / 2.15MB,20
2026-07-30 20:53:24,trav_ros2,102.19%,390.6MiB / 30.66GiB,1.24%,0B / 0B,0B / 14.7MB,44
2026-07-30 20:53:24,realsense,16.82%,94.75MiB / 30.66GiB,0.30%,0B / 0B,0B / 3.2MB,33
2026-07-30 20:53:24,mapir-ffmpeg,30.09%,170.8MiB / 30.66GiB,0.54%,0B / 0B,0B / 1.79MB,33
2026-07-30 20:53:24,nav2,6.31%,206.7MiB / 30.66GiB,0.66%,0B / 0B,0B / 1.87MB,93
2026-07-30 20:53:24,glim,87.60%,594.8MiB / 30.66GiB,1.89%,0B / 0B,0B / 11.6MB,37
2026-07-30 20:53:27,foxglove,12.35%,488.1MiB / 30.66GiB,1.55%,0B / 0B,0B / 3.39MB,31
2026-07-30 20:53:27,docker-recorder-run-c43348258146,0.00%,10.29MiB / 30.66GiB,0.03%,0B / 0B,0B / 9.52MB,1
2026-07-30 20:53:27,ouster,7.20%,121.2MiB / 30.66GiB,0.39%,0B / 0B,131kB / 2.85MB,29
2026-07-30 20:53:27,scovox,81.37%,285.9MiB / 30.66GiB,0.91%,0B / 0B,0B / 7.66MB,53
2026-07-30 20:53:27,openzen,2.63%,34.15MiB / 30.66GiB,0.11%,0B / 0B,0B / 2.15MB,20
2026-07-30 20:53:27,trav_ros2,101.70%,385.6MiB / 30.66GiB,1.23%,0B / 0B,0B / 14.7MB,44
2026-07-30 20:53:27,realsense,17.24%,95MiB / 30.66GiB,0.30%,0B / 0B,0B / 3.2MB,33
2026-07-30 20:53:27,mapir-ffmpeg,30.03%,171.1MiB / 30.66GiB,0.54%,0B / 0B,0B / 1.79MB,33
2026-07-30 20:53:27,nav2,6.27%,206.7MiB / 30.66GiB,0.66%,0B / 0B,0B / 1.87MB,93
2026-07-30 20:53:27,glim,79.22%,608.4MiB / 30.66GiB,1.94%,0B / 0B,0B / 11.6MB,37
2026-07-30 20:53:30,foxglove,12.01%,488.1MiB / 30.66GiB,1.55%,0B / 0B,0B / 3.39MB,31
2026-07-30 20:53:30,docker-recorder-run-c43348258146,0.00%,10.29MiB / 30.66GiB,0.03%,0B / 0B,0B / 9.52MB,1
2026-07-30 20:53:30,ouster,7.18%,121.6MiB / 30.66GiB,0.39%,0B / 0B,131kB / 2.85MB,29
2026-07-30 20:53:30,scovox,49.64%,316.4MiB / 30.66GiB,1.01%,0B / 0B,0B / 7.66MB,53
2026-07-30 20:53:30,openzen,2.70%,34.15MiB / 30.66GiB,0.11%,0B / 0B,0B / 2.15MB,20
2026-07-30 20:53:30,trav_ros2,101.98%,390.8MiB / 30.66GiB,1.24%,0B / 0B,0B / 14.7MB,44
2026-07-30 20:53:30,realsense,16.46%,95MiB / 30.66GiB,0.30%,0B / 0B,0B / 3.2MB,33
2026-07-30 20:53:30,mapir-ffmpeg,29.18%,170.8MiB / 30.66GiB,0.54%,0B / 0B,0B / 1.79MB,33
2026-07-30 20:53:30,nav2,6.41%,206.7MiB / 30.66GiB,0.66%,0B / 0B,0B / 1.87MB,93
2026-07-30 20:53:30,glim,80.42%,622MiB / 30.66GiB,1.98%,0B / 0B,0B / 11.6MB,37
2026-07-30 20:53:33,foxglove,10.77%,480.5MiB / 30.66GiB,1.53%,0B / 0B,0B / 3.39MB,31
2026-07-30 20:53:33,docker-recorder-run-c43348258146,0.00%,10.29MiB / 30.66GiB,0.03%,0B / 0B,0B / 9.52MB,1
2026-07-30 20:53:33,ouster,7.66%,121.4MiB / 30.66GiB,0.39%,0B / 0B,131kB / 2.85MB,29
2026-07-30 20:53:33,scovox,67.59%,286.4MiB / 30.66GiB,0.91%,0B / 0B,0B / 7.66MB,53
2026-07-30 20:53:33,openzen,2.67%,34.15MiB / 30.66GiB,0.11%,0B / 0B,0B / 2.15MB,20
2026-07-30 20:53:33,trav_ros2,101.80%,392.9MiB / 30.66GiB,1.25%,0B / 0B,0B / 14.7MB,44
2026-07-30 20:53:33,realsense,16.12%,95MiB / 30.66GiB,0.30%,0B / 0B,0B / 3.2MB,33
2026-07-30 20:53:33,mapir-ffmpeg,29.98%,170.8MiB / 30.66GiB,0.54%,0B / 0B,0B / 1.79MB,33
2026-07-30 20:53:33,nav2,6.24%,199.4MiB / 30.66GiB,0.64%,0B / 0B,0B / 1.87MB,93
2026-07-30 20:53:33,glim,82.18%,626.9MiB / 30.66GiB,2.00%,0B / 0B,0B / 11.6MB,37
2026-07-30 20:53:36,foxglove,12.65%,488MiB / 30.66GiB,1.55%,0B / 0B,0B / 3.39MB,31
2026-07-30 20:53:36,docker-recorder-run-c43348258146,0.00%,10.29MiB / 30.66GiB,0.03%,0B / 0B,0B / 9.52MB,1
2026-07-30 20:53:36,ouster,7.92%,121.5MiB / 30.66GiB,0.39%,0B / 0B,131kB / 2.85MB,29
2026-07-30 20:53:36,scovox,66.87%,325.6MiB / 30.66GiB,1.04%,0B / 0B,0B / 7.74MB,53
2026-07-30 20:53:36,openzen,2.97%,34.15MiB / 30.66GiB,0.11%,0B / 0B,0B / 2.15MB,20
2026-07-30 20:53:36,trav_ros2,101.45%,392MiB / 30.66GiB,1.25%,0B / 0B,0B / 14.7MB,44
2026-07-30 20:53:36,realsense,17.75%,94.75MiB / 30.66GiB,0.30%,0B / 0B,0B / 3.2MB,33
2026-07-30 20:53:36,mapir-ffmpeg,29.87%,170.8MiB / 30.66GiB,0.54%,0B / 0B,0B / 1.79MB,33
2026-07-30 20:53:36,nav2,7.67%,206.9MiB / 30.66GiB,0.66%,0B / 0B,0B / 1.87MB,93
2026-07-30 20:53:36,glim,79.23%,611.2MiB / 30.66GiB,1.95%,0B / 0B,0B / 11.6MB,37
2026-07-30 20:53:39,foxglove,12.23%,488.1MiB / 30.66GiB,1.55%,0B / 0B,0B / 3.39MB,31
2026-07-30 20:53:39,docker-recorder-run-c43348258146,0.00%,10.29MiB / 30.66GiB,0.03%,0B / 0B,0B / 9.52MB,1
2026-07-30 20:53:39,ouster,7.23%,121.4MiB / 30.66GiB,0.39%,0B / 0B,131kB / 2.85MB,29
2026-07-30 20:53:39,scovox,64.00%,287.6MiB / 30.66GiB,0.92%,0B / 0B,0B / 7.74MB,53
2026-07-30 20:53:39,openzen,2.73%,34.15MiB / 30.66GiB,0.11%,0B / 0B,0B / 2.15MB,20
2026-07-30 20:53:39,trav_ros2,101.13%,409.7MiB / 30.66GiB,1.30%,0B / 0B,0B / 14.7MB,44
2026-07-30 20:53:39,realsense,17.17%,94.75MiB / 30.66GiB,0.30%,0B / 0B,0B / 3.2MB,33
2026-07-30 20:53:39,mapir-ffmpeg,28.93%,170.8MiB / 30.66GiB,0.54%,0B / 0B,0B / 1.79MB,33
2026-07-30 20:53:39,nav2,6.63%,206.9MiB / 30.66GiB,0.66%,0B / 0B,0B / 1.87MB,93
2026-07-30 20:53:39,glim,77.85%,598MiB / 30.66GiB,1.90%,0B / 0B,0B / 11.6MB,37
2026-07-30 20:53:42,foxglove,12.37%,488.3MiB / 30.66GiB,1.56%,0B / 0B,0B / 3.39MB,31
2026-07-30 20:53:42,docker-recorder-run-c43348258146,0.00%,10.29MiB / 30.66GiB,0.03%,0B / 0B,0B / 9.52MB,1
2026-07-30 20:53:42,ouster,7.06%,121.6MiB / 30.66GiB,0.39%,0B / 0B,131kB / 2.85MB,29
2026-07-30 20:53:42,scovox,77.39%,259.1MiB / 30.66GiB,0.83%,0B / 0B,0B / 7.74MB,53
2026-07-30 20:53:42,openzen,2.72%,34.15MiB / 30.66GiB,0.11%,0B / 0B,0B / 2.15MB,20
2026-07-30 20:53:42,trav_ros2,101.16%,391.9MiB / 30.66GiB,1.25%,0B / 0B,0B / 14.7MB,44
2026-07-30 20:53:42,realsense,17.50%,94.76MiB / 30.66GiB,0.30%,0B / 0B,0B / 3.2MB,33
2026-07-30 20:53:42,mapir-ffmpeg,29.58%,170.8MiB / 30.66GiB,0.54%,0B / 0B,0B / 1.79MB,33
2026-07-30 20:53:42,nav2,6.75%,206.9MiB / 30.66GiB,0.66%,0B / 0B,0B / 1.87MB,93
2026-07-30 20:53:42,glim,83.38%,619.8MiB / 30.66GiB,1.97%,0B / 0B,0B / 11.6MB,37
2026-07-30 20:53:46,foxglove,11.20%,482.2MiB / 30.66GiB,1.54%,0B / 0B,0B / 3.39MB,31
2026-07-30 20:53:46,docker-recorder-run-c43348258146,0.00%,10.29MiB / 30.66GiB,0.03%,0B / 0B,0B / 9.52MB,1
2026-07-30 20:53:46,ouster,7.54%,121.7MiB / 30.66GiB,0.39%,0B / 0B,131kB / 2.85MB,29
2026-07-30 20:53:46,scovox,65.13%,319.2MiB / 30.66GiB,1.02%,0B / 0B,0B / 7.74MB,53
2026-07-30 20:53:46,openzen,2.55%,34.4MiB / 30.66GiB,0.11%,0B / 0B,0B / 2.15MB,20
2026-07-30 20:53:46,trav_ros2,101.63%,390.6MiB / 30.66GiB,1.24%,0B / 0B,0B / 14.7MB,44
2026-07-30 20:53:46,realsense,17.60%,94.75MiB / 30.66GiB,0.30%,0B / 0B,0B / 3.2MB,33
2026-07-30 20:53:46,mapir-ffmpeg,30.12%,171.1MiB / 30.66GiB,0.54%,0B / 0B,0B / 1.79MB,33
2026-07-30 20:53:46,nav2,6.11%,206.7MiB / 30.66GiB,0.66%,0B / 0B,0B / 1.87MB,93
2026-07-30 20:53:46,glim,81.68%,627.2MiB / 30.66GiB,2.00%,0B / 0B,0B / 11.6MB,37
2026-07-30 20:53:49,foxglove,11.61%,479.8MiB / 30.66GiB,1.53%,0B / 0B,0B / 3.39MB,31
2026-07-30 20:53:49,docker-recorder-run-c43348258146,0.00%,10.29MiB / 30.66GiB,0.03%,0B / 0B,0B / 9.52MB,1
2026-07-30 20:53:49,ouster,6.94%,121.1MiB / 30.66GiB,0.39%,0B / 0B,131kB / 2.85MB,29
2026-07-30 20:53:49,scovox,80.62%,286MiB / 30.66GiB,0.91%,0B / 0B,0B / 7.74MB,53
2026-07-30 20:53:49,openzen,2.60%,34.15MiB / 30.66GiB,0.11%,0B / 0B,0B / 2.15MB,20
2026-07-30 20:53:49,trav_ros2,101.30%,390.9MiB / 30.66GiB,1.24%,0B / 0B,0B / 14.7MB,44
2026-07-30 20:53:49,realsense,16.78%,94.75MiB / 30.66GiB,0.30%,0B / 0B,0B / 3.2MB,33
2026-07-30 20:53:49,mapir-ffmpeg,30.11%,170.8MiB / 30.66GiB,0.54%,0B / 0B,0B / 1.79MB,33
2026-07-30 20:53:49,nav2,6.07%,206.7MiB / 30.66GiB,0.66%,0B / 0B,0B / 1.87MB,93
2026-07-30 20:53:49,glim,85.20%,615.1MiB / 30.66GiB,1.96%,0B / 0B,0B / 11.6MB,37
2026-07-30 20:53:52,foxglove,11.81%,487.8MiB / 30.66GiB,1.55%,0B / 0B,0B / 3.39MB,31
2026-07-30 20:53:52,docker-recorder-run-c43348258146,0.00%,10.29MiB / 30.66GiB,0.03%,0B / 0B,0B / 9.52MB,1
2026-07-30 20:53:52,ouster,7.24%,121.6MiB / 30.66GiB,0.39%,0B / 0B,131kB / 2.85MB,29
2026-07-30 20:53:52,scovox,56.57%,320.4MiB / 30.66GiB,1.02%,0B / 0B,0B / 7.74MB,53
2026-07-30 20:53:52,openzen,2.61%,34.64MiB / 30.66GiB,0.11%,0B / 0B,0B / 2.15MB,20
2026-07-30 20:53:52,trav_ros2,100.50%,390.9MiB / 30.66GiB,1.25%,0B / 0B,0B / 14.7MB,44
2026-07-30 20:53:52,realsense,16.75%,95MiB / 30.66GiB,0.30%,0B / 0B,0B / 3.2MB,33
2026-07-30 20:53:52,mapir-ffmpeg,29.17%,170.8MiB / 30.66GiB,0.54%,0B / 0B,0B / 1.79MB,33
2026-07-30 20:53:52,nav2,6.78%,208.2MiB / 30.66GiB,0.66%,0B / 0B,0B / 1.87MB,93
2026-07-30 20:53:52,glim,78.33%,615.2MiB / 30.66GiB,1.96%,0B / 0B,0B / 11.6MB,37
2026-07-30 20:53:55,foxglove,11.45%,488.1MiB / 30.66GiB,1.55%,0B / 0B,0B / 3.39MB,31
2026-07-30 20:53:55,docker-recorder-run-c43348258146,0.00%,10.29MiB / 30.66GiB,0.03%,0B / 0B,0B / 9.52MB,1
2026-07-30 20:53:55,ouster,7.15%,122.3MiB / 30.66GiB,0.39%,0B / 0B,131kB / 2.85MB,29
2026-07-30 20:53:55,scovox,76.40%,283.4MiB / 30.66GiB,0.90%,0B / 0B,0B / 7.74MB,53
2026-07-30 20:53:55,openzen,2.68%,34.39MiB / 30.66GiB,0.11%,0B / 0B,0B / 2.15MB,20
2026-07-30 20:53:55,trav_ros2,100.24%,390.9MiB / 30.66GiB,1.25%,0B / 0B,0B / 14.7MB,44
2026-07-30 20:53:55,realsense,16.66%,94.75MiB / 30.66GiB,0.30%,0B / 0B,0B / 3.2MB,33
2026-07-30 20:53:55,mapir-ffmpeg,29.96%,170.8MiB / 30.66GiB,0.54%,0B / 0B,0B / 1.79MB,33
2026-07-30 20:53:55,nav2,6.77%,206.7MiB / 30.66GiB,0.66%,0B / 0B,0B / 1.87MB,93
2026-07-30 20:53:55,glim,83.05%,616.3MiB / 30.66GiB,1.96%,0B / 0B,0B / 11.6MB,37
2026-07-30 20:53:58,foxglove,10.86%,480MiB / 30.66GiB,1.53%,0B / 0B,0B / 3.39MB,31
2026-07-30 20:53:58,docker-recorder-run-c43348258146,0.00%,10.29MiB / 30.66GiB,0.03%,0B / 0B,0B / 9.52MB,1
2026-07-30 20:53:58,ouster,7.06%,121.8MiB / 30.66GiB,0.39%,0B / 0B,131kB / 2.85MB,29
2026-07-30 20:53:58,scovox,57.13%,325.7MiB / 30.66GiB,1.04%,0B / 0B,0B / 7.75MB,53
2026-07-30 20:53:58,openzen,2.53%,34.15MiB / 30.66GiB,0.11%,0B / 0B,0B / 2.15MB,20
2026-07-30 20:53:58,trav_ros2,101.69%,390.4MiB / 30.66GiB,1.24%,0B / 0B,0B / 14.7MB,44
2026-07-30 20:53:58,realsense,16.90%,95.01MiB / 30.66GiB,0.30%,0B / 0B,0B / 3.2MB,33
2026-07-30 20:53:58,mapir-ffmpeg,28.93%,170.8MiB / 30.66GiB,0.54%,0B / 0B,0B / 1.8MB,33
2026-07-30 20:53:58,nav2,6.01%,206.8MiB / 30.66GiB,0.66%,0B / 0B,0B / 1.89MB,93
2026-07-30 20:53:58,glim,82.61%,615.9MiB / 30.66GiB,1.96%,0B / 0B,0B / 11.6MB,37
2026-07-30 20:54:01,foxglove,12.03%,488.1MiB / 30.66GiB,1.55%,0B / 0B,0B / 3.39MB,31
2026-07-30 20:54:01,docker-recorder-run-c43348258146,0.00%,10.29MiB / 30.66GiB,0.03%,0B / 0B,0B / 9.52MB,1
2026-07-30 20:54:01,ouster,7.36%,121.5MiB / 30.66GiB,0.39%,0B / 0B,131kB / 2.85MB,29
2026-07-30 20:54:01,scovox,68.21%,287.8MiB / 30.66GiB,0.92%,0B / 0B,0B / 7.75MB,53
2026-07-30 20:54:01,openzen,2.65%,34.15MiB / 30.66GiB,0.11%,0B / 0B,0B / 2.15MB,20
2026-07-30 20:54:01,trav_ros2,101.96%,385.4MiB / 30.66GiB,1.23%,0B / 0B,0B / 14.7MB,44
2026-07-30 20:54:01,realsense,16.74%,94.76MiB / 30.66GiB,0.30%,0B / 0B,0B / 3.2MB,33
2026-07-30 20:54:01,mapir-ffmpeg,30.03%,171.3MiB / 30.66GiB,0.55%,0B / 0B,0B / 1.8MB,33
2026-07-30 20:54:01,nav2,6.51%,207.2MiB / 30.66GiB,0.66%,0B / 0B,0B / 1.89MB,93
2026-07-30 20:54:01,glim,79.40%,621.8MiB / 30.66GiB,1.98%,0B / 0B,0B / 11.6MB,37
2026-07-30 20:54:04,foxglove,11.26%,480.1MiB / 30.66GiB,1.53%,0B / 0B,0B / 3.39MB,31
2026-07-30 20:54:04,docker-recorder-run-c43348258146,0.00%,10.29MiB / 30.66GiB,0.03%,0B / 0B,0B / 9.52MB,1
2026-07-30 20:54:04,ouster,7.64%,121.7MiB / 30.66GiB,0.39%,0B / 0B,131kB / 2.85MB,29
2026-07-30 20:54:04,scovox,71.75%,247.4MiB / 30.66GiB,0.79%,0B / 0B,0B / 7.75MB,53
2026-07-30 20:54:04,openzen,2.57%,34.15MiB / 30.66GiB,0.11%,0B / 0B,0B / 2.15MB,20
2026-07-30 20:54:04,trav_ros2,102.05%,385.3MiB / 30.66GiB,1.23%,0B / 0B,0B / 14.7MB,44
2026-07-30 20:54:04,realsense,17.06%,94.51MiB / 30.66GiB,0.30%,0B / 0B,0B / 3.2MB,33
2026-07-30 20:54:04,mapir-ffmpeg,29.60%,171.1MiB / 30.66GiB,0.54%,0B / 0B,0B / 1.8MB,33
2026-07-30 20:54:04,nav2,6.36%,199.6MiB / 30.66GiB,0.64%,0B / 0B,0B / 1.89MB,93
2026-07-30 20:54:04,glim,82.23%,623.3MiB / 30.66GiB,1.99%,0B / 0B,0B / 11.6MB,37
2026-07-30 20:54:07,foxglove,11.24%,480.4MiB / 30.66GiB,1.53%,0B / 0B,0B / 3.39MB,31
2026-07-30 20:54:07,docker-recorder-run-c43348258146,0.00%,10.29MiB / 30.66GiB,0.03%,0B / 0B,0B / 9.52MB,1
2026-07-30 20:54:07,ouster,7.06%,121.8MiB / 30.66GiB,0.39%,0B / 0B,131kB / 2.85MB,29
2026-07-30 20:54:07,scovox,61.12%,317MiB / 30.66GiB,1.01%,0B / 0B,0B / 7.75MB,53
2026-07-30 20:54:07,openzen,2.59%,34.15MiB / 30.66GiB,0.11%,0B / 0B,0B / 2.15MB,20
2026-07-30 20:54:07,trav_ros2,102.22%,385MiB / 30.66GiB,1.23%,0B / 0B,0B / 14.7MB,44
2026-07-30 20:54:07,realsense,16.72%,94.76MiB / 30.66GiB,0.30%,0B / 0B,0B / 3.2MB,33
2026-07-30 20:54:07,mapir-ffmpeg,29.60%,170.8MiB / 30.66GiB,0.54%,0B / 0B,0B / 1.8MB,33
2026-07-30 20:54:07,nav2,6.41%,200.3MiB / 30.66GiB,0.64%,0B / 0B,0B / 1.89MB,93
2026-07-30 20:54:07,glim,84.16%,627.6MiB / 30.66GiB,2.00%,0B / 0B,0B / 11.6MB,37
2026-07-30 20:54:11,foxglove,12.34%,492.1MiB / 30.66GiB,1.57%,0B / 0B,0B / 3.39MB,31
2026-07-30 20:54:11,docker-recorder-run-c43348258146,0.00%,10.29MiB / 30.66GiB,0.03%,0B / 0B,0B / 9.52MB,1
2026-07-30 20:54:11,ouster,7.15%,121.9MiB / 30.66GiB,0.39%,0B / 0B,131kB / 2.85MB,29
2026-07-30 20:54:11,scovox,83.85%,287.6MiB / 30.66GiB,0.92%,0B / 0B,0B / 7.84MB,53
2026-07-30 20:54:11,openzen,2.79%,34.15MiB / 30.66GiB,0.11%,0B / 0B,0B / 2.15MB,20
2026-07-30 20:54:11,trav_ros2,101.20%,390MiB / 30.66GiB,1.24%,0B / 0B,0B / 14.7MB,44
2026-07-30 20:54:11,realsense,17.21%,94.76MiB / 30.66GiB,0.30%,0B / 0B,0B / 3.2MB,33
2026-07-30 20:54:11,mapir-ffmpeg,28.78%,170.8MiB / 30.66GiB,0.54%,0B / 0B,0B / 1.8MB,33
2026-07-30 20:54:11,nav2,6.52%,206.9MiB / 30.66GiB,0.66%,0B / 0B,0B / 1.89MB,93
2026-07-30 20:54:11,glim,84.20%,621.5MiB / 30.66GiB,1.98%,0B / 0B,0B / 11.6MB,37
2026-07-30 20:54:14,foxglove,12.38%,491.9MiB / 30.66GiB,1.57%,0B / 0B,0B / 3.39MB,31
2026-07-30 20:54:14,docker-recorder-run-c43348258146,0.00%,10.29MiB / 30.66GiB,0.03%,0B / 0B,0B / 9.52MB,1
2026-07-30 20:54:14,ouster,7.07%,122MiB / 30.66GiB,0.39%,0B / 0B,131kB / 2.85MB,29
2026-07-30 20:54:14,scovox,56.72%,320.6MiB / 30.66GiB,1.02%,0B / 0B,0B / 7.84MB,53
2026-07-30 20:54:14,openzen,2.65%,34.15MiB / 30.66GiB,0.11%,0B / 0B,0B / 2.15MB,20
2026-07-30 20:54:14,trav_ros2,100.94%,384.8MiB / 30.66GiB,1.23%,0B / 0B,0B / 14.7MB,44
2026-07-30 20:54:14,realsense,17.09%,94.51MiB / 30.66GiB,0.30%,0B / 0B,0B / 3.2MB,33
2026-07-30 20:54:14,mapir-ffmpeg,28.66%,170.8MiB / 30.66GiB,0.54%,0B / 0B,0B / 1.8MB,33
2026-07-30 20:54:14,nav2,6.28%,206.8MiB / 30.66GiB,0.66%,0B / 0B,0B / 1.89MB,93
2026-07-30 20:54:14,glim,77.79%,622.8MiB / 30.66GiB,1.98%,0B / 0B,0B / 11.6MB,37
2026-07-30 20:54:17,foxglove,12.67%,480.9MiB / 30.66GiB,1.53%,0B / 0B,0B / 3.39MB,31
2026-07-30 20:54:17,docker-recorder-run-c43348258146,0.00%,10.29MiB / 30.66GiB,0.03%,0B / 0B,0B / 9.52MB,1
2026-07-30 20:54:17,ouster,7.40%,122.2MiB / 30.66GiB,0.39%,0B / 0B,131kB / 2.85MB,29
2026-07-30 20:54:17,scovox,83.14%,287.1MiB / 30.66GiB,0.91%,0B / 0B,0B / 7.84MB,53
2026-07-30 20:54:17,openzen,2.88%,34.15MiB / 30.66GiB,0.11%,0B / 0B,0B / 2.15MB,20
2026-07-30 20:54:17,trav_ros2,101.03%,391.1MiB / 30.66GiB,1.25%,0B / 0B,0B / 14.7MB,44
2026-07-30 20:54:17,realsense,17.06%,94.51MiB / 30.66GiB,0.30%,0B / 0B,0B / 3.2MB,33
2026-07-30 20:54:17,mapir-ffmpeg,29.25%,171.3MiB / 30.66GiB,0.55%,0B / 0B,0B / 1.8MB,33
2026-07-30 20:54:17,nav2,6.75%,199.4MiB / 30.66GiB,0.64%,0B / 0B,0B / 1.89MB,93
2026-07-30 20:54:17,glim,82.52%,623.7MiB / 30.66GiB,1.99%,0B / 0B,0B / 11.6MB,37
2026-07-30 20:54:20,foxglove,16.73%,566.7MiB / 30.66GiB,1.80%,0B / 0B,0B / 3.39MB,31
2026-07-30 20:54:20,docker-recorder-run-c43348258146,0.00%,10.29MiB / 30.66GiB,0.03%,0B / 0B,0B / 9.52MB,1
2026-07-30 20:54:20,ouster,7.25%,122MiB / 30.66GiB,0.39%,0B / 0B,131kB / 2.85MB,29
2026-07-30 20:54:20,scovox,57.97%,327.9MiB / 30.66GiB,1.04%,0B / 0B,0B / 7.84MB,53
2026-07-30 20:54:20,openzen,2.89%,34.15MiB / 30.66GiB,0.11%,0B / 0B,0B / 2.15MB,20
2026-07-30 20:54:20,trav_ros2,101.55%,379.1MiB / 30.66GiB,1.21%,0B / 0B,0B / 14.7MB,44
2026-07-30 20:54:20,realsense,17.38%,94.51MiB / 30.66GiB,0.30%,0B / 0B,0B / 3.2MB,33
2026-07-30 20:54:20,mapir-ffmpeg,29.69%,170.8MiB / 30.66GiB,0.54%,0B / 0B,0B / 1.8MB,33
2026-07-30 20:54:20,nav2,6.58%,206.7MiB / 30.66GiB,0.66%,0B / 0B,0B / 1.89MB,93
2026-07-30 20:54:20,glim,78.40%,623.6MiB / 30.66GiB,1.99%,0B / 0B,0B / 11.6MB,37
2026-07-30 20:54:23,foxglove,12.26%,567.1MiB / 30.66GiB,1.81%,0B / 0B,0B / 3.39MB,31
2026-07-30 20:54:23,docker-recorder-run-c43348258146,0.00%,10.29MiB / 30.66GiB,0.03%,0B / 0B,0B / 9.52MB,1
2026-07-30 20:54:23,ouster,7.42%,121.6MiB / 30.66GiB,0.39%,0B / 0B,131kB / 2.85MB,29
2026-07-30 20:54:23,scovox,75.66%,288.3MiB / 30.66GiB,0.92%,0B / 0B,0B / 7.84MB,53
2026-07-30 20:54:23,openzen,2.84%,34.15MiB / 30.66GiB,0.11%,0B / 0B,0B / 2.15MB,20
2026-07-30 20:54:23,trav_ros2,101.13%,391.5MiB / 30.66GiB,1.25%,0B / 0B,0B / 14.7MB,44
2026-07-30 20:54:23,realsense,17.52%,94.76MiB / 30.66GiB,0.30%,0B / 0B,0B / 3.2MB,33
2026-07-30 20:54:23,mapir-ffmpeg,29.26%,170.8MiB / 30.66GiB,0.54%,0B / 0B,0B / 1.8MB,33
2026-07-30 20:54:23,nav2,6.53%,206.7MiB / 30.66GiB,0.66%,0B / 0B,0B / 1.89MB,93
2026-07-30 20:54:23,glim,81.31%,624.5MiB / 30.66GiB,1.99%,0B / 0B,0B / 11.6MB,37
2026-07-30 20:54:26,foxglove,12.69%,546.4MiB / 30.66GiB,1.74%,0B / 0B,0B / 3.39MB,31
2026-07-30 20:54:26,docker-recorder-run-c43348258146,0.00%,10.29MiB / 30.66GiB,0.03%,0B / 0B,0B / 9.52MB,1
2026-07-30 20:54:26,ouster,7.75%,122.3MiB / 30.66GiB,0.39%,0B / 0B,131kB / 2.85MB,29
2026-07-30 20:54:26,scovox,68.03%,327.6MiB / 30.66GiB,1.04%,0B / 0B,0B / 7.84MB,53
2026-07-30 20:54:26,openzen,2.55%,33.9MiB / 30.66GiB,0.11%,0B / 0B,0B / 2.15MB,20
2026-07-30 20:54:26,trav_ros2,100.56%,384.9MiB / 30.66GiB,1.23%,0B / 0B,0B / 14.7MB,44
2026-07-30 20:54:26,realsense,17.46%,94.51MiB / 30.66GiB,0.30%,0B / 0B,0B / 3.2MB,33
2026-07-30 20:54:26,mapir-ffmpeg,29.42%,172.1MiB / 30.66GiB,0.55%,0B / 0B,0B / 1.8MB,33
2026-07-30 20:54:26,nav2,6.76%,206.7MiB / 30.66GiB,0.66%,0B / 0B,0B / 1.89MB,93
2026-07-30 20:54:26,glim,74.91%,628MiB / 30.66GiB,2.00%,0B / 0B,0B / 11.6MB,37
2026-07-30 20:54:29,foxglove,11.02%,502.5MiB / 30.66GiB,1.60%,0B / 0B,0B / 3.39MB,31
2026-07-30 20:54:29,docker-recorder-run-c43348258146,0.00%,10.29MiB / 30.66GiB,0.03%,0B / 0B,0B / 9.52MB,1
2026-07-30 20:54:29,ouster,7.04%,121.7MiB / 30.66GiB,0.39%,0B / 0B,131kB / 2.85MB,29
2026-07-30 20:54:29,scovox,59.74%,314.1MiB / 30.66GiB,1.00%,0B / 0B,0B / 7.84MB,53
2026-07-30 20:54:29,openzen,2.50%,33.9MiB / 30.66GiB,0.11%,0B / 0B,0B / 2.15MB,20
2026-07-30 20:54:29,trav_ros2,101.05%,425.4MiB / 30.66GiB,1.35%,0B / 0B,0B / 14.7MB,44
2026-07-30 20:54:29,realsense,17.93%,94.51MiB / 30.66GiB,0.30%,0B / 0B,0B / 3.2MB,33
2026-07-30 20:54:29,mapir-ffmpeg,30.08%,170.8MiB / 30.66GiB,0.54%,0B / 0B,0B / 1.8MB,33
2026-07-30 20:54:29,nav2,6.23%,199.2MiB / 30.66GiB,0.63%,0B / 0B,0B / 1.89MB,93
2026-07-30 20:54:29,glim,85.02%,632.7MiB / 30.66GiB,2.02%,0B / 0B,0B / 11.6MB,37
2026-07-30 20:54:32,foxglove,12.51%,538.2MiB / 30.66GiB,1.71%,0B / 0B,0B / 3.39MB,31
2026-07-30 20:54:32,docker-recorder-run-c43348258146,0.00%,10.29MiB / 30.66GiB,0.03%,0B / 0B,0B / 9.52MB,1
2026-07-30 20:54:32,ouster,7.48%,122.3MiB / 30.66GiB,0.39%,0B / 0B,131kB / 2.85MB,29
2026-07-30 20:54:32,scovox,80.26%,288.9MiB / 30.66GiB,0.92%,0B / 0B,0B / 7.85MB,53
2026-07-30 20:54:32,openzen,2.83%,34.15MiB / 30.66GiB,0.11%,0B / 0B,0B / 2.15MB,20
2026-07-30 20:54:32,trav_ros2,102.02%,391.4MiB / 30.66GiB,1.25%,0B / 0B,0B / 14.7MB,44
2026-07-30 20:54:32,realsense,17.74%,94.51MiB / 30.66GiB,0.30%,0B / 0B,0B / 3.2MB,33
2026-07-30 20:54:32,mapir-ffmpeg,30.22%,171.6MiB / 30.66GiB,0.55%,0B / 0B,0B / 1.81MB,33
2026-07-30 20:54:32,nav2,7.17%,199.8MiB / 30.66GiB,0.64%,0B / 0B,0B / 1.9MB,93
2026-07-30 20:54:32,glim,81.68%,636.9MiB / 30.66GiB,2.03%,0B / 0B,0B / 11.6MB,37
2026-07-30 20:54:36,foxglove,11.80%,510.3MiB / 30.66GiB,1.63%,0B / 0B,0B / 3.39MB,31
2026-07-30 20:54:36,docker-recorder-run-c43348258146,0.00%,10.29MiB / 30.66GiB,0.03%,0B / 0B,0B / 9.52MB,1
2026-07-30 20:54:36,ouster,7.64%,121.9MiB / 30.66GiB,0.39%,0B / 0B,131kB / 2.85MB,29
2026-07-30 20:54:36,scovox,55.25%,320.3MiB / 30.66GiB,1.02%,0B / 0B,0B / 7.85MB,53
2026-07-30 20:54:36,openzen,2.47%,33.9MiB / 30.66GiB,0.11%,0B / 0B,0B / 2.15MB,20
2026-07-30 20:54:36,trav_ros2,101.90%,391.2MiB / 30.66GiB,1.25%,0B / 0B,0B / 14.7MB,44
2026-07-30 20:54:36,realsense,17.60%,95MiB / 30.66GiB,0.30%,0B / 0B,0B / 3.2MB,33
2026-07-30 20:54:36,mapir-ffmpeg,30.10%,170.8MiB / 30.66GiB,0.54%,0B / 0B,0B / 1.81MB,33
2026-07-30 20:54:36,nav2,6.86%,206.6MiB / 30.66GiB,0.66%,0B / 0B,0B / 1.9MB,93
2026-07-30 20:54:36,glim,82.83%,637.2MiB / 30.66GiB,2.03%,0B / 0B,0B / 11.6MB,37
2026-07-30 20:54:39,foxglove,13.71%,546.3MiB / 30.66GiB,1.74%,0B / 0B,0B / 3.39MB,31
2026-07-30 20:54:39,docker-recorder-run-c43348258146,0.00%,10.29MiB / 30.66GiB,0.03%,0B / 0B,0B / 9.52MB,1
2026-07-30 20:54:39,ouster,7.00%,121.9MiB / 30.66GiB,0.39%,0B / 0B,131kB / 2.85MB,29
2026-07-30 20:54:39,scovox,85.13%,289.1MiB / 30.66GiB,0.92%,0B / 0B,0B / 7.85MB,53
2026-07-30 20:54:39,openzen,2.42%,33.9MiB / 30.66GiB,0.11%,0B / 0B,0B / 2.15MB,20
2026-07-30 20:54:39,trav_ros2,101.60%,391.4MiB / 30.66GiB,1.25%,0B / 0B,0B / 14.7MB,44
2026-07-30 20:54:39,realsense,16.68%,94.76MiB / 30.66GiB,0.30%,0B / 0B,0B / 3.2MB,33
2026-07-30 20:54:39,mapir-ffmpeg,29.41%,170.8MiB / 30.66GiB,0.54%,0B / 0B,0B / 1.81MB,33
2026-07-30 20:54:39,nav2,6.84%,206.7MiB / 30.66GiB,0.66%,0B / 0B,0B / 1.9MB,93
2026-07-30 20:54:39,glim,81.71%,638.4MiB / 30.66GiB,2.03%,0B / 0B,0B / 11.6MB,37
2026-07-30 20:54:42,foxglove,11.28%,502.4MiB / 30.66GiB,1.60%,0B / 0B,0B / 3.39MB,31
2026-07-30 20:54:42,docker-recorder-run-c43348258146,0.00%,10.29MiB / 30.66GiB,0.03%,0B / 0B,0B / 9.52MB,1
2026-07-30 20:54:42,ouster,6.93%,122.2MiB / 30.66GiB,0.39%,0B / 0B,131kB / 2.85MB,29
2026-07-30 20:54:42,scovox,58.13%,326.6MiB / 30.66GiB,1.04%,0B / 0B,0B / 7.94MB,53
2026-07-30 20:54:42,openzen,2.27%,34.15MiB / 30.66GiB,0.11%,0B / 0B,0B / 2.15MB,20
2026-07-30 20:54:42,trav_ros2,101.97%,392.5MiB / 30.66GiB,1.25%,0B / 0B,0B / 14.7MB,44
2026-07-30 20:54:42,realsense,17.09%,94.76MiB / 30.66GiB,0.30%,0B / 0B,0B / 3.2MB,33
2026-07-30 20:54:42,mapir-ffmpeg,29.27%,171.1MiB / 30.66GiB,0.54%,0B / 0B,0B / 1.81MB,33
2026-07-30 20:54:42,nav2,6.06%,198.9MiB / 30.66GiB,0.63%,0B / 0B,0B / 1.9MB,93
2026-07-30 20:54:42,glim,76.85%,638.2MiB / 30.66GiB,2.03%,0B / 0B,0B / 11.6MB,37
2026-07-30 20:54:45,foxglove,13.10%,546MiB / 30.66GiB,1.74%,0B / 0B,0B / 3.39MB,31
2026-07-30 20:54:45,docker-recorder-run-c43348258146,0.00%,10.29MiB / 30.66GiB,0.03%,0B / 0B,0B / 9.52MB,1
2026-07-30 20:54:45,ouster,7.13%,121.9MiB / 30.66GiB,0.39%,0B / 0B,131kB / 2.85MB,29
2026-07-30 20:54:45,scovox,74.53%,289.2MiB / 30.66GiB,0.92%,0B / 0B,0B / 7.94MB,53
2026-07-30 20:54:45,openzen,2.49%,34.15MiB / 30.66GiB,0.11%,0B / 0B,0B / 2.15MB,20
2026-07-30 20:54:45,trav_ros2,101.84%,390.6MiB / 30.66GiB,1.24%,0B / 0B,0B / 14.7MB,44
2026-07-30 20:54:45,realsense,17.03%,95.01MiB / 30.66GiB,0.30%,0B / 0B,0B / 3.2MB,33
2026-07-30 20:54:45,mapir-ffmpeg,29.23%,170.8MiB / 30.66GiB,0.54%,0B / 0B,0B / 1.81MB,33
2026-07-30 20:54:45,nav2,6.52%,206.5MiB / 30.66GiB,0.66%,0B / 0B,0B / 1.9MB,93
2026-07-30 20:54:45,glim,83.63%,625.8MiB / 30.66GiB,1.99%,0B / 0B,0B / 11.6MB,37
2026-07-30 20:54:48,foxglove,13.41%,546MiB / 30.66GiB,1.74%,0B / 0B,0B / 3.4MB,31
2026-07-30 20:54:48,docker-recorder-run-c43348258146,0.00%,10.29MiB / 30.66GiB,0.03%,0B / 0B,0B / 9.52MB,1
2026-07-30 20:54:48,ouster,7.44%,121.8MiB / 30.66GiB,0.39%,0B / 0B,131kB / 2.85MB,29
2026-07-30 20:54:48,scovox,64.16%,327MiB / 30.66GiB,1.04%,0B / 0B,0B / 7.94MB,53
2026-07-30 20:54:48,openzen,2.72%,34.15MiB / 30.66GiB,0.11%,0B / 0B,0B / 2.15MB,20
2026-07-30 20:54:48,trav_ros2,102.52%,392.4MiB / 30.66GiB,1.25%,0B / 0B,0B / 14.7MB,44
2026-07-30 20:54:48,realsense,17.60%,94.76MiB / 30.66GiB,0.30%,0B / 0B,0B / 3.2MB,33
2026-07-30 20:54:48,mapir-ffmpeg,29.89%,170.8MiB / 30.66GiB,0.54%,0B / 0B,0B / 1.81MB,33
2026-07-30 20:54:48,nav2,7.48%,207.1MiB / 30.66GiB,0.66%,0B / 0B,0B / 1.9MB,93
2026-07-30 20:54:48,glim,81.51%,625.4MiB / 30.66GiB,1.99%,0B / 0B,0B / 11.6MB,37
2026-07-30 20:54:51,foxglove,11.98%,502.8MiB / 30.66GiB,1.60%,0B / 0B,0B / 3.4MB,31
2026-07-30 20:54:51,docker-recorder-run-c43348258146,0.00%,10.29MiB / 30.66GiB,0.03%,0B / 0B,0B / 9.52MB,1
2026-07-30 20:54:51,ouster,7.15%,121.6MiB / 30.66GiB,0.39%,0B / 0B,131kB / 2.85MB,29
2026-07-30 20:54:51,scovox,62.89%,287.6MiB / 30.66GiB,0.92%,0B / 0B,0B / 7.94MB,53
2026-07-30 20:54:51,openzen,2.66%,33.9MiB / 30.66GiB,0.11%,0B / 0B,0B / 2.15MB,20
2026-07-30 20:54:51,trav_ros2,102.10%,433.9MiB / 30.66GiB,1.38%,0B / 0B,0B / 14.7MB,44
2026-07-30 20:54:51,realsense,17.10%,94.76MiB / 30.66GiB,0.30%,0B / 0B,0B / 3.2MB,33
2026-07-30 20:54:51,mapir-ffmpeg,30.13%,171.1MiB / 30.66GiB,0.54%,0B / 0B,0B / 1.81MB,33
2026-07-30 20:54:51,nav2,6.18%,206.7MiB / 30.66GiB,0.66%,0B / 0B,0B / 1.9MB,93
2026-07-30 20:54:51,glim,75.20%,625.7MiB / 30.66GiB,1.99%,0B / 0B,0B / 11.6MB,37
2026-07-30 20:54:54,foxglove,13.37%,546.2MiB / 30.66GiB,1.74%,0B / 0B,0B / 3.4MB,31
2026-07-30 20:54:54,docker-recorder-run-c43348258146,0.00%,10.29MiB / 30.66GiB,0.03%,0B / 0B,0B / 9.52MB,1
2026-07-30 20:54:54,ouster,7.00%,121.6MiB / 30.66GiB,0.39%,0B / 0B,131kB / 2.85MB,29
2026-07-30 20:54:54,scovox,74.68%,253.2MiB / 30.66GiB,0.81%,0B / 0B,0B / 7.94MB,53
2026-07-30 20:54:54,openzen,2.55%,33.9MiB / 30.66GiB,0.11%,0B / 0B,0B / 2.15MB,20
2026-07-30 20:54:54,trav_ros2,101.42%,391.5MiB / 30.66GiB,1.25%,0B / 0B,0B / 14.7MB,44
2026-07-30 20:54:54,realsense,16.97%,94.76MiB / 30.66GiB,0.30%,0B / 0B,0B / 3.2MB,33
2026-07-30 20:54:54,mapir-ffmpeg,28.78%,170.8MiB / 30.66GiB,0.54%,0B / 0B,0B / 1.81MB,33
2026-07-30 20:54:54,nav2,6.42%,206.6MiB / 30.66GiB,0.66%,0B / 0B,0B / 1.9MB,93
2026-07-30 20:54:54,glim,81.20%,626.4MiB / 30.66GiB,2.00%,0B / 0B,0B / 11.6MB,37
2026-07-30 20:54:58,foxglove,11.37%,504.1MiB / 30.66GiB,1.61%,0B / 0B,0B / 3.4MB,31
2026-07-30 20:54:58,docker-recorder-run-c43348258146,0.00%,10.29MiB / 30.66GiB,0.03%,0B / 0B,0B / 9.52MB,1
2026-07-30 20:54:58,ouster,7.12%,121.9MiB / 30.66GiB,0.39%,0B / 0B,131kB / 2.85MB,29
2026-07-30 20:54:58,scovox,56.98%,318.5MiB / 30.66GiB,1.01%,0B / 0B,0B / 7.94MB,53
2026-07-30 20:54:58,openzen,2.44%,33.9MiB / 30.66GiB,0.11%,0B / 0B,0B / 2.15MB,20
2026-07-30 20:54:58,trav_ros2,101.65%,391.6MiB / 30.66GiB,1.25%,0B / 0B,0B / 14.7MB,44
2026-07-30 20:54:58,realsense,16.72%,95.49MiB / 30.66GiB,0.30%,0B / 0B,0B / 3.2MB,33
2026-07-30 20:54:58,mapir-ffmpeg,28.98%,171.3MiB / 30.66GiB,0.55%,0B / 0B,0B / 1.81MB,33
2026-07-30 20:54:58,nav2,6.04%,206.7MiB / 30.66GiB,0.66%,0B / 0B,0B / 1.9MB,93
2026-07-30 20:54:58,glim,80.34%,627.7MiB / 30.66GiB,2.00%,0B / 0B,0B / 11.6MB,37
2026-07-30 20:55:01,foxglove,12.73%,538.6MiB / 30.66GiB,1.72%,0B / 0B,0B / 3.4MB,31
2026-07-30 20:55:01,docker-recorder-run-c43348258146,0.00%,10.29MiB / 30.66GiB,0.03%,0B / 0B,0B / 9.52MB,1
2026-07-30 20:55:01,ouster,7.03%,121.9MiB / 30.66GiB,0.39%,0B / 0B,131kB / 2.85MB,29
2026-07-30 20:55:01,scovox,81.42%,289.1MiB / 30.66GiB,0.92%,0B / 0B,0B / 7.94MB,53
2026-07-30 20:55:01,openzen,2.52%,34.4MiB / 30.66GiB,0.11%,0B / 0B,0B / 2.15MB,20
2026-07-30 20:55:01,trav_ros2,101.37%,391.6MiB / 30.66GiB,1.25%,0B / 0B,0B / 14.7MB,44
2026-07-30 20:55:01,realsense,17.46%,94.51MiB / 30.66GiB,0.30%,0B / 0B,0B / 3.2MB,33
2026-07-30 20:55:01,mapir-ffmpeg,28.99%,170.8MiB / 30.66GiB,0.54%,0B / 0B,0B / 1.81MB,33
2026-07-30 20:55:01,nav2,6.14%,206.5MiB / 30.66GiB,0.66%,0B / 0B,0B / 1.9MB,93
2026-07-30 20:55:01,glim,80.56%,629.3MiB / 30.66GiB,2.00%,0B / 0B,0B / 11.6MB,37
2026-07-30 20:55:04,foxglove,11.38%,502.4MiB / 30.66GiB,1.60%,0B / 0B,0B / 3.4MB,31
2026-07-30 20:55:04,docker-recorder-run-c43348258146,0.00%,10.29MiB / 30.66GiB,0.03%,0B / 0B,0B / 9.52MB,1
2026-07-30 20:55:04,ouster,7.15%,121.6MiB / 30.66GiB,0.39%,0B / 0B,131kB / 2.85MB,29
2026-07-30 20:55:04,scovox,59.59%,324.2MiB / 30.66GiB,1.03%,0B / 0B,0B / 7.94MB,53
2026-07-30 20:55:04,openzen,2.67%,34.15MiB / 30.66GiB,0.11%,0B / 0B,0B / 2.15MB,20
2026-07-30 20:55:04,trav_ros2,101.13%,391.8MiB / 30.66GiB,1.25%,0B / 0B,0B / 14.7MB,44
2026-07-30 20:55:04,realsense,16.88%,94.76MiB / 30.66GiB,0.30%,0B / 0B,0B / 3.2MB,33
2026-07-30 20:55:04,mapir-ffmpeg,29.05%,170.8MiB / 30.66GiB,0.54%,0B / 0B,0B / 1.81MB,33
2026-07-30 20:55:04,nav2,6.62%,208MiB / 30.66GiB,0.66%,0B / 0B,0B / 1.9MB,93
2026-07-30 20:55:04,glim,80.26%,632.2MiB / 30.66GiB,2.01%,0B / 0B,0B / 11.6MB,37
2026-07-30 20:55:07,foxglove,13.04%,546.6MiB / 30.66GiB,1.74%,0B / 0B,0B / 3.4MB,31
2026-07-30 20:55:07,docker-recorder-run-c43348258146,0.00%,10.29MiB / 30.66GiB,0.03%,0B / 0B,0B / 9.52MB,1
2026-07-30 20:55:07,ouster,7.49%,121.7MiB / 30.66GiB,0.39%,0B / 0B,131kB / 2.85MB,29
2026-07-30 20:55:07,scovox,88.23%,289.5MiB / 30.66GiB,0.92%,0B / 0B,0B / 7.95MB,53
2026-07-30 20:55:07,openzen,2.57%,33.9MiB / 30.66GiB,0.11%,0B / 0B,0B / 2.15MB,20
2026-07-30 20:55:07,trav_ros2,101.21%,389.9MiB / 30.66GiB,1.24%,0B / 0B,0B / 14.7MB,44
2026-07-30 20:55:07,realsense,17.29%,94.76MiB / 30.66GiB,0.30%,0B / 0B,0B / 3.2MB,33
2026-07-30 20:55:07,mapir-ffmpeg,29.13%,170.8MiB / 30.66GiB,0.54%,0B / 0B,0B / 1.81MB,33
2026-07-30 20:55:07,nav2,6.72%,206.5MiB / 30.66GiB,0.66%,0B / 0B,0B / 1.92MB,93
2026-07-30 20:55:07,glim,79.31%,638.7MiB / 30.66GiB,2.03%,0B / 0B,0B / 11.6MB,37
2026-07-30 20:55:10,foxglove,12.10%,520.5MiB / 30.66GiB,1.66%,0B / 0B,0B / 3.4MB,31
2026-07-30 20:55:10,docker-recorder-run-c43348258146,0.00%,10.29MiB / 30.66GiB,0.03%,0B / 0B,0B / 9.52MB,1
2026-07-30 20:55:10,ouster,7.39%,121.7MiB / 30.66GiB,0.39%,0B / 0B,131kB / 2.85MB,29
2026-07-30 20:55:10,scovox,63.85%,330.7MiB / 30.66GiB,1.05%,0B / 0B,0B / 7.95MB,53
2026-07-30 20:55:10,openzen,2.70%,33.9MiB / 30.66GiB,0.11%,0B / 0B,0B / 2.15MB,20
2026-07-30 20:55:10,trav_ros2,101.81%,389.8MiB / 30.66GiB,1.24%,0B / 0B,0B / 14.7MB,44
2026-07-30 20:55:10,realsense,17.54%,94.76MiB / 30.66GiB,0.30%,0B / 0B,0B / 3.2MB,33
2026-07-30 20:55:10,mapir-ffmpeg,29.19%,170.8MiB / 30.66GiB,0.54%,0B / 0B,0B / 1.83MB,33
2026-07-30 20:55:10,nav2,6.52%,206.5MiB / 30.66GiB,0.66%,0B / 0B,0B / 1.92MB,93
2026-07-30 20:55:10,glim,78.39%,638.8MiB / 30.66GiB,2.03%,0B / 0B,0B / 11.6MB,37
2026-07-30 20:55:13,foxglove,11.76%,546.3MiB / 30.66GiB,1.74%,0B / 0B,0B / 3.4MB,31
2026-07-30 20:55:13,docker-recorder-run-c43348258146,0.00%,10.29MiB / 30.66GiB,0.03%,0B / 0B,0B / 9.52MB,1
2026-07-30 20:55:13,ouster,7.51%,121.9MiB / 30.66GiB,0.39%,0B / 0B,131kB / 2.85MB,29
2026-07-30 20:55:13,scovox,78.80%,288.1MiB / 30.66GiB,0.92%,0B / 0B,0B / 7.95MB,53
2026-07-30 20:55:13,openzen,2.70%,33.9MiB / 30.66GiB,0.11%,0B / 0B,0B / 2.15MB,20
2026-07-30 20:55:13,trav_ros2,101.90%,390.7MiB / 30.66GiB,1.24%,0B / 0B,0B / 14.7MB,44
2026-07-30 20:55:13,realsense,17.69%,94.76MiB / 30.66GiB,0.30%,0B / 0B,0B / 3.2MB,33
2026-07-30 20:55:13,mapir-ffmpeg,29.98%,171.1MiB / 30.66GiB,0.54%,0B / 0B,0B / 1.83MB,33
2026-07-30 20:55:13,nav2,6.60%,206.9MiB / 30.66GiB,0.66%,0B / 0B,0B / 1.92MB,93
2026-07-30 20:55:13,glim,83.44%,629.4MiB / 30.66GiB,2.00%,0B / 0B,0B / 11.6MB,37
2026-07-30 20:55:16,foxglove,12.83%,538.1MiB / 30.66GiB,1.71%,0B / 0B,0B / 3.4MB,31
2026-07-30 20:55:16,docker-recorder-run-c43348258146,0.00%,10.29MiB / 30.66GiB,0.03%,0B / 0B,0B / 9.52MB,1
2026-07-30 20:55:16,ouster,7.25%,121.8MiB / 30.66GiB,0.39%,0B / 0B,131kB / 2.85MB,29
2026-07-30 20:55:16,scovox,72.31%,289.8MiB / 30.66GiB,0.92%,0B / 0B,0B / 7.95MB,53
2026-07-30 20:55:16,openzen,2.64%,33.9MiB / 30.66GiB,0.11%,0B / 0B,0B / 2.15MB,20
2026-07-30 20:55:16,trav_ros2,101.96%,390.7MiB / 30.66GiB,1.24%,0B / 0B,0B / 14.7MB,44
2026-07-30 20:55:16,realsense,17.50%,94.51MiB / 30.66GiB,0.30%,0B / 0B,0B / 3.2MB,33
2026-07-30 20:55:16,mapir-ffmpeg,29.09%,170.8MiB / 30.66GiB,0.54%,0B / 0B,0B / 1.83MB,33
2026-07-30 20:55:16,nav2,6.34%,198.9MiB / 30.66GiB,0.63%,0B / 0B,0B / 1.92MB,93
2026-07-30 20:55:16,glim,78.66%,629.9MiB / 30.66GiB,2.01%,0B / 0B,0B / 11.6MB,37
2026-07-30 20:55:19,foxglove,12.11%,510.2MiB / 30.66GiB,1.62%,0B / 0B,0B / 3.4MB,31
2026-07-30 20:55:19,docker-recorder-run-c43348258146,0.00%,10.29MiB / 30.66GiB,0.03%,0B / 0B,0B / 9.52MB,1
2026-07-30 20:55:19,ouster,7.70%,121.6MiB / 30.66GiB,0.39%,0B / 0B,131kB / 2.85MB,29
2026-07-30 20:55:19,scovox,59.61%,316.2MiB / 30.66GiB,1.01%,0B / 0B,0B / 8.04MB,53
2026-07-30 20:55:19,openzen,2.67%,33.9MiB / 30.66GiB,0.11%,0B / 0B,0B / 2.15MB,20
2026-07-30 20:55:19,trav_ros2,101.80%,390.3MiB / 30.66GiB,1.24%,0B / 0B,0B / 14.7MB,44
2026-07-30 20:55:19,realsense,17.55%,94.51MiB / 30.66GiB,0.30%,0B / 0B,0B / 3.2MB,33
2026-07-30 20:55:19,mapir-ffmpeg,29.89%,170.8MiB / 30.66GiB,0.54%,0B / 0B,0B / 1.83MB,33
2026-07-30 20:55:19,nav2,6.53%,206.5MiB / 30.66GiB,0.66%,0B / 0B,0B / 1.92MB,93
2026-07-30 20:55:19,glim,81.06%,634.8MiB / 30.66GiB,2.02%,0B / 0B,0B / 11.6MB,37
2026-07-30 20:55:23,foxglove,13.84%,546.4MiB / 30.66GiB,1.74%,0B / 0B,0B / 3.4MB,31
2026-07-30 20:55:23,docker-recorder-run-c43348258146,0.00%,10.29MiB / 30.66GiB,0.03%,0B / 0B,0B / 9.52MB,1
2026-07-30 20:55:23,ouster,7.23%,121.5MiB / 30.66GiB,0.39%,0B / 0B,131kB / 2.85MB,29
2026-07-30 20:55:23,scovox,75.68%,289.4MiB / 30.66GiB,0.92%,0B / 0B,0B / 8.04MB,53
2026-07-30 20:55:23,openzen,2.56%,33.9MiB / 30.66GiB,0.11%,0B / 0B,0B / 2.15MB,20
2026-07-30 20:55:23,trav_ros2,101.23%,391.2MiB / 30.66GiB,1.25%,0B / 0B,0B / 14.7MB,44
2026-07-30 20:55:23,realsense,17.47%,94.76MiB / 30.66GiB,0.30%,0B / 0B,0B / 3.2MB,33
2026-07-30 20:55:23,mapir-ffmpeg,29.94%,171.3MiB / 30.66GiB,0.55%,0B / 0B,0B / 1.83MB,33
2026-07-30 20:55:23,nav2,6.88%,206.5MiB / 30.66GiB,0.66%,0B / 0B,0B / 1.92MB,93
2026-07-30 20:55:23,glim,78.17%,653MiB / 30.66GiB,2.08%,0B / 0B,0B / 11.6MB,37
2026-07-30 20:55:26,foxglove,11.84%,510.3MiB / 30.66GiB,1.63%,0B / 0B,0B / 3.4MB,31
2026-07-30 20:55:26,docker-recorder-run-c43348258146,0.00%,10.29MiB / 30.66GiB,0.03%,0B / 0B,0B / 9.52MB,1
2026-07-30 20:55:26,ouster,7.12%,121.4MiB / 30.66GiB,0.39%,0B / 0B,131kB / 2.85MB,29
2026-07-30 20:55:26,scovox,54.90%,321.9MiB / 30.66GiB,1.03%,0B / 0B,0B / 8.04MB,53
2026-07-30 20:55:26,openzen,2.41%,33.9MiB / 30.66GiB,0.11%,0B / 0B,0B / 2.15MB,20
2026-07-30 20:55:26,trav_ros2,101.88%,391.6MiB / 30.66GiB,1.25%,0B / 0B,0B / 14.7MB,44
2026-07-30 20:55:26,realsense,16.70%,94.51MiB / 30.66GiB,0.30%,0B / 0B,0B / 3.2MB,33
2026-07-30 20:55:26,mapir-ffmpeg,30.12%,171.1MiB / 30.66GiB,0.54%,0B / 0B,0B / 1.83MB,33
2026-07-30 20:55:26,nav2,6.39%,206.7MiB / 30.66GiB,0.66%,0B / 0B,0B / 1.92MB,93
2026-07-30 20:55:26,glim,81.46%,652.9MiB / 30.66GiB,2.08%,0B / 0B,0B / 11.6MB,37
2026-07-30 20:55:29,foxglove,13.08%,546.1MiB / 30.66GiB,1.74%,0B / 0B,0B / 3.4MB,31
2026-07-30 20:55:29,docker-recorder-run-c43348258146,0.00%,10.29MiB / 30.66GiB,0.03%,0B / 0B,0B / 9.52MB,1
2026-07-30 20:55:29,ouster,7.46%,122.2MiB / 30.66GiB,0.39%,0B / 0B,131kB / 2.85MB,29
2026-07-30 20:55:29,scovox,73.28%,286.1MiB / 30.66GiB,0.91%,0B / 0B,0B / 8.04MB,53
2026-07-30 20:55:29,openzen,2.64%,34.64MiB / 30.66GiB,0.11%,0B / 0B,0B / 2.15MB,20
2026-07-30 20:55:29,trav_ros2,102.18%,392.3MiB / 30.66GiB,1.25%,0B / 0B,0B / 14.8MB,44
2026-07-30 20:55:29,realsense,16.87%,94.51MiB / 30.66GiB,0.30%,0B / 0B,0B / 3.2MB,33
2026-07-30 20:55:29,mapir-ffmpeg,29.88%,171.8MiB / 30.66GiB,0.55%,0B / 0B,0B / 1.83MB,33
2026-07-30 20:55:29,nav2,6.75%,206.9MiB / 30.66GiB,0.66%,0B / 0B,0B / 1.92MB,93
2026-07-30 20:55:29,glim,81.65%,639.7MiB / 30.66GiB,2.04%,0B / 0B,0B / 11.6MB,37
2026-07-30 20:55:32,foxglove,12.14%,512.4MiB / 30.66GiB,1.63%,0B / 0B,0B / 3.4MB,31
2026-07-30 20:55:32,docker-recorder-run-c43348258146,0.00%,10.29MiB / 30.66GiB,0.03%,0B / 0B,0B / 9.52MB,1
2026-07-30 20:55:32,ouster,7.04%,121.8MiB / 30.66GiB,0.39%,0B / 0B,131kB / 2.85MB,29
2026-07-30 20:55:32,scovox,55.84%,327.9MiB / 30.66GiB,1.04%,0B / 0B,0B / 8.04MB,53
2026-07-30 20:55:32,openzen,2.65%,34.4MiB / 30.66GiB,0.11%,0B / 0B,0B / 2.15MB,20
2026-07-30 20:55:32,trav_ros2,102.27%,390MiB / 30.66GiB,1.24%,0B / 0B,0B / 14.8MB,44
2026-07-30 20:55:32,realsense,16.93%,94.76MiB / 30.66GiB,0.30%,0B / 0B,0B / 3.2MB,33
2026-07-30 20:55:32,mapir-ffmpeg,29.01%,170.8MiB / 30.66GiB,0.54%,0B / 0B,0B / 1.83MB,33
2026-07-30 20:55:32,nav2,6.27%,206.7MiB / 30.66GiB,0.66%,0B / 0B,0B / 1.92MB,93
2026-07-30 20:55:32,glim,81.08%,630.2MiB / 30.66GiB,2.01%,0B / 0B,0B / 11.6MB,37
2026-07-30 20:55:35,foxglove,13.17%,546.6MiB / 30.66GiB,1.74%,0B / 0B,0B / 3.4MB,31
2026-07-30 20:55:35,docker-recorder-run-c43348258146,0.00%,10.29MiB / 30.66GiB,0.03%,0B / 0B,0B / 9.52MB,1
2026-07-30 20:55:35,ouster,7.14%,121.5MiB / 30.66GiB,0.39%,0B / 0B,131kB / 2.85MB,29
2026-07-30 20:55:35,scovox,75.24%,289.2MiB / 30.66GiB,0.92%,0B / 0B,0B / 8.04MB,53
2026-07-30 20:55:35,openzen,2.60%,34.15MiB / 30.66GiB,0.11%,0B / 0B,0B / 2.15MB,20
2026-07-30 20:55:35,trav_ros2,101.40%,392.6MiB / 30.66GiB,1.25%,0B / 0B,0B / 14.8MB,44
2026-07-30 20:55:35,realsense,17.50%,94.76MiB / 30.66GiB,0.30%,0B / 0B,0B / 3.2MB,33
2026-07-30 20:55:35,mapir-ffmpeg,29.56%,170.8MiB / 30.66GiB,0.54%,0B / 0B,0B / 1.83MB,33
2026-07-30 20:55:35,nav2,6.88%,199MiB / 30.66GiB,0.63%,0B / 0B,0B / 1.92MB,93
2026-07-30 20:55:35,glim,78.49%,629.8MiB / 30.66GiB,2.01%,0B / 0B,0B / 11.6MB,37
2026-07-30 20:55:38,foxglove,13.07%,546.4MiB / 30.66GiB,1.74%,0B / 0B,0B / 3.4MB,31
2026-07-30 20:55:38,docker-recorder-run-c43348258146,0.00%,10.29MiB / 30.66GiB,0.03%,0B / 0B,0B / 9.52MB,1
2026-07-30 20:55:38,ouster,7.06%,121.8MiB / 30.66GiB,0.39%,0B / 0B,131kB / 2.85MB,29
2026-07-30 20:55:38,scovox,63.95%,328.8MiB / 30.66GiB,1.05%,0B / 0B,0B / 8.04MB,53
2026-07-30 20:55:38,openzen,2.60%,33.9MiB / 30.66GiB,0.11%,0B / 0B,0B / 2.15MB,20
2026-07-30 20:55:38,trav_ros2,101.35%,390.9MiB / 30.66GiB,1.25%,0B / 0B,0B / 14.8MB,44
2026-07-30 20:55:38,realsense,16.80%,94.51MiB / 30.66GiB,0.30%,0B / 0B,0B / 3.2MB,33
2026-07-30 20:55:38,mapir-ffmpeg,28.97%,171.3MiB / 30.66GiB,0.55%,0B / 0B,0B / 1.83MB,33
2026-07-30 20:55:38,nav2,6.65%,206.7MiB / 30.66GiB,0.66%,0B / 0B,0B / 1.92MB,93
2026-07-30 20:55:38,glim,79.84%,635.8MiB / 30.66GiB,2.02%,0B / 0B,0B / 11.6MB,37
2026-07-30 20:55:41,foxglove,11.98%,510.2MiB / 30.66GiB,1.62%,0B / 0B,0B / 3.4MB,31
2026-07-30 20:55:41,docker-recorder-run-c43348258146,0.00%,10.29MiB / 30.66GiB,0.03%,0B / 0B,0B / 9.52MB,1
2026-07-30 20:55:41,ouster,7.35%,121.4MiB / 30.66GiB,0.39%,0B / 0B,131kB / 2.85MB,29
2026-07-30 20:55:41,scovox,60.30%,317.7MiB / 30.66GiB,1.01%,0B / 0B,0B / 8.04MB,53
2026-07-30 20:55:41,openzen,2.71%,34.15MiB / 30.66GiB,0.11%,0B / 0B,0B / 2.15MB,20
2026-07-30 20:55:41,trav_ros2,101.19%,459.1MiB / 30.66GiB,1.46%,0B / 0B,0B / 14.8MB,44
2026-07-30 20:55:41,realsense,16.98%,94.51MiB / 30.66GiB,0.30%,0B / 0B,0B / 3.2MB,33
2026-07-30 20:55:41,mapir-ffmpeg,29.02%,171.3MiB / 30.66GiB,0.55%,0B / 0B,0B / 1.83MB,33
2026-07-30 20:55:41,nav2,6.61%,206.5MiB / 30.66GiB,0.66%,0B / 0B,0B / 1.92MB,93
2026-07-30 20:55:41,glim,81.91%,630.7MiB / 30.66GiB,2.01%,0B / 0B,0B / 11.6MB,37
2026-07-30 20:55:44,foxglove,12.96%,538.6MiB / 30.66GiB,1.72%,0B / 0B,0B / 3.4MB,31
2026-07-30 20:55:44,docker-recorder-run-c43348258146,0.00%,10.29MiB / 30.66GiB,0.03%,0B / 0B,0B / 9.52MB,1
2026-07-30 20:55:44,ouster,7.43%,122MiB / 30.66GiB,0.39%,0B / 0B,131kB / 2.85MB,29
2026-07-30 20:55:44,scovox,81.54%,261.7MiB / 30.66GiB,0.83%,0B / 0B,0B / 8.05MB,53
2026-07-30 20:55:44,openzen,2.85%,34.64MiB / 30.66GiB,0.11%,0B / 0B,0B / 2.15MB,20
2026-07-30 20:55:44,trav_ros2,101.13%,390.6MiB / 30.66GiB,1.24%,0B / 0B,0B / 14.8MB,44
2026-07-30 20:55:44,realsense,16.82%,94.51MiB / 30.66GiB,0.30%,0B / 0B,0B / 3.2MB,33
2026-07-30 20:55:44,mapir-ffmpeg,29.85%,171.8MiB / 30.66GiB,0.55%,0B / 0B,0B / 1.84MB,33
2026-07-30 20:55:44,nav2,7.04%,206.7MiB / 30.66GiB,0.66%,0B / 0B,0B / 1.94MB,93
2026-07-30 20:55:44,glim,78.47%,632.7MiB / 30.66GiB,2.01%,0B / 0B,0B / 11.6MB,37
2026-07-30 20:55:48,foxglove,10.98%,502.5MiB / 30.66GiB,1.60%,0B / 0B,0B / 3.4MB,31
2026-07-30 20:55:48,docker-recorder-run-c43348258146,0.00%,10.29MiB / 30.66GiB,0.03%,0B / 0B,0B / 9.52MB,1
2026-07-30 20:55:48,ouster,6.97%,121.6MiB / 30.66GiB,0.39%,0B / 0B,131kB / 2.85MB,29
2026-07-30 20:55:48,scovox,58.02%,323MiB / 30.66GiB,1.03%,0B / 0B,0B / 8.05MB,53
2026-07-30 20:55:48,openzen,2.43%,34.15MiB / 30.66GiB,0.11%,0B / 0B,0B / 2.15MB,20
2026-07-30 20:55:48,trav_ros2,100.79%,390.9MiB / 30.66GiB,1.24%,0B / 0B,0B / 14.8MB,44
2026-07-30 20:55:48,realsense,16.81%,95MiB / 30.66GiB,0.30%,0B / 0B,0B / 3.2MB,33
2026-07-30 20:55:48,mapir-ffmpeg,29.13%,171.1MiB / 30.66GiB,0.54%,0B / 0B,0B / 1.84MB,33
2026-07-30 20:55:48,nav2,5.98%,206.6MiB / 30.66GiB,0.66%,0B / 0B,0B / 1.94MB,93
2026-07-30 20:55:48,glim,76.69%,633.7MiB / 30.66GiB,2.02%,0B / 0B,0B / 11.6MB,37
2026-07-30 20:55:51,foxglove,12.82%,538.2MiB / 30.66GiB,1.71%,0B / 0B,0B / 3.4MB,31
2026-07-30 20:55:51,docker-recorder-run-c43348258146,0.00%,10.29MiB / 30.66GiB,0.03%,0B / 0B,0B / 9.52MB,1
2026-07-30 20:55:51,ouster,7.63%,121.6MiB / 30.66GiB,0.39%,0B / 0B,131kB / 2.85MB,29
2026-07-30 20:55:51,scovox,57.40%,322.3MiB / 30.66GiB,1.03%,0B / 0B,0B / 8.05MB,53
2026-07-30 20:55:51,openzen,2.70%,34.4MiB / 30.66GiB,0.11%,0B / 0B,0B / 2.15MB,20
2026-07-30 20:55:51,trav_ros2,101.06%,390.4MiB / 30.66GiB,1.24%,0B / 0B,0B / 14.8MB,44
2026-07-30 20:55:51,realsense,17.56%,94.76MiB / 30.66GiB,0.30%,0B / 0B,0B / 3.2MB,33
2026-07-30 20:55:51,mapir-ffmpeg,29.19%,171.1MiB / 30.66GiB,0.54%,0B / 0B,0B / 1.84MB,33
2026-07-30 20:55:51,nav2,6.32%,206.7MiB / 30.66GiB,0.66%,0B / 0B,0B / 1.94MB,93
2026-07-30 20:55:51,glim,74.63%,635.1MiB / 30.66GiB,2.02%,0B / 0B,0B / 11.6MB,37
2026-07-30 20:55:54,foxglove,12.53%,510.6MiB / 30.66GiB,1.63%,0B / 0B,0B / 3.4MB,31
2026-07-30 20:55:54,docker-recorder-run-c43348258146,0.00%,10.29MiB / 30.66GiB,0.03%,0B / 0B,0B / 9.52MB,1
2026-07-30 20:55:54,ouster,7.48%,121.8MiB / 30.66GiB,0.39%,0B / 0B,131kB / 2.85MB,29
2026-07-30 20:55:54,scovox,55.51%,327.3MiB / 30.66GiB,1.04%,0B / 0B,0B / 8.15MB,53
2026-07-30 20:55:54,openzen,2.71%,34.15MiB / 30.66GiB,0.11%,0B / 0B,0B / 2.15MB,20
2026-07-30 20:55:54,trav_ros2,101.82%,390MiB / 30.66GiB,1.24%,0B / 0B,0B / 14.8MB,44
2026-07-30 20:55:54,realsense,17.63%,94.51MiB / 30.66GiB,0.30%,0B / 0B,0B / 3.2MB,33
2026-07-30 20:55:54,mapir-ffmpeg,29.55%,171.1MiB / 30.66GiB,0.54%,0B / 0B,0B / 1.84MB,33
2026-07-30 20:55:54,nav2,6.81%,206.7MiB / 30.66GiB,0.66%,0B / 0B,0B / 1.94MB,93
2026-07-30 20:55:54,glim,76.49%,637.3MiB / 30.66GiB,2.03%,0B / 0B,0B / 11.6MB,37
2026-07-30 20:55:57,foxglove,12.63%,538.6MiB / 30.66GiB,1.72%,0B / 0B,0B / 3.4MB,31
2026-07-30 20:55:57,docker-recorder-run-c43348258146,0.00%,10.29MiB / 30.66GiB,0.03%,0B / 0B,0B / 9.52MB,1
2026-07-30 20:55:57,ouster,7.45%,121.6MiB / 30.66GiB,0.39%,0B / 0B,131kB / 2.85MB,29
2026-07-30 20:55:57,scovox,79.22%,289.4MiB / 30.66GiB,0.92%,0B / 0B,0B / 8.15MB,53
2026-07-30 20:55:57,openzen,2.67%,34.15MiB / 30.66GiB,0.11%,0B / 0B,0B / 2.15MB,20
2026-07-30 20:55:57,trav_ros2,101.69%,393.4MiB / 30.66GiB,1.25%,0B / 0B,0B / 14.8MB,44
2026-07-30 20:55:57,realsense,17.20%,94.51MiB / 30.66GiB,0.30%,0B / 0B,0B / 3.2MB,33
2026-07-30 20:55:57,mapir-ffmpeg,29.16%,171.1MiB / 30.66GiB,0.54%,0B / 0B,0B / 1.84MB,33
2026-07-30 20:55:57,nav2,6.40%,198.9MiB / 30.66GiB,0.63%,0B / 0B,0B / 1.94MB,93
2026-07-30 20:55:57,glim,79.30%,638MiB / 30.66GiB,2.03%,0B / 0B,0B / 11.6MB,37
2026-07-30 20:56:00,foxglove,13.66%,547.2MiB / 30.66GiB,1.74%,0B / 0B,0B / 3.4MB,31
2026-07-30 20:56:00,docker-recorder-run-c43348258146,0.00%,10.29MiB / 30.66GiB,0.03%,0B / 0B,0B / 9.52MB,1
2026-07-30 20:56:00,ouster,7.53%,121.8MiB / 30.66GiB,0.39%,0B / 0B,131kB / 2.85MB,29
2026-07-30 20:56:00,scovox,67.46%,333.3MiB / 30.66GiB,1.06%,0B / 0B,0B / 8.15MB,53
2026-07-30 20:56:00,openzen,2.88%,34.14MiB / 30.66GiB,0.11%,0B / 0B,0B / 2.15MB,20
2026-07-30 20:56:00,trav_ros2,101.78%,384.8MiB / 30.66GiB,1.23%,0B / 0B,0B / 14.8MB,44
2026-07-30 20:56:00,realsense,17.66%,94.76MiB / 30.66GiB,0.30%,0B / 0B,0B / 3.2MB,33
2026-07-30 20:56:00,mapir-ffmpeg,29.57%,171.6MiB / 30.66GiB,0.55%,0B / 0B,0B / 1.84MB,33
2026-07-30 20:56:00,nav2,7.57%,206.9MiB / 30.66GiB,0.66%,0B / 0B,0B / 1.94MB,93
2026-07-30 20:56:00,glim,79.74%,638.1MiB / 30.66GiB,2.03%,0B / 0B,0B / 11.6MB,37
2026-07-30 20:56:03,foxglove,12.38%,546.6MiB / 30.66GiB,1.74%,0B / 0B,0B / 3.4MB,31
2026-07-30 20:56:03,docker-recorder-run-c43348258146,0.00%,10.29MiB / 30.66GiB,0.03%,0B / 0B,0B / 9.52MB,1
2026-07-30 20:56:03,ouster,7.20%,122.1MiB / 30.66GiB,0.39%,0B / 0B,131kB / 2.85MB,29
2026-07-30 20:56:03,scovox,77.22%,314MiB / 30.66GiB,1.00%,0B / 0B,0B / 8.15MB,53
2026-07-30 20:56:03,openzen,2.65%,34.14MiB / 30.66GiB,0.11%,0B / 0B,0B / 2.15MB,20
2026-07-30 20:56:03,trav_ros2,101.98%,391.2MiB / 30.66GiB,1.25%,0B / 0B,0B / 14.8MB,44
2026-07-30 20:56:03,realsense,17.53%,94.76MiB / 30.66GiB,0.30%,0B / 0B,0B / 3.2MB,33
2026-07-30 20:56:03,mapir-ffmpeg,29.42%,171.1MiB / 30.66GiB,0.54%,0B / 0B,0B / 1.84MB,33
2026-07-30 20:56:03,nav2,6.71%,206.7MiB / 30.66GiB,0.66%,0B / 0B,0B / 1.94MB,93
2026-07-30 20:56:03,glim,83.82%,648.5MiB / 30.66GiB,2.07%,0B / 0B,0B / 11.6MB,37
2026-07-30 20:56:06,foxglove,13.46%,546.4MiB / 30.66GiB,1.74%,0B / 0B,0B / 3.4MB,31
2026-07-30 20:56:06,docker-recorder-run-c43348258146,0.00%,10.29MiB / 30.66GiB,0.03%,0B / 0B,0B / 9.52MB,1
2026-07-30 20:56:06,ouster,7.15%,121.9MiB / 30.66GiB,0.39%,0B / 0B,131kB / 2.85MB,29
2026-07-30 20:56:06,scovox,76.47%,289.4MiB / 30.66GiB,0.92%,0B / 0B,0B / 8.15MB,53
2026-07-30 20:56:06,openzen,2.68%,34.14MiB / 30.66GiB,0.11%,0B / 0B,0B / 2.15MB,20
2026-07-30 20:56:06,trav_ros2,101.82%,391.9MiB / 30.66GiB,1.25%,0B / 0B,0B / 14.8MB,44
2026-07-30 20:56:06,realsense,18.01%,94.51MiB / 30.66GiB,0.30%,0B / 0B,0B / 3.2MB,33
2026-07-30 20:56:06,mapir-ffmpeg,29.72%,171.3MiB / 30.66GiB,0.55%,0B / 0B,0B / 1.84MB,33
2026-07-30 20:56:06,nav2,7.14%,206.5MiB / 30.66GiB,0.66%,0B / 0B,0B / 1.94MB,93
2026-07-30 20:56:06,glim,80.83%,649.9MiB / 30.66GiB,2.07%,0B / 0B,0B / 11.6MB,37
2026-07-30 20:56:09,foxglove,12.05%,510.5MiB / 30.66GiB,1.63%,0B / 0B,0B / 3.4MB,31
2026-07-30 20:56:09,docker-recorder-run-c43348258146,0.00%,10.29MiB / 30.66GiB,0.03%,0B / 0B,0B / 9.52MB,1
2026-07-30 20:56:09,ouster,7.20%,122.1MiB / 30.66GiB,0.39%,0B / 0B,131kB / 2.85MB,29
2026-07-30 20:56:09,scovox,56.68%,320.9MiB / 30.66GiB,1.02%,0B / 0B,0B / 8.15MB,53
2026-07-30 20:56:09,openzen,2.63%,34.14MiB / 30.66GiB,0.11%,0B / 0B,0B / 2.15MB,20
2026-07-30 20:56:09,trav_ros2,101.85%,391.3MiB / 30.66GiB,1.25%,0B / 0B,0B / 14.8MB,44
2026-07-30 20:56:09,realsense,17.16%,94.51MiB / 30.66GiB,0.30%,0B / 0B,0B / 3.2MB,33
2026-07-30 20:56:09,mapir-ffmpeg,29.80%,171.1MiB / 30.66GiB,0.54%,0B / 0B,0B / 1.84MB,33
2026-07-30 20:56:09,nav2,6.50%,207.2MiB / 30.66GiB,0.66%,0B / 0B,0B / 1.94MB,93
2026-07-30 20:56:09,glim,82.06%,646.8MiB / 30.66GiB,2.06%,0B / 0B,0B / 11.6MB,37
2026-07-30 20:56:13,foxglove,12.23%,538.2MiB / 30.66GiB,1.71%,0B / 0B,0B / 3.4MB,31
2026-07-30 20:56:13,docker-recorder-run-c43348258146,0.00%,10.29MiB / 30.66GiB,0.03%,0B / 0B,0B / 9.52MB,1
2026-07-30 20:56:13,ouster,7.50%,121.8MiB / 30.66GiB,0.39%,0B / 0B,131kB / 2.85MB,29
2026-07-30 20:56:13,scovox,79.85%,289.9MiB / 30.66GiB,0.92%,0B / 0B,0B / 8.15MB,53
2026-07-30 20:56:13,openzen,2.56%,34.14MiB / 30.66GiB,0.11%,0B / 0B,0B / 2.15MB,20
2026-07-30 20:56:13,trav_ros2,101.58%,391.4MiB / 30.66GiB,1.25%,0B / 0B,0B / 14.8MB,44
2026-07-30 20:56:13,realsense,16.67%,95.01MiB / 30.66GiB,0.30%,0B / 0B,0B / 3.2MB,33
2026-07-30 20:56:13,mapir-ffmpeg,29.40%,171.1MiB / 30.66GiB,0.54%,0B / 0B,0B / 1.84MB,33
2026-07-30 20:56:13,nav2,6.12%,206.9MiB / 30.66GiB,0.66%,0B / 0B,0B / 1.94MB,93
2026-07-30 20:56:13,glim,79.17%,646.8MiB / 30.66GiB,2.06%,0B / 0B,0B / 11.6MB,37
2026-07-30 20:56:16,foxglove,11.01%,502.9MiB / 30.66GiB,1.60%,0B / 0B,0B / 3.4MB,31
2026-07-30 20:56:16,docker-recorder-run-c43348258146,0.00%,10.29MiB / 30.66GiB,0.03%,0B / 0B,0B / 9.52MB,1
2026-07-30 20:56:16,ouster,7.14%,121.8MiB / 30.66GiB,0.39%,0B / 0B,131kB / 2.85MB,29
2026-07-30 20:56:16,scovox,57.62%,321.9MiB / 30.66GiB,1.03%,0B / 0B,0B / 8.16MB,53
2026-07-30 20:56:16,openzen,2.76%,34.14MiB / 30.66GiB,0.11%,0B / 0B,0B / 2.15MB,20
2026-07-30 20:56:16,trav_ros2,101.31%,391.4MiB / 30.66GiB,1.25%,0B / 0B,0B / 14.8MB,44
2026-07-30 20:56:16,realsense,16.85%,94.51MiB / 30.66GiB,0.30%,0B / 0B,0B / 3.2MB,33
2026-07-30 20:56:16,mapir-ffmpeg,29.59%,171.1MiB / 30.66GiB,0.54%,0B / 0B,0B / 1.84MB,33
2026-07-30 20:56:16,nav2,6.62%,207.2MiB / 30.66GiB,0.66%,0B / 0B,0B / 1.94MB,93
2026-07-30 20:56:16,glim,76.77%,648MiB / 30.66GiB,2.06%,0B / 0B,0B / 11.6MB,37
2026-07-30 20:56:19,foxglove,12.43%,538.4MiB / 30.66GiB,1.71%,0B / 0B,0B / 3.4MB,31
2026-07-30 20:56:19,docker-recorder-run-c43348258146,0.00%,10.29MiB / 30.66GiB,0.03%,0B / 0B,0B / 9.52MB,1
2026-07-30 20:56:19,ouster,7.18%,121.9MiB / 30.66GiB,0.39%,0B / 0B,131kB / 2.85MB,29
2026-07-30 20:56:19,scovox,81.31%,283.2MiB / 30.66GiB,0.90%,0B / 0B,0B / 8.16MB,53
2026-07-30 20:56:19,openzen,2.69%,33.9MiB / 30.66GiB,0.11%,0B / 0B,0B / 2.15MB,20
2026-07-30 20:56:19,trav_ros2,101.38%,392.1MiB / 30.66GiB,1.25%,0B / 0B,0B / 14.8MB,44
2026-07-30 20:56:19,realsense,17.42%,94.51MiB / 30.66GiB,0.30%,0B / 0B,0B / 3.2MB,33
2026-07-30 20:56:19,mapir-ffmpeg,29.48%,171.1MiB / 30.66GiB,0.54%,0B / 0B,0B / 1.85MB,33
2026-07-30 20:56:19,nav2,6.27%,206.7MiB / 30.66GiB,0.66%,0B / 0B,0B / 1.95MB,93
2026-07-30 20:56:19,glim,80.24%,651.9MiB / 30.66GiB,2.08%,0B / 0B,0B / 11.6MB,37
2026-07-30 20:56:22,foxglove,11.11%,502.7MiB / 30.66GiB,1.60%,0B / 0B,0B / 3.4MB,31
2026-07-30 20:56:22,docker-recorder-run-c43348258146,0.00%,10.29MiB / 30.66GiB,0.03%,0B / 0B,0B / 9.52MB,1
2026-07-30 20:56:22,ouster,7.16%,121.8MiB / 30.66GiB,0.39%,0B / 0B,131kB / 2.85MB,29
2026-07-30 20:56:22,scovox,57.50%,329.5MiB / 30.66GiB,1.05%,0B / 0B,0B / 8.16MB,53
2026-07-30 20:56:22,openzen,2.58%,33.9MiB / 30.66GiB,0.11%,0B / 0B,0B / 2.15MB,20
2026-07-30 20:56:22,trav_ros2,101.64%,390.9MiB / 30.66GiB,1.25%,0B / 0B,0B / 14.8MB,44
2026-07-30 20:56:22,realsense,16.89%,94.51MiB / 30.66GiB,0.30%,0B / 0B,0B / 3.2MB,33
2026-07-30 20:56:22,mapir-ffmpeg,29.44%,171.3MiB / 30.66GiB,0.55%,0B / 0B,0B / 1.85MB,33
2026-07-30 20:56:22,nav2,6.10%,206.7MiB / 30.66GiB,0.66%,0B / 0B,0B / 1.95MB,93
2026-07-30 20:56:22,glim,79.35%,642.7MiB / 30.66GiB,2.05%,0B / 0B,0B / 11.6MB,37
2026-07-30 20:56:25,foxglove,12.12%,546.7MiB / 30.66GiB,1.74%,0B / 0B,0B / 3.4MB,31
2026-07-30 20:56:25,docker-recorder-run-c43348258146,0.00%,10.29MiB / 30.66GiB,0.03%,0B / 0B,0B / 9.52MB,1
2026-07-30 20:56:25,ouster,7.13%,121.5MiB / 30.66GiB,0.39%,0B / 0B,131kB / 2.85MB,29
2026-07-30 20:56:25,scovox,71.81%,287.2MiB / 30.66GiB,0.91%,0B / 0B,0B / 8.24MB,53
2026-07-30 20:56:25,openzen,2.66%,34.15MiB / 30.66GiB,0.11%,0B / 0B,0B / 2.15MB,20
2026-07-30 20:56:25,trav_ros2,101.41%,391.6MiB / 30.66GiB,1.25%,0B / 0B,0B / 14.8MB,44
2026-07-30 20:56:25,realsense,16.77%,94.51MiB / 30.66GiB,0.30%,0B / 0B,0B / 3.2MB,33
2026-07-30 20:56:25,mapir-ffmpeg,29.87%,171.3MiB / 30.66GiB,0.55%,0B / 0B,0B / 1.85MB,33
2026-07-30 20:56:25,nav2,6.63%,206.7MiB / 30.66GiB,0.66%,0B / 0B,0B / 1.95MB,93
2026-07-30 20:56:25,glim,85.78%,647MiB / 30.66GiB,2.06%,0B / 0B,0B / 11.6MB,37
2026-07-30 20:56:28,foxglove,11.78%,538.9MiB / 30.66GiB,1.72%,0B / 0B,0B / 3.4MB,31
2026-07-30 20:56:28,docker-recorder-run-c43348258146,0.00%,10.29MiB / 30.66GiB,0.03%,0B / 0B,0B / 9.52MB,1
2026-07-30 20:56:28,ouster,7.00%,121.5MiB / 30.66GiB,0.39%,0B / 0B,131kB / 2.85MB,29
2026-07-30 20:56:28,scovox,72.69%,244.4MiB / 30.66GiB,0.78%,0B / 0B,0B / 8.24MB,53
2026-07-30 20:56:28,openzen,2.52%,33.9MiB / 30.66GiB,0.11%,0B / 0B,0B / 2.15MB,20
2026-07-30 20:56:28,trav_ros2,100.34%,460MiB / 30.66GiB,1.47%,0B / 0B,0B / 14.8MB,44
2026-07-30 20:56:28,realsense,16.63%,95.01MiB / 30.66GiB,0.30%,0B / 0B,0B / 3.2MB,33
2026-07-30 20:56:28,mapir-ffmpeg,28.33%,170.8MiB / 30.66GiB,0.54%,0B / 0B,0B / 1.85MB,33
2026-07-30 20:56:28,nav2,5.98%,198.9MiB / 30.66GiB,0.63%,0B / 0B,0B / 1.95MB,93
2026-07-30 20:56:28,glim,75.76%,652.7MiB / 30.66GiB,2.08%,0B / 0B,0B / 11.6MB,37
2026-07-30 20:56:31,foxglove,12.28%,510.6MiB / 30.66GiB,1.63%,0B / 0B,0B / 3.4MB,31
2026-07-30 20:56:31,docker-recorder-run-c43348258146,0.00%,10.29MiB / 30.66GiB,0.03%,0B / 0B,0B / 9.52MB,1
2026-07-30 20:56:31,ouster,7.36%,121.4MiB / 30.66GiB,0.39%,0B / 0B,131kB / 2.85MB,29
2026-07-30 20:56:31,scovox,57.55%,315.9MiB / 30.66GiB,1.01%,0B / 0B,0B / 8.24MB,53
2026-07-30 20:56:31,openzen,2.50%,33.9MiB / 30.66GiB,0.11%,0B / 0B,0B / 2.15MB,20
2026-07-30 20:56:31,trav_ros2,101.23%,391.1MiB / 30.66GiB,1.25%,0B / 0B,0B / 14.8MB,44
2026-07-30 20:56:31,realsense,16.64%,94.51MiB / 30.66GiB,0.30%,0B / 0B,0B / 3.2MB,33
2026-07-30 20:56:31,mapir-ffmpeg,29.84%,171.1MiB / 30.66GiB,0.54%,0B / 0B,0B / 1.85MB,33
2026-07-30 20:56:31,nav2,6.53%,206.7MiB / 30.66GiB,0.66%,0B / 0B,0B / 1.95MB,93
2026-07-30 20:56:31,glim,78.57%,656.9MiB / 30.66GiB,2.09%,0B / 0B,0B / 11.6MB,37
2026-07-30 20:56:35,foxglove,13.67%,546.8MiB / 30.66GiB,1.74%,0B / 0B,0B / 3.4MB,31
2026-07-30 20:56:35,docker-recorder-run-c43348258146,0.00%,10.29MiB / 30.66GiB,0.03%,0B / 0B,0B / 9.52MB,1
2026-07-30 20:56:35,ouster,7.11%,122.4MiB / 30.66GiB,0.39%,0B / 0B,131kB / 2.85MB,29
2026-07-30 20:56:35,scovox,79.86%,289.7MiB / 30.66GiB,0.92%,0B / 0B,0B / 8.24MB,53
2026-07-30 20:56:35,openzen,2.59%,33.9MiB / 30.66GiB,0.11%,0B / 0B,0B / 2.15MB,20
2026-07-30 20:56:35,trav_ros2,101.38%,390.8MiB / 30.66GiB,1.24%,0B / 0B,0B / 14.8MB,44
2026-07-30 20:56:35,realsense,17.24%,94.51MiB / 30.66GiB,0.30%,0B / 0B,0B / 3.2MB,33
2026-07-30 20:56:35,mapir-ffmpeg,29.01%,170.8MiB / 30.66GiB,0.54%,0B / 0B,0B / 1.85MB,33
2026-07-30 20:56:35,nav2,6.72%,206.6MiB / 30.66GiB,0.66%,0B / 0B,0B / 1.95MB,93
2026-07-30 20:56:35,glim,80.32%,660.1MiB / 30.66GiB,2.10%,0B / 0B,0B / 11.6MB,37
2026-07-30 20:56:38,foxglove,11.55%,502.5MiB / 30.66GiB,1.60%,0B / 0B,0B / 3.4MB,31
2026-07-30 20:56:38,docker-recorder-run-c43348258146,0.00%,10.29MiB / 30.66GiB,0.03%,0B / 0B,0B / 9.52MB,1
2026-07-30 20:56:38,ouster,6.90%,121.8MiB / 30.66GiB,0.39%,0B / 0B,131kB / 2.85MB,29
2026-07-30 20:56:38,scovox,57.45%,320.5MiB / 30.66GiB,1.02%,0B / 0B,0B / 8.24MB,53
2026-07-30 20:56:38,openzen,2.51%,33.9MiB / 30.66GiB,0.11%,0B / 0B,0B / 2.15MB,20
2026-07-30 20:56:38,trav_ros2,101.55%,391.1MiB / 30.66GiB,1.25%,0B / 0B,0B / 14.8MB,44
2026-07-30 20:56:38,realsense,16.62%,95.01MiB / 30.66GiB,0.30%,0B / 0B,0B / 3.2MB,33
2026-07-30 20:56:38,mapir-ffmpeg,29.21%,170.8MiB / 30.66GiB,0.54%,0B / 0B,0B / 1.85MB,33
2026-07-30 20:56:38,nav2,6.15%,199.1MiB / 30.66GiB,0.63%,0B / 0B,0B / 1.95MB,93
2026-07-30 20:56:38,glim,78.61%,660.4MiB / 30.66GiB,2.10%,0B / 0B,0B / 11.6MB,37
2026-07-30 20:56:41,foxglove,12.70%,538.6MiB / 30.66GiB,1.72%,0B / 0B,0B / 3.4MB,31
2026-07-30 20:56:41,docker-recorder-run-c43348258146,0.00%,10.29MiB / 30.66GiB,0.03%,0B / 0B,0B / 9.52MB,1
2026-07-30 20:56:41,ouster,7.96%,121.8MiB / 30.66GiB,0.39%,0B / 0B,131kB / 2.85MB,29
2026-07-30 20:56:41,scovox,81.48%,281.3MiB / 30.66GiB,0.90%,0B / 0B,0B / 8.24MB,53
2026-07-30 20:56:41,openzen,2.79%,34.4MiB / 30.66GiB,0.11%,0B / 0B,0B / 2.15MB,20
2026-07-30 20:56:41,trav_ros2,101.06%,391MiB / 30.66GiB,1.25%,0B / 0B,0B / 14.8MB,44
2026-07-30 20:56:41,realsense,18.16%,94.51MiB / 30.66GiB,0.30%,0B / 0B,0B / 3.2MB,33
2026-07-30 20:56:41,mapir-ffmpeg,30.00%,171.1MiB / 30.66GiB,0.54%,0B / 0B,0B / 1.85MB,33
2026-07-30 20:56:41,nav2,6.45%,199.1MiB / 30.66GiB,0.63%,0B / 0B,0B / 1.95MB,93
2026-07-30 20:56:41,glim,78.96%,660.6MiB / 30.66GiB,2.10%,0B / 0B,0B / 11.6MB,37
2026-07-30 20:56:44,foxglove,12.06%,511.1MiB / 30.66GiB,1.63%,0B / 0B,0B / 3.4MB,31
2026-07-30 20:56:44,docker-recorder-run-c43348258146,0.00%,10.29MiB / 30.66GiB,0.03%,0B / 0B,0B / 9.52MB,1
2026-07-30 20:56:44,ouster,7.96%,121.9MiB / 30.66GiB,0.39%,0B / 0B,131kB / 2.85MB,29
2026-07-30 20:56:44,scovox,55.68%,325.9MiB / 30.66GiB,1.04%,0B / 0B,0B / 8.24MB,53
2026-07-30 20:56:44,openzen,2.93%,34.15MiB / 30.66GiB,0.11%,0B / 0B,0B / 2.15MB,20
2026-07-30 20:56:44,trav_ros2,102.32%,385.8MiB / 30.66GiB,1.23%,0B / 0B,0B / 14.8MB,44
2026-07-30 20:56:44,realsense,17.33%,95MiB / 30.66GiB,0.30%,0B / 0B,0B / 3.2MB,33
2026-07-30 20:56:44,mapir-ffmpeg,29.13%,170.8MiB / 30.66GiB,0.54%,0B / 0B,0B / 1.85MB,33
2026-07-30 20:56:44,nav2,6.93%,206.5MiB / 30.66GiB,0.66%,0B / 0B,0B / 1.95MB,93
2026-07-30 20:56:44,glim,82.07%,660.7MiB / 30.66GiB,2.10%,0B / 0B,0B / 11.6MB,37
2026-07-30 20:56:47,foxglove,12.84%,546.7MiB / 30.66GiB,1.74%,0B / 0B,0B / 3.4MB,31
2026-07-30 20:56:47,docker-recorder-run-c43348258146,0.00%,10.29MiB / 30.66GiB,0.03%,0B / 0B,0B / 9.52MB,1
2026-07-30 20:56:47,ouster,7.22%,121.5MiB / 30.66GiB,0.39%,0B / 0B,131kB / 2.85MB,29
2026-07-30 20:56:47,scovox,80.73%,288.9MiB / 30.66GiB,0.92%,0B / 0B,0B / 8.24MB,53
2026-07-30 20:56:47,openzen,2.63%,34.15MiB / 30.66GiB,0.11%,0B / 0B,0B / 2.15MB,20
2026-07-30 20:56:47,trav_ros2,101.99%,386.9MiB / 30.66GiB,1.23%,0B / 0B,0B / 14.8MB,44
2026-07-30 20:56:47,realsense,17.59%,94.75MiB / 30.66GiB,0.30%,0B / 0B,0B / 3.2MB,33
2026-07-30 20:56:47,mapir-ffmpeg,29.04%,171.3MiB / 30.66GiB,0.55%,0B / 0B,0B / 1.85MB,33
2026-07-30 20:56:47,nav2,6.87%,206.5MiB / 30.66GiB,0.66%,0B / 0B,0B / 1.95MB,93
2026-07-30 20:56:47,glim,78.26%,647.9MiB / 30.66GiB,2.06%,0B / 0B,0B / 11.6MB,37
2026-07-30 20:56:50,foxglove,13.05%,546.7MiB / 30.66GiB,1.74%,0B / 0B,0B / 3.4MB,31
2026-07-30 20:56:50,docker-recorder-run-c43348258146,0.00%,10.29MiB / 30.66GiB,0.03%,0B / 0B,0B / 9.52MB,1
2026-07-30 20:56:50,ouster,7.15%,121.5MiB / 30.66GiB,0.39%,0B / 0B,131kB / 2.85MB,29
2026-07-30 20:56:50,scovox,67.14%,328.2MiB / 30.66GiB,1.05%,0B / 0B,0B / 8.25MB,53
2026-07-30 20:56:50,openzen,2.69%,34.15MiB / 30.66GiB,0.11%,0B / 0B,0B / 2.15MB,20
2026-07-30 20:56:50,trav_ros2,102.13%,384.6MiB / 30.66GiB,1.22%,0B / 0B,0B / 14.8MB,44
2026-07-30 20:56:50,realsense,17.64%,95.75MiB / 30.66GiB,0.30%,0B / 0B,0B / 3.2MB,33
2026-07-30 20:56:50,mapir-ffmpeg,29.24%,171.1MiB / 30.66GiB,0.54%,0B / 0B,0B / 1.85MB,33
2026-07-30 20:56:50,nav2,6.21%,207MiB / 30.66GiB,0.66%,0B / 0B,0B / 1.95MB,93
2026-07-30 20:56:50,glim,82.08%,653.6MiB / 30.66GiB,2.08%,0B / 0B,0B / 11.6MB,37
2026-07-30 20:56:53,foxglove,11.47%,502.8MiB / 30.66GiB,1.60%,0B / 0B,0B / 3.4MB,31
2026-07-30 20:56:53,docker-recorder-run-c43348258146,0.00%,10.29MiB / 30.66GiB,0.03%,0B / 0B,0B / 9.52MB,1
2026-07-30 20:56:53,ouster,6.98%,121.4MiB / 30.66GiB,0.39%,0B / 0B,131kB / 2.85MB,29
2026-07-30 20:56:53,scovox,69.97%,316.1MiB / 30.66GiB,1.01%,0B / 0B,0B / 8.25MB,53
2026-07-30 20:56:53,openzen,2.70%,34.15MiB / 30.66GiB,0.11%,0B / 0B,0B / 2.15MB,20
2026-07-30 20:56:53,trav_ros2,101.93%,441.2MiB / 30.66GiB,1.41%,0B / 0B,0B / 14.8MB,44
2026-07-30 20:56:53,realsense,17.64%,95MiB / 30.66GiB,0.30%,0B / 0B,0B / 3.2MB,33
2026-07-30 20:56:53,mapir-ffmpeg,29.37%,170.8MiB / 30.66GiB,0.54%,0B / 0B,0B / 1.86MB,33
2026-07-30 20:56:53,nav2,6.67%,206.8MiB / 30.66GiB,0.66%,0B / 0B,0B / 1.97MB,93
2026-07-30 20:56:53,glim,77.11%,654.8MiB / 30.66GiB,2.09%,0B / 0B,0B / 11.6MB,37
2026-07-30 20:56:56,foxglove,12.65%,538.7MiB / 30.66GiB,1.72%,0B / 0B,0B / 3.4MB,31
2026-07-30 20:56:56,docker-recorder-run-c43348258146,0.00%,10.29MiB / 30.66GiB,0.03%,0B / 0B,0B / 9.52MB,1
2026-07-30 20:56:56,ouster,7.56%,121.6MiB / 30.66GiB,0.39%,0B / 0B,131kB / 2.85MB,29
2026-07-30 20:56:56,scovox,77.02%,288.7MiB / 30.66GiB,0.92%,0B / 0B,0B / 8.25MB,53
2026-07-30 20:56:56,openzen,2.89%,34.39MiB / 30.66GiB,0.11%,0B / 0B,0B / 2.15MB,20
2026-07-30 20:56:56,trav_ros2,102.24%,391.5MiB / 30.66GiB,1.25%,0B / 0B,0B / 14.8MB,44
2026-07-30 20:56:56,realsense,17.28%,94.75MiB / 30.66GiB,0.30%,0B / 0B,0B / 3.2MB,33
2026-07-30 20:56:56,mapir-ffmpeg,29.78%,170.8MiB / 30.66GiB,0.54%,0B / 0B,0B / 1.86MB,33
2026-07-30 20:56:56,nav2,7.73%,207.4MiB / 30.66GiB,0.66%,0B / 0B,0B / 1.97MB,93
2026-07-30 20:56:56,glim,87.16%,655.3MiB / 30.66GiB,2.09%,0B / 0B,0B / 11.6MB,37
2026-07-30 20:57:00,foxglove,11.53%,503.3MiB / 30.66GiB,1.60%,0B / 0B,0B / 3.4MB,31
2026-07-30 20:57:00,docker-recorder-run-c43348258146,0.00%,10.29MiB / 30.66GiB,0.03%,0B / 0B,0B / 9.52MB,1
2026-07-30 20:57:00,ouster,6.97%,122MiB / 30.66GiB,0.39%,0B / 0B,131kB / 2.85MB,29
2026-07-30 20:57:00,scovox,56.46%,321.1MiB / 30.66GiB,1.02%,0B / 0B,0B / 8.34MB,53
2026-07-30 20:57:00,openzen,2.62%,33.9MiB / 30.66GiB,0.11%,0B / 0B,0B / 2.15MB,20
2026-07-30 20:57:00,trav_ros2,102.09%,389.7MiB / 30.66GiB,1.24%,0B / 0B,0B / 14.8MB,44
2026-07-30 20:57:00,realsense,16.84%,95.25MiB / 30.66GiB,0.30%,0B / 0B,0B / 3.2MB,33
2026-07-30 20:57:00,mapir-ffmpeg,28.87%,170.8MiB / 30.66GiB,0.54%,0B / 0B,0B / 1.86MB,33
2026-07-30 20:57:00,nav2,5.90%,207MiB / 30.66GiB,0.66%,0B / 0B,0B / 1.97MB,93
2026-07-30 20:57:00,glim,80.63%,656.1MiB / 30.66GiB,2.09%,0B / 0B,0B / 11.6MB,37
2026-07-30 20:57:03,foxglove,12.77%,539.1MiB / 30.66GiB,1.72%,0B / 0B,0B / 3.4MB,31
2026-07-30 20:57:03,docker-recorder-run-c43348258146,0.00%,10.29MiB / 30.66GiB,0.03%,0B / 0B,0B / 9.52MB,1
2026-07-30 20:57:03,ouster,7.22%,121.5MiB / 30.66GiB,0.39%,0B / 0B,131kB / 2.85MB,29
2026-07-30 20:57:03,scovox,86.95%,280.2MiB / 30.66GiB,0.89%,0B / 0B,0B / 8.34MB,53
2026-07-30 20:57:03,openzen,2.57%,34.15MiB / 30.66GiB,0.11%,0B / 0B,0B / 2.15MB,20
2026-07-30 20:57:03,trav_ros2,101.71%,390.1MiB / 30.66GiB,1.24%,0B / 0B,0B / 14.8MB,44
2026-07-30 20:57:03,realsense,17.01%,95.25MiB / 30.66GiB,0.30%,0B / 0B,0B / 3.2MB,33
2026-07-30 20:57:03,mapir-ffmpeg,28.71%,170.8MiB / 30.66GiB,0.54%,0B / 0B,0B / 1.86MB,33
2026-07-30 20:57:03,nav2,6.11%,207MiB / 30.66GiB,0.66%,0B / 0B,0B / 1.97MB,93
2026-07-30 20:57:03,glim,79.71%,656.2MiB / 30.66GiB,2.09%,0B / 0B,0B / 11.6MB,37
2026-07-30 20:57:06,foxglove,11.96%,510.6MiB / 30.66GiB,1.63%,0B / 0B,0B / 3.4MB,31
2026-07-30 20:57:06,docker-recorder-run-c43348258146,0.00%,10.29MiB / 30.66GiB,0.03%,0B / 0B,0B / 9.52MB,1
2026-07-30 20:57:06,ouster,7.20%,121.3MiB / 30.66GiB,0.39%,0B / 0B,131kB / 2.85MB,29
2026-07-30 20:57:06,scovox,50.78%,324.4MiB / 30.66GiB,1.03%,0B / 0B,0B / 8.34MB,53
2026-07-30 20:57:06,openzen,2.62%,33.9MiB / 30.66GiB,0.11%,0B / 0B,0B / 2.15MB,20
2026-07-30 20:57:06,trav_ros2,100.86%,390.8MiB / 30.66GiB,1.24%,0B / 0B,0B / 14.8MB,44
2026-07-30 20:57:06,realsense,17.05%,94.76MiB / 30.66GiB,0.30%,0B / 0B,0B / 3.2MB,33
2026-07-30 20:57:06,mapir-ffmpeg,29.14%,170.8MiB / 30.66GiB,0.54%,0B / 0B,0B / 1.86MB,33
2026-07-30 20:57:06,nav2,6.55%,206.8MiB / 30.66GiB,0.66%,0B / 0B,0B / 1.97MB,93
2026-07-30 20:57:06,glim,77.17%,657MiB / 30.66GiB,2.09%,0B / 0B,0B / 11.6MB,37
2026-07-30 20:57:09,foxglove,12.81%,539.1MiB / 30.66GiB,1.72%,0B / 0B,0B / 3.4MB,31
2026-07-30 20:57:09,docker-recorder-run-c43348258146,0.00%,10.29MiB / 30.66GiB,0.03%,0B / 0B,0B / 9.52MB,1
2026-07-30 20:57:09,ouster,7.19%,121.7MiB / 30.66GiB,0.39%,0B / 0B,131kB / 2.85MB,29
2026-07-30 20:57:09,scovox,78.99%,289.3MiB / 30.66GiB,0.92%,0B / 0B,0B / 8.34MB,53
2026-07-30 20:57:09,openzen,2.54%,33.9MiB / 30.66GiB,0.11%,0B / 0B,0B / 2.15MB,20
2026-07-30 20:57:09,trav_ros2,101.73%,378.2MiB / 30.66GiB,1.20%,0B / 0B,0B / 14.8MB,44
2026-07-30 20:57:09,realsense,16.71%,94.76MiB / 30.66GiB,0.30%,0B / 0B,0B / 3.2MB,33
2026-07-30 20:57:09,mapir-ffmpeg,29.50%,170.8MiB / 30.66GiB,0.54%,0B / 0B,0B / 1.86MB,33
2026-07-30 20:57:09,nav2,6.19%,207MiB / 30.66GiB,0.66%,0B / 0B,0B / 1.97MB,93
2026-07-30 20:57:09,glim,77.35%,657.7MiB / 30.66GiB,2.09%,0B / 0B,0B / 11.6MB,37
2026-07-30 20:57:12,foxglove,13.34%,546.8MiB / 30.66GiB,1.74%,0B / 0B,0B / 3.4MB,31
2026-07-30 20:57:12,docker-recorder-run-c43348258146,0.00%,10.29MiB / 30.66GiB,0.03%,0B / 0B,0B / 9.52MB,1
2026-07-30 20:57:12,ouster,7.21%,121.5MiB / 30.66GiB,0.39%,0B / 0B,131kB / 2.85MB,29
2026-07-30 20:57:12,scovox,61.13%,325.3MiB / 30.66GiB,1.04%,0B / 0B,0B / 8.34MB,53
2026-07-30 20:57:12,openzen,2.72%,34.39MiB / 30.66GiB,0.11%,0B / 0B,0B / 2.15MB,20
2026-07-30 20:57:12,trav_ros2,101.53%,390.9MiB / 30.66GiB,1.25%,0B / 0B,0B / 14.8MB,44
2026-07-30 20:57:12,realsense,16.94%,94.51MiB / 30.66GiB,0.30%,0B / 0B,0B / 3.2MB,33
2026-07-30 20:57:12,mapir-ffmpeg,29.71%,171.6MiB / 30.66GiB,0.55%,0B / 0B,0B / 1.86MB,33
2026-07-30 20:57:12,nav2,7.10%,207.9MiB / 30.66GiB,0.66%,0B / 0B,0B / 1.97MB,93
2026-07-30 20:57:12,glim,72.10%,657.1MiB / 30.66GiB,2.09%,0B / 0B,0B / 11.6MB,37
2026-07-30 20:57:15,foxglove,11.26%,546.6MiB / 30.66GiB,1.74%,0B / 0B,0B / 3.4MB,31
2026-07-30 20:57:15,docker-recorder-run-c43348258146,0.00%,10.29MiB / 30.66GiB,0.03%,0B / 0B,0B / 9.52MB,1
2026-07-30 20:57:15,ouster,7.04%,121.5MiB / 30.66GiB,0.39%,0B / 0B,131kB / 2.85MB,29
2026-07-30 20:57:15,scovox,70.49%,288.6MiB / 30.66GiB,0.92%,0B / 0B,0B / 8.34MB,53
2026-07-30 20:57:15,openzen,2.56%,33.9MiB / 30.66GiB,0.11%,0B / 0B,0B / 2.15MB,20
2026-07-30 20:57:15,trav_ros2,101.59%,417.3MiB / 30.66GiB,1.33%,0B / 0B,0B / 14.8MB,44
2026-07-30 20:57:15,realsense,16.91%,94.51MiB / 30.66GiB,0.30%,0B / 0B,0B / 3.2MB,33
2026-07-30 20:57:15,mapir-ffmpeg,28.79%,171.1MiB / 30.66GiB,0.54%,0B / 0B,0B / 1.86MB,33
2026-07-30 20:57:15,nav2,6.38%,199.2MiB / 30.66GiB,0.63%,0B / 0B,0B / 1.97MB,93
2026-07-30 20:57:15,glim,81.56%,649.5MiB / 30.66GiB,2.07%,0B / 0B,0B / 11.6MB,37
2026-07-30 20:57:18,foxglove,12.69%,546.7MiB / 30.66GiB,1.74%,0B / 0B,0B / 3.4MB,31
2026-07-30 20:57:18,docker-recorder-run-c43348258146,0.00%,10.29MiB / 30.66GiB,0.03%,0B / 0B,0B / 9.52MB,1
2026-07-30 20:57:18,ouster,6.91%,121.2MiB / 30.66GiB,0.39%,0B / 0B,131kB / 2.85MB,29
2026-07-30 20:57:18,scovox,66.04%,289.8MiB / 30.66GiB,0.92%,0B / 0B,0B / 8.34MB,53
2026-07-30 20:57:18,openzen,2.55%,33.9MiB / 30.66GiB,0.11%,0B / 0B,0B / 2.15MB,20
2026-07-30 20:57:18,trav_ros2,101.05%,392.2MiB / 30.66GiB,1.25%,0B / 0B,0B / 14.8MB,44
2026-07-30 20:57:18,realsense,16.75%,94.76MiB / 30.66GiB,0.30%,0B / 0B,0B / 3.2MB,33
2026-07-30 20:57:18,mapir-ffmpeg,28.27%,171.1MiB / 30.66GiB,0.54%,0B / 0B,0B / 1.86MB,33
2026-07-30 20:57:18,nav2,6.42%,206.7MiB / 30.66GiB,0.66%,0B / 0B,0B / 1.97MB,93
2026-07-30 20:57:18,glim,80.64%,649.3MiB / 30.66GiB,2.07%,0B / 0B,0B / 11.6MB,37
2026-07-30 20:57:21,foxglove,11.40%,510.5MiB / 30.66GiB,1.63%,0B / 0B,0B / 3.4MB,31
2026-07-30 20:57:21,docker-recorder-run-c43348258146,0.00%,10.29MiB / 30.66GiB,0.03%,0B / 0B,0B / 9.52MB,1
2026-07-30 20:57:21,ouster,7.01%,121.5MiB / 30.66GiB,0.39%,0B / 0B,131kB / 2.85MB,29
2026-07-30 20:57:21,scovox,56.77%,319MiB / 30.66GiB,1.02%,0B / 0B,0B / 8.34MB,53
2026-07-30 20:57:21,openzen,2.80%,34.15MiB / 30.66GiB,0.11%,0B / 0B,0B / 2.15MB,20
2026-07-30 20:57:21,trav_ros2,101.81%,390.5MiB / 30.66GiB,1.24%,0B / 0B,0B / 14.8MB,44
2026-07-30 20:57:21,realsense,17.04%,94.76MiB / 30.66GiB,0.30%,0B / 0B,0B / 3.2MB,33
2026-07-30 20:57:21,mapir-ffmpeg,28.75%,172.1MiB / 30.66GiB,0.55%,0B / 0B,0B / 1.86MB,33
2026-07-30 20:57:21,nav2,6.86%,206.9MiB / 30.66GiB,0.66%,0B / 0B,0B / 1.97MB,93
2026-07-30 20:57:21,glim,79.53%,670.1MiB / 30.66GiB,2.13%,0B / 0B,0B / 11.6MB,37
2026-07-30 20:57:25,foxglove,12.92%,546.5MiB / 30.66GiB,1.74%,0B / 0B,0B / 3.4MB,31
2026-07-30 20:57:25,docker-recorder-run-c43348258146,0.00%,10.29MiB / 30.66GiB,0.03%,0B / 0B,0B / 9.52MB,1
2026-07-30 20:57:25,ouster,7.18%,121.5MiB / 30.66GiB,0.39%,0B / 0B,131kB / 2.85MB,29
2026-07-30 20:57:25,scovox,76.34%,263.8MiB / 30.66GiB,0.84%,0B / 0B,0B / 8.34MB,53
2026-07-30 20:57:25,openzen,2.74%,33.9MiB / 30.66GiB,0.11%,0B / 0B,0B / 2.15MB,20
2026-07-30 20:57:25,trav_ros2,101.13%,391.3MiB / 30.66GiB,1.25%,0B / 0B,0B / 14.8MB,44
2026-07-30 20:57:25,realsense,16.93%,94.51MiB / 30.66GiB,0.30%,0B / 0B,0B / 3.2MB,33
2026-07-30 20:57:25,mapir-ffmpeg,28.62%,171.1MiB / 30.66GiB,0.54%,0B / 0B,0B / 1.86MB,33
2026-07-30 20:57:25,nav2,6.41%,206.7MiB / 30.66GiB,0.66%,0B / 0B,0B / 1.97MB,93
2026-07-30 20:57:25,glim,79.64%,670.9MiB / 30.66GiB,2.14%,0B / 0B,0B / 11.6MB,37
2026-07-30 20:57:28,foxglove,11.87%,511MiB / 30.66GiB,1.63%,0B / 0B,0B / 3.4MB,31
2026-07-30 20:57:28,docker-recorder-run-c43348258146,0.00%,10.29MiB / 30.66GiB,0.03%,0B / 0B,0B / 9.52MB,1
2026-07-30 20:57:28,ouster,7.55%,121.3MiB / 30.66GiB,0.39%,0B / 0B,131kB / 2.85MB,29
2026-07-30 20:57:28,scovox,59.90%,327.7MiB / 30.66GiB,1.04%,0B / 0B,0B / 8.35MB,53
2026-07-30 20:57:28,openzen,2.91%,34.66MiB / 30.66GiB,0.11%,0B / 0B,0B / 2.15MB,20
2026-07-30 20:57:28,trav_ros2,101.16%,390.5MiB / 30.66GiB,1.24%,0B / 0B,0B / 14.8MB,44
2026-07-30 20:57:28,realsense,17.60%,95.01MiB / 30.66GiB,0.30%,0B / 0B,0B / 3.2MB,33
2026-07-30 20:57:28,mapir-ffmpeg,29.18%,171.1MiB / 30.66GiB,0.54%,0B / 0B,0B / 1.88MB,33
2026-07-30 20:57:28,nav2,7.11%,207.4MiB / 30.66GiB,0.66%,0B / 0B,0B / 1.99MB,93
2026-07-30 20:57:28,glim,80.76%,651MiB / 30.66GiB,2.07%,0B / 0B,0B / 11.6MB,37
2026-07-30 20:57:31,foxglove,13.13%,547.5MiB / 30.66GiB,1.74%,0B / 0B,0B / 3.4MB,31
2026-07-30 20:57:31,docker-recorder-run-c43348258146,0.00%,10.29MiB / 30.66GiB,0.03%,0B / 0B,0B / 9.52MB,1
2026-07-30 20:57:31,ouster,7.53%,121.6MiB / 30.66GiB,0.39%,0B / 0B,131kB / 2.85MB,29
2026-07-30 20:57:31,scovox,82.65%,284.5MiB / 30.66GiB,0.91%,0B / 0B,0B / 8.43MB,53
2026-07-30 20:57:31,openzen,2.70%,33.9MiB / 30.66GiB,0.11%,0B / 0B,0B / 2.15MB,20
2026-07-30 20:57:31,trav_ros2,101.50%,390.9MiB / 30.66GiB,1.24%,0B / 0B,0B / 14.8MB,44
2026-07-30 20:57:31,realsense,17.80%,94.75MiB / 30.66GiB,0.30%,0B / 0B,0B / 3.2MB,33
2026-07-30 20:57:31,mapir-ffmpeg,29.69%,171.3MiB / 30.66GiB,0.55%,0B / 0B,0B / 1.88MB,33
2026-07-30 20:57:31,nav2,6.76%,206.9MiB / 30.66GiB,0.66%,0B / 0B,0B / 1.99MB,93
2026-07-30 20:57:31,glim,80.03%,659.8MiB / 30.66GiB,2.10%,0B / 0B,0B / 11.6MB,37
2026-07-30 20:57:34,foxglove,12.04%,510.6MiB / 30.66GiB,1.63%,0B / 0B,0B / 3.4MB,31
2026-07-30 20:57:34,docker-recorder-run-c43348258146,0.00%,10.29MiB / 30.66GiB,0.03%,0B / 0B,0B / 9.52MB,1
2026-07-30 20:57:34,ouster,7.53%,121.3MiB / 30.66GiB,0.39%,0B / 0B,131kB / 2.85MB,29
2026-07-30 20:57:34,scovox,59.40%,334.8MiB / 30.66GiB,1.07%,0B / 0B,0B / 8.43MB,53
2026-07-30 20:57:34,openzen,2.65%,33.9MiB / 30.66GiB,0.11%,0B / 0B,0B / 2.15MB,20
2026-07-30 20:57:34,trav_ros2,101.40%,391.8MiB / 30.66GiB,1.25%,0B / 0B,0B / 14.8MB,44
2026-07-30 20:57:34,realsense,17.72%,94.76MiB / 30.66GiB,0.30%,0B / 0B,0B / 3.2MB,33
2026-07-30 20:57:34,mapir-ffmpeg,29.63%,171.1MiB / 30.66GiB,0.54%,0B / 0B,0B / 1.88MB,33
2026-07-30 20:57:34,nav2,6.87%,206.9MiB / 30.66GiB,0.66%,0B / 0B,0B / 1.99MB,93
2026-07-30 20:57:34,glim,83.73%,659.6MiB / 30.66GiB,2.10%,0B / 0B,0B / 11.6MB,37
2026-07-30 20:57:37,foxglove,12.65%,547MiB / 30.66GiB,1.74%,0B / 0B,0B / 3.4MB,31
2026-07-30 20:57:37,docker-recorder-run-c43348258146,0.00%,10.29MiB / 30.66GiB,0.03%,0B / 0B,0B / 9.52MB,1
2026-07-30 20:57:37,ouster,7.37%,121.5MiB / 30.66GiB,0.39%,0B / 0B,131kB / 2.85MB,29
2026-07-30 20:57:37,scovox,71.51%,291.5MiB / 30.66GiB,0.93%,0B / 0B,0B / 8.43MB,53
2026-07-30 20:57:37,openzen,2.77%,33.9MiB / 30.66GiB,0.11%,0B / 0B,0B / 2.15MB,20
2026-07-30 20:57:37,trav_ros2,101.96%,390.7MiB / 30.66GiB,1.24%,0B / 0B,0B / 14.8MB,44
2026-07-30 20:57:37,realsense,17.69%,94.76MiB / 30.66GiB,0.30%,0B / 0B,0B / 3.2MB,33
2026-07-30 20:57:37,mapir-ffmpeg,29.61%,171.3MiB / 30.66GiB,0.55%,0B / 0B,0B / 1.88MB,33
2026-07-30 20:57:37,nav2,6.65%,206.7MiB / 30.66GiB,0.66%,0B / 0B,0B / 1.99MB,93
2026-07-30 20:57:37,glim,83.07%,660.4MiB / 30.66GiB,2.10%,0B / 0B,0B / 11.6MB,37
2026-07-30 20:57:40,foxglove,13.04%,547.1MiB / 30.66GiB,1.74%,0B / 0B,0B / 3.4MB,31
2026-07-30 20:57:40,docker-recorder-run-c43348258146,0.00%,10.29MiB / 30.66GiB,0.03%,0B / 0B,0B / 9.52MB,1
2026-07-30 20:57:40,ouster,7.13%,121.6MiB / 30.66GiB,0.39%,0B / 0B,131kB / 2.85MB,29
2026-07-30 20:57:40,scovox,73.86%,334.4MiB / 30.66GiB,1.06%,0B / 0B,0B / 8.43MB,53
2026-07-30 20:57:40,openzen,2.59%,33.9MiB / 30.66GiB,0.11%,0B / 0B,0B / 2.15MB,20
2026-07-30 20:57:40,trav_ros2,101.78%,390.1MiB / 30.66GiB,1.24%,0B / 0B,0B / 14.8MB,44
2026-07-30 20:57:40,realsense,17.29%,94.51MiB / 30.66GiB,0.30%,0B / 0B,0B / 3.2MB,33
2026-07-30 20:57:40,mapir-ffmpeg,29.36%,171.1MiB / 30.66GiB,0.54%,0B / 0B,0B / 1.88MB,33
2026-07-30 20:57:40,nav2,6.22%,206.7MiB / 30.66GiB,0.66%,0B / 0B,0B / 1.99MB,93
2026-07-30 20:57:40,glim,81.23%,661.7MiB / 30.66GiB,2.11%,0B / 0B,0B / 11.6MB,37
2026-07-30 20:57:43,foxglove,12.49%,510.5MiB / 30.66GiB,1.63%,0B / 0B,0B / 3.4MB,31
2026-07-30 20:57:43,docker-recorder-run-c43348258146,0.00%,10.29MiB / 30.66GiB,0.03%,0B / 0B,0B / 9.52MB,1
2026-07-30 20:57:43,ouster,7.22%,121.4MiB / 30.66GiB,0.39%,0B / 0B,131kB / 2.85MB,29
2026-07-30 20:57:43,scovox,71.37%,319.7MiB / 30.66GiB,1.02%,0B / 0B,0B / 8.43MB,53
2026-07-30 20:57:43,openzen,2.47%,33.9MiB / 30.66GiB,0.11%,0B / 0B,0B / 2.15MB,20
2026-07-30 20:57:43,trav_ros2,101.70%,391.9MiB / 30.66GiB,1.25%,0B / 0B,0B / 14.8MB,44
2026-07-30 20:57:43,realsense,17.53%,94.51MiB / 30.66GiB,0.30%,0B / 0B,0B / 3.2MB,33
2026-07-30 20:57:43,mapir-ffmpeg,29.49%,171.1MiB / 30.66GiB,0.54%,0B / 0B,0B / 1.88MB,33
2026-07-30 20:57:43,nav2,6.43%,206.7MiB / 30.66GiB,0.66%,0B / 0B,0B / 1.99MB,93
2026-07-30 20:57:43,glim,78.72%,661.8MiB / 30.66GiB,2.11%,0B / 0B,0B / 11.6MB,37
2026-07-30 20:57:47,foxglove,14.23%,546.9MiB / 30.66GiB,1.74%,0B / 0B,0B / 3.4MB,31
2026-07-30 20:57:47,docker-recorder-run-c43348258146,0.00%,10.29MiB / 30.66GiB,0.03%,0B / 0B,0B / 9.52MB,1
2026-07-30 20:57:47,ouster,7.27%,121.4MiB / 30.66GiB,0.39%,0B / 0B,131kB / 2.85MB,29
2026-07-30 20:57:47,scovox,78.31%,263.6MiB / 30.66GiB,0.84%,0B / 0B,0B / 8.43MB,53
2026-07-30 20:57:47,openzen,2.79%,33.9MiB / 30.66GiB,0.11%,0B / 0B,0B / 2.15MB,20
2026-07-30 20:57:47,trav_ros2,101.78%,378.4MiB / 30.66GiB,1.20%,0B / 0B,0B / 14.8MB,44
2026-07-30 20:57:47,realsense,17.48%,94.76MiB / 30.66GiB,0.30%,0B / 0B,0B / 3.2MB,33
2026-07-30 20:57:47,mapir-ffmpeg,29.47%,171.6MiB / 30.66GiB,0.55%,0B / 0B,0B / 1.88MB,33
2026-07-30 20:57:47,nav2,6.55%,206.9MiB / 30.66GiB,0.66%,0B / 0B,0B / 1.99MB,93
2026-07-30 20:57:47,glim,82.08%,661.5MiB / 30.66GiB,2.11%,0B / 0B,0B / 11.6MB,37
2026-07-30 20:57:50,foxglove,12.40%,502.4MiB / 30.66GiB,1.60%,0B / 0B,0B / 3.4MB,31
2026-07-30 20:57:50,docker-recorder-run-c43348258146,0.00%,10.29MiB / 30.66GiB,0.03%,0B / 0B,0B / 9.52MB,1
2026-07-30 20:57:50,ouster,7.01%,121.4MiB / 30.66GiB,0.39%,0B / 0B,131kB / 2.85MB,29
2026-07-30 20:57:50,scovox,54.12%,320.8MiB / 30.66GiB,1.02%,0B / 0B,0B / 8.43MB,53
2026-07-30 20:57:50,openzen,2.53%,33.9MiB / 30.66GiB,0.11%,0B / 0B,0B / 2.15MB,20
2026-07-30 20:57:50,trav_ros2,100.77%,389.8MiB / 30.66GiB,1.24%,0B / 0B,0B / 14.8MB,44
2026-07-30 20:57:50,realsense,16.98%,94.51MiB / 30.66GiB,0.30%,0B / 0B,0B / 3.2MB,33
2026-07-30 20:57:50,mapir-ffmpeg,28.89%,171.1MiB / 30.66GiB,0.54%,0B / 0B,0B / 1.88MB,33
2026-07-30 20:57:50,nav2,6.31%,206.7MiB / 30.66GiB,0.66%,0B / 0B,0B / 1.99MB,93
2026-07-30 20:57:50,glim,77.49%,657.1MiB / 30.66GiB,2.09%,0B / 0B,0B / 11.6MB,37
2026-07-30 20:57:53,foxglove,13.67%,539.1MiB / 30.66GiB,1.72%,0B / 0B,0B / 3.4MB,31
2026-07-30 20:57:53,docker-recorder-run-c43348258146,0.00%,10.29MiB / 30.66GiB,0.03%,0B / 0B,0B / 9.52MB,1
2026-07-30 20:57:53,ouster,7.39%,122MiB / 30.66GiB,0.39%,0B / 0B,131kB / 2.85MB,29
2026-07-30 20:57:53,scovox,74.48%,279.1MiB / 30.66GiB,0.89%,0B / 0B,0B / 8.43MB,53
2026-07-30 20:57:53,openzen,2.69%,33.9MiB / 30.66GiB,0.11%,0B / 0B,0B / 2.15MB,20
2026-07-30 20:57:53,trav_ros2,100.94%,390.5MiB / 30.66GiB,1.24%,0B / 0B,0B / 14.8MB,44
2026-07-30 20:57:53,realsense,16.66%,94.51MiB / 30.66GiB,0.30%,0B / 0B,0B / 3.2MB,33
2026-07-30 20:57:53,mapir-ffmpeg,30.00%,171.1MiB / 30.66GiB,0.54%,0B / 0B,0B / 1.88MB,33
2026-07-30 20:57:53,nav2,6.84%,207.2MiB / 30.66GiB,0.66%,0B / 0B,0B / 1.99MB,93
2026-07-30 20:57:53,glim,84.68%,656.3MiB / 30.66GiB,2.09%,0B / 0B,0B / 11.6MB,37
2026-07-30 20:57:56,foxglove,11.86%,503.3MiB / 30.66GiB,1.60%,0B / 0B,0B / 3.4MB,31
2026-07-30 20:57:56,docker-recorder-run-c43348258146,0.00%,10.29MiB / 30.66GiB,0.03%,0B / 0B,0B / 9.52MB,1
2026-07-30 20:57:56,ouster,7.17%,121.3MiB / 30.66GiB,0.39%,0B / 0B,131kB / 2.85MB,29
2026-07-30 20:57:56,scovox,58.50%,325.7MiB / 30.66GiB,1.04%,0B / 0B,0B / 8.43MB,53
2026-07-30 20:57:56,openzen,2.84%,33.9MiB / 30.66GiB,0.11%,0B / 0B,0B / 2.15MB,20
2026-07-30 20:57:56,trav_ros2,101.57%,391MiB / 30.66GiB,1.25%,0B / 0B,0B / 14.8MB,44
2026-07-30 20:57:56,realsense,16.77%,94.51MiB / 30.66GiB,0.30%,0B / 0B,0B / 3.2MB,33
2026-07-30 20:57:56,mapir-ffmpeg,28.64%,171.3MiB / 30.66GiB,0.55%,0B / 0B,0B / 1.88MB,33
2026-07-30 20:57:56,nav2,6.55%,206.9MiB / 30.66GiB,0.66%,0B / 0B,0B / 1.99MB,93
2026-07-30 20:57:56,glim,80.43%,661.6MiB / 30.66GiB,2.11%,0B / 0B,0B / 11.6MB,37
2026-07-30 20:57:59,foxglove,12.82%,538.5MiB / 30.66GiB,1.72%,0B / 0B,0B / 3.4MB,31
2026-07-30 20:57:59,docker-recorder-run-c43348258146,0.00%,10.29MiB / 30.66GiB,0.03%,0B / 0B,0B / 9.52MB,1
2026-07-30 20:57:59,ouster,7.09%,121.4MiB / 30.66GiB,0.39%,0B / 0B,131kB / 2.85MB,29
2026-07-30 20:57:59,scovox,75.08%,282.4MiB / 30.66GiB,0.90%,0B / 0B,0B / 8.43MB,53
2026-07-30 20:57:59,openzen,2.71%,33.9MiB / 30.66GiB,0.11%,0B / 0B,0B / 2.15MB,20
2026-07-30 20:57:59,trav_ros2,101.29%,386.2MiB / 30.66GiB,1.23%,0B / 0B,0B / 14.8MB,44
2026-07-30 20:57:59,realsense,16.88%,94.76MiB / 30.66GiB,0.30%,0B / 0B,0B / 3.2MB,33
2026-07-30 20:57:59,mapir-ffmpeg,29.27%,171.1MiB / 30.66GiB,0.54%,0B / 0B,0B / 1.88MB,33
2026-07-30 20:57:59,nav2,6.94%,206.7MiB / 30.66GiB,0.66%,0B / 0B,0B / 1.99MB,93
2026-07-30 20:57:59,glim,80.16%,663.8MiB / 30.66GiB,2.11%,0B / 0B,0B / 11.6MB,37
2026-07-30 20:58:02,foxglove,13.08%,539.2MiB / 30.66GiB,1.72%,0B / 0B,0B / 3.4MB,31
2026-07-30 20:58:02,docker-recorder-run-c43348258146,0.00%,10.29MiB / 30.66GiB,0.03%,0B / 0B,0B / 9.52MB,1
2026-07-30 20:58:02,ouster,7.04%,121.9MiB / 30.66GiB,0.39%,0B / 0B,131kB / 2.85MB,29
2026-07-30 20:58:02,scovox,70.83%,333.6MiB / 30.66GiB,1.06%,0B / 0B,0B / 8.44MB,53
2026-07-30 20:58:02,openzen,2.84%,33.9MiB / 30.66GiB,0.11%,0B / 0B,0B / 2.15MB,20
2026-07-30 20:58:02,trav_ros2,100.26%,390.3MiB / 30.66GiB,1.24%,0B / 0B,0B / 14.8MB,44
2026-07-30 20:58:02,realsense,17.07%,94.51MiB / 30.66GiB,0.30%,0B / 0B,0B / 3.2MB,33
2026-07-30 20:58:02,mapir-ffmpeg,28.82%,171.1MiB / 30.66GiB,0.54%,0B / 0B,0B / 1.88MB,33
2026-07-30 20:58:02,nav2,7.03%,206.5MiB / 30.66GiB,0.66%,0B / 0B,0B / 2.01MB,93
2026-07-30 20:58:02,glim,73.00%,655.7MiB / 30.66GiB,2.09%,0B / 0B,0B / 11.6MB,37
2026-07-30 20:58:05,foxglove,12.13%,503MiB / 30.66GiB,1.60%,0B / 0B,0B / 3.4MB,31
2026-07-30 20:58:05,docker-recorder-run-c43348258146,0.00%,10.29MiB / 30.66GiB,0.03%,0B / 0B,0B / 9.52MB,1
2026-07-30 20:58:05,ouster,7.40%,121.6MiB / 30.66GiB,0.39%,0B / 0B,131kB / 2.85MB,29
2026-07-30 20:58:05,scovox,79.24%,319.7MiB / 30.66GiB,1.02%,0B / 0B,0B / 8.44MB,53
2026-07-30 20:58:05,openzen,2.53%,33.9MiB / 30.66GiB,0.11%,0B / 0B,0B / 2.15MB,20
2026-07-30 20:58:05,trav_ros2,100.90%,421.3MiB / 30.66GiB,1.34%,0B / 0B,0B / 14.9MB,44
2026-07-30 20:58:05,realsense,16.83%,94.51MiB / 30.66GiB,0.30%,0B / 0B,0B / 3.2MB,33
2026-07-30 20:58:05,mapir-ffmpeg,29.15%,170.8MiB / 30.66GiB,0.54%,0B / 0B,0B / 1.89MB,33
2026-07-30 20:58:05,nav2,6.39%,206.6MiB / 30.66GiB,0.66%,0B / 0B,0B / 2.01MB,93
2026-07-30 20:58:05,glim,78.08%,663.8MiB / 30.66GiB,2.11%,0B / 0B,0B / 11.6MB,37
2026-07-30 20:58:08,foxglove,13.33%,530.4MiB / 30.66GiB,1.69%,0B / 0B,0B / 3.4MB,31
2026-07-30 20:58:08,docker-recorder-run-c43348258146,0.00%,10.29MiB / 30.66GiB,0.03%,0B / 0B,0B / 9.52MB,1
2026-07-30 20:58:08,ouster,7.34%,122.1MiB / 30.66GiB,0.39%,0B / 0B,131kB / 2.85MB,29
2026-07-30 20:58:08,scovox,80.45%,261.9MiB / 30.66GiB,0.83%,0B / 0B,0B / 8.54MB,53
2026-07-30 20:58:08,openzen,2.68%,33.9MiB / 30.66GiB,0.11%,0B / 0B,0B / 2.15MB,20
2026-07-30 20:58:08,trav_ros2,102.00%,391.3MiB / 30.66GiB,1.25%,0B / 0B,0B / 14.9MB,44
2026-07-30 20:58:08,realsense,17.36%,94.51MiB / 30.66GiB,0.30%,0B / 0B,0B / 3.2MB,33
2026-07-30 20:58:08,mapir-ffmpeg,28.99%,171.6MiB / 30.66GiB,0.55%,0B / 0B,0B / 1.89MB,33
2026-07-30 20:58:08,nav2,7.16%,199.7MiB / 30.66GiB,0.64%,0B / 0B,0B / 2.01MB,93
2026-07-30 20:58:08,glim,82.06%,664.6MiB / 30.66GiB,2.12%,0B / 0B,0B / 11.6MB,37
2026-07-30 20:58:12,foxglove,12.01%,503.1MiB / 30.66GiB,1.60%,0B / 0B,0B / 3.4MB,31
2026-07-30 20:58:12,docker-recorder-run-c43348258146,0.00%,10.29MiB / 30.66GiB,0.03%,0B / 0B,0B / 9.52MB,1
2026-07-30 20:58:12,ouster,6.96%,121.9MiB / 30.66GiB,0.39%,0B / 0B,131kB / 2.85MB,29
2026-07-30 20:58:12,scovox,54.07%,316.2MiB / 30.66GiB,1.01%,0B / 0B,0B / 8.54MB,53
2026-07-30 20:58:12,openzen,2.35%,33.9MiB / 30.66GiB,0.11%,0B / 0B,0B / 2.15MB,20
2026-07-30 20:58:12,trav_ros2,100.71%,385.2MiB / 30.66GiB,1.23%,0B / 0B,0B / 14.9MB,44
2026-07-30 20:58:12,realsense,16.56%,94.51MiB / 30.66GiB,0.30%,0B / 0B,0B / 3.2MB,33
2026-07-30 20:58:12,mapir-ffmpeg,29.15%,171.3MiB / 30.66GiB,0.55%,0B / 0B,0B / 1.89MB,33
2026-07-30 20:58:12,nav2,6.43%,206.7MiB / 30.66GiB,0.66%,0B / 0B,0B / 2.01MB,93
2026-07-30 20:58:12,glim,75.88%,641.9MiB / 30.66GiB,2.04%,0B / 0B,0B / 11.6MB,37
2026-07-30 20:58:15,foxglove,13.51%,538.8MiB / 30.66GiB,1.72%,0B / 0B,0B / 3.4MB,31
2026-07-30 20:58:15,docker-recorder-run-c43348258146,0.00%,10.29MiB / 30.66GiB,0.03%,0B / 0B,0B / 9.52MB,1
2026-07-30 20:58:15,ouster,7.45%,121.9MiB / 30.66GiB,0.39%,0B / 0B,131kB / 2.85MB,29
2026-07-30 20:58:15,scovox,74.46%,265MiB / 30.66GiB,0.84%,0B / 0B,0B / 8.54MB,53
2026-07-30 20:58:15,openzen,2.48%,33.9MiB / 30.66GiB,0.11%,0B / 0B,0B / 2.15MB,20
2026-07-30 20:58:15,trav_ros2,101.64%,392.2MiB / 30.66GiB,1.25%,0B / 0B,0B / 14.9MB,44
2026-07-30 20:58:15,realsense,17.05%,94.51MiB / 30.66GiB,0.30%,0B / 0B,0B / 3.2MB,33
2026-07-30 20:58:15,mapir-ffmpeg,29.05%,170.8MiB / 30.66GiB,0.54%,0B / 0B,0B / 1.89MB,33
2026-07-30 20:58:15,nav2,6.56%,206.7MiB / 30.66GiB,0.66%,0B / 0B,0B / 2.01MB,93
2026-07-30 20:58:15,glim,76.99%,643.1MiB / 30.66GiB,2.05%,0B / 0B,0B / 11.6MB,37
2026-07-30 20:58:18,foxglove,11.99%,494.9MiB / 30.66GiB,1.58%,0B / 0B,0B / 3.4MB,31
2026-07-30 20:58:18,docker-recorder-run-c43348258146,0.00%,10.29MiB / 30.66GiB,0.03%,0B / 0B,0B / 9.52MB,1
2026-07-30 20:58:18,ouster,7.48%,121.9MiB / 30.66GiB,0.39%,0B / 0B,131kB / 2.85MB,29
2026-07-30 20:58:18,scovox,52.46%,321.7MiB / 30.66GiB,1.02%,0B / 0B,0B / 8.54MB,53
2026-07-30 20:58:18,openzen,2.63%,33.9MiB / 30.66GiB,0.11%,0B / 0B,0B / 2.15MB,20
2026-07-30 20:58:18,trav_ros2,101.73%,390.7MiB / 30.66GiB,1.24%,0B / 0B,0B / 14.9MB,44
2026-07-30 20:58:18,realsense,17.66%,95MiB / 30.66GiB,0.30%,0B / 0B,0B / 3.2MB,33
2026-07-30 20:58:18,mapir-ffmpeg,29.64%,171.1MiB / 30.66GiB,0.54%,0B / 0B,0B / 1.89MB,33
2026-07-30 20:58:18,nav2,6.36%,199MiB / 30.66GiB,0.63%,0B / 0B,0B / 2.01MB,93
2026-07-30 20:58:18,glim,79.95%,667.6MiB / 30.66GiB,2.13%,0B / 0B,0B / 11.6MB,37
2026-07-30 20:58:21,foxglove,13.48%,531MiB / 30.66GiB,1.69%,0B / 0B,0B / 3.4MB,31
2026-07-30 20:58:21,docker-recorder-run-c43348258146,0.00%,10.29MiB / 30.66GiB,0.03%,0B / 0B,0B / 9.52MB,1
2026-07-30 20:58:21,ouster,7.35%,121.6MiB / 30.66GiB,0.39%,0B / 0B,131kB / 2.85MB,29
2026-07-30 20:58:21,scovox,74.33%,288.7MiB / 30.66GiB,0.92%,0B / 0B,0B / 8.54MB,53
2026-07-30 20:58:21,openzen,2.54%,34.4MiB / 30.66GiB,0.11%,0B / 0B,0B / 2.15MB,20
2026-07-30 20:58:21,trav_ros2,102.05%,390.4MiB / 30.66GiB,1.24%,0B / 0B,0B / 14.9MB,44
2026-07-30 20:58:21,realsense,17.90%,94.51MiB / 30.66GiB,0.30%,0B / 0B,0B / 3.2MB,33
2026-07-30 20:58:21,mapir-ffmpeg,29.88%,171.3MiB / 30.66GiB,0.55%,0B / 0B,0B / 1.89MB,33
2026-07-30 20:58:21,nav2,6.30%,199.1MiB / 30.66GiB,0.63%,0B / 0B,0B / 2.01MB,93
2026-07-30 20:58:21,glim,74.86%,670.1MiB / 30.66GiB,2.13%,0B / 0B,0B / 11.6MB,37
2026-07-30 20:58:24,foxglove,12.91%,531.2MiB / 30.66GiB,1.69%,0B / 0B,0B / 3.4MB,31
2026-07-30 20:58:24,docker-recorder-run-c43348258146,0.00%,10.29MiB / 30.66GiB,0.03%,0B / 0B,0B / 9.52MB,1
2026-07-30 20:58:24,ouster,7.39%,121.8MiB / 30.66GiB,0.39%,0B / 0B,131kB / 2.85MB,29
2026-07-30 20:58:24,scovox,58.61%,326.5MiB / 30.66GiB,1.04%,0B / 0B,0B / 8.54MB,53
2026-07-30 20:58:24,openzen,2.82%,33.9MiB / 30.66GiB,0.11%,0B / 0B,0B / 2.15MB,20
2026-07-30 20:58:24,trav_ros2,101.98%,391.6MiB / 30.66GiB,1.25%,0B / 0B,0B / 14.9MB,44
2026-07-30 20:58:24,realsense,17.14%,94.51MiB / 30.66GiB,0.30%,0B / 0B,0B / 3.2MB,33
2026-07-30 20:58:24,mapir-ffmpeg,30.01%,171.1MiB / 30.66GiB,0.54%,0B / 0B,0B / 1.89MB,33
2026-07-30 20:58:24,nav2,8.20%,207.4MiB / 30.66GiB,0.66%,0B / 0B,0B / 2.01MB,93
2026-07-30 20:58:24,glim,77.30%,670.4MiB / 30.66GiB,2.14%,0B / 0B,0B / 11.6MB,37
2026-07-30 20:58:27,foxglove,11.95%,541.5MiB / 30.66GiB,1.72%,0B / 0B,0B / 3.4MB,31
2026-07-30 20:58:27,docker-recorder-run-c43348258146,0.00%,10.29MiB / 30.66GiB,0.03%,0B / 0B,0B / 9.52MB,1
2026-07-30 20:58:27,ouster,7.10%,121.8MiB / 30.66GiB,0.39%,0B / 0B,131kB / 2.85MB,29
2026-07-30 20:58:27,scovox,62.93%,289MiB / 30.66GiB,0.92%,0B / 0B,0B / 8.54MB,53
2026-07-30 20:58:27,openzen,2.65%,33.9MiB / 30.66GiB,0.11%,0B / 0B,0B / 2.15MB,20
2026-07-30 20:58:27,trav_ros2,102.00%,390.7MiB / 30.66GiB,1.24%,0B / 0B,0B / 14.9MB,44
2026-07-30 20:58:27,realsense,16.88%,94.51MiB / 30.66GiB,0.30%,0B / 0B,0B / 3.2MB,33
2026-07-30 20:58:27,mapir-ffmpeg,29.90%,170.8MiB / 30.66GiB,0.54%,0B / 0B,0B / 1.89MB,33
2026-07-30 20:58:27,nav2,6.09%,199.2MiB / 30.66GiB,0.63%,0B / 0B,0B / 2.01MB,93
2026-07-30 20:58:27,glim,79.85%,670.8MiB / 30.66GiB,2.14%,0B / 0B,0B / 11.6MB,37
2026-07-30 20:58:30,foxglove,13.94%,539MiB / 30.66GiB,1.72%,0B / 0B,0B / 3.4MB,31
2026-07-30 20:58:30,docker-recorder-run-c43348258146,0.00%,10.29MiB / 30.66GiB,0.03%,0B / 0B,0B / 9.52MB,1
2026-07-30 20:58:30,ouster,6.94%,121.9MiB / 30.66GiB,0.39%,0B / 0B,131kB / 2.85MB,29
2026-07-30 20:58:30,scovox,63.40%,251.6MiB / 30.66GiB,0.80%,0B / 0B,0B / 8.54MB,53
2026-07-30 20:58:30,openzen,2.49%,33.9MiB / 30.66GiB,0.11%,0B / 0B,0B / 2.15MB,20
2026-07-30 20:58:30,trav_ros2,102.10%,391.2MiB / 30.66GiB,1.25%,0B / 0B,0B / 14.9MB,44
2026-07-30 20:58:30,realsense,15.06%,94.76MiB / 30.66GiB,0.30%,0B / 0B,0B / 3.2MB,33
2026-07-30 20:58:30,mapir-ffmpeg,29.67%,170.8MiB / 30.66GiB,0.54%,0B / 0B,0B / 1.89MB,33
2026-07-30 20:58:30,nav2,6.29%,206.7MiB / 30.66GiB,0.66%,0B / 0B,0B / 2.01MB,93
2026-07-30 20:58:30,glim,82.09%,664.6MiB / 30.66GiB,2.12%,0B / 0B,0B / 11.6MB,37
2026-07-30 20:58:33,foxglove,12.34%,502.7MiB / 30.66GiB,1.60%,0B / 0B,0B / 3.4MB,31
2026-07-30 20:58:33,docker-recorder-run-c43348258146,0.00%,10.29MiB / 30.66GiB,0.03%,0B / 0B,0B / 9.52MB,1
2026-07-30 20:58:33,ouster,7.07%,122.3MiB / 30.66GiB,0.39%,0B / 0B,131kB / 2.85MB,29
2026-07-30 20:58:33,scovox,55.87%,316.8MiB / 30.66GiB,1.01%,0B / 0B,0B / 8.54MB,53
2026-07-30 20:58:33,openzen,2.41%,34.15MiB / 30.66GiB,0.11%,0B / 0B,0B / 2.15MB,20
2026-07-30 20:58:33,trav_ros2,101.73%,391.6MiB / 30.66GiB,1.25%,0B / 0B,0B / 14.9MB,44
2026-07-30 20:58:33,realsense,16.51%,94.76MiB / 30.66GiB,0.30%,0B / 0B,0B / 3.2MB,33
2026-07-30 20:58:33,mapir-ffmpeg,29.17%,171.3MiB / 30.66GiB,0.55%,0B / 0B,0B / 1.89MB,33
2026-07-30 20:58:33,nav2,6.28%,207.2MiB / 30.66GiB,0.66%,0B / 0B,0B / 2.01MB,93
2026-07-30 20:58:33,glim,83.53%,670MiB / 30.66GiB,2.13%,0B / 0B,0B / 11.6MB,37
2026-07-30 20:58:37,foxglove,13.28%,538.9MiB / 30.66GiB,1.72%,0B / 0B,0B / 3.4MB,31
2026-07-30 20:58:37,docker-recorder-run-c43348258146,0.00%,10.29MiB / 30.66GiB,0.03%,0B / 0B,0B / 9.52MB,1
2026-07-30 20:58:37,ouster,7.10%,121.9MiB / 30.66GiB,0.39%,0B / 0B,131kB / 2.85MB,29
2026-07-30 20:58:37,scovox,74.32%,289.2MiB / 30.66GiB,0.92%,0B / 0B,0B / 8.54MB,53
2026-07-30 20:58:37,openzen,2.72%,33.9MiB / 30.66GiB,0.11%,0B / 0B,0B / 2.15MB,20
2026-07-30 20:58:37,trav_ros2,101.23%,390.8MiB / 30.66GiB,1.24%,0B / 0B,0B / 14.9MB,44
2026-07-30 20:58:37,realsense,16.31%,94.51MiB / 30.66GiB,0.30%,0B / 0B,0B / 3.2MB,33
2026-07-30 20:58:37,mapir-ffmpeg,28.89%,171.1MiB / 30.66GiB,0.54%,0B / 0B,0B / 1.89MB,33
2026-07-30 20:58:37,nav2,6.23%,206.7MiB / 30.66GiB,0.66%,0B / 0B,0B / 2.02MB,93
2026-07-30 20:58:37,glim,78.91%,669.8MiB / 30.66GiB,2.13%,0B / 0B,0B / 11.6MB,37
2026-07-30 20:58:40,foxglove,12.60%,554.7MiB / 30.66GiB,1.77%,0B / 0B,0B / 3.4MB,31
2026-07-30 20:58:40,docker-recorder-run-c43348258146,0.00%,10.29MiB / 30.66GiB,0.03%,0B / 0B,0B / 9.52MB,1
2026-07-30 20:58:40,ouster,7.38%,121.4MiB / 30.66GiB,0.39%,0B / 0B,131kB / 2.85MB,29
2026-07-30 20:58:40,scovox,52.25%,320.4MiB / 30.66GiB,1.02%,0B / 0B,0B / 8.63MB,53
2026-07-30 20:58:40,openzen,2.81%,34.17MiB / 30.66GiB,0.11%,0B / 0B,0B / 2.15MB,20
2026-07-30 20:58:40,trav_ros2,101.68%,391.1MiB / 30.66GiB,1.25%,0B / 0B,0B / 14.9MB,44
2026-07-30 20:58:40,realsense,16.68%,94.51MiB / 30.66GiB,0.30%,0B / 0B,0B / 3.2MB,33
2026-07-30 20:58:40,mapir-ffmpeg,29.16%,170.8MiB / 30.66GiB,0.54%,0B / 0B,0B / 1.9MB,33
2026-07-30 20:58:40,nav2,7.37%,207.7MiB / 30.66GiB,0.66%,0B / 0B,0B / 2.02MB,93
2026-07-30 20:58:40,glim,80.58%,667.6MiB / 30.66GiB,2.13%,0B / 0B,0B / 11.6MB,37
2026-07-30 20:58:43,foxglove,13.49%,530.6MiB / 30.66GiB,1.69%,0B / 0B,0B / 3.4MB,31
2026-07-30 20:58:43,docker-recorder-run-c43348258146,81.39%,63.76MiB / 30.66GiB,0.20%,0B / 0B,0B / 9.52MB,19
2026-07-30 20:58:43,ouster,9.21%,121.6MiB / 30.66GiB,0.39%,0B / 0B,131kB / 2.85MB,29
2026-07-30 20:58:43,scovox,71.89%,266.3MiB / 30.66GiB,0.85%,0B / 0B,0B / 8.63MB,53
2026-07-30 20:58:43,openzen,3.83%,33.93MiB / 30.66GiB,0.11%,0B / 0B,0B / 2.15MB,20
2026-07-30 20:58:43,trav_ros2,100.40%,391.1MiB / 30.66GiB,1.25%,0B / 0B,0B / 14.9MB,44
2026-07-30 20:58:43,realsense,25.87%,96.89MiB / 30.66GiB,0.31%,0B / 0B,0B / 3.2MB,36
2026-07-30 20:58:43,mapir-ffmpeg,66.70%,407.6MiB / 30.66GiB,1.30%,0B / 0B,0B / 1.9MB,40
2026-07-30 20:58:43,nav2,9.67%,207MiB / 30.66GiB,0.66%,0B / 0B,0B / 2.02MB,93
2026-07-30 20:58:43,glim,85.04%,671.1MiB / 30.66GiB,2.14%,0B / 0B,0B / 11.6MB,37
2026-07-30 20:58:46,foxglove,10.75%,494.6MiB / 30.66GiB,1.58%,0B / 0B,0B / 3.4MB,31
2026-07-30 20:58:46,ouster,6.95%,121.4MiB / 30.66GiB,0.39%,0B / 0B,131kB / 2.85MB,29
2026-07-30 20:58:46,scovox,46.76%,320.9MiB / 30.66GiB,1.02%,0B / 0B,0B / 8.68MB,53
2026-07-30 20:58:46,openzen,2.50%,33.93MiB / 30.66GiB,0.11%,0B / 0B,0B / 2.15MB,20
2026-07-30 20:58:46,trav_ros2,99.52%,392.1MiB / 30.66GiB,1.25%,0B / 0B,0B / 14.9MB,44
2026-07-30 20:58:46,nav2,6.40%,206.5MiB / 30.66GiB,0.66%,0B / 0B,0B / 2.04MB,93
2026-07-30 20:58:46,glim,79.99%,672MiB / 30.66GiB,2.14%,0B / 0B,0B / 11.6MB,37
2026-07-30 20:58:49,foxglove,11.98%,531.1MiB / 30.66GiB,1.69%,0B / 0B,0B / 3.4MB,31
2026-07-30 20:58:49,ouster,8.10%,122.1MiB / 30.66GiB,0.39%,0B / 0B,131kB / 2.85MB,29
2026-07-30 20:58:49,scovox,75.11%,285MiB / 30.66GiB,0.91%,0B / 0B,0B / 8.68MB,53
2026-07-30 20:58:49,openzen,2.67%,34.67MiB / 30.66GiB,0.11%,0B / 0B,0B / 2.15MB,20
2026-07-30 20:58:49,trav_ros2,101.69%,387.1MiB / 30.66GiB,1.23%,0B / 0B,0B / 14.9MB,44
2026-07-30 20:58:49,nav2,8.69%,208.1MiB / 30.66GiB,0.66%,0B / 0B,0B / 2.04MB,93
2026-07-30 20:58:49,glim,81.80%,673.2MiB / 30.66GiB,2.14%,0B / 0B,0B / 11.6MB,37
2026-07-30 20:58:52,foxglove,12.33%,539.1MiB / 30.66GiB,1.72%,0B / 0B,0B / 3.4MB,31
2026-07-30 20:58:52,ouster,7.32%,122.1MiB / 30.66GiB,0.39%,0B / 0B,131kB / 2.85MB,29
2026-07-30 20:58:52,scovox,63.23%,326.8MiB / 30.66GiB,1.04%,0B / 0B,0B / 8.68MB,53
2026-07-30 20:58:52,openzen,2.40%,33.93MiB / 30.66GiB,0.11%,0B / 0B,0B / 2.15MB,20
2026-07-30 20:58:52,trav_ros2,101.36%,425.3MiB / 30.66GiB,1.35%,0B / 0B,0B / 14.9MB,44
2026-07-30 20:58:52,nav2,6.59%,200MiB / 30.66GiB,0.64%,0B / 0B,0B / 2.04MB,93
2026-07-30 20:58:52,glim,76.07%,672.7MiB / 30.66GiB,2.14%,0B / 0B,0B / 11.6MB,37
