Timestamp,Name,CPU_Perc,Mem_Usage,Mem_Perc,Net_IO,Block_IO,PIDs
2026-07-31 12:23:03,scovox,107.05%,39.78MiB / 30.66GiB,0.13%,0B / 0B,0B / 705kB,5
2026-07-31 12:23:03,ouster,78.66%,74.99MiB / 30.66GiB,0.24%,0B / 0B,0B / 2.86MB,27
2026-07-31 12:23:03,openzen,3.80%,31.27MiB / 30.66GiB,0.10%,0B / 0B,0B / 2.14MB,20
2026-07-31 12:23:03,realsense,133.05%,41.16MiB / 30.66GiB,0.13%,0B / 0B,0B / 274kB,5
2026-07-31 12:23:03,mapir-ffmpeg,42.90%,125.1MiB / 30.66GiB,0.40%,0B / 0B,0B / 852kB,32
2026-07-31 12:23:03,domain_bridge,201.54%,43.53MiB / 30.66GiB,0.14%,0B / 0B,0B / 696kB,9
2026-07-31 12:23:03,nav2,13.29%,111.3MiB / 30.66GiB,0.35%,0B / 0B,0B / 1.13MB,90
2026-07-31 12:23:03,glim,120.86%,37.05MiB / 30.66GiB,0.12%,0B / 0B,0B / 11MB,2
2026-07-31 12:23:06,docker-recorder-run-a563b0293c6b,92.19%,67.52MiB / 30.66GiB,0.22%,0B / 0B,0B / 0B,19
2026-07-31 12:23:06,glim,45.97%,88.43MiB / 30.66GiB,0.28%,0B / 0B,0B / 11MB,20
2026-07-31 12:23:06,scovox,17.69%,244.4MiB / 30.66GiB,0.78%,0B / 0B,0B / 1.03MB,53
2026-07-31 12:23:06,ouster,6.90%,117.5MiB / 30.66GiB,0.37%,0B / 0B,0B / 2.86MB,30
2026-07-31 12:23:06,openzen,3.57%,32.82MiB / 30.66GiB,0.10%,0B / 0B,0B / 2.14MB,20
2026-07-31 12:23:06,realsense,17.17%,91.98MiB / 30.66GiB,0.29%,0B / 0B,0B / 2.29MB,33
2026-07-31 12:23:06,mapir-ffmpeg,28.77%,167.1MiB / 30.66GiB,0.53%,0B / 0B,0B / 1.27MB,33
2026-07-31 12:23:06,domain_bridge,112.80%,40.83MiB / 30.66GiB,0.13%,0B / 0B,0B / 725kB,7
2026-07-31 12:23:06,nav2,6.35%,118.6MiB / 30.66GiB,0.38%,0B / 0B,0B / 1.13MB,90
2026-07-31 12:23:09,docker-recorder-run-a563b0293c6b,99.39%,41.69MiB / 30.66GiB,0.13%,0B / 0B,0B / 0B,11
2026-07-31 12:23:09,glim,78.69%,162.8MiB / 30.66GiB,0.52%,0B / 0B,0B / 11MB,35
2026-07-31 12:23:09,scovox,4.75%,247.7MiB / 30.66GiB,0.79%,0B / 0B,0B / 1.03MB,53
2026-07-31 12:23:09,ouster,6.87%,116MiB / 30.66GiB,0.37%,0B / 0B,0B / 2.86MB,30
2026-07-31 12:23:09,openzen,3.39%,31.45MiB / 30.66GiB,0.10%,0B / 0B,0B / 2.14MB,20
2026-07-31 12:23:09,realsense,16.77%,90.97MiB / 30.66GiB,0.29%,0B / 0B,0B / 2.29MB,33
2026-07-31 12:23:09,mapir-ffmpeg,28.54%,165.6MiB / 30.66GiB,0.53%,0B / 0B,0B / 1.27MB,33
2026-07-31 12:23:09,domain_bridge,105.36%,44.24MiB / 30.66GiB,0.14%,0B / 0B,0B / 725kB,7
2026-07-31 12:23:09,nav2,5.24%,121.1MiB / 30.66GiB,0.39%,0B / 0B,0B / 1.13MB,92
2026-07-31 12:23:11,trav_ros2,101.84%,42.85MiB / 30.66GiB,0.14%,0B / 0B,0B / 61.4kB,5
2026-07-31 12:23:11,docker-recorder-run-a563b0293c6b,130.00%,39.84MiB / 30.66GiB,0.13%,0B / 0B,0B / 147kB,11
2026-07-31 12:23:11,glim,77.34%,265MiB / 30.66GiB,0.84%,0B / 0B,0B / 11.6MB,35
2026-07-31 12:23:11,scovox,92.01%,380.9MiB / 30.66GiB,1.21%,0B / 0B,0B / 3.51MB,53
2026-07-31 12:23:11,ouster,7.00%,116.2MiB / 30.66GiB,0.37%,0B / 0B,0B / 2.88MB,30
2026-07-31 12:23:11,openzen,3.32%,31.1MiB / 30.66GiB,0.10%,0B / 0B,0B / 2.15MB,20
2026-07-31 12:23:11,realsense,17.27%,90.54MiB / 30.66GiB,0.29%,0B / 0B,0B / 3.28MB,33
2026-07-31 12:23:11,mapir-ffmpeg,29.03%,166.5MiB / 30.66GiB,0.53%,0B / 0B,0B / 1.27MB,33
2026-07-31 12:23:11,domain_bridge,73.73%,63.08MiB / 30.66GiB,0.20%,0B / 0B,0B / 3.48MB,9
2026-07-31 12:23:11,nav2,6.81%,119.8MiB / 30.66GiB,0.38%,0B / 0B,0B / 1.17MB,92
2026-07-31 12:23:14,trav_ros2,36.03%,129.8MiB / 30.66GiB,0.41%,0B / 0B,0B / 98.3kB,44
2026-07-31 12:23:14,docker-recorder-run-a563b0293c6b,113.29%,43.26MiB / 30.66GiB,0.14%,0B / 0B,0B / 209kB,14
2026-07-31 12:23:14,glim,76.34%,290.3MiB / 30.66GiB,0.92%,0B / 0B,0B / 11.6MB,35
2026-07-31 12:23:14,scovox,111.05%,565.5MiB / 30.66GiB,1.80%,0B / 0B,0B / 3.51MB,53
2026-07-31 12:23:14,ouster,7.76%,116.7MiB / 30.66GiB,0.37%,0B / 0B,0B / 2.88MB,30
2026-07-31 12:23:14,openzen,3.30%,31.49MiB / 30.66GiB,0.10%,0B / 0B,0B / 2.15MB,20
2026-07-31 12:23:14,realsense,17.46%,91.45MiB / 30.66GiB,0.29%,0B / 0B,0B / 3.28MB,33
2026-07-31 12:23:14,mapir-ffmpeg,28.99%,166.4MiB / 30.66GiB,0.53%,0B / 0B,0B / 1.27MB,33
2026-07-31 12:23:14,domain_bridge,88.57%,38.29MiB / 30.66GiB,0.12%,0B / 0B,0B / 3.51MB,2
2026-07-31 12:23:14,nav2,6.42%,121.6MiB / 30.66GiB,0.39%,0B / 0B,0B / 1.17MB,92
2026-07-31 12:23:17,trav_ros2,37.36%,131.8MiB / 30.66GiB,0.42%,0B / 0B,0B / 98.3kB,44
2026-07-31 12:23:17,docker-recorder-run-a563b0293c6b,191.36%,43.42MiB / 30.66GiB,0.14%,0B / 0B,0B / 209kB,11
2026-07-31 12:23:17,glim,76.53%,290.6MiB / 30.66GiB,0.93%,0B / 0B,0B / 11.6MB,35
2026-07-31 12:23:17,scovox,129.81%,579.6MiB / 30.66GiB,1.85%,0B / 0B,0B / 3.51MB,53
2026-07-31 12:23:17,ouster,8.15%,117.1MiB / 30.66GiB,0.37%,0B / 0B,0B / 2.88MB,30
2026-07-31 12:23:17,openzen,3.83%,31.86MiB / 30.66GiB,0.10%,0B / 0B,0B / 2.15MB,20
2026-07-31 12:23:17,realsense,17.88%,91.6MiB / 30.66GiB,0.29%,0B / 0B,0B / 3.28MB,33
2026-07-31 12:23:17,mapir-ffmpeg,29.80%,167.3MiB / 30.66GiB,0.53%,0B / 0B,0B / 1.27MB,33
2026-07-31 12:23:17,domain_bridge,10.91%,54.73MiB / 30.66GiB,0.17%,0B / 0B,0B / 3.51MB,28
2026-07-31 12:23:17,nav2,7.33%,122.4MiB / 30.66GiB,0.39%,0B / 0B,0B / 1.17MB,92
2026-07-31 12:23:20,trav_ros2,35.57%,132MiB / 30.66GiB,0.42%,0B / 0B,0B / 98.3kB,44
2026-07-31 12:23:20,docker-recorder-run-a563b0293c6b,30.10%,10.67MiB / 30.66GiB,0.03%,0B / 0B,0B / 381kB,2
2026-07-31 12:23:20,glim,75.97%,292.9MiB / 30.66GiB,0.93%,0B / 0B,0B / 11.6MB,35
2026-07-31 12:23:20,scovox,106.10%,591.5MiB / 30.66GiB,1.88%,0B / 0B,0B / 3.51MB,53
2026-07-31 12:23:20,ouster,7.46%,117.1MiB / 30.66GiB,0.37%,0B / 0B,0B / 2.88MB,30
2026-07-31 12:23:20,openzen,3.29%,31.92MiB / 30.66GiB,0.10%,0B / 0B,0B / 2.15MB,20
2026-07-31 12:23:20,realsense,17.04%,91.67MiB / 30.66GiB,0.29%,0B / 0B,0B / 3.28MB,33
2026-07-31 12:23:20,mapir-ffmpeg,28.83%,167.4MiB / 30.66GiB,0.53%,0B / 0B,0B / 1.27MB,33
2026-07-31 12:23:20,domain_bridge,1.06%,60.2MiB / 30.66GiB,0.19%,0B / 0B,0B / 3.51MB,28
2026-07-31 12:23:20,nav2,6.75%,122.9MiB / 30.66GiB,0.39%,0B / 0B,0B / 1.17MB,92
2026-07-31 12:23:23,trav_ros2,35.93%,132.9MiB / 30.66GiB,0.42%,0B / 0B,0B / 98.3kB,44
2026-07-31 12:23:23,docker-recorder-run-a563b0293c6b,0.00%,10.5MiB / 30.66GiB,0.03%,0B / 0B,0B / 381kB,2
2026-07-31 12:23:23,glim,77.10%,304.9MiB / 30.66GiB,0.97%,0B / 0B,0B / 11.6MB,35
2026-07-31 12:23:23,scovox,119.51%,617.5MiB / 30.66GiB,1.97%,0B / 0B,0B / 3.51MB,53
2026-07-31 12:23:23,ouster,7.36%,117.6MiB / 30.66GiB,0.37%,0B / 0B,0B / 2.88MB,30
2026-07-31 12:23:23,openzen,3.08%,31.92MiB / 30.66GiB,0.10%,0B / 0B,0B / 2.15MB,20
2026-07-31 12:23:23,realsense,16.97%,91.43MiB / 30.66GiB,0.29%,0B / 0B,0B / 3.28MB,33
2026-07-31 12:23:23,mapir-ffmpeg,28.63%,167MiB / 30.66GiB,0.53%,0B / 0B,0B / 1.27MB,33
2026-07-31 12:23:23,domain_bridge,2.69%,61.42MiB / 30.66GiB,0.20%,0B / 0B,0B / 3.51MB,28
2026-07-31 12:23:23,nav2,6.24%,123.1MiB / 30.66GiB,0.39%,0B / 0B,0B / 1.17MB,92
2026-07-31 12:23:26,trav_ros2,35.80%,131.8MiB / 30.66GiB,0.42%,0B / 0B,0B / 98.3kB,44
2026-07-31 12:23:26,docker-recorder-run-a563b0293c6b,0.00%,10.5MiB / 30.66GiB,0.03%,0B / 0B,0B / 381kB,2
2026-07-31 12:23:26,glim,76.51%,323.8MiB / 30.66GiB,1.03%,0B / 0B,0B / 11.6MB,35
2026-07-31 12:23:26,scovox,106.24%,647.7MiB / 30.66GiB,2.06%,0B / 0B,0B / 3.51MB,53
2026-07-31 12:23:26,ouster,7.57%,118.3MiB / 30.66GiB,0.38%,0B / 0B,0B / 2.88MB,30
2026-07-31 12:23:26,openzen,3.20%,32.21MiB / 30.66GiB,0.10%,0B / 0B,0B / 2.15MB,20
2026-07-31 12:23:26,realsense,16.50%,91.97MiB / 30.66GiB,0.29%,0B / 0B,0B / 3.28MB,33
2026-07-31 12:23:26,mapir-ffmpeg,29.16%,167.5MiB / 30.66GiB,0.53%,0B / 0B,0B / 1.27MB,33
2026-07-31 12:23:26,domain_bridge,1.07%,60.76MiB / 30.66GiB,0.19%,0B / 0B,0B / 3.51MB,28
2026-07-31 12:23:26,nav2,6.93%,123.5MiB / 30.66GiB,0.39%,0B / 0B,0B / 1.17MB,92
2026-07-31 12:23:29,trav_ros2,35.76%,132.2MiB / 30.66GiB,0.42%,0B / 0B,0B / 98.3kB,44
2026-07-31 12:23:29,docker-recorder-run-a563b0293c6b,0.65%,10.51MiB / 30.66GiB,0.03%,0B / 0B,0B / 381kB,1
2026-07-31 12:23:29,glim,73.78%,334.5MiB / 30.66GiB,1.07%,0B / 0B,0B / 11.6MB,35
2026-07-31 12:23:29,scovox,113.58%,675.4MiB / 30.66GiB,2.15%,0B / 0B,0B / 3.51MB,53
2026-07-31 12:23:29,ouster,7.33%,117.1MiB / 30.66GiB,0.37%,0B / 0B,0B / 2.88MB,30
2026-07-31 12:23:29,openzen,3.09%,31.99MiB / 30.66GiB,0.10%,0B / 0B,0B / 2.15MB,20
2026-07-31 12:23:29,realsense,16.65%,91.5MiB / 30.66GiB,0.29%,0B / 0B,0B / 3.28MB,33
2026-07-31 12:23:29,mapir-ffmpeg,28.53%,166.6MiB / 30.66GiB,0.53%,0B / 0B,0B / 1.27MB,33
2026-07-31 12:23:29,domain_bridge,0.53%,61.84MiB / 30.66GiB,0.20%,0B / 0B,0B / 3.51MB,28
2026-07-31 12:23:29,nav2,6.26%,123.5MiB / 30.66GiB,0.39%,0B / 0B,0B / 1.17MB,92
2026-07-31 12:23:32,trav_ros2,36.25%,132.4MiB / 30.66GiB,0.42%,0B / 0B,0B / 98.3kB,44
2026-07-31 12:23:32,docker-recorder-run-a563b0293c6b,0.00%,10.45MiB / 30.66GiB,0.03%,0B / 0B,0B / 381kB,1
2026-07-31 12:23:32,glim,73.94%,334.8MiB / 30.66GiB,1.07%,0B / 0B,0B / 11.6MB,35
2026-07-31 12:23:32,scovox,111.25%,586MiB / 30.66GiB,1.87%,0B / 0B,0B / 3.51MB,53
2026-07-31 12:23:32,ouster,7.36%,117.2MiB / 30.66GiB,0.37%,0B / 0B,0B / 2.88MB,30
2026-07-31 12:23:32,openzen,2.94%,32MiB / 30.66GiB,0.10%,0B / 0B,0B / 2.15MB,20
2026-07-31 12:23:32,realsense,16.80%,91.26MiB / 30.66GiB,0.29%,0B / 0B,0B / 3.28MB,33
2026-07-31 12:23:32,mapir-ffmpeg,28.47%,167.4MiB / 30.66GiB,0.53%,0B / 0B,0B / 1.27MB,33
2026-07-31 12:23:32,domain_bridge,2.58%,61.96MiB / 30.66GiB,0.20%,0B / 0B,0B / 3.51MB,28
2026-07-31 12:23:32,nav2,6.19%,123.7MiB / 30.66GiB,0.39%,0B / 0B,0B / 1.17MB,92
2026-07-31 12:23:36,trav_ros2,35.89%,133.9MiB / 30.66GiB,0.43%,0B / 0B,0B / 98.3kB,44
2026-07-31 12:23:36,docker-recorder-run-a563b0293c6b,0.00%,10.3MiB / 30.66GiB,0.03%,0B / 0B,0B / 381kB,1
2026-07-31 12:23:36,glim,94.76%,335.3MiB / 30.66GiB,1.07%,0B / 0B,0B / 11.6MB,35
2026-07-31 12:23:36,scovox,105.44%,621.4MiB / 30.66GiB,1.98%,0B / 0B,0B / 3.51MB,53
2026-07-31 12:23:36,ouster,7.83%,117.5MiB / 30.66GiB,0.37%,0B / 0B,0B / 2.88MB,30
2026-07-31 12:23:36,openzen,2.77%,32.54MiB / 30.66GiB,0.10%,0B / 0B,0B / 2.15MB,20
2026-07-31 12:23:36,realsense,17.17%,91.8MiB / 30.66GiB,0.29%,0B / 0B,0B / 3.28MB,33
2026-07-31 12:23:36,mapir-ffmpeg,28.66%,167.5MiB / 30.66GiB,0.53%,0B / 0B,0B / 1.27MB,33
2026-07-31 12:23:36,domain_bridge,1.20%,63.93MiB / 30.66GiB,0.20%,0B / 0B,0B / 3.51MB,28
2026-07-31 12:23:36,nav2,6.53%,122.9MiB / 30.66GiB,0.39%,0B / 0B,0B / 1.17MB,92
2026-07-31 12:23:39,trav_ros2,35.90%,132.2MiB / 30.66GiB,0.42%,0B / 0B,0B / 98.3kB,44
2026-07-31 12:23:39,docker-recorder-run-a563b0293c6b,0.00%,10.3MiB / 30.66GiB,0.03%,0B / 0B,0B / 381kB,1
2026-07-31 12:23:39,glim,75.63%,344MiB / 30.66GiB,1.10%,0B / 0B,0B / 11.6MB,35
2026-07-31 12:23:39,scovox,113.74%,615.2MiB / 30.66GiB,1.96%,0B / 0B,0B / 3.51MB,53
2026-07-31 12:23:39,ouster,7.69%,117.8MiB / 30.66GiB,0.38%,0B / 0B,0B / 2.88MB,30
2026-07-31 12:23:39,openzen,2.73%,31.83MiB / 30.66GiB,0.10%,0B / 0B,0B / 2.15MB,20
2026-07-31 12:23:39,realsense,16.66%,91.35MiB / 30.66GiB,0.29%,0B / 0B,0B / 3.28MB,33
2026-07-31 12:23:39,mapir-ffmpeg,28.58%,167.3MiB / 30.66GiB,0.53%,0B / 0B,0B / 1.27MB,33
2026-07-31 12:23:39,domain_bridge,1.40%,66MiB / 30.66GiB,0.21%,0B / 0B,0B / 3.51MB,28
2026-07-31 12:23:39,nav2,6.18%,123.6MiB / 30.66GiB,0.39%,0B / 0B,0B / 1.17MB,92
2026-07-31 12:23:42,trav_ros2,37.23%,133.1MiB / 30.66GiB,0.42%,0B / 0B,0B / 246kB,44
2026-07-31 12:23:42,docker-recorder-run-a563b0293c6b,0.00%,10.3MiB / 30.66GiB,0.03%,0B / 0B,0B / 852kB,1
2026-07-31 12:23:42,glim,77.08%,352.7MiB / 30.66GiB,1.12%,0B / 0B,0B / 11.6MB,35
2026-07-31 12:23:42,scovox,107.14%,651.9MiB / 30.66GiB,2.08%,0B / 0B,0B / 3.55MB,53
2026-07-31 12:23:42,ouster,7.58%,117.9MiB / 30.66GiB,0.38%,0B / 0B,0B / 2.88MB,30
2026-07-31 12:23:42,openzen,2.90%,32.85MiB / 30.66GiB,0.10%,0B / 0B,0B / 2.15MB,20
2026-07-31 12:23:42,realsense,17.01%,91.62MiB / 30.66GiB,0.29%,0B / 0B,0B / 3.28MB,33
2026-07-31 12:23:42,mapir-ffmpeg,29.59%,166.9MiB / 30.66GiB,0.53%,0B / 0B,0B / 1.27MB,33
2026-07-31 12:23:42,domain_bridge,1.07%,60.27MiB / 30.66GiB,0.19%,0B / 0B,0B / 3.94MB,28
2026-07-31 12:23:42,nav2,7.34%,124.3MiB / 30.66GiB,0.40%,0B / 0B,0B / 1.17MB,92
2026-07-31 12:23:45,trav_ros2,36.24%,133MiB / 30.66GiB,0.42%,0B / 0B,0B / 1.64MB,44
2026-07-31 12:23:45,docker-recorder-run-a563b0293c6b,0.00%,10.3MiB / 30.66GiB,0.03%,0B / 0B,0B / 1.92MB,1
2026-07-31 12:23:45,glim,77.36%,353MiB / 30.66GiB,1.12%,0B / 0B,0B / 11.6MB,35
2026-07-31 12:23:45,scovox,116.88%,647.6MiB / 30.66GiB,2.06%,0B / 0B,0B / 3.55MB,53
2026-07-31 12:23:45,ouster,7.69%,117.6MiB / 30.66GiB,0.37%,0B / 0B,0B / 2.88MB,30
2026-07-31 12:23:45,openzen,2.71%,32.14MiB / 30.66GiB,0.10%,0B / 0B,0B / 2.15MB,20
2026-07-31 12:23:45,realsense,17.20%,92.14MiB / 30.66GiB,0.29%,0B / 0B,0B / 3.28MB,33
2026-07-31 12:23:45,mapir-ffmpeg,28.54%,167.4MiB / 30.66GiB,0.53%,0B / 0B,0B / 1.29MB,33
2026-07-31 12:23:45,domain_bridge,1.65%,60.08MiB / 30.66GiB,0.19%,0B / 0B,0B / 4.62MB,28
2026-07-31 12:23:45,nav2,6.23%,123.4MiB / 30.66GiB,0.39%,0B / 0B,0B / 1.2MB,92
2026-07-31 12:23:48,trav_ros2,35.85%,132.7MiB / 30.66GiB,0.42%,0B / 0B,0B / 1.64MB,44
2026-07-31 12:23:48,docker-recorder-run-a563b0293c6b,0.00%,10.3MiB / 30.66GiB,0.03%,0B / 0B,0B / 1.92MB,1
2026-07-31 12:23:48,glim,77.16%,338.7MiB / 30.66GiB,1.08%,0B / 0B,0B / 11.6MB,35
2026-07-31 12:23:48,scovox,105.36%,663.4MiB / 30.66GiB,2.11%,0B / 0B,0B / 3.55MB,53
2026-07-31 12:23:48,ouster,8.40%,117.6MiB / 30.66GiB,0.37%,0B / 0B,0B / 2.88MB,30
2026-07-31 12:23:48,openzen,2.72%,32.15MiB / 30.66GiB,0.10%,0B / 0B,0B / 2.15MB,20
2026-07-31 12:23:48,realsense,17.20%,91.91MiB / 30.66GiB,0.29%,0B / 0B,0B / 3.28MB,33
2026-07-31 12:23:48,mapir-ffmpeg,29.35%,167.2MiB / 30.66GiB,0.53%,0B / 0B,0B / 1.29MB,33
2026-07-31 12:23:48,domain_bridge,1.96%,64.93MiB / 30.66GiB,0.21%,0B / 0B,0B / 4.62MB,28
2026-07-31 12:23:48,nav2,6.54%,124.1MiB / 30.66GiB,0.40%,0B / 0B,0B / 1.23MB,92
2026-07-31 12:23:51,trav_ros2,36.18%,133MiB / 30.66GiB,0.42%,0B / 0B,0B / 1.65MB,44
2026-07-31 12:23:51,docker-recorder-run-a563b0293c6b,0.00%,10.3MiB / 30.66GiB,0.03%,0B / 0B,0B / 9.49MB,1
2026-07-31 12:23:51,glim,76.36%,351.8MiB / 30.66GiB,1.12%,0B / 0B,0B / 11.6MB,35
2026-07-31 12:23:51,scovox,111.19%,636.4MiB / 30.66GiB,2.03%,0B / 0B,0B / 3.55MB,53
2026-07-31 12:23:51,ouster,8.25%,118.7MiB / 30.66GiB,0.38%,0B / 0B,0B / 2.88MB,30
2026-07-31 12:23:51,openzen,2.86%,31.96MiB / 30.66GiB,0.10%,0B / 0B,0B / 2.15MB,20
2026-07-31 12:23:51,realsense,17.63%,91.71MiB / 30.66GiB,0.29%,0B / 0B,0B / 3.28MB,33
2026-07-31 12:23:51,mapir-ffmpeg,29.48%,167.6MiB / 30.66GiB,0.53%,0B / 0B,0B / 1.29MB,33
2026-07-31 12:23:51,domain_bridge,1.40%,64.22MiB / 30.66GiB,0.20%,0B / 0B,0B / 5.12MB,28
2026-07-31 12:23:51,nav2,8.06%,124.9MiB / 30.66GiB,0.40%,0B / 0B,0B / 1.23MB,92
2026-07-31 12:23:54,trav_ros2,36.08%,132.5MiB / 30.66GiB,0.42%,0B / 0B,0B / 1.65MB,44
2026-07-31 12:23:54,docker-recorder-run-a563b0293c6b,0.00%,10.3MiB / 30.66GiB,0.03%,0B / 0B,0B / 9.49MB,1
2026-07-31 12:23:54,glim,75.02%,352.7MiB / 30.66GiB,1.12%,0B / 0B,0B / 11.6MB,35
2026-07-31 12:23:54,scovox,104.99%,675.5MiB / 30.66GiB,2.15%,0B / 0B,0B / 3.55MB,53
2026-07-31 12:23:54,ouster,8.23%,118MiB / 30.66GiB,0.38%,0B / 0B,0B / 2.88MB,30
2026-07-31 12:23:54,openzen,2.80%,32.24MiB / 30.66GiB,0.10%,0B / 0B,0B / 2.15MB,20
2026-07-31 12:23:54,realsense,17.00%,92.23MiB / 30.66GiB,0.29%,0B / 0B,0B / 3.28MB,33
2026-07-31 12:23:54,mapir-ffmpeg,28.44%,167.1MiB / 30.66GiB,0.53%,0B / 0B,0B / 1.29MB,33
2026-07-31 12:23:54,domain_bridge,0.58%,64.53MiB / 30.66GiB,0.21%,0B / 0B,0B / 5.12MB,28
2026-07-31 12:23:54,nav2,6.46%,123.7MiB / 30.66GiB,0.39%,0B / 0B,0B / 1.23MB,92
2026-07-31 12:23:57,trav_ros2,37.37%,132.7MiB / 30.66GiB,0.42%,0B / 0B,0B / 1.65MB,44
2026-07-31 12:23:57,docker-recorder-run-a563b0293c6b,0.00%,10.3MiB / 30.66GiB,0.03%,0B / 0B,0B / 9.49MB,1
2026-07-31 12:23:57,glim,78.07%,353.4MiB / 30.66GiB,1.13%,0B / 0B,0B / 11.6MB,35
2026-07-31 12:23:57,scovox,112.24%,660.2MiB / 30.66GiB,2.10%,0B / 0B,0B / 3.55MB,53
2026-07-31 12:23:57,ouster,7.69%,118.5MiB / 30.66GiB,0.38%,0B / 0B,0B / 2.88MB,30
2026-07-31 12:23:57,openzen,2.92%,32.02MiB / 30.66GiB,0.10%,0B / 0B,0B / 2.15MB,20
2026-07-31 12:23:57,realsense,17.66%,92.27MiB / 30.66GiB,0.29%,0B / 0B,0B / 3.28MB,33
2026-07-31 12:23:57,mapir-ffmpeg,29.25%,168.2MiB / 30.66GiB,0.54%,0B / 0B,0B / 1.29MB,33
2026-07-31 12:23:57,domain_bridge,1.30%,70.06MiB / 30.66GiB,0.22%,0B / 0B,0B / 5.12MB,28
2026-07-31 12:23:57,nav2,7.26%,125.9MiB / 30.66GiB,0.40%,0B / 0B,0B / 1.23MB,92
2026-07-31 12:24:00,trav_ros2,37.42%,132.4MiB / 30.66GiB,0.42%,0B / 0B,0B / 1.65MB,44
2026-07-31 12:24:00,docker-recorder-run-a563b0293c6b,0.00%,10.3MiB / 30.66GiB,0.03%,0B / 0B,0B / 9.49MB,1
2026-07-31 12:24:00,glim,78.29%,361.9MiB / 30.66GiB,1.15%,0B / 0B,0B / 11.6MB,35
2026-07-31 12:24:00,scovox,111.17%,675.4MiB / 30.66GiB,2.15%,0B / 0B,0B / 3.55MB,53
2026-07-31 12:24:00,ouster,7.90%,117.9MiB / 30.66GiB,0.38%,0B / 0B,0B / 2.88MB,30
2026-07-31 12:24:00,openzen,2.65%,32.3MiB / 30.66GiB,0.10%,0B / 0B,0B / 2.15MB,20
2026-07-31 12:24:00,realsense,17.62%,92.07MiB / 30.66GiB,0.29%,0B / 0B,0B / 3.28MB,33
2026-07-31 12:24:00,mapir-ffmpeg,29.17%,167.7MiB / 30.66GiB,0.53%,0B / 0B,0B / 1.29MB,33
2026-07-31 12:24:00,domain_bridge,1.14%,70.07MiB / 30.66GiB,0.22%,0B / 0B,0B / 5.12MB,28
2026-07-31 12:24:00,nav2,6.67%,124.3MiB / 30.66GiB,0.40%,0B / 0B,0B / 1.23MB,92
2026-07-31 12:24:03,trav_ros2,36.85%,132.7MiB / 30.66GiB,0.42%,0B / 0B,0B / 1.65MB,44
2026-07-31 12:24:03,docker-recorder-run-a563b0293c6b,0.00%,10.3MiB / 30.66GiB,0.03%,0B / 0B,0B / 9.49MB,1
2026-07-31 12:24:03,glim,77.17%,362MiB / 30.66GiB,1.15%,0B / 0B,0B / 11.6MB,35
2026-07-31 12:24:03,scovox,111.00%,672MiB / 30.66GiB,2.14%,0B / 0B,0B / 3.55MB,53
2026-07-31 12:24:03,ouster,7.68%,117.7MiB / 30.66GiB,0.37%,0B / 0B,0B / 2.88MB,30
2026-07-31 12:24:03,openzen,2.69%,32.55MiB / 30.66GiB,0.10%,0B / 0B,0B / 2.15MB,20
2026-07-31 12:24:03,realsense,17.19%,92.07MiB / 30.66GiB,0.29%,0B / 0B,0B / 3.28MB,33
2026-07-31 12:24:03,mapir-ffmpeg,29.29%,167.3MiB / 30.66GiB,0.53%,0B / 0B,0B / 1.29MB,33
2026-07-31 12:24:03,domain_bridge,4.12%,70.96MiB / 30.66GiB,0.23%,0B / 0B,0B / 5.12MB,28
2026-07-31 12:24:03,nav2,6.43%,124.8MiB / 30.66GiB,0.40%,0B / 0B,0B / 1.23MB,92
2026-07-31 12:24:07,trav_ros2,37.16%,129MiB / 30.66GiB,0.41%,0B / 0B,0B / 1.65MB,44
2026-07-31 12:24:07,docker-recorder-run-a563b0293c6b,0.00%,10.3MiB / 30.66GiB,0.03%,0B / 0B,0B / 9.49MB,1
2026-07-31 12:24:07,glim,78.08%,360.6MiB / 30.66GiB,1.15%,0B / 0B,0B / 11.6MB,35
2026-07-31 12:24:07,scovox,115.93%,649.9MiB / 30.66GiB,2.07%,0B / 0B,0B / 3.55MB,53
2026-07-31 12:24:07,ouster,8.06%,119.2MiB / 30.66GiB,0.38%,0B / 0B,0B / 2.88MB,30
2026-07-31 12:24:07,openzen,2.79%,32.84MiB / 30.66GiB,0.10%,0B / 0B,0B / 2.15MB,20
2026-07-31 12:24:07,realsense,16.67%,92.11MiB / 30.66GiB,0.29%,0B / 0B,0B / 3.28MB,33
2026-07-31 12:24:07,mapir-ffmpeg,29.84%,168.1MiB / 30.66GiB,0.54%,0B / 0B,0B / 1.29MB,33
2026-07-31 12:24:07,domain_bridge,1.41%,71.14MiB / 30.66GiB,0.23%,0B / 0B,0B / 5.12MB,28
2026-07-31 12:24:07,nav2,7.30%,125.8MiB / 30.66GiB,0.40%,0B / 0B,0B / 1.23MB,92
2026-07-31 12:24:10,trav_ros2,36.72%,133.4MiB / 30.66GiB,0.42%,0B / 0B,0B / 1.65MB,44
2026-07-31 12:24:10,docker-recorder-run-a563b0293c6b,0.00%,10.3MiB / 30.66GiB,0.03%,0B / 0B,0B / 9.49MB,1
2026-07-31 12:24:10,glim,79.08%,360.3MiB / 30.66GiB,1.15%,0B / 0B,0B / 11.6MB,35
2026-07-31 12:24:10,scovox,105.90%,654.2MiB / 30.66GiB,2.08%,0B / 0B,0B / 3.55MB,53
2026-07-31 12:24:10,ouster,7.20%,117.8MiB / 30.66GiB,0.38%,0B / 0B,0B / 2.88MB,30
2026-07-31 12:24:10,openzen,2.63%,32.13MiB / 30.66GiB,0.10%,0B / 0B,0B / 2.15MB,20
2026-07-31 12:24:10,realsense,16.73%,92.39MiB / 30.66GiB,0.29%,0B / 0B,0B / 3.28MB,33
2026-07-31 12:24:10,mapir-ffmpeg,29.49%,167.7MiB / 30.66GiB,0.53%,0B / 0B,0B / 1.29MB,33
2026-07-31 12:24:10,domain_bridge,0.19%,71.09MiB / 30.66GiB,0.23%,0B / 0B,0B / 5.12MB,28
2026-07-31 12:24:10,nav2,6.40%,124.8MiB / 30.66GiB,0.40%,0B / 0B,0B / 1.23MB,92
2026-07-31 12:24:13,trav_ros2,39.34%,133.5MiB / 30.66GiB,0.43%,0B / 0B,0B / 1.65MB,44
2026-07-31 12:24:13,docker-recorder-run-a563b0293c6b,79.94%,221.6MiB / 30.66GiB,0.71%,0B / 0B,0B / 9.49MB,19
2026-07-31 12:24:13,glim,76.47%,362MiB / 30.66GiB,1.15%,0B / 0B,0B / 11.6MB,35
2026-07-31 12:24:13,scovox,208.56%,688.6MiB / 30.66GiB,2.19%,0B / 0B,0B / 3.55MB,53
2026-07-31 12:24:13,ouster,9.57%,119.1MiB / 30.66GiB,0.38%,0B / 0B,0B / 2.88MB,30
2026-07-31 12:24:13,openzen,3.69%,32.93MiB / 30.66GiB,0.10%,0B / 0B,0B / 2.15MB,20
2026-07-31 12:24:13,realsense,41.63%,94.29MiB / 30.66GiB,0.30%,0B / 0B,0B / 3.28MB,36
2026-07-31 12:24:13,mapir-ffmpeg,126.44%,460.4MiB / 30.66GiB,1.47%,0B / 0B,0B / 1.29MB,40
2026-07-31 12:24:13,domain_bridge,2.57%,68.23MiB / 30.66GiB,0.22%,0B / 0B,0B / 5.12MB,28
2026-07-31 12:24:13,nav2,10.44%,127.2MiB / 30.66GiB,0.40%,0B / 0B,0B / 1.23MB,92
2026-07-31 12:24:16,trav_ros2,39.36%,134.1MiB / 30.66GiB,0.43%,0B / 0B,0B / 1.73MB,44
2026-07-31 12:24:16,docker-recorder-run-a563b0293c6b,63.92%,214.5MiB / 30.66GiB,0.68%,0B / 0B,0B / 9.49MB,19
2026-07-31 12:24:16,glim,78.84%,363.8MiB / 30.66GiB,1.16%,0B / 0B,0B / 11.6MB,35
2026-07-31 12:24:16,scovox,125.29%,839.5MiB / 30.66GiB,2.67%,0B / 0B,0B / 3.58MB,53
2026-07-31 12:24:16,ouster,9.33%,119.5MiB / 30.66GiB,0.38%,0B / 0B,0B / 2.88MB,30
2026-07-31 12:24:16,openzen,3.66%,32.51MiB / 30.66GiB,0.10%,0B / 0B,0B / 2.15MB,20
2026-07-31 12:24:16,realsense,40.71%,94.5MiB / 30.66GiB,0.30%,0B / 0B,0B / 3.28MB,36
2026-07-31 12:24:16,mapir-ffmpeg,125.37%,463.1MiB / 30.66GiB,1.47%,0B / 0B,0B / 1.29MB,40
2026-07-31 12:24:16,domain_bridge,0.81%,68.45MiB / 30.66GiB,0.22%,0B / 0B,0B / 5.12MB,28
2026-07-31 12:24:16,nav2,7.45%,127.2MiB / 30.66GiB,0.40%,0B / 0B,0B / 1.23MB,92
2026-07-31 12:24:19,trav_ros2,38.58%,133.7MiB / 30.66GiB,0.43%,0B / 0B,0B / 1.73MB,44
2026-07-31 12:24:19,docker-recorder-run-a563b0293c6b,67.86%,260.9MiB / 30.66GiB,0.83%,0B / 0B,0B / 56.2MB,19
2026-07-31 12:24:19,glim,78.33%,368.9MiB / 30.66GiB,1.17%,0B / 0B,0B / 11.6MB,35
2026-07-31 12:24:19,scovox,189.64%,832.4MiB / 30.66GiB,2.65%,0B / 0B,0B / 3.58MB,53
2026-07-31 12:24:19,ouster,9.58%,119.1MiB / 30.66GiB,0.38%,0B / 0B,0B / 2.88MB,30
2026-07-31 12:24:19,openzen,3.67%,32.76MiB / 30.66GiB,0.10%,0B / 0B,0B / 2.15MB,20
2026-07-31 12:24:19,realsense,41.10%,94.39MiB / 30.66GiB,0.30%,0B / 0B,0B / 3.28MB,36
2026-07-31 12:24:19,mapir-ffmpeg,127.55%,420.9MiB / 30.66GiB,1.34%,0B / 0B,0B / 1.3MB,40
2026-07-31 12:24:19,domain_bridge,0.39%,68.52MiB / 30.66GiB,0.22%,0B / 0B,0B / 5.12MB,28
2026-07-31 12:24:19,nav2,7.02%,127.3MiB / 30.66GiB,0.41%,0B / 0B,0B / 1.25MB,92
2026-07-31 12:24:22,trav_ros2,38.51%,133.9MiB / 30.66GiB,0.43%,0B / 0B,0B / 1.73MB,44
2026-07-31 12:24:22,docker-recorder-run-a563b0293c6b,62.84%,247.7MiB / 30.66GiB,0.79%,0B / 0B,0B / 102MB,19
2026-07-31 12:24:22,glim,78.49%,373.6MiB / 30.66GiB,1.19%,0B / 0B,0B / 11.6MB,35
2026-07-31 12:24:22,scovox,148.70%,878.2MiB / 30.66GiB,2.80%,0B / 0B,0B / 3.58MB,53
2026-07-31 12:24:22,ouster,9.59%,118.2MiB / 30.66GiB,0.38%,0B / 0B,0B / 2.88MB,30
2026-07-31 12:24:22,openzen,3.72%,31.93MiB / 30.66GiB,0.10%,0B / 0B,0B / 2.15MB,20
2026-07-31 12:24:22,realsense,41.44%,94.75MiB / 30.66GiB,0.30%,0B / 0B,0B / 3.28MB,36
2026-07-31 12:24:22,mapir-ffmpeg,127.26%,467.6MiB / 30.66GiB,1.49%,0B / 0B,0B / 1.3MB,40
2026-07-31 12:24:22,domain_bridge,1.36%,71.22MiB / 30.66GiB,0.23%,0B / 0B,0B / 5.12MB,28
2026-07-31 12:24:22,nav2,8.00%,127.6MiB / 30.66GiB,0.41%,0B / 0B,0B / 1.25MB,92
2026-07-31 12:24:25,trav_ros2,37.50%,133.4MiB / 30.66GiB,0.42%,0B / 0B,0B / 1.73MB,44
2026-07-31 12:24:25,docker-recorder-run-a563b0293c6b,78.84%,271.9MiB / 30.66GiB,0.87%,0B / 0B,0B / 102MB,19
2026-07-31 12:24:25,glim,88.33%,384.7MiB / 30.66GiB,1.23%,0B / 0B,0B / 11.6MB,35
2026-07-31 12:24:25,scovox,156.24%,812.6MiB / 30.66GiB,2.59%,0B / 0B,0B / 3.58MB,53
2026-07-31 12:24:25,ouster,9.30%,117.9MiB / 30.66GiB,0.38%,0B / 0B,0B / 2.88MB,30
2026-07-31 12:24:25,openzen,3.88%,31.71MiB / 30.66GiB,0.10%,0B / 0B,0B / 2.15MB,20
2026-07-31 12:24:25,realsense,43.63%,93.13MiB / 30.66GiB,0.30%,0B / 0B,0B / 3.28MB,36
2026-07-31 12:24:25,mapir-ffmpeg,129.97%,467.6MiB / 30.66GiB,1.49%,0B / 0B,0B / 1.3MB,40
2026-07-31 12:24:25,domain_bridge,0.67%,71.88MiB / 30.66GiB,0.23%,0B / 0B,0B / 5.12MB,28
2026-07-31 12:24:25,nav2,6.85%,127MiB / 30.66GiB,0.40%,0B / 0B,0B / 1.28MB,92
2026-07-31 12:24:28,trav_ros2,36.50%,133.9MiB / 30.66GiB,0.43%,0B / 0B,0B / 1.73MB,44
2026-07-31 12:24:28,docker-recorder-run-a563b0293c6b,63.49%,280.7MiB / 30.66GiB,0.89%,0B / 0B,0B / 610MB,19
2026-07-31 12:24:28,glim,128.60%,396.6MiB / 30.66GiB,1.26%,0B / 0B,0B / 11.6MB,35
2026-07-31 12:24:28,scovox,168.73%,970.7MiB / 30.66GiB,3.09%,0B / 0B,0B / 3.58MB,53
2026-07-31 12:24:28,ouster,9.51%,118.3MiB / 30.66GiB,0.38%,0B / 0B,0B / 2.88MB,30
2026-07-31 12:24:28,openzen,3.87%,31.73MiB / 30.66GiB,0.10%,0B / 0B,0B / 2.15MB,20
2026-07-31 12:24:28,realsense,40.33%,93.4MiB / 30.66GiB,0.30%,0B / 0B,0B / 3.28MB,36
2026-07-31 12:24:28,mapir-ffmpeg,143.63%,497.7MiB / 30.66GiB,1.58%,0B / 0B,0B / 1.3MB,40
2026-07-31 12:24:28,domain_bridge,1.49%,71.63MiB / 30.66GiB,0.23%,0B / 0B,0B / 5.12MB,28
2026-07-31 12:24:28,nav2,9.24%,130.6MiB / 30.66GiB,0.42%,0B / 0B,0B / 1.28MB,94
2026-07-31 12:24:31,trav_ros2,37.72%,134.3MiB / 30.66GiB,0.43%,0B / 0B,0B / 1.73MB,44
2026-07-31 12:24:31,docker-recorder-run-a563b0293c6b,91.38%,300.7MiB / 30.66GiB,0.96%,0B / 0B,0B / 1.22GB,19
2026-07-31 12:24:31,glim,133.77%,398.3MiB / 30.66GiB,1.27%,0B / 0B,0B / 11.6MB,35
2026-07-31 12:24:31,scovox,149.75%,855.5MiB / 30.66GiB,2.72%,0B / 0B,0B / 3.58MB,53
2026-07-31 12:24:31,ouster,10.34%,118.5MiB / 30.66GiB,0.38%,0B / 0B,0B / 2.88MB,30
2026-07-31 12:24:31,openzen,3.98%,32.02MiB / 30.66GiB,0.10%,0B / 0B,0B / 2.15MB,20
2026-07-31 12:24:31,realsense,43.55%,94.34MiB / 30.66GiB,0.30%,0B / 0B,0B / 3.28MB,36
2026-07-31 12:24:31,mapir-ffmpeg,150.53%,500.6MiB / 30.66GiB,1.59%,0B / 0B,0B / 1.3MB,40
2026-07-31 12:24:31,domain_bridge,1.59%,73.36MiB / 30.66GiB,0.23%,0B / 0B,0B / 5.12MB,28
2026-07-31 12:24:31,nav2,16.72%,129MiB / 30.66GiB,0.41%,0B / 0B,0B / 1.28MB,94
2026-07-31 12:24:35,trav_ros2,38.63%,133.9MiB / 30.66GiB,0.43%,0B / 0B,0B / 1.73MB,44
2026-07-31 12:24:35,docker-recorder-run-a563b0293c6b,64.03%,319.9MiB / 30.66GiB,1.02%,0B / 0B,0B / 1.93GB,19
2026-07-31 12:24:35,glim,137.20%,433.2MiB / 30.66GiB,1.38%,0B / 0B,0B / 11.6MB,35
2026-07-31 12:24:35,scovox,192.69%,1.013GiB / 30.66GiB,3.31%,0B / 0B,0B / 3.58MB,53
2026-07-31 12:24:35,ouster,9.52%,118.3MiB / 30.66GiB,0.38%,0B / 0B,0B / 2.88MB,30
2026-07-31 12:24:35,openzen,3.87%,31.79MiB / 30.66GiB,0.10%,0B / 0B,0B / 2.15MB,20
2026-07-31 12:24:35,realsense,43.38%,93.33MiB / 30.66GiB,0.30%,0B / 0B,0B / 3.28MB,36
2026-07-31 12:24:35,mapir-ffmpeg,146.87%,484.7MiB / 30.66GiB,1.54%,0B / 0B,0B / 1.3MB,40
2026-07-31 12:24:35,domain_bridge,0.76%,72.92MiB / 30.66GiB,0.23%,0B / 0B,0B / 5.12MB,28
2026-07-31 12:24:35,nav2,15.44%,129.2MiB / 30.66GiB,0.41%,0B / 0B,0B / 1.28MB,94
2026-07-31 12:24:38,trav_ros2,40.88%,134.7MiB / 30.66GiB,0.43%,0B / 0B,0B / 1.73MB,44
2026-07-31 12:24:38,docker-recorder-run-a563b0293c6b,96.64%,343.2MiB / 30.66GiB,1.09%,0B / 0B,0B / 2.68GB,19
2026-07-31 12:24:38,glim,137.95%,442.1MiB / 30.66GiB,1.41%,0B / 0B,0B / 11.6MB,35
2026-07-31 12:24:38,scovox,146.62%,907.9MiB / 30.66GiB,2.89%,0B / 0B,0B / 3.58MB,53
2026-07-31 12:24:38,ouster,9.81%,119MiB / 30.66GiB,0.38%,0B / 0B,0B / 2.88MB,30
2026-07-31 12:24:38,openzen,4.20%,32.34MiB / 30.66GiB,0.10%,0B / 0B,0B / 2.15MB,20
2026-07-31 12:24:38,realsense,46.98%,93.61MiB / 30.66GiB,0.30%,0B / 0B,0B / 3.28MB,36
2026-07-31 12:24:38,mapir-ffmpeg,155.51%,509MiB / 30.66GiB,1.62%,0B / 0B,0B / 1.3MB,40
2026-07-31 12:24:38,domain_bridge,0.95%,73.48MiB / 30.66GiB,0.23%,0B / 0B,0B / 5.12MB,28
2026-07-31 12:24:38,nav2,15.38%,128MiB / 30.66GiB,0.41%,0B / 0B,0B / 1.28MB,94
2026-07-31 12:24:41,trav_ros2,39.25%,136.4MiB / 30.66GiB,0.43%,0B / 0B,0B / 1.73MB,44
2026-07-31 12:24:41,docker-recorder-run-a563b0293c6b,87.58%,423.8MiB / 30.66GiB,1.35%,0B / 0B,0B / 3.42GB,19
2026-07-31 12:24:41,glim,147.33%,442MiB / 30.66GiB,1.41%,0B / 0B,0B / 11.6MB,35
2026-07-31 12:24:41,scovox,207.34%,1.072GiB / 30.66GiB,3.50%,0B / 0B,0B / 3.58MB,53
2026-07-31 12:24:41,ouster,9.54%,118.7MiB / 30.66GiB,0.38%,0B / 0B,0B / 2.88MB,30
2026-07-31 12:24:41,openzen,3.90%,31.88MiB / 30.66GiB,0.10%,0B / 0B,0B / 2.15MB,20
2026-07-31 12:24:41,realsense,46.05%,93.41MiB / 30.66GiB,0.30%,0B / 0B,0B / 3.28MB,36
2026-07-31 12:24:41,mapir-ffmpeg,152.90%,485.9MiB / 30.66GiB,1.55%,0B / 0B,0B / 1.3MB,40
2026-07-31 12:24:41,domain_bridge,1.09%,72.94MiB / 30.66GiB,0.23%,0B / 0B,0B / 5.12MB,28
2026-07-31 12:24:41,nav2,15.58%,126.9MiB / 30.66GiB,0.40%,0B / 0B,0B / 1.28MB,94
2026-07-31 12:24:44,trav_ros2,38.98%,135.3MiB / 30.66GiB,0.43%,0B / 0B,0B / 1.73MB,44
2026-07-31 12:24:44,docker-recorder-run-a563b0293c6b,99.45%,439.7MiB / 30.66GiB,1.40%,0B / 0B,0B / 5.81GB,19
2026-07-31 12:24:44,glim,136.14%,442.1MiB / 30.66GiB,1.41%,0B / 0B,0B / 11.6MB,35
2026-07-31 12:24:44,scovox,171.23%,1.057GiB / 30.66GiB,3.45%,0B / 0B,0B / 3.58MB,53
2026-07-31 12:24:44,ouster,9.31%,118.4MiB / 30.66GiB,0.38%,0B / 0B,0B / 2.88MB,30
2026-07-31 12:24:44,openzen,3.83%,31.88MiB / 30.66GiB,0.10%,0B / 0B,0B / 2.15MB,20
2026-07-31 12:24:44,realsense,46.00%,93.67MiB / 30.66GiB,0.30%,0B / 0B,0B / 3.42MB,36
2026-07-31 12:24:44,mapir-ffmpeg,146.64%,484.3MiB / 30.66GiB,1.54%,0B / 0B,0B / 1.3MB,40
2026-07-31 12:24:44,domain_bridge,1.34%,74.62MiB / 30.66GiB,0.24%,0B / 0B,0B / 5.12MB,28
2026-07-31 12:24:44,nav2,15.36%,126.3MiB / 30.66GiB,0.40%,0B / 0B,0B / 1.28MB,94
2026-07-31 12:24:47,trav_ros2,40.92%,136.3MiB / 30.66GiB,0.43%,0B / 0B,0B / 1.81MB,44
2026-07-31 12:24:47,docker-recorder-run-a563b0293c6b,75.16%,457.4MiB / 30.66GiB,1.46%,0B / 0B,0B / 5.81GB,19
2026-07-31 12:24:47,glim,112.37%,447.6MiB / 30.66GiB,1.43%,0B / 0B,0B / 11.6MB,35
2026-07-31 12:24:47,scovox,212.94%,953.5MiB / 30.66GiB,3.04%,0B / 0B,0B / 3.58MB,53
2026-07-31 12:24:47,ouster,9.62%,118.3MiB / 30.66GiB,0.38%,0B / 0B,0B / 2.88MB,30
2026-07-31 12:24:47,openzen,3.87%,31.93MiB / 30.66GiB,0.10%,0B / 0B,0B / 2.15MB,20
2026-07-31 12:24:47,realsense,47.52%,93.74MiB / 30.66GiB,0.30%,0B / 0B,0B / 3.42MB,36
2026-07-31 12:24:47,mapir-ffmpeg,141.89%,481.8MiB / 30.66GiB,1.53%,0B / 0B,0B / 1.3MB,40
2026-07-31 12:24:47,domain_bridge,2.40%,61.75MiB / 30.66GiB,0.20%,0B / 0B,0B / 5.12MB,28
2026-07-31 12:24:47,nav2,7.40%,126.1MiB / 30.66GiB,0.40%,0B / 0B,0B / 1.28MB,92
2026-07-31 12:24:50,trav_ros2,41.48%,136.8MiB / 30.66GiB,0.44%,0B / 0B,0B / 1.81MB,44
2026-07-31 12:24:50,docker-recorder-run-a563b0293c6b,92.03%,478.6MiB / 30.66GiB,1.52%,0B / 0B,0B / 5.81GB,19
2026-07-31 12:24:50,glim,107.53%,447.9MiB / 30.66GiB,1.43%,0B / 0B,0B / 11.6MB,35
2026-07-31 12:24:50,scovox,174.31%,1.109GiB / 30.66GiB,3.62%,0B / 0B,0B / 3.61MB,53
2026-07-31 12:24:50,ouster,9.80%,118.5MiB / 30.66GiB,0.38%,0B / 0B,0B / 2.88MB,30
2026-07-31 12:24:50,openzen,3.82%,32.2MiB / 30.66GiB,0.10%,0B / 0B,0B / 2.15MB,20
2026-07-31 12:24:50,realsense,44.72%,93.76MiB / 30.66GiB,0.30%,0B / 0B,0B / 3.42MB,36
2026-07-31 12:24:50,mapir-ffmpeg,137.90%,484.5MiB / 30.66GiB,1.54%,0B / 0B,0B / 1.3MB,40
2026-07-31 12:24:50,domain_bridge,0.55%,71.39MiB / 30.66GiB,0.23%,0B / 0B,0B / 5.12MB,28
2026-07-31 12:24:50,nav2,7.20%,125.9MiB / 30.66GiB,0.40%,0B / 0B,0B / 1.28MB,92
2026-07-31 12:24:53,trav_ros2,42.19%,136.1MiB / 30.66GiB,0.43%,0B / 0B,0B / 1.81MB,44
2026-07-31 12:24:53,docker-recorder-run-a563b0293c6b,76.83%,496.2MiB / 30.66GiB,1.58%,0B / 0B,0B / 5.98GB,19
2026-07-31 12:24:53,glim,107.62%,447MiB / 30.66GiB,1.42%,0B / 0B,0B / 11.6MB,35
2026-07-31 12:24:53,scovox,194.85%,1003MiB / 30.66GiB,3.19%,0B / 0B,0B / 3.61MB,53
2026-07-31 12:24:53,ouster,9.37%,118.4MiB / 30.66GiB,0.38%,0B / 0B,0B / 2.88MB,30
2026-07-31 12:24:53,openzen,4.06%,32.73MiB / 30.66GiB,0.10%,0B / 0B,0B / 2.15MB,20
2026-07-31 12:24:53,realsense,44.88%,93.45MiB / 30.66GiB,0.30%,0B / 0B,0B / 3.42MB,36
2026-07-31 12:24:53,mapir-ffmpeg,134.37%,463.8MiB / 30.66GiB,1.48%,0B / 0B,0B / 1.3MB,40
2026-07-31 12:24:53,domain_bridge,1.07%,71.16MiB / 30.66GiB,0.23%,0B / 0B,0B / 5.12MB,28
2026-07-31 12:24:53,nav2,8.06%,128MiB / 30.66GiB,0.41%,0B / 0B,0B / 1.28MB,92
2026-07-31 12:24:56,trav_ros2,42.17%,136.8MiB / 30.66GiB,0.44%,0B / 0B,0B / 1.81MB,44
2026-07-31 12:24:56,docker-recorder-run-a563b0293c6b,72.92%,512.9MiB / 30.66GiB,1.63%,0B / 0B,0B / 6.63GB,19
2026-07-31 12:24:56,glim,104.11%,447.4MiB / 30.66GiB,1.42%,0B / 0B,0B / 11.6MB,35
2026-07-31 12:24:56,scovox,175.00%,1.134GiB / 30.66GiB,3.70%,0B / 0B,0B / 3.61MB,53
2026-07-31 12:24:56,ouster,9.16%,118.9MiB / 30.66GiB,0.38%,0B / 0B,0B / 2.88MB,30
2026-07-31 12:24:56,openzen,3.75%,32.53MiB / 30.66GiB,0.10%,0B / 0B,0B / 2.15MB,20
2026-07-31 12:24:56,realsense,42.06%,94.05MiB / 30.66GiB,0.30%,0B / 0B,0B / 3.42MB,36
2026-07-31 12:24:56,mapir-ffmpeg,126.91%,475.1MiB / 30.66GiB,1.51%,0B / 0B,0B / 1.31MB,40
2026-07-31 12:24:56,domain_bridge,0.69%,71.69MiB / 30.66GiB,0.23%,0B / 0B,0B / 5.12MB,28
2026-07-31 12:24:56,nav2,7.54%,126.4MiB / 30.66GiB,0.40%,0B / 0B,0B / 1.31MB,92
2026-07-31 12:24:59,trav_ros2,41.87%,136.8MiB / 30.66GiB,0.44%,0B / 0B,0B / 1.81MB,44
2026-07-31 12:24:59,docker-recorder-run-a563b0293c6b,84.67%,530.9MiB / 30.66GiB,1.69%,0B / 0B,0B / 7.29GB,19
2026-07-31 12:24:59,glim,103.22%,448MiB / 30.66GiB,1.43%,0B / 0B,0B / 11.6MB,35
2026-07-31 12:24:59,scovox,159.24%,984MiB / 30.66GiB,3.13%,0B / 0B,0B / 3.61MB,53
2026-07-31 12:24:59,ouster,9.11%,118.9MiB / 30.66GiB,0.38%,0B / 0B,0B / 2.88MB,30
2026-07-31 12:24:59,openzen,3.70%,32.29MiB / 30.66GiB,0.10%,0B / 0B,0B / 2.15MB,20
2026-07-31 12:24:59,realsense,43.42%,93.68MiB / 30.66GiB,0.30%,0B / 0B,0B / 3.42MB,36
2026-07-31 12:24:59,mapir-ffmpeg,125.59%,475.5MiB / 30.66GiB,1.51%,0B / 0B,0B / 1.31MB,40
2026-07-31 12:24:59,domain_bridge,1.42%,72.22MiB / 30.66GiB,0.23%,0B / 0B,0B / 5.12MB,28
2026-07-31 12:24:59,nav2,7.20%,126.3MiB / 30.66GiB,0.40%,0B / 0B,0B / 1.34MB,92
2026-07-31 12:25:03,trav_ros2,40.66%,135.8MiB / 30.66GiB,0.43%,0B / 0B,0B / 1.81MB,44
2026-07-31 12:25:03,docker-recorder-run-a563b0293c6b,60.91%,546.8MiB / 30.66GiB,1.74%,0B / 0B,0B / 7.93GB,19
2026-07-31 12:25:03,glim,106.77%,441.1MiB / 30.66GiB,1.40%,0B / 0B,0B / 11.6MB,35
2026-07-31 12:25:03,scovox,196.58%,1.139GiB / 30.66GiB,3.72%,0B / 0B,0B / 3.61MB,53
2026-07-31 12:25:03,ouster,9.68%,119.4MiB / 30.66GiB,0.38%,0B / 0B,0B / 2.88MB,30
2026-07-31 12:25:03,openzen,3.75%,32.33MiB / 30.66GiB,0.10%,0B / 0B,0B / 2.15MB,20
2026-07-31 12:25:03,realsense,40.37%,93.75MiB / 30.66GiB,0.30%,0B / 0B,0B / 3.42MB,36
2026-07-31 12:25:03,mapir-ffmpeg,126.78%,476.1MiB / 30.66GiB,1.52%,0B / 0B,0B / 1.31MB,40
2026-07-31 12:25:03,domain_bridge,1.20%,72.64MiB / 30.66GiB,0.23%,0B / 0B,0B / 5.12MB,28
2026-07-31 12:25:03,nav2,7.30%,126.7MiB / 30.66GiB,0.40%,0B / 0B,0B / 1.34MB,92
2026-07-31 12:25:06,trav_ros2,40.18%,136.7MiB / 30.66GiB,0.44%,0B / 0B,0B / 1.81MB,44
2026-07-31 12:25:06,docker-recorder-run-a563b0293c6b,94.48%,585.4MiB / 30.66GiB,1.86%,0B / 0B,0B / 8.56GB,19
2026-07-31 12:25:06,glim,129.58%,441.5MiB / 30.66GiB,1.41%,0B / 0B,0B / 11.6MB,35
2026-07-31 12:25:06,scovox,143.30%,993.3MiB / 30.66GiB,3.16%,0B / 0B,0B / 3.61MB,53
2026-07-31 12:25:06,ouster,9.19%,119.2MiB / 30.66GiB,0.38%,0B / 0B,0B / 2.88MB,30
2026-07-31 12:25:06,openzen,3.82%,32.36MiB / 30.66GiB,0.10%,0B / 0B,0B / 2.15MB,20
2026-07-31 12:25:06,realsense,42.66%,93.69MiB / 30.66GiB,0.30%,0B / 0B,0B / 3.42MB,36
2026-07-31 12:25:06,mapir-ffmpeg,141.93%,485MiB / 30.66GiB,1.54%,0B / 0B,0B / 1.31MB,40
2026-07-31 12:25:06,domain_bridge,0.24%,71.74MiB / 30.66GiB,0.23%,0B / 0B,0B / 5.12MB,28
2026-07-31 12:25:06,nav2,8.30%,127.6MiB / 30.66GiB,0.41%,0B / 0B,0B / 1.34MB,94
2026-07-31 12:25:09,trav_ros2,39.69%,137.1MiB / 30.66GiB,0.44%,0B / 0B,0B / 1.81MB,44
2026-07-31 12:25:09,docker-recorder-run-a563b0293c6b,74.42%,587.1MiB / 30.66GiB,1.87%,0B / 0B,0B / 9.16GB,19
2026-07-31 12:25:09,glim,138.06%,441.8MiB / 30.66GiB,1.41%,0B / 0B,0B / 11.6MB,35
2026-07-31 12:25:09,scovox,208.06%,1.146GiB / 30.66GiB,3.74%,0B / 0B,0B / 3.61MB,53
2026-07-31 12:25:09,ouster,9.74%,118.8MiB / 30.66GiB,0.38%,0B / 0B,0B / 2.88MB,30
2026-07-31 12:25:09,openzen,3.89%,32.61MiB / 30.66GiB,0.10%,0B / 0B,0B / 2.15MB,20
2026-07-31 12:25:09,realsense,43.62%,93.84MiB / 30.66GiB,0.30%,0B / 0B,0B / 3.42MB,36
2026-07-31 12:25:09,mapir-ffmpeg,149.74%,487.1MiB / 30.66GiB,1.55%,0B / 0B,0B / 1.31MB,40
2026-07-31 12:25:09,domain_bridge,1.38%,71.38MiB / 30.66GiB,0.23%,0B / 0B,0B / 5.12MB,28
2026-07-31 12:25:09,nav2,15.83%,128.1MiB / 30.66GiB,0.41%,0B / 0B,0B / 1.34MB,94
2026-07-31 12:25:12,trav_ros2,41.81%,137.8MiB / 30.66GiB,0.44%,0B / 0B,0B / 1.88MB,44
2026-07-31 12:25:12,docker-recorder-run-a563b0293c6b,98.92%,606.3MiB / 30.66GiB,1.93%,0B / 0B,0B / 9.78GB,19
2026-07-31 12:25:12,glim,127.02%,443MiB / 30.66GiB,1.41%,0B / 0B,0B / 11.6MB,35
2026-07-31 12:25:12,scovox,170.61%,1.118GiB / 30.66GiB,3.65%,0B / 0B,0B / 3.61MB,53
2026-07-31 12:25:12,ouster,9.72%,120MiB / 30.66GiB,0.38%,0B / 0B,0B / 2.88MB,30
2026-07-31 12:25:12,openzen,4.00%,32.18MiB / 30.66GiB,0.10%,0B / 0B,0B / 2.15MB,20
2026-07-31 12:25:12,realsense,45.15%,93.85MiB / 30.66GiB,0.30%,0B / 0B,0B / 3.42MB,36
2026-07-31 12:25:12,mapir-ffmpeg,149.91%,500.8MiB / 30.66GiB,1.59%,0B / 0B,0B / 1.31MB,40
2026-07-31 12:25:12,domain_bridge,0.82%,71.86MiB / 30.66GiB,0.23%,0B / 0B,0B / 5.12MB,28
2026-07-31 12:25:12,nav2,16.37%,127.7MiB / 30.66GiB,0.41%,0B / 0B,0B / 1.34MB,94
2026-07-31 12:25:15,trav_ros2,41.32%,137.1MiB / 30.66GiB,0.44%,0B / 0B,0B / 1.88MB,44
2026-07-31 12:25:15,docker-recorder-run-a563b0293c6b,138.79%,625.2MiB / 30.66GiB,1.99%,0B / 0B,0B / 10.7GB,19
2026-07-31 12:25:15,glim,147.26%,464.2MiB / 30.66GiB,1.48%,0B / 0B,0B / 11.6MB,35
2026-07-31 12:25:15,scovox,206.49%,1.205GiB / 30.66GiB,3.93%,0B / 0B,0B / 3.61MB,53
2026-07-31 12:25:15,ouster,9.81%,119.1MiB / 30.66GiB,0.38%,0B / 0B,0B / 2.88MB,30
2026-07-31 12:25:15,openzen,4.04%,32.44MiB / 30.66GiB,0.10%,0B / 0B,0B / 2.15MB,20
2026-07-31 12:25:15,realsense,48.05%,99.88MiB / 30.66GiB,0.32%,0B / 0B,0B / 3.55MB,36
2026-07-31 12:25:15,mapir-ffmpeg,165.03%,516.9MiB / 30.66GiB,1.65%,0B / 0B,0B / 1.32MB,40
2026-07-31 12:25:15,domain_bridge,1.22%,72.57MiB / 30.66GiB,0.23%,0B / 0B,0B / 5.12MB,28
2026-07-31 12:25:15,nav2,15.82%,128.1MiB / 30.66GiB,0.41%,0B / 0B,0B / 1.34MB,94
2026-07-31 12:25:18,trav_ros2,42.91%,138.5MiB / 30.66GiB,0.44%,0B / 0B,0B / 1.88MB,44
2026-07-31 12:25:18,docker-recorder-run-a563b0293c6b,131.97%,752.2MiB / 30.66GiB,2.40%,0B / 0B,0B / 12.1GB,19
2026-07-31 12:25:18,glim,149.01%,465.7MiB / 30.66GiB,1.48%,0B / 0B,0B / 11.6MB,35
2026-07-31 12:25:18,scovox,190.86%,1.162GiB / 30.66GiB,3.79%,0B / 0B,0B / 3.61MB,53
2026-07-31 12:25:18,ouster,10.84%,120.1MiB / 30.66GiB,0.38%,0B / 0B,0B / 2.88MB,30
2026-07-31 12:25:18,openzen,4.36%,32.25MiB / 30.66GiB,0.10%,0B / 0B,0B / 2.15MB,20
2026-07-31 12:25:18,realsense,49.41%,99.59MiB / 30.66GiB,0.32%,0B / 0B,0B / 3.55MB,36
2026-07-31 12:25:18,mapir-ffmpeg,166.40%,488.9MiB / 30.66GiB,1.56%,0B / 0B,0B / 1.32MB,40
2026-07-31 12:25:18,domain_bridge,1.25%,71.96MiB / 30.66GiB,0.23%,0B / 0B,0B / 5.12MB,28
2026-07-31 12:25:18,nav2,17.25%,127.4MiB / 30.66GiB,0.41%,0B / 0B,0B / 1.34MB,94
2026-07-31 12:25:21,trav_ros2,43.55%,140.1MiB / 30.66GiB,0.45%,0B / 0B,0B / 1.88MB,44
2026-07-31 12:25:21,docker-recorder-run-a563b0293c6b,143.63%,670.9MiB / 30.66GiB,2.14%,0B / 0B,0B / 12.1GB,19
2026-07-31 12:25:21,glim,148.55%,437.8MiB / 30.66GiB,1.39%,0B / 0B,0B / 11.6MB,35
2026-07-31 12:25:21,scovox,208.74%,1.053GiB / 30.66GiB,3.43%,0B / 0B,0B / 3.61MB,53
2026-07-31 12:25:21,ouster,9.75%,119.6MiB / 30.66GiB,0.38%,0B / 0B,0B / 2.88MB,30
2026-07-31 12:25:21,openzen,4.06%,32.53MiB / 30.66GiB,0.10%,0B / 0B,0B / 2.15MB,20
2026-07-31 12:25:21,realsense,50.08%,97.68MiB / 30.66GiB,0.31%,0B / 0B,0B / 3.55MB,36
2026-07-31 12:25:21,mapir-ffmpeg,175.43%,521.9MiB / 30.66GiB,1.66%,0B / 0B,0B / 1.32MB,40
2026-07-31 12:25:21,domain_bridge,0.85%,72.07MiB / 30.66GiB,0.23%,0B / 0B,0B / 5.12MB,28
2026-07-31 12:25:21,nav2,15.98%,127.9MiB / 30.66GiB,0.41%,0B / 0B,0B / 1.34MB,94
2026-07-31 12:25:24,trav_ros2,41.37%,140.6MiB / 30.66GiB,0.45%,0B / 0B,0B / 1.88MB,44
2026-07-31 12:25:24,docker-recorder-run-a563b0293c6b,90.74%,688.2MiB / 30.66GiB,2.19%,0B / 0B,0B / 12.7GB,19
2026-07-31 12:25:24,glim,122.91%,437.3MiB / 30.66GiB,1.39%,0B / 0B,0B / 11.6MB,35
2026-07-31 12:25:24,scovox,193.15%,1.186GiB / 30.66GiB,3.87%,0B / 0B,0B / 3.61MB,53
2026-07-31 12:25:24,ouster,9.26%,119.7MiB / 30.66GiB,0.38%,0B / 0B,0B / 2.88MB,30
2026-07-31 12:25:24,openzen,3.84%,32.53MiB / 30.66GiB,0.10%,0B / 0B,0B / 2.15MB,20
2026-07-31 12:25:24,realsense,46.65%,99.73MiB / 30.66GiB,0.32%,0B / 0B,0B / 3.59MB,36
2026-07-31 12:25:24,mapir-ffmpeg,130.20%,485.8MiB / 30.66GiB,1.55%,0B / 0B,0B / 1.32MB,40
2026-07-31 12:25:24,domain_bridge,2.27%,73.28MiB / 30.66GiB,0.23%,0B / 0B,0B / 5.12MB,28
2026-07-31 12:25:24,nav2,7.45%,127.3MiB / 30.66GiB,0.41%,0B / 0B,0B / 1.34MB,92
2026-07-31 12:25:27,trav_ros2,41.54%,141MiB / 30.66GiB,0.45%,0B / 0B,0B / 1.88MB,44
2026-07-31 12:25:27,docker-recorder-run-a563b0293c6b,74.37%,703.7MiB / 30.66GiB,2.24%,0B / 0B,0B / 13.5GB,19
2026-07-31 12:25:27,glim,107.10%,454.7MiB / 30.66GiB,1.45%,0B / 0B,0B / 11.6MB,35
2026-07-31 12:25:27,scovox,194.58%,1.069GiB / 30.66GiB,3.49%,0B / 0B,0B / 3.63MB,53
2026-07-31 12:25:27,ouster,9.31%,119.6MiB / 30.66GiB,0.38%,0B / 0B,0B / 2.88MB,30
2026-07-31 12:25:27,openzen,3.80%,32.59MiB / 30.66GiB,0.10%,0B / 0B,0B / 2.15MB,20
2026-07-31 12:25:27,realsense,44.91%,94.58MiB / 30.66GiB,0.30%,0B / 0B,0B / 3.59MB,36
2026-07-31 12:25:27,mapir-ffmpeg,125.56%,498.1MiB / 30.66GiB,1.59%,0B / 0B,0B / 1.32MB,40
2026-07-31 12:25:27,domain_bridge,1.31%,72.95MiB / 30.66GiB,0.23%,0B / 0B,0B / 5.12MB,28
2026-07-31 12:25:27,nav2,7.29%,128.5MiB / 30.66GiB,0.41%,0B / 0B,0B / 1.39MB,92
2026-07-31 12:25:31,trav_ros2,40.59%,140MiB / 30.66GiB,0.45%,0B / 0B,0B / 1.88MB,44
2026-07-31 12:25:31,docker-recorder-run-a563b0293c6b,96.75%,723.2MiB / 30.66GiB,2.30%,0B / 0B,0B / 14GB,19
2026-07-31 12:25:31,glim,100.46%,456.4MiB / 30.66GiB,1.45%,0B / 0B,0B / 11.6MB,35
2026-07-31 12:25:31,scovox,205.21%,1.199GiB / 30.66GiB,3.91%,0B / 0B,0B / 3.63MB,53
2026-07-31 12:25:31,ouster,9.16%,119.1MiB / 30.66GiB,0.38%,0B / 0B,0B / 2.88MB,30
2026-07-31 12:25:31,openzen,3.72%,32.36MiB / 30.66GiB,0.10%,0B / 0B,0B / 2.15MB,20
2026-07-31 12:25:31,realsense,47.90%,99.12MiB / 30.66GiB,0.32%,0B / 0B,0B / 3.59MB,36
2026-07-31 12:25:31,mapir-ffmpeg,130.33%,498.1MiB / 30.66GiB,1.59%,0B / 0B,0B / 1.32MB,40
2026-07-31 12:25:31,domain_bridge,0.74%,73.06MiB / 30.66GiB,0.23%,0B / 0B,0B / 5.12MB,28
2026-07-31 12:25:31,nav2,6.93%,128.2MiB / 30.66GiB,0.41%,0B / 0B,0B / 1.39MB,92
2026-07-31 12:25:34,trav_ros2,41.00%,140.4MiB / 30.66GiB,0.45%,0B / 0B,0B / 1.88MB,44
2026-07-31 12:25:34,docker-recorder-run-a563b0293c6b,85.15%,821.3MiB / 30.66GiB,2.62%,0B / 0B,0B / 15GB,19
2026-07-31 12:25:34,glim,96.69%,467.5MiB / 30.66GiB,1.49%,0B / 0B,0B / 11.6MB,35
2026-07-31 12:25:34,scovox,194.89%,1.157GiB / 30.66GiB,3.77%,0B / 0B,0B / 3.63MB,53
2026-07-31 12:25:34,ouster,9.72%,119.4MiB / 30.66GiB,0.38%,0B / 0B,0B / 2.88MB,30
2026-07-31 12:25:34,openzen,4.16%,32.65MiB / 30.66GiB,0.10%,0B / 0B,0B / 2.15MB,20
2026-07-31 12:25:34,realsense,48.55%,104.7MiB / 30.66GiB,0.33%,0B / 0B,0B / 3.59MB,36
2026-07-31 12:25:34,mapir-ffmpeg,134.34%,478.8MiB / 30.66GiB,1.52%,0B / 0B,0B / 1.32MB,40
2026-07-31 12:25:34,domain_bridge,1.31%,72.71MiB / 30.66GiB,0.23%,0B / 0B,0B / 5.12MB,28
2026-07-31 12:25:34,nav2,7.10%,128.2MiB / 30.66GiB,0.41%,0B / 0B,0B / 1.39MB,92
2026-07-31 12:25:37,trav_ros2,42.65%,140.2MiB / 30.66GiB,0.45%,0B / 0B,0B / 1.88MB,44
2026-07-31 12:25:37,docker-recorder-run-a563b0293c6b,124.08%,757.4MiB / 30.66GiB,2.41%,0B / 0B,0B / 15.7GB,19
2026-07-31 12:25:37,glim,98.34%,464.9MiB / 30.66GiB,1.48%,0B / 0B,0B / 11.6MB,35
2026-07-31 12:25:37,scovox,210.88%,1.257GiB / 30.66GiB,4.10%,0B / 0B,0B / 3.63MB,53
2026-07-31 12:25:37,ouster,10.03%,119.8MiB / 30.66GiB,0.38%,0B / 0B,0B / 2.88MB,30
2026-07-31 12:25:37,openzen,3.94%,32.43MiB / 30.66GiB,0.10%,0B / 0B,0B / 2.15MB,20
2026-07-31 12:25:37,realsense,49.91%,99.04MiB / 30.66GiB,0.32%,0B / 0B,0B / 3.59MB,36
2026-07-31 12:25:37,mapir-ffmpeg,135.81%,494.7MiB / 30.66GiB,1.58%,0B / 0B,0B / 1.32MB,40
2026-07-31 12:25:37,domain_bridge,0.79%,73.25MiB / 30.66GiB,0.23%,0B / 0B,0B / 5.12MB,28
2026-07-31 12:25:37,nav2,6.84%,128.4MiB / 30.66GiB,0.41%,0B / 0B,0B / 1.39MB,92
2026-07-31 12:25:40,trav_ros2,42.73%,140.1MiB / 30.66GiB,0.45%,0B / 0B,0B / 1.88MB,44
2026-07-31 12:25:40,docker-recorder-run-a563b0293c6b,88.17%,914.5MiB / 30.66GiB,2.91%,0B / 0B,0B / 16.1GB,19
2026-07-31 12:25:40,glim,102.21%,464.1MiB / 30.66GiB,1.48%,0B / 0B,0B / 11.6MB,35
2026-07-31 12:25:40,scovox,191.45%,1.207GiB / 30.66GiB,3.94%,0B / 0B,0B / 3.63MB,53
2026-07-31 12:25:40,ouster,9.54%,119.6MiB / 30.66GiB,0.38%,0B / 0B,0B / 2.88MB,30
2026-07-31 12:25:40,openzen,3.85%,32.68MiB / 30.66GiB,0.10%,0B / 0B,0B / 2.15MB,20
2026-07-31 12:25:40,realsense,45.84%,98.79MiB / 30.66GiB,0.31%,0B / 0B,0B / 3.59MB,36
2026-07-31 12:25:40,mapir-ffmpeg,133.62%,482.5MiB / 30.66GiB,1.54%,0B / 0B,0B / 1.32MB,40
2026-07-31 12:25:40,domain_bridge,1.59%,73.27MiB / 30.66GiB,0.23%,0B / 0B,0B / 5.12MB,28
2026-07-31 12:25:40,nav2,7.38%,129MiB / 30.66GiB,0.41%,0B / 0B,0B / 1.39MB,92
2026-07-31 12:25:43,trav_ros2,42.87%,140.2MiB / 30.66GiB,0.45%,0B / 0B,0B / 1.96MB,44
2026-07-31 12:25:43,docker-recorder-run-a563b0293c6b,113.85%,791.4MiB / 30.66GiB,2.52%,0B / 0B,0B / 17.6GB,19
2026-07-31 12:25:43,glim,104.22%,448.5MiB / 30.66GiB,1.43%,0B / 0B,0B / 11.6MB,35
2026-07-31 12:25:43,scovox,208.49%,1.252GiB / 30.66GiB,4.08%,0B / 0B,0B / 3.63MB,53
2026-07-31 12:25:43,ouster,9.71%,120.4MiB / 30.66GiB,0.38%,0B / 0B,0B / 2.88MB,30
2026-07-31 12:25:43,openzen,3.74%,32.98MiB / 30.66GiB,0.11%,0B / 0B,0B / 2.15MB,20
2026-07-31 12:25:43,realsense,46.83%,98.45MiB / 30.66GiB,0.31%,0B / 0B,0B / 3.59MB,36
2026-07-31 12:25:43,mapir-ffmpeg,132.17%,494.3MiB / 30.66GiB,1.57%,0B / 0B,0B / 1.32MB,40
2026-07-31 12:25:43,domain_bridge,1.05%,72.86MiB / 30.66GiB,0.23%,0B / 0B,0B / 5.12MB,28
2026-07-31 12:25:43,nav2,8.23%,129.1MiB / 30.66GiB,0.41%,0B / 0B,0B / 1.39MB,92
2026-07-31 12:25:46,trav_ros2,42.38%,141.2MiB / 30.66GiB,0.45%,0B / 0B,0B / 1.96MB,44
2026-07-31 12:25:46,docker-recorder-run-a563b0293c6b,89.60%,811.1MiB / 30.66GiB,2.58%,0B / 0B,0B / 17.6GB,19
2026-07-31 12:25:46,glim,105.24%,463.8MiB / 30.66GiB,1.48%,0B / 0B,0B / 11.6MB,35
2026-07-31 12:25:46,scovox,164.57%,1.189GiB / 30.66GiB,3.88%,0B / 0B,0B / 3.63MB,53
2026-07-31 12:25:46,ouster,9.31%,119.9MiB / 30.66GiB,0.38%,0B / 0B,0B / 2.88MB,30
2026-07-31 12:25:46,openzen,3.80%,32.76MiB / 30.66GiB,0.10%,0B / 0B,0B / 2.15MB,20
2026-07-31 12:25:46,realsense,47.48%,99.23MiB / 30.66GiB,0.32%,0B / 0B,0B / 3.59MB,36
2026-07-31 12:25:46,mapir-ffmpeg,132.46%,491.5MiB / 30.66GiB,1.57%,0B / 0B,0B / 1.32MB,40
2026-07-31 12:25:46,domain_bridge,0.90%,73.09MiB / 30.66GiB,0.23%,0B / 0B,0B / 5.12MB,28
2026-07-31 12:25:46,nav2,6.88%,129.4MiB / 30.66GiB,0.41%,0B / 0B,0B / 1.39MB,92
2026-07-31 12:25:49,trav_ros2,42.44%,139.9MiB / 30.66GiB,0.45%,0B / 0B,0B / 1.96MB,44
2026-07-31 12:25:49,docker-recorder-run-a563b0293c6b,78.68%,826MiB / 30.66GiB,2.63%,0B / 0B,0B / 18.1GB,19
2026-07-31 12:25:49,glim,105.46%,464MiB / 30.66GiB,1.48%,0B / 0B,0B / 11.6MB,35
2026-07-31 12:25:49,scovox,209.52%,1.073GiB / 30.66GiB,3.50%,0B / 0B,0B / 3.63MB,53
2026-07-31 12:25:49,ouster,9.40%,119.7MiB / 30.66GiB,0.38%,0B / 0B,0B / 2.88MB,30
2026-07-31 12:25:49,openzen,4.12%,32.79MiB / 30.66GiB,0.10%,0B / 0B,0B / 2.15MB,20
2026-07-31 12:25:49,realsense,46.20%,104.7MiB / 30.66GiB,0.33%,0B / 0B,0B / 3.59MB,36
2026-07-31 12:25:49,mapir-ffmpeg,134.57%,493.1MiB / 30.66GiB,1.57%,0B / 0B,0B / 1.34MB,40
2026-07-31 12:25:49,domain_bridge,1.47%,73.68MiB / 30.66GiB,0.23%,0B / 0B,0B / 5.12MB,28
2026-07-31 12:25:49,nav2,8.05%,130.3MiB / 30.66GiB,0.42%,0B / 0B,0B / 1.39MB,92
2026-07-31 12:25:52,trav_ros2,41.13%,140.5MiB / 30.66GiB,0.45%,0B / 0B,0B / 1.96MB,44
2026-07-31 12:25:52,docker-recorder-run-a563b0293c6b,92.65%,844.3MiB / 30.66GiB,2.69%,0B / 0B,0B / 18.9GB,19
2026-07-31 12:25:52,glim,104.56%,463.7MiB / 30.66GiB,1.48%,0B / 0B,0B / 11.6MB,35
2026-07-31 12:25:52,scovox,185.96%,1.185GiB / 30.66GiB,3.86%,0B / 0B,0B / 3.63MB,53
2026-07-31 12:25:52,ouster,9.81%,119.8MiB / 30.66GiB,0.38%,0B / 0B,0B / 2.88MB,30
2026-07-31 12:25:52,openzen,3.77%,32.84MiB / 30.66GiB,0.10%,0B / 0B,0B / 2.15MB,20
2026-07-31 12:25:52,realsense,46.64%,98.88MiB / 30.66GiB,0.31%,0B / 0B,0B / 3.59MB,36
2026-07-31 12:25:52,mapir-ffmpeg,132.62%,497.9MiB / 30.66GiB,1.59%,0B / 0B,0B / 1.34MB,40
2026-07-31 12:25:52,domain_bridge,1.11%,72.8MiB / 30.66GiB,0.23%,0B / 0B,0B / 5.12MB,28
2026-07-31 12:25:52,nav2,7.65%,129.6MiB / 30.66GiB,0.41%,0B / 0B,0B / 1.39MB,92
2026-07-31 12:25:55,trav_ros2,40.33%,140.1MiB / 30.66GiB,0.45%,0B / 0B,0B / 1.96MB,44
2026-07-31 12:25:55,docker-recorder-run-a563b0293c6b,70.35%,788.6MiB / 30.66GiB,2.51%,0B / 0B,0B / 19.7GB,19
2026-07-31 12:25:55,glim,100.16%,464.3MiB / 30.66GiB,1.48%,0B / 0B,0B / 11.6MB,35
2026-07-31 12:25:55,scovox,185.37%,1.074GiB / 30.66GiB,3.50%,0B / 0B,0B / 3.63MB,53
2026-07-31 12:25:55,ouster,9.39%,120.1MiB / 30.66GiB,0.38%,0B / 0B,0B / 2.88MB,30
2026-07-31 12:25:55,openzen,3.80%,32.86MiB / 30.66GiB,0.10%,0B / 0B,0B / 2.15MB,20
2026-07-31 12:25:55,realsense,44.51%,99.01MiB / 30.66GiB,0.32%,0B / 0B,0B / 3.72MB,36
2026-07-31 12:25:55,mapir-ffmpeg,123.80%,490.5MiB / 30.66GiB,1.56%,0B / 0B,0B / 1.34MB,40
2026-07-31 12:25:55,domain_bridge,1.39%,73.78MiB / 30.66GiB,0.23%,0B / 0B,0B / 5.12MB,28
2026-07-31 12:25:55,nav2,7.07%,129.1MiB / 30.66GiB,0.41%,0B / 0B,0B / 1.39MB,92
2026-07-31 12:25:59,trav_ros2,42.28%,140.1MiB / 30.66GiB,0.45%,0B / 0B,0B / 2MB,44
2026-07-31 12:25:59,docker-recorder-run-a563b0293c6b,86.53%,877.7MiB / 30.66GiB,2.80%,0B / 0B,0B / 20GB,19
2026-07-31 12:25:59,glim,101.17%,463.9MiB / 30.66GiB,1.48%,0B / 0B,0B / 11.6MB,35
2026-07-31 12:25:59,scovox,208.54%,1.215GiB / 30.66GiB,3.96%,0B / 0B,0B / 3.63MB,53
2026-07-31 12:25:59,ouster,9.52%,120.4MiB / 30.66GiB,0.38%,0B / 0B,0B / 2.88MB,30
2026-07-31 12:25:59,openzen,3.91%,32.65MiB / 30.66GiB,0.10%,0B / 0B,0B / 2.15MB,20
2026-07-31 12:25:59,realsense,44.84%,99.06MiB / 30.66GiB,0.32%,0B / 0B,0B / 3.72MB,36
2026-07-31 12:25:59,mapir-ffmpeg,125.34%,502.3MiB / 30.66GiB,1.60%,0B / 0B,0B / 1.34MB,40
2026-07-31 12:25:59,domain_bridge,0.69%,73.23MiB / 30.66GiB,0.23%,0B / 0B,0B / 5.12MB,28
2026-07-31 12:25:59,nav2,8.29%,129.5MiB / 30.66GiB,0.41%,0B / 0B,0B / 1.41MB,92
2026-07-31 12:26:02,trav_ros2,41.37%,140.4MiB / 30.66GiB,0.45%,0B / 0B,0B / 2MB,44
2026-07-31 12:26:02,docker-recorder-run-a563b0293c6b,74.79%,893.4MiB / 30.66GiB,2.85%,0B / 0B,0B / 20.6GB,19
2026-07-31 12:26:02,glim,99.76%,440.9MiB / 30.66GiB,1.40%,0B / 0B,0B / 11.6MB,35
2026-07-31 12:26:02,scovox,185.02%,1.138GiB / 30.66GiB,3.71%,0B / 0B,0B / 3.66MB,53
2026-07-31 12:26:02,ouster,9.47%,120.2MiB / 30.66GiB,0.38%,0B / 0B,0B / 2.88MB,30
2026-07-31 12:26:02,openzen,3.74%,32.93MiB / 30.66GiB,0.10%,0B / 0B,0B / 2.15MB,20
2026-07-31 12:26:02,realsense,44.82%,105.1MiB / 30.66GiB,0.33%,0B / 0B,0B / 3.72MB,36
2026-07-31 12:26:02,mapir-ffmpeg,123.59%,494.9MiB / 30.66GiB,1.58%,0B / 0B,0B / 1.34MB,40
2026-07-31 12:26:02,domain_bridge,0.25%,72.94MiB / 30.66GiB,0.23%,0B / 0B,0B / 5.12MB,28
2026-07-31 12:26:02,nav2,6.71%,129.3MiB / 30.66GiB,0.41%,0B / 0B,0B / 1.45MB,92
2026-07-31 12:26:05,trav_ros2,43.94%,142.6MiB / 30.66GiB,0.45%,0B / 0B,0B / 2MB,44
2026-07-31 12:26:05,docker-recorder-run-a563b0293c6b,91.00%,903.2MiB / 30.66GiB,2.88%,0B / 0B,0B / 21.4GB,19
2026-07-31 12:26:05,glim,103.76%,441.4MiB / 30.66GiB,1.41%,0B / 0B,0B / 11.6MB,35
2026-07-31 12:26:05,scovox,208.86%,1.242GiB / 30.66GiB,4.05%,0B / 0B,8.19kB / 3.66MB,53
2026-07-31 12:26:05,ouster,9.83%,119.7MiB / 30.66GiB,0.38%,0B / 0B,0B / 2.88MB,30
2026-07-31 12:26:05,openzen,3.76%,33.52MiB / 30.66GiB,0.11%,0B / 0B,0B / 2.15MB,20
2026-07-31 12:26:05,realsense,45.14%,98.62MiB / 30.66GiB,0.31%,0B / 0B,119kB / 3.72MB,36
2026-07-31 12:26:05,mapir-ffmpeg,125.76%,506.9MiB / 30.66GiB,1.61%,0B / 0B,0B / 1.34MB,40
2026-07-31 12:26:05,domain_bridge,0.79%,73.73MiB / 30.66GiB,0.23%,0B / 0B,242kB / 5.12MB,28
2026-07-31 12:26:05,nav2,7.48%,130.1MiB / 30.66GiB,0.41%,0B / 0B,0B / 1.45MB,92
2026-07-31 12:26:08,trav_ros2,43.55%,140.2MiB / 30.66GiB,0.45%,0B / 0B,0B / 2MB,44
2026-07-31 12:26:08,docker-recorder-run-a563b0293c6b,83.92%,994MiB / 30.66GiB,3.17%,0B / 0B,0B / 21.9GB,19
2026-07-31 12:26:08,glim,119.94%,441.1MiB / 30.66GiB,1.40%,0B / 0B,0B / 11.6MB,35
2026-07-31 12:26:08,scovox,190.91%,1.175GiB / 30.66GiB,3.83%,0B / 0B,8.19kB / 3.66MB,53
2026-07-31 12:26:08,ouster,9.46%,120.5MiB / 30.66GiB,0.38%,0B / 0B,0B / 2.88MB,30
2026-07-31 12:26:08,openzen,4.08%,33.06MiB / 30.66GiB,0.11%,0B / 0B,0B / 2.15MB,20
2026-07-31 12:26:08,realsense,47.49%,99.09MiB / 30.66GiB,0.32%,0B / 0B,119kB / 3.72MB,36
2026-07-31 12:26:08,mapir-ffmpeg,143.15%,510.1MiB / 30.66GiB,1.62%,0B / 0B,0B / 1.34MB,40
2026-07-31 12:26:08,domain_bridge,1.08%,73.65MiB / 30.66GiB,0.23%,0B / 0B,242kB / 5.12MB,28
2026-07-31 12:26:08,nav2,10.37%,130.1MiB / 30.66GiB,0.41%,0B / 0B,0B / 1.46MB,94
2026-07-31 12:26:11,trav_ros2,43.14%,140.4MiB / 30.66GiB,0.45%,0B / 0B,0B / 2MB,44
2026-07-31 12:26:11,docker-recorder-run-a563b0293c6b,159.84%,902.6MiB / 30.66GiB,2.87%,0B / 0B,0B / 22.8GB,19
2026-07-31 12:26:11,glim,146.03%,440.8MiB / 30.66GiB,1.40%,0B / 0B,0B / 11.6MB,35
2026-07-31 12:26:11,scovox,208.93%,1.273GiB / 30.66GiB,4.15%,0B / 0B,8.19kB / 3.66MB,53
2026-07-31 12:26:11,ouster,9.61%,119.9MiB / 30.66GiB,0.38%,0B / 0B,0B / 2.88MB,30
2026-07-31 12:26:11,openzen,4.07%,32.91MiB / 30.66GiB,0.10%,0B / 0B,0B / 2.15MB,20
2026-07-31 12:26:11,realsense,47.98%,99.38MiB / 30.66GiB,0.32%,0B / 0B,119kB / 3.72MB,36
2026-07-31 12:26:11,mapir-ffmpeg,156.83%,502.2MiB / 30.66GiB,1.60%,0B / 0B,0B / 1.34MB,40
2026-07-31 12:26:11,domain_bridge,0.50%,73.14MiB / 30.66GiB,0.23%,0B / 0B,242kB / 5.12MB,28
2026-07-31 12:26:11,nav2,9.60%,130.9MiB / 30.66GiB,0.42%,0B / 0B,0B / 1.46MB,94
2026-07-31 12:26:14,trav_ros2,42.19%,140.5MiB / 30.66GiB,0.45%,0B / 0B,0B / 2MB,44
2026-07-31 12:26:14,docker-recorder-run-a563b0293c6b,105.72%,923.6MiB / 30.66GiB,2.94%,0B / 0B,0B / 23.6GB,19
2026-07-31 12:26:14,glim,134.97%,443.8MiB / 30.66GiB,1.41%,0B / 0B,0B / 11.6MB,35
2026-07-31 12:26:14,scovox,205.12%,1.242GiB / 30.66GiB,4.05%,0B / 0B,8.19kB / 3.66MB,53
2026-07-31 12:26:14,ouster,9.78%,120.6MiB / 30.66GiB,0.38%,0B / 0B,0B / 2.88MB,30
2026-07-31 12:26:14,openzen,4.14%,33.2MiB / 30.66GiB,0.11%,0B / 0B,0B / 2.15MB,20
2026-07-31 12:26:14,realsense,48.93%,99.39MiB / 30.66GiB,0.32%,0B / 0B,119kB / 3.72MB,36
2026-07-31 12:26:14,mapir-ffmpeg,161.74%,559.6MiB / 30.66GiB,1.78%,0B / 0B,0B / 1.34MB,40
2026-07-31 12:26:14,domain_bridge,0.94%,73.26MiB / 30.66GiB,0.23%,0B / 0B,242kB / 5.12MB,28
2026-07-31 12:26:14,nav2,9.86%,131.3MiB / 30.66GiB,0.42%,0B / 0B,8.19kB / 1.46MB,94
2026-07-31 12:26:17,trav_ros2,43.70%,140.4MiB / 30.66GiB,0.45%,0B / 0B,0B / 2MB,44
2026-07-31 12:26:17,docker-recorder-run-a563b0293c6b,129.86%,899.3MiB / 30.66GiB,2.86%,0B / 0B,0B / 24.1GB,19
2026-07-31 12:26:17,glim,117.64%,446MiB / 30.66GiB,1.42%,0B / 0B,106kB / 11.6MB,35
2026-07-31 12:26:17,scovox,208.92%,1.314GiB / 30.66GiB,4.29%,0B / 0B,8.19kB / 3.66MB,53
2026-07-31 12:26:17,ouster,8.74%,120.2MiB / 30.66GiB,0.38%,0B / 0B,0B / 2.88MB,30
2026-07-31 12:26:17,openzen,3.63%,32.99MiB / 30.66GiB,0.11%,0B / 0B,0B / 2.15MB,20
2026-07-31 12:26:17,realsense,46.86%,104.8MiB / 30.66GiB,0.33%,0B / 0B,119kB / 3.72MB,36
2026-07-31 12:26:17,mapir-ffmpeg,122.81%,495.4MiB / 30.66GiB,1.58%,0B / 0B,0B / 1.34MB,40
2026-07-31 12:26:17,domain_bridge,0.84%,73.53MiB / 30.66GiB,0.23%,0B / 0B,242kB / 5.12MB,28
2026-07-31 12:26:17,nav2,8.84%,130.8MiB / 30.66GiB,0.42%,0B / 0B,8.19kB / 1.46MB,94
2026-07-31 12:26:20,trav_ros2,42.73%,140.6MiB / 30.66GiB,0.45%,0B / 0B,0B / 2MB,44
2026-07-31 12:26:20,docker-recorder-run-a563b0293c6b,101.17%,930.7MiB / 30.66GiB,2.96%,0B / 0B,0B / 24.7GB,19
2026-07-31 12:26:20,glim,110.46%,446.6MiB / 30.66GiB,1.42%,0B / 0B,111kB / 11.6MB,35
2026-07-31 12:26:20,scovox,202.19%,1.237GiB / 30.66GiB,4.03%,0B / 0B,8.19kB / 3.66MB,53
2026-07-31 12:26:20,ouster,9.60%,120.5MiB / 30.66GiB,0.38%,0B / 0B,0B / 2.88MB,30
2026-07-31 12:26:20,openzen,3.68%,33MiB / 30.66GiB,0.11%,0B / 0B,0B / 2.15MB,20
2026-07-31 12:26:20,realsense,46.22%,99.37MiB / 30.66GiB,0.32%,0B / 0B,119kB / 3.72MB,36
2026-07-31 12:26:20,mapir-ffmpeg,124.38%,479.7MiB / 30.66GiB,1.53%,0B / 0B,0B / 1.34MB,40
2026-07-31 12:26:20,domain_bridge,2.37%,74.09MiB / 30.66GiB,0.24%,0B / 0B,242kB / 5.12MB,28
2026-07-31 12:26:20,nav2,9.24%,130.3MiB / 30.66GiB,0.41%,0B / 0B,8.19kB / 1.46MB,94
2026-07-31 12:26:24,trav_ros2,43.62%,140.9MiB / 30.66GiB,0.45%,0B / 0B,0B / 2.07MB,44
2026-07-31 12:26:24,docker-recorder-run-a563b0293c6b,145.91%,916MiB / 30.66GiB,2.92%,0B / 0B,0B / 25.2GB,19
2026-07-31 12:26:24,glim,142.17%,446MiB / 30.66GiB,1.42%,0B / 0B,111kB / 11.6MB,35
2026-07-31 12:26:24,scovox,208.93%,1.086GiB / 30.66GiB,3.54%,0B / 0B,8.19kB / 3.66MB,53
2026-07-31 12:26:24,ouster,9.29%,120.7MiB / 30.66GiB,0.38%,0B / 0B,0B / 2.88MB,30
2026-07-31 12:26:24,openzen,4.13%,33.31MiB / 30.66GiB,0.11%,0B / 0B,0B / 2.15MB,20
2026-07-31 12:26:24,realsense,48.79%,99.17MiB / 30.66GiB,0.32%,0B / 0B,119kB / 3.72MB,36
2026-07-31 12:26:24,mapir-ffmpeg,167.41%,479.9MiB / 30.66GiB,1.53%,0B / 0B,0B / 1.35MB,40
2026-07-31 12:26:24,domain_bridge,0.73%,73.5MiB / 30.66GiB,0.23%,0B / 0B,242kB / 5.12MB,28
2026-07-31 12:26:24,nav2,9.45%,131.2MiB / 30.66GiB,0.42%,0B / 0B,8.19kB / 1.46MB,94
2026-07-31 12:26:27,trav_ros2,42.01%,141.2MiB / 30.66GiB,0.45%,0B / 0B,0B / 2.07MB,44
2026-07-31 12:26:27,docker-recorder-run-a563b0293c6b,129.39%,1.002GiB / 30.66GiB,3.27%,0B / 0B,0B / 26.7GB,19
2026-07-31 12:26:27,glim,142.42%,445.5MiB / 30.66GiB,1.42%,0B / 0B,111kB / 11.6MB,35
2026-07-31 12:26:27,scovox,209.50%,1.22GiB / 30.66GiB,3.98%,0B / 0B,8.19kB / 3.66MB,53
2026-07-31 12:26:27,ouster,9.65%,120.9MiB / 30.66GiB,0.39%,0B / 0B,0B / 2.88MB,30
2026-07-31 12:26:27,openzen,4.30%,33.59MiB / 30.66GiB,0.11%,0B / 0B,0B / 2.15MB,20
2026-07-31 12:26:27,realsense,51.35%,99.49MiB / 30.66GiB,0.32%,0B / 0B,119kB / 3.85MB,36
2026-07-31 12:26:27,mapir-ffmpeg,173.13%,479.2MiB / 30.66GiB,1.53%,0B / 0B,0B / 1.35MB,40
2026-07-31 12:26:27,domain_bridge,0.93%,73.49MiB / 30.66GiB,0.23%,0B / 0B,242kB / 5.12MB,28
2026-07-31 12:26:27,nav2,9.17%,131MiB / 30.66GiB,0.42%,0B / 0B,8.19kB / 1.46MB,94
2026-07-31 12:26:30,trav_ros2,48.13%,140.7MiB / 30.66GiB,0.45%,0B / 0B,0B / 2.07MB,44
2026-07-31 12:26:30,docker-recorder-run-a563b0293c6b,142.52%,919.4MiB / 30.66GiB,2.93%,0B / 0B,0B / 27.3GB,19
2026-07-31 12:26:30,glim,152.85%,445.9MiB / 30.66GiB,1.42%,0B / 0B,111kB / 11.6MB,35
2026-07-31 12:26:30,scovox,204.53%,1.114GiB / 30.66GiB,3.63%,0B / 0B,8.19kB / 3.66MB,53
2026-07-31 12:26:30,ouster,9.69%,120.1MiB / 30.66GiB,0.38%,0B / 0B,0B / 2.88MB,30
2026-07-31 12:26:30,openzen,4.50%,33.39MiB / 30.66GiB,0.11%,0B / 0B,0B / 2.15MB,20
2026-07-31 12:26:30,realsense,46.13%,99.54MiB / 30.66GiB,0.32%,0B / 0B,119kB / 3.85MB,36
2026-07-31 12:26:30,mapir-ffmpeg,160.14%,479.4MiB / 30.66GiB,1.53%,0B / 0B,0B / 1.35MB,40
2026-07-31 12:26:30,domain_bridge,1.25%,73.44MiB / 30.66GiB,0.23%,0B / 0B,242kB / 5.12MB,28
2026-07-31 12:26:30,nav2,9.11%,131.6MiB / 30.66GiB,0.42%,0B / 0B,8.19kB / 1.46MB,94
2026-07-31 12:26:33,trav_ros2,44.77%,142MiB / 30.66GiB,0.45%,0B / 0B,0B / 2.07MB,44
2026-07-31 12:26:33,docker-recorder-run-a563b0293c6b,80.55%,919.4MiB / 30.66GiB,2.93%,0B / 0B,0B / 27.9GB,19
2026-07-31 12:26:33,glim,150.97%,442.2MiB / 30.66GiB,1.41%,0B / 0B,111kB / 11.6MB,35
2026-07-31 12:26:33,scovox,204.73%,1.274GiB / 30.66GiB,4.15%,0B / 0B,8.19kB / 3.66MB,53
2026-07-31 12:26:33,ouster,9.26%,120.2MiB / 30.66GiB,0.38%,0B / 0B,0B / 2.88MB,30
2026-07-31 12:26:33,openzen,3.92%,33.16MiB / 30.66GiB,0.11%,0B / 0B,0B / 2.15MB,20
2026-07-31 12:26:33,realsense,44.48%,105.3MiB / 30.66GiB,0.34%,0B / 0B,119kB / 3.85MB,36
2026-07-31 12:26:33,mapir-ffmpeg,146.82%,497.2MiB / 30.66GiB,1.58%,0B / 0B,0B / 1.35MB,40
2026-07-31 12:26:33,domain_bridge,0.84%,73.84MiB / 30.66GiB,0.24%,0B / 0B,242kB / 5.12MB,28
2026-07-31 12:26:33,nav2,9.44%,132.3MiB / 30.66GiB,0.42%,0B / 0B,8.19kB / 1.46MB,94
2026-07-31 12:26:36,trav_ros2,45.87%,141.5MiB / 30.66GiB,0.45%,0B / 0B,0B / 2.07MB,44
2026-07-31 12:26:36,docker-recorder-run-a563b0293c6b,108.98%,1.001GiB / 30.66GiB,3.26%,0B / 0B,0B / 28.5GB,19
2026-07-31 12:26:36,glim,137.50%,441MiB / 30.66GiB,1.40%,0B / 0B,111kB / 11.6MB,35
2026-07-31 12:26:36,scovox,210.37%,1.251GiB / 30.66GiB,4.08%,0B / 0B,8.19kB / 3.69MB,53
2026-07-31 12:26:36,ouster,9.81%,120.3MiB / 30.66GiB,0.38%,0B / 0B,0B / 2.88MB,30
2026-07-31 12:26:36,openzen,3.97%,33.43MiB / 30.66GiB,0.11%,0B / 0B,0B / 2.15MB,20
2026-07-31 12:26:36,realsense,45.91%,99.04MiB / 30.66GiB,0.32%,0B / 0B,119kB / 3.85MB,36
2026-07-31 12:26:36,mapir-ffmpeg,150.69%,521.2MiB / 30.66GiB,1.66%,0B / 0B,0B / 1.35MB,40
2026-07-31 12:26:36,domain_bridge,2.07%,74.25MiB / 30.66GiB,0.24%,0B / 0B,242kB / 5.12MB,28
2026-07-31 12:26:36,nav2,7.36%,131.7MiB / 30.66GiB,0.42%,0B / 0B,8.19kB / 1.46MB,92
2026-07-31 12:26:39,trav_ros2,49.07%,141.3MiB / 30.66GiB,0.45%,0B / 0B,0B / 2.07MB,44
2026-07-31 12:26:39,docker-recorder-run-a563b0293c6b,149.19%,1.081GiB / 30.66GiB,3.52%,0B / 0B,0B / 28.6GB,19
2026-07-31 12:26:39,glim,141.55%,442.3MiB / 30.66GiB,1.41%,0B / 0B,111kB / 11.6MB,35
2026-07-31 12:26:39,scovox,211.42%,1.302GiB / 30.66GiB,4.24%,0B / 0B,8.19kB / 3.69MB,53
2026-07-31 12:26:39,ouster,9.98%,121MiB / 30.66GiB,0.39%,0B / 0B,0B / 2.88MB,30
2026-07-31 12:26:39,openzen,4.17%,33.95MiB / 30.66GiB,0.11%,0B / 0B,0B / 2.15MB,20
2026-07-31 12:26:39,realsense,47.59%,100MiB / 30.66GiB,0.32%,0B / 0B,119kB / 3.85MB,36
2026-07-31 12:26:39,mapir-ffmpeg,159.36%,479.1MiB / 30.66GiB,1.53%,0B / 0B,0B / 1.35MB,40
2026-07-31 12:26:39,domain_bridge,0.97%,74.11MiB / 30.66GiB,0.24%,0B / 0B,242kB / 5.12MB,28
2026-07-31 12:26:39,nav2,7.25%,131.8MiB / 30.66GiB,0.42%,0B / 0B,8.19kB / 1.56MB,92
2026-07-31 12:26:42,trav_ros2,49.67%,140.8MiB / 30.66GiB,0.45%,0B / 0B,0B / 2.11MB,44
2026-07-31 12:26:42,docker-recorder-run-a563b0293c6b,97.70%,951.3MiB / 30.66GiB,3.03%,0B / 0B,0B / 30.5GB,19
2026-07-31 12:26:42,glim,150.25%,442.1MiB / 30.66GiB,1.41%,0B / 0B,111kB / 11.6MB,35
2026-07-31 12:26:42,scovox,218.80%,1.256GiB / 30.66GiB,4.09%,0B / 0B,8.19kB / 3.69MB,53
2026-07-31 12:26:42,ouster,9.92%,120.7MiB / 30.66GiB,0.38%,0B / 0B,0B / 2.88MB,30
2026-07-31 12:26:42,openzen,4.13%,33.49MiB / 30.66GiB,0.11%,0B / 0B,0B / 2.15MB,20
2026-07-31 12:26:42,realsense,48.50%,100.9MiB / 30.66GiB,0.32%,0B / 0B,119kB / 3.92MB,36
2026-07-31 12:26:42,mapir-ffmpeg,166.02%,525.2MiB / 30.66GiB,1.67%,0B / 0B,0B / 1.35MB,40
2026-07-31 12:26:42,domain_bridge,0.21%,73.43MiB / 30.66GiB,0.23%,0B / 0B,242kB / 5.12MB,28
2026-07-31 12:26:42,nav2,6.92%,131.7MiB / 30.66GiB,0.42%,0B / 0B,8.19kB / 1.57MB,92
2026-07-31 12:26:45,trav_ros2,54.81%,141.6MiB / 30.66GiB,0.45%,0B / 0B,0B / 2.11MB,44
2026-07-31 12:26:45,docker-recorder-run-a563b0293c6b,134.51%,928.4MiB / 30.66GiB,2.96%,0B / 0B,0B / 30.5GB,19
2026-07-31 12:26:45,glim,157.31%,441.6MiB / 30.66GiB,1.41%,0B / 0B,111kB / 11.6MB,35
2026-07-31 12:26:45,scovox,141.50%,1.109GiB / 30.66GiB,3.62%,0B / 0B,8.19kB / 3.69MB,53
2026-07-31 12:26:45,ouster,10.27%,120.4MiB / 30.66GiB,0.38%,0B / 0B,0B / 2.88MB,30
2026-07-31 12:26:45,openzen,4.60%,33.99MiB / 30.66GiB,0.11%,0B / 0B,0B / 2.15MB,20
2026-07-31 12:26:45,realsense,48.93%,99.64MiB / 30.66GiB,0.32%,0B / 0B,119kB / 3.92MB,36
2026-07-31 12:26:45,mapir-ffmpeg,169.48%,530.3MiB / 30.66GiB,1.69%,0B / 0B,0B / 1.35MB,40
2026-07-31 12:26:45,domain_bridge,3.34%,74.05MiB / 30.66GiB,0.24%,0B / 0B,242kB / 5.12MB,28
2026-07-31 12:26:45,nav2,7.32%,131.7MiB / 30.66GiB,0.42%,0B / 0B,8.19kB / 1.57MB,92
2026-07-31 12:26:48,trav_ros2,51.08%,142.2MiB / 30.66GiB,0.45%,0B / 0B,0B / 2.11MB,44
2026-07-31 12:26:48,docker-recorder-run-a563b0293c6b,91.63%,1021MiB / 30.66GiB,3.25%,0B / 0B,0B / 30.9GB,19
2026-07-31 12:26:48,glim,108.96%,441.9MiB / 30.66GiB,1.41%,0B / 0B,111kB / 11.6MB,35
2026-07-31 12:26:48,scovox,228.81%,1.237GiB / 30.66GiB,4.03%,0B / 0B,8.19kB / 3.69MB,53
2026-07-31 12:26:48,ouster,9.39%,120.7MiB / 30.66GiB,0.38%,0B / 0B,0B / 2.88MB,30
2026-07-31 12:26:48,openzen,3.97%,33.8MiB / 30.66GiB,0.11%,0B / 0B,0B / 2.15MB,20
2026-07-31 12:26:48,realsense,47.58%,99.75MiB / 30.66GiB,0.32%,0B / 0B,119kB / 3.92MB,36
2026-07-31 12:26:48,mapir-ffmpeg,126.39%,487.6MiB / 30.66GiB,1.55%,0B / 0B,0B / 1.35MB,40
2026-07-31 12:26:48,domain_bridge,0.75%,74.2MiB / 30.66GiB,0.24%,0B / 0B,242kB / 5.12MB,28
2026-07-31 12:26:48,nav2,7.36%,132.5MiB / 30.66GiB,0.42%,0B / 0B,8.19kB / 1.57MB,92
2026-07-31 12:26:52,trav_ros2,51.11%,142.1MiB / 30.66GiB,0.45%,0B / 0B,0B / 2.11MB,44
2026-07-31 12:26:52,docker-recorder-run-a563b0293c6b,142.39%,932.9MiB / 30.66GiB,2.97%,0B / 0B,0B / 31.4GB,19
2026-07-31 12:26:52,glim,132.78%,442MiB / 30.66GiB,1.41%,0B / 0B,111kB / 11.6MB,35
2026-07-31 12:26:52,scovox,216.95%,1.121GiB / 30.66GiB,3.66%,0B / 0B,8.19kB / 3.69MB,53
2026-07-31 12:26:52,ouster,9.91%,120.1MiB / 30.66GiB,0.38%,0B / 0B,0B / 2.88MB,30
2026-07-31 12:26:52,openzen,4.07%,33.58MiB / 30.66GiB,0.11%,0B / 0B,0B / 2.15MB,20
2026-07-31 12:26:52,realsense,48.74%,104.8MiB / 30.66GiB,0.33%,0B / 0B,119kB / 3.92MB,36
2026-07-31 12:26:52,mapir-ffmpeg,150.36%,479.4MiB / 30.66GiB,1.53%,0B / 0B,0B / 1.35MB,40
2026-07-31 12:26:52,domain_bridge,1.64%,74.36MiB / 30.66GiB,0.24%,0B / 0B,242kB / 5.12MB,28
2026-07-31 12:26:52,nav2,7.24%,132.1MiB / 30.66GiB,0.42%,0B / 0B,8.19kB / 1.57MB,92
2026-07-31 12:26:55,trav_ros2,55.45%,142.1MiB / 30.66GiB,0.45%,0B / 0B,0B / 2.11MB,44
2026-07-31 12:26:55,docker-recorder-run-a563b0293c6b,153.76%,1.175GiB / 30.66GiB,3.83%,0B / 0B,0B / 32.6GB,19
2026-07-31 12:26:55,glim,148.79%,441.8MiB / 30.66GiB,1.41%,0B / 0B,111kB / 11.6MB,35
2026-07-31 12:26:55,scovox,217.22%,1.252GiB / 30.66GiB,4.08%,0B / 0B,8.19kB / 3.69MB,53
2026-07-31 12:26:55,ouster,9.79%,120.8MiB / 30.66GiB,0.38%,0B / 0B,0B / 2.88MB,30
2026-07-31 12:26:55,openzen,4.15%,33.62MiB / 30.66GiB,0.11%,0B / 0B,0B / 2.15MB,20
2026-07-31 12:26:55,realsense,49.73%,99.38MiB / 30.66GiB,0.32%,0B / 0B,119kB / 3.92MB,36
2026-07-31 12:26:55,mapir-ffmpeg,166.62%,480.1MiB / 30.66GiB,1.53%,0B / 0B,0B / 1.35MB,40
2026-07-31 12:26:55,domain_bridge,0.86%,73.8MiB / 30.66GiB,0.24%,0B / 0B,242kB / 5.12MB,28
2026-07-31 12:26:55,nav2,16.76%,133.4MiB / 30.66GiB,0.42%,0B / 0B,8.19kB / 1.57MB,94
2026-07-31 12:26:58,trav_ros2,50.18%,142MiB / 30.66GiB,0.45%,0B / 0B,0B / 2.11MB,44
2026-07-31 12:26:58,docker-recorder-run-a563b0293c6b,167.74%,933.5MiB / 30.66GiB,2.97%,0B / 0B,0B / 33.2GB,19
2026-07-31 12:26:58,glim,147.50%,442.2MiB / 30.66GiB,1.41%,0B / 0B,111kB / 11.6MB,35
2026-07-31 12:26:58,scovox,206.54%,1.203GiB / 30.66GiB,3.92%,0B / 0B,8.19kB / 3.69MB,53
2026-07-31 12:26:58,ouster,9.67%,120.6MiB / 30.66GiB,0.38%,0B / 0B,0B / 2.88MB,30
2026-07-31 12:26:58,openzen,4.01%,33.65MiB / 30.66GiB,0.11%,0B / 0B,0B / 2.15MB,20
2026-07-31 12:26:58,realsense,49.22%,99.91MiB / 30.66GiB,0.32%,0B / 0B,119kB / 3.92MB,36
2026-07-31 12:26:58,mapir-ffmpeg,168.15%,507.4MiB / 30.66GiB,1.62%,0B / 0B,0B / 1.36MB,40
2026-07-31 12:26:58,domain_bridge,2.48%,73.65MiB / 30.66GiB,0.23%,0B / 0B,242kB / 5.12MB,28
2026-07-31 12:26:58,nav2,9.71%,132.9MiB / 30.66GiB,0.42%,0B / 0B,20.5kB / 1.57MB,94
2026-07-31 12:27:01,trav_ros2,50.04%,143MiB / 30.66GiB,0.46%,0B / 0B,0B / 2.11MB,44
2026-07-31 12:27:01,docker-recorder-run-a563b0293c6b,146.80%,981.2MiB / 30.66GiB,3.13%,0B / 0B,0B / 33.8GB,19
2026-07-31 12:27:01,glim,152.57%,442MiB / 30.66GiB,1.41%,0B / 0B,111kB / 11.6MB,35
2026-07-31 12:27:01,scovox,224.42%,1.276GiB / 30.66GiB,4.16%,0B / 0B,8.19kB / 3.69MB,53
2026-07-31 12:27:01,ouster,9.67%,121.5MiB / 30.66GiB,0.39%,0B / 0B,0B / 2.88MB,30
2026-07-31 12:27:01,openzen,4.19%,33.91MiB / 30.66GiB,0.11%,0B / 0B,0B / 2.15MB,20
2026-07-31 12:27:01,realsense,51.63%,99.59MiB / 30.66GiB,0.32%,0B / 0B,119kB / 3.92MB,36
2026-07-31 12:27:01,mapir-ffmpeg,165.07%,518.8MiB / 30.66GiB,1.65%,0B / 0B,0B / 1.36MB,40
2026-07-31 12:27:01,domain_bridge,1.50%,73.77MiB / 30.66GiB,0.23%,0B / 0B,242kB / 5.12MB,28
2026-07-31 12:27:01,nav2,10.22%,132.9MiB / 30.66GiB,0.42%,0B / 0B,20.5kB / 1.57MB,94
2026-07-31 12:27:04,trav_ros2,57.19%,142.6MiB / 30.66GiB,0.45%,0B / 0B,0B / 2.11MB,44
2026-07-31 12:27:04,docker-recorder-run-a563b0293c6b,137.35%,1.039GiB / 30.66GiB,3.39%,0B / 0B,0B / 34.3GB,19
2026-07-31 12:27:04,glim,149.91%,442.4MiB / 30.66GiB,1.41%,0B / 0B,111kB / 11.6MB,35
2026-07-31 12:27:04,scovox,145.33%,1.29GiB / 30.66GiB,4.21%,0B / 0B,8.19kB / 3.69MB,53
2026-07-31 12:27:04,ouster,9.66%,120.9MiB / 30.66GiB,0.39%,0B / 0B,0B / 2.88MB,30
2026-07-31 12:27:04,openzen,4.08%,33.72MiB / 30.66GiB,0.11%,0B / 0B,0B / 2.15MB,20
2026-07-31 12:27:04,realsense,49.21%,99.71MiB / 30.66GiB,0.32%,0B / 0B,119kB / 3.92MB,36
2026-07-31 12:27:04,mapir-ffmpeg,159.78%,480MiB / 30.66GiB,1.53%,0B / 0B,0B / 1.36MB,40
2026-07-31 12:27:04,domain_bridge,1.09%,74.2MiB / 30.66GiB,0.24%,0B / 0B,242kB / 5.12MB,28
2026-07-31 12:27:04,nav2,9.87%,133.5MiB / 30.66GiB,0.43%,0B / 0B,20.5kB / 1.57MB,94
2026-07-31 12:27:07,trav_ros2,47.51%,141.9MiB / 30.66GiB,0.45%,0B / 0B,0B / 2.11MB,44
2026-07-31 12:27:07,docker-recorder-run-a563b0293c6b,121.34%,1005MiB / 30.66GiB,3.20%,0B / 0B,0B / 35GB,19
2026-07-31 12:27:07,glim,153.47%,442MiB / 30.66GiB,1.41%,0B / 0B,111kB / 11.6MB,35
2026-07-31 12:27:07,scovox,198.75%,1.142GiB / 30.66GiB,3.73%,0B / 0B,8.19kB / 3.69MB,53
2026-07-31 12:27:07,ouster,9.60%,121.2MiB / 30.66GiB,0.39%,0B / 0B,0B / 2.88MB,30
2026-07-31 12:27:07,openzen,4.08%,33.48MiB / 30.66GiB,0.11%,0B / 0B,0B / 2.15MB,20
2026-07-31 12:27:07,realsense,48.76%,99.95MiB / 30.66GiB,0.32%,0B / 0B,119kB / 3.92MB,36
2026-07-31 12:27:07,mapir-ffmpeg,157.25%,535MiB / 30.66GiB,1.70%,0B / 0B,0B / 1.36MB,40
2026-07-31 12:27:07,domain_bridge,0.76%,74.16MiB / 30.66GiB,0.24%,0B / 0B,242kB / 5.12MB,28
2026-07-31 12:27:07,nav2,16.05%,133MiB / 30.66GiB,0.42%,0B / 0B,20.5kB / 1.57MB,94
2026-07-31 12:27:10,trav_ros2,53.90%,142.6MiB / 30.66GiB,0.45%,0B / 0B,0B / 2.11MB,44
2026-07-31 12:27:10,docker-recorder-run-a563b0293c6b,107.66%,848.3MiB / 30.66GiB,2.70%,0B / 0B,0B / 35.6GB,19
2026-07-31 12:27:10,glim,152.10%,442.2MiB / 30.66GiB,1.41%,0B / 0B,111kB / 11.6MB,35
2026-07-31 12:27:10,scovox,182.74%,1.086GiB / 30.66GiB,3.54%,0B / 0B,8.19kB / 3.71MB,53
2026-07-31 12:27:10,ouster,10.33%,120.7MiB / 30.66GiB,0.38%,0B / 0B,0B / 2.88MB,30
2026-07-31 12:27:10,openzen,4.29%,33.78MiB / 30.66GiB,0.11%,0B / 0B,0B / 2.15MB,20
2026-07-31 12:27:10,realsense,49.18%,99.9MiB / 30.66GiB,0.32%,0B / 0B,119kB / 3.92MB,36
2026-07-31 12:27:10,mapir-ffmpeg,163.37%,531MiB / 30.66GiB,1.69%,0B / 0B,0B / 1.36MB,40
2026-07-31 12:27:10,domain_bridge,1.62%,73.79MiB / 30.66GiB,0.24%,0B / 0B,242kB / 5.12MB,28
2026-07-31 12:27:10,nav2,17.76%,132.9MiB / 30.66GiB,0.42%,0B / 0B,20.5kB / 1.57MB,94
2026-07-31 12:27:13,trav_ros2,51.49%,142.7MiB / 30.66GiB,0.45%,0B / 0B,0B / 2.2MB,44
2026-07-31 12:27:13,docker-recorder-run-a563b0293c6b,87.63%,925.9MiB / 30.66GiB,2.95%,0B / 0B,0B / 36.2GB,19
2026-07-31 12:27:13,glim,147.99%,442.3MiB / 30.66GiB,1.41%,0B / 0B,111kB / 11.6MB,35
2026-07-31 12:27:13,scovox,207.98%,1.347GiB / 30.66GiB,4.39%,0B / 0B,8.19kB / 3.71MB,53
2026-07-31 12:27:13,ouster,9.78%,120.5MiB / 30.66GiB,0.38%,0B / 0B,0B / 2.88MB,30
2026-07-31 12:27:13,openzen,4.11%,33.8MiB / 30.66GiB,0.11%,0B / 0B,0B / 2.15MB,20
2026-07-31 12:27:13,realsense,47.92%,105.5MiB / 30.66GiB,0.34%,0B / 0B,119kB / 4.05MB,36
2026-07-31 12:27:13,mapir-ffmpeg,168.08%,543MiB / 30.66GiB,1.73%,0B / 0B,0B / 1.37MB,40
2026-07-31 12:27:13,domain_bridge,0.59%,73.64MiB / 30.66GiB,0.23%,0B / 0B,242kB / 5.12MB,28
2026-07-31 12:27:13,nav2,16.46%,133.7MiB / 30.66GiB,0.43%,0B / 0B,20.5kB / 1.64MB,94
2026-07-31 12:27:16,trav_ros2,46.55%,143.5MiB / 30.66GiB,0.46%,0B / 0B,0B / 2.2MB,44
2026-07-31 12:27:16,docker-recorder-run-a563b0293c6b,105.34%,959.2MiB / 30.66GiB,3.05%,0B / 0B,0B / 37.7GB,19
2026-07-31 12:27:16,glim,161.59%,443.3MiB / 30.66GiB,1.41%,0B / 0B,111kB / 11.6MB,35
2026-07-31 12:27:16,scovox,186.82%,1.321GiB / 30.66GiB,4.31%,0B / 0B,8.19kB / 3.71MB,53
2026-07-31 12:27:16,ouster,9.70%,120.8MiB / 30.66GiB,0.38%,0B / 0B,0B / 2.88MB,30
2026-07-31 12:27:16,openzen,4.27%,34.05MiB / 30.66GiB,0.11%,0B / 0B,0B / 2.15MB,20
2026-07-31 12:27:16,realsense,49.59%,99.34MiB / 30.66GiB,0.32%,0B / 0B,119kB / 4.05MB,36
2026-07-31 12:27:16,mapir-ffmpeg,170.18%,535.1MiB / 30.66GiB,1.70%,0B / 0B,0B / 1.37MB,40
2026-07-31 12:27:16,domain_bridge,2.04%,74.49MiB / 30.66GiB,0.24%,0B / 0B,242kB / 5.12MB,28
2026-07-31 12:27:16,nav2,16.94%,133.5MiB / 30.66GiB,0.43%,0B / 0B,20.5kB / 1.64MB,94
2026-07-31 12:27:20,trav_ros2,44.18%,143MiB / 30.66GiB,0.46%,0B / 0B,0B / 2.2MB,44
2026-07-31 12:27:20,docker-recorder-run-a563b0293c6b,114.47%,959.6MiB / 30.66GiB,3.06%,0B / 0B,0B / 37.7GB,19
2026-07-31 12:27:20,glim,155.90%,450.8MiB / 30.66GiB,1.44%,0B / 0B,111kB / 11.6MB,35
2026-07-31 12:27:20,scovox,164.90%,1.097GiB / 30.66GiB,3.58%,0B / 0B,8.19kB / 3.71MB,53
2026-07-31 12:27:20,ouster,10.26%,121MiB / 30.66GiB,0.39%,0B / 0B,0B / 2.88MB,30
2026-07-31 12:27:20,openzen,4.11%,33.86MiB / 30.66GiB,0.11%,0B / 0B,0B / 2.15MB,20
2026-07-31 12:27:20,realsense,49.01%,100MiB / 30.66GiB,0.32%,0B / 0B,119kB / 4.05MB,36
2026-07-31 12:27:20,mapir-ffmpeg,167.50%,510.9MiB / 30.66GiB,1.63%,0B / 0B,0B / 1.37MB,40
2026-07-31 12:27:20,domain_bridge,0.90%,74.03MiB / 30.66GiB,0.24%,0B / 0B,242kB / 5.12MB,28
2026-07-31 12:27:20,nav2,17.69%,133.8MiB / 30.66GiB,0.43%,0B / 0B,20.5kB / 1.64MB,94
2026-07-31 12:27:23,trav_ros2,40.42%,143.1MiB / 30.66GiB,0.46%,0B / 0B,0B / 2.2MB,44
2026-07-31 12:27:23,docker-recorder-run-a563b0293c6b,108.05%,958.3MiB / 30.66GiB,3.05%,0B / 0B,0B / 38.7GB,19
2026-07-31 12:27:23,glim,152.00%,457.2MiB / 30.66GiB,1.46%,0B / 0B,111kB / 11.6MB,35
2026-07-31 12:27:23,scovox,168.40%,1.109GiB / 30.66GiB,3.62%,0B / 0B,8.19kB / 3.71MB,53
2026-07-31 12:27:23,ouster,9.54%,121.1MiB / 30.66GiB,0.39%,0B / 0B,0B / 2.88MB,30
2026-07-31 12:27:23,openzen,3.88%,33.63MiB / 30.66GiB,0.11%,0B / 0B,0B / 2.15MB,20
2026-07-31 12:27:23,realsense,46.20%,100.1MiB / 30.66GiB,0.32%,0B / 0B,119kB / 4.05MB,36
2026-07-31 12:27:23,mapir-ffmpeg,166.12%,524.9MiB / 30.66GiB,1.67%,0B / 0B,0B / 1.37MB,40
2026-07-31 12:27:23,domain_bridge,0.90%,74.41MiB / 30.66GiB,0.24%,0B / 0B,242kB / 5.12MB,28
2026-07-31 12:27:23,nav2,16.15%,134.1MiB / 30.66GiB,0.43%,0B / 0B,20.5kB / 1.64MB,94
2026-07-31 12:27:26,trav_ros2,43.66%,153MiB / 30.66GiB,0.49%,0B / 0B,0B / 2.2MB,44
2026-07-31 12:27:26,docker-recorder-run-a563b0293c6b,88.10%,958.8MiB / 30.66GiB,3.05%,0B / 0B,0B / 39.3GB,19
2026-07-31 12:27:26,glim,134.67%,456.5MiB / 30.66GiB,1.45%,0B / 0B,111kB / 11.6MB,35
2026-07-31 12:27:26,scovox,208.15%,1.415GiB / 30.66GiB,4.62%,0B / 0B,8.19kB / 3.71MB,53
2026-07-31 12:27:26,ouster,9.84%,121MiB / 30.66GiB,0.39%,0B / 0B,0B / 2.88MB,30
2026-07-31 12:27:26,openzen,4.33%,34.12MiB / 30.66GiB,0.11%,0B / 0B,0B / 2.15MB,20
2026-07-31 12:27:26,realsense,46.05%,99.89MiB / 30.66GiB,0.32%,0B / 0B,119kB / 4.05MB,36
2026-07-31 12:27:26,mapir-ffmpeg,163.81%,544.4MiB / 30.66GiB,1.73%,0B / 0B,0B / 1.37MB,40
2026-07-31 12:27:26,domain_bridge,1.49%,74.16MiB / 30.66GiB,0.24%,0B / 0B,242kB / 5.12MB,28
2026-07-31 12:27:26,nav2,9.82%,133.5MiB / 30.66GiB,0.43%,0B / 0B,20.5kB / 1.64MB,92
2026-07-31 12:27:29,trav_ros2,41.43%,146.4MiB / 30.66GiB,0.47%,0B / 0B,0B / 2.2MB,44
2026-07-31 12:27:29,docker-recorder-run-a563b0293c6b,66.00%,959.6MiB / 30.66GiB,3.06%,0B / 0B,0B / 39.6GB,19
2026-07-31 12:27:29,glim,109.40%,439.7MiB / 30.66GiB,1.40%,0B / 0B,111kB / 11.6MB,35
2026-07-31 12:27:29,scovox,205.65%,1.418GiB / 30.66GiB,4.62%,0B / 0B,8.19kB / 3.72MB,53
2026-07-31 12:27:29,ouster,9.68%,121MiB / 30.66GiB,0.39%,0B / 0B,0B / 2.88MB,30
2026-07-31 12:27:29,openzen,3.90%,33.63MiB / 30.66GiB,0.11%,0B / 0B,0B / 2.15MB,20
2026-07-31 12:27:29,realsense,44.37%,100.3MiB / 30.66GiB,0.32%,0B / 0B,119kB / 4.05MB,36
2026-07-31 12:27:29,mapir-ffmpeg,138.50%,502.5MiB / 30.66GiB,1.60%,0B / 0B,0B / 1.37MB,40
2026-07-31 12:27:29,domain_bridge,0.97%,74.68MiB / 30.66GiB,0.24%,0B / 0B,242kB / 5.12MB,28
2026-07-31 12:27:29,nav2,7.52%,133MiB / 30.66GiB,0.42%,0B / 0B,20.5kB / 1.64MB,92
2026-07-31 12:27:32,trav_ros2,44.41%,145.4MiB / 30.66GiB,0.46%,0B / 0B,0B / 2.2MB,44
2026-07-31 12:27:32,docker-recorder-run-a563b0293c6b,102.13%,1.054GiB / 30.66GiB,3.44%,0B / 0B,0B / 40.7GB,19
2026-07-31 12:27:32,glim,99.49%,443.7MiB / 30.66GiB,1.41%,0B / 0B,111kB / 11.6MB,35
2026-07-31 12:27:32,scovox,192.84%,1.389GiB / 30.66GiB,4.53%,0B / 0B,8.19kB / 3.73MB,53
2026-07-31 12:27:32,ouster,9.58%,121.1MiB / 30.66GiB,0.39%,0B / 0B,0B / 2.88MB,30
2026-07-31 12:27:32,openzen,3.94%,33.63MiB / 30.66GiB,0.11%,0B / 0B,0B / 2.15MB,20
2026-07-31 12:27:32,realsense,47.96%,100.4MiB / 30.66GiB,0.32%,0B / 0B,119kB / 4.05MB,36
2026-07-31 12:27:32,mapir-ffmpeg,132.01%,490.6MiB / 30.66GiB,1.56%,0B / 0B,0B / 1.37MB,40
2026-07-31 12:27:32,domain_bridge,1.61%,74.89MiB / 30.66GiB,0.24%,0B / 0B,242kB / 5.12MB,28
2026-07-31 12:27:32,nav2,7.17%,133.7MiB / 30.66GiB,0.43%,0B / 0B,20.5kB / 1.64MB,93
2026-07-31 12:27:35,trav_ros2,43.19%,146.2MiB / 30.66GiB,0.47%,0B / 0B,0B / 2.2MB,44
2026-07-31 12:27:35,docker-recorder-run-a563b0293c6b,159.84%,1.004GiB / 30.66GiB,3.27%,0B / 0B,131kB / 41.5GB,19
2026-07-31 12:27:35,glim,136.96%,443.8MiB / 30.66GiB,1.41%,0B / 0B,111kB / 11.6MB,35
2026-07-31 12:27:35,scovox,205.89%,1.413GiB / 30.66GiB,4.61%,0B / 0B,8.19kB / 3.73MB,53
2026-07-31 12:27:35,ouster,10.16%,121.8MiB / 30.66GiB,0.39%,0B / 0B,0B / 2.88MB,30
2026-07-31 12:27:35,openzen,4.19%,33.63MiB / 30.66GiB,0.11%,0B / 0B,0B / 2.15MB,20
2026-07-31 12:27:35,realsense,48.16%,100.4MiB / 30.66GiB,0.32%,0B / 0B,119kB / 4.05MB,36
2026-07-31 12:27:35,mapir-ffmpeg,170.63%,507.1MiB / 30.66GiB,1.62%,0B / 0B,0B / 1.37MB,40
2026-07-31 12:27:35,domain_bridge,0.53%,73.78MiB / 30.66GiB,0.23%,0B / 0B,242kB / 5.12MB,28
2026-07-31 12:27:35,nav2,17.62%,134MiB / 30.66GiB,0.43%,0B / 0B,20.5kB / 1.64MB,94
2026-07-31 12:27:38,trav_ros2,42.86%,145.9MiB / 30.66GiB,0.46%,0B / 0B,0B / 2.2MB,44
2026-07-31 12:27:38,docker-recorder-run-a563b0293c6b,117.45%,933.4MiB / 30.66GiB,2.97%,0B / 0B,135kB / 42.2GB,19
2026-07-31 12:27:38,glim,140.18%,443.5MiB / 30.66GiB,1.41%,0B / 0B,111kB / 11.6MB,35
2026-07-31 12:27:38,scovox,222.87%,1.367GiB / 30.66GiB,4.46%,0B / 0B,8.19kB / 3.73MB,53
2026-07-31 12:27:38,ouster,10.29%,120.8MiB / 30.66GiB,0.38%,0B / 0B,0B / 2.88MB,30
2026-07-31 12:27:38,openzen,4.14%,33.63MiB / 30.66GiB,0.11%,0B / 0B,0B / 2.15MB,20
2026-07-31 12:27:38,realsense,48.36%,100.5MiB / 30.66GiB,0.32%,0B / 0B,119kB / 4.05MB,36
2026-07-31 12:27:38,mapir-ffmpeg,165.58%,525.2MiB / 30.66GiB,1.67%,0B / 0B,0B / 1.37MB,40
2026-07-31 12:27:38,domain_bridge,0.47%,73.68MiB / 30.66GiB,0.23%,0B / 0B,242kB / 5.12MB,28
2026-07-31 12:27:38,nav2,17.02%,138MiB / 30.66GiB,0.44%,0B / 0B,20.5kB / 1.64MB,94
2026-07-31 12:27:41,trav_ros2,43.82%,145.4MiB / 30.66GiB,0.46%,0B / 0B,0B / 2.28MB,44
2026-07-31 12:27:41,docker-recorder-run-a563b0293c6b,135.36%,1.002GiB / 30.66GiB,3.27%,0B / 0B,135kB / 42.8GB,19
2026-07-31 12:27:41,glim,139.37%,443.6MiB / 30.66GiB,1.41%,0B / 0B,111kB / 11.6MB,35
2026-07-31 12:27:41,scovox,218.03%,1.463GiB / 30.66GiB,4.77%,0B / 0B,8.19kB / 3.73MB,53
2026-07-31 12:27:41,ouster,9.88%,121.3MiB / 30.66GiB,0.39%,0B / 0B,0B / 2.88MB,30
2026-07-31 12:27:41,openzen,4.46%,34.87MiB / 30.66GiB,0.11%,0B / 0B,0B / 2.15MB,20
2026-07-31 12:27:41,realsense,49.21%,102.7MiB / 30.66GiB,0.33%,0B / 0B,119kB / 4.05MB,36
2026-07-31 12:27:41,mapir-ffmpeg,158.71%,480.3MiB / 30.66GiB,1.53%,0B / 0B,0B / 1.37MB,40
2026-07-31 12:27:41,domain_bridge,0.84%,74.67MiB / 30.66GiB,0.24%,0B / 0B,242kB / 5.12MB,28
2026-07-31 12:27:41,nav2,16.57%,134.2MiB / 30.66GiB,0.43%,0B / 0B,20.5kB / 1.64MB,94
2026-07-31 12:27:45,trav_ros2,43.40%,146.2MiB / 30.66GiB,0.47%,0B / 0B,0B / 2.28MB,44
2026-07-31 12:27:45,docker-recorder-run-a563b0293c6b,124.32%,995.9MiB / 30.66GiB,3.17%,0B / 0B,135kB / 43.5GB,19
2026-07-31 12:27:45,glim,134.15%,443.1MiB / 30.66GiB,1.41%,0B / 0B,111kB / 11.6MB,35
2026-07-31 12:27:45,scovox,235.20%,1.37GiB / 30.66GiB,4.47%,0B / 0B,8.19kB / 3.73MB,53
2026-07-31 12:27:45,ouster,10.12%,121.1MiB / 30.66GiB,0.39%,0B / 0B,0B / 2.88MB,30
2026-07-31 12:27:45,openzen,4.19%,33.9MiB / 30.66GiB,0.11%,0B / 0B,0B / 2.15MB,20
2026-07-31 12:27:45,realsense,49.81%,105.8MiB / 30.66GiB,0.34%,0B / 0B,119kB / 4.17MB,36
2026-07-31 12:27:45,mapir-ffmpeg,160.97%,519.6MiB / 30.66GiB,1.65%,0B / 0B,0B / 1.37MB,40
2026-07-31 12:27:45,domain_bridge,2.09%,75.05MiB / 30.66GiB,0.24%,0B / 0B,242kB / 5.12MB,28
2026-07-31 12:27:45,nav2,16.94%,134.1MiB / 30.66GiB,0.43%,0B / 0B,20.5kB / 1.64MB,94
2026-07-31 12:27:48,trav_ros2,42.68%,146MiB / 30.66GiB,0.46%,0B / 0B,0B / 2.28MB,44
2026-07-31 12:27:48,docker-recorder-run-a563b0293c6b,162.09%,937.5MiB / 30.66GiB,2.99%,0B / 0B,135kB / 43.8GB,19
2026-07-31 12:27:48,glim,142.16%,443.1MiB / 30.66GiB,1.41%,0B / 0B,111kB / 11.6MB,35
2026-07-31 12:27:48,scovox,212.13%,1.456GiB / 30.66GiB,4.75%,0B / 0B,8.19kB / 3.73MB,53
2026-07-31 12:27:48,ouster,9.53%,121.3MiB / 30.66GiB,0.39%,0B / 0B,0B / 2.88MB,30
2026-07-31 12:27:48,openzen,4.19%,33.9MiB / 30.66GiB,0.11%,0B / 0B,0B / 2.15MB,20
2026-07-31 12:27:48,realsense,49.79%,103.6MiB / 30.66GiB,0.33%,0B / 0B,119kB / 4.17MB,36
2026-07-31 12:27:48,mapir-ffmpeg,164.48%,516.5MiB / 30.66GiB,1.65%,0B / 0B,0B / 1.37MB,40
2026-07-31 12:27:48,domain_bridge,5.11%,75.55MiB / 30.66GiB,0.24%,0B / 0B,242kB / 5.12MB,28
2026-07-31 12:27:48,nav2,16.58%,134.4MiB / 30.66GiB,0.43%,0B / 0B,20.5kB / 1.64MB,94
2026-07-31 12:27:51,trav_ros2,40.57%,147.4MiB / 30.66GiB,0.47%,0B / 0B,0B / 2.28MB,44
2026-07-31 12:27:51,docker-recorder-run-a563b0293c6b,88.39%,933.9MiB / 30.66GiB,2.97%,0B / 0B,135kB / 45GB,19
2026-07-31 12:27:51,glim,120.12%,444.1MiB / 30.66GiB,1.41%,0B / 0B,111kB / 11.6MB,35
2026-07-31 12:27:51,scovox,179.70%,1.34GiB / 30.66GiB,4.37%,0B / 0B,8.19kB / 3.73MB,53
2026-07-31 12:27:51,ouster,10.06%,121.6MiB / 30.66GiB,0.39%,0B / 0B,0B / 2.88MB,30
2026-07-31 12:27:51,openzen,3.77%,34.15MiB / 30.66GiB,0.11%,0B / 0B,0B / 2.15MB,20
2026-07-31 12:27:51,realsense,47.33%,100.7MiB / 30.66GiB,0.32%,0B / 0B,119kB / 4.17MB,36
2026-07-31 12:27:51,mapir-ffmpeg,154.13%,512.8MiB / 30.66GiB,1.63%,0B / 0B,0B / 1.38MB,40
2026-07-31 12:27:51,domain_bridge,2.19%,75.24MiB / 30.66GiB,0.24%,0B / 0B,242kB / 5.12MB,28
2026-07-31 12:27:51,nav2,7.58%,134MiB / 30.66GiB,0.43%,0B / 0B,20.5kB / 1.7MB,92
2026-07-31 12:27:54,trav_ros2,41.89%,147.4MiB / 30.66GiB,0.47%,0B / 0B,0B / 2.28MB,44
2026-07-31 12:27:54,docker-recorder-run-a563b0293c6b,62.47%,932.4MiB / 30.66GiB,2.97%,0B / 0B,135kB / 45.5GB,19
2026-07-31 12:27:54,glim,108.73%,443.4MiB / 30.66GiB,1.41%,0B / 0B,111kB / 11.6MB,35
2026-07-31 12:27:54,scovox,131.91%,1.361GiB / 30.66GiB,4.44%,0B / 0B,8.19kB / 3.73MB,53
2026-07-31 12:27:54,ouster,9.67%,121.4MiB / 30.66GiB,0.39%,0B / 0B,0B / 2.88MB,30
2026-07-31 12:27:54,openzen,3.83%,33.66MiB / 30.66GiB,0.11%,0B / 0B,0B / 2.15MB,20
2026-07-31 12:27:54,realsense,47.14%,100.5MiB / 30.66GiB,0.32%,0B / 0B,119kB / 4.17MB,36
2026-07-31 12:27:54,mapir-ffmpeg,132.79%,487.9MiB / 30.66GiB,1.55%,0B / 0B,0B / 1.38MB,40
2026-07-31 12:27:54,domain_bridge,0.29%,74.9MiB / 30.66GiB,0.24%,0B / 0B,242kB / 5.12MB,28
2026-07-31 12:27:54,nav2,7.01%,134.3MiB / 30.66GiB,0.43%,0B / 0B,20.5kB / 1.7MB,92
2026-07-31 12:27:57,trav_ros2,42.61%,155.5MiB / 30.66GiB,0.50%,0B / 0B,0B / 2.28MB,44
2026-07-31 12:27:57,docker-recorder-run-a563b0293c6b,147.75%,1.098GiB / 30.66GiB,3.58%,0B / 0B,135kB / 45.6GB,19
2026-07-31 12:27:57,glim,95.90%,443.6MiB / 30.66GiB,1.41%,0B / 0B,111kB / 11.6MB,35
2026-07-31 12:27:57,scovox,214.51%,1.409GiB / 30.66GiB,4.60%,0B / 0B,8.19kB / 3.73MB,53
2026-07-31 12:27:57,ouster,9.79%,121.1MiB / 30.66GiB,0.39%,0B / 0B,0B / 2.88MB,30
2026-07-31 12:27:57,openzen,3.69%,33.68MiB / 30.66GiB,0.11%,0B / 0B,0B / 2.15MB,20
2026-07-31 12:27:57,realsense,46.82%,105.2MiB / 30.66GiB,0.33%,0B / 0B,119kB / 4.17MB,36
2026-07-31 12:27:57,mapir-ffmpeg,135.41%,495.3MiB / 30.66GiB,1.58%,0B / 0B,0B / 1.38MB,40
2026-07-31 12:27:57,domain_bridge,1.55%,75.62MiB / 30.66GiB,0.24%,0B / 0B,242kB / 5.12MB,28
2026-07-31 12:27:57,nav2,7.34%,134.8MiB / 30.66GiB,0.43%,0B / 0B,20.5kB / 1.7MB,92
2026-07-31 12:28:00,trav_ros2,42.68%,148.5MiB / 30.66GiB,0.47%,0B / 0B,0B / 2.28MB,44
2026-07-31 12:28:00,docker-recorder-run-a563b0293c6b,122.42%,867.3MiB / 30.66GiB,2.76%,0B / 0B,135kB / 46.1GB,19
2026-07-31 12:28:00,glim,97.93%,443.6MiB / 30.66GiB,1.41%,0B / 0B,111kB / 11.7MB,35
2026-07-31 12:28:00,scovox,192.32%,1.215GiB / 30.66GiB,3.96%,0B / 0B,8.19kB / 3.75MB,53
2026-07-31 12:28:00,ouster,9.98%,121MiB / 30.66GiB,0.39%,0B / 0B,0B / 2.88MB,30
2026-07-31 12:28:00,openzen,3.96%,33.91MiB / 30.66GiB,0.11%,0B / 0B,0B / 2.15MB,20
2026-07-31 12:28:00,realsense,41.41%,101.8MiB / 30.66GiB,0.32%,0B / 0B,119kB / 4.17MB,36
2026-07-31 12:28:00,mapir-ffmpeg,137.96%,494.7MiB / 30.66GiB,1.58%,0B / 0B,0B / 1.38MB,40
2026-07-31 12:28:00,domain_bridge,1.28%,74.7MiB / 30.66GiB,0.24%,0B / 0B,242kB / 5.12MB,28
2026-07-31 12:28:00,nav2,7.62%,134.4MiB / 30.66GiB,0.43%,0B / 0B,20.5kB / 1.7MB,92
2026-07-31 12:28:03,trav_ros2,43.16%,147.7MiB / 30.66GiB,0.47%,0B / 0B,0B / 2.28MB,44
2026-07-31 12:28:03,docker-recorder-run-a563b0293c6b,72.80%,946.5MiB / 30.66GiB,3.01%,0B / 0B,135kB / 47.3GB,19
2026-07-31 12:28:03,glim,101.26%,443.7MiB / 30.66GiB,1.41%,0B / 0B,111kB / 11.7MB,35
2026-07-31 12:28:03,scovox,206.83%,1.464GiB / 30.66GiB,4.77%,0B / 0B,8.19kB / 3.75MB,53
2026-07-31 12:28:03,ouster,9.56%,121.1MiB / 30.66GiB,0.39%,0B / 0B,0B / 2.88MB,30
2026-07-31 12:28:03,openzen,3.81%,33.9MiB / 30.66GiB,0.11%,0B / 0B,0B / 2.15MB,20
2026-07-31 12:28:03,realsense,45.62%,100.2MiB / 30.66GiB,0.32%,0B / 0B,119kB / 4.17MB,36
2026-07-31 12:28:03,mapir-ffmpeg,134.94%,497.8MiB / 30.66GiB,1.59%,0B / 0B,0B / 1.38MB,40
2026-07-31 12:28:03,domain_bridge,1.53%,75.27MiB / 30.66GiB,0.24%,0B / 0B,242kB / 5.12MB,28
2026-07-31 12:28:03,nav2,6.99%,134.4MiB / 30.66GiB,0.43%,0B / 0B,20.5kB / 1.7MB,92
2026-07-31 12:28:06,trav_ros2,43.92%,148.4MiB / 30.66GiB,0.47%,0B / 0B,0B / 2.28MB,44
2026-07-31 12:28:06,docker-recorder-run-a563b0293c6b,124.01%,1.099GiB / 30.66GiB,3.58%,0B / 0B,135kB / 47.5GB,19
2026-07-31 12:28:06,glim,95.62%,443.8MiB / 30.66GiB,1.41%,0B / 0B,111kB / 11.7MB,35
2026-07-31 12:28:06,scovox,232.82%,1.354GiB / 30.66GiB,4.42%,0B / 0B,8.19kB / 3.75MB,53
2026-07-31 12:28:06,ouster,10.33%,121.6MiB / 30.66GiB,0.39%,0B / 0B,0B / 2.88MB,30
2026-07-31 12:28:06,openzen,4.00%,33.91MiB / 30.66GiB,0.11%,0B / 0B,0B / 2.15MB,20
2026-07-31 12:28:06,realsense,46.95%,100.1MiB / 30.66GiB,0.32%,0B / 0B,119kB / 4.17MB,36
2026-07-31 12:28:06,mapir-ffmpeg,136.93%,495.2MiB / 30.66GiB,1.58%,0B / 0B,0B / 1.38MB,40
2026-07-31 12:28:06,domain_bridge,1.58%,74.55MiB / 30.66GiB,0.24%,0B / 0B,242kB / 5.12MB,28
2026-07-31 12:28:06,nav2,7.71%,134.8MiB / 30.66GiB,0.43%,0B / 0B,20.5kB / 1.7MB,92
2026-07-31 12:28:09,trav_ros2,43.56%,147.8MiB / 30.66GiB,0.47%,0B / 0B,0B / 2.28MB,44
2026-07-31 12:28:09,docker-recorder-run-a563b0293c6b,148.40%,991.6MiB / 30.66GiB,3.16%,0B / 0B,135kB / 48.4GB,19
2026-07-31 12:28:09,glim,120.32%,443.6MiB / 30.66GiB,1.41%,0B / 0B,111kB / 11.7MB,35
2026-07-31 12:28:09,scovox,209.31%,1.473GiB / 30.66GiB,4.80%,0B / 0B,8.19kB / 3.75MB,53
2026-07-31 12:28:09,ouster,9.72%,121.2MiB / 30.66GiB,0.39%,0B / 0B,0B / 2.88MB,30
2026-07-31 12:28:09,openzen,4.12%,33.9MiB / 30.66GiB,0.11%,0B / 0B,0B / 2.15MB,20
2026-07-31 12:28:09,realsense,46.10%,100MiB / 30.66GiB,0.32%,0B / 0B,119kB / 4.17MB,36
2026-07-31 12:28:09,mapir-ffmpeg,169.50%,494.3MiB / 30.66GiB,1.57%,0B / 0B,0B / 1.38MB,40
2026-07-31 12:28:09,domain_bridge,0.85%,74.7MiB / 30.66GiB,0.24%,0B / 0B,242kB / 5.12MB,28
2026-07-31 12:28:09,nav2,15.83%,134.8MiB / 30.66GiB,0.43%,0B / 0B,20.5kB / 1.7MB,94
2026-07-31 12:28:13,trav_ros2,43.50%,148.3MiB / 30.66GiB,0.47%,0B / 0B,0B / 2.36MB,44
2026-07-31 12:28:13,docker-recorder-run-a563b0293c6b,144.71%,991.8MiB / 30.66GiB,3.16%,0B / 0B,135kB / 49.2GB,19
2026-07-31 12:28:13,glim,130.28%,443.7MiB / 30.66GiB,1.41%,0B / 0B,111kB / 11.7MB,35
2026-07-31 12:28:13,scovox,199.71%,1.413GiB / 30.66GiB,4.61%,0B / 0B,8.19kB / 3.75MB,53
2026-07-31 12:28:13,ouster,9.90%,120.7MiB / 30.66GiB,0.38%,0B / 0B,0B / 2.88MB,30
2026-07-31 12:28:13,openzen,4.12%,33.66MiB / 30.66GiB,0.11%,0B / 0B,0B / 2.15MB,20
2026-07-31 12:28:13,realsense,48.52%,99.79MiB / 30.66GiB,0.32%,0B / 0B,119kB / 4.17MB,36
2026-07-31 12:28:13,mapir-ffmpeg,170.92%,483.8MiB / 30.66GiB,1.54%,0B / 0B,0B / 1.38MB,40
2026-07-31 12:28:13,domain_bridge,1.17%,74.82MiB / 30.66GiB,0.24%,0B / 0B,242kB / 5.12MB,28
2026-07-31 12:28:13,nav2,16.15%,134.8MiB / 30.66GiB,0.43%,0B / 0B,20.5kB / 1.7MB,94
2026-07-31 12:28:16,trav_ros2,47.43%,151.9MiB / 30.66GiB,0.48%,0B / 0B,0B / 2.36MB,44
2026-07-31 12:28:16,docker-recorder-run-a563b0293c6b,155.79%,1.029GiB / 30.66GiB,3.35%,0B / 0B,135kB / 50GB,19
2026-07-31 12:28:16,glim,143.28%,443.4MiB / 30.66GiB,1.41%,0B / 0B,111kB / 11.7MB,35
2026-07-31 12:28:16,scovox,121.39%,1.242GiB / 30.66GiB,4.05%,0B / 0B,8.19kB / 3.75MB,53
2026-07-31 12:28:16,ouster,10.12%,121.3MiB / 30.66GiB,0.39%,0B / 0B,0B / 2.88MB,30
2026-07-31 12:28:16,openzen,4.31%,33.66MiB / 30.66GiB,0.11%,0B / 0B,0B / 2.15MB,20
2026-07-31 12:28:16,realsense,49.54%,100.7MiB / 30.66GiB,0.32%,0B / 0B,119kB / 4.3MB,36
2026-07-31 12:28:16,mapir-ffmpeg,169.73%,511.3MiB / 30.66GiB,1.63%,0B / 0B,0B / 1.38MB,40
2026-07-31 12:28:16,domain_bridge,0.78%,74.54MiB / 30.66GiB,0.24%,0B / 0B,242kB / 5.12MB,28
2026-07-31 12:28:16,nav2,15.82%,134.7MiB / 30.66GiB,0.43%,0B / 0B,20.5kB / 1.7MB,94
2026-07-31 12:28:19,trav_ros2,47.55%,152.4MiB / 30.66GiB,0.49%,0B / 0B,0B / 2.36MB,44
2026-07-31 12:28:19,docker-recorder-run-a563b0293c6b,119.39%,1.104GiB / 30.66GiB,3.60%,0B / 0B,135kB / 50.2GB,19
2026-07-31 12:28:19,glim,145.35%,443.4MiB / 30.66GiB,1.41%,0B / 0B,111kB / 11.7MB,35
2026-07-31 12:28:19,scovox,178.14%,1.241GiB / 30.66GiB,4.05%,0B / 0B,8.19kB / 3.75MB,53
2026-07-31 12:28:19,ouster,9.92%,121.1MiB / 30.66GiB,0.39%,0B / 0B,0B / 2.88MB,30
2026-07-31 12:28:19,openzen,4.40%,33.68MiB / 30.66GiB,0.11%,0B / 0B,0B / 2.15MB,20
2026-07-31 12:28:19,realsense,46.91%,100.2MiB / 30.66GiB,0.32%,0B / 0B,119kB / 4.3MB,36
2026-07-31 12:28:19,mapir-ffmpeg,163.37%,528MiB / 30.66GiB,1.68%,0B / 0B,0B / 1.38MB,40
2026-07-31 12:28:19,domain_bridge,0.69%,74.52MiB / 30.66GiB,0.24%,0B / 0B,242kB / 5.12MB,28
2026-07-31 12:28:19,nav2,12.93%,134.8MiB / 30.66GiB,0.43%,0B / 0B,20.5kB / 1.7MB,92
2026-07-31 12:28:22,trav_ros2,52.85%,155.6MiB / 30.66GiB,0.50%,0B / 0B,0B / 2.36MB,44
2026-07-31 12:28:22,docker-recorder-run-a563b0293c6b,77.35%,996.4MiB / 30.66GiB,3.17%,0B / 0B,135kB / 50.8GB,19
2026-07-31 12:28:22,glim,126.65%,443.2MiB / 30.66GiB,1.41%,0B / 0B,111kB / 11.7MB,35
2026-07-31 12:28:22,scovox,211.46%,1.576GiB / 30.66GiB,5.14%,0B / 0B,8.19kB / 3.75MB,53
2026-07-31 12:28:22,ouster,10.23%,121.3MiB / 30.66GiB,0.39%,0B / 0B,0B / 2.88MB,30
2026-07-31 12:28:22,openzen,4.07%,33.93MiB / 30.66GiB,0.11%,0B / 0B,0B / 2.15MB,20
2026-07-31 12:28:22,realsense,46.40%,100.3MiB / 30.66GiB,0.32%,0B / 0B,119kB / 4.3MB,36
2026-07-31 12:28:22,mapir-ffmpeg,137.91%,503.4MiB / 30.66GiB,1.60%,0B / 0B,0B / 1.38MB,40
2026-07-31 12:28:22,domain_bridge,0.80%,74.65MiB / 30.66GiB,0.24%,0B / 0B,242kB / 5.12MB,28
2026-07-31 12:28:22,nav2,7.18%,135.2MiB / 30.66GiB,0.43%,0B / 0B,20.5kB / 1.7MB,92
2026-07-31 12:28:25,trav_ros2,52.33%,150.2MiB / 30.66GiB,0.48%,0B / 0B,0B / 2.36MB,44
2026-07-31 12:28:25,docker-recorder-run-a563b0293c6b,66.36%,997.5MiB / 30.66GiB,3.18%,0B / 0B,135kB / 51.7GB,19
2026-07-31 12:28:25,glim,116.34%,443.8MiB / 30.66GiB,1.41%,0B / 0B,111kB / 11.7MB,35
2026-07-31 12:28:25,scovox,207.58%,1.536GiB / 30.66GiB,5.01%,0B / 0B,8.19kB / 3.75MB,53
2026-07-31 12:28:25,ouster,10.03%,121.6MiB / 30.66GiB,0.39%,0B / 0B,0B / 2.88MB,30
2026-07-31 12:28:25,openzen,3.95%,33.93MiB / 30.66GiB,0.11%,0B / 0B,0B / 2.15MB,20
2026-07-31 12:28:25,realsense,52.20%,99.89MiB / 30.66GiB,0.32%,0B / 0B,119kB / 4.3MB,36
2026-07-31 12:28:25,mapir-ffmpeg,141.17%,494.9MiB / 30.66GiB,1.58%,0B / 0B,0B / 1.39MB,40
2026-07-31 12:28:25,domain_bridge,0.23%,74.35MiB / 30.66GiB,0.24%,0B / 0B,242kB / 5.12MB,28
2026-07-31 12:28:25,nav2,6.73%,135.3MiB / 30.66GiB,0.43%,0B / 0B,20.5kB / 1.75MB,92
2026-07-31 12:28:28,trav_ros2,54.25%,153.2MiB / 30.66GiB,0.49%,0B / 0B,0B / 2.36MB,44
2026-07-31 12:28:28,docker-recorder-run-a563b0293c6b,137.36%,943.2MiB / 30.66GiB,3.00%,0B / 0B,135kB / 52.3GB,19
2026-07-31 12:28:28,glim,114.68%,443.4MiB / 30.66GiB,1.41%,0B / 0B,111kB / 11.7MB,35
2026-07-31 12:28:28,scovox,190.85%,1.267GiB / 30.66GiB,4.13%,0B / 0B,8.19kB / 3.75MB,53
2026-07-31 12:28:28,ouster,9.79%,121.1MiB / 30.66GiB,0.39%,0B / 0B,0B / 2.88MB,30
2026-07-31 12:28:28,openzen,3.83%,33.68MiB / 30.66GiB,0.11%,0B / 0B,0B / 2.15MB,20
2026-07-31 12:28:28,realsense,49.73%,100.5MiB / 30.66GiB,0.32%,0B / 0B,119kB / 4.3MB,36
2026-07-31 12:28:28,mapir-ffmpeg,132.21%,495.2MiB / 30.66GiB,1.58%,0B / 0B,0B / 1.39MB,40
2026-07-31 12:28:28,domain_bridge,0.88%,74.21MiB / 30.66GiB,0.24%,0B / 0B,242kB / 5.12MB,28
2026-07-31 12:28:28,nav2,7.14%,135MiB / 30.66GiB,0.43%,0B / 0B,20.5kB / 1.75MB,92
2026-07-31 12:28:31,trav_ros2,53.75%,154MiB / 30.66GiB,0.49%,0B / 0B,0B / 2.36MB,44
2026-07-31 12:28:31,docker-recorder-run-a563b0293c6b,72.22%,945.8MiB / 30.66GiB,3.01%,0B / 0B,135kB / 52.7GB,19
2026-07-31 12:28:31,glim,112.04%,442.8MiB / 30.66GiB,1.41%,0B / 0B,111kB / 11.7MB,35
2026-07-31 12:28:31,scovox,208.86%,1.576GiB / 30.66GiB,5.14%,0B / 0B,8.19kB / 3.75MB,53
2026-07-31 12:28:31,ouster,9.85%,121.6MiB / 30.66GiB,0.39%,0B / 0B,0B / 2.88MB,30
2026-07-31 12:28:31,openzen,4.01%,33.73MiB / 30.66GiB,0.11%,0B / 0B,0B / 2.15MB,20
2026-07-31 12:28:31,realsense,47.29%,100.2MiB / 30.66GiB,0.32%,0B / 0B,119kB / 4.3MB,36
2026-07-31 12:28:31,mapir-ffmpeg,125.78%,495.9MiB / 30.66GiB,1.58%,0B / 0B,0B / 1.39MB,40
2026-07-31 12:28:31,domain_bridge,1.65%,75.59MiB / 30.66GiB,0.24%,0B / 0B,242kB / 5.12MB,28
2026-07-31 12:28:31,nav2,8.17%,136.4MiB / 30.66GiB,0.43%,0B / 0B,20.5kB / 1.75MB,92
2026-07-31 12:28:34,trav_ros2,55.20%,153.6MiB / 30.66GiB,0.49%,0B / 0B,0B / 2.36MB,44
2026-07-31 12:28:34,docker-recorder-run-a563b0293c6b,86.01%,944.4MiB / 30.66GiB,3.01%,0B / 0B,135kB / 53.5GB,19
2026-07-31 12:28:34,glim,139.32%,442.9MiB / 30.66GiB,1.41%,0B / 0B,111kB / 11.7MB,35
2026-07-31 12:28:34,scovox,178.10%,1.457GiB / 30.66GiB,4.75%,0B / 0B,8.19kB / 3.75MB,53
2026-07-31 12:28:34,ouster,9.68%,121.3MiB / 30.66GiB,0.39%,0B / 0B,0B / 2.88MB,30
2026-07-31 12:28:34,openzen,4.01%,33.96MiB / 30.66GiB,0.11%,0B / 0B,0B / 2.15MB,20
2026-07-31 12:28:34,realsense,50.16%,100.5MiB / 30.66GiB,0.32%,0B / 0B,119kB / 4.3MB,36
2026-07-31 12:28:34,mapir-ffmpeg,165.57%,522.3MiB / 30.66GiB,1.66%,0B / 0B,0B / 1.39MB,40
2026-07-31 12:28:34,domain_bridge,5.73%,75.89MiB / 30.66GiB,0.24%,0B / 0B,385kB / 5.12MB,28
2026-07-31 12:28:34,nav2,16.55%,136.9MiB / 30.66GiB,0.44%,0B / 0B,20.5kB / 1.75MB,94
2026-07-31 12:28:37,trav_ros2,53.93%,153.6MiB / 30.66GiB,0.49%,0B / 0B,0B / 2.36MB,44
2026-07-31 12:28:37,docker-recorder-run-a563b0293c6b,148.66%,1.064GiB / 30.66GiB,3.47%,0B / 0B,135kB / 54.4GB,19
2026-07-31 12:28:37,glim,148.51%,443.5MiB / 30.66GiB,1.41%,0B / 0B,111kB / 11.7MB,35
2026-07-31 12:28:37,scovox,122.02%,1.293GiB / 30.66GiB,4.22%,0B / 0B,8.19kB / 3.78MB,53
2026-07-31 12:28:37,ouster,9.69%,121.1MiB / 30.66GiB,0.39%,0B / 0B,0B / 2.88MB,30
2026-07-31 12:28:37,openzen,4.56%,34.21MiB / 30.66GiB,0.11%,0B / 0B,0B / 2.15MB,20
2026-07-31 12:28:37,realsense,51.69%,105.3MiB / 30.66GiB,0.34%,0B / 0B,119kB / 4.3MB,36
2026-07-31 12:28:37,mapir-ffmpeg,164.52%,484.1MiB / 30.66GiB,1.54%,0B / 0B,0B / 1.39MB,40
2026-07-31 12:28:37,domain_bridge,5.68%,76.36MiB / 30.66GiB,0.24%,0B / 0B,385kB / 5.12MB,28
2026-07-31 12:28:37,nav2,18.20%,137MiB / 30.66GiB,0.44%,0B / 0B,20.5kB / 1.75MB,94
2026-07-31 12:28:41,trav_ros2,60.17%,153.8MiB / 30.66GiB,0.49%,0B / 0B,0B / 2.36MB,44
2026-07-31 12:28:41,docker-recorder-run-a563b0293c6b,109.77%,942.7MiB / 30.66GiB,3.00%,0B / 0B,135kB / 54.4GB,19
2026-07-31 12:28:41,glim,147.83%,443.8MiB / 30.66GiB,1.41%,0B / 0B,111kB / 11.7MB,35
2026-07-31 12:28:41,scovox,177.04%,1.295GiB / 30.66GiB,4.22%,0B / 0B,8.19kB / 3.78MB,53
2026-07-31 12:28:41,ouster,10.12%,121.1MiB / 30.66GiB,0.39%,0B / 0B,0B / 2.88MB,30
2026-07-31 12:28:41,openzen,4.33%,34.21MiB / 30.66GiB,0.11%,0B / 0B,0B / 2.15MB,20
2026-07-31 12:28:41,realsense,51.41%,105.6MiB / 30.66GiB,0.34%,0B / 0B,119kB / 4.3MB,36
2026-07-31 12:28:41,mapir-ffmpeg,168.51%,530.7MiB / 30.66GiB,1.69%,0B / 0B,0B / 1.39MB,40
2026-07-31 12:28:41,domain_bridge,6.46%,75.89MiB / 30.66GiB,0.24%,0B / 0B,385kB / 5.12MB,28
2026-07-31 12:28:41,nav2,16.61%,136.9MiB / 30.66GiB,0.44%,0B / 0B,20.5kB / 1.75MB,94
2026-07-31 12:28:44,trav_ros2,58.71%,154.3MiB / 30.66GiB,0.49%,0B / 0B,0B / 2.44MB,44
2026-07-31 12:28:44,docker-recorder-run-a563b0293c6b,86.64%,945.2MiB / 30.66GiB,3.01%,0B / 0B,135kB / 55.3GB,19
2026-07-31 12:28:44,glim,153.49%,443.1MiB / 30.66GiB,1.41%,0B / 0B,111kB / 11.7MB,35
2026-07-31 12:28:44,scovox,209.69%,1.563GiB / 30.66GiB,5.10%,0B / 0B,8.19kB / 3.78MB,53
2026-07-31 12:28:44,ouster,9.82%,121.5MiB / 30.66GiB,0.39%,0B / 0B,0B / 2.88MB,30
2026-07-31 12:28:44,openzen,4.25%,33.97MiB / 30.66GiB,0.11%,0B / 0B,0B / 2.15MB,20
2026-07-31 12:28:44,realsense,49.70%,100.3MiB / 30.66GiB,0.32%,0B / 0B,119kB / 4.43MB,36
2026-07-31 12:28:44,mapir-ffmpeg,161.17%,518.8MiB / 30.66GiB,1.65%,0B / 0B,0B / 1.39MB,40
2026-07-31 12:28:44,domain_bridge,8.27%,76.5MiB / 30.66GiB,0.24%,0B / 0B,385kB / 5.12MB,28
2026-07-31 12:28:44,nav2,16.68%,136.3MiB / 30.66GiB,0.43%,0B / 0B,20.5kB / 1.76MB,94
2026-07-31 12:28:47,trav_ros2,54.93%,155MiB / 30.66GiB,0.49%,0B / 0B,0B / 2.44MB,44
2026-07-31 12:28:47,docker-recorder-run-a563b0293c6b,168.67%,944.6MiB / 30.66GiB,3.01%,0B / 0B,135kB / 56.4GB,19
2026-07-31 12:28:47,glim,155.64%,444MiB / 30.66GiB,1.41%,0B / 0B,111kB / 11.7MB,35
2026-07-31 12:28:47,scovox,212.53%,1.495GiB / 30.66GiB,4.87%,0B / 0B,8.19kB / 3.78MB,53
2026-07-31 12:28:47,ouster,9.95%,121.1MiB / 30.66GiB,0.39%,0B / 0B,0B / 2.88MB,30
2026-07-31 12:28:47,openzen,4.36%,33.96MiB / 30.66GiB,0.11%,0B / 0B,0B / 2.15MB,20
2026-07-31 12:28:47,realsense,49.67%,100.3MiB / 30.66GiB,0.32%,0B / 0B,119kB / 4.43MB,36
2026-07-31 12:28:47,mapir-ffmpeg,169.08%,512.9MiB / 30.66GiB,1.63%,0B / 0B,0B / 1.39MB,40
2026-07-31 12:28:47,domain_bridge,3.22%,76.5MiB / 30.66GiB,0.24%,0B / 0B,385kB / 5.12MB,28
2026-07-31 12:28:47,nav2,13.89%,137MiB / 30.66GiB,0.44%,0B / 0B,20.5kB / 1.76MB,94
2026-07-31 12:28:50,trav_ros2,52.85%,155.5MiB / 30.66GiB,0.50%,0B / 0B,0B / 2.44MB,44
2026-07-31 12:28:50,docker-recorder-run-a563b0293c6b,123.37%,1.083GiB / 30.66GiB,3.53%,0B / 0B,135kB / 56.4GB,19
2026-07-31 12:28:50,glim,150.65%,443.2MiB / 30.66GiB,1.41%,0B / 0B,111kB / 11.7MB,35
2026-07-31 12:28:50,scovox,156.06%,1.554GiB / 30.66GiB,5.07%,0B / 0B,8.19kB / 3.78MB,53
2026-07-31 12:28:50,ouster,9.67%,121.3MiB / 30.66GiB,0.39%,0B / 0B,0B / 2.88MB,30
2026-07-31 12:28:50,openzen,3.99%,33.71MiB / 30.66GiB,0.11%,0B / 0B,0B / 2.15MB,20
2026-07-31 12:28:50,realsense,47.43%,100.1MiB / 30.66GiB,0.32%,0B / 0B,119kB / 4.43MB,36
2026-07-31 12:28:50,mapir-ffmpeg,159.03%,509.5MiB / 30.66GiB,1.62%,0B / 0B,0B / 1.39MB,40
2026-07-31 12:28:50,domain_bridge,3.44%,76.65MiB / 30.66GiB,0.24%,0B / 0B,385kB / 5.12MB,28
2026-07-31 12:28:50,nav2,15.81%,136.7MiB / 30.66GiB,0.44%,0B / 0B,20.5kB / 1.76MB,94
2026-07-31 12:28:53,trav_ros2,70.95%,156.4MiB / 30.66GiB,0.50%,0B / 0B,0B / 2.44MB,44
2026-07-31 12:28:53,docker-recorder-run-a563b0293c6b,99.81%,848.9MiB / 30.66GiB,2.70%,0B / 0B,135kB / 57.2GB,19
2026-07-31 12:28:53,glim,138.80%,444MiB / 30.66GiB,1.41%,0B / 0B,111kB / 11.7MB,35
2026-07-31 12:28:53,scovox,209.45%,1.333GiB / 30.66GiB,4.35%,0B / 0B,8.19kB / 3.78MB,53
2026-07-31 12:28:53,ouster,9.81%,120.5MiB / 30.66GiB,0.38%,0B / 0B,0B / 2.88MB,30
2026-07-31 12:28:53,openzen,4.04%,33.71MiB / 30.66GiB,0.11%,0B / 0B,0B / 2.15MB,20
2026-07-31 12:28:53,realsense,47.60%,100.3MiB / 30.66GiB,0.32%,0B / 0B,119kB / 4.43MB,36
2026-07-31 12:28:53,mapir-ffmpeg,151.66%,518.2MiB / 30.66GiB,1.65%,0B / 0B,0B / 1.39MB,40
2026-07-31 12:28:53,domain_bridge,2.28%,76.3MiB / 30.66GiB,0.24%,0B / 0B,385kB / 5.12MB,28
2026-07-31 12:28:53,nav2,7.98%,136.6MiB / 30.66GiB,0.43%,0B / 0B,20.5kB / 1.76MB,92
2026-07-31 12:28:56,trav_ros2,68.44%,158.1MiB / 30.66GiB,0.50%,0B / 0B,0B / 2.44MB,44
2026-07-31 12:28:56,docker-recorder-run-a563b0293c6b,79.14%,945.6MiB / 30.66GiB,3.01%,0B / 0B,135kB / 57.9GB,19
2026-07-31 12:28:56,glim,117.52%,433.9MiB / 30.66GiB,1.38%,0B / 0B,111kB / 11.7MB,35
2026-07-31 12:28:56,scovox,209.84%,1.566GiB / 30.66GiB,5.11%,0B / 0B,8.19kB / 3.8MB,53
2026-07-31 12:28:56,ouster,10.37%,121.8MiB / 30.66GiB,0.39%,0B / 0B,0B / 2.88MB,30
2026-07-31 12:28:56,openzen,4.20%,33.97MiB / 30.66GiB,0.11%,0B / 0B,0B / 2.15MB,20
2026-07-31 12:28:56,realsense,43.99%,100.9MiB / 30.66GiB,0.32%,0B / 0B,119kB / 4.43MB,36
2026-07-31 12:28:56,mapir-ffmpeg,133.34%,500.6MiB / 30.66GiB,1.59%,0B / 0B,0B / 1.39MB,40
2026-07-31 12:28:56,domain_bridge,2.81%,75.36MiB / 30.66GiB,0.24%,0B / 0B,385kB / 5.12MB,28
2026-07-31 12:28:56,nav2,8.92%,136.7MiB / 30.66GiB,0.44%,0B / 0B,20.5kB / 1.76MB,92
2026-07-31 12:28:59,trav_ros2,67.26%,157.4MiB / 30.66GiB,0.50%,0B / 0B,0B / 2.44MB,44
2026-07-31 12:28:59,docker-recorder-run-a563b0293c6b,149.40%,949.5MiB / 30.66GiB,3.02%,0B / 0B,135kB / 58.2GB,19
2026-07-31 12:28:59,glim,111.75%,434.4MiB / 30.66GiB,1.38%,0B / 0B,111kB / 11.7MB,35
2026-07-31 12:28:59,scovox,206.49%,1.563GiB / 30.66GiB,5.10%,0B / 0B,8.19kB / 3.8MB,53
2026-07-31 12:28:59,ouster,9.50%,121.1MiB / 30.66GiB,0.39%,0B / 0B,0B / 2.88MB,30
2026-07-31 12:28:59,openzen,3.85%,33.72MiB / 30.66GiB,0.11%,0B / 0B,0B / 2.15MB,20
2026-07-31 12:28:59,realsense,47.39%,99.96MiB / 30.66GiB,0.32%,0B / 0B,119kB / 4.43MB,36
2026-07-31 12:28:59,mapir-ffmpeg,134.96%,495.1MiB / 30.66GiB,1.58%,0B / 0B,0B / 1.4MB,40
2026-07-31 12:28:59,domain_bridge,0.91%,76.65MiB / 30.66GiB,0.24%,0B / 0B,385kB / 5.12MB,28
2026-07-31 12:28:59,nav2,6.98%,136.2MiB / 30.66GiB,0.43%,0B / 0B,20.5kB / 1.81MB,92
2026-07-31 12:29:02,trav_ros2,69.36%,157.3MiB / 30.66GiB,0.50%,0B / 0B,0B / 2.44MB,44
2026-07-31 12:29:02,docker-recorder-run-a563b0293c6b,124.73%,1.114GiB / 30.66GiB,3.63%,0B / 0B,135kB / 59GB,19
2026-07-31 12:29:02,glim,109.58%,434MiB / 30.66GiB,1.38%,0B / 0B,111kB / 11.7MB,35
2026-07-31 12:29:02,scovox,194.58%,1.561GiB / 30.66GiB,5.09%,0B / 0B,8.19kB / 3.8MB,53
2026-07-31 12:29:02,ouster,9.70%,121.4MiB / 30.66GiB,0.39%,0B / 0B,0B / 2.88MB,30
2026-07-31 12:29:02,openzen,3.99%,33.98MiB / 30.66GiB,0.11%,0B / 0B,0B / 2.15MB,20
2026-07-31 12:29:02,realsense,45.58%,106MiB / 30.66GiB,0.34%,0B / 0B,119kB / 4.43MB,36
2026-07-31 12:29:02,mapir-ffmpeg,133.16%,495.7MiB / 30.66GiB,1.58%,0B / 0B,0B / 1.4MB,40
2026-07-31 12:29:02,domain_bridge,0.83%,76.07MiB / 30.66GiB,0.24%,0B / 0B,385kB / 5.12MB,28
2026-07-31 12:29:02,nav2,7.37%,137.5MiB / 30.66GiB,0.44%,0B / 0B,20.5kB / 1.81MB,92
2026-07-31 12:29:06,trav_ros2,74.71%,158.3MiB / 30.66GiB,0.50%,0B / 0B,0B / 2.44MB,44
2026-07-31 12:29:06,docker-recorder-run-a563b0293c6b,118.58%,1.069GiB / 30.66GiB,3.49%,0B / 0B,135kB / 59.8GB,19
2026-07-31 12:29:06,glim,111.70%,434.6MiB / 30.66GiB,1.38%,0B / 0B,111kB / 11.7MB,35
2026-07-31 12:29:06,scovox,125.83%,1.35GiB / 30.66GiB,4.40%,0B / 0B,8.19kB / 3.8MB,53
2026-07-31 12:29:06,ouster,9.35%,122MiB / 30.66GiB,0.39%,0B / 0B,0B / 2.88MB,30
2026-07-31 12:29:06,openzen,4.15%,33.96MiB / 30.66GiB,0.11%,0B / 0B,0B / 2.15MB,20
2026-07-31 12:29:06,realsense,46.53%,100.1MiB / 30.66GiB,0.32%,0B / 0B,119kB / 4.43MB,36
2026-07-31 12:29:06,mapir-ffmpeg,128.99%,495.9MiB / 30.66GiB,1.58%,0B / 0B,0B / 1.4MB,40
2026-07-31 12:29:06,domain_bridge,1.14%,76.41MiB / 30.66GiB,0.24%,0B / 0B,385kB / 5.14MB,28
2026-07-31 12:29:06,nav2,7.82%,137.6MiB / 30.66GiB,0.44%,0B / 0B,20.5kB / 1.81MB,92
2026-07-31 12:29:09,trav_ros2,74.29%,157.6MiB / 30.66GiB,0.50%,0B / 0B,0B / 2.44MB,44
2026-07-31 12:29:09,docker-recorder-run-a563b0293c6b,88.76%,950.1MiB / 30.66GiB,3.03%,0B / 0B,135kB / 60.6GB,19
2026-07-31 12:29:09,glim,112.66%,437.2MiB / 30.66GiB,1.39%,0B / 0B,111kB / 11.7MB,35
2026-07-31 12:29:09,scovox,192.28%,1.349GiB / 30.66GiB,4.40%,0B / 0B,8.19kB / 3.8MB,53
2026-07-31 12:29:09,ouster,9.74%,120.9MiB / 30.66GiB,0.39%,0B / 0B,0B / 2.88MB,30
2026-07-31 12:29:09,openzen,3.87%,33.73MiB / 30.66GiB,0.11%,0B / 0B,0B / 2.15MB,20
2026-07-31 12:29:09,realsense,46.31%,100.1MiB / 30.66GiB,0.32%,0B / 0B,119kB / 4.43MB,36
2026-07-31 12:29:09,mapir-ffmpeg,129.67%,491.2MiB / 30.66GiB,1.56%,0B / 0B,0B / 1.4MB,40
2026-07-31 12:29:09,domain_bridge,2.29%,75.79MiB / 30.66GiB,0.24%,0B / 0B,385kB / 5.14MB,28
2026-07-31 12:29:09,nav2,8.34%,137.3MiB / 30.66GiB,0.44%,0B / 0B,20.5kB / 1.81MB,92
2026-07-31 12:29:12,trav_ros2,77.43%,157.3MiB / 30.66GiB,0.50%,0B / 0B,0B / 2.44MB,44
2026-07-31 12:29:12,docker-recorder-run-a563b0293c6b,76.72%,948MiB / 30.66GiB,3.02%,0B / 0B,135kB / 60.6GB,19
2026-07-31 12:29:12,glim,109.48%,437.7MiB / 30.66GiB,1.39%,0B / 0B,111kB / 11.7MB,35
2026-07-31 12:29:12,scovox,211.25%,1.648GiB / 30.66GiB,5.37%,0B / 0B,8.19kB / 3.8MB,53
2026-07-31 12:29:12,ouster,10.25%,122MiB / 30.66GiB,0.39%,0B / 0B,0B / 2.88MB,30
2026-07-31 12:29:12,openzen,4.13%,33.96MiB / 30.66GiB,0.11%,0B / 0B,0B / 2.15MB,20
2026-07-31 12:29:12,realsense,48.48%,100.6MiB / 30.66GiB,0.32%,0B / 0B,119kB / 4.43MB,36
2026-07-31 12:29:12,mapir-ffmpeg,133.27%,496.5MiB / 30.66GiB,1.58%,0B / 0B,0B / 1.4MB,40
2026-07-31 12:29:12,domain_bridge,1.56%,76.38MiB / 30.66GiB,0.24%,0B / 0B,385kB / 5.15MB,28
2026-07-31 12:29:12,nav2,8.27%,137.6MiB / 30.66GiB,0.44%,0B / 0B,20.5kB / 1.81MB,92
2026-07-31 12:29:15,trav_ros2,74.90%,156MiB / 30.66GiB,0.50%,0B / 0B,0B / 2.52MB,44
2026-07-31 12:29:15,docker-recorder-run-a563b0293c6b,76.00%,950.3MiB / 30.66GiB,3.03%,0B / 0B,135kB / 61.4GB,19
2026-07-31 12:29:15,glim,110.09%,437.7MiB / 30.66GiB,1.39%,0B / 0B,111kB / 11.7MB,35
2026-07-31 12:29:15,scovox,208.75%,1.543GiB / 30.66GiB,5.03%,0B / 0B,8.19kB / 3.8MB,53
2026-07-31 12:29:15,ouster,9.28%,121.4MiB / 30.66GiB,0.39%,0B / 0B,0B / 2.88MB,30
2026-07-31 12:29:15,openzen,3.71%,33.72MiB / 30.66GiB,0.11%,0B / 0B,0B / 2.15MB,20
2026-07-31 12:29:15,realsense,47.94%,100.4MiB / 30.66GiB,0.32%,0B / 0B,119kB / 4.56MB,36
2026-07-31 12:29:15,mapir-ffmpeg,131.51%,492.4MiB / 30.66GiB,1.57%,0B / 0B,0B / 1.4MB,40
2026-07-31 12:29:15,domain_bridge,0.67%,75.73MiB / 30.66GiB,0.24%,0B / 0B,385kB / 5.15MB,28
2026-07-31 12:29:15,nav2,7.53%,138.3MiB / 30.66GiB,0.44%,0B / 0B,20.5kB / 1.81MB,92
2026-07-31 12:29:18,trav_ros2,87.98%,158.7MiB / 30.66GiB,0.51%,0B / 0B,0B / 2.52MB,44
2026-07-31 12:29:18,docker-recorder-run-a563b0293c6b,154.51%,1005MiB / 30.66GiB,3.20%,0B / 0B,135kB / 61.9GB,19
2026-07-31 12:29:18,glim,129.78%,438MiB / 30.66GiB,1.39%,0B / 0B,111kB / 11.7MB,35
2026-07-31 12:29:18,scovox,143.30%,1.652GiB / 30.66GiB,5.39%,0B / 0B,8.19kB / 3.8MB,53
2026-07-31 12:29:18,ouster,9.71%,120.9MiB / 30.66GiB,0.38%,0B / 0B,0B / 2.88MB,30
2026-07-31 12:29:18,openzen,4.30%,34.21MiB / 30.66GiB,0.11%,0B / 0B,0B / 2.15MB,20
2026-07-31 12:29:18,realsense,50.09%,100.4MiB / 30.66GiB,0.32%,0B / 0B,119kB / 4.56MB,36
2026-07-31 12:29:18,mapir-ffmpeg,176.78%,480.7MiB / 30.66GiB,1.53%,0B / 0B,0B / 1.4MB,40
2026-07-31 12:29:18,domain_bridge,0.85%,76.34MiB / 30.66GiB,0.24%,0B / 0B,385kB / 5.15MB,28
2026-07-31 12:29:18,nav2,17.35%,137.7MiB / 30.66GiB,0.44%,0B / 0B,20.5kB / 1.81MB,94
2026-07-31 12:29:21,trav_ros2,103.30%,158.8MiB / 30.66GiB,0.51%,0B / 0B,0B / 2.52MB,44
2026-07-31 12:29:21,docker-recorder-run-a563b0293c6b,131.68%,875.2MiB / 30.66GiB,2.79%,0B / 0B,135kB / 62.4GB,19
2026-07-31 12:29:21,glim,144.99%,438MiB / 30.66GiB,1.39%,0B / 0B,111kB / 11.7MB,35
2026-07-31 12:29:21,scovox,167.68%,1.368GiB / 30.66GiB,4.46%,0B / 0B,8.19kB / 3.8MB,53
2026-07-31 12:29:21,ouster,9.62%,121.3MiB / 30.66GiB,0.39%,0B / 0B,0B / 2.88MB,30
2026-07-31 12:29:21,openzen,4.45%,33.98MiB / 30.66GiB,0.11%,0B / 0B,0B / 2.15MB,20
2026-07-31 12:29:21,realsense,52.96%,106.4MiB / 30.66GiB,0.34%,0B / 0B,119kB / 4.56MB,36
2026-07-31 12:29:21,mapir-ffmpeg,170.64%,539.4MiB / 30.66GiB,1.72%,0B / 0B,0B / 1.4MB,40
2026-07-31 12:29:21,domain_bridge,1.45%,75.48MiB / 30.66GiB,0.24%,0B / 0B,385kB / 5.15MB,28
2026-07-31 12:29:21,nav2,18.00%,137.8MiB / 30.66GiB,0.44%,0B / 0B,20.5kB / 1.82MB,94
2026-07-31 12:29:24,trav_ros2,102.17%,159.7MiB / 30.66GiB,0.51%,0B / 0B,0B / 2.52MB,44
2026-07-31 12:29:24,docker-recorder-run-a563b0293c6b,86.90%,951.4MiB / 30.66GiB,3.03%,0B / 0B,135kB / 63.1GB,19
2026-07-31 12:29:24,glim,120.66%,437.6MiB / 30.66GiB,1.39%,0B / 0B,111kB / 11.7MB,35
2026-07-31 12:29:24,scovox,208.23%,1.599GiB / 30.66GiB,5.21%,0B / 0B,8.19kB / 3.8MB,53
2026-07-31 12:29:24,ouster,9.88%,121.4MiB / 30.66GiB,0.39%,0B / 0B,0B / 2.88MB,30
2026-07-31 12:29:24,openzen,4.10%,34.44MiB / 30.66GiB,0.11%,0B / 0B,0B / 2.15MB,20
2026-07-31 12:29:24,realsense,48.27%,101MiB / 30.66GiB,0.32%,0B / 0B,119kB / 4.56MB,36
2026-07-31 12:29:24,mapir-ffmpeg,157.30%,526.4MiB / 30.66GiB,1.68%,0B / 0B,0B / 1.4MB,40
2026-07-31 12:29:24,domain_bridge,1.58%,75.28MiB / 30.66GiB,0.24%,0B / 0B,385kB / 5.15MB,28
2026-07-31 12:29:24,nav2,17.14%,138.6MiB / 30.66GiB,0.44%,0B / 0B,20.5kB / 1.82MB,94
2026-07-31 12:29:27,trav_ros2,101.60%,157.1MiB / 30.66GiB,0.50%,0B / 0B,0B / 2.52MB,44
2026-07-31 12:29:27,docker-recorder-run-a563b0293c6b,166.82%,986MiB / 30.66GiB,3.14%,0B / 0B,135kB / 65.7GB,19
2026-07-31 12:29:27,glim,149.23%,437.8MiB / 30.66GiB,1.39%,0B / 0B,111kB / 11.7MB,35
2026-07-31 12:29:27,scovox,207.43%,1.545GiB / 30.66GiB,5.04%,0B / 0B,8.19kB / 3.8MB,53
2026-07-31 12:29:27,ouster,9.94%,121.5MiB / 30.66GiB,0.39%,0B / 0B,0B / 2.88MB,30
2026-07-31 12:29:27,openzen,4.18%,33.96MiB / 30.66GiB,0.11%,0B / 0B,0B / 2.15MB,20
2026-07-31 12:29:27,realsense,50.64%,100.5MiB / 30.66GiB,0.32%,0B / 0B,119kB / 4.56MB,36
2026-07-31 12:29:27,mapir-ffmpeg,170.97%,488.6MiB / 30.66GiB,1.56%,0B / 0B,0B / 1.4MB,40
2026-07-31 12:29:27,domain_bridge,3.32%,78.31MiB / 30.66GiB,0.25%,0B / 0B,385kB / 5.15MB,28
2026-07-31 12:29:27,nav2,18.25%,138.2MiB / 30.66GiB,0.44%,0B / 0B,20.5kB / 1.82MB,94
2026-07-31 12:29:30,trav_ros2,102.03%,161.9MiB / 30.66GiB,0.52%,0B / 0B,0B / 2.52MB,44
2026-07-31 12:29:30,docker-recorder-run-a563b0293c6b,92.12%,958.5MiB / 30.66GiB,3.05%,0B / 0B,135kB / 65.7GB,19
2026-07-31 12:29:30,glim,134.45%,437.4MiB / 30.66GiB,1.39%,0B / 0B,111kB / 11.7MB,35
2026-07-31 12:29:30,scovox,180.68%,1.373GiB / 30.66GiB,4.48%,0B / 0B,8.19kB / 3.83MB,53
2026-07-31 12:29:30,ouster,9.52%,121.8MiB / 30.66GiB,0.39%,0B / 0B,0B / 2.88MB,30
2026-07-31 12:29:30,openzen,4.17%,33.72MiB / 30.66GiB,0.11%,0B / 0B,0B / 2.15MB,20
2026-07-31 12:29:30,realsense,46.29%,100MiB / 30.66GiB,0.32%,0B / 0B,119kB / 4.56MB,36
2026-07-31 12:29:30,mapir-ffmpeg,139.59%,529.1MiB / 30.66GiB,1.68%,0B / 0B,0B / 1.4MB,40
2026-07-31 12:29:30,domain_bridge,3.21%,75.48MiB / 30.66GiB,0.24%,0B / 0B,385kB / 5.15MB,28
2026-07-31 12:29:30,nav2,8.46%,139.6MiB / 30.66GiB,0.44%,0B / 0B,20.5kB / 1.82MB,92
2026-07-31 12:29:34,trav_ros2,102.27%,161.8MiB / 30.66GiB,0.52%,0B / 0B,0B / 2.52MB,44
2026-07-31 12:29:34,docker-recorder-run-a563b0293c6b,92.08%,953MiB / 30.66GiB,3.04%,0B / 0B,135kB / 65.7GB,19
2026-07-31 12:29:34,glim,163.09%,437.2MiB / 30.66GiB,1.39%,0B / 0B,111kB / 11.7MB,35
2026-07-31 12:29:34,scovox,211.55%,1.568GiB / 30.66GiB,5.11%,0B / 0B,8.19kB / 3.83MB,53
2026-07-31 12:29:34,ouster,11.04%,120.9MiB / 30.66GiB,0.38%,0B / 0B,0B / 2.88MB,30
2026-07-31 12:29:34,openzen,4.69%,35.26MiB / 30.66GiB,0.11%,0B / 0B,0B / 2.15MB,20
2026-07-31 12:29:34,realsense,48.23%,100.8MiB / 30.66GiB,0.32%,0B / 0B,119kB / 4.56MB,36
2026-07-31 12:29:34,mapir-ffmpeg,168.74%,536.7MiB / 30.66GiB,1.71%,0B / 0B,0B / 1.42MB,40
2026-07-31 12:29:34,domain_bridge,7.36%,76.2MiB / 30.66GiB,0.24%,0B / 0B,385kB / 5.15MB,28
2026-07-31 12:29:34,nav2,11.16%,138.9MiB / 30.66GiB,0.44%,0B / 0B,20.5kB / 1.82MB,92
2026-07-31 12:29:37,trav_ros2,102.49%,164.4MiB / 30.66GiB,0.52%,0B / 0B,0B / 2.52MB,44
2026-07-31 12:29:37,docker-recorder-run-a563b0293c6b,133.18%,1.079GiB / 30.66GiB,3.52%,0B / 0B,135kB / 65.7GB,19
2026-07-31 12:29:37,glim,173.83%,437.3MiB / 30.66GiB,1.39%,0B / 0B,111kB / 11.7MB,35
2026-07-31 12:29:37,scovox,168.36%,1.382GiB / 30.66GiB,4.51%,0B / 0B,8.19kB / 3.83MB,53
2026-07-31 12:29:37,ouster,9.41%,121MiB / 30.66GiB,0.39%,0B / 0B,0B / 2.88MB,30
2026-07-31 12:29:37,openzen,4.36%,34.42MiB / 30.66GiB,0.11%,0B / 0B,0B / 2.15MB,20
2026-07-31 12:29:37,realsense,49.79%,100.2MiB / 30.66GiB,0.32%,0B / 0B,119kB / 4.56MB,36
2026-07-31 12:29:37,mapir-ffmpeg,169.99%,513.2MiB / 30.66GiB,1.63%,0B / 0B,0B / 1.42MB,40
2026-07-31 12:29:37,domain_bridge,4.39%,76.31MiB / 30.66GiB,0.24%,0B / 0B,385kB / 5.15MB,28
2026-07-31 12:29:37,nav2,8.96%,138.4MiB / 30.66GiB,0.44%,0B / 0B,20.5kB / 1.87MB,92
2026-07-31 12:29:40,trav_ros2,102.50%,163.8MiB / 30.66GiB,0.52%,0B / 0B,0B / 2.52MB,44
2026-07-31 12:29:40,docker-recorder-run-a563b0293c6b,93.59%,949.9MiB / 30.66GiB,3.03%,0B / 0B,135kB / 66.6GB,19
2026-07-31 12:29:40,glim,177.76%,437.7MiB / 30.66GiB,1.39%,0B / 0B,111kB / 11.7MB,35
2026-07-31 12:29:40,scovox,209.07%,1.559GiB / 30.66GiB,5.08%,0B / 0B,8.19kB / 3.83MB,53
2026-07-31 12:29:40,ouster,10.02%,121.7MiB / 30.66GiB,0.39%,0B / 0B,0B / 2.88MB,30
2026-07-31 12:29:40,openzen,4.19%,33.96MiB / 30.66GiB,0.11%,0B / 0B,0B / 2.15MB,20
2026-07-31 12:29:40,realsense,45.86%,100MiB / 30.66GiB,0.32%,0B / 0B,119kB / 4.56MB,36
2026-07-31 12:29:40,mapir-ffmpeg,157.00%,526.7MiB / 30.66GiB,1.68%,0B / 0B,0B / 1.42MB,40
2026-07-31 12:29:40,domain_bridge,15.26%,77.37MiB / 30.66GiB,0.25%,0B / 0B,385kB / 5.15MB,28
2026-07-31 12:29:40,nav2,16.88%,138.6MiB / 30.66GiB,0.44%,0B / 0B,20.5kB / 1.87MB,94
2026-07-31 12:29:43,trav_ros2,102.97%,166.1MiB / 30.66GiB,0.53%,0B / 0B,0B / 2.52MB,44
2026-07-31 12:29:43,docker-recorder-run-a563b0293c6b,126.77%,1.007GiB / 30.66GiB,3.28%,0B / 0B,135kB / 67GB,19
2026-07-31 12:29:43,glim,178.95%,439.7MiB / 30.66GiB,1.40%,0B / 0B,111kB / 11.7MB,35
2026-07-31 12:29:43,scovox,145.23%,1.361GiB / 30.66GiB,4.44%,0B / 0B,8.19kB / 3.83MB,53
2026-07-31 12:29:43,ouster,9.89%,121.1MiB / 30.66GiB,0.39%,0B / 0B,0B / 2.88MB,30
2026-07-31 12:29:43,openzen,4.19%,33.98MiB / 30.66GiB,0.11%,0B / 0B,0B / 2.15MB,20
2026-07-31 12:29:43,realsense,49.01%,106.2MiB / 30.66GiB,0.34%,0B / 0B,119kB / 4.56MB,36
2026-07-31 12:29:43,mapir-ffmpeg,163.36%,543.9MiB / 30.66GiB,1.73%,0B / 0B,0B / 1.42MB,40
2026-07-31 12:29:43,domain_bridge,3.86%,76.95MiB / 30.66GiB,0.25%,0B / 0B,385kB / 5.15MB,28
2026-07-31 12:29:43,nav2,16.79%,138.9MiB / 30.66GiB,0.44%,0B / 0B,20.5kB / 1.87MB,94
2026-07-31 12:29:46,trav_ros2,102.92%,167.8MiB / 30.66GiB,0.53%,0B / 0B,0B / 2.6MB,44
2026-07-31 12:29:46,docker-recorder-run-a563b0293c6b,85.82%,949.2MiB / 30.66GiB,3.02%,0B / 0B,135kB / 68GB,19
2026-07-31 12:29:46,glim,184.82%,442.5MiB / 30.66GiB,1.41%,0B / 0B,111kB / 11.7MB,35
2026-07-31 12:29:46,scovox,209.88%,1.564GiB / 30.66GiB,5.10%,0B / 0B,8.19kB / 3.83MB,53
2026-07-31 12:29:46,ouster,9.41%,120.9MiB / 30.66GiB,0.38%,0B / 0B,0B / 2.88MB,30
2026-07-31 12:29:46,openzen,4.04%,34.46MiB / 30.66GiB,0.11%,0B / 0B,0B / 2.15MB,20
2026-07-31 12:29:46,realsense,46.48%,101.1MiB / 30.66GiB,0.32%,0B / 0B,119kB / 4.69MB,36
2026-07-31 12:29:46,mapir-ffmpeg,160.68%,527.5MiB / 30.66GiB,1.68%,0B / 0B,0B / 1.42MB,40
2026-07-31 12:29:46,domain_bridge,1.49%,77MiB / 30.66GiB,0.25%,0B / 0B,385kB / 5.15MB,28
2026-07-31 12:29:46,nav2,15.75%,138.5MiB / 30.66GiB,0.44%,0B / 0B,20.5kB / 1.87MB,94
2026-07-31 12:29:49,trav_ros2,102.89%,167.5MiB / 30.66GiB,0.53%,0B / 0B,0B / 2.6MB,44
2026-07-31 12:29:49,docker-recorder-run-a563b0293c6b,125.01%,984.5MiB / 30.66GiB,3.14%,0B / 0B,135kB / 68.4GB,19
2026-07-31 12:29:49,glim,122.11%,441.1MiB / 30.66GiB,1.40%,0B / 0B,111kB / 11.7MB,35
2026-07-31 12:29:49,scovox,216.48%,1.384GiB / 30.66GiB,4.51%,0B / 0B,8.19kB / 3.83MB,53
2026-07-31 12:29:49,ouster,9.89%,120.9MiB / 30.66GiB,0.39%,0B / 0B,0B / 2.88MB,30
2026-07-31 12:29:49,openzen,3.96%,33.97MiB / 30.66GiB,0.11%,0B / 0B,0B / 2.15MB,20
2026-07-31 12:29:49,realsense,45.86%,101.3MiB / 30.66GiB,0.32%,0B / 0B,119kB / 4.69MB,36
2026-07-31 12:29:49,mapir-ffmpeg,129.10%,493.4MiB / 30.66GiB,1.57%,0B / 0B,0B / 1.42MB,40
2026-07-31 12:29:49,domain_bridge,1.85%,76.57MiB / 30.66GiB,0.24%,0B / 0B,385kB / 5.15MB,28
2026-07-31 12:29:49,nav2,8.73%,140.4MiB / 30.66GiB,0.45%,0B / 0B,20.5kB / 1.87MB,92
2026-07-31 12:29:52,trav_ros2,102.64%,165.3MiB / 30.66GiB,0.53%,0B / 0B,0B / 2.6MB,44
2026-07-31 12:29:52,docker-recorder-run-a563b0293c6b,78.90%,947.6MiB / 30.66GiB,3.02%,0B / 0B,135kB / 69.4GB,19
2026-07-31 12:29:52,glim,155.50%,442.1MiB / 30.66GiB,1.41%,0B / 0B,111kB / 11.7MB,35
2026-07-31 12:29:52,scovox,209.24%,1.591GiB / 30.66GiB,5.19%,0B / 0B,8.19kB / 3.83MB,53
2026-07-31 12:29:52,ouster,9.35%,121MiB / 30.66GiB,0.39%,0B / 0B,0B / 2.88MB,30
2026-07-31 12:29:52,openzen,3.89%,33.72MiB / 30.66GiB,0.11%,0B / 0B,0B / 2.15MB,20
2026-07-31 12:29:52,realsense,45.56%,100.1MiB / 30.66GiB,0.32%,0B / 0B,119kB / 4.69MB,36
2026-07-31 12:29:52,mapir-ffmpeg,143.46%,495.3MiB / 30.66GiB,1.58%,0B / 0B,0B / 1.42MB,40
2026-07-31 12:29:52,domain_bridge,0.99%,76.76MiB / 30.66GiB,0.24%,0B / 0B,385kB / 5.15MB,28
2026-07-31 12:29:52,nav2,16.00%,139.3MiB / 30.66GiB,0.44%,0B / 0B,20.5kB / 1.87MB,94
2026-07-31 12:29:56,trav_ros2,101.34%,176.8MiB / 30.66GiB,0.56%,0B / 0B,0B / 2.6MB,44
2026-07-31 12:29:56,docker-recorder-run-a563b0293c6b,148.09%,1.133GiB / 30.66GiB,3.70%,0B / 0B,135kB / 69.4GB,19
2026-07-31 12:29:56,glim,174.06%,442.1MiB / 30.66GiB,1.41%,0B / 0B,111kB / 11.7MB,35
2026-07-31 12:29:56,scovox,113.83%,1.344GiB / 30.66GiB,4.38%,0B / 0B,8.19kB / 3.83MB,53
2026-07-31 12:29:56,ouster,9.34%,120.9MiB / 30.66GiB,0.38%,0B / 0B,0B / 2.88MB,30
2026-07-31 12:29:56,openzen,3.99%,33.96MiB / 30.66GiB,0.11%,0B / 0B,0B / 2.15MB,20
2026-07-31 12:29:56,realsense,47.71%,100.4MiB / 30.66GiB,0.32%,0B / 0B,119kB / 4.69MB,36
2026-07-31 12:29:56,mapir-ffmpeg,161.73%,508.2MiB / 30.66GiB,1.62%,0B / 0B,0B / 1.42MB,40
2026-07-31 12:29:56,domain_bridge,1.95%,76.61MiB / 30.66GiB,0.24%,0B / 0B,385kB / 5.15MB,28
2026-07-31 12:29:56,nav2,17.26%,139.4MiB / 30.66GiB,0.44%,0B / 0B,20.5kB / 1.87MB,94
2026-07-31 12:29:59,trav_ros2,101.90%,169.1MiB / 30.66GiB,0.54%,0B / 0B,0B / 2.6MB,44
2026-07-31 12:29:59,docker-recorder-run-a563b0293c6b,87.75%,951.2MiB / 30.66GiB,3.03%,0B / 0B,135kB / 70.4GB,19
2026-07-31 12:29:59,glim,195.41%,443.1MiB / 30.66GiB,1.41%,0B / 0B,111kB / 11.7MB,35
2026-07-31 12:29:59,scovox,207.15%,1.63GiB / 30.66GiB,5.31%,0B / 0B,8.19kB / 3.83MB,53
2026-07-31 12:29:59,ouster,9.84%,121.7MiB / 30.66GiB,0.39%,0B / 0B,0B / 2.88MB,30
2026-07-31 12:29:59,openzen,4.16%,33.96MiB / 30.66GiB,0.11%,0B / 0B,0B / 2.15MB,20
2026-07-31 12:29:59,realsense,47.50%,100.3MiB / 30.66GiB,0.32%,0B / 0B,119kB / 4.69MB,36
2026-07-31 12:29:59,mapir-ffmpeg,167.12%,554.7MiB / 30.66GiB,1.77%,0B / 0B,0B / 1.42MB,40
2026-07-31 12:29:59,domain_bridge,0.70%,76.15MiB / 30.66GiB,0.24%,0B / 0B,385kB / 5.15MB,28
2026-07-31 12:29:59,nav2,16.63%,139.7MiB / 30.66GiB,0.44%,0B / 0B,20.5kB / 1.87MB,94
2026-07-31 12:30:02,trav_ros2,101.46%,170.6MiB / 30.66GiB,0.54%,0B / 0B,0B / 2.6MB,44
2026-07-31 12:30:02,docker-recorder-run-a563b0293c6b,161.91%,945.7MiB / 30.66GiB,3.01%,0B / 0B,135kB / 70.5GB,19
2026-07-31 12:30:02,glim,191.51%,448.1MiB / 30.66GiB,1.43%,0B / 0B,111kB / 11.7MB,35
2026-07-31 12:30:02,scovox,120.88%,1.469GiB / 30.66GiB,4.79%,0B / 0B,8.19kB / 3.83MB,53
2026-07-31 12:30:02,ouster,9.50%,120.7MiB / 30.66GiB,0.38%,0B / 0B,0B / 2.88MB,30
2026-07-31 12:30:02,openzen,3.98%,33.72MiB / 30.66GiB,0.11%,0B / 0B,0B / 2.15MB,20
2026-07-31 12:30:02,realsense,49.87%,106.7MiB / 30.66GiB,0.34%,0B / 0B,119kB / 4.69MB,36
2026-07-31 12:30:02,mapir-ffmpeg,170.84%,527.3MiB / 30.66GiB,1.68%,0B / 0B,0B / 1.42MB,40
2026-07-31 12:30:02,domain_bridge,0.41%,76.88MiB / 30.66GiB,0.24%,0B / 0B,385kB / 5.15MB,28
2026-07-31 12:30:02,nav2,16.55%,139.3MiB / 30.66GiB,0.44%,0B / 0B,20.5kB / 1.87MB,94
2026-07-31 12:30:05,trav_ros2,101.89%,174.7MiB / 30.66GiB,0.56%,0B / 0B,0B / 2.6MB,44
2026-07-31 12:30:05,docker-recorder-run-a563b0293c6b,87.01%,949MiB / 30.66GiB,3.02%,0B / 0B,135kB / 71.2GB,19
2026-07-31 12:30:05,glim,178.88%,448.3MiB / 30.66GiB,1.43%,0B / 0B,111kB / 11.7MB,35
2026-07-31 12:30:05,scovox,207.25%,1.676GiB / 30.66GiB,5.47%,0B / 0B,8.19kB / 3.85MB,53
2026-07-31 12:30:05,ouster,9.25%,120.8MiB / 30.66GiB,0.38%,0B / 0B,0B / 2.88MB,30
2026-07-31 12:30:05,openzen,3.90%,33.72MiB / 30.66GiB,0.11%,0B / 0B,0B / 2.15MB,20
2026-07-31 12:30:05,realsense,45.92%,99.79MiB / 30.66GiB,0.32%,0B / 0B,119kB / 4.69MB,36
2026-07-31 12:30:05,mapir-ffmpeg,163.26%,521.6MiB / 30.66GiB,1.66%,0B / 0B,0B / 1.43MB,40
2026-07-31 12:30:05,domain_bridge,0.81%,76.43MiB / 30.66GiB,0.24%,0B / 0B,385kB / 5.18MB,28
2026-07-31 12:30:05,nav2,16.24%,139.8MiB / 30.66GiB,0.45%,0B / 0B,20.5kB / 1.87MB,94
2026-07-31 12:30:08,trav_ros2,75.77%,171.5MiB / 30.66GiB,0.55%,0B / 0B,0B / 2.66MB,44
2026-07-31 12:30:08,docker-recorder-run-a563b0293c6b,151.73%,949.8MiB / 30.66GiB,3.02%,0B / 0B,135kB / 72.2GB,19
2026-07-31 12:30:08,glim,196.45%,447.4MiB / 30.66GiB,1.42%,0B / 0B,111kB / 11.7MB,35
2026-07-31 12:30:08,scovox,166.70%,1.598GiB / 30.66GiB,5.21%,0B / 0B,8.19kB / 3.85MB,53
2026-07-31 12:30:08,ouster,9.62%,121MiB / 30.66GiB,0.39%,0B / 0B,0B / 2.88MB,30
2026-07-31 12:30:08,openzen,4.01%,33.72MiB / 30.66GiB,0.11%,0B / 0B,0B / 2.15MB,20
2026-07-31 12:30:08,realsense,49.89%,101.6MiB / 30.66GiB,0.32%,0B / 0B,119kB / 4.69MB,36
2026-07-31 12:30:08,mapir-ffmpeg,158.46%,520.7MiB / 30.66GiB,1.66%,0B / 0B,0B / 1.43MB,40
2026-07-31 12:30:08,domain_bridge,1.53%,76.58MiB / 30.66GiB,0.24%,0B / 0B,385kB / 5.18MB,28
2026-07-31 12:30:08,nav2,16.99%,139.6MiB / 30.66GiB,0.44%,0B / 0B,20.5kB / 1.87MB,92
2026-07-31 12:30:11,trav_ros2,74.50%,170.2MiB / 30.66GiB,0.54%,0B / 0B,0B / 2.66MB,44
2026-07-31 12:30:11,docker-recorder-run-a563b0293c6b,72.71%,953.1MiB / 30.66GiB,3.04%,0B / 0B,135kB / 72.7GB,19
2026-07-31 12:30:11,glim,137.06%,478MiB / 30.66GiB,1.52%,0B / 0B,111kB / 11.7MB,35
2026-07-31 12:30:11,scovox,169.15%,1.648GiB / 30.66GiB,5.37%,0B / 0B,8.19kB / 3.85MB,53
2026-07-31 12:30:11,ouster,9.04%,120.7MiB / 30.66GiB,0.38%,0B / 0B,0B / 2.88MB,30
2026-07-31 12:30:11,openzen,3.49%,33.97MiB / 30.66GiB,0.11%,0B / 0B,0B / 2.15MB,20
2026-07-31 12:30:11,realsense,43.03%,100.4MiB / 30.66GiB,0.32%,0B / 0B,119kB / 4.69MB,36
2026-07-31 12:30:11,mapir-ffmpeg,113.87%,488.4MiB / 30.66GiB,1.56%,0B / 0B,0B / 1.43MB,40
2026-07-31 12:30:11,domain_bridge,0.72%,77.25MiB / 30.66GiB,0.25%,0B / 0B,385kB / 5.18MB,28
2026-07-31 12:30:11,nav2,7.40%,139.2MiB / 30.66GiB,0.44%,0B / 0B,20.5kB / 1.87MB,92
2026-07-31 12:30:14,trav_ros2,70.69%,169.6MiB / 30.66GiB,0.54%,0B / 0B,0B / 2.66MB,44
2026-07-31 12:30:14,docker-recorder-run-a563b0293c6b,110.65%,956.6MiB / 30.66GiB,3.05%,0B / 0B,135kB / 73.2GB,19
2026-07-31 12:30:14,glim,138.89%,491.9MiB / 30.66GiB,1.57%,0B / 0B,111kB / 11.7MB,35
2026-07-31 12:30:14,scovox,171.72%,1.594GiB / 30.66GiB,5.20%,0B / 0B,8.19kB / 3.85MB,53
2026-07-31 12:30:14,ouster,9.90%,120.7MiB / 30.66GiB,0.38%,0B / 0B,0B / 2.88MB,30
2026-07-31 12:30:14,openzen,3.72%,34.21MiB / 30.66GiB,0.11%,0B / 0B,0B / 2.15MB,20
2026-07-31 12:30:14,realsense,46.41%,100.3MiB / 30.66GiB,0.32%,0B / 0B,119kB / 4.69MB,36
2026-07-31 12:30:14,mapir-ffmpeg,117.90%,488.6MiB / 30.66GiB,1.56%,0B / 0B,0B / 1.43MB,40
2026-07-31 12:30:14,domain_bridge,0.70%,76.45MiB / 30.66GiB,0.24%,0B / 0B,385kB / 5.18MB,28
2026-07-31 12:30:14,nav2,7.79%,139.7MiB / 30.66GiB,0.44%,0B / 0B,20.5kB / 1.93MB,92
2026-07-31 12:30:17,trav_ros2,72.40%,171.3MiB / 30.66GiB,0.55%,0B / 0B,0B / 2.66MB,44
2026-07-31 12:30:17,docker-recorder-run-a563b0293c6b,71.96%,858.8MiB / 30.66GiB,2.74%,0B / 0B,135kB / 73.7GB,19
2026-07-31 12:30:17,glim,127.18%,500.6MiB / 30.66GiB,1.59%,0B / 0B,111kB / 11.7MB,35
2026-07-31 12:30:17,scovox,209.97%,1.641GiB / 30.66GiB,5.35%,0B / 0B,8.19kB / 3.85MB,53
2026-07-31 12:30:17,ouster,9.16%,121MiB / 30.66GiB,0.39%,0B / 0B,0B / 2.88MB,30
2026-07-31 12:30:17,openzen,3.80%,33.74MiB / 30.66GiB,0.11%,0B / 0B,0B / 2.15MB,20
2026-07-31 12:30:17,realsense,45.61%,105.9MiB / 30.66GiB,0.34%,0B / 0B,119kB / 4.82MB,36
2026-07-31 12:30:17,mapir-ffmpeg,116.83%,488.1MiB / 30.66GiB,1.55%,0B / 0B,0B / 1.43MB,40
2026-07-31 12:30:17,domain_bridge,0.46%,77.56MiB / 30.66GiB,0.25%,0B / 0B,385kB / 5.18MB,28
2026-07-31 12:30:17,nav2,7.10%,140.1MiB / 30.66GiB,0.45%,0B / 0B,20.5kB / 1.93MB,92
2026-07-31 12:30:21,trav_ros2,71.24%,171.2MiB / 30.66GiB,0.55%,0B / 0B,0B / 2.66MB,44
2026-07-31 12:30:21,docker-recorder-run-a563b0293c6b,99.21%,950.5MiB / 30.66GiB,3.03%,0B / 0B,135kB / 74.2GB,19
2026-07-31 12:30:21,glim,118.86%,500.4MiB / 30.66GiB,1.59%,0B / 0B,111kB / 11.7MB,35
2026-07-31 12:30:21,scovox,196.39%,1.551GiB / 30.66GiB,5.06%,0B / 0B,8.19kB / 3.85MB,53
2026-07-31 12:30:21,ouster,9.11%,120.9MiB / 30.66GiB,0.39%,0B / 0B,0B / 2.88MB,30
2026-07-31 12:30:21,openzen,3.64%,33.75MiB / 30.66GiB,0.11%,0B / 0B,0B / 2.15MB,20
2026-07-31 12:30:21,realsense,44.17%,99.96MiB / 30.66GiB,0.32%,0B / 0B,119kB / 4.82MB,36
2026-07-31 12:30:21,mapir-ffmpeg,117.41%,488.1MiB / 30.66GiB,1.55%,0B / 0B,0B / 1.43MB,40
2026-07-31 12:30:21,domain_bridge,1.27%,77MiB / 30.66GiB,0.25%,0B / 0B,385kB / 5.18MB,28
2026-07-31 12:30:21,nav2,6.98%,140MiB / 30.66GiB,0.45%,0B / 0B,20.5kB / 1.93MB,92
2026-07-31 12:30:24,trav_ros2,69.44%,171.5MiB / 30.66GiB,0.55%,0B / 0B,0B / 2.66MB,44
2026-07-31 12:30:24,docker-recorder-run-a563b0293c6b,102.02%,1010MiB / 30.66GiB,3.22%,0B / 0B,135kB / 75.1GB,19
2026-07-31 12:30:24,glim,112.65%,502.2MiB / 30.66GiB,1.60%,0B / 0B,111kB / 11.7MB,35
2026-07-31 12:30:24,scovox,188.83%,1.392GiB / 30.66GiB,4.54%,0B / 0B,8.19kB / 3.85MB,53
2026-07-31 12:30:24,ouster,9.69%,120.9MiB / 30.66GiB,0.38%,0B / 0B,0B / 2.88MB,30
2026-07-31 12:30:24,openzen,3.84%,34.29MiB / 30.66GiB,0.11%,0B / 0B,0B / 2.15MB,20
2026-07-31 12:30:24,realsense,45.79%,103MiB / 30.66GiB,0.33%,0B / 0B,119kB / 4.82MB,36
2026-07-31 12:30:24,mapir-ffmpeg,116.35%,488.6MiB / 30.66GiB,1.56%,0B / 0B,0B / 1.43MB,40
2026-07-31 12:30:24,domain_bridge,1.23%,76.82MiB / 30.66GiB,0.24%,0B / 0B,385kB / 5.18MB,28
2026-07-31 12:30:24,nav2,7.42%,140MiB / 30.66GiB,0.45%,0B / 0B,20.5kB / 1.93MB,92
2026-07-31 12:30:27,trav_ros2,69.41%,170.6MiB / 30.66GiB,0.54%,0B / 0B,0B / 2.66MB,44
2026-07-31 12:30:27,docker-recorder-run-a563b0293c6b,83.62%,952MiB / 30.66GiB,3.03%,0B / 0B,135kB / 75.1GB,19
2026-07-31 12:30:27,glim,110.29%,502.7MiB / 30.66GiB,1.60%,0B / 0B,111kB / 11.7MB,35
2026-07-31 12:30:27,scovox,206.36%,1.668GiB / 30.66GiB,5.44%,0B / 0B,8.19kB / 3.85MB,53
2026-07-31 12:30:27,ouster,9.17%,120.8MiB / 30.66GiB,0.38%,0B / 0B,0B / 2.88MB,30
2026-07-31 12:30:27,openzen,3.70%,33.82MiB / 30.66GiB,0.11%,0B / 0B,0B / 2.15MB,20
2026-07-31 12:30:27,realsense,43.71%,100.3MiB / 30.66GiB,0.32%,0B / 0B,119kB / 4.82MB,36
2026-07-31 12:30:27,mapir-ffmpeg,114.66%,488MiB / 30.66GiB,1.55%,0B / 0B,0B / 1.43MB,40
2026-07-31 12:30:27,domain_bridge,0.71%,77.03MiB / 30.66GiB,0.25%,0B / 0B,385kB / 5.18MB,28
2026-07-31 12:30:27,nav2,6.73%,139.8MiB / 30.66GiB,0.45%,0B / 0B,20.5kB / 1.93MB,92
2026-07-31 12:30:29,trav_ros2,69.95%,169.7MiB / 30.66GiB,0.54%,0B / 0B,0B / 2.66MB,44
2026-07-31 12:30:29,docker-recorder-run-a563b0293c6b,69.51%,1015MiB / 30.66GiB,3.23%,0B / 0B,135kB / 75.6GB,19
2026-07-31 12:30:29,glim,101.30%,507.8MiB / 30.66GiB,1.62%,0B / 0B,111kB / 11.7MB,35
2026-07-31 12:30:29,scovox,206.88%,1.576GiB / 30.66GiB,5.14%,0B / 0B,8.19kB / 3.85MB,53
2026-07-31 12:30:29,ouster,9.73%,120.8MiB / 30.66GiB,0.38%,0B / 0B,0B / 2.88MB,30
2026-07-31 12:30:29,openzen,3.83%,34.09MiB / 30.66GiB,0.11%,0B / 0B,0B / 2.15MB,20
2026-07-31 12:30:29,realsense,46.78%,105.9MiB / 30.66GiB,0.34%,0B / 0B,119kB / 4.82MB,36
2026-07-31 12:30:29,mapir-ffmpeg,120.88%,488.4MiB / 30.66GiB,1.56%,0B / 0B,0B / 1.44MB,40
2026-07-31 12:30:29,domain_bridge,1.50%,77.13MiB / 30.66GiB,0.25%,0B / 0B,385kB / 5.18MB,28
2026-07-31 12:30:29,nav2,7.33%,140.7MiB / 30.66GiB,0.45%,0B / 0B,20.5kB / 1.93MB,92
2026-07-31 12:30:32,trav_ros2,71.40%,170MiB / 30.66GiB,0.54%,0B / 0B,0B / 2.66MB,44
2026-07-31 12:30:32,docker-recorder-run-a563b0293c6b,83.69%,1023MiB / 30.66GiB,3.26%,0B / 0B,135kB / 76.1GB,19
2026-07-31 12:30:32,glim,105.16%,510.1MiB / 30.66GiB,1.62%,0B / 0B,111kB / 11.7MB,35
2026-07-31 12:30:32,scovox,128.69%,1.567GiB / 30.66GiB,5.11%,0B / 0B,8.19kB / 3.85MB,53
2026-07-31 12:30:32,ouster,9.80%,121.8MiB / 30.66GiB,0.39%,0B / 0B,0B / 2.88MB,30
2026-07-31 12:30:32,openzen,4.05%,34.39MiB / 30.66GiB,0.11%,0B / 0B,0B / 2.15MB,20
2026-07-31 12:30:32,realsense,46.12%,103.3MiB / 30.66GiB,0.33%,0B / 0B,119kB / 4.82MB,36
2026-07-31 12:30:32,mapir-ffmpeg,118.48%,488.3MiB / 30.66GiB,1.56%,0B / 0B,0B / 1.44MB,40
2026-07-31 12:30:32,domain_bridge,1.50%,77.34MiB / 30.66GiB,0.25%,0B / 0B,385kB / 5.18MB,28
2026-07-31 12:30:32,nav2,7.68%,140.5MiB / 30.66GiB,0.45%,0B / 0B,20.5kB / 1.93MB,92
2026-07-31 12:30:35,trav_ros2,71.21%,170.5MiB / 30.66GiB,0.54%,0B / 0B,0B / 2.66MB,44
2026-07-31 12:30:35,docker-recorder-run-a563b0293c6b,115.21%,1.056GiB / 30.66GiB,3.44%,0B / 0B,135kB / 77GB,19
2026-07-31 12:30:35,glim,141.34%,510.2MiB / 30.66GiB,1.63%,0B / 0B,111kB / 11.7MB,35
2026-07-31 12:30:35,scovox,138.21%,1.353GiB / 30.66GiB,4.41%,0B / 0B,8.19kB / 3.85MB,53
2026-07-31 12:30:35,ouster,9.74%,121.2MiB / 30.66GiB,0.39%,0B / 0B,0B / 2.88MB,30
2026-07-31 12:30:35,openzen,4.16%,34.15MiB / 30.66GiB,0.11%,0B / 0B,0B / 2.15MB,20
2026-07-31 12:30:35,realsense,46.60%,101.6MiB / 30.66GiB,0.32%,0B / 0B,119kB / 4.82MB,36
2026-07-31 12:30:35,mapir-ffmpeg,154.66%,509.3MiB / 30.66GiB,1.62%,0B / 0B,0B / 1.44MB,40
2026-07-31 12:30:35,domain_bridge,0.90%,76.49MiB / 30.66GiB,0.24%,0B / 0B,385kB / 5.18MB,28
2026-07-31 12:30:35,nav2,16.30%,140.3MiB / 30.66GiB,0.45%,0B / 0B,20.5kB / 1.93MB,94
2026-07-31 12:30:38,trav_ros2,81.61%,170.5MiB / 30.66GiB,0.54%,0B / 0B,0B / 2.74MB,44
2026-07-31 12:30:38,docker-recorder-run-a563b0293c6b,83.60%,1017MiB / 30.66GiB,3.24%,0B / 0B,135kB / 77.9GB,19
2026-07-31 12:30:38,glim,148.36%,510.1MiB / 30.66GiB,1.62%,0B / 0B,111kB / 11.7MB,35
2026-07-31 12:30:38,scovox,207.74%,1.689GiB / 30.66GiB,5.51%,0B / 0B,8.19kB / 3.85MB,53
2026-07-31 12:30:38,ouster,10.74%,121.4MiB / 30.66GiB,0.39%,0B / 0B,0B / 2.88MB,30
2026-07-31 12:30:38,openzen,4.38%,34.44MiB / 30.66GiB,0.11%,0B / 0B,0B / 2.15MB,20
2026-07-31 12:30:38,realsense,48.03%,100.3MiB / 30.66GiB,0.32%,0B / 0B,119kB / 4.82MB,36
2026-07-31 12:30:38,mapir-ffmpeg,158.44%,531.4MiB / 30.66GiB,1.69%,0B / 0B,0B / 1.44MB,40
2026-07-31 12:30:38,domain_bridge,1.38%,77.54MiB / 30.66GiB,0.25%,0B / 0B,385kB / 5.18MB,28
2026-07-31 12:30:38,nav2,17.96%,142MiB / 30.66GiB,0.45%,0B / 0B,20.5kB / 1.93MB,94
2026-07-31 12:30:41,trav_ros2,67.26%,171.4MiB / 30.66GiB,0.55%,0B / 0B,0B / 2.74MB,44
2026-07-31 12:30:41,docker-recorder-run-a563b0293c6b,109.91%,1015MiB / 30.66GiB,3.23%,0B / 0B,135kB / 77.9GB,19
2026-07-31 12:30:41,glim,152.05%,510.4MiB / 30.66GiB,1.63%,0B / 0B,111kB / 11.7MB,35
2026-07-31 12:30:41,scovox,206.40%,1.575GiB / 30.66GiB,5.14%,0B / 0B,8.19kB / 3.87MB,53
2026-07-31 12:30:41,ouster,9.82%,121.5MiB / 30.66GiB,0.39%,0B / 0B,0B / 2.88MB,30
2026-07-31 12:30:41,openzen,4.61%,34.22MiB / 30.66GiB,0.11%,0B / 0B,0B / 2.15MB,20
2026-07-31 12:30:41,realsense,45.02%,100.2MiB / 30.66GiB,0.32%,0B / 0B,119kB / 4.82MB,36
2026-07-31 12:30:41,mapir-ffmpeg,157.76%,524.4MiB / 30.66GiB,1.67%,0B / 0B,0B / 1.44MB,40
2026-07-31 12:30:41,domain_bridge,0.98%,76.73MiB / 30.66GiB,0.24%,0B / 0B,385kB / 5.18MB,28
2026-07-31 12:30:41,nav2,12.89%,140.5MiB / 30.66GiB,0.45%,0B / 0B,20.5kB / 1.93MB,92
2026-07-31 12:30:44,trav_ros2,70.14%,171.7MiB / 30.66GiB,0.55%,0B / 0B,0B / 2.74MB,44
2026-07-31 12:30:44,docker-recorder-run-a563b0293c6b,122.96%,1.177GiB / 30.66GiB,3.84%,0B / 0B,135kB / 78.4GB,19
2026-07-31 12:30:44,glim,106.83%,510.5MiB / 30.66GiB,1.63%,0B / 0B,111kB / 11.7MB,35
2026-07-31 12:30:44,scovox,154.47%,1.632GiB / 30.66GiB,5.32%,0B / 0B,8.19kB / 3.87MB,53
2026-07-31 12:30:44,ouster,9.66%,121.2MiB / 30.66GiB,0.39%,0B / 0B,0B / 2.88MB,30
2026-07-31 12:30:44,openzen,3.93%,34.23MiB / 30.66GiB,0.11%,0B / 0B,0B / 2.15MB,20
2026-07-31 12:30:44,realsense,47.70%,105.4MiB / 30.66GiB,0.34%,0B / 0B,119kB / 4.82MB,36
2026-07-31 12:30:44,mapir-ffmpeg,130.65%,495.2MiB / 30.66GiB,1.58%,0B / 0B,0B / 1.44MB,40
2026-07-31 12:30:44,domain_bridge,1.87%,77.7MiB / 30.66GiB,0.25%,0B / 0B,385kB / 5.18MB,28
2026-07-31 12:30:44,nav2,7.25%,140.8MiB / 30.66GiB,0.45%,0B / 0B,20.5kB / 1.99MB,92
2026-07-31 12:30:47,trav_ros2,70.26%,167.5MiB / 30.66GiB,0.53%,0B / 0B,0B / 2.74MB,44
2026-07-31 12:30:47,docker-recorder-run-a563b0293c6b,105.54%,910.5MiB / 30.66GiB,2.90%,0B / 0B,139kB / 78.9GB,19
2026-07-31 12:30:47,glim,135.81%,509.7MiB / 30.66GiB,1.62%,0B / 0B,111kB / 11.7MB,35
2026-07-31 12:30:47,scovox,201.72%,1.422GiB / 30.66GiB,4.64%,0B / 0B,8.19kB / 3.87MB,53
2026-07-31 12:30:47,ouster,10.11%,121.9MiB / 30.66GiB,0.39%,0B / 0B,0B / 2.88MB,30
2026-07-31 12:30:47,openzen,4.34%,34.29MiB / 30.66GiB,0.11%,0B / 0B,0B / 2.15MB,20
2026-07-31 12:30:47,realsense,48.37%,105.9MiB / 30.66GiB,0.34%,0B / 0B,119kB / 4.95MB,36
2026-07-31 12:30:47,mapir-ffmpeg,153.21%,497.1MiB / 30.66GiB,1.58%,0B / 0B,0B / 1.44MB,40
2026-07-31 12:30:47,domain_bridge,1.01%,77.2MiB / 30.66GiB,0.25%,0B / 0B,385kB / 5.18MB,28
2026-07-31 12:30:47,nav2,15.54%,141.1MiB / 30.66GiB,0.45%,0B / 0B,20.5kB / 1.99MB,94
2026-07-31 12:30:50,trav_ros2,79.01%,173.2MiB / 30.66GiB,0.55%,0B / 0B,0B / 2.74MB,44
2026-07-31 12:30:50,docker-recorder-run-a563b0293c6b,81.69%,1005MiB / 30.66GiB,3.20%,0B / 0B,139kB / 79.8GB,19
2026-07-31 12:30:50,glim,161.41%,510.1MiB / 30.66GiB,1.62%,0B / 0B,111kB / 11.7MB,35
2026-07-31 12:30:50,scovox,209.34%,1.732GiB / 30.66GiB,5.65%,0B / 0B,8.19kB / 3.87MB,53
2026-07-31 12:30:50,ouster,9.73%,121.2MiB / 30.66GiB,0.39%,0B / 0B,0B / 2.88MB,30
2026-07-31 12:30:50,openzen,4.16%,34.54MiB / 30.66GiB,0.11%,0B / 0B,0B / 2.15MB,20
2026-07-31 12:30:50,realsense,47.82%,105.6MiB / 30.66GiB,0.34%,0B / 0B,119kB / 4.95MB,36
2026-07-31 12:30:50,mapir-ffmpeg,160.40%,511.1MiB / 30.66GiB,1.63%,0B / 0B,0B / 1.44MB,40
2026-07-31 12:30:50,domain_bridge,0.61%,76.51MiB / 30.66GiB,0.24%,0B / 0B,385kB / 5.18MB,28
2026-07-31 12:30:50,nav2,17.07%,141.3MiB / 30.66GiB,0.45%,0B / 0B,20.5kB / 1.99MB,94
2026-07-31 12:30:53,trav_ros2,76.37%,172.6MiB / 30.66GiB,0.55%,0B / 0B,0B / 2.74MB,44
2026-07-31 12:30:53,docker-recorder-run-a563b0293c6b,161.79%,1.158GiB / 30.66GiB,3.78%,0B / 0B,139kB / 80.2GB,19
2026-07-31 12:30:53,glim,160.30%,510.6MiB / 30.66GiB,1.63%,0B / 0B,111kB / 11.7MB,35
2026-07-31 12:30:53,scovox,177.85%,1.576GiB / 30.66GiB,5.14%,0B / 0B,8.19kB / 3.87MB,53
2026-07-31 12:30:53,ouster,9.55%,121.4MiB / 30.66GiB,0.39%,0B / 0B,0B / 2.88MB,30
2026-07-31 12:30:53,openzen,3.93%,34.57MiB / 30.66GiB,0.11%,0B / 0B,0B / 2.15MB,20
2026-07-31 12:30:53,realsense,52.45%,106.2MiB / 30.66GiB,0.34%,0B / 0B,119kB / 4.95MB,36
2026-07-31 12:30:53,mapir-ffmpeg,170.65%,514.7MiB / 30.66GiB,1.64%,0B / 0B,0B / 1.44MB,40
2026-07-31 12:30:53,domain_bridge,1.23%,76.7MiB / 30.66GiB,0.24%,0B / 0B,385kB / 5.18MB,28
2026-07-31 12:30:53,nav2,16.93%,141.3MiB / 30.66GiB,0.45%,0B / 0B,20.5kB / 1.99MB,94
2026-07-31 12:30:56,trav_ros2,102.03%,175.8MiB / 30.66GiB,0.56%,0B / 0B,0B / 2.74MB,44
2026-07-31 12:30:56,docker-recorder-run-a563b0293c6b,109.93%,1.051GiB / 30.66GiB,3.43%,0B / 0B,139kB / 81.1GB,19
2026-07-31 12:30:56,glim,183.78%,515.8MiB / 30.66GiB,1.64%,0B / 0B,111kB / 11.7MB,35
2026-07-31 12:30:56,scovox,205.77%,1.765GiB / 30.66GiB,5.76%,0B / 0B,8.19kB / 3.87MB,53
2026-07-31 12:30:56,ouster,9.69%,121.7MiB / 30.66GiB,0.39%,0B / 0B,0B / 2.88MB,30
2026-07-31 12:30:56,openzen,4.49%,34.39MiB / 30.66GiB,0.11%,0B / 0B,0B / 2.15MB,20
2026-07-31 12:30:56,realsense,48.08%,105.9MiB / 30.66GiB,0.34%,0B / 0B,119kB / 4.95MB,36
2026-07-31 12:30:56,mapir-ffmpeg,166.92%,546.5MiB / 30.66GiB,1.74%,0B / 0B,0B / 1.44MB,40
2026-07-31 12:30:56,domain_bridge,1.31%,76.63MiB / 30.66GiB,0.24%,0B / 0B,385kB / 5.18MB,28
2026-07-31 12:30:56,nav2,18.15%,141.3MiB / 30.66GiB,0.45%,0B / 0B,20.5kB / 1.99MB,94
2026-07-31 12:30:59,trav_ros2,102.21%,174.4MiB / 30.66GiB,0.56%,0B / 0B,0B / 2.74MB,44
2026-07-31 12:30:59,docker-recorder-run-a563b0293c6b,89.08%,1.04GiB / 30.66GiB,3.39%,0B / 0B,139kB / 81.5GB,19
2026-07-31 12:30:59,glim,198.13%,516.3MiB / 30.66GiB,1.64%,0B / 0B,111kB / 11.7MB,35
2026-07-31 12:30:59,scovox,208.13%,1.673GiB / 30.66GiB,5.46%,0B / 0B,8.19kB / 3.87MB,53
2026-07-31 12:30:59,ouster,9.60%,121.1MiB / 30.66GiB,0.39%,0B / 0B,0B / 2.88MB,30
2026-07-31 12:30:59,openzen,4.16%,34.15MiB / 30.66GiB,0.11%,0B / 0B,0B / 2.15MB,20
2026-07-31 12:30:59,realsense,48.69%,100.3MiB / 30.66GiB,0.32%,0B / 0B,119kB / 4.95MB,36
2026-07-31 12:30:59,mapir-ffmpeg,169.04%,536.7MiB / 30.66GiB,1.71%,0B / 0B,0B / 1.44MB,40
2026-07-31 12:30:59,domain_bridge,1.27%,77.02MiB / 30.66GiB,0.25%,0B / 0B,385kB / 5.18MB,28
2026-07-31 12:30:59,nav2,11.62%,141.1MiB / 30.66GiB,0.45%,0B / 0B,20.5kB / 1.99MB,92
2026-07-31 12:31:02,trav_ros2,101.84%,175.1MiB / 30.66GiB,0.56%,0B / 0B,0B / 2.74MB,44
2026-07-31 12:31:02,docker-recorder-run-a563b0293c6b,122.11%,1.042GiB / 30.66GiB,3.40%,0B / 0B,139kB / 82.4GB,19
2026-07-31 12:31:02,glim,134.96%,500.3MiB / 30.66GiB,1.59%,0B / 0B,111kB / 11.7MB,35
2026-07-31 12:31:02,scovox,160.51%,1.75GiB / 30.66GiB,5.71%,0B / 0B,8.19kB / 3.87MB,53
2026-07-31 12:31:02,ouster,9.44%,121.4MiB / 30.66GiB,0.39%,0B / 0B,0B / 2.88MB,30
2026-07-31 12:31:02,openzen,4.20%,34.67MiB / 30.66GiB,0.11%,0B / 0B,0B / 2.15MB,20
2026-07-31 12:31:02,realsense,49.15%,101MiB / 30.66GiB,0.32%,0B / 0B,119kB / 4.95MB,36
2026-07-31 12:31:02,mapir-ffmpeg,131.66%,506.5MiB / 30.66GiB,1.61%,0B / 0B,0B / 1.44MB,40
2026-07-31 12:31:02,domain_bridge,0.86%,76.67MiB / 30.66GiB,0.24%,0B / 0B,385kB / 5.18MB,28
2026-07-31 12:31:02,nav2,8.37%,141.5MiB / 30.66GiB,0.45%,0B / 0B,20.5kB / 1.99MB,92
2026-07-31 12:31:05,trav_ros2,102.36%,175.8MiB / 30.66GiB,0.56%,0B / 0B,0B / 2.74MB,44
2026-07-31 12:31:05,docker-recorder-run-a563b0293c6b,86.14%,1.048GiB / 30.66GiB,3.42%,0B / 0B,139kB / 83.2GB,19
2026-07-31 12:31:05,glim,177.89%,503.1MiB / 30.66GiB,1.60%,0B / 0B,111kB / 11.7MB,35
2026-07-31 12:31:05,scovox,208.08%,1.679GiB / 30.66GiB,5.48%,0B / 0B,8.19kB / 3.87MB,53
2026-07-31 12:31:05,ouster,9.38%,121.6MiB / 30.66GiB,0.39%,0B / 0B,0B / 2.88MB,30
2026-07-31 12:31:05,openzen,3.98%,34.21MiB / 30.66GiB,0.11%,0B / 0B,0B / 2.15MB,20
2026-07-31 12:31:05,realsense,48.22%,100.6MiB / 30.66GiB,0.32%,0B / 0B,119kB / 4.95MB,36
2026-07-31 12:31:05,mapir-ffmpeg,164.44%,539.9MiB / 30.66GiB,1.72%,0B / 0B,0B / 1.45MB,40
2026-07-31 12:31:05,domain_bridge,0.46%,76.63MiB / 30.66GiB,0.24%,0B / 0B,385kB / 5.18MB,28
2026-07-31 12:31:05,nav2,7.74%,141.2MiB / 30.66GiB,0.45%,0B / 0B,20.5kB / 1.99MB,92
2026-07-31 12:31:08,trav_ros2,102.25%,174.8MiB / 30.66GiB,0.56%,0B / 0B,0B / 2.83MB,44
2026-07-31 12:31:08,docker-recorder-run-a563b0293c6b,95.70%,824.4MiB / 30.66GiB,2.63%,0B / 0B,434kB / 83.4GB,10
2026-07-31 12:31:08,glim,196.64%,531.3MiB / 30.66GiB,1.69%,0B / 0B,111kB / 11.7MB,35
2026-07-31 12:31:08,scovox,110.04%,1.405GiB / 30.66GiB,4.58%,0B / 0B,8.19kB / 3.89MB,53
2026-07-31 12:31:08,ouster,9.31%,121.6MiB / 30.66GiB,0.39%,0B / 0B,0B / 2.88MB,30
2026-07-31 12:31:08,openzen,4.13%,34.5MiB / 30.66GiB,0.11%,0B / 0B,0B / 2.15MB,20
2026-07-31 12:31:08,realsense,28.47%,100.8MiB / 30.66GiB,0.32%,0B / 0B,119kB / 5.04MB,36
2026-07-31 12:31:08,mapir-ffmpeg,80.78%,482.1MiB / 30.66GiB,1.54%,0B / 0B,0B / 1.46MB,40
2026-07-31 12:31:08,domain_bridge,9.83%,77.16MiB / 30.66GiB,0.25%,0B / 0B,385kB / 5.18MB,28
2026-07-31 12:31:08,nav2,11.25%,141.6MiB / 30.66GiB,0.45%,0B / 0B,20.5kB / 2.04MB,92
2026-07-31 12:31:11,trav_ros2,102.46%,178.2MiB / 30.66GiB,0.57%,0B / 0B,0B / 2.84MB,44
2026-07-31 12:31:11,glim,188.04%,552MiB / 30.66GiB,1.76%,0B / 0B,111kB / 11.7MB,35
2026-07-31 12:31:11,scovox,105.95%,1.434GiB / 30.66GiB,4.68%,0B / 0B,8.19kB / 3.9MB,53
2026-07-31 12:31:11,ouster,7.66%,121.4MiB / 30.66GiB,0.39%,0B / 0B,0B / 2.88MB,30
2026-07-31 12:31:11,openzen,2.98%,34.56MiB / 30.66GiB,0.11%,0B / 0B,0B / 2.15MB,20
2026-07-31 12:31:11,realsense,16.84%,100.2MiB / 30.66GiB,0.32%,0B / 0B,119kB / 5.04MB,36
2026-07-31 12:31:11,mapir-ffmpeg,28.17%,480.7MiB / 30.66GiB,1.53%,0B / 0B,0B / 1.46MB,40
2026-07-31 12:31:11,domain_bridge,0.37%,75.78MiB / 30.66GiB,0.24%,0B / 0B,385kB / 5.18MB,28
2026-07-31 12:31:11,nav2,7.46%,141.7MiB / 30.66GiB,0.45%,0B / 0B,20.5kB / 2.04MB,92
2026-07-31 12:31:14,trav_ros2,101.82%,177MiB / 30.66GiB,0.56%,0B / 0B,0B / 2.86MB,44
2026-07-31 12:31:14,glim,167.52%,552.1MiB / 30.66GiB,1.76%,0B / 0B,111kB / 11.7MB,35
2026-07-31 12:31:14,scovox,111.86%,1.389GiB / 30.66GiB,4.53%,0B / 0B,8.19kB / 3.9MB,53
2026-07-31 12:31:14,ouster,7.06%,122MiB / 30.66GiB,0.39%,0B / 0B,0B / 2.88MB,30
2026-07-31 12:31:14,openzen,2.34%,34.86MiB / 30.66GiB,0.11%,0B / 0B,0B / 2.15MB,20
2026-07-31 12:31:14,domain_bridge,0.57%,76.83MiB / 30.66GiB,0.24%,0B / 0B,385kB / 5.18MB,28
2026-07-31 12:31:14,nav2,6.98%,142.4MiB / 30.66GiB,0.45%,0B / 0B,20.5kB / 2.05MB,92
2026-07-31 12:31:17,trav_ros2,101.34%,176.4MiB / 30.66GiB,0.56%,0B / 0B,0B / 2.86MB,44
2026-07-31 12:31:17,glim,143.89%,534.6MiB / 30.66GiB,1.70%,0B / 0B,111kB / 11.7MB,35
2026-07-31 12:31:17,scovox,114.44%,1.435GiB / 30.66GiB,4.68%,0B / 0B,8.19kB / 3.9MB,53
2026-07-31 12:31:17,ouster,7.58%,121.8MiB / 30.66GiB,0.39%,0B / 0B,0B / 2.88MB,30
2026-07-31 12:31:17,openzen,2.99%,35.11MiB / 30.66GiB,0.11%,0B / 0B,0B / 2.15MB,20
2026-07-31 12:31:17,domain_bridge,2.08%,77.14MiB / 30.66GiB,0.25%,0B / 0B,385kB / 5.18MB,28
2026-07-31 12:31:17,nav2,8.58%,144.3MiB / 30.66GiB,0.46%,0B / 0B,20.5kB / 2.05MB,92
2026-07-31 12:31:20,trav_ros2,101.47%,178.5MiB / 30.66GiB,0.57%,0B / 0B,0B / 2.86MB,44
2026-07-31 12:31:20,glim,140.29%,534.6MiB / 30.66GiB,1.70%,0B / 0B,111kB / 11.7MB,35
2026-07-31 12:31:20,scovox,121.56%,1.411GiB / 30.66GiB,4.60%,0B / 0B,8.19kB / 3.9MB,53
2026-07-31 12:31:20,ouster,7.82%,122.1MiB / 30.66GiB,0.39%,0B / 0B,0B / 2.88MB,30
2026-07-31 12:31:20,openzen,2.94%,34.65MiB / 30.66GiB,0.11%,0B / 0B,0B / 2.15MB,20
2026-07-31 12:31:20,domain_bridge,2.40%,76.84MiB / 30.66GiB,0.24%,0B / 0B,385kB / 5.18MB,28
2026-07-31 12:31:20,nav2,8.86%,143.2MiB / 30.66GiB,0.46%,0B / 0B,20.5kB / 2.05MB,92
