2026-07-29 20:07:09,ouster,55.52%,109.7MiB / 30.66GiB,0.35%,0B / 0B,0B / 111kB,29
2026-07-29 20:07:09,mapir-ffmpeg,71.81%,123.3MiB / 30.66GiB,0.39%,0B / 0B,0B / 324kB,32
2026-07-29 20:07:09,openzen,10.85%,30.28MiB / 30.66GiB,0.10%,0B / 0B,0B / 49.2kB,20
2026-07-29 20:07:09,trav_ros2,118.64%,36.46MiB / 30.66GiB,0.12%,0B / 0B,0B / 98.3kB,4
2026-07-29 20:07:09,realsense,138.06%,44.36MiB / 30.66GiB,0.14%,0B / 0B,0B / 98.3kB,7
2026-07-29 20:07:09,glim,59.00%,70.61MiB / 30.66GiB,0.22%,0B / 0B,139kB / 135kB,22
2026-07-29 20:07:09,nav2,109.17%,82.96MiB / 30.66GiB,0.26%,0B / 0B,0B / 0B,77
2026-07-29 20:07:09,docker-recorder-run-d28519123b03,299.61%,43.6MiB / 30.66GiB,0.14%,0B / 0B,0B / 61.4kB,13
2026-07-29 20:07:12,docker-recorder-run-d28519123b03,0.00%,10.55MiB / 30.66GiB,0.03%,0B / 0B,0B / 233kB,2
2026-07-29 20:07:12,ouster,11.66%,116.6MiB / 30.66GiB,0.37%,0B / 0B,0B / 111kB,29
2026-07-29 20:07:12,mapir-ffmpeg,28.44%,164.7MiB / 30.66GiB,0.52%,0B / 0B,0B / 324kB,33
2026-07-29 20:07:12,openzen,6.29%,30.56MiB / 30.66GiB,0.10%,0B / 0B,0B / 49.2kB,20
2026-07-29 20:07:12,trav_ros2,48.61%,274.2MiB / 30.66GiB,0.87%,0B / 0B,0B / 98.3kB,44
2026-07-29 20:07:12,realsense,20.45%,94.45MiB / 30.66GiB,0.30%,0B / 0B,0B / 184kB,33
2026-07-29 20:07:12,glim,67.27%,118.1MiB / 30.66GiB,0.38%,0B / 0B,139kB / 135kB,37
2026-07-29 20:07:12,nav2,18.43%,120.3MiB / 30.66GiB,0.38%,0B / 0B,0B / 0B,92
2026-07-29 20:07:15,docker-recorder-run-d28519123b03,0.00%,10.52MiB / 30.66GiB,0.03%,0B / 0B,0B / 233kB,2
2026-07-29 20:07:15,ouster,6.43%,116.1MiB / 30.66GiB,0.37%,0B / 0B,0B / 111kB,29
2026-07-29 20:07:15,mapir-ffmpeg,30.06%,165MiB / 30.66GiB,0.53%,0B / 0B,0B / 324kB,33
2026-07-29 20:07:15,openzen,4.62%,30.92MiB / 30.66GiB,0.10%,0B / 0B,0B / 49.2kB,20
2026-07-29 20:07:15,trav_ros2,117.93%,361.8MiB / 30.66GiB,1.15%,0B / 0B,0B / 98.3kB,44
2026-07-29 20:07:15,realsense,20.07%,91.55MiB / 30.66GiB,0.29%,0B / 0B,0B / 184kB,33
2026-07-29 20:07:15,glim,84.60%,216.9MiB / 30.66GiB,0.69%,0B / 0B,139kB / 135kB,37
2026-07-29 20:07:15,nav2,12.38%,125.8MiB / 30.66GiB,0.40%,0B / 0B,0B / 0B,92
2026-07-29 20:07:18,docker-recorder-run-d28519123b03,0.00%,10.52MiB / 30.66GiB,0.03%,0B / 0B,0B / 233kB,2
2026-07-29 20:07:18,ouster,7.21%,116.8MiB / 30.66GiB,0.37%,0B / 0B,0B / 111kB,29
2026-07-29 20:07:18,mapir-ffmpeg,39.47%,165.8MiB / 30.66GiB,0.53%,0B / 0B,0B / 324kB,33
2026-07-29 20:07:18,openzen,4.77%,30.96MiB / 30.66GiB,0.10%,0B / 0B,0B / 49.2kB,20
2026-07-29 20:07:18,trav_ros2,118.20%,365.6MiB / 30.66GiB,1.16%,0B / 0B,0B / 98.3kB,44
2026-07-29 20:07:18,realsense,39.28%,91.33MiB / 30.66GiB,0.29%,0B / 0B,0B / 184kB,33
2026-07-29 20:07:18,glim,69.20%,274.6MiB / 30.66GiB,0.87%,0B / 0B,139kB / 135kB,37
2026-07-29 20:07:18,nav2,13.86%,126.6MiB / 30.66GiB,0.40%,0B / 0B,0B / 0B,92
2026-07-29 20:07:21,docker-recorder-run-d28519123b03,0.25%,10.33MiB / 30.66GiB,0.03%,0B / 0B,0B / 233kB,1
2026-07-29 20:07:21,ouster,6.77%,116.2MiB / 30.66GiB,0.37%,0B / 0B,0B / 111kB,29
2026-07-29 20:07:21,mapir-ffmpeg,40.50%,164.8MiB / 30.66GiB,0.53%,0B / 0B,0B / 324kB,33
2026-07-29 20:07:21,openzen,4.34%,30.96MiB / 30.66GiB,0.10%,0B / 0B,0B / 49.2kB,20
2026-07-29 20:07:21,trav_ros2,120.99%,396.2MiB / 30.66GiB,1.26%,0B / 0B,0B / 98.3kB,44
2026-07-29 20:07:21,realsense,21.56%,91.07MiB / 30.66GiB,0.29%,0B / 0B,0B / 184kB,33
2026-07-29 20:07:21,glim,77.74%,281.8MiB / 30.66GiB,0.90%,0B / 0B,139kB / 135kB,37
2026-07-29 20:07:21,nav2,12.67%,124.7MiB / 30.66GiB,0.40%,0B / 0B,0B / 0B,92
2026-07-29 20:07:24,docker-recorder-run-d28519123b03,0.00%,10.31MiB / 30.66GiB,0.03%,0B / 0B,0B / 233kB,1
2026-07-29 20:07:24,ouster,6.49%,115.9MiB / 30.66GiB,0.37%,0B / 0B,0B / 111kB,29
2026-07-29 20:07:24,mapir-ffmpeg,31.82%,166.1MiB / 30.66GiB,0.53%,0B / 0B,0B / 324kB,33
2026-07-29 20:07:24,openzen,4.47%,31.47MiB / 30.66GiB,0.10%,0B / 0B,0B / 49.2kB,20
2026-07-29 20:07:24,trav_ros2,112.41%,397.7MiB / 30.66GiB,1.27%,0B / 0B,0B / 98.3kB,44
2026-07-29 20:07:24,realsense,18.08%,91.57MiB / 30.66GiB,0.29%,0B / 0B,0B / 184kB,33
2026-07-29 20:07:24,glim,72.30%,284.9MiB / 30.66GiB,0.91%,0B / 0B,139kB / 135kB,37
2026-07-29 20:07:24,nav2,14.08%,126.5MiB / 30.66GiB,0.40%,0B / 0B,0B / 0B,92
2026-07-29 20:07:27,docker-recorder-run-d28519123b03,0.00%,10.31MiB / 30.66GiB,0.03%,0B / 0B,0B / 233kB,1
2026-07-29 20:07:27,ouster,6.17%,116.2MiB / 30.66GiB,0.37%,0B / 0B,0B / 111kB,29
2026-07-29 20:07:27,mapir-ffmpeg,32.09%,164.9MiB / 30.66GiB,0.53%,0B / 0B,0B / 324kB,33
2026-07-29 20:07:27,openzen,4.67%,31MiB / 30.66GiB,0.10%,0B / 0B,0B / 49.2kB,20
2026-07-29 20:07:27,trav_ros2,119.29%,400.2MiB / 30.66GiB,1.27%,0B / 0B,0B / 98.3kB,44
2026-07-29 20:07:27,realsense,17.97%,91.12MiB / 30.66GiB,0.29%,0B / 0B,0B / 184kB,33
2026-07-29 20:07:27,glim,74.24%,287.3MiB / 30.66GiB,0.91%,0B / 0B,139kB / 135kB,37
2026-07-29 20:07:27,nav2,13.07%,126.2MiB / 30.66GiB,0.40%,0B / 0B,0B / 0B,92
2026-07-29 20:07:30,docker-recorder-run-d28519123b03,0.00%,10.31MiB / 30.66GiB,0.03%,0B / 0B,0B / 9.45MB,1
2026-07-29 20:07:30,ouster,18.74%,116.6MiB / 30.66GiB,0.37%,0B / 0B,0B / 2.85MB,29
2026-07-29 20:07:30,mapir-ffmpeg,45.61%,164.9MiB / 30.66GiB,0.53%,0B / 0B,0B / 1.28MB,33
2026-07-29 20:07:30,openzen,4.92%,31MiB / 30.66GiB,0.10%,0B / 0B,0B / 2.15MB,20
2026-07-29 20:07:30,trav_ros2,113.12%,398.7MiB / 30.66GiB,1.27%,0B / 0B,0B / 1.58MB,44
2026-07-29 20:07:30,realsense,18.13%,91.12MiB / 30.66GiB,0.29%,0B / 0B,0B / 3.2MB,33
2026-07-29 20:07:30,glim,67.25%,291.4MiB / 30.66GiB,0.93%,0B / 0B,139kB / 11.6MB,37
2026-07-29 20:07:30,nav2,13.05%,126MiB / 30.66GiB,0.40%,0B / 0B,0B / 0B,92
2026-07-29 20:07:33,scovox,73.49%,58.6MiB / 30.66GiB,0.19%,0B / 0B,0B / 176kB,40
2026-07-29 20:07:33,docker-recorder-run-d28519123b03,0.00%,10.31MiB / 30.66GiB,0.03%,0B / 0B,0B / 9.45MB,1
2026-07-29 20:07:33,ouster,9.60%,118.1MiB / 30.66GiB,0.38%,0B / 0B,0B / 2.85MB,29
2026-07-29 20:07:33,mapir-ffmpeg,32.44%,166.6MiB / 30.66GiB,0.53%,0B / 0B,0B / 1.28MB,33
2026-07-29 20:07:33,openzen,5.96%,32.38MiB / 30.66GiB,0.10%,0B / 0B,0B / 2.15MB,20
2026-07-29 20:07:33,trav_ros2,117.16%,399.8MiB / 30.66GiB,1.27%,0B / 0B,0B / 1.58MB,44
2026-07-29 20:07:33,realsense,46.74%,92.57MiB / 30.66GiB,0.29%,0B / 0B,0B / 3.2MB,33
2026-07-29 20:07:33,glim,77.35%,296.5MiB / 30.66GiB,0.94%,0B / 0B,139kB / 11.6MB,37
2026-07-29 20:07:33,nav2,14.41%,125.9MiB / 30.66GiB,0.40%,0B / 0B,0B / 1.16MB,92
2026-07-29 20:07:36,scovox,1.03%,58.01MiB / 30.66GiB,0.18%,0B / 0B,0B / 176kB,40
2026-07-29 20:07:36,docker-recorder-run-d28519123b03,0.00%,10.31MiB / 30.66GiB,0.03%,0B / 0B,0B / 9.45MB,1
2026-07-29 20:07:36,ouster,9.70%,117MiB / 30.66GiB,0.37%,0B / 0B,0B / 2.85MB,29
2026-07-29 20:07:36,mapir-ffmpeg,36.39%,166.1MiB / 30.66GiB,0.53%,0B / 0B,0B / 1.28MB,33
2026-07-29 20:07:36,openzen,4.54%,31.61MiB / 30.66GiB,0.10%,0B / 0B,0B / 2.15MB,20
2026-07-29 20:07:36,trav_ros2,112.81%,401.1MiB / 30.66GiB,1.28%,0B / 0B,0B / 1.58MB,44
2026-07-29 20:07:36,realsense,20.33%,91.72MiB / 30.66GiB,0.29%,0B / 0B,0B / 3.2MB,33
2026-07-29 20:07:36,glim,74.08%,297.4MiB / 30.66GiB,0.95%,0B / 0B,139kB / 11.6MB,37
2026-07-29 20:07:36,nav2,13.01%,128.7MiB / 30.66GiB,0.41%,0B / 0B,0B / 1.16MB,92
2026-07-29 20:07:39,scovox,0.40%,57.79MiB / 30.66GiB,0.18%,0B / 0B,0B / 176kB,40
2026-07-29 20:07:39,docker-recorder-run-d28519123b03,0.00%,10.31MiB / 30.66GiB,0.03%,0B / 0B,0B / 9.45MB,1
2026-07-29 20:07:39,ouster,8.20%,116.6MiB / 30.66GiB,0.37%,0B / 0B,0B / 2.85MB,29
2026-07-29 20:07:39,mapir-ffmpeg,34.40%,165.6MiB / 30.66GiB,0.53%,0B / 0B,0B / 1.28MB,33
2026-07-29 20:07:39,openzen,4.57%,31.6MiB / 30.66GiB,0.10%,0B / 0B,0B / 2.15MB,20
2026-07-29 20:07:39,trav_ros2,113.49%,397.5MiB / 30.66GiB,1.27%,0B / 0B,0B / 1.58MB,44
2026-07-29 20:07:39,realsense,39.22%,91.99MiB / 30.66GiB,0.29%,0B / 0B,0B / 3.2MB,33
2026-07-29 20:07:39,glim,65.09%,297MiB / 30.66GiB,0.95%,0B / 0B,139kB / 11.6MB,37
2026-07-29 20:07:39,nav2,12.50%,127.5MiB / 30.66GiB,0.41%,0B / 0B,0B / 1.16MB,92
2026-07-29 20:07:42,scovox,0.12%,57.9MiB / 30.66GiB,0.18%,0B / 0B,0B / 176kB,40
2026-07-29 20:07:42,docker-recorder-run-d28519123b03,0.00%,10.31MiB / 30.66GiB,0.03%,0B / 0B,0B / 9.45MB,1
2026-07-29 20:07:42,ouster,6.15%,116.9MiB / 30.66GiB,0.37%,0B / 0B,0B / 2.85MB,29
2026-07-29 20:07:42,mapir-ffmpeg,29.39%,165.7MiB / 30.66GiB,0.53%,0B / 0B,0B / 1.28MB,33
2026-07-29 20:07:42,openzen,5.25%,31.89MiB / 30.66GiB,0.10%,0B / 0B,0B / 2.15MB,20
2026-07-29 20:07:42,trav_ros2,112.99%,401.5MiB / 30.66GiB,1.28%,0B / 0B,0B / 1.58MB,44
2026-07-29 20:07:42,realsense,29.30%,92.02MiB / 30.66GiB,0.29%,0B / 0B,0B / 3.2MB,33
2026-07-29 20:07:42,glim,72.03%,302MiB / 30.66GiB,0.96%,0B / 0B,139kB / 11.6MB,37
2026-07-29 20:07:42,nav2,13.62%,128.5MiB / 30.66GiB,0.41%,0B / 0B,0B / 1.16MB,92
2026-07-29 20:07:45,docker-recorder-run-d28519123b03,0.00%,10.31MiB / 30.66GiB,0.03%,0B / 0B,0B / 9.45MB,1
2026-07-29 20:07:45,ouster,7.14%,117MiB / 30.66GiB,0.37%,0B / 0B,0B / 2.85MB,29
2026-07-29 20:07:45,mapir-ffmpeg,44.64%,165.7MiB / 30.66GiB,0.53%,0B / 0B,0B / 1.29MB,33
2026-07-29 20:07:45,openzen,4.06%,31.4MiB / 30.66GiB,0.10%,0B / 0B,0B / 2.15MB,20
2026-07-29 20:07:45,trav_ros2,114.45%,401.4MiB / 30.66GiB,1.28%,0B / 0B,0B / 1.58MB,44
2026-07-29 20:07:45,realsense,29.94%,92.02MiB / 30.66GiB,0.29%,0B / 0B,0B / 3.2MB,33
2026-07-29 20:07:45,glim,85.61%,308.9MiB / 30.66GiB,0.98%,0B / 0B,139kB / 11.6MB,37
2026-07-29 20:07:45,nav2,12.50%,128.1MiB / 30.66GiB,0.41%,0B / 0B,0B / 1.16MB,92
2026-07-29 20:07:49,docker-recorder-run-d28519123b03,0.00%,10.31MiB / 30.66GiB,0.03%,0B / 0B,0B / 9.45MB,1
2026-07-29 20:07:49,ouster,18.72%,117.9MiB / 30.66GiB,0.38%,0B / 0B,0B / 2.85MB,29
2026-07-29 20:07:49,mapir-ffmpeg,30.72%,167.3MiB / 30.66GiB,0.53%,0B / 0B,0B / 1.29MB,33
2026-07-29 20:07:49,openzen,5.90%,32.18MiB / 30.66GiB,0.10%,0B / 0B,0B / 2.15MB,20
2026-07-29 20:07:49,trav_ros2,115.31%,396.5MiB / 30.66GiB,1.26%,0B / 0B,0B / 1.59MB,44
2026-07-29 20:07:49,realsense,21.60%,91.79MiB / 30.66GiB,0.29%,0B / 0B,0B / 3.2MB,33
2026-07-29 20:07:49,glim,62.79%,312.6MiB / 30.66GiB,1.00%,0B / 0B,139kB / 11.6MB,37
2026-07-29 20:07:49,nav2,12.40%,128.6MiB / 30.66GiB,0.41%,0B / 0B,0B / 1.16MB,92
2026-07-29 20:07:52,docker-recorder-run-d28519123b03,0.00%,10.31MiB / 30.66GiB,0.03%,0B / 0B,0B / 9.45MB,1
2026-07-29 20:07:52,ouster,6.39%,117MiB / 30.66GiB,0.37%,0B / 0B,0B / 2.85MB,29
2026-07-29 20:07:52,mapir-ffmpeg,29.63%,166.3MiB / 30.66GiB,0.53%,0B / 0B,0B / 1.29MB,33
2026-07-29 20:07:52,openzen,5.02%,31.69MiB / 30.66GiB,0.10%,0B / 0B,0B / 2.15MB,20
2026-07-29 20:07:52,trav_ros2,113.31%,401.6MiB / 30.66GiB,1.28%,0B / 0B,0B / 1.59MB,44
2026-07-29 20:07:52,realsense,20.41%,91.85MiB / 30.66GiB,0.29%,0B / 0B,0B / 3.2MB,33
2026-07-29 20:07:52,glim,75.05%,314.6MiB / 30.66GiB,1.00%,0B / 0B,139kB / 11.6MB,37
2026-07-29 20:07:52,nav2,14.52%,128.3MiB / 30.66GiB,0.41%,0B / 0B,0B / 1.16MB,92
2026-07-29 20:07:55,docker-recorder-run-d28519123b03,0.00%,10.31MiB / 30.66GiB,0.03%,0B / 0B,0B / 9.45MB,1
2026-07-29 20:07:55,ouster,6.52%,117.2MiB / 30.66GiB,0.37%,0B / 0B,0B / 2.85MB,29
2026-07-29 20:07:55,mapir-ffmpeg,41.72%,165.9MiB / 30.66GiB,0.53%,0B / 0B,0B / 1.29MB,33
2026-07-29 20:07:55,openzen,4.62%,31.47MiB / 30.66GiB,0.10%,0B / 0B,0B / 2.15MB,20
2026-07-29 20:07:55,trav_ros2,113.30%,397.2MiB / 30.66GiB,1.26%,0B / 0B,0B / 1.59MB,44
2026-07-29 20:07:55,realsense,20.75%,92.59MiB / 30.66GiB,0.29%,0B / 0B,0B / 3.2MB,33
2026-07-29 20:07:55,glim,77.36%,316MiB / 30.66GiB,1.01%,0B / 0B,139kB / 11.6MB,37
2026-07-29 20:07:55,nav2,11.97%,129.6MiB / 30.66GiB,0.41%,0B / 0B,0B / 1.16MB,92
2026-07-29 20:07:58,docker-recorder-run-d28519123b03,0.00%,10.31MiB / 30.66GiB,0.03%,0B / 0B,0B / 9.45MB,1
2026-07-29 20:07:58,ouster,10.07%,118.2MiB / 30.66GiB,0.38%,0B / 0B,0B / 2.85MB,29
2026-07-29 20:07:58,mapir-ffmpeg,33.67%,167.4MiB / 30.66GiB,0.53%,0B / 0B,0B / 1.29MB,33
2026-07-29 20:07:58,openzen,6.64%,32.4MiB / 30.66GiB,0.10%,0B / 0B,0B / 2.15MB,20
2026-07-29 20:07:58,trav_ros2,116.22%,406.1MiB / 30.66GiB,1.29%,0B / 0B,0B / 1.59MB,44
2026-07-29 20:07:58,realsense,22.16%,92.09MiB / 30.66GiB,0.29%,0B / 0B,0B / 3.2MB,33
2026-07-29 20:07:58,glim,78.57%,316.4MiB / 30.66GiB,1.01%,0B / 0B,139kB / 11.6MB,37
2026-07-29 20:07:58,nav2,13.03%,129MiB / 30.66GiB,0.41%,0B / 0B,0B / 1.16MB,92
2026-07-29 20:07:58,scovox,168.84%,84.95MiB / 30.66GiB,0.27%,0B / 0B,156kB / 28.7kB,53
2026-07-29 20:08:01,scovox,66.00%,147.1MiB / 30.66GiB,0.47%,0B / 0B,180kB / 28.7kB,53
2026-07-29 20:08:01,docker-recorder-run-d28519123b03,0.00%,10.31MiB / 30.66GiB,0.03%,0B / 0B,0B / 9.45MB,1
2026-07-29 20:08:01,ouster,10.50%,117.3MiB / 30.66GiB,0.37%,0B / 0B,0B / 2.85MB,29
2026-07-29 20:08:01,mapir-ffmpeg,39.26%,166.3MiB / 30.66GiB,0.53%,0B / 0B,0B / 1.29MB,33
2026-07-29 20:08:01,openzen,5.01%,31.68MiB / 30.66GiB,0.10%,0B / 0B,0B / 2.15MB,20
2026-07-29 20:08:01,trav_ros2,117.58%,408MiB / 30.66GiB,1.30%,0B / 0B,0B / 1.59MB,44
2026-07-29 20:08:01,realsense,42.94%,92.1MiB / 30.66GiB,0.29%,0B / 0B,0B / 3.2MB,33
2026-07-29 20:08:01,glim,61.23%,316.4MiB / 30.66GiB,1.01%,0B / 0B,139kB / 11.6MB,37
2026-07-29 20:08:01,nav2,11.78%,129.8MiB / 30.66GiB,0.41%,0B / 0B,0B / 1.16MB,92
2026-07-29 20:08:04,docker-recorder-run-d28519123b03,0.00%,10.31MiB / 30.66GiB,0.03%,0B / 0B,0B / 9.45MB,1
2026-07-29 20:08:04,ouster,7.27%,117.8MiB / 30.66GiB,0.38%,0B / 0B,0B / 2.85MB,29
2026-07-29 20:08:04,mapir-ffmpeg,29.32%,167MiB / 30.66GiB,0.53%,0B / 0B,0B / 1.29MB,33
2026-07-29 20:08:04,openzen,5.23%,32.94MiB / 30.66GiB,0.10%,0B / 0B,0B / 2.15MB,20
2026-07-29 20:08:04,trav_ros2,114.65%,398.3MiB / 30.66GiB,1.27%,0B / 0B,0B / 1.61MB,44
2026-07-29 20:08:04,realsense,39.00%,91.86MiB / 30.66GiB,0.29%,0B / 0B,0B / 3.2MB,33
2026-07-29 20:08:04,glim,73.14%,316.9MiB / 30.66GiB,1.01%,0B / 0B,139kB / 11.6MB,37
2026-07-29 20:08:04,nav2,12.64%,129.8MiB / 30.66GiB,0.41%,0B / 0B,0B / 1.16MB,92
2026-07-29 20:08:07,docker-recorder-run-d28519123b03,0.00%,10.31MiB / 30.66GiB,0.03%,0B / 0B,0B / 9.45MB,1
2026-07-29 20:08:07,ouster,8.20%,117.3MiB / 30.66GiB,0.37%,0B / 0B,0B / 2.85MB,29
2026-07-29 20:08:07,mapir-ffmpeg,45.19%,166.6MiB / 30.66GiB,0.53%,0B / 0B,0B / 1.29MB,33
2026-07-29 20:08:07,openzen,6.37%,31.98MiB / 30.66GiB,0.10%,0B / 0B,0B / 2.15MB,20
2026-07-29 20:08:07,trav_ros2,114.24%,403.1MiB / 30.66GiB,1.28%,0B / 0B,0B / 1.61MB,44
2026-07-29 20:08:07,realsense,35.99%,92.39MiB / 30.66GiB,0.29%,0B / 0B,0B / 3.2MB,33
2026-07-29 20:08:07,glim,68.60%,329.1MiB / 30.66GiB,1.05%,0B / 0B,139kB / 11.6MB,37
2026-07-29 20:08:07,nav2,16.06%,130.1MiB / 30.66GiB,0.41%,0B / 0B,0B / 1.16MB,92
2026-07-29 20:08:10,docker-recorder-run-d28519123b03,0.00%,10.31MiB / 30.66GiB,0.03%,0B / 0B,0B / 9.45MB,1
2026-07-29 20:08:10,ouster,6.25%,117.7MiB / 30.66GiB,0.37%,0B / 0B,0B / 2.85MB,29
2026-07-29 20:08:10,mapir-ffmpeg,29.51%,166.4MiB / 30.66GiB,0.53%,0B / 0B,0B / 1.29MB,33
2026-07-29 20:08:10,openzen,4.54%,31.75MiB / 30.66GiB,0.10%,0B / 0B,0B / 2.15MB,20
2026-07-29 20:08:10,trav_ros2,113.93%,407.8MiB / 30.66GiB,1.30%,0B / 0B,0B / 1.61MB,44
2026-07-29 20:08:10,realsense,39.74%,92.39MiB / 30.66GiB,0.29%,0B / 0B,0B / 3.2MB,33
2026-07-29 20:08:10,glim,65.16%,341.1MiB / 30.66GiB,1.09%,0B / 0B,139kB / 11.6MB,37
2026-07-29 20:08:10,nav2,13.18%,129.6MiB / 30.66GiB,0.41%,0B / 0B,0B / 1.16MB,92
2026-07-29 20:08:13,docker-recorder-run-d28519123b03,0.00%,10.31MiB / 30.66GiB,0.03%,0B / 0B,0B / 9.45MB,1
2026-07-29 20:08:13,ouster,14.92%,118MiB / 30.66GiB,0.38%,0B / 0B,0B / 2.85MB,29
2026-07-29 20:08:13,mapir-ffmpeg,29.61%,167.5MiB / 30.66GiB,0.53%,0B / 0B,0B / 1.29MB,33
2026-07-29 20:08:13,openzen,4.77%,32.52MiB / 30.66GiB,0.10%,0B / 0B,0B / 2.15MB,20
2026-07-29 20:08:13,trav_ros2,114.08%,404.8MiB / 30.66GiB,1.29%,0B / 0B,0B / 1.61MB,44
2026-07-29 20:08:13,realsense,19.05%,92.67MiB / 30.66GiB,0.30%,0B / 0B,0B / 3.2MB,33
2026-07-29 20:08:13,glim,65.85%,325.6MiB / 30.66GiB,1.04%,0B / 0B,139kB / 11.6MB,37
2026-07-29 20:08:13,nav2,13.58%,131MiB / 30.66GiB,0.42%,0B / 0B,0B / 1.16MB,92
2026-07-29 20:08:16,docker-recorder-run-d28519123b03,0.00%,10.31MiB / 30.66GiB,0.03%,0B / 0B,0B / 9.45MB,1
2026-07-29 20:08:16,ouster,7.31%,117.4MiB / 30.66GiB,0.37%,0B / 0B,0B / 2.85MB,29
2026-07-29 20:08:16,mapir-ffmpeg,31.34%,166.7MiB / 30.66GiB,0.53%,0B / 0B,0B / 1.29MB,33
2026-07-29 20:08:16,openzen,4.51%,31.79MiB / 30.66GiB,0.10%,0B / 0B,0B / 2.15MB,20
2026-07-29 20:08:16,trav_ros2,113.29%,399.7MiB / 30.66GiB,1.27%,0B / 0B,0B / 1.61MB,44
2026-07-29 20:08:16,realsense,35.02%,92.18MiB / 30.66GiB,0.29%,0B / 0B,0B / 3.2MB,33
2026-07-29 20:08:16,glim,67.19%,327.3MiB / 30.66GiB,1.04%,0B / 0B,139kB / 11.6MB,37
2026-07-29 20:08:16,nav2,11.98%,130.6MiB / 30.66GiB,0.42%,0B / 0B,0B / 1.16MB,92
2026-07-29 20:08:19,ouster,6.47%,117.9MiB / 30.66GiB,0.38%,0B / 0B,0B / 2.85MB,29
2026-07-29 20:08:19,openzen,4.56%,31.91MiB / 30.66GiB,0.10%,0B / 0B,0B / 2.15MB,20
2026-07-29 20:08:19,trav_ros2,113.51%,407MiB / 30.66GiB,1.30%,0B / 0B,0B / 1.63MB,44
2026-07-29 20:08:19,glim,68.17%,326.6MiB / 30.66GiB,1.04%,0B / 0B,139kB / 11.6MB,37
2026-07-29 20:08:19,nav2,12.85%,130.1MiB / 30.66GiB,0.41%,0B / 0B,0B / 1.16MB,92
2026-07-29 20:08:22,ouster,9.45%,117.7MiB / 30.66GiB,0.37%,0B / 0B,0B / 2.85MB,29
2026-07-29 20:08:22,openzen,5.44%,32.94MiB / 30.66GiB,0.10%,0B / 0B,0B / 2.15MB,20
2026-07-29 20:08:22,trav_ros2,113.46%,399.1MiB / 30.66GiB,1.27%,0B / 0B,0B / 1.63MB,44
2026-07-29 20:08:22,glim,77.17%,329MiB / 30.66GiB,1.05%,0B / 0B,139kB / 11.6MB,37
2026-07-29 20:08:22,nav2,14.42%,131.8MiB / 30.66GiB,0.42%,0B / 0B,0B / 1.16MB,92
2026-07-29 20:08:25,ouster,7.16%,118.1MiB / 30.66GiB,0.38%,0B / 0B,0B / 2.85MB,29
2026-07-29 20:08:25,openzen,4.80%,31.94MiB / 30.66GiB,0.10%,0B / 0B,0B / 2.15MB,20
2026-07-29 20:08:25,trav_ros2,111.96%,407.4MiB / 30.66GiB,1.30%,0B / 0B,0B / 1.63MB,44
2026-07-29 20:08:25,glim,67.88%,329.9MiB / 30.66GiB,1.05%,0B / 0B,139kB / 11.6MB,37
2026-07-29 20:08:25,nav2,13.30%,132.1MiB / 30.66GiB,0.42%,0B / 0B,0B / 1.16MB,92
2026-07-29 20:08:28,ouster,9.70%,118.9MiB / 30.66GiB,0.38%,0B / 0B,0B / 2.85MB,29
2026-07-29 20:08:28,openzen,5.92%,32.45MiB / 30.66GiB,0.10%,0B / 0B,0B / 2.15MB,20
2026-07-29 20:08:28,trav_ros2,113.07%,398.2MiB / 30.66GiB,1.27%,0B / 0B,0B / 1.63MB,44
2026-07-29 20:08:28,glim,75.16%,319.2MiB / 30.66GiB,1.02%,0B / 0B,139kB / 11.6MB,37
2026-07-29 20:08:28,nav2,13.41%,131.6MiB / 30.66GiB,0.42%,0B / 0B,0B / 1.16MB,92
2026-07-29 20:08:36,docker-recorder-run-52afa11fc607,280.24%,45.29MiB / 30.66GiB,0.14%,0B / 0B,0B / 61.4kB,13
2026-07-29 20:08:36,ouster,53.21%,111.4MiB / 30.66GiB,0.35%,0B / 0B,0B / 111kB,30
2026-07-29 20:08:36,openzen,11.79%,31.67MiB / 30.66GiB,0.10%,0B / 0B,0B / 57.3kB,20
2026-07-29 20:08:36,scovox,164.02%,43.82MiB / 30.66GiB,0.14%,0B / 0B,0B / 102kB,7
2026-07-29 20:08:36,mapir-ffmpeg,64.64%,126.1MiB / 30.66GiB,0.40%,0B / 0B,0B / 397kB,32
2026-07-29 20:08:36,realsense,137.66%,43.83MiB / 30.66GiB,0.14%,0B / 0B,0B / 98.3kB,7
2026-07-29 20:08:36,trav_ros2,114.66%,32.92MiB / 30.66GiB,0.10%,0B / 0B,0B / 98.3kB,4
2026-07-29 20:08:36,glim,37.86%,85.15MiB / 30.66GiB,0.27%,0B / 0B,0B / 131kB,22
2026-07-29 20:08:36,nav2,33.42%,114.7MiB / 30.66GiB,0.37%,0B / 0B,0B / 0B,90
2026-07-29 20:08:39,docker-recorder-run-52afa11fc607,0.00%,10.55MiB / 30.66GiB,0.03%,0B / 0B,0B / 233kB,2
2026-07-29 20:08:39,ouster,10.23%,117MiB / 30.66GiB,0.37%,0B / 0B,0B / 111kB,30
2026-07-29 20:08:39,openzen,6.89%,32.84MiB / 30.66GiB,0.10%,0B / 0B,0B / 57.3kB,20
2026-07-29 20:08:39,scovox,9.36%,155.8MiB / 30.66GiB,0.50%,0B / 0B,0B / 176kB,53
2026-07-29 20:08:39,mapir-ffmpeg,40.27%,166.1MiB / 30.66GiB,0.53%,0B / 0B,0B / 397kB,33
2026-07-29 20:08:39,realsense,25.18%,91.27MiB / 30.66GiB,0.29%,0B / 0B,4.1kB / 184kB,33
2026-07-29 20:08:39,trav_ros2,59.56%,274.8MiB / 30.66GiB,0.88%,0B / 0B,0B / 98.3kB,44
2026-07-29 20:08:39,glim,72.88%,128.8MiB / 30.66GiB,0.41%,0B / 0B,0B / 131kB,37
2026-07-29 20:08:39,nav2,23.02%,120.9MiB / 30.66GiB,0.39%,0B / 0B,0B / 0B,92
2026-07-29 20:08:42,docker-recorder-run-52afa11fc607,0.00%,10.55MiB / 30.66GiB,0.03%,0B / 0B,0B / 233kB,2
2026-07-29 20:08:42,ouster,7.85%,117MiB / 30.66GiB,0.37%,0B / 0B,0B / 111kB,30
2026-07-29 20:08:42,openzen,5.03%,31.43MiB / 30.66GiB,0.10%,0B / 0B,0B / 57.3kB,20
2026-07-29 20:08:42,scovox,39.94%,186.3MiB / 30.66GiB,0.59%,0B / 0B,0B / 176kB,53
2026-07-29 20:08:42,mapir-ffmpeg,28.99%,166.2MiB / 30.66GiB,0.53%,0B / 0B,0B / 397kB,33
2026-07-29 20:08:42,realsense,37.32%,91.1MiB / 30.66GiB,0.29%,0B / 0B,4.1kB / 184kB,33
2026-07-29 20:08:42,trav_ros2,119.49%,408.1MiB / 30.66GiB,1.30%,0B / 0B,0B / 98.3kB,44
2026-07-29 20:08:42,glim,83.34%,226.2MiB / 30.66GiB,0.72%,0B / 0B,0B / 131kB,37
2026-07-29 20:08:42,nav2,14.23%,129.5MiB / 30.66GiB,0.41%,0B / 0B,0B / 0B,92
2026-07-29 20:08:45,docker-recorder-run-52afa11fc607,0.00%,10.55MiB / 30.66GiB,0.03%,0B / 0B,0B / 233kB,2
2026-07-29 20:08:45,ouster,7.74%,117.1MiB / 30.66GiB,0.37%,0B / 0B,0B / 111kB,30
2026-07-29 20:08:45,openzen,5.69%,31.97MiB / 30.66GiB,0.10%,0B / 0B,0B / 57.3kB,20
2026-07-29 20:08:45,scovox,82.44%,237.6MiB / 30.66GiB,0.76%,0B / 0B,0B / 176kB,53
2026-07-29 20:08:45,mapir-ffmpeg,29.23%,166.8MiB / 30.66GiB,0.53%,0B / 0B,0B / 397kB,33
2026-07-29 20:08:45,realsense,40.21%,91.99MiB / 30.66GiB,0.29%,0B / 0B,4.1kB / 184kB,33
2026-07-29 20:08:45,trav_ros2,117.72%,396.1MiB / 30.66GiB,1.26%,0B / 0B,0B / 98.3kB,44
2026-07-29 20:08:45,glim,73.01%,277.6MiB / 30.66GiB,0.88%,0B / 0B,0B / 131kB,37
2026-07-29 20:08:45,nav2,14.02%,129.9MiB / 30.66GiB,0.41%,0B / 0B,0B / 0B,92
2026-07-29 20:08:48,docker-recorder-run-52afa11fc607,0.24%,10.56MiB / 30.66GiB,0.03%,0B / 0B,0B / 233kB,1
2026-07-29 20:08:48,ouster,8.08%,116.7MiB / 30.66GiB,0.37%,0B / 0B,0B / 111kB,30
2026-07-29 20:08:48,openzen,4.39%,31.48MiB / 30.66GiB,0.10%,0B / 0B,0B / 57.3kB,20
2026-07-29 20:08:48,scovox,57.20%,290.2MiB / 30.66GiB,0.92%,0B / 0B,0B / 176kB,53
2026-07-29 20:08:48,mapir-ffmpeg,44.88%,166MiB / 30.66GiB,0.53%,0B / 0B,0B / 397kB,33
2026-07-29 20:08:48,realsense,20.08%,91.48MiB / 30.66GiB,0.29%,0B / 0B,4.1kB / 184kB,33
2026-07-29 20:08:48,trav_ros2,113.55%,388.5MiB / 30.66GiB,1.24%,0B / 0B,0B / 98.3kB,44
2026-07-29 20:08:48,glim,70.71%,285.7MiB / 30.66GiB,0.91%,0B / 0B,0B / 131kB,37
2026-07-29 20:08:48,nav2,13.90%,128.5MiB / 30.66GiB,0.41%,0B / 0B,0B / 0B,92
2026-07-29 20:08:51,docker-recorder-run-52afa11fc607,35.05%,60.99MiB / 30.66GiB,0.19%,0B / 0B,4.1kB / 233kB,19
2026-07-29 20:08:51,ouster,13.89%,118.1MiB / 30.66GiB,0.38%,0B / 0B,0B / 111kB,30
2026-07-29 20:08:51,openzen,6.76%,31.81MiB / 30.66GiB,0.10%,0B / 0B,0B / 57.3kB,20
2026-07-29 20:08:51,scovox,85.82%,253.2MiB / 30.66GiB,0.81%,0B / 0B,0B / 176kB,53
2026-07-29 20:08:51,mapir-ffmpeg,85.08%,494.1MiB / 30.66GiB,1.57%,0B / 0B,0B / 397kB,62
2026-07-29 20:08:51,realsense,33.78%,95.42MiB / 30.66GiB,0.30%,0B / 0B,4.1kB / 184kB,48
2026-07-29 20:08:51,trav_ros2,115.95%,393.9MiB / 30.66GiB,1.25%,0B / 0B,0B / 98.3kB,44
2026-07-29 20:08:51,glim,77.71%,287.3MiB / 30.66GiB,0.91%,0B / 0B,0B / 131kB,37
2026-07-29 20:08:51,nav2,18.63%,129.7MiB / 30.66GiB,0.41%,0B / 0B,0B / 0B,92
2026-07-29 20:08:54,docker-recorder-run-52afa11fc607,34.64%,72.51MiB / 30.66GiB,0.23%,0B / 0B,4.1kB / 233kB,19
2026-07-29 20:08:54,ouster,9.91%,117.6MiB / 30.66GiB,0.37%,0B / 0B,0B / 111kB,30
2026-07-29 20:08:54,openzen,6.24%,31.84MiB / 30.66GiB,0.10%,0B / 0B,0B / 57.3kB,20
2026-07-29 20:08:54,scovox,64.41%,300.6MiB / 30.66GiB,0.96%,0B / 0B,0B / 176kB,53
2026-07-29 20:08:54,mapir-ffmpeg,143.84%,877.3MiB / 30.66GiB,2.79%,0B / 0B,0B / 397kB,62
2026-07-29 20:08:54,realsense,55.10%,95.75MiB / 30.66GiB,0.30%,0B / 0B,4.1kB / 184kB,48
2026-07-29 20:08:54,trav_ros2,112.56%,402MiB / 30.66GiB,1.28%,0B / 0B,0B / 98.3kB,44
2026-07-29 20:08:54,glim,79.44%,290.2MiB / 30.66GiB,0.92%,0B / 0B,0B / 131kB,37
2026-07-29 20:08:54,nav2,13.35%,129.2MiB / 30.66GiB,0.41%,0B / 0B,0B / 0B,92
2026-07-29 20:08:57,docker-recorder-run-52afa11fc607,38.29%,82.23MiB / 30.66GiB,0.26%,0B / 0B,4.1kB / 60.4MB,19
2026-07-29 20:08:57,ouster,9.21%,117.6MiB / 30.66GiB,0.37%,0B / 0B,0B / 111kB,30
2026-07-29 20:08:57,openzen,6.40%,31.84MiB / 30.66GiB,0.10%,0B / 0B,0B / 57.3kB,20
2026-07-29 20:08:57,scovox,91.95%,257.9MiB / 30.66GiB,0.82%,0B / 0B,0B / 176kB,53
2026-07-29 20:08:57,mapir-ffmpeg,157.88%,877.2MiB / 30.66GiB,2.79%,0B / 0B,0B / 397kB,62
2026-07-29 20:08:57,realsense,56.39%,95.77MiB / 30.66GiB,0.31%,0B / 0B,4.1kB / 184kB,48
2026-07-29 20:08:57,trav_ros2,111.63%,403.5MiB / 30.66GiB,1.29%,0B / 0B,0B / 98.3kB,44
2026-07-29 20:08:57,glim,72.72%,302.7MiB / 30.66GiB,0.96%,0B / 0B,0B / 131kB,37
2026-07-29 20:08:57,nav2,13.76%,129MiB / 30.66GiB,0.41%,0B / 0B,0B / 0B,92
2026-07-29 20:09:01,docker-recorder-run-52afa11fc607,35.43%,108.4MiB / 30.66GiB,0.35%,0B / 0B,4.1kB / 111MB,19
2026-07-29 20:09:01,ouster,11.51%,117.7MiB / 30.66GiB,0.38%,0B / 0B,0B / 111kB,30
2026-07-29 20:09:01,openzen,5.87%,31.89MiB / 30.66GiB,0.10%,0B / 0B,0B / 57.3kB,20
2026-07-29 20:09:01,scovox,80.20%,298.8MiB / 30.66GiB,0.95%,0B / 0B,0B / 176kB,53
2026-07-29 20:09:01,mapir-ffmpeg,152.25%,868.1MiB / 30.66GiB,2.76%,0B / 0B,0B / 397kB,62
2026-07-29 20:09:01,realsense,62.57%,97.7MiB / 30.66GiB,0.31%,0B / 0B,4.1kB / 184kB,48
2026-07-29 20:09:01,trav_ros2,112.67%,400.2MiB / 30.66GiB,1.27%,0B / 0B,0B / 98.3kB,44
2026-07-29 20:09:01,glim,67.19%,307.1MiB / 30.66GiB,0.98%,0B / 0B,0B / 131kB,37
2026-07-29 20:09:01,nav2,15.16%,130.5MiB / 30.66GiB,0.42%,0B / 0B,0B / 0B,92
2026-07-29 20:09:04,docker-recorder-run-52afa11fc607,32.97%,128.1MiB / 30.66GiB,0.41%,0B / 0B,4.1kB / 111MB,19
2026-07-29 20:09:04,ouster,8.91%,117.4MiB / 30.66GiB,0.37%,0B / 0B,0B / 111kB,30
2026-07-29 20:09:04,openzen,5.88%,31.89MiB / 30.66GiB,0.10%,0B / 0B,0B / 57.3kB,20
2026-07-29 20:09:04,scovox,77.91%,267.4MiB / 30.66GiB,0.85%,0B / 0B,0B / 176kB,53
2026-07-29 20:09:04,mapir-ffmpeg,156.83%,874.2MiB / 30.66GiB,2.78%,0B / 0B,0B / 397kB,62
2026-07-29 20:09:04,realsense,48.80%,95.93MiB / 30.66GiB,0.31%,0B / 0B,4.1kB / 184kB,48
2026-07-29 20:09:04,trav_ros2,110.59%,403.9MiB / 30.66GiB,1.29%,0B / 0B,0B / 98.3kB,44
2026-07-29 20:09:04,glim,64.67%,314MiB / 30.66GiB,1.00%,0B / 0B,0B / 131kB,37
2026-07-29 20:09:04,nav2,13.62%,129.3MiB / 30.66GiB,0.41%,0B / 0B,0B / 0B,92
2026-07-29 20:09:07,docker-recorder-run-52afa11fc607,38.69%,144.2MiB / 30.66GiB,0.46%,0B / 0B,4.1kB / 111MB,19
2026-07-29 20:09:07,ouster,12.04%,117.8MiB / 30.66GiB,0.38%,0B / 0B,0B / 1.31MB,30
2026-07-29 20:09:07,openzen,5.72%,31.89MiB / 30.66GiB,0.10%,0B / 0B,0B / 2.15MB,20
2026-07-29 20:09:07,scovox,85.01%,309.9MiB / 30.66GiB,0.99%,0B / 0B,0B / 971kB,53
2026-07-29 20:09:07,mapir-ffmpeg,139.82%,867.1MiB / 30.66GiB,2.76%,0B / 0B,0B / 471kB,62
2026-07-29 20:09:07,realsense,53.69%,96.27MiB / 30.66GiB,0.31%,0B / 0B,4.1kB / 479kB,48
2026-07-29 20:09:07,trav_ros2,114.12%,400.1MiB / 30.66GiB,1.27%,0B / 0B,0B / 246kB,44
2026-07-29 20:09:07,glim,69.74%,318.4MiB / 30.66GiB,1.01%,0B / 0B,0B / 11MB,37
2026-07-29 20:09:07,nav2,13.55%,129.8MiB / 30.66GiB,0.41%,0B / 0B,0B / 1.13MB,92
2026-07-29 20:09:10,docker-recorder-run-52afa11fc607,38.52%,144.4MiB / 30.66GiB,0.46%,0B / 0B,4.1kB / 312MB,19
2026-07-29 20:09:10,ouster,10.10%,117.7MiB / 30.66GiB,0.37%,0B / 0B,0B / 2.84MB,30
2026-07-29 20:09:10,openzen,6.75%,32.18MiB / 30.66GiB,0.10%,0B / 0B,0B / 2.15MB,20
2026-07-29 20:09:10,scovox,77.65%,285.4MiB / 30.66GiB,0.91%,0B / 0B,0B / 3.4MB,53
2026-07-29 20:09:10,mapir-ffmpeg,159.55%,872.6MiB / 30.66GiB,2.78%,0B / 0B,0B / 1.27MB,62
2026-07-29 20:09:10,realsense,49.68%,97.57MiB / 30.66GiB,0.31%,0B / 0B,4.1kB / 3.2MB,48
2026-07-29 20:09:10,trav_ros2,114.09%,397.7MiB / 30.66GiB,1.27%,0B / 0B,0B / 1.58MB,44
2026-07-29 20:09:10,glim,78.10%,320.1MiB / 30.66GiB,1.02%,0B / 0B,0B / 11.6MB,37
2026-07-29 20:09:10,nav2,14.52%,130MiB / 30.66GiB,0.41%,0B / 0B,0B / 1.13MB,92
2026-07-29 20:09:13,docker-recorder-run-52afa11fc607,36.82%,170.6MiB / 30.66GiB,0.54%,0B / 0B,4.1kB / 690MB,19
2026-07-29 20:09:13,ouster,9.59%,117.9MiB / 30.66GiB,0.38%,0B / 0B,0B / 2.84MB,30
2026-07-29 20:09:13,openzen,6.28%,31.93MiB / 30.66GiB,0.10%,0B / 0B,0B / 2.15MB,20
2026-07-29 20:09:13,scovox,91.83%,222.2MiB / 30.66GiB,0.71%,0B / 0B,0B / 3.4MB,53
2026-07-29 20:09:13,mapir-ffmpeg,156.55%,879.5MiB / 30.66GiB,2.80%,0B / 0B,0B / 1.27MB,62
2026-07-29 20:09:13,realsense,59.22%,95.39MiB / 30.66GiB,0.30%,0B / 0B,4.1kB / 3.2MB,48
2026-07-29 20:09:13,trav_ros2,115.65%,400.4MiB / 30.66GiB,1.28%,0B / 0B,0B / 1.58MB,44
2026-07-29 20:09:13,glim,63.11%,320.7MiB / 30.66GiB,1.02%,0B / 0B,0B / 11.6MB,37
2026-07-29 20:09:13,nav2,12.96%,129.8MiB / 30.66GiB,0.41%,0B / 0B,0B / 1.16MB,92
2026-07-29 20:09:16,docker-recorder-run-52afa11fc607,29.02%,185MiB / 30.66GiB,0.59%,0B / 0B,4.1kB / 1.19GB,19
2026-07-29 20:09:16,ouster,9.28%,117.6MiB / 30.66GiB,0.37%,0B / 0B,0B / 2.85MB,30
2026-07-29 20:09:16,openzen,6.48%,31.97MiB / 30.66GiB,0.10%,0B / 0B,0B / 2.15MB,20
2026-07-29 20:09:16,scovox,63.29%,303.8MiB / 30.66GiB,0.97%,0B / 0B,0B / 3.5MB,53
2026-07-29 20:09:16,mapir-ffmpeg,182.63%,877.8MiB / 30.66GiB,2.80%,0B / 0B,0B / 1.28MB,62
2026-07-29 20:09:16,realsense,59.83%,96.38MiB / 30.66GiB,0.31%,0B / 0B,4.1kB / 3.3MB,48
2026-07-29 20:09:16,trav_ros2,113.29%,403.2MiB / 30.66GiB,1.28%,0B / 0B,0B / 1.59MB,44
2026-07-29 20:09:16,glim,74.62%,322.4MiB / 30.66GiB,1.03%,0B / 0B,0B / 11.6MB,37
2026-07-29 20:09:16,nav2,13.84%,130.8MiB / 30.66GiB,0.42%,0B / 0B,0B / 1.16MB,92
2026-07-29 20:09:19,docker-recorder-run-52afa11fc607,35.03%,190.1MiB / 30.66GiB,0.61%,0B / 0B,4.1kB / 1.68GB,19
2026-07-29 20:09:19,ouster,11.57%,118.3MiB / 30.66GiB,0.38%,0B / 0B,0B / 2.85MB,30
2026-07-29 20:09:19,openzen,6.60%,31.98MiB / 30.66GiB,0.10%,0B / 0B,0B / 2.15MB,20
2026-07-29 20:09:19,scovox,95.05%,249.8MiB / 30.66GiB,0.80%,0B / 0B,0B / 3.5MB,53
2026-07-29 20:09:19,mapir-ffmpeg,145.75%,868.2MiB / 30.66GiB,2.77%,0B / 0B,0B / 1.28MB,62
2026-07-29 20:09:19,realsense,53.38%,102.9MiB / 30.66GiB,0.33%,0B / 0B,4.1kB / 3.3MB,48
2026-07-29 20:09:19,trav_ros2,120.57%,400MiB / 30.66GiB,1.27%,0B / 0B,0B / 1.59MB,44
2026-07-29 20:09:19,glim,78.54%,325.2MiB / 30.66GiB,1.04%,0B / 0B,0B / 11.6MB,37
2026-07-29 20:09:19,nav2,13.12%,129.9MiB / 30.66GiB,0.41%,0B / 0B,0B / 1.16MB,92
2026-07-29 20:09:22,docker-recorder-run-52afa11fc607,31.66%,208.9MiB / 30.66GiB,0.67%,0B / 0B,4.1kB / 2.1GB,19
2026-07-29 20:09:22,ouster,9.02%,118MiB / 30.66GiB,0.38%,0B / 0B,0B / 2.85MB,30
2026-07-29 20:09:22,openzen,6.26%,31.98MiB / 30.66GiB,0.10%,0B / 0B,0B / 2.15MB,20
2026-07-29 20:09:22,scovox,63.70%,291.8MiB / 30.66GiB,0.93%,0B / 0B,0B / 3.5MB,53
2026-07-29 20:09:22,mapir-ffmpeg,147.54%,874.5MiB / 30.66GiB,2.79%,0B / 0B,0B / 1.28MB,62
2026-07-29 20:09:22,realsense,60.25%,98.46MiB / 30.66GiB,0.31%,0B / 0B,4.1kB / 3.3MB,48
2026-07-29 20:09:22,trav_ros2,112.03%,403.4MiB / 30.66GiB,1.28%,0B / 0B,0B / 1.59MB,44
2026-07-29 20:09:22,glim,72.24%,330.4MiB / 30.66GiB,1.05%,0B / 0B,0B / 11.6MB,37
2026-07-29 20:09:22,nav2,13.65%,130.1MiB / 30.66GiB,0.41%,0B / 0B,0B / 1.16MB,92
2026-07-29 20:09:25,docker-recorder-run-52afa11fc607,32.53%,222MiB / 30.66GiB,0.71%,0B / 0B,4.1kB / 2.63GB,19
2026-07-29 20:09:25,ouster,29.64%,117.6MiB / 30.66GiB,0.37%,0B / 0B,0B / 2.85MB,30
2026-07-29 20:09:25,openzen,6.62%,32.04MiB / 30.66GiB,0.10%,0B / 0B,0B / 2.15MB,20
2026-07-29 20:09:25,scovox,92.98%,236.5MiB / 30.66GiB,0.75%,0B / 0B,0B / 3.5MB,53
2026-07-29 20:09:25,mapir-ffmpeg,153.74%,877.3MiB / 30.66GiB,2.79%,0B / 0B,0B / 1.28MB,62
2026-07-29 20:09:25,realsense,65.36%,98.37MiB / 30.66GiB,0.31%,0B / 0B,4.1kB / 3.3MB,48
2026-07-29 20:09:25,trav_ros2,113.04%,403.9MiB / 30.66GiB,1.29%,0B / 0B,0B / 1.59MB,44
2026-07-29 20:09:25,glim,60.96%,330.2MiB / 30.66GiB,1.05%,0B / 0B,0B / 11.6MB,37
2026-07-29 20:09:25,nav2,14.19%,130.2MiB / 30.66GiB,0.41%,0B / 0B,0B / 1.16MB,92
2026-07-29 20:09:28,docker-recorder-run-52afa11fc607,29.67%,228.8MiB / 30.66GiB,0.73%,0B / 0B,4.1kB / 3.17GB,19
2026-07-29 20:09:28,ouster,27.90%,117.8MiB / 30.66GiB,0.38%,0B / 0B,0B / 2.85MB,30
2026-07-29 20:09:28,openzen,5.67%,32.04MiB / 30.66GiB,0.10%,0B / 0B,0B / 2.15MB,20
2026-07-29 20:09:28,scovox,66.91%,310.3MiB / 30.66GiB,0.99%,0B / 0B,0B / 3.5MB,53
2026-07-29 20:09:28,mapir-ffmpeg,147.18%,875MiB / 30.66GiB,2.79%,0B / 0B,0B / 1.28MB,62
2026-07-29 20:09:28,realsense,50.33%,103.6MiB / 30.66GiB,0.33%,0B / 0B,4.1kB / 3.3MB,48
2026-07-29 20:09:28,trav_ros2,113.86%,391.4MiB / 30.66GiB,1.25%,0B / 0B,0B / 1.59MB,44
2026-07-29 20:09:28,glim,75.21%,330.4MiB / 30.66GiB,1.05%,0B / 0B,0B / 11.6MB,37
2026-07-29 20:09:28,nav2,13.50%,130.2MiB / 30.66GiB,0.41%,0B / 0B,0B / 1.16MB,92
2026-07-29 20:09:31,docker-recorder-run-52afa11fc607,39.13%,223MiB / 30.66GiB,0.71%,0B / 0B,4.1kB / 3.91GB,19
2026-07-29 20:09:31,ouster,10.56%,118.8MiB / 30.66GiB,0.38%,0B / 0B,0B / 2.85MB,30
2026-07-29 20:09:31,openzen,6.12%,32.05MiB / 30.66GiB,0.10%,0B / 0B,0B / 2.15MB,20
2026-07-29 20:09:31,scovox,101.30%,268.5MiB / 30.66GiB,0.86%,0B / 0B,0B / 3.5MB,53
2026-07-29 20:09:31,mapir-ffmpeg,143.90%,874.8MiB / 30.66GiB,2.79%,0B / 0B,0B / 1.28MB,62
2026-07-29 20:09:31,realsense,50.78%,98.33MiB / 30.66GiB,0.31%,0B / 0B,4.1kB / 3.3MB,48
2026-07-29 20:09:31,trav_ros2,115.71%,400.9MiB / 30.66GiB,1.28%,0B / 0B,0B / 1.59MB,44
2026-07-29 20:09:31,glim,75.38%,330.5MiB / 30.66GiB,1.05%,0B / 0B,0B / 11.6MB,37
2026-07-29 20:09:31,nav2,13.12%,130.2MiB / 30.66GiB,0.41%,0B / 0B,0B / 1.16MB,92
2026-07-29 20:09:34,docker-recorder-run-52afa11fc607,34.47%,241MiB / 30.66GiB,0.77%,0B / 0B,4.1kB / 5.78GB,19
2026-07-29 20:09:34,ouster,9.57%,118.4MiB / 30.66GiB,0.38%,0B / 0B,0B / 2.85MB,30
2026-07-29 20:09:34,openzen,6.32%,32.09MiB / 30.66GiB,0.10%,0B / 0B,0B / 2.15MB,20
2026-07-29 20:09:34,scovox,69.70%,296.8MiB / 30.66GiB,0.95%,0B / 0B,0B / 3.5MB,53
2026-07-29 20:09:34,mapir-ffmpeg,137.41%,872.6MiB / 30.66GiB,2.78%,0B / 0B,0B / 1.28MB,62
2026-07-29 20:09:34,realsense,50.35%,98.78MiB / 30.66GiB,0.31%,0B / 0B,4.1kB / 3.3MB,48
2026-07-29 20:09:34,trav_ros2,115.45%,401.4MiB / 30.66GiB,1.28%,0B / 0B,0B / 1.59MB,44
2026-07-29 20:09:34,glim,73.35%,330.6MiB / 30.66GiB,1.05%,0B / 0B,0B / 11.6MB,37
2026-07-29 20:09:34,nav2,14.35%,130.9MiB / 30.66GiB,0.42%,0B / 0B,0B / 1.16MB,92
2026-07-29 20:09:37,docker-recorder-run-52afa11fc607,40.47%,260.7MiB / 30.66GiB,0.83%,0B / 0B,4.1kB / 5.78GB,19
2026-07-29 20:09:37,ouster,12.81%,117.8MiB / 30.66GiB,0.38%,0B / 0B,0B / 2.85MB,30
2026-07-29 20:09:37,openzen,6.28%,32.09MiB / 30.66GiB,0.10%,0B / 0B,0B / 2.15MB,20
2026-07-29 20:09:37,scovox,96.74%,256.2MiB / 30.66GiB,0.82%,0B / 0B,0B / 3.5MB,53
2026-07-29 20:09:37,mapir-ffmpeg,156.51%,872.5MiB / 30.66GiB,2.78%,0B / 0B,0B / 1.28MB,62
2026-07-29 20:09:37,realsense,54.27%,99.22MiB / 30.66GiB,0.32%,0B / 0B,4.1kB / 3.3MB,48
2026-07-29 20:09:37,trav_ros2,116.29%,396.2MiB / 30.66GiB,1.26%,0B / 0B,0B / 1.59MB,44
2026-07-29 20:09:37,glim,70.71%,331.6MiB / 30.66GiB,1.06%,0B / 0B,0B / 11.6MB,37
2026-07-29 20:09:37,nav2,13.30%,131MiB / 30.66GiB,0.42%,0B / 0B,0B / 1.16MB,92
2026-07-29 20:09:41,docker-recorder-run-52afa11fc607,35.17%,276.5MiB / 30.66GiB,0.88%,0B / 0B,4.1kB / 5.78GB,19
2026-07-29 20:09:41,ouster,9.64%,118.4MiB / 30.66GiB,0.38%,0B / 0B,0B / 2.85MB,30
2026-07-29 20:09:41,openzen,6.27%,32.38MiB / 30.66GiB,0.10%,0B / 0B,0B / 2.15MB,20
2026-07-29 20:09:41,scovox,80.75%,299.8MiB / 30.66GiB,0.95%,0B / 0B,0B / 3.5MB,53
2026-07-29 20:09:41,mapir-ffmpeg,151.28%,856.1MiB / 30.66GiB,2.73%,0B / 0B,0B / 1.28MB,62
2026-07-29 20:09:41,realsense,60.32%,98.03MiB / 30.66GiB,0.31%,0B / 0B,4.1kB / 3.3MB,48
2026-07-29 20:09:41,trav_ros2,117.66%,396.1MiB / 30.66GiB,1.26%,0B / 0B,0B / 1.61MB,44
2026-07-29 20:09:41,glim,66.89%,331.3MiB / 30.66GiB,1.06%,0B / 0B,0B / 11.6MB,37
2026-07-29 20:09:41,nav2,13.56%,132MiB / 30.66GiB,0.42%,0B / 0B,0B / 1.16MB,92
2026-07-29 20:09:44,docker-recorder-run-52afa11fc607,28.56%,290.1MiB / 30.66GiB,0.92%,0B / 0B,4.1kB / 5.78GB,19
2026-07-29 20:09:44,ouster,8.36%,118.2MiB / 30.66GiB,0.38%,0B / 0B,0B / 2.85MB,30
2026-07-29 20:09:44,openzen,5.71%,32.13MiB / 30.66GiB,0.10%,0B / 0B,0B / 2.15MB,20
2026-07-29 20:09:44,scovox,81.74%,274.9MiB / 30.66GiB,0.88%,0B / 0B,0B / 3.5MB,53
2026-07-29 20:09:44,mapir-ffmpeg,146.88%,880.1MiB / 30.66GiB,2.80%,0B / 0B,0B / 1.28MB,62
2026-07-29 20:09:44,realsense,53.20%,99.24MiB / 30.66GiB,0.32%,0B / 0B,4.1kB / 3.3MB,48
2026-07-29 20:09:44,trav_ros2,114.00%,406.8MiB / 30.66GiB,1.30%,0B / 0B,0B / 1.61MB,44
2026-07-29 20:09:44,glim,78.38%,333.4MiB / 30.66GiB,1.06%,0B / 0B,0B / 11.6MB,37
2026-07-29 20:09:44,nav2,13.28%,131MiB / 30.66GiB,0.42%,0B / 0B,0B / 1.16MB,92
2026-07-29 20:09:47,docker-recorder-run-52afa11fc607,31.50%,302.6MiB / 30.66GiB,0.96%,0B / 0B,4.1kB / 5.88GB,19
2026-07-29 20:09:47,ouster,9.68%,118.4MiB / 30.66GiB,0.38%,0B / 0B,0B / 2.85MB,30
2026-07-29 20:09:47,openzen,5.92%,32.88MiB / 30.66GiB,0.10%,0B / 0B,0B / 2.15MB,20
2026-07-29 20:09:47,scovox,85.76%,316.5MiB / 30.66GiB,1.01%,0B / 0B,0B / 3.5MB,53
2026-07-29 20:09:47,mapir-ffmpeg,151.05%,877.7MiB / 30.66GiB,2.80%,0B / 0B,0B / 1.29MB,62
2026-07-29 20:09:47,realsense,60.23%,99.05MiB / 30.66GiB,0.32%,0B / 0B,4.1kB / 3.43MB,48
2026-07-29 20:09:47,trav_ros2,111.50%,395.5MiB / 30.66GiB,1.26%,0B / 0B,0B / 1.61MB,44
2026-07-29 20:09:47,glim,75.12%,335.4MiB / 30.66GiB,1.07%,0B / 0B,0B / 11.6MB,37
2026-07-29 20:09:47,nav2,12.81%,131MiB / 30.66GiB,0.42%,0B / 0B,0B / 1.16MB,92
2026-07-29 20:09:50,docker-recorder-run-52afa11fc607,34.07%,310.9MiB / 30.66GiB,0.99%,0B / 0B,4.1kB / 6.36GB,19
2026-07-29 20:09:50,ouster,12.32%,118.6MiB / 30.66GiB,0.38%,0B / 0B,0B / 2.85MB,30
2026-07-29 20:09:50,openzen,6.04%,32.43MiB / 30.66GiB,0.10%,0B / 0B,0B / 2.15MB,20
2026-07-29 20:09:50,scovox,75.71%,261.6MiB / 30.66GiB,0.83%,0B / 0B,0B / 3.59MB,53
2026-07-29 20:09:50,mapir-ffmpeg,144.19%,879.9MiB / 30.66GiB,2.80%,0B / 0B,0B / 1.29MB,62
2026-07-29 20:09:50,realsense,48.67%,99.18MiB / 30.66GiB,0.32%,0B / 0B,4.1kB / 3.43MB,48
2026-07-29 20:09:50,trav_ros2,114.48%,403MiB / 30.66GiB,1.28%,0B / 0B,0B / 1.61MB,44
2026-07-29 20:09:50,glim,70.52%,340.1MiB / 30.66GiB,1.08%,0B / 0B,0B / 11.6MB,37
2026-07-29 20:09:50,nav2,12.97%,131.8MiB / 30.66GiB,0.42%,0B / 0B,0B / 1.16MB,92
2026-07-29 20:09:53,docker-recorder-run-52afa11fc607,37.03%,319.4MiB / 30.66GiB,1.02%,0B / 0B,4.1kB / 6.84GB,19
2026-07-29 20:09:53,ouster,11.40%,117.9MiB / 30.66GiB,0.38%,0B / 0B,0B / 2.85MB,30
2026-07-29 20:09:53,openzen,5.73%,32.18MiB / 30.66GiB,0.10%,0B / 0B,0B / 2.15MB,20
2026-07-29 20:09:53,scovox,87.17%,223.1MiB / 30.66GiB,0.71%,0B / 0B,0B / 3.59MB,53
2026-07-29 20:09:53,mapir-ffmpeg,139.18%,875.2MiB / 30.66GiB,2.79%,0B / 0B,0B / 1.29MB,62
2026-07-29 20:09:53,realsense,49.84%,98.83MiB / 30.66GiB,0.31%,0B / 0B,4.1kB / 3.43MB,48
2026-07-29 20:09:53,trav_ros2,114.54%,407.1MiB / 30.66GiB,1.30%,0B / 0B,0B / 1.61MB,44
2026-07-29 20:09:53,glim,74.50%,340MiB / 30.66GiB,1.08%,0B / 0B,0B / 11.6MB,37
2026-07-29 20:09:53,nav2,12.80%,131.3MiB / 30.66GiB,0.42%,0B / 0B,0B / 1.16MB,92
2026-07-29 20:09:56,docker-recorder-run-52afa11fc607,37.90%,341.6MiB / 30.66GiB,1.09%,0B / 0B,4.1kB / 7.32GB,19
2026-07-29 20:09:56,ouster,9.99%,118.7MiB / 30.66GiB,0.38%,0B / 0B,0B / 2.85MB,30
2026-07-29 20:09:56,openzen,6.13%,32.46MiB / 30.66GiB,0.10%,0B / 0B,0B / 2.15MB,20
2026-07-29 20:09:56,scovox,68.85%,305.2MiB / 30.66GiB,0.97%,0B / 0B,0B / 3.59MB,53
2026-07-29 20:09:56,mapir-ffmpeg,145.89%,870.2MiB / 30.66GiB,2.77%,0B / 0B,0B / 1.29MB,62
2026-07-29 20:09:56,realsense,49.69%,104.1MiB / 30.66GiB,0.33%,0B / 0B,4.1kB / 3.43MB,48
2026-07-29 20:09:56,trav_ros2,115.20%,407MiB / 30.66GiB,1.30%,0B / 0B,0B / 1.61MB,44
2026-07-29 20:09:56,glim,71.56%,335.9MiB / 30.66GiB,1.07%,0B / 0B,0B / 11.6MB,37
2026-07-29 20:09:56,nav2,14.51%,132.3MiB / 30.66GiB,0.42%,0B / 0B,0B / 1.16MB,92
2026-07-29 20:09:59,docker-recorder-run-52afa11fc607,35.30%,338.6MiB / 30.66GiB,1.08%,0B / 0B,4.1kB / 7.81GB,19
2026-07-29 20:09:59,ouster,9.04%,118.1MiB / 30.66GiB,0.38%,0B / 0B,0B / 2.85MB,30
2026-07-29 20:09:59,openzen,5.57%,32.23MiB / 30.66GiB,0.10%,0B / 0B,0B / 2.15MB,20
2026-07-29 20:09:59,scovox,100.50%,252MiB / 30.66GiB,0.80%,0B / 0B,0B / 3.59MB,53
2026-07-29 20:09:59,mapir-ffmpeg,160.90%,879.9MiB / 30.66GiB,2.80%,0B / 0B,0B / 1.29MB,62
2026-07-29 20:09:59,realsense,50.32%,104.9MiB / 30.66GiB,0.33%,0B / 0B,4.1kB / 3.43MB,48
2026-07-29 20:09:59,trav_ros2,113.52%,404MiB / 30.66GiB,1.29%,0B / 0B,0B / 1.61MB,44
2026-07-29 20:09:59,glim,72.28%,341.3MiB / 30.66GiB,1.09%,0B / 0B,0B / 11.6MB,37
2026-07-29 20:09:59,nav2,13.35%,131.6MiB / 30.66GiB,0.42%,0B / 0B,0B / 1.16MB,92
2026-07-29 20:10:02,docker-recorder-run-52afa11fc607,29.97%,362.4MiB / 30.66GiB,1.15%,0B / 0B,4.1kB / 8.18GB,19
2026-07-29 20:10:02,ouster,17.85%,118MiB / 30.66GiB,0.38%,0B / 0B,0B / 2.85MB,30
2026-07-29 20:10:02,openzen,5.89%,32.23MiB / 30.66GiB,0.10%,0B / 0B,0B / 2.15MB,20
2026-07-29 20:10:02,scovox,64.76%,292.8MiB / 30.66GiB,0.93%,0B / 0B,0B / 3.59MB,53
2026-07-29 20:10:02,mapir-ffmpeg,155.06%,867.4MiB / 30.66GiB,2.76%,0B / 0B,0B / 1.29MB,62
2026-07-29 20:10:02,realsense,48.82%,98.6MiB / 30.66GiB,0.31%,0B / 0B,4.1kB / 3.43MB,48
2026-07-29 20:10:02,trav_ros2,117.25%,397MiB / 30.66GiB,1.26%,0B / 0B,0B / 1.61MB,44
2026-07-29 20:10:02,glim,66.36%,342.5MiB / 30.66GiB,1.09%,0B / 0B,0B / 11.6MB,37
2026-07-29 20:10:02,nav2,13.22%,132.6MiB / 30.66GiB,0.42%,0B / 0B,0B / 1.16MB,92
2026-07-29 20:10:05,docker-recorder-run-52afa11fc607,35.10%,380.8MiB / 30.66GiB,1.21%,0B / 0B,4.1kB / 10.8GB,19
2026-07-29 20:10:05,ouster,10.40%,118MiB / 30.66GiB,0.38%,0B / 0B,0B / 2.85MB,30
2026-07-29 20:10:05,openzen,7.09%,32.29MiB / 30.66GiB,0.10%,0B / 0B,0B / 2.15MB,20
2026-07-29 20:10:05,scovox,98.21%,237.7MiB / 30.66GiB,0.76%,0B / 0B,0B / 3.59MB,53
2026-07-29 20:10:05,mapir-ffmpeg,158.32%,870.4MiB / 30.66GiB,2.77%,0B / 0B,0B / 1.29MB,62
2026-07-29 20:10:05,realsense,60.82%,99.8MiB / 30.66GiB,0.32%,0B / 0B,4.1kB / 3.43MB,48
2026-07-29 20:10:05,trav_ros2,117.69%,403.1MiB / 30.66GiB,1.28%,0B / 0B,0B / 1.61MB,44
2026-07-29 20:10:05,glim,75.78%,343.5MiB / 30.66GiB,1.09%,0B / 0B,0B / 11.6MB,37
2026-07-29 20:10:05,nav2,14.40%,132.1MiB / 30.66GiB,0.42%,0B / 0B,0B / 1.16MB,92
2026-07-29 20:10:08,docker-recorder-run-52afa11fc607,43.47%,396.9MiB / 30.66GiB,1.26%,0B / 0B,4.1kB / 10.8GB,19
2026-07-29 20:10:08,ouster,9.88%,118.5MiB / 30.66GiB,0.38%,0B / 0B,0B / 2.85MB,30
2026-07-29 20:10:08,openzen,5.75%,32.28MiB / 30.66GiB,0.10%,0B / 0B,0B / 2.15MB,20
2026-07-29 20:10:08,scovox,71.59%,312.6MiB / 30.66GiB,1.00%,0B / 0B,0B / 3.59MB,53
2026-07-29 20:10:08,mapir-ffmpeg,142.70%,870MiB / 30.66GiB,2.77%,0B / 0B,0B / 1.29MB,62
2026-07-29 20:10:08,realsense,50.41%,99.48MiB / 30.66GiB,0.32%,0B / 0B,4.1kB / 3.43MB,48
2026-07-29 20:10:08,trav_ros2,116.97%,397MiB / 30.66GiB,1.26%,0B / 0B,0B / 1.61MB,44
2026-07-29 20:10:08,glim,64.56%,345.8MiB / 30.66GiB,1.10%,0B / 0B,0B / 11.6MB,37
2026-07-29 20:10:08,nav2,13.79%,131.9MiB / 30.66GiB,0.42%,0B / 0B,0B / 1.16MB,92
2026-07-29 20:10:11,docker-recorder-run-52afa11fc607,31.54%,413.2MiB / 30.66GiB,1.32%,0B / 0B,4.1kB / 10.8GB,19
2026-07-29 20:10:11,ouster,10.60%,118.2MiB / 30.66GiB,0.38%,0B / 0B,0B / 2.85MB,30
2026-07-29 20:10:11,openzen,6.24%,32.28MiB / 30.66GiB,0.10%,0B / 0B,0B / 2.15MB,20
2026-07-29 20:10:11,scovox,100.50%,271MiB / 30.66GiB,0.86%,0B / 0B,0B / 3.59MB,53
2026-07-29 20:10:11,mapir-ffmpeg,161.28%,875.1MiB / 30.66GiB,2.79%,0B / 0B,0B / 1.29MB,62
2026-07-29 20:10:11,realsense,56.94%,99.17MiB / 30.66GiB,0.32%,0B / 0B,4.1kB / 3.43MB,48
2026-07-29 20:10:11,trav_ros2,114.32%,403.2MiB / 30.66GiB,1.28%,0B / 0B,0B / 1.61MB,44
2026-07-29 20:10:11,glim,76.36%,349.4MiB / 30.66GiB,1.11%,0B / 0B,0B / 11.6MB,37
2026-07-29 20:10:11,nav2,13.53%,132.1MiB / 30.66GiB,0.42%,0B / 0B,0B / 1.16MB,92
2026-07-29 20:10:14,docker-recorder-run-52afa11fc607,31.03%,424.9MiB / 30.66GiB,1.35%,0B / 0B,4.1kB / 10.8GB,19
2026-07-29 20:10:14,ouster,8.63%,118.4MiB / 30.66GiB,0.38%,0B / 0B,0B / 2.85MB,30
2026-07-29 20:10:14,openzen,5.80%,32.33MiB / 30.66GiB,0.10%,0B / 0B,0B / 2.15MB,20
2026-07-29 20:10:14,scovox,68.49%,299.8MiB / 30.66GiB,0.95%,0B / 0B,0B / 3.59MB,53
2026-07-29 20:10:14,mapir-ffmpeg,147.52%,870.3MiB / 30.66GiB,2.77%,0B / 0B,0B / 1.29MB,62
2026-07-29 20:10:14,realsense,65.11%,98.55MiB / 30.66GiB,0.31%,0B / 0B,4.1kB / 3.43MB,48
2026-07-29 20:10:14,trav_ros2,116.54%,407.1MiB / 30.66GiB,1.30%,0B / 0B,0B / 1.63MB,44
2026-07-29 20:10:14,glim,66.62%,352.8MiB / 30.66GiB,1.12%,0B / 0B,0B / 11.6MB,37
2026-07-29 20:10:14,nav2,12.98%,131.9MiB / 30.66GiB,0.42%,0B / 0B,0B / 1.16MB,92
2026-07-29 20:10:17,docker-recorder-run-52afa11fc607,36.08%,429.2MiB / 30.66GiB,1.37%,0B / 0B,4.1kB / 10.8GB,19
2026-07-29 20:10:17,ouster,12.03%,118.5MiB / 30.66GiB,0.38%,0B / 0B,0B / 2.85MB,30
2026-07-29 20:10:17,openzen,5.53%,32.33MiB / 30.66GiB,0.10%,0B / 0B,0B / 2.15MB,20
2026-07-29 20:10:17,scovox,97.68%,256MiB / 30.66GiB,0.82%,0B / 0B,0B / 3.59MB,53
2026-07-29 20:10:17,mapir-ffmpeg,139.03%,867.6MiB / 30.66GiB,2.76%,0B / 0B,0B / 1.29MB,62
2026-07-29 20:10:17,realsense,49.24%,104.4MiB / 30.66GiB,0.33%,0B / 0B,4.1kB / 3.56MB,48
2026-07-29 20:10:17,trav_ros2,110.55%,405.6MiB / 30.66GiB,1.29%,0B / 0B,0B / 1.63MB,44
2026-07-29 20:10:17,glim,70.05%,352.1MiB / 30.66GiB,1.12%,0B / 0B,0B / 11.6MB,37
2026-07-29 20:10:17,nav2,13.47%,132.4MiB / 30.66GiB,0.42%,0B / 0B,0B / 1.16MB,92
2026-07-29 20:10:21,docker-recorder-run-52afa11fc607,36.81%,431.1MiB / 30.66GiB,1.37%,0B / 0B,4.1kB / 11GB,19
2026-07-29 20:10:21,ouster,12.05%,119MiB / 30.66GiB,0.38%,0B / 0B,0B / 2.85MB,30
2026-07-29 20:10:21,openzen,7.04%,32.87MiB / 30.66GiB,0.10%,0B / 0B,0B / 2.15MB,20
2026-07-29 20:10:21,scovox,80.57%,302.6MiB / 30.66GiB,0.96%,0B / 0B,0B / 3.68MB,53
2026-07-29 20:10:21,mapir-ffmpeg,143.84%,869.7MiB / 30.66GiB,2.77%,0B / 0B,0B / 1.29MB,62
2026-07-29 20:10:21,realsense,53.58%,98.75MiB / 30.66GiB,0.31%,0B / 0B,4.1kB / 3.56MB,48
2026-07-29 20:10:21,trav_ros2,117.52%,399.3MiB / 30.66GiB,1.27%,0B / 0B,0B / 1.63MB,44
2026-07-29 20:10:21,glim,75.32%,360.4MiB / 30.66GiB,1.15%,0B / 0B,0B / 11.6MB,37
2026-07-29 20:10:21,nav2,14.38%,132.5MiB / 30.66GiB,0.42%,0B / 0B,0B / 1.16MB,92
2026-07-29 20:10:24,docker-recorder-run-52afa11fc607,34.95%,460.8MiB / 30.66GiB,1.47%,0B / 0B,4.1kB / 11.5GB,19
2026-07-29 20:10:24,ouster,10.98%,118.7MiB / 30.66GiB,0.38%,0B / 0B,0B / 2.85MB,30
2026-07-29 20:10:24,openzen,5.94%,32.57MiB / 30.66GiB,0.10%,0B / 0B,0B / 2.15MB,20
2026-07-29 20:10:24,scovox,80.94%,277.3MiB / 30.66GiB,0.88%,0B / 0B,0B / 3.68MB,53
2026-07-29 20:10:24,mapir-ffmpeg,142.86%,869.9MiB / 30.66GiB,2.77%,0B / 0B,0B / 1.31MB,62
2026-07-29 20:10:24,realsense,57.31%,99.15MiB / 30.66GiB,0.32%,0B / 0B,4.1kB / 3.56MB,48
2026-07-29 20:10:24,trav_ros2,114.77%,394MiB / 30.66GiB,1.25%,0B / 0B,0B / 1.63MB,44
2026-07-29 20:10:24,glim,80.17%,366.8MiB / 30.66GiB,1.17%,0B / 0B,0B / 11.6MB,37
2026-07-29 20:10:24,nav2,13.36%,132.5MiB / 30.66GiB,0.42%,0B / 0B,0B / 1.16MB,92
2026-07-29 20:10:27,docker-recorder-run-52afa11fc607,31.29%,472.1MiB / 30.66GiB,1.50%,0B / 0B,4.1kB / 11.7GB,19
2026-07-29 20:10:27,ouster,8.67%,118.5MiB / 30.66GiB,0.38%,0B / 0B,0B / 2.85MB,30
2026-07-29 20:10:27,openzen,5.30%,32.41MiB / 30.66GiB,0.10%,0B / 0B,0B / 2.15MB,20
2026-07-29 20:10:27,scovox,87.23%,319MiB / 30.66GiB,1.02%,0B / 0B,0B / 3.69MB,53
2026-07-29 20:10:27,mapir-ffmpeg,140.13%,872.5MiB / 30.66GiB,2.78%,0B / 0B,0B / 1.31MB,62
2026-07-29 20:10:27,realsense,68.56%,103.1MiB / 30.66GiB,0.33%,0B / 0B,4.1kB / 3.56MB,48
2026-07-29 20:10:27,trav_ros2,113.47%,402.7MiB / 30.66GiB,1.28%,0B / 0B,0B / 1.63MB,44
2026-07-29 20:10:27,glim,70.42%,360.3MiB / 30.66GiB,1.15%,0B / 0B,0B / 11.6MB,37
2026-07-29 20:10:27,nav2,13.17%,132.4MiB / 30.66GiB,0.42%,0B / 0B,0B / 1.16MB,92
2026-07-29 20:10:30,docker-recorder-run-52afa11fc607,28.34%,485MiB / 30.66GiB,1.54%,0B / 0B,4.1kB / 12.4GB,19
2026-07-29 20:10:30,ouster,9.18%,118.3MiB / 30.66GiB,0.38%,0B / 0B,0B / 2.85MB,30
2026-07-29 20:10:30,openzen,4.64%,32.05MiB / 30.66GiB,0.10%,0B / 0B,0B / 2.15MB,20
2026-07-29 20:10:30,scovox,73.36%,263.1MiB / 30.66GiB,0.84%,0B / 0B,0B / 3.69MB,53
2026-07-29 20:10:30,mapir-ffmpeg,159.14%,871.6MiB / 30.66GiB,2.78%,0B / 0B,0B / 1.31MB,62
2026-07-29 20:10:30,realsense,52.23%,99.29MiB / 30.66GiB,0.32%,0B / 0B,4.1kB / 3.56MB,48
2026-07-29 20:10:30,trav_ros2,116.02%,401.8MiB / 30.66GiB,1.28%,0B / 0B,0B / 1.63MB,44
2026-07-29 20:10:30,glim,73.64%,376.9MiB / 30.66GiB,1.20%,0B / 0B,0B / 11.6MB,37
2026-07-29 20:10:30,nav2,13.49%,131.5MiB / 30.66GiB,0.42%,0B / 0B,0B / 1.16MB,92
2026-07-29 20:10:33,docker-recorder-run-52afa11fc607,36.33%,489.4MiB / 30.66GiB,1.56%,0B / 0B,4.1kB / 12.9GB,19
2026-07-29 20:10:33,ouster,13.51%,117.8MiB / 30.66GiB,0.38%,0B / 0B,0B / 2.85MB,30
2026-07-29 20:10:33,openzen,5.16%,31.73MiB / 30.66GiB,0.10%,0B / 0B,0B / 2.15MB,20
2026-07-29 20:10:33,scovox,87.57%,219.4MiB / 30.66GiB,0.70%,0B / 0B,0B / 3.69MB,53
2026-07-29 20:10:33,mapir-ffmpeg,139.45%,871.5MiB / 30.66GiB,2.78%,0B / 0B,0B / 1.31MB,62
2026-07-29 20:10:33,realsense,49.94%,99.61MiB / 30.66GiB,0.32%,0B / 0B,4.1kB / 3.56MB,48
2026-07-29 20:10:33,trav_ros2,115.93%,401.2MiB / 30.66GiB,1.28%,0B / 0B,0B / 1.63MB,44
2026-07-29 20:10:33,glim,78.54%,385.6MiB / 30.66GiB,1.23%,0B / 0B,81.9kB / 11.6MB,37
2026-07-29 20:10:33,nav2,12.92%,130.7MiB / 30.66GiB,0.42%,0B / 0B,0B / 1.16MB,92
2026-07-29 20:10:36,docker-recorder-run-52afa11fc607,33.17%,509MiB / 30.66GiB,1.62%,0B / 0B,4.1kB / 15.6GB,19
2026-07-29 20:10:36,ouster,15.08%,117.9MiB / 30.66GiB,0.38%,0B / 0B,0B / 2.85MB,30
2026-07-29 20:10:36,openzen,5.58%,32.26MiB / 30.66GiB,0.10%,0B / 0B,0B / 2.15MB,20
2026-07-29 20:10:36,scovox,71.12%,305MiB / 30.66GiB,0.97%,0B / 0B,0B / 3.69MB,53
2026-07-29 20:10:36,mapir-ffmpeg,139.36%,871.9MiB / 30.66GiB,2.78%,0B / 0B,4.1kB / 1.31MB,62
2026-07-29 20:10:36,realsense,69.06%,104.2MiB / 30.66GiB,0.33%,0B / 0B,4.1kB / 3.56MB,48
2026-07-29 20:10:36,trav_ros2,114.91%,402.4MiB / 30.66GiB,1.28%,0B / 0B,0B / 1.63MB,44
2026-07-29 20:10:36,glim,72.08%,388.4MiB / 30.66GiB,1.24%,0B / 0B,81.9kB / 11.6MB,37
2026-07-29 20:10:36,nav2,14.65%,129.9MiB / 30.66GiB,0.41%,0B / 0B,0B / 1.16MB,92
2026-07-29 20:10:39,docker-recorder-run-52afa11fc607,33.92%,507.6MiB / 30.66GiB,1.62%,0B / 0B,4.1kB / 15.6GB,19
2026-07-29 20:10:39,ouster,8.76%,118.1MiB / 30.66GiB,0.38%,0B / 0B,0B / 2.85MB,30
2026-07-29 20:10:39,openzen,4.64%,31.79MiB / 30.66GiB,0.10%,0B / 0B,0B / 2.15MB,20
2026-07-29 20:10:39,scovox,95.89%,251MiB / 30.66GiB,0.80%,0B / 0B,0B / 3.69MB,53
2026-07-29 20:10:39,mapir-ffmpeg,145.42%,871.5MiB / 30.66GiB,2.78%,0B / 0B,4.1kB / 1.31MB,62
2026-07-29 20:10:39,realsense,48.06%,99.09MiB / 30.66GiB,0.32%,0B / 0B,4.1kB / 3.56MB,48
2026-07-29 20:10:39,trav_ros2,115.91%,401.9MiB / 30.66GiB,1.28%,0B / 0B,0B / 1.63MB,44
2026-07-29 20:10:39,glim,79.34%,388.7MiB / 30.66GiB,1.24%,0B / 0B,81.9kB / 11.6MB,37
2026-07-29 20:10:39,nav2,13.01%,129.3MiB / 30.66GiB,0.41%,0B / 0B,0B / 1.16MB,92
2026-07-29 20:10:42,docker-recorder-run-52afa11fc607,34.30%,521.5MiB / 30.66GiB,1.66%,0B / 0B,4.1kB / 15.6GB,19
2026-07-29 20:10:42,ouster,9.10%,118.1MiB / 30.66GiB,0.38%,0B / 0B,0B / 2.85MB,30
2026-07-29 20:10:42,openzen,4.51%,31.79MiB / 30.66GiB,0.10%,0B / 0B,0B / 2.15MB,20
2026-07-29 20:10:42,scovox,70.48%,295MiB / 30.66GiB,0.94%,0B / 0B,0B / 3.69MB,53
2026-07-29 20:10:42,mapir-ffmpeg,152.01%,871.5MiB / 30.66GiB,2.78%,0B / 0B,4.1kB / 1.31MB,62
2026-07-29 20:10:42,realsense,53.18%,99MiB / 30.66GiB,0.32%,0B / 0B,4.1kB / 3.56MB,48
2026-07-29 20:10:42,trav_ros2,112.15%,401.6MiB / 30.66GiB,1.28%,0B / 0B,0B / 1.63MB,44
2026-07-29 20:10:42,glim,74.67%,375.5MiB / 30.66GiB,1.20%,0B / 0B,81.9kB / 11.6MB,37
2026-07-29 20:10:42,nav2,12.87%,129.6MiB / 30.66GiB,0.41%,0B / 0B,0B / 1.16MB,92
2026-07-29 20:10:45,docker-recorder-run-52afa11fc607,39.72%,522.2MiB / 30.66GiB,1.66%,0B / 0B,4.1kB / 15.6GB,19
2026-07-29 20:10:45,ouster,16.14%,118MiB / 30.66GiB,0.38%,0B / 0B,0B / 2.85MB,30
2026-07-29 20:10:45,openzen,5.20%,31.84MiB / 30.66GiB,0.10%,0B / 0B,0B / 2.15MB,20
2026-07-29 20:10:45,scovox,69.74%,309.5MiB / 30.66GiB,0.99%,0B / 0B,0B / 3.69MB,53
2026-07-29 20:10:45,mapir-ffmpeg,140.61%,872.5MiB / 30.66GiB,2.78%,0B / 0B,4.1kB / 1.31MB,62
2026-07-29 20:10:45,realsense,65.92%,98.98MiB / 30.66GiB,0.32%,0B / 0B,4.1kB / 3.56MB,48
2026-07-29 20:10:45,trav_ros2,115.05%,402.6MiB / 30.66GiB,1.28%,0B / 0B,0B / 1.65MB,44
2026-07-29 20:10:45,glim,70.79%,375.4MiB / 30.66GiB,1.20%,0B / 0B,81.9kB / 11.6MB,37
2026-07-29 20:10:45,nav2,14.11%,129.5MiB / 30.66GiB,0.41%,0B / 0B,0B / 1.16MB,92
2026-07-29 20:10:48,docker-recorder-run-52afa11fc607,34.78%,542.5MiB / 30.66GiB,1.73%,0B / 0B,4.1kB / 15.6GB,19
2026-07-29 20:10:48,ouster,10.05%,118.6MiB / 30.66GiB,0.38%,0B / 0B,0B / 2.85MB,30
2026-07-29 20:10:48,openzen,4.47%,31.84MiB / 30.66GiB,0.10%,0B / 0B,0B / 2.15MB,20
2026-07-29 20:10:48,scovox,68.18%,315.7MiB / 30.66GiB,1.01%,0B / 0B,0B / 3.69MB,53
2026-07-29 20:10:48,mapir-ffmpeg,138.83%,871.9MiB / 30.66GiB,2.78%,0B / 0B,4.1kB / 1.31MB,62
2026-07-29 20:10:48,realsense,52.71%,99.67MiB / 30.66GiB,0.32%,0B / 0B,4.1kB / 3.69MB,48
2026-07-29 20:10:48,trav_ros2,118.40%,409MiB / 30.66GiB,1.30%,0B / 0B,0B / 1.65MB,44
2026-07-29 20:10:48,glim,84.85%,370.5MiB / 30.66GiB,1.18%,0B / 0B,81.9kB / 11.6MB,37
2026-07-29 20:10:48,nav2,12.65%,128.7MiB / 30.66GiB,0.41%,0B / 0B,0B / 1.16MB,92
2026-07-29 20:10:51,docker-recorder-run-52afa11fc607,35.37%,537.8MiB / 30.66GiB,1.71%,0B / 0B,4.1kB / 15.6GB,19
2026-07-29 20:10:51,ouster,18.54%,118MiB / 30.66GiB,0.38%,0B / 0B,0B / 2.85MB,30
2026-07-29 20:10:51,openzen,5.05%,32.1MiB / 30.66GiB,0.10%,0B / 0B,0B / 2.15MB,20
2026-07-29 20:10:51,scovox,95.50%,272.6MiB / 30.66GiB,0.87%,0B / 0B,0B / 3.77MB,53
2026-07-29 20:10:51,mapir-ffmpeg,151.18%,872.5MiB / 30.66GiB,2.78%,0B / 0B,4.1kB / 1.31MB,62
2026-07-29 20:10:51,realsense,55.30%,98.42MiB / 30.66GiB,0.31%,0B / 0B,4.1kB / 3.69MB,48
2026-07-29 20:10:51,trav_ros2,121.11%,405.7MiB / 30.66GiB,1.29%,0B / 0B,0B / 1.65MB,44
2026-07-29 20:10:51,glim,69.40%,370.1MiB / 30.66GiB,1.18%,0B / 0B,81.9kB / 11.6MB,37
2026-07-29 20:10:51,nav2,14.45%,129.8MiB / 30.66GiB,0.41%,0B / 0B,0B / 1.16MB,92
2026-07-29 20:10:54,docker-recorder-run-52afa11fc607,30.63%,551.8MiB / 30.66GiB,1.76%,0B / 0B,4.1kB / 16.2GB,19
2026-07-29 20:10:54,ouster,10.88%,117.9MiB / 30.66GiB,0.38%,0B / 0B,0B / 2.85MB,30
2026-07-29 20:10:54,openzen,4.56%,31.88MiB / 30.66GiB,0.10%,0B / 0B,0B / 2.15MB,20
2026-07-29 20:10:54,scovox,69.73%,305.2MiB / 30.66GiB,0.97%,0B / 0B,0B / 3.77MB,53
2026-07-29 20:10:54,mapir-ffmpeg,144.04%,871.7MiB / 30.66GiB,2.78%,0B / 0B,4.1kB / 1.31MB,62
2026-07-29 20:10:54,realsense,68.60%,97.84MiB / 30.66GiB,0.31%,0B / 0B,4.1kB / 3.69MB,48
2026-07-29 20:10:54,trav_ros2,112.66%,406MiB / 30.66GiB,1.29%,0B / 0B,0B / 1.65MB,44
2026-07-29 20:10:54,glim,79.99%,370.2MiB / 30.66GiB,1.18%,0B / 0B,81.9kB / 11.6MB,37
2026-07-29 20:10:54,nav2,13.52%,129.3MiB / 30.66GiB,0.41%,0B / 0B,0B / 1.16MB,92
2026-07-29 20:10:57,docker-recorder-run-52afa11fc607,29.54%,560MiB / 30.66GiB,1.78%,0B / 0B,4.1kB / 16.7GB,19
2026-07-29 20:10:57,ouster,8.97%,118.5MiB / 30.66GiB,0.38%,0B / 0B,0B / 2.85MB,30
2026-07-29 20:10:57,openzen,5.12%,31.88MiB / 30.66GiB,0.10%,0B / 0B,0B / 2.15MB,20
2026-07-29 20:10:57,scovox,91.20%,260.2MiB / 30.66GiB,0.83%,0B / 0B,0B / 3.77MB,53
2026-07-29 20:10:57,mapir-ffmpeg,160.60%,871.7MiB / 30.66GiB,2.78%,0B / 0B,4.1kB / 1.31MB,62
2026-07-29 20:10:57,realsense,50.24%,103.2MiB / 30.66GiB,0.33%,0B / 0B,4.1kB / 3.69MB,48
2026-07-29 20:10:57,trav_ros2,113.55%,400.7MiB / 30.66GiB,1.28%,0B / 0B,0B / 1.65MB,44
2026-07-29 20:10:57,glim,85.14%,374.3MiB / 30.66GiB,1.19%,0B / 0B,81.9kB / 11.6MB,37
2026-07-29 20:10:57,nav2,13.13%,129.5MiB / 30.66GiB,0.41%,0B / 0B,0B / 1.16MB,92
2026-07-29 20:11:01,docker-recorder-run-52afa11fc607,35.80%,563.9MiB / 30.66GiB,1.80%,0B / 0B,4.1kB / 17.2GB,19
2026-07-29 20:11:01,ouster,17.00%,118.2MiB / 30.66GiB,0.38%,0B / 0B,0B / 2.85MB,30
2026-07-29 20:11:01,openzen,5.03%,31.93MiB / 30.66GiB,0.10%,0B / 0B,0B / 2.15MB,20
2026-07-29 20:11:01,scovox,79.03%,304.7MiB / 30.66GiB,0.97%,0B / 0B,0B / 3.78MB,53
2026-07-29 20:11:01,mapir-ffmpeg,152.28%,872.8MiB / 30.66GiB,2.78%,0B / 0B,4.1kB / 1.31MB,62
2026-07-29 20:11:01,realsense,57.55%,104.2MiB / 30.66GiB,0.33%,0B / 0B,4.1kB / 3.69MB,48
2026-07-29 20:11:01,trav_ros2,121.72%,406.6MiB / 30.66GiB,1.29%,0B / 0B,0B / 1.65MB,44
2026-07-29 20:11:01,glim,79.27%,374.5MiB / 30.66GiB,1.19%,0B / 0B,81.9kB / 11.6MB,37
2026-07-29 20:11:01,nav2,14.63%,129.9MiB / 30.66GiB,0.41%,0B / 0B,0B / 1.16MB,92
2026-07-29 20:11:04,docker-recorder-run-52afa11fc607,33.17%,576.1MiB / 30.66GiB,1.83%,0B / 0B,4.1kB / 17.5GB,19
2026-07-29 20:11:04,ouster,11.82%,118.3MiB / 30.66GiB,0.38%,0B / 0B,0B / 2.85MB,30
2026-07-29 20:11:04,openzen,4.77%,31.93MiB / 30.66GiB,0.10%,0B / 0B,0B / 2.15MB,20
2026-07-29 20:11:04,scovox,85.75%,278.6MiB / 30.66GiB,0.89%,0B / 0B,0B / 3.78MB,53
2026-07-29 20:11:04,mapir-ffmpeg,145.94%,872.4MiB / 30.66GiB,2.78%,0B / 0B,4.1kB / 1.31MB,62
2026-07-29 20:11:04,realsense,56.06%,100.5MiB / 30.66GiB,0.32%,0B / 0B,4.1kB / 3.69MB,48
2026-07-29 20:11:04,trav_ros2,115.40%,402.5MiB / 30.66GiB,1.28%,0B / 0B,0B / 1.65MB,44
2026-07-29 20:11:04,glim,73.14%,376.1MiB / 30.66GiB,1.20%,0B / 0B,81.9kB / 11.6MB,37
2026-07-29 20:11:04,nav2,13.45%,130MiB / 30.66GiB,0.41%,0B / 0B,0B / 1.16MB,92
2026-07-29 20:11:07,docker-recorder-run-52afa11fc607,40.12%,571.6MiB / 30.66GiB,1.82%,0B / 0B,4.1kB / 18.1GB,19
2026-07-29 20:11:07,ouster,11.71%,119MiB / 30.66GiB,0.38%,0B / 0B,0B / 2.85MB,30
2026-07-29 20:11:07,openzen,4.54%,31.95MiB / 30.66GiB,0.10%,0B / 0B,0B / 2.15MB,20
2026-07-29 20:11:07,scovox,87.17%,281.3MiB / 30.66GiB,0.90%,0B / 0B,0B / 3.78MB,53
2026-07-29 20:11:07,mapir-ffmpeg,134.90%,874.7MiB / 30.66GiB,2.79%,0B / 0B,4.1kB / 1.32MB,62
2026-07-29 20:11:07,realsense,53.45%,97.89MiB / 30.66GiB,0.31%,0B / 0B,4.1kB / 3.69MB,48
2026-07-29 20:11:07,trav_ros2,115.15%,402.8MiB / 30.66GiB,1.28%,0B / 0B,0B / 1.65MB,44
2026-07-29 20:11:07,glim,82.71%,377.7MiB / 30.66GiB,1.20%,0B / 0B,81.9kB / 11.6MB,37
2026-07-29 20:11:07,nav2,13.22%,130.1MiB / 30.66GiB,0.41%,0B / 0B,0B / 1.16MB,92
2026-07-29 20:11:10,docker-recorder-run-52afa11fc607,30.16%,588.1MiB / 30.66GiB,1.87%,0B / 0B,4.1kB / 18.4GB,19
2026-07-29 20:11:10,ouster,9.22%,118.7MiB / 30.66GiB,0.38%,0B / 0B,0B / 2.85MB,30
2026-07-29 20:11:10,openzen,5.77%,32.23MiB / 30.66GiB,0.10%,0B / 0B,0B / 2.15MB,20
2026-07-29 20:11:10,scovox,76.14%,290.8MiB / 30.66GiB,0.93%,0B / 0B,0B / 3.78MB,53
2026-07-29 20:11:10,mapir-ffmpeg,138.48%,874.3MiB / 30.66GiB,2.78%,0B / 0B,4.1kB / 1.32MB,62
2026-07-29 20:11:10,realsense,60.30%,98.54MiB / 30.66GiB,0.31%,0B / 0B,4.1kB / 3.69MB,48
2026-07-29 20:11:10,trav_ros2,113.42%,403.4MiB / 30.66GiB,1.28%,0B / 0B,0B / 1.65MB,44
2026-07-29 20:11:10,glim,77.00%,381MiB / 30.66GiB,1.21%,0B / 0B,81.9kB / 11.6MB,37
2026-07-29 20:11:10,nav2,14.03%,130.3MiB / 30.66GiB,0.42%,0B / 0B,0B / 1.16MB,92
2026-07-29 20:11:13,docker-recorder-run-52afa11fc607,32.51%,600.1MiB / 30.66GiB,1.91%,0B / 0B,4.1kB / 20.9GB,19
2026-07-29 20:11:13,ouster,8.55%,118.1MiB / 30.66GiB,0.38%,0B / 0B,0B / 2.85MB,30
2026-07-29 20:11:13,openzen,5.34%,31.98MiB / 30.66GiB,0.10%,0B / 0B,0B / 2.15MB,20
2026-07-29 20:11:13,scovox,91.18%,233.8MiB / 30.66GiB,0.74%,0B / 0B,0B / 3.78MB,53
2026-07-29 20:11:13,mapir-ffmpeg,138.28%,874.4MiB / 30.66GiB,2.78%,0B / 0B,4.1kB / 1.32MB,62
2026-07-29 20:11:13,realsense,54.44%,98.46MiB / 30.66GiB,0.31%,0B / 0B,4.1kB / 3.69MB,48
2026-07-29 20:11:13,trav_ros2,111.25%,402.9MiB / 30.66GiB,1.28%,0B / 0B,0B / 1.65MB,44
2026-07-29 20:11:13,glim,81.15%,381.7MiB / 30.66GiB,1.22%,0B / 0B,81.9kB / 11.6MB,37
2026-07-29 20:11:13,nav2,14.02%,130.1MiB / 30.66GiB,0.41%,0B / 0B,0B / 1.16MB,92
2026-07-29 20:11:16,docker-recorder-run-52afa11fc607,32.65%,611.3MiB / 30.66GiB,1.95%,0B / 0B,8.19kB / 21.5GB,19
2026-07-29 20:11:16,ouster,10.11%,118.3MiB / 30.66GiB,0.38%,0B / 0B,0B / 2.85MB,30
2026-07-29 20:11:16,openzen,4.72%,32.26MiB / 30.66GiB,0.10%,0B / 0B,0B / 2.15MB,20
2026-07-29 20:11:16,scovox,72.94%,309.7MiB / 30.66GiB,0.99%,0B / 0B,0B / 3.78MB,53
2026-07-29 20:11:16,mapir-ffmpeg,142.41%,875MiB / 30.66GiB,2.79%,0B / 0B,4.1kB / 1.32MB,62
2026-07-29 20:11:16,realsense,50.05%,99.66MiB / 30.66GiB,0.32%,0B / 0B,4.1kB / 3.69MB,48
2026-07-29 20:11:16,trav_ros2,113.09%,402.7MiB / 30.66GiB,1.28%,0B / 0B,0B / 1.67MB,44
2026-07-29 20:11:16,glim,74.61%,382.9MiB / 30.66GiB,1.22%,0B / 0B,81.9kB / 11.6MB,37
2026-07-29 20:11:16,nav2,14.14%,130.6MiB / 30.66GiB,0.42%,0B / 0B,0B / 1.16MB,92
2026-07-29 20:11:19,docker-recorder-run-52afa11fc607,31.81%,611.4MiB / 30.66GiB,1.95%,0B / 0B,8.19kB / 21.5GB,19
2026-07-29 20:11:19,ouster,16.86%,118.4MiB / 30.66GiB,0.38%,0B / 0B,0B / 2.85MB,30
2026-07-29 20:11:19,openzen,4.51%,32.03MiB / 30.66GiB,0.10%,0B / 0B,0B / 2.15MB,20
2026-07-29 20:11:19,scovox,72.51%,294.1MiB / 30.66GiB,0.94%,0B / 0B,0B / 3.78MB,53
2026-07-29 20:11:19,mapir-ffmpeg,135.90%,874.5MiB / 30.66GiB,2.79%,0B / 0B,4.1kB / 1.32MB,62
2026-07-29 20:11:19,realsense,58.22%,106.4MiB / 30.66GiB,0.34%,0B / 0B,4.1kB / 3.82MB,48
2026-07-29 20:11:19,trav_ros2,110.85%,407MiB / 30.66GiB,1.30%,0B / 0B,0B / 1.67MB,44
2026-07-29 20:11:19,glim,71.56%,380MiB / 30.66GiB,1.21%,0B / 0B,81.9kB / 11.6MB,37
2026-07-29 20:11:19,nav2,13.84%,130.2MiB / 30.66GiB,0.41%,0B / 0B,0B / 1.16MB,92
2026-07-29 20:11:22,docker-recorder-run-52afa11fc607,35.50%,627.7MiB / 30.66GiB,2.00%,0B / 0B,8.19kB / 21.5GB,19
2026-07-29 20:11:22,ouster,9.98%,118.2MiB / 30.66GiB,0.38%,0B / 0B,0B / 2.85MB,30
2026-07-29 20:11:22,openzen,4.87%,32.03MiB / 30.66GiB,0.10%,0B / 0B,0B / 2.15MB,20
2026-07-29 20:11:22,scovox,66.66%,296.9MiB / 30.66GiB,0.95%,0B / 0B,0B / 3.78MB,53
2026-07-29 20:11:22,mapir-ffmpeg,133.51%,881.9MiB / 30.66GiB,2.81%,0B / 0B,4.1kB / 1.32MB,62
2026-07-29 20:11:22,realsense,56.45%,101.2MiB / 30.66GiB,0.32%,0B / 0B,4.1kB / 3.82MB,48
2026-07-29 20:11:22,trav_ros2,114.67%,406.8MiB / 30.66GiB,1.30%,0B / 0B,0B / 1.67MB,44
2026-07-29 20:11:22,glim,66.81%,383.7MiB / 30.66GiB,1.22%,0B / 0B,81.9kB / 11.6MB,37
2026-07-29 20:11:22,nav2,13.09%,130.4MiB / 30.66GiB,0.42%,0B / 0B,0B / 1.16MB,92
2026-07-29 20:11:25,docker-recorder-run-52afa11fc607,34.80%,636.4MiB / 30.66GiB,2.03%,0B / 0B,8.19kB / 21.5GB,19
2026-07-29 20:11:25,ouster,11.85%,118.4MiB / 30.66GiB,0.38%,0B / 0B,0B / 2.85MB,30
2026-07-29 20:11:25,openzen,5.83%,32.08MiB / 30.66GiB,0.10%,0B / 0B,0B / 2.15MB,20
2026-07-29 20:11:25,scovox,98.59%,254.2MiB / 30.66GiB,0.81%,0B / 0B,0B / 3.78MB,53
2026-07-29 20:11:25,mapir-ffmpeg,144.59%,870.5MiB / 30.66GiB,2.77%,0B / 0B,4.1kB / 1.32MB,62
2026-07-29 20:11:25,realsense,64.48%,101.1MiB / 30.66GiB,0.32%,0B / 0B,4.1kB / 3.82MB,48
2026-07-29 20:11:25,trav_ros2,111.01%,403.5MiB / 30.66GiB,1.28%,0B / 0B,0B / 1.67MB,44
2026-07-29 20:11:25,glim,70.28%,384.6MiB / 30.66GiB,1.22%,0B / 0B,81.9kB / 11.6MB,37
2026-07-29 20:11:25,nav2,13.72%,130.2MiB / 30.66GiB,0.41%,0B / 0B,0B / 1.16MB,92
2026-07-29 20:11:28,docker-recorder-run-52afa11fc607,36.00%,647.9MiB / 30.66GiB,2.06%,0B / 0B,8.19kB / 21.5GB,19
2026-07-29 20:11:28,ouster,9.31%,118.2MiB / 30.66GiB,0.38%,0B / 0B,0B / 2.85MB,30
2026-07-29 20:11:28,openzen,4.77%,32.08MiB / 30.66GiB,0.10%,0B / 0B,0B / 2.15MB,20
2026-07-29 20:11:28,scovox,72.16%,317.7MiB / 30.66GiB,1.01%,0B / 0B,0B / 3.87MB,53
2026-07-29 20:11:28,mapir-ffmpeg,135.83%,872.4MiB / 30.66GiB,2.78%,0B / 0B,4.1kB / 1.32MB,62
2026-07-29 20:11:28,realsense,49.44%,100.6MiB / 30.66GiB,0.32%,0B / 0B,4.1kB / 3.82MB,48
2026-07-29 20:11:28,trav_ros2,114.48%,400.9MiB / 30.66GiB,1.28%,0B / 0B,0B / 1.67MB,44
2026-07-29 20:11:28,glim,70.91%,380.4MiB / 30.66GiB,1.21%,0B / 0B,81.9kB / 11.6MB,37
2026-07-29 20:11:28,nav2,13.57%,130.4MiB / 30.66GiB,0.42%,0B / 0B,0B / 1.16MB,92
2026-07-29 20:11:31,docker-recorder-run-52afa11fc607,30.50%,662.3MiB / 30.66GiB,2.11%,0B / 0B,8.19kB / 21.8GB,19
2026-07-29 20:11:31,ouster,10.38%,119MiB / 30.66GiB,0.38%,0B / 0B,0B / 2.85MB,30
2026-07-29 20:11:31,openzen,5.38%,32.35MiB / 30.66GiB,0.10%,0B / 0B,0B / 2.15MB,20
2026-07-29 20:11:31,scovox,95.62%,275.6MiB / 30.66GiB,0.88%,0B / 0B,0B / 3.87MB,53
2026-07-29 20:11:31,mapir-ffmpeg,141.52%,882MiB / 30.66GiB,2.81%,0B / 0B,4.1kB / 1.32MB,62
2026-07-29 20:11:31,realsense,66.01%,101.4MiB / 30.66GiB,0.32%,0B / 0B,4.1kB / 3.82MB,48
2026-07-29 20:11:31,trav_ros2,113.02%,399.9MiB / 30.66GiB,1.27%,0B / 0B,0B / 1.67MB,44
2026-07-29 20:11:31,glim,77.45%,382.4MiB / 30.66GiB,1.22%,0B / 0B,81.9kB / 11.6MB,37
2026-07-29 20:11:31,nav2,14.80%,131.3MiB / 30.66GiB,0.42%,0B / 0B,0B / 1.16MB,92
2026-07-29 20:11:34,docker-recorder-run-52afa11fc607,27.47%,668.4MiB / 30.66GiB,2.13%,0B / 0B,8.19kB / 22.1GB,19
2026-07-29 20:11:34,ouster,8.53%,118.9MiB / 30.66GiB,0.38%,0B / 0B,0B / 2.85MB,30
2026-07-29 20:11:34,openzen,4.89%,32.13MiB / 30.66GiB,0.10%,0B / 0B,0B / 2.15MB,20
2026-07-29 20:11:34,scovox,93.69%,258.2MiB / 30.66GiB,0.82%,0B / 0B,0B / 3.87MB,53
2026-07-29 20:11:34,mapir-ffmpeg,144.42%,872.1MiB / 30.66GiB,2.78%,0B / 0B,4.1kB / 1.32MB,62
2026-07-29 20:11:34,realsense,49.60%,100MiB / 30.66GiB,0.32%,0B / 0B,4.1kB / 3.82MB,48
2026-07-29 20:11:34,trav_ros2,113.43%,403MiB / 30.66GiB,1.28%,0B / 0B,0B / 1.67MB,44
2026-07-29 20:11:34,glim,76.93%,393.1MiB / 30.66GiB,1.25%,0B / 0B,81.9kB / 11.6MB,37
2026-07-29 20:11:34,nav2,13.86%,131.5MiB / 30.66GiB,0.42%,0B / 0B,0B / 1.16MB,92
2026-07-29 20:11:38,docker-recorder-run-52afa11fc607,33.24%,671.6MiB / 30.66GiB,2.14%,0B / 0B,8.19kB / 22.7GB,19
2026-07-29 20:11:38,ouster,12.78%,118.8MiB / 30.66GiB,0.38%,0B / 0B,0B / 2.85MB,30
2026-07-29 20:11:38,openzen,4.44%,32.13MiB / 30.66GiB,0.10%,0B / 0B,0B / 2.15MB,20
2026-07-29 20:11:38,scovox,86.93%,260.6MiB / 30.66GiB,0.83%,0B / 0B,0B / 3.88MB,53
2026-07-29 20:11:38,mapir-ffmpeg,148.30%,869.9MiB / 30.66GiB,2.77%,0B / 0B,4.1kB / 1.32MB,62
2026-07-29 20:11:38,realsense,57.27%,100.6MiB / 30.66GiB,0.32%,0B / 0B,4.1kB / 3.82MB,48
2026-07-29 20:11:38,trav_ros2,111.70%,407.8MiB / 30.66GiB,1.30%,0B / 0B,0B / 1.67MB,44
2026-07-29 20:11:38,glim,69.80%,402.9MiB / 30.66GiB,1.28%,0B / 0B,81.9kB / 11.6MB,37
2026-07-29 20:11:38,nav2,13.40%,130.8MiB / 30.66GiB,0.42%,0B / 0B,0B / 1.16MB,92
2026-07-29 20:11:41,docker-recorder-run-52afa11fc607,35.03%,662MiB / 30.66GiB,2.11%,0B / 0B,8.19kB / 23.3GB,19
2026-07-29 20:11:41,ouster,11.59%,118.7MiB / 30.66GiB,0.38%,0B / 0B,0B / 2.85MB,30
2026-07-29 20:11:41,openzen,5.41%,32.18MiB / 30.66GiB,0.10%,0B / 0B,0B / 2.15MB,20
2026-07-29 20:11:41,scovox,83.52%,303.1MiB / 30.66GiB,0.97%,0B / 0B,0B / 3.88MB,53
2026-07-29 20:11:41,mapir-ffmpeg,166.90%,870.3MiB / 30.66GiB,2.77%,0B / 0B,4.1kB / 1.32MB,62
2026-07-29 20:11:41,realsense,56.61%,100.8MiB / 30.66GiB,0.32%,0B / 0B,4.1kB / 3.82MB,48
2026-07-29 20:11:41,trav_ros2,118.57%,409.3MiB / 30.66GiB,1.30%,0B / 0B,0B / 1.67MB,44
2026-07-29 20:11:41,glim,67.19%,402.9MiB / 30.66GiB,1.28%,0B / 0B,81.9kB / 11.6MB,37
2026-07-29 20:11:41,nav2,15.17%,131.5MiB / 30.66GiB,0.42%,0B / 0B,0B / 1.16MB,92
2026-07-29 20:11:44,docker-recorder-run-52afa11fc607,30.40%,674.7MiB / 30.66GiB,2.15%,0B / 0B,8.19kB / 23.6GB,19
2026-07-29 20:11:44,ouster,23.21%,118.9MiB / 30.66GiB,0.38%,0B / 0B,0B / 2.85MB,30
2026-07-29 20:11:44,openzen,4.53%,32.18MiB / 30.66GiB,0.10%,0B / 0B,0B / 2.15MB,20
2026-07-29 20:11:44,scovox,79.43%,279MiB / 30.66GiB,0.89%,0B / 0B,0B / 3.88MB,53
2026-07-29 20:11:44,mapir-ffmpeg,162.68%,869.8MiB / 30.66GiB,2.77%,0B / 0B,4.1kB / 1.34MB,62
2026-07-29 20:11:44,realsense,64.56%,100.2MiB / 30.66GiB,0.32%,0B / 0B,4.1kB / 3.82MB,48
2026-07-29 20:11:44,trav_ros2,111.58%,399.7MiB / 30.66GiB,1.27%,0B / 0B,0B / 1.67MB,44
2026-07-29 20:11:44,glim,70.48%,403.2MiB / 30.66GiB,1.28%,0B / 0B,81.9kB / 11.6MB,37
2026-07-29 20:11:44,nav2,14.18%,130.8MiB / 30.66GiB,0.42%,0B / 0B,0B / 1.16MB,92
2026-07-29 20:11:47,docker-recorder-run-52afa11fc607,30.55%,671.4MiB / 30.66GiB,2.14%,0B / 0B,8.19kB / 26.2GB,19
2026-07-29 20:11:47,ouster,8.99%,119.3MiB / 30.66GiB,0.38%,0B / 0B,0B / 2.85MB,30
2026-07-29 20:11:47,openzen,4.38%,32.93MiB / 30.66GiB,0.10%,0B / 0B,0B / 2.15MB,20
2026-07-29 20:11:47,scovox,85.49%,234.8MiB / 30.66GiB,0.75%,0B / 0B,0B / 3.88MB,53
2026-07-29 20:11:47,mapir-ffmpeg,140.58%,874.8MiB / 30.66GiB,2.79%,0B / 0B,4.1kB / 1.34MB,62
2026-07-29 20:11:47,realsense,54.06%,99.94MiB / 30.66GiB,0.32%,0B / 0B,4.1kB / 3.82MB,48
2026-07-29 20:11:47,trav_ros2,109.74%,404.1MiB / 30.66GiB,1.29%,0B / 0B,0B / 1.69MB,44
2026-07-29 20:11:47,glim,85.71%,403.9MiB / 30.66GiB,1.29%,0B / 0B,81.9kB / 11.6MB,37
2026-07-29 20:11:47,nav2,13.78%,132.1MiB / 30.66GiB,0.42%,0B / 0B,0B / 1.16MB,92
2026-07-29 20:11:50,ouster,9.75%,118.7MiB / 30.66GiB,0.38%,0B / 0B,0B / 2.85MB,30
2026-07-29 20:11:50,openzen,4.11%,32.77MiB / 30.66GiB,0.10%,0B / 0B,0B / 2.15MB,20
2026-07-29 20:11:50,scovox,71.19%,307.5MiB / 30.66GiB,0.98%,0B / 0B,0B / 3.96MB,53
2026-07-29 20:11:50,mapir-ffmpeg,29.82%,874.5MiB / 30.66GiB,2.79%,0B / 0B,4.1kB / 1.34MB,62
2026-07-29 20:11:50,realsense,18.74%,100.6MiB / 30.66GiB,0.32%,0B / 0B,4.1kB / 3.95MB,48
2026-07-29 20:11:50,trav_ros2,84.97%,401.5MiB / 30.66GiB,1.28%,0B / 0B,0B / 1.7MB,44
2026-07-29 20:11:50,glim,66.69%,404.4MiB / 30.66GiB,1.29%,0B / 0B,81.9kB / 11.6MB,37
2026-07-29 20:11:50,nav2,13.34%,132.6MiB / 30.66GiB,0.42%,0B / 0B,0B / 1.16MB,92
2026-07-29 20:11:53,ouster,10.05%,118.8MiB / 30.66GiB,0.38%,0B / 0B,0B / 2.85MB,30
2026-07-29 20:11:53,openzen,4.20%,32.27MiB / 30.66GiB,0.10%,0B / 0B,0B / 2.15MB,20
2026-07-29 20:11:53,scovox,87.02%,252.8MiB / 30.66GiB,0.81%,0B / 0B,0B / 3.97MB,53
2026-07-29 20:11:53,trav_ros2,117.64%,424MiB / 30.66GiB,1.35%,0B / 0B,0B / 1.71MB,44
2026-07-29 20:11:53,glim,63.89%,389.7MiB / 30.66GiB,1.24%,0B / 0B,81.9kB / 11.6MB,37
2026-07-29 20:11:53,nav2,12.71%,132.3MiB / 30.66GiB,0.42%,0B / 0B,0B / 1.16MB,92
2026-07-29 20:11:56,ouster,11.67%,119.9MiB / 30.66GiB,0.38%,0B / 0B,0B / 2.85MB,30
2026-07-29 20:11:56,openzen,4.80%,32.54MiB / 30.66GiB,0.10%,0B / 0B,0B / 2.15MB,20
2026-07-29 20:11:56,scovox,64.40%,312.8MiB / 30.66GiB,1.00%,0B / 0B,0B / 3.97MB,53
2026-07-29 20:11:56,trav_ros2,114.07%,404.6MiB / 30.66GiB,1.29%,0B / 0B,0B / 1.71MB,44
2026-07-29 20:11:56,glim,81.36%,392.8MiB / 30.66GiB,1.25%,0B / 0B,81.9kB / 11.6MB,37
2026-07-29 20:11:56,nav2,15.15%,132.9MiB / 30.66GiB,0.42%,0B / 0B,0B / 1.16MB,92
2026-07-29 20:11:59,ouster,9.93%,119.4MiB / 30.66GiB,0.38%,0B / 0B,0B / 2.85MB,30
2026-07-29 20:11:59,openzen,3.76%,32.58MiB / 30.66GiB,0.10%,0B / 0B,0B / 2.15MB,20
2026-07-29 20:11:59,scovox,84.62%,255.1MiB / 30.66GiB,0.81%,0B / 0B,0B / 3.97MB,53
2026-07-29 20:11:59,trav_ros2,113.89%,409.4MiB / 30.66GiB,1.30%,0B / 0B,0B / 1.71MB,44
2026-07-29 20:11:59,glim,67.38%,406MiB / 30.66GiB,1.29%,0B / 0B,81.9kB / 11.6MB,37
2026-07-29 20:11:59,nav2,14.48%,133.8MiB / 30.66GiB,0.43%,0B / 0B,0B / 1.16MB,92
2026-07-29 20:13:14,trav_ros2,93.34%,60.29MiB / 30.66GiB,0.19%,0B / 0B,24.1MB / 0B,12
2026-07-29 20:13:14,nav2,98.53%,115.5MiB / 30.66GiB,0.37%,0B / 0B,35.8MB / 0B,90
2026-07-29 20:13:14,ouster,118.68%,60.03MiB / 30.66GiB,0.19%,0B / 0B,56.8MB / 111kB,6
2026-07-29 20:13:14,scovox,150.53%,42.4MiB / 30.66GiB,0.14%,0B / 0B,22.7MB / 41kB,5
2026-07-29 20:13:14,realsense,105.58%,41.49MiB / 30.66GiB,0.13%,0B / 0B,13.8MB / 36.9kB,5
2026-07-29 20:13:14,openzen,31.16%,30.49MiB / 30.66GiB,0.10%,0B / 0B,18.4MB / 49.2kB,20
2026-07-29 20:13:14,mapir-ffmpeg,115.79%,148.9MiB / 30.66GiB,0.47%,0B / 0B,44.2MB / 561kB,32
2026-07-29 20:13:14,glim,81.07%,62.05MiB / 30.66GiB,0.20%,0B / 0B,47MB / 98.3kB,21
2026-07-29 20:13:14,docker-recorder-run-55cb2554103c,323.25%,45.77MiB / 30.66GiB,0.15%,0B / 0B,14.5MB / 0B,12
2026-07-29 20:13:17,docker-recorder-run-55cb2554103c,7.40%,11.52MiB / 30.66GiB,0.04%,0B / 0B,25.1MB / 233kB,2
2026-07-29 20:13:17,ouster,6.53%,150.7MiB / 30.66GiB,0.48%,0B / 0B,72.3MB / 111kB,30
2026-07-29 20:13:17,scovox,4.49%,155.1MiB / 30.66GiB,0.49%,0B / 0B,34MB / 176kB,53
2026-07-29 20:13:17,trav_ros2,15.39%,260.1MiB / 30.66GiB,0.83%,0B / 0B,36.9MB / 98.3kB,44
2026-07-29 20:13:17,realsense,42.66%,108.5MiB / 30.66GiB,0.35%,0B / 0B,31.6MB / 184kB,33
2026-07-29 20:13:17,openzen,5.09%,31.09MiB / 30.66GiB,0.10%,0B / 0B,18.4MB / 49.2kB,20
2026-07-29 20:13:17,mapir-ffmpeg,28.16%,192.6MiB / 30.66GiB,0.61%,0B / 0B,44.2MB / 561kB,33
2026-07-29 20:13:17,nav2,2.12%,125.9MiB / 30.66GiB,0.40%,0B / 0B,35.8MB / 0B,90
2026-07-29 20:13:17,glim,41.04%,120.9MiB / 30.66GiB,0.38%,0B / 0B,47MB / 98.3kB,37
2026-07-29 20:13:20,docker-recorder-run-55cb2554103c,0.00%,10.77MiB / 30.66GiB,0.03%,0B / 0B,25.1MB / 233kB,2
2026-07-29 20:13:20,ouster,9.81%,151.2MiB / 30.66GiB,0.48%,0B / 0B,72.3MB / 111kB,30
2026-07-29 20:13:20,scovox,6.49%,136.1MiB / 30.66GiB,0.43%,0B / 0B,34MB / 176kB,53
2026-07-29 20:13:20,trav_ros2,112.75%,371.4MiB / 30.66GiB,1.18%,0B / 0B,36.9MB / 98.3kB,44
2026-07-29 20:13:20,realsense,38.98%,108MiB / 30.66GiB,0.34%,0B / 0B,31.6MB / 184kB,33
2026-07-29 20:13:20,openzen,5.22%,31.48MiB / 30.66GiB,0.10%,0B / 0B,18.4MB / 49.2kB,20
2026-07-29 20:13:20,mapir-ffmpeg,28.86%,192.4MiB / 30.66GiB,0.61%,0B / 0B,44.2MB / 561kB,33
2026-07-29 20:13:20,nav2,13.92%,137.7MiB / 30.66GiB,0.44%,0B / 0B,35.9MB / 0B,92
2026-07-29 20:13:20,glim,63.62%,223MiB / 30.66GiB,0.71%,0B / 0B,47MB / 98.3kB,37
2026-07-29 20:13:23,docker-recorder-run-55cb2554103c,0.00%,10.77MiB / 30.66GiB,0.03%,0B / 0B,25.1MB / 233kB,2
2026-07-29 20:13:23,ouster,8.13%,151.9MiB / 30.66GiB,0.48%,0B / 0B,72.3MB / 111kB,30
2026-07-29 20:13:23,scovox,65.52%,288.5MiB / 30.66GiB,0.92%,0B / 0B,34MB / 176kB,53
2026-07-29 20:13:23,trav_ros2,117.51%,406.5MiB / 30.66GiB,1.29%,0B / 0B,36.9MB / 98.3kB,44
2026-07-29 20:13:23,realsense,27.59%,107.6MiB / 30.66GiB,0.34%,0B / 0B,31.6MB / 184kB,33
2026-07-29 20:13:23,openzen,5.12%,31.52MiB / 30.66GiB,0.10%,0B / 0B,18.4MB / 49.2kB,20
2026-07-29 20:13:23,mapir-ffmpeg,29.35%,193.2MiB / 30.66GiB,0.62%,0B / 0B,44.2MB / 561kB,33
2026-07-29 20:13:23,nav2,14.31%,138.6MiB / 30.66GiB,0.44%,0B / 0B,35.9MB / 0B,92
2026-07-29 20:13:23,glim,80.44%,290.9MiB / 30.66GiB,0.93%,0B / 0B,47MB / 98.3kB,37
2026-07-29 20:13:26,docker-recorder-run-55cb2554103c,0.22%,10.79MiB / 30.66GiB,0.03%,0B / 0B,25.2MB / 233kB,1
2026-07-29 20:13:26,ouster,6.92%,150.8MiB / 30.66GiB,0.48%,0B / 0B,72.3MB / 111kB,30
2026-07-29 20:13:26,scovox,76.49%,257.4MiB / 30.66GiB,0.82%,0B / 0B,34MB / 176kB,53
2026-07-29 20:13:26,trav_ros2,110.44%,401.7MiB / 30.66GiB,1.28%,0B / 0B,36.9MB / 98.3kB,44
2026-07-29 20:13:26,realsense,42.08%,107.3MiB / 30.66GiB,0.34%,0B / 0B,31.6MB / 184kB,33
2026-07-29 20:13:26,openzen,5.23%,31.52MiB / 30.66GiB,0.10%,0B / 0B,18.4MB / 49.2kB,20
2026-07-29 20:13:26,mapir-ffmpeg,28.72%,192.5MiB / 30.66GiB,0.61%,0B / 0B,44.2MB / 561kB,33
2026-07-29 20:13:26,nav2,12.91%,138.6MiB / 30.66GiB,0.44%,0B / 0B,35.9MB / 0B,92
2026-07-29 20:13:26,glim,76.71%,293.3MiB / 30.66GiB,0.93%,0B / 0B,47MB / 98.3kB,37
2026-07-29 20:13:29,docker-recorder-run-55cb2554103c,0.00%,10.59MiB / 30.66GiB,0.03%,0B / 0B,25.2MB / 233kB,1
2026-07-29 20:13:29,ouster,16.31%,150.9MiB / 30.66GiB,0.48%,0B / 0B,72.3MB / 111kB,30
2026-07-29 20:13:29,scovox,70.07%,299.2MiB / 30.66GiB,0.95%,0B / 0B,34MB / 176kB,53
2026-07-29 20:13:29,trav_ros2,112.55%,403.3MiB / 30.66GiB,1.28%,0B / 0B,36.9MB / 98.3kB,44
2026-07-29 20:13:29,realsense,20.47%,108.1MiB / 30.66GiB,0.34%,0B / 0B,31.6MB / 184kB,33
2026-07-29 20:13:29,openzen,6.28%,31.53MiB / 30.66GiB,0.10%,0B / 0B,18.4MB / 49.2kB,20
2026-07-29 20:13:29,mapir-ffmpeg,29.82%,192.2MiB / 30.66GiB,0.61%,0B / 0B,44.2MB / 561kB,33
2026-07-29 20:13:29,nav2,13.67%,137.2MiB / 30.66GiB,0.44%,0B / 0B,35.9MB / 0B,92
2026-07-29 20:13:29,glim,77.28%,295.8MiB / 30.66GiB,0.94%,0B / 0B,47MB / 98.3kB,37
2026-07-29 20:13:32,docker-recorder-run-55cb2554103c,0.00%,10.59MiB / 30.66GiB,0.03%,0B / 0B,25.2MB / 233kB,1
2026-07-29 20:13:32,ouster,10.09%,151MiB / 30.66GiB,0.48%,0B / 0B,72.3MB / 111kB,30
2026-07-29 20:13:32,scovox,74.57%,259.7MiB / 30.66GiB,0.83%,0B / 0B,34MB / 176kB,53
2026-07-29 20:13:32,trav_ros2,110.06%,407.8MiB / 30.66GiB,1.30%,0B / 0B,36.9MB / 98.3kB,44
2026-07-29 20:13:32,realsense,26.47%,107.6MiB / 30.66GiB,0.34%,0B / 0B,31.6MB / 184kB,33
2026-07-29 20:13:32,openzen,5.14%,31.57MiB / 30.66GiB,0.10%,0B / 0B,18.4MB / 49.2kB,20
2026-07-29 20:13:32,mapir-ffmpeg,29.63%,192.3MiB / 30.66GiB,0.61%,0B / 0B,44.2MB / 561kB,33
2026-07-29 20:13:32,nav2,13.30%,138MiB / 30.66GiB,0.44%,0B / 0B,35.9MB / 0B,92
2026-07-29 20:13:32,glim,73.87%,298MiB / 30.66GiB,0.95%,0B / 0B,47MB / 98.3kB,37
2026-07-29 20:13:35,docker-recorder-run-55cb2554103c,37.57%,77.08MiB / 30.66GiB,0.25%,0B / 0B,26MB / 233kB,19
2026-07-29 20:13:35,ouster,11.71%,151MiB / 30.66GiB,0.48%,0B / 0B,72.3MB / 111kB,30
2026-07-29 20:13:35,scovox,88.17%,275.8MiB / 30.66GiB,0.88%,0B / 0B,34MB / 176kB,53
2026-07-29 20:13:35,trav_ros2,111.90%,405MiB / 30.66GiB,1.29%,0B / 0B,36.9MB / 98.3kB,44
2026-07-29 20:13:35,realsense,53.13%,116.6MiB / 30.66GiB,0.37%,0B / 0B,31.6MB / 184kB,48
2026-07-29 20:13:35,openzen,6.41%,31.8MiB / 30.66GiB,0.10%,0B / 0B,18.4MB / 49.2kB,20
2026-07-29 20:13:35,mapir-ffmpeg,161.86%,893.4MiB / 30.66GiB,2.85%,0B / 0B,44.3MB / 561kB,62
2026-07-29 20:13:35,nav2,13.12%,138.6MiB / 30.66GiB,0.44%,0B / 0B,35.9MB / 0B,92
2026-07-29 20:13:35,glim,67.23%,308.1MiB / 30.66GiB,0.98%,0B / 0B,47MB / 98.3kB,37
2026-07-29 20:13:38,docker-recorder-run-55cb2554103c,47.50%,81.93MiB / 30.66GiB,0.26%,0B / 0B,26MB / 60.4MB,19
2026-07-29 20:13:38,ouster,16.90%,151.4MiB / 30.66GiB,0.48%,0B / 0B,72.3MB / 111kB,30
2026-07-29 20:13:38,scovox,74.21%,292.7MiB / 30.66GiB,0.93%,0B / 0B,34MB / 176kB,53
2026-07-29 20:13:38,trav_ros2,114.84%,405.5MiB / 30.66GiB,1.29%,0B / 0B,36.9MB / 98.3kB,44
2026-07-29 20:13:38,realsense,50.35%,112.1MiB / 30.66GiB,0.36%,0B / 0B,31.6MB / 184kB,48
2026-07-29 20:13:38,openzen,6.20%,31.84MiB / 30.66GiB,0.10%,0B / 0B,18.4MB / 49.2kB,20
2026-07-29 20:13:38,mapir-ffmpeg,140.16%,898.8MiB / 30.66GiB,2.86%,0B / 0B,44.3MB / 561kB,62
2026-07-29 20:13:38,nav2,14.68%,139.3MiB / 30.66GiB,0.44%,0B / 0B,35.9MB / 0B,92
2026-07-29 20:13:38,glim,82.21%,330.5MiB / 30.66GiB,1.05%,0B / 0B,47MB / 98.3kB,37
2026-07-29 20:13:41,docker-recorder-run-55cb2554103c,47.86%,94.82MiB / 30.66GiB,0.30%,0B / 0B,26MB / 60.4MB,19
2026-07-29 20:13:41,ouster,9.08%,151.7MiB / 30.66GiB,0.48%,0B / 0B,72.3MB / 111kB,30
2026-07-29 20:13:41,scovox,96.42%,263.6MiB / 30.66GiB,0.84%,0B / 0B,34MB / 176kB,53
2026-07-29 20:13:41,trav_ros2,113.93%,405.5MiB / 30.66GiB,1.29%,0B / 0B,36.9MB / 98.3kB,44
2026-07-29 20:13:41,realsense,61.86%,111.7MiB / 30.66GiB,0.36%,0B / 0B,31.6MB / 184kB,48
2026-07-29 20:13:41,openzen,6.28%,31.88MiB / 30.66GiB,0.10%,0B / 0B,18.4MB / 49.2kB,20
2026-07-29 20:13:41,mapir-ffmpeg,140.82%,903.4MiB / 30.66GiB,2.88%,0B / 0B,44.3MB / 561kB,62
2026-07-29 20:13:41,nav2,14.41%,139MiB / 30.66GiB,0.44%,0B / 0B,35.9MB / 0B,92
2026-07-29 20:13:41,glim,69.31%,333.4MiB / 30.66GiB,1.06%,0B / 0B,47MB / 98.3kB,37
2026-07-29 20:13:44,docker-recorder-run-55cb2554103c,37.87%,115.1MiB / 30.66GiB,0.37%,0B / 0B,26MB / 111MB,19
2026-07-29 20:13:44,ouster,9.13%,151.2MiB / 30.66GiB,0.48%,0B / 0B,72.3MB / 1.38MB,30
2026-07-29 20:13:44,scovox,68.93%,305.5MiB / 30.66GiB,0.97%,0B / 0B,34MB / 963kB,53
2026-07-29 20:13:44,trav_ros2,113.32%,403.9MiB / 30.66GiB,1.29%,0B / 0B,36.9MB / 246kB,44
2026-07-29 20:13:44,realsense,51.27%,113.4MiB / 30.66GiB,0.36%,0B / 0B,31.6MB / 479kB,48
2026-07-29 20:13:44,openzen,6.47%,31.38MiB / 30.66GiB,0.10%,0B / 0B,18.4MB / 2.14MB,20
2026-07-29 20:13:44,mapir-ffmpeg,169.24%,879.3MiB / 30.66GiB,2.80%,0B / 0B,44.3MB / 909kB,62
2026-07-29 20:13:44,nav2,13.42%,139MiB / 30.66GiB,0.44%,0B / 0B,35.9MB / 1.13MB,92
2026-07-29 20:13:44,glim,83.32%,327.4MiB / 30.66GiB,1.04%,0B / 0B,47.6MB / 10.9MB,37
2026-07-29 20:13:48,docker-recorder-run-55cb2554103c,49.65%,118.7MiB / 30.66GiB,0.38%,0B / 0B,26MB / 111MB,19
2026-07-29 20:13:48,ouster,12.33%,151.3MiB / 30.66GiB,0.48%,0B / 0B,72.3MB / 1.38MB,30
2026-07-29 20:13:48,scovox,95.32%,272.4MiB / 30.66GiB,0.87%,0B / 0B,34MB / 963kB,53
2026-07-29 20:13:48,trav_ros2,117.01%,410.2MiB / 30.66GiB,1.31%,0B / 0B,36.9MB / 246kB,44
2026-07-29 20:13:48,realsense,64.19%,112.1MiB / 30.66GiB,0.36%,0B / 0B,31.6MB / 479kB,48
2026-07-29 20:13:48,openzen,6.16%,31.93MiB / 30.66GiB,0.10%,0B / 0B,18.4MB / 2.14MB,20
2026-07-29 20:13:48,mapir-ffmpeg,142.84%,871.9MiB / 30.66GiB,2.78%,0B / 0B,44.3MB / 909kB,62
2026-07-29 20:13:48,nav2,13.84%,139.8MiB / 30.66GiB,0.45%,0B / 0B,35.9MB / 1.13MB,92
2026-07-29 20:13:48,glim,64.40%,327.3MiB / 30.66GiB,1.04%,0B / 0B,47.6MB / 10.9MB,37
2026-07-29 20:13:51,docker-recorder-run-55cb2554103c,42.84%,138.3MiB / 30.66GiB,0.44%,0B / 0B,26.2MB / 161MB,19
2026-07-29 20:13:51,ouster,8.86%,151.8MiB / 30.66GiB,0.48%,0B / 0B,72.3MB / 2.84MB,30
2026-07-29 20:13:51,scovox,67.51%,290.2MiB / 30.66GiB,0.92%,0B / 0B,34MB / 3.4MB,53
2026-07-29 20:13:51,trav_ros2,113.70%,403.2MiB / 30.66GiB,1.28%,0B / 0B,36.9MB / 1.58MB,44
2026-07-29 20:13:51,realsense,52.94%,112.6MiB / 30.66GiB,0.36%,0B / 0B,31.6MB / 3.2MB,48
2026-07-29 20:13:51,openzen,7.11%,31.93MiB / 30.66GiB,0.10%,0B / 0B,18.4MB / 2.15MB,20
2026-07-29 20:13:51,mapir-ffmpeg,160.91%,876.5MiB / 30.66GiB,2.79%,0B / 0B,44.3MB / 1.27MB,62
2026-07-29 20:13:51,nav2,14.20%,139.7MiB / 30.66GiB,0.45%,0B / 0B,35.9MB / 1.16MB,92
2026-07-29 20:13:51,glim,77.07%,308.4MiB / 30.66GiB,0.98%,0B / 0B,47.6MB / 11.6MB,37
2026-07-29 20:13:54,docker-recorder-run-55cb2554103c,51.52%,149.8MiB / 30.66GiB,0.48%,0B / 0B,26.2MB / 614MB,19
2026-07-29 20:13:54,ouster,13.03%,151.4MiB / 30.66GiB,0.48%,0B / 0B,72.3MB / 2.85MB,30
2026-07-29 20:13:54,scovox,92.27%,255.3MiB / 30.66GiB,0.81%,0B / 0B,34MB / 3.49MB,53
2026-07-29 20:13:54,trav_ros2,112.82%,406.5MiB / 30.66GiB,1.29%,0B / 0B,36.9MB / 1.58MB,44
2026-07-29 20:13:54,realsense,49.48%,112MiB / 30.66GiB,0.36%,0B / 0B,31.6MB / 3.29MB,48
2026-07-29 20:13:54,openzen,6.43%,31.95MiB / 30.66GiB,0.10%,0B / 0B,18.4MB / 2.15MB,20
2026-07-29 20:13:54,mapir-ffmpeg,144.26%,870.3MiB / 30.66GiB,2.77%,0B / 0B,44.3MB / 1.28MB,62
2026-07-29 20:13:54,nav2,15.34%,129.8MiB / 30.66GiB,0.41%,0B / 0B,35.9MB / 1.16MB,92
2026-07-29 20:13:54,glim,80.47%,309.2MiB / 30.66GiB,0.98%,0B / 0B,47.6MB / 11.6MB,37
2026-07-29 20:13:57,docker-recorder-run-55cb2554103c,43.34%,171.6MiB / 30.66GiB,0.55%,0B / 0B,26.2MB / 1.06GB,19
2026-07-29 20:13:57,ouster,9.31%,151.9MiB / 30.66GiB,0.48%,0B / 0B,72.3MB / 2.85MB,30
2026-07-29 20:13:57,scovox,68.68%,310.8MiB / 30.66GiB,0.99%,0B / 0B,34MB / 3.49MB,53
2026-07-29 20:13:57,trav_ros2,115.78%,410.7MiB / 30.66GiB,1.31%,0B / 0B,36.9MB / 1.59MB,44
2026-07-29 20:13:57,realsense,56.69%,111.9MiB / 30.66GiB,0.36%,0B / 0B,31.6MB / 3.29MB,48
2026-07-29 20:13:57,openzen,6.18%,31.48MiB / 30.66GiB,0.10%,0B / 0B,18.4MB / 2.15MB,20
2026-07-29 20:13:57,mapir-ffmpeg,151.74%,871.8MiB / 30.66GiB,2.78%,0B / 0B,44.3MB / 1.28MB,62
2026-07-29 20:13:57,nav2,14.07%,129.5MiB / 30.66GiB,0.41%,0B / 0B,35.9MB / 1.16MB,92
2026-07-29 20:13:57,glim,83.12%,311.2MiB / 30.66GiB,0.99%,0B / 0B,47.6MB / 11.6MB,37
2026-07-29 20:14:00,docker-recorder-run-55cb2554103c,39.02%,167.5MiB / 30.66GiB,0.53%,0B / 0B,26.2MB / 1.58GB,19
2026-07-29 20:14:00,ouster,9.00%,117.7MiB / 30.66GiB,0.37%,0B / 0B,72.3MB / 2.85MB,30
2026-07-29 20:14:00,scovox,88.59%,272.3MiB / 30.66GiB,0.87%,0B / 0B,34MB / 3.49MB,53
2026-07-29 20:14:00,trav_ros2,113.16%,407.7MiB / 30.66GiB,1.30%,0B / 0B,36.9MB / 1.59MB,44
2026-07-29 20:14:00,realsense,51.66%,112.2MiB / 30.66GiB,0.36%,0B / 0B,31.6MB / 3.29MB,48
2026-07-29 20:14:00,openzen,6.29%,31.98MiB / 30.66GiB,0.10%,0B / 0B,18.4MB / 2.15MB,20
2026-07-29 20:14:00,mapir-ffmpeg,157.67%,879.5MiB / 30.66GiB,2.80%,0B / 0B,44.3MB / 1.28MB,62
2026-07-29 20:14:00,nav2,13.29%,129.8MiB / 30.66GiB,0.41%,0B / 0B,35.9MB / 1.16MB,92
2026-07-29 20:14:00,glim,68.04%,314.6MiB / 30.66GiB,1.00%,0B / 0B,47.6MB / 11.6MB,37
2026-07-29 20:14:03,docker-recorder-run-55cb2554103c,51.95%,180.5MiB / 30.66GiB,0.57%,0B / 0B,26.2MB / 2.01GB,19
2026-07-29 20:14:03,ouster,13.65%,118.1MiB / 30.66GiB,0.38%,0B / 0B,72.3MB / 2.85MB,30
2026-07-29 20:14:03,scovox,82.28%,312.8MiB / 30.66GiB,1.00%,0B / 0B,34MB / 3.49MB,53
2026-07-29 20:14:03,trav_ros2,122.11%,407.9MiB / 30.66GiB,1.30%,0B / 0B,36.9MB / 1.59MB,44
2026-07-29 20:14:03,realsense,54.35%,112.3MiB / 30.66GiB,0.36%,0B / 0B,31.6MB / 3.29MB,48
2026-07-29 20:14:03,openzen,6.33%,31.78MiB / 30.66GiB,0.10%,0B / 0B,18.4MB / 2.15MB,20
2026-07-29 20:14:03,mapir-ffmpeg,136.67%,874.7MiB / 30.66GiB,2.79%,0B / 0B,44.3MB / 1.28MB,62
2026-07-29 20:14:03,nav2,15.15%,130.3MiB / 30.66GiB,0.41%,0B / 0B,35.9MB / 1.16MB,92
2026-07-29 20:14:03,glim,68.21%,323.8MiB / 30.66GiB,1.03%,0B / 0B,47.6MB / 11.6MB,37
2026-07-29 20:14:06,docker-recorder-run-55cb2554103c,53.26%,190.6MiB / 30.66GiB,0.61%,0B / 0B,26.2MB / 4.73GB,19
2026-07-29 20:14:06,ouster,12.19%,117.9MiB / 30.66GiB,0.38%,0B / 0B,72.3MB / 2.85MB,30
2026-07-29 20:14:06,scovox,84.91%,256.7MiB / 30.66GiB,0.82%,0B / 0B,34MB / 3.49MB,53
2026-07-29 20:14:06,trav_ros2,114.48%,407.1MiB / 30.66GiB,1.30%,0B / 0B,36.9MB / 1.59MB,44
2026-07-29 20:14:06,realsense,51.30%,112.4MiB / 30.66GiB,0.36%,0B / 0B,31.6MB / 3.29MB,48
2026-07-29 20:14:06,openzen,6.35%,31.53MiB / 30.66GiB,0.10%,0B / 0B,18.4MB / 2.15MB,20
2026-07-29 20:14:06,mapir-ffmpeg,149.99%,874.3MiB / 30.66GiB,2.78%,0B / 0B,44.3MB / 1.28MB,62
2026-07-29 20:14:06,nav2,14.18%,130.1MiB / 30.66GiB,0.41%,0B / 0B,35.9MB / 1.16MB,92
2026-07-29 20:14:06,glim,71.78%,327.4MiB / 30.66GiB,1.04%,0B / 0B,47.6MB / 11.6MB,37
2026-07-29 20:14:09,docker-recorder-run-55cb2554103c,42.46%,227.1MiB / 30.66GiB,0.72%,0B / 0B,26.4MB / 4.73GB,19
2026-07-29 20:14:09,ouster,11.74%,118.3MiB / 30.66GiB,0.38%,0B / 0B,72.3MB / 2.85MB,30
2026-07-29 20:14:09,scovox,90.55%,256.6MiB / 30.66GiB,0.82%,0B / 0B,34MB / 3.49MB,53
2026-07-29 20:14:09,trav_ros2,115.94%,415.3MiB / 30.66GiB,1.32%,0B / 0B,36.9MB / 1.59MB,44
2026-07-29 20:14:09,realsense,55.26%,117.6MiB / 30.66GiB,0.37%,0B / 0B,31.6MB / 3.29MB,48
2026-07-29 20:14:09,openzen,6.67%,31.68MiB / 30.66GiB,0.10%,0B / 0B,18.4MB / 2.15MB,20
2026-07-29 20:14:09,mapir-ffmpeg,155.83%,869.5MiB / 30.66GiB,2.77%,0B / 0B,44.3MB / 1.28MB,62
2026-07-29 20:14:09,nav2,13.84%,130.6MiB / 30.66GiB,0.42%,0B / 0B,35.9MB / 1.16MB,92
2026-07-29 20:14:09,glim,74.21%,329.6MiB / 30.66GiB,1.05%,0B / 0B,47.6MB / 11.6MB,37
2026-07-29 20:14:12,docker-recorder-run-55cb2554103c,36.68%,239.5MiB / 30.66GiB,0.76%,0B / 0B,26.4MB / 4.73GB,19
2026-07-29 20:14:12,ouster,13.77%,117.8MiB / 30.66GiB,0.38%,0B / 0B,72.3MB / 2.85MB,30
2026-07-29 20:14:12,scovox,80.14%,299.1MiB / 30.66GiB,0.95%,0B / 0B,34MB / 3.49MB,53
2026-07-29 20:14:12,trav_ros2,116.35%,408.1MiB / 30.66GiB,1.30%,0B / 0B,36.9MB / 1.59MB,44
2026-07-29 20:14:12,realsense,63.52%,112MiB / 30.66GiB,0.36%,0B / 0B,31.6MB / 3.29MB,48
2026-07-29 20:14:12,openzen,6.35%,31.8MiB / 30.66GiB,0.10%,0B / 0B,18.4MB / 2.15MB,20
2026-07-29 20:14:12,mapir-ffmpeg,153.53%,874.3MiB / 30.66GiB,2.78%,0B / 0B,44.3MB / 1.28MB,62
2026-07-29 20:14:12,nav2,14.52%,130.3MiB / 30.66GiB,0.42%,0B / 0B,35.9MB / 1.16MB,92
2026-07-29 20:14:12,glim,70.60%,330.1MiB / 30.66GiB,1.05%,0B / 0B,47.6MB / 11.6MB,37
2026-07-29 20:14:15,docker-recorder-run-55cb2554103c,36.42%,250MiB / 30.66GiB,0.80%,0B / 0B,26.4MB / 4.73GB,19
2026-07-29 20:14:15,ouster,11.62%,117.3MiB / 30.66GiB,0.37%,0B / 0B,72.3MB / 2.85MB,30
2026-07-29 20:14:15,scovox,99.39%,273.2MiB / 30.66GiB,0.87%,0B / 0B,34MB / 3.49MB,53
2026-07-29 20:14:15,trav_ros2,115.66%,410.7MiB / 30.66GiB,1.31%,0B / 0B,36.9MB / 1.59MB,44
2026-07-29 20:14:15,realsense,59.26%,112.8MiB / 30.66GiB,0.36%,0B / 0B,31.6MB / 3.29MB,48
2026-07-29 20:14:15,openzen,5.99%,31.55MiB / 30.66GiB,0.10%,0B / 0B,18.4MB / 2.15MB,20
2026-07-29 20:14:15,mapir-ffmpeg,152.70%,872.1MiB / 30.66GiB,2.78%,0B / 0B,44.3MB / 1.28MB,62
2026-07-29 20:14:15,nav2,14.27%,130.4MiB / 30.66GiB,0.42%,0B / 0B,35.9MB / 1.16MB,92
2026-07-29 20:14:15,glim,66.92%,330.5MiB / 30.66GiB,1.05%,0B / 0B,47.6MB / 11.6MB,37
2026-07-29 20:14:18,docker-recorder-run-55cb2554103c,36.91%,270MiB / 30.66GiB,0.86%,0B / 0B,26.4MB / 4.73GB,19
2026-07-29 20:14:18,ouster,10.17%,118MiB / 30.66GiB,0.38%,0B / 0B,72.3MB / 2.85MB,30
2026-07-29 20:14:18,scovox,70.94%,286.6MiB / 30.66GiB,0.91%,0B / 0B,34MB / 3.49MB,53
2026-07-29 20:14:18,trav_ros2,118.75%,411.6MiB / 30.66GiB,1.31%,0B / 0B,36.9MB / 1.59MB,44
2026-07-29 20:14:18,realsense,50.57%,112.3MiB / 30.66GiB,0.36%,0B / 0B,31.6MB / 3.29MB,48
2026-07-29 20:14:18,openzen,6.20%,31.91MiB / 30.66GiB,0.10%,0B / 0B,18.4MB / 2.15MB,20
2026-07-29 20:14:18,mapir-ffmpeg,137.46%,872.1MiB / 30.66GiB,2.78%,0B / 0B,44.3MB / 1.28MB,62
2026-07-29 20:14:18,nav2,15.18%,131.3MiB / 30.66GiB,0.42%,0B / 0B,35.9MB / 1.16MB,92
2026-07-29 20:14:18,glim,70.21%,331.3MiB / 30.66GiB,1.06%,0B / 0B,47.6MB / 11.6MB,37
2026-07-29 20:14:21,docker-recorder-run-55cb2554103c,33.86%,283.4MiB / 30.66GiB,0.90%,0B / 0B,26.4MB / 4.92GB,19
2026-07-29 20:14:21,ouster,9.85%,118.1MiB / 30.66GiB,0.38%,0B / 0B,72.3MB / 2.85MB,30
2026-07-29 20:14:21,scovox,98.66%,256.8MiB / 30.66GiB,0.82%,0B / 0B,34MB / 3.49MB,53
2026-07-29 20:14:21,trav_ros2,121.55%,477.6MiB / 30.66GiB,1.52%,0B / 0B,36.9MB / 1.61MB,44
2026-07-29 20:14:21,realsense,56.97%,113MiB / 30.66GiB,0.36%,0B / 0B,31.6MB / 3.29MB,48
2026-07-29 20:14:21,openzen,5.65%,32.23MiB / 30.66GiB,0.10%,0B / 0B,18.4MB / 2.15MB,20
2026-07-29 20:14:21,mapir-ffmpeg,155.61%,870.1MiB / 30.66GiB,2.77%,0B / 0B,44.3MB / 1.28MB,62
2026-07-29 20:14:21,nav2,13.80%,130.7MiB / 30.66GiB,0.42%,0B / 0B,35.9MB / 1.16MB,92
2026-07-29 20:14:21,glim,65.15%,330.8MiB / 30.66GiB,1.05%,0B / 0B,47.6MB / 11.6MB,37
2026-07-29 20:14:25,docker-recorder-run-55cb2554103c,39.74%,291.6MiB / 30.66GiB,0.93%,0B / 0B,26.4MB / 5.17GB,19
2026-07-29 20:14:25,ouster,9.44%,118.1MiB / 30.66GiB,0.38%,0B / 0B,72.3MB / 2.85MB,30
2026-07-29 20:14:25,scovox,73.50%,305.4MiB / 30.66GiB,0.97%,0B / 0B,34MB / 3.58MB,53
2026-07-29 20:14:25,trav_ros2,115.78%,406.8MiB / 30.66GiB,1.30%,0B / 0B,36.9MB / 1.61MB,44
2026-07-29 20:14:25,realsense,52.89%,117.8MiB / 30.66GiB,0.38%,0B / 0B,31.6MB / 3.42MB,48
2026-07-29 20:14:25,openzen,6.64%,32.29MiB / 30.66GiB,0.10%,0B / 0B,18.4MB / 2.15MB,20
2026-07-29 20:14:25,mapir-ffmpeg,140.03%,872.3MiB / 30.66GiB,2.78%,0B / 0B,44.3MB / 1.28MB,62
2026-07-29 20:14:25,nav2,14.24%,131.2MiB / 30.66GiB,0.42%,0B / 0B,35.9MB / 1.16MB,92
2026-07-29 20:14:25,glim,79.15%,331.7MiB / 30.66GiB,1.06%,0B / 0B,47.6MB / 11.6MB,37
2026-07-29 20:14:28,docker-recorder-run-55cb2554103c,32.37%,306.6MiB / 30.66GiB,0.98%,0B / 0B,26.4MB / 5.79GB,19
2026-07-29 20:14:28,ouster,11.94%,117.9MiB / 30.66GiB,0.38%,0B / 0B,72.3MB / 2.85MB,30
2026-07-29 20:14:28,scovox,100.83%,273.8MiB / 30.66GiB,0.87%,0B / 0B,34MB / 3.58MB,53
2026-07-29 20:14:28,trav_ros2,113.69%,415.7MiB / 30.66GiB,1.32%,0B / 0B,36.9MB / 1.61MB,44
2026-07-29 20:14:28,realsense,52.66%,113.1MiB / 30.66GiB,0.36%,0B / 0B,31.6MB / 3.42MB,48
2026-07-29 20:14:28,openzen,6.36%,32.15MiB / 30.66GiB,0.10%,0B / 0B,18.4MB / 2.15MB,20
2026-07-29 20:14:28,mapir-ffmpeg,162.42%,874.7MiB / 30.66GiB,2.79%,0B / 0B,44.3MB / 1.29MB,62
2026-07-29 20:14:28,nav2,13.88%,130.9MiB / 30.66GiB,0.42%,0B / 0B,35.9MB / 1.16MB,92
2026-07-29 20:14:28,glim,70.69%,331.9MiB / 30.66GiB,1.06%,0B / 0B,47.6MB / 11.6MB,37
2026-07-29 20:14:31,docker-recorder-run-55cb2554103c,33.90%,299.9MiB / 30.66GiB,0.96%,0B / 0B,26.4MB / 6.29GB,19
2026-07-29 20:14:31,ouster,10.70%,118MiB / 30.66GiB,0.38%,0B / 0B,72.3MB / 2.85MB,30
2026-07-29 20:14:31,scovox,70.76%,293.4MiB / 30.66GiB,0.93%,0B / 0B,34MB / 3.58MB,53
2026-07-29 20:14:31,trav_ros2,114.81%,407.7MiB / 30.66GiB,1.30%,0B / 0B,36.9MB / 1.61MB,44
2026-07-29 20:14:31,realsense,54.53%,117.3MiB / 30.66GiB,0.37%,0B / 0B,31.6MB / 3.42MB,48
2026-07-29 20:14:31,openzen,5.85%,32.25MiB / 30.66GiB,0.10%,0B / 0B,18.4MB / 2.15MB,20
2026-07-29 20:14:31,mapir-ffmpeg,143.54%,877MiB / 30.66GiB,2.79%,0B / 0B,44.3MB / 1.29MB,62
2026-07-29 20:14:31,nav2,13.31%,130.7MiB / 30.66GiB,0.42%,0B / 0B,35.9MB / 1.16MB,92
2026-07-29 20:14:31,glim,73.40%,334.2MiB / 30.66GiB,1.06%,0B / 0B,47.6MB / 11.6MB,37
2026-07-29 20:14:34,docker-recorder-run-55cb2554103c,38.87%,319.2MiB / 30.66GiB,1.02%,0B / 0B,26.4MB / 6.74GB,19
2026-07-29 20:14:34,ouster,10.02%,118.1MiB / 30.66GiB,0.38%,0B / 0B,72.3MB / 2.85MB,30
2026-07-29 20:14:34,scovox,99.36%,258.1MiB / 30.66GiB,0.82%,0B / 0B,34MB / 3.58MB,53
2026-07-29 20:14:34,trav_ros2,115.25%,416.8MiB / 30.66GiB,1.33%,0B / 0B,36.9MB / 1.61MB,44
2026-07-29 20:14:34,realsense,66.10%,112.2MiB / 30.66GiB,0.36%,0B / 0B,31.6MB / 3.42MB,48
2026-07-29 20:14:34,openzen,7.01%,32.08MiB / 30.66GiB,0.10%,0B / 0B,18.4MB / 2.15MB,20
2026-07-29 20:14:34,mapir-ffmpeg,147.80%,873.1MiB / 30.66GiB,2.78%,0B / 0B,44.3MB / 1.29MB,62
2026-07-29 20:14:34,nav2,15.75%,131.3MiB / 30.66GiB,0.42%,0B / 0B,35.9MB / 1.16MB,92
2026-07-29 20:14:34,glim,79.74%,334.7MiB / 30.66GiB,1.07%,0B / 0B,47.6MB / 11.6MB,37
2026-07-29 20:14:37,docker-recorder-run-55cb2554103c,37.96%,340.5MiB / 30.66GiB,1.08%,0B / 0B,26.4MB / 7.26GB,19
2026-07-29 20:14:37,ouster,9.53%,118.4MiB / 30.66GiB,0.38%,0B / 0B,72.3MB / 2.85MB,30
2026-07-29 20:14:37,scovox,94.10%,273.8MiB / 30.66GiB,0.87%,0B / 0B,34MB / 3.58MB,53
2026-07-29 20:14:37,trav_ros2,112.85%,415MiB / 30.66GiB,1.32%,0B / 0B,36.9MB / 1.61MB,44
2026-07-29 20:14:37,realsense,55.34%,117.8MiB / 30.66GiB,0.38%,0B / 0B,31.6MB / 3.42MB,48
2026-07-29 20:14:37,openzen,6.06%,32.13MiB / 30.66GiB,0.10%,0B / 0B,18.4MB / 2.15MB,20
2026-07-29 20:14:37,mapir-ffmpeg,148.51%,874.7MiB / 30.66GiB,2.79%,0B / 0B,44.3MB / 1.29MB,62
2026-07-29 20:14:37,nav2,14.46%,131.5MiB / 30.66GiB,0.42%,0B / 0B,35.9MB / 1.16MB,92
2026-07-29 20:14:37,glim,65.86%,335.6MiB / 30.66GiB,1.07%,0B / 0B,47.6MB / 11.6MB,37
2026-07-29 20:14:40,docker-recorder-run-55cb2554103c,29.24%,348.7MiB / 30.66GiB,1.11%,0B / 0B,26.4MB / 7.54GB,19
2026-07-29 20:14:40,ouster,12.04%,118.2MiB / 30.66GiB,0.38%,0B / 0B,72.3MB / 2.85MB,30
2026-07-29 20:14:40,scovox,87.98%,274.2MiB / 30.66GiB,0.87%,0B / 0B,34MB / 3.58MB,53
2026-07-29 20:14:40,trav_ros2,119.09%,409.9MiB / 30.66GiB,1.31%,0B / 0B,36.9MB / 1.61MB,44
2026-07-29 20:14:40,realsense,49.62%,112.5MiB / 30.66GiB,0.36%,0B / 0B,31.6MB / 3.42MB,48
2026-07-29 20:14:40,openzen,5.87%,32.35MiB / 30.66GiB,0.10%,0B / 0B,18.4MB / 2.15MB,20
2026-07-29 20:14:40,mapir-ffmpeg,164.30%,879.4MiB / 30.66GiB,2.80%,0B / 0B,44.3MB / 1.29MB,62
2026-07-29 20:14:40,nav2,13.49%,131.5MiB / 30.66GiB,0.42%,0B / 0B,35.9MB / 1.16MB,92
2026-07-29 20:14:40,glim,72.19%,338.9MiB / 30.66GiB,1.08%,0B / 0B,47.6MB / 11.6MB,37
2026-07-29 20:14:43,docker-recorder-run-55cb2554103c,31.86%,353MiB / 30.66GiB,1.12%,0B / 0B,26.4MB / 8.13GB,19
2026-07-29 20:14:43,ouster,9.49%,118.8MiB / 30.66GiB,0.38%,0B / 0B,72.3MB / 2.85MB,30
2026-07-29 20:14:43,scovox,83.95%,268.2MiB / 30.66GiB,0.85%,0B / 0B,34MB / 3.58MB,53
2026-07-29 20:14:43,trav_ros2,111.76%,410.1MiB / 30.66GiB,1.31%,0B / 0B,36.9MB / 1.61MB,44
2026-07-29 20:14:43,realsense,47.64%,112.7MiB / 30.66GiB,0.36%,0B / 0B,31.6MB / 3.42MB,48
2026-07-29 20:14:43,openzen,6.17%,32.66MiB / 30.66GiB,0.10%,0B / 0B,18.4MB / 2.15MB,20
2026-07-29 20:14:43,mapir-ffmpeg,159.30%,870.6MiB / 30.66GiB,2.77%,0B / 0B,44.3MB / 1.29MB,62
2026-07-29 20:14:43,nav2,14.13%,131.5MiB / 30.66GiB,0.42%,0B / 0B,35.9MB / 1.16MB,92
2026-07-29 20:14:43,glim,66.96%,341.6MiB / 30.66GiB,1.09%,0B / 0B,47.6MB / 11.6MB,37
2026-07-29 20:14:46,docker-recorder-run-55cb2554103c,31.84%,359.4MiB / 30.66GiB,1.14%,0B / 0B,26.4MB / 10.7GB,19
2026-07-29 20:14:46,ouster,24.88%,118.3MiB / 30.66GiB,0.38%,0B / 0B,72.3MB / 2.85MB,30
2026-07-29 20:14:46,scovox,73.35%,284.4MiB / 30.66GiB,0.91%,0B / 0B,34MB / 3.58MB,53
2026-07-29 20:14:46,trav_ros2,115.01%,415.8MiB / 30.66GiB,1.32%,0B / 0B,36.9MB / 1.61MB,44
2026-07-29 20:14:46,realsense,49.44%,112.4MiB / 30.66GiB,0.36%,0B / 0B,31.6MB / 3.42MB,48
2026-07-29 20:14:46,openzen,6.24%,32.34MiB / 30.66GiB,0.10%,0B / 0B,18.4MB / 2.15MB,20
2026-07-29 20:14:46,mapir-ffmpeg,151.64%,874.8MiB / 30.66GiB,2.79%,0B / 0B,44.3MB / 1.29MB,62
2026-07-29 20:14:46,nav2,14.27%,131.8MiB / 30.66GiB,0.42%,0B / 0B,35.9MB / 1.16MB,92
2026-07-29 20:14:46,glim,69.42%,342.5MiB / 30.66GiB,1.09%,0B / 0B,47.6MB / 11.6MB,37
2026-07-29 20:14:49,docker-recorder-run-55cb2554103c,34.05%,374.6MiB / 30.66GiB,1.19%,0B / 0B,26.4MB / 10.7GB,19
2026-07-29 20:14:49,ouster,9.56%,117.9MiB / 30.66GiB,0.38%,0B / 0B,72.3MB / 2.85MB,30
2026-07-29 20:14:49,scovox,87.13%,257.8MiB / 30.66GiB,0.82%,0B / 0B,34MB / 3.58MB,53
2026-07-29 20:14:49,trav_ros2,117.14%,412.5MiB / 30.66GiB,1.31%,0B / 0B,36.9MB / 1.61MB,44
2026-07-29 20:14:49,realsense,56.73%,111.7MiB / 30.66GiB,0.36%,0B / 0B,31.6MB / 3.42MB,48
2026-07-29 20:14:49,openzen,6.00%,32.59MiB / 30.66GiB,0.10%,0B / 0B,18.4MB / 2.15MB,20
2026-07-29 20:14:49,mapir-ffmpeg,147.51%,878.2MiB / 30.66GiB,2.80%,0B / 0B,44.3MB / 1.29MB,62
2026-07-29 20:14:49,nav2,14.38%,133MiB / 30.66GiB,0.42%,0B / 0B,35.9MB / 1.16MB,92
2026-07-29 20:14:49,glim,85.76%,343MiB / 30.66GiB,1.09%,0B / 0B,47.6MB / 11.6MB,37
2026-07-29 20:14:52,docker-recorder-run-55cb2554103c,32.19%,382.9MiB / 30.66GiB,1.22%,0B / 0B,26.4MB / 10.7GB,19
2026-07-29 20:14:52,ouster,26.90%,118.4MiB / 30.66GiB,0.38%,0B / 0B,72.3MB / 2.85MB,30
2026-07-29 20:14:52,scovox,69.59%,302.4MiB / 30.66GiB,0.96%,0B / 0B,34MB / 3.58MB,53
2026-07-29 20:14:52,trav_ros2,117.63%,431.4MiB / 30.66GiB,1.37%,0B / 0B,36.9MB / 1.63MB,44
2026-07-29 20:14:52,realsense,48.72%,111.5MiB / 30.66GiB,0.35%,0B / 0B,31.6MB / 3.42MB,48
2026-07-29 20:14:52,openzen,6.44%,32.38MiB / 30.66GiB,0.10%,0B / 0B,18.4MB / 2.15MB,20
2026-07-29 20:14:52,mapir-ffmpeg,153.64%,870.4MiB / 30.66GiB,2.77%,0B / 0B,44.3MB / 1.29MB,62
2026-07-29 20:14:52,nav2,14.50%,131.6MiB / 30.66GiB,0.42%,0B / 0B,35.9MB / 1.16MB,92
2026-07-29 20:14:52,glim,64.07%,344.7MiB / 30.66GiB,1.10%,0B / 0B,47.6MB / 11.6MB,37
2026-07-29 20:14:55,docker-recorder-run-55cb2554103c,35.33%,401.7MiB / 30.66GiB,1.28%,0B / 0B,26.4MB / 10.7GB,19
2026-07-29 20:14:55,ouster,12.33%,118.2MiB / 30.66GiB,0.38%,0B / 0B,72.3MB / 2.85MB,30
2026-07-29 20:14:55,scovox,97.05%,274.4MiB / 30.66GiB,0.87%,0B / 0B,34MB / 3.67MB,53
2026-07-29 20:14:55,trav_ros2,111.92%,416.3MiB / 30.66GiB,1.33%,0B / 0B,36.9MB / 1.63MB,44
2026-07-29 20:14:55,realsense,61.46%,117.6MiB / 30.66GiB,0.37%,0B / 0B,31.6MB / 3.55MB,48
2026-07-29 20:14:55,openzen,6.61%,32.38MiB / 30.66GiB,0.10%,0B / 0B,18.4MB / 2.15MB,20
2026-07-29 20:14:55,mapir-ffmpeg,149.68%,872.9MiB / 30.66GiB,2.78%,0B / 0B,44.3MB / 1.29MB,62
2026-07-29 20:14:55,nav2,15.59%,131.6MiB / 30.66GiB,0.42%,0B / 0B,35.9MB / 1.16MB,92
2026-07-29 20:14:55,glim,64.77%,347.6MiB / 30.66GiB,1.11%,0B / 0B,47.6MB / 11.6MB,37
2026-07-29 20:14:58,docker-recorder-run-55cb2554103c,31.07%,411.2MiB / 30.66GiB,1.31%,0B / 0B,26.4MB / 10.7GB,19
2026-07-29 20:14:58,ouster,12.09%,118.2MiB / 30.66GiB,0.38%,0B / 0B,72.3MB / 2.85MB,30
2026-07-29 20:14:58,scovox,66.91%,292.6MiB / 30.66GiB,0.93%,0B / 0B,34MB / 3.67MB,53
2026-07-29 20:14:58,trav_ros2,113.84%,416.6MiB / 30.66GiB,1.33%,0B / 0B,36.9MB / 1.63MB,44
2026-07-29 20:14:58,realsense,50.84%,112.4MiB / 30.66GiB,0.36%,0B / 0B,31.6MB / 3.55MB,48
2026-07-29 20:14:58,openzen,6.30%,32.42MiB / 30.66GiB,0.10%,0B / 0B,18.4MB / 2.15MB,20
2026-07-29 20:14:58,mapir-ffmpeg,153.64%,870.1MiB / 30.66GiB,2.77%,0B / 0B,44.3MB / 1.29MB,62
2026-07-29 20:14:58,nav2,14.82%,131.8MiB / 30.66GiB,0.42%,0B / 0B,35.9MB / 1.16MB,92
2026-07-29 20:14:58,glim,73.46%,365.2MiB / 30.66GiB,1.16%,0B / 0B,47.6MB / 11.6MB,37
2026-07-29 20:15:02,docker-recorder-run-55cb2554103c,32.85%,422.1MiB / 30.66GiB,1.34%,0B / 0B,26.4MB / 11.1GB,19
2026-07-29 20:15:02,ouster,8.80%,118.1MiB / 30.66GiB,0.38%,0B / 0B,72.3MB / 2.85MB,30
2026-07-29 20:15:02,scovox,95.62%,258.2MiB / 30.66GiB,0.82%,0B / 0B,34MB / 3.68MB,53
2026-07-29 20:15:02,trav_ros2,110.91%,417.6MiB / 30.66GiB,1.33%,0B / 0B,36.9MB / 1.63MB,44
2026-07-29 20:15:02,realsense,67.20%,113.2MiB / 30.66GiB,0.36%,0B / 0B,31.6MB / 3.55MB,48
2026-07-29 20:15:02,openzen,5.73%,32.43MiB / 30.66GiB,0.10%,0B / 0B,18.4MB / 2.15MB,20
2026-07-29 20:15:02,mapir-ffmpeg,145.44%,875.1MiB / 30.66GiB,2.79%,0B / 0B,44.3MB / 1.31MB,62
2026-07-29 20:15:02,nav2,14.02%,132.1MiB / 30.66GiB,0.42%,0B / 0B,35.9MB / 1.16MB,92
2026-07-29 20:15:02,glim,69.86%,364.9MiB / 30.66GiB,1.16%,0B / 0B,47.6MB / 11.6MB,37
2026-07-29 20:15:05,docker-recorder-run-55cb2554103c,37.48%,436MiB / 30.66GiB,1.39%,0B / 0B,26.4MB / 11.5GB,19
2026-07-29 20:15:05,ouster,11.83%,117.9MiB / 30.66GiB,0.38%,0B / 0B,72.3MB / 2.85MB,30
2026-07-29 20:15:05,scovox,71.72%,311.4MiB / 30.66GiB,0.99%,0B / 0B,34MB / 3.68MB,53
2026-07-29 20:15:05,trav_ros2,117.50%,460.1MiB / 30.66GiB,1.47%,0B / 0B,36.9MB / 1.63MB,44
2026-07-29 20:15:05,realsense,52.92%,112.8MiB / 30.66GiB,0.36%,0B / 0B,31.6MB / 3.55MB,48
2026-07-29 20:15:05,openzen,6.20%,32.43MiB / 30.66GiB,0.10%,0B / 0B,18.4MB / 2.15MB,20
2026-07-29 20:15:05,mapir-ffmpeg,148.09%,875.2MiB / 30.66GiB,2.79%,0B / 0B,44.3MB / 1.31MB,62
2026-07-29 20:15:05,nav2,14.52%,131.9MiB / 30.66GiB,0.42%,0B / 0B,35.9MB / 1.16MB,92
2026-07-29 20:15:05,glim,81.89%,366.5MiB / 30.66GiB,1.17%,0B / 0B,47.6MB / 11.6MB,37
2026-07-29 20:15:08,docker-recorder-run-55cb2554103c,33.57%,446.2MiB / 30.66GiB,1.42%,0B / 0B,26.4MB / 12GB,19
2026-07-29 20:15:08,ouster,9.48%,117.5MiB / 30.66GiB,0.37%,0B / 0B,72.3MB / 2.85MB,30
2026-07-29 20:15:08,scovox,95.58%,275.1MiB / 30.66GiB,0.88%,0B / 0B,34MB / 3.68MB,53
2026-07-29 20:15:08,trav_ros2,112.66%,402MiB / 30.66GiB,1.28%,0B / 0B,36.9MB / 1.63MB,44
2026-07-29 20:15:08,realsense,50.10%,112.6MiB / 30.66GiB,0.36%,0B / 0B,31.6MB / 3.55MB,48
2026-07-29 20:15:08,openzen,5.61%,31.6MiB / 30.66GiB,0.10%,0B / 0B,18.4MB / 2.15MB,20
2026-07-29 20:15:08,mapir-ffmpeg,147.30%,867MiB / 30.66GiB,2.76%,0B / 0B,44.3MB / 1.31MB,62
2026-07-29 20:15:08,nav2,14.75%,132.3MiB / 30.66GiB,0.42%,0B / 0B,35.9MB / 1.16MB,92
2026-07-29 20:15:08,glim,80.71%,366.2MiB / 30.66GiB,1.17%,0B / 0B,47.6MB / 11.6MB,37
2026-07-29 20:15:11,docker-recorder-run-55cb2554103c,39.17%,450.4MiB / 30.66GiB,1.43%,0B / 0B,26.4MB / 12.5GB,19
2026-07-29 20:15:11,ouster,11.79%,117.6MiB / 30.66GiB,0.37%,0B / 0B,72.3MB / 2.85MB,30
2026-07-29 20:15:11,scovox,77.99%,313.9MiB / 30.66GiB,1.00%,0B / 0B,34MB / 3.68MB,53
2026-07-29 20:15:11,trav_ros2,114.67%,417MiB / 30.66GiB,1.33%,0B / 0B,36.9MB / 1.63MB,44
2026-07-29 20:15:11,realsense,56.77%,118.1MiB / 30.66GiB,0.38%,0B / 0B,31.6MB / 3.55MB,48
2026-07-29 20:15:11,openzen,5.49%,31.61MiB / 30.66GiB,0.10%,0B / 0B,18.4MB / 2.15MB,20
2026-07-29 20:15:11,mapir-ffmpeg,138.13%,874.1MiB / 30.66GiB,2.78%,0B / 0B,44.3MB / 1.31MB,62
2026-07-29 20:15:11,nav2,14.57%,131.3MiB / 30.66GiB,0.42%,0B / 0B,35.9MB / 1.16MB,92
2026-07-29 20:15:11,glim,72.14%,367.8MiB / 30.66GiB,1.17%,0B / 0B,47.6MB / 11.6MB,37
2026-07-29 20:15:14,docker-recorder-run-55cb2554103c,33.89%,468.1MiB / 30.66GiB,1.49%,0B / 0B,26.4MB / 12.9GB,19
2026-07-29 20:15:14,ouster,26.40%,117.9MiB / 30.66GiB,0.38%,0B / 0B,72.3MB / 2.85MB,30
2026-07-29 20:15:14,scovox,85.37%,259.2MiB / 30.66GiB,0.83%,0B / 0B,34MB / 3.68MB,53
2026-07-29 20:15:14,trav_ros2,114.63%,414.5MiB / 30.66GiB,1.32%,0B / 0B,36.9MB / 1.63MB,44
2026-07-29 20:15:14,realsense,68.01%,112.6MiB / 30.66GiB,0.36%,0B / 0B,31.6MB / 3.55MB,48
2026-07-29 20:15:14,openzen,6.39%,31.88MiB / 30.66GiB,0.10%,0B / 0B,18.4MB / 2.15MB,20
2026-07-29 20:15:14,mapir-ffmpeg,147.40%,872.2MiB / 30.66GiB,2.78%,0B / 0B,44.3MB / 1.31MB,62
2026-07-29 20:15:14,nav2,16.24%,131.6MiB / 30.66GiB,0.42%,0B / 0B,35.9MB / 1.16MB,92
2026-07-29 20:15:14,glim,73.64%,354.7MiB / 30.66GiB,1.13%,0B / 0B,47.6MB / 11.6MB,37
2026-07-29 20:15:17,docker-recorder-run-55cb2554103c,37.57%,479.3MiB / 30.66GiB,1.53%,0B / 0B,26.4MB / 13.5GB,19
2026-07-29 20:15:17,ouster,11.83%,117.6MiB / 30.66GiB,0.37%,0B / 0B,72.3MB / 2.85MB,30
2026-07-29 20:15:17,scovox,82.06%,275.5MiB / 30.66GiB,0.88%,0B / 0B,34MB / 3.68MB,53
2026-07-29 20:15:17,trav_ros2,119.53%,415.3MiB / 30.66GiB,1.32%,0B / 0B,36.9MB / 1.63MB,44
2026-07-29 20:15:17,realsense,59.73%,112.1MiB / 30.66GiB,0.36%,0B / 0B,31.6MB / 3.55MB,48
2026-07-29 20:15:17,openzen,6.03%,31.66MiB / 30.66GiB,0.10%,0B / 0B,18.4MB / 2.15MB,20
2026-07-29 20:15:17,mapir-ffmpeg,146.32%,867MiB / 30.66GiB,2.76%,0B / 0B,44.3MB / 1.31MB,62
2026-07-29 20:15:17,nav2,13.60%,129.3MiB / 30.66GiB,0.41%,0B / 0B,35.9MB / 1.16MB,92
2026-07-29 20:15:17,glim,68.03%,354.6MiB / 30.66GiB,1.13%,0B / 0B,47.6MB / 11.6MB,37
2026-07-29 20:15:20,docker-recorder-run-55cb2554103c,40.39%,489MiB / 30.66GiB,1.56%,0B / 0B,26.4MB / 16.1GB,19
2026-07-29 20:15:20,ouster,10.74%,117.6MiB / 30.66GiB,0.37%,0B / 0B,72.3MB / 2.85MB,30
2026-07-29 20:15:20,scovox,75.20%,275.4MiB / 30.66GiB,0.88%,0B / 0B,34MB / 3.68MB,53
2026-07-29 20:15:20,trav_ros2,118.93%,419.3MiB / 30.66GiB,1.34%,0B / 0B,36.9MB / 1.63MB,44
2026-07-29 20:15:20,realsense,60.44%,112MiB / 30.66GiB,0.36%,0B / 0B,31.6MB / 3.55MB,48
2026-07-29 20:15:20,openzen,5.75%,31.66MiB / 30.66GiB,0.10%,0B / 0B,18.4MB / 2.15MB,20
2026-07-29 20:15:20,mapir-ffmpeg,153.21%,874.7MiB / 30.66GiB,2.79%,0B / 0B,44.3MB / 1.31MB,62
2026-07-29 20:15:20,nav2,13.84%,129MiB / 30.66GiB,0.41%,0B / 0B,35.9MB / 1.16MB,92
2026-07-29 20:15:20,glim,77.55%,371.4MiB / 30.66GiB,1.18%,0B / 0B,47.6MB / 11.6MB,37
2026-07-29 20:15:23,docker-recorder-run-55cb2554103c,34.18%,489.5MiB / 30.66GiB,1.56%,0B / 0B,26.4MB / 16.1GB,19
2026-07-29 20:15:23,ouster,10.92%,117.8MiB / 30.66GiB,0.38%,0B / 0B,72.3MB / 2.85MB,30
2026-07-29 20:15:23,scovox,95.50%,273.2MiB / 30.66GiB,0.87%,0B / 0B,34MB / 3.68MB,53
2026-07-29 20:15:23,trav_ros2,121.18%,414.9MiB / 30.66GiB,1.32%,0B / 0B,36.9MB / 1.65MB,44
2026-07-29 20:15:23,realsense,62.22%,112.5MiB / 30.66GiB,0.36%,0B / 0B,31.6MB / 3.55MB,48
2026-07-29 20:15:23,openzen,6.09%,31.95MiB / 30.66GiB,0.10%,0B / 0B,18.4MB / 2.15MB,20
2026-07-29 20:15:23,mapir-ffmpeg,147.93%,867.6MiB / 30.66GiB,2.76%,0B / 0B,44.3MB / 1.31MB,62
2026-07-29 20:15:23,nav2,15.15%,129.3MiB / 30.66GiB,0.41%,0B / 0B,35.9MB / 1.16MB,92
2026-07-29 20:15:23,glim,77.07%,373.8MiB / 30.66GiB,1.19%,0B / 0B,47.6MB / 11.6MB,37
2026-07-29 20:15:26,docker-recorder-run-55cb2554103c,33.28%,496.8MiB / 30.66GiB,1.58%,0B / 0B,26.4MB / 16.1GB,19
2026-07-29 20:15:26,ouster,12.96%,118.3MiB / 30.66GiB,0.38%,0B / 0B,72.3MB / 2.85MB,30
2026-07-29 20:15:26,scovox,73.04%,284.9MiB / 30.66GiB,0.91%,0B / 0B,34MB / 3.68MB,53
2026-07-29 20:15:26,trav_ros2,117.94%,415.2MiB / 30.66GiB,1.32%,0B / 0B,36.9MB / 1.65MB,44
2026-07-29 20:15:26,realsense,49.30%,112MiB / 30.66GiB,0.36%,0B / 0B,31.6MB / 3.68MB,48
2026-07-29 20:15:26,openzen,6.66%,31.7MiB / 30.66GiB,0.10%,0B / 0B,18.4MB / 2.15MB,20
2026-07-29 20:15:26,mapir-ffmpeg,148.48%,864.7MiB / 30.66GiB,2.75%,0B / 0B,44.3MB / 1.31MB,62
2026-07-29 20:15:26,nav2,14.06%,128.4MiB / 30.66GiB,0.41%,0B / 0B,35.9MB / 1.16MB,92
2026-07-29 20:15:26,glim,79.35%,371.6MiB / 30.66GiB,1.18%,0B / 0B,47.6MB / 11.6MB,37
2026-07-29 20:15:29,docker-recorder-run-55cb2554103c,29.25%,506.9MiB / 30.66GiB,1.61%,0B / 0B,26.4MB / 16.1GB,19
2026-07-29 20:15:29,ouster,8.81%,117.8MiB / 30.66GiB,0.38%,0B / 0B,72.3MB / 2.85MB,30
2026-07-29 20:15:29,scovox,94.18%,256.7MiB / 30.66GiB,0.82%,0B / 0B,34MB / 3.68MB,53
2026-07-29 20:15:29,trav_ros2,120.02%,416.2MiB / 30.66GiB,1.33%,0B / 0B,36.9MB / 1.65MB,44
2026-07-29 20:15:29,realsense,48.83%,112.3MiB / 30.66GiB,0.36%,0B / 0B,31.6MB / 3.68MB,48
2026-07-29 20:15:29,openzen,5.90%,31.96MiB / 30.66GiB,0.10%,0B / 0B,18.4MB / 2.15MB,20
2026-07-29 20:15:29,mapir-ffmpeg,146.62%,875.1MiB / 30.66GiB,2.79%,0B / 0B,44.3MB / 1.31MB,62
2026-07-29 20:15:29,nav2,14.36%,129.7MiB / 30.66GiB,0.41%,0B / 0B,35.9MB / 1.16MB,92
2026-07-29 20:15:29,glim,71.08%,374.3MiB / 30.66GiB,1.19%,0B / 0B,47.6MB / 11.6MB,37
2026-07-29 20:15:32,docker-recorder-run-55cb2554103c,29.29%,518.6MiB / 30.66GiB,1.65%,0B / 0B,26.4MB / 16.1GB,19
2026-07-29 20:15:32,ouster,9.46%,117.6MiB / 30.66GiB,0.37%,0B / 0B,72.3MB / 2.85MB,30
2026-07-29 20:15:32,scovox,50.90%,297.9MiB / 30.66GiB,0.95%,0B / 0B,34MB / 3.77MB,53
2026-07-29 20:15:32,trav_ros2,115.90%,402.5MiB / 30.66GiB,1.28%,0B / 0B,36.9MB / 1.65MB,44
2026-07-29 20:15:32,realsense,59.93%,113.1MiB / 30.66GiB,0.36%,0B / 0B,31.6MB / 3.68MB,48
2026-07-29 20:15:32,openzen,6.24%,31.75MiB / 30.66GiB,0.10%,0B / 0B,18.4MB / 2.15MB,20
2026-07-29 20:15:32,mapir-ffmpeg,159.42%,892.3MiB / 30.66GiB,2.84%,0B / 0B,44.3MB / 1.31MB,62
2026-07-29 20:15:32,nav2,14.98%,129.2MiB / 30.66GiB,0.41%,0B / 0B,35.9MB / 1.16MB,92
2026-07-29 20:15:32,glim,64.42%,367.9MiB / 30.66GiB,1.17%,0B / 0B,47.6MB / 11.6MB,37
2026-07-29 20:15:36,docker-recorder-run-55cb2554103c,34.12%,527.1MiB / 30.66GiB,1.68%,0B / 0B,26.4MB / 16.1GB,19
2026-07-29 20:15:36,ouster,12.06%,118MiB / 30.66GiB,0.38%,0B / 0B,72.3MB / 2.85MB,30
2026-07-29 20:15:36,scovox,77.06%,273.6MiB / 30.66GiB,0.87%,0B / 0B,34MB / 3.77MB,53
2026-07-29 20:15:36,trav_ros2,114.69%,410.4MiB / 30.66GiB,1.31%,0B / 0B,36.9MB / 1.65MB,44
2026-07-29 20:15:36,realsense,49.34%,111.3MiB / 30.66GiB,0.35%,0B / 0B,31.6MB / 3.68MB,48
2026-07-29 20:15:36,openzen,5.74%,31.75MiB / 30.66GiB,0.10%,0B / 0B,18.4MB / 2.15MB,20
2026-07-29 20:15:36,mapir-ffmpeg,146.14%,897.2MiB / 30.66GiB,2.86%,0B / 0B,44.3MB / 1.32MB,62
2026-07-29 20:15:36,nav2,14.43%,129.2MiB / 30.66GiB,0.41%,0B / 0B,35.9MB / 1.16MB,92
2026-07-29 20:15:36,glim,83.18%,406.5MiB / 30.66GiB,1.29%,0B / 0B,47.6MB / 11.6MB,37
2026-07-29 20:15:39,docker-recorder-run-55cb2554103c,35.55%,532.9MiB / 30.66GiB,1.70%,0B / 0B,26.4MB / 16.7GB,19
2026-07-29 20:15:39,ouster,13.09%,118.4MiB / 30.66GiB,0.38%,0B / 0B,72.3MB / 2.85MB,30
2026-07-29 20:15:39,scovox,50.39%,281.2MiB / 30.66GiB,0.90%,0B / 0B,34MB / 3.78MB,53
2026-07-29 20:15:39,trav_ros2,116.80%,405.7MiB / 30.66GiB,1.29%,0B / 0B,36.9MB / 1.65MB,44
2026-07-29 20:15:39,realsense,52.77%,111.5MiB / 30.66GiB,0.36%,0B / 0B,31.6MB / 3.68MB,48
2026-07-29 20:15:39,openzen,6.54%,32.29MiB / 30.66GiB,0.10%,0B / 0B,18.4MB / 2.15MB,20
2026-07-29 20:15:39,mapir-ffmpeg,144.20%,884.2MiB / 30.66GiB,2.82%,0B / 0B,44.3MB / 1.32MB,62
2026-07-29 20:15:39,nav2,15.55%,129.9MiB / 30.66GiB,0.41%,0B / 0B,35.9MB / 1.16MB,92
2026-07-29 20:15:39,glim,74.06%,420.7MiB / 30.66GiB,1.34%,0B / 0B,47.6MB / 11.6MB,37
2026-07-29 20:15:42,docker-recorder-run-55cb2554103c,34.11%,560.1MiB / 30.66GiB,1.78%,0B / 0B,26.4MB / 17.3GB,19
2026-07-29 20:15:42,ouster,12.60%,118MiB / 30.66GiB,0.38%,0B / 0B,72.3MB / 2.85MB,30
2026-07-29 20:15:42,scovox,78.26%,257.3MiB / 30.66GiB,0.82%,0B / 0B,34MB / 3.78MB,53
2026-07-29 20:15:42,trav_ros2,122.23%,450.4MiB / 30.66GiB,1.43%,0B / 0B,36.9MB / 1.65MB,44
2026-07-29 20:15:42,realsense,48.13%,111.4MiB / 30.66GiB,0.35%,0B / 0B,31.6MB / 3.68MB,48
2026-07-29 20:15:42,openzen,5.71%,31.8MiB / 30.66GiB,0.10%,0B / 0B,18.4MB / 2.15MB,20
2026-07-29 20:15:42,mapir-ffmpeg,156.52%,892.4MiB / 30.66GiB,2.84%,0B / 0B,44.3MB / 1.32MB,62
2026-07-29 20:15:42,nav2,14.38%,129MiB / 30.66GiB,0.41%,0B / 0B,35.9MB / 1.16MB,92
2026-07-29 20:15:42,glim,77.32%,420.5MiB / 30.66GiB,1.34%,0B / 0B,47.6MB / 11.6MB,37
2026-07-29 20:15:45,docker-recorder-run-55cb2554103c,34.00%,572.2MiB / 30.66GiB,1.82%,0B / 0B,26.4MB / 17.6GB,19
2026-07-29 20:15:45,ouster,13.92%,118.1MiB / 30.66GiB,0.38%,0B / 0B,72.3MB / 2.85MB,30
2026-07-29 20:15:45,scovox,52.44%,301.8MiB / 30.66GiB,0.96%,0B / 0B,34MB / 3.78MB,53
2026-07-29 20:15:45,trav_ros2,112.94%,405.4MiB / 30.66GiB,1.29%,0B / 0B,36.9MB / 1.65MB,44
2026-07-29 20:15:45,realsense,63.98%,112.4MiB / 30.66GiB,0.36%,0B / 0B,31.6MB / 3.68MB,48
2026-07-29 20:15:45,openzen,6.17%,31.8MiB / 30.66GiB,0.10%,0B / 0B,18.4MB / 2.15MB,20
2026-07-29 20:15:45,mapir-ffmpeg,138.69%,884.4MiB / 30.66GiB,2.82%,0B / 0B,44.3MB / 1.32MB,62
2026-07-29 20:15:45,nav2,13.58%,129MiB / 30.66GiB,0.41%,0B / 0B,35.9MB / 1.16MB,92
2026-07-29 20:15:45,glim,74.18%,420.9MiB / 30.66GiB,1.34%,0B / 0B,47.6MB / 11.6MB,37
2026-07-29 20:15:48,docker-recorder-run-55cb2554103c,30.82%,571.7MiB / 30.66GiB,1.82%,0B / 0B,26.4MB / 17.9GB,19
2026-07-29 20:15:48,ouster,23.99%,118.4MiB / 30.66GiB,0.38%,0B / 0B,72.3MB / 2.85MB,30
2026-07-29 20:15:48,scovox,82.15%,275MiB / 30.66GiB,0.88%,0B / 0B,34MB / 3.78MB,53
2026-07-29 20:15:48,trav_ros2,110.96%,396.2MiB / 30.66GiB,1.26%,0B / 0B,36.9MB / 1.65MB,44
2026-07-29 20:15:48,realsense,67.52%,112.1MiB / 30.66GiB,0.36%,0B / 0B,31.6MB / 3.68MB,48
2026-07-29 20:15:48,openzen,5.48%,32.1MiB / 30.66GiB,0.10%,0B / 0B,18.4MB / 2.15MB,20
2026-07-29 20:15:48,mapir-ffmpeg,142.52%,860.2MiB / 30.66GiB,2.74%,0B / 0B,44.3MB / 1.32MB,62
2026-07-29 20:15:48,nav2,13.44%,129.3MiB / 30.66GiB,0.41%,0B / 0B,35.9MB / 1.16MB,92
2026-07-29 20:15:48,glim,62.56%,398.7MiB / 30.66GiB,1.27%,0B / 0B,47.6MB / 11.6MB,37
2026-07-29 20:15:51,docker-recorder-run-55cb2554103c,32.07%,581.3MiB / 30.66GiB,1.85%,0B / 0B,26.4MB / 18.6GB,19
2026-07-29 20:15:51,ouster,12.31%,117.7MiB / 30.66GiB,0.37%,0B / 0B,72.3MB / 2.85MB,30
2026-07-29 20:15:51,scovox,82.78%,314.6MiB / 30.66GiB,1.00%,0B / 0B,34MB / 3.78MB,53
2026-07-29 20:15:51,trav_ros2,113.23%,415.8MiB / 30.66GiB,1.32%,0B / 0B,36.9MB / 1.65MB,44
2026-07-29 20:15:51,realsense,50.15%,111.2MiB / 30.66GiB,0.35%,0B / 0B,31.6MB / 3.68MB,48
2026-07-29 20:15:51,openzen,6.61%,31.85MiB / 30.66GiB,0.10%,0B / 0B,18.4MB / 2.15MB,20
2026-07-29 20:15:51,mapir-ffmpeg,157.92%,865.2MiB / 30.66GiB,2.76%,0B / 0B,44.3MB / 1.32MB,62
2026-07-29 20:15:51,nav2,13.67%,129.8MiB / 30.66GiB,0.41%,0B / 0B,35.9MB / 1.16MB,92
2026-07-29 20:15:51,glim,76.07%,398.6MiB / 30.66GiB,1.27%,0B / 0B,47.6MB / 11.6MB,37
2026-07-29 20:15:54,docker-recorder-run-55cb2554103c,31.59%,603.7MiB / 30.66GiB,1.92%,0B / 0B,26.4MB / 19.3GB,19
2026-07-29 20:15:54,ouster,10.15%,118.1MiB / 30.66GiB,0.38%,0B / 0B,72.3MB / 2.85MB,30
2026-07-29 20:15:54,scovox,80.61%,257.5MiB / 30.66GiB,0.82%,0B / 0B,34MB / 3.78MB,53
2026-07-29 20:15:54,trav_ros2,116.72%,409.4MiB / 30.66GiB,1.30%,0B / 0B,36.9MB / 1.67MB,44
2026-07-29 20:15:54,realsense,55.86%,116.9MiB / 30.66GiB,0.37%,0B / 0B,31.6MB / 3.68MB,48
2026-07-29 20:15:54,openzen,6.35%,32.38MiB / 30.66GiB,0.10%,0B / 0B,18.4MB / 2.15MB,20
2026-07-29 20:15:54,mapir-ffmpeg,151.45%,881.5MiB / 30.66GiB,2.81%,0B / 0B,44.3MB / 1.32MB,62
2026-07-29 20:15:54,nav2,16.14%,130.3MiB / 30.66GiB,0.41%,0B / 0B,35.9MB / 1.16MB,92
2026-07-29 20:15:54,glim,73.13%,386.4MiB / 30.66GiB,1.23%,0B / 0B,47.6MB / 11.6MB,37
2026-07-29 20:15:57,docker-recorder-run-55cb2554103c,30.86%,600.3MiB / 30.66GiB,1.91%,0B / 0B,26.4MB / 19.3GB,19
2026-07-29 20:15:57,ouster,25.33%,118MiB / 30.66GiB,0.38%,0B / 0B,72.3MB / 2.85MB,30
2026-07-29 20:15:57,scovox,86.23%,257.3MiB / 30.66GiB,0.82%,0B / 0B,34MB / 3.78MB,53
2026-07-29 20:15:57,trav_ros2,111.74%,416MiB / 30.66GiB,1.32%,0B / 0B,36.9MB / 1.67MB,44
2026-07-29 20:15:57,realsense,55.10%,111.6MiB / 30.66GiB,0.36%,0B / 0B,31.6MB / 3.81MB,48
2026-07-29 20:15:57,openzen,6.66%,31.9MiB / 30.66GiB,0.10%,0B / 0B,18.4MB / 2.15MB,20
2026-07-29 20:15:57,mapir-ffmpeg,147.22%,869.8MiB / 30.66GiB,2.77%,0B / 0B,44.3MB / 1.32MB,62
2026-07-29 20:15:57,nav2,15.00%,130.1MiB / 30.66GiB,0.41%,0B / 0B,35.9MB / 1.16MB,92
2026-07-29 20:15:57,glim,75.16%,363.5MiB / 30.66GiB,1.16%,0B / 0B,47.6MB / 11.6MB,37
2026-07-29 20:16:00,docker-recorder-run-55cb2554103c,30.33%,608.7MiB / 30.66GiB,1.94%,0B / 0B,26.4MB / 21.5GB,19
2026-07-29 20:16:00,ouster,9.58%,118.2MiB / 30.66GiB,0.38%,0B / 0B,72.3MB / 2.85MB,30
2026-07-29 20:16:00,scovox,75.28%,299.4MiB / 30.66GiB,0.95%,0B / 0B,34MB / 3.78MB,53
2026-07-29 20:16:00,trav_ros2,115.07%,416.4MiB / 30.66GiB,1.33%,0B / 0B,36.9MB / 1.67MB,44
2026-07-29 20:16:00,realsense,58.27%,113.4MiB / 30.66GiB,0.36%,0B / 0B,31.6MB / 3.81MB,48
2026-07-29 20:16:00,openzen,6.81%,31.9MiB / 30.66GiB,0.10%,0B / 0B,18.4MB / 2.15MB,20
2026-07-29 20:16:00,mapir-ffmpeg,151.79%,872.3MiB / 30.66GiB,2.78%,0B / 0B,44.3MB / 1.32MB,62
2026-07-29 20:16:00,nav2,13.88%,129.9MiB / 30.66GiB,0.41%,0B / 0B,35.9MB / 1.16MB,92
2026-07-29 20:16:00,glim,83.59%,390.5MiB / 30.66GiB,1.24%,0B / 0B,47.6MB / 11.6MB,37
2026-07-29 20:16:03,docker-recorder-run-55cb2554103c,13.61%,564.3MiB / 30.66GiB,1.80%,0B / 0B,27.2MB / 22.4GB,4
2026-07-29 20:16:03,ouster,7.64%,118.3MiB / 30.66GiB,0.38%,0B / 0B,72.3MB / 2.85MB,30
2026-07-29 20:16:03,scovox,83.88%,257.7MiB / 30.66GiB,0.82%,0B / 0B,34MB / 3.88MB,53
2026-07-29 20:16:03,trav_ros2,114.30%,416.5MiB / 30.66GiB,1.33%,0B / 0B,36.9MB / 1.68MB,44
2026-07-29 20:16:03,realsense,17.98%,112.3MiB / 30.66GiB,0.36%,0B / 0B,31.6MB / 3.83MB,48
2026-07-29 20:16:03,openzen,5.46%,32.49MiB / 30.66GiB,0.10%,0B / 0B,18.4MB / 2.15MB,20
2026-07-29 20:16:03,mapir-ffmpeg,44.80%,843.4MiB / 30.66GiB,2.69%,0B / 0B,44.3MB / 1.33MB,62
2026-07-29 20:16:03,nav2,14.41%,131.3MiB / 30.66GiB,0.42%,0B / 0B,35.9MB / 1.16MB,92
2026-07-29 20:16:03,glim,76.62%,405.1MiB / 30.66GiB,1.29%,0B / 0B,47.6MB / 11.6MB,37
2026-07-29 20:16:06,ouster,8.65%,118.7MiB / 30.66GiB,0.38%,0B / 0B,72.3MB / 2.85MB,30
2026-07-29 20:16:06,scovox,62.23%,287.2MiB / 30.66GiB,0.91%,0B / 0B,34MB / 3.89MB,53
2026-07-29 20:16:06,trav_ros2,117.29%,435.6MiB / 30.66GiB,1.39%,0B / 0B,36.9MB / 1.69MB,44
2026-07-29 20:16:06,openzen,5.63%,32MiB / 30.66GiB,0.10%,0B / 0B,18.4MB / 2.15MB,20
2026-07-29 20:16:06,nav2,13.53%,131.4MiB / 30.66GiB,0.42%,0B / 0B,35.9MB / 1.16MB,92
2026-07-29 20:16:06,glim,83.47%,399.7MiB / 30.66GiB,1.27%,0B / 0B,47.6MB / 11.6MB,37
2026-07-29 20:16:09,ouster,7.88%,118.3MiB / 30.66GiB,0.38%,0B / 0B,72.3MB / 2.85MB,30
2026-07-29 20:16:09,scovox,85.12%,257.8MiB / 30.66GiB,0.82%,0B / 0B,34MB / 3.89MB,53
2026-07-29 20:16:09,trav_ros2,113.14%,408MiB / 30.66GiB,1.30%,0B / 0B,36.9MB / 1.69MB,44
2026-07-29 20:16:09,openzen,5.34%,32.53MiB / 30.66GiB,0.10%,0B / 0B,18.4MB / 2.15MB,20
2026-07-29 20:16:09,nav2,15.44%,131.7MiB / 30.66GiB,0.42%,0B / 0B,35.9MB / 1.16MB,92
2026-07-29 20:16:09,glim,75.77%,399.8MiB / 30.66GiB,1.27%,0B / 0B,47.6MB / 11.6MB,37
2026-07-29 20:16:13,ouster,9.02%,119MiB / 30.66GiB,0.38%,0B / 0B,72.3MB / 2.85MB,30
2026-07-29 20:16:13,scovox,60.29%,290.3MiB / 30.66GiB,0.92%,0B / 0B,34MB / 3.89MB,53
2026-07-29 20:16:13,trav_ros2,116.30%,418.2MiB / 30.66GiB,1.33%,0B / 0B,36.9MB / 1.69MB,44
2026-07-29 20:16:13,openzen,5.29%,32.07MiB / 30.66GiB,0.10%,0B / 0B,18.4MB / 2.15MB,20
2026-07-29 20:16:13,nav2,16.33%,132.2MiB / 30.66GiB,0.42%,0B / 0B,35.9MB / 1.16MB,92
2026-07-29 20:16:13,glim,86.20%,400.6MiB / 30.66GiB,1.28%,0B / 0B,47.6MB / 11.6MB,37
