Timestamp,Name,CPU_Perc,Mem_Usage,Mem_Perc,Net_IO,Block_IO,PIDs
2026-07-31 11:03:30,ouster,98.64%,94.25MiB / 30.66GiB,0.30%,0B / 0B,116MB / 532kB,4
2026-07-31 11:03:30,realsense,102.07%,63.62MiB / 30.66GiB,0.20%,0B / 0B,40.1MB / 590kB,5
2026-07-31 11:03:30,mapir-ffmpeg,105.03%,178MiB / 30.66GiB,0.57%,0B / 0B,132MB / 647kB,20
2026-07-31 11:03:30,domain_bridge,93.77%,33.16MiB / 30.66GiB,0.11%,0B / 0B,6.06MB / 0B,2
2026-07-31 11:03:30,openzen,45.64%,85.04MiB / 30.66GiB,0.27%,0B / 0B,82.2MB / 1.58MB,20
2026-07-31 11:03:30,scovox,181.47%,79.79MiB / 30.66GiB,0.25%,0B / 0B,71.2MB / 311kB,5
2026-07-31 11:03:30,nav2,87.90%,175.1MiB / 30.66GiB,0.56%,0B / 0B,116MB / 94.2kB,89
2026-07-31 11:03:30,glim,106.64%,43.25MiB / 30.66GiB,0.14%,0B / 0B,71.2MB / 139kB,2
2026-07-31 11:03:34,glim,11.92%,137.4MiB / 30.66GiB,0.44%,0B / 0B,134MB / 139kB,19
2026-07-31 11:03:34,ouster,0.18%,201.4MiB / 30.66GiB,0.64%,0B / 0B,185MB / 532kB,27
2026-07-31 11:03:34,realsense,16.32%,176.9MiB / 30.66GiB,0.56%,0B / 0B,111MB / 778kB,33
2026-07-31 11:03:34,mapir-ffmpeg,0.13%,281.6MiB / 30.66GiB,0.90%,0B / 0B,190MB / 647kB,33
2026-07-31 11:03:34,domain_bridge,201.75%,72.64MiB / 30.66GiB,0.23%,0B / 0B,22.9MB / 360kB,13
2026-07-31 11:03:34,openzen,3.25%,87.25MiB / 30.66GiB,0.28%,0B / 0B,82.2MB / 1.58MB,20
2026-07-31 11:03:34,scovox,5.62%,123MiB / 30.66GiB,0.39%,0B / 0B,99.7MB / 492kB,53
2026-07-31 11:03:34,nav2,4.03%,203MiB / 30.66GiB,0.65%,0B / 0B,132MB / 94.2kB,89
2026-07-31 11:03:37,glim,11.92%,138.4MiB / 30.66GiB,0.44%,0B / 0B,134MB / 139kB,19
2026-07-31 11:03:37,ouster,0.77%,200.8MiB / 30.66GiB,0.64%,0B / 0B,185MB / 532kB,27
2026-07-31 11:03:37,realsense,16.10%,176.5MiB / 30.66GiB,0.56%,0B / 0B,111MB / 778kB,33
2026-07-31 11:03:37,mapir-ffmpeg,0.79%,282.1MiB / 30.66GiB,0.90%,0B / 0B,190MB / 647kB,33
2026-07-31 11:03:37,domain_bridge,101.15%,58.35MiB / 30.66GiB,0.19%,0B / 0B,28.5MB / 446kB,28
2026-07-31 11:03:37,openzen,3.36%,86.76MiB / 30.66GiB,0.28%,0B / 0B,82.2MB / 1.58MB,20
2026-07-31 11:03:37,scovox,7.19%,231.3MiB / 30.66GiB,0.74%,0B / 0B,99.7MB / 492kB,53
2026-07-31 11:03:37,nav2,0.16%,202MiB / 30.66GiB,0.64%,0B / 0B,132MB / 94.2kB,89
2026-07-31 11:03:40,glim,10.36%,138.1MiB / 30.66GiB,0.44%,0B / 0B,134MB / 139kB,19
2026-07-31 11:03:40,ouster,0.16%,202.3MiB / 30.66GiB,0.64%,0B / 0B,185MB / 532kB,27
2026-07-31 11:03:40,realsense,15.97%,176.6MiB / 30.66GiB,0.56%,0B / 0B,111MB / 778kB,33
2026-07-31 11:03:40,mapir-ffmpeg,0.18%,282.2MiB / 30.66GiB,0.90%,0B / 0B,190MB / 647kB,33
2026-07-31 11:03:40,domain_bridge,0.94%,62.01MiB / 30.66GiB,0.20%,0B / 0B,28.5MB / 446kB,28
2026-07-31 11:03:40,openzen,2.49%,86.27MiB / 30.66GiB,0.27%,0B / 0B,82.2MB / 1.58MB,20
2026-07-31 11:03:40,scovox,11.96%,251.7MiB / 30.66GiB,0.80%,0B / 0B,99.7MB / 492kB,53
2026-07-31 11:03:40,nav2,0.31%,202.9MiB / 30.66GiB,0.65%,0B / 0B,132MB / 94.2kB,89
2026-07-31 11:03:43,glim,33.88%,200.2MiB / 30.66GiB,0.64%,0B / 0B,136MB / 139kB,35
2026-07-31 11:03:43,ouster,5.86%,241.6MiB / 30.66GiB,0.77%,0B / 0B,185MB / 532kB,29
2026-07-31 11:03:43,realsense,16.16%,176.9MiB / 30.66GiB,0.56%,0B / 0B,111MB / 778kB,33
2026-07-31 11:03:43,mapir-ffmpeg,0.26%,282.2MiB / 30.66GiB,0.90%,0B / 0B,190MB / 647kB,33
2026-07-31 11:03:43,domain_bridge,0.92%,61.61MiB / 30.66GiB,0.20%,0B / 0B,28.5MB / 446kB,28
2026-07-31 11:03:43,openzen,2.35%,86.27MiB / 30.66GiB,0.27%,0B / 0B,82.2MB / 1.58MB,20
2026-07-31 11:03:43,scovox,9.32%,285.5MiB / 30.66GiB,0.91%,0B / 0B,99.7MB / 492kB,53
2026-07-31 11:03:43,nav2,0.60%,202.9MiB / 30.66GiB,0.65%,0B / 0B,132MB / 94.2kB,89
2026-07-31 11:03:46,glim,81.05%,311.6MiB / 30.66GiB,0.99%,0B / 0B,136MB / 139kB,35
2026-07-31 11:03:46,ouster,6.74%,245.6MiB / 30.66GiB,0.78%,0B / 0B,185MB / 532kB,29
2026-07-31 11:03:46,realsense,16.73%,176.9MiB / 30.66GiB,0.56%,0B / 0B,111MB / 778kB,33
2026-07-31 11:03:46,mapir-ffmpeg,0.32%,282.1MiB / 30.66GiB,0.90%,0B / 0B,190MB / 647kB,33
2026-07-31 11:03:46,domain_bridge,1.07%,61.18MiB / 30.66GiB,0.19%,0B / 0B,28.5MB / 446kB,28
2026-07-31 11:03:46,openzen,2.63%,87MiB / 30.66GiB,0.28%,0B / 0B,82.2MB / 1.58MB,20
2026-07-31 11:03:46,scovox,4.82%,346MiB / 30.66GiB,1.10%,0B / 0B,99.8MB / 492kB,53
2026-07-31 11:03:46,nav2,0.59%,202.8MiB / 30.66GiB,0.65%,0B / 0B,132MB / 94.2kB,89
2026-07-31 11:03:49,glim,77.79%,377.3MiB / 30.66GiB,1.20%,0B / 0B,136MB / 11.7MB,35
2026-07-31 11:03:49,ouster,6.68%,244.7MiB / 30.66GiB,0.78%,0B / 0B,185MB / 3.27MB,29
2026-07-31 11:03:49,realsense,16.63%,176.4MiB / 30.66GiB,0.56%,0B / 0B,111MB / 3.78MB,33
2026-07-31 11:03:49,mapir-ffmpeg,0.10%,281.4MiB / 30.66GiB,0.90%,0B / 0B,190MB / 1.38MB,33
2026-07-31 11:03:49,domain_bridge,0.31%,61.25MiB / 30.66GiB,0.20%,0B / 0B,28.5MB / 5.17MB,28
2026-07-31 11:03:49,openzen,2.76%,86.31MiB / 30.66GiB,0.27%,0B / 0B,82.2MB / 2.24MB,20
2026-07-31 11:03:49,scovox,10.87%,352MiB / 30.66GiB,1.12%,0B / 0B,99.8MB / 492kB,53
2026-07-31 11:03:49,nav2,0.52%,203.5MiB / 30.66GiB,0.65%,0B / 0B,132MB / 1.16MB,89
2026-07-31 11:03:52,trav_ros2,90.82%,93.93MiB / 30.66GiB,0.30%,0B / 0B,97.8MB / 311kB,7
2026-07-31 11:03:52,glim,75.57%,379.7MiB / 30.66GiB,1.21%,0B / 0B,136MB / 11.7MB,35
2026-07-31 11:03:52,ouster,6.61%,244.6MiB / 30.66GiB,0.78%,0B / 0B,185MB / 3.27MB,29
2026-07-31 11:03:52,realsense,16.71%,176.4MiB / 30.66GiB,0.56%,0B / 0B,111MB / 3.78MB,33
2026-07-31 11:03:52,mapir-ffmpeg,0.08%,280.5MiB / 30.66GiB,0.89%,0B / 0B,190MB / 1.38MB,33
2026-07-31 11:03:52,domain_bridge,0.21%,61.24MiB / 30.66GiB,0.20%,0B / 0B,28.5MB / 5.17MB,28
2026-07-31 11:03:52,openzen,3.01%,86.06MiB / 30.66GiB,0.27%,0B / 0B,82.2MB / 2.24MB,20
2026-07-31 11:03:52,scovox,5.36%,357.7MiB / 30.66GiB,1.14%,0B / 0B,99.8MB / 3.69MB,53
2026-07-31 11:03:52,nav2,0.70%,202.8MiB / 30.66GiB,0.65%,0B / 0B,132MB / 1.17MB,89
2026-07-31 11:03:52,docker-recorder-run-c05cffd99a9e,148.46%,66.29MiB / 30.66GiB,0.21%,0B / 0B,11MB / 24.6kB,23
2026-07-31 11:03:55,docker-recorder-run-c05cffd99a9e,199.91%,43.21MiB / 30.66GiB,0.14%,0B / 0B,17.9MB / 61.4kB,9
2026-07-31 11:03:55,trav_ros2,8.33%,286.3MiB / 30.66GiB,0.91%,0B / 0B,119MB / 311kB,44
2026-07-31 11:03:55,glim,79.79%,391.1MiB / 30.66GiB,1.25%,0B / 0B,136MB / 11.7MB,35
2026-07-31 11:03:55,ouster,8.06%,244.8MiB / 30.66GiB,0.78%,0B / 0B,185MB / 3.27MB,29
2026-07-31 11:03:55,realsense,17.14%,177.6MiB / 30.66GiB,0.57%,0B / 0B,111MB / 3.78MB,33
2026-07-31 11:03:55,mapir-ffmpeg,0.21%,283MiB / 30.66GiB,0.90%,0B / 0B,190MB / 1.38MB,33
2026-07-31 11:03:55,domain_bridge,0.60%,61.89MiB / 30.66GiB,0.20%,0B / 0B,28.5MB / 5.17MB,28
2026-07-31 11:03:55,openzen,3.20%,87.21MiB / 30.66GiB,0.28%,0B / 0B,82.2MB / 2.24MB,20
2026-07-31 11:03:55,scovox,4.59%,366.2MiB / 30.66GiB,1.17%,0B / 0B,99.8MB / 3.69MB,53
2026-07-31 11:03:55,nav2,1.47%,207.2MiB / 30.66GiB,0.66%,0B / 0B,132MB / 1.17MB,89
2026-07-31 11:03:59,docker-recorder-run-c05cffd99a9e,201.72%,48.68MiB / 30.66GiB,0.16%,0B / 0B,23.5MB / 156kB,11
2026-07-31 11:03:59,trav_ros2,8.34%,303.7MiB / 30.66GiB,0.97%,0B / 0B,119MB / 311kB,44
2026-07-31 11:03:59,glim,81.67%,399.1MiB / 30.66GiB,1.27%,0B / 0B,136MB / 11.7MB,35
2026-07-31 11:03:59,ouster,7.82%,244.9MiB / 30.66GiB,0.78%,0B / 0B,185MB / 3.27MB,29
2026-07-31 11:03:59,realsense,17.01%,176.8MiB / 30.66GiB,0.56%,0B / 0B,111MB / 3.78MB,33
2026-07-31 11:03:59,mapir-ffmpeg,0.11%,282.1MiB / 30.66GiB,0.90%,0B / 0B,190MB / 1.38MB,33
2026-07-31 11:03:59,domain_bridge,0.31%,62.12MiB / 30.66GiB,0.20%,0B / 0B,28.5MB / 5.17MB,28
2026-07-31 11:03:59,openzen,3.11%,86.5MiB / 30.66GiB,0.28%,0B / 0B,82.2MB / 2.24MB,20
2026-07-31 11:03:59,scovox,4.64%,360.1MiB / 30.66GiB,1.15%,0B / 0B,99.8MB / 3.69MB,53
2026-07-31 11:03:59,nav2,0.74%,205.3MiB / 30.66GiB,0.65%,0B / 0B,132MB / 1.17MB,89
2026-07-31 11:04:02,docker-recorder-run-c05cffd99a9e,102.81%,23.93MiB / 30.66GiB,0.08%,0B / 0B,38.1MB / 365kB,2
2026-07-31 11:04:02,trav_ros2,9.54%,305.9MiB / 30.66GiB,0.97%,0B / 0B,119MB / 311kB,44
2026-07-31 11:04:02,glim,82.12%,399.5MiB / 30.66GiB,1.27%,0B / 0B,136MB / 11.7MB,35
2026-07-31 11:04:02,ouster,8.74%,244.6MiB / 30.66GiB,0.78%,0B / 0B,185MB / 3.27MB,29
2026-07-31 11:04:02,realsense,17.96%,176.9MiB / 30.66GiB,0.56%,0B / 0B,111MB / 3.78MB,33
2026-07-31 11:04:02,mapir-ffmpeg,1.25%,281.5MiB / 30.66GiB,0.90%,0B / 0B,190MB / 1.38MB,33
2026-07-31 11:04:02,domain_bridge,3.00%,62.08MiB / 30.66GiB,0.20%,0B / 0B,28.5MB / 5.17MB,28
2026-07-31 11:04:02,openzen,4.26%,86.27MiB / 30.66GiB,0.27%,0B / 0B,82.2MB / 2.24MB,20
2026-07-31 11:04:02,scovox,8.57%,364.8MiB / 30.66GiB,1.16%,0B / 0B,99.8MB / 3.69MB,53
2026-07-31 11:04:02,nav2,3.47%,208MiB / 30.66GiB,0.66%,0B / 0B,132MB / 1.17MB,89
2026-07-31 11:04:05,docker-recorder-run-c05cffd99a9e,0.00%,18.48MiB / 30.66GiB,0.06%,0B / 0B,38.2MB / 365kB,2
2026-07-31 11:04:05,trav_ros2,8.41%,309.8MiB / 30.66GiB,0.99%,0B / 0B,119MB / 311kB,44
2026-07-31 11:04:05,glim,79.81%,403.4MiB / 30.66GiB,1.28%,0B / 0B,136MB / 11.7MB,35
2026-07-31 11:04:05,ouster,7.46%,244.6MiB / 30.66GiB,0.78%,0B / 0B,185MB / 3.27MB,29
2026-07-31 11:04:05,realsense,16.77%,176.7MiB / 30.66GiB,0.56%,0B / 0B,111MB / 3.78MB,33
2026-07-31 11:04:05,mapir-ffmpeg,0.10%,281.4MiB / 30.66GiB,0.90%,0B / 0B,190MB / 1.38MB,33
2026-07-31 11:04:05,domain_bridge,0.47%,61.67MiB / 30.66GiB,0.20%,0B / 0B,28.5MB / 5.17MB,28
2026-07-31 11:04:05,openzen,2.66%,85.86MiB / 30.66GiB,0.27%,0B / 0B,82.2MB / 2.24MB,20
2026-07-31 11:04:05,scovox,8.24%,365.4MiB / 30.66GiB,1.16%,0B / 0B,99.8MB / 3.69MB,53
2026-07-31 11:04:05,nav2,1.04%,205.1MiB / 30.66GiB,0.65%,0B / 0B,132MB / 1.17MB,89
2026-07-31 11:04:08,docker-recorder-run-c05cffd99a9e,0.00%,18.48MiB / 30.66GiB,0.06%,0B / 0B,38.2MB / 365kB,2
2026-07-31 11:04:08,trav_ros2,7.85%,310MiB / 30.66GiB,0.99%,0B / 0B,119MB / 311kB,44
2026-07-31 11:04:08,glim,81.43%,403.9MiB / 30.66GiB,1.29%,0B / 0B,136MB / 11.7MB,35
2026-07-31 11:04:08,ouster,7.44%,243.9MiB / 30.66GiB,0.78%,0B / 0B,185MB / 3.27MB,29
2026-07-31 11:04:08,realsense,16.54%,176MiB / 30.66GiB,0.56%,0B / 0B,111MB / 3.78MB,33
2026-07-31 11:04:08,mapir-ffmpeg,0.13%,280.8MiB / 30.66GiB,0.89%,0B / 0B,190MB / 1.38MB,33
2026-07-31 11:04:08,domain_bridge,0.42%,60.41MiB / 30.66GiB,0.19%,0B / 0B,28.5MB / 5.17MB,28
2026-07-31 11:04:08,openzen,2.49%,85.88MiB / 30.66GiB,0.27%,0B / 0B,82.2MB / 2.24MB,20
2026-07-31 11:04:08,scovox,4.12%,365.2MiB / 30.66GiB,1.16%,0B / 0B,99.8MB / 3.69MB,53
2026-07-31 11:04:08,nav2,0.77%,204.9MiB / 30.66GiB,0.65%,0B / 0B,132MB / 1.17MB,89
2026-07-31 11:04:11,docker-recorder-run-c05cffd99a9e,0.00%,18.48MiB / 30.66GiB,0.06%,0B / 0B,38.2MB / 365kB,2
2026-07-31 11:04:11,trav_ros2,8.84%,304MiB / 30.66GiB,0.97%,0B / 0B,119MB / 311kB,44
2026-07-31 11:04:11,glim,76.34%,411.1MiB / 30.66GiB,1.31%,0B / 0B,136MB / 11.7MB,35
2026-07-31 11:04:11,ouster,7.35%,244.4MiB / 30.66GiB,0.78%,0B / 0B,185MB / 3.27MB,29
2026-07-31 11:04:11,realsense,16.97%,176.8MiB / 30.66GiB,0.56%,0B / 0B,111MB / 3.78MB,33
2026-07-31 11:04:11,mapir-ffmpeg,0.38%,281.6MiB / 30.66GiB,0.90%,0B / 0B,190MB / 1.38MB,33
2026-07-31 11:04:11,domain_bridge,1.79%,60.42MiB / 30.66GiB,0.19%,0B / 0B,28.5MB / 5.17MB,28
2026-07-31 11:04:11,openzen,3.01%,86.63MiB / 30.66GiB,0.28%,0B / 0B,82.2MB / 2.24MB,20
2026-07-31 11:04:11,scovox,10.62%,365.3MiB / 30.66GiB,1.16%,0B / 0B,99.8MB / 3.69MB,53
2026-07-31 11:04:11,nav2,1.15%,202.7MiB / 30.66GiB,0.65%,0B / 0B,132MB / 1.17MB,89
2026-07-31 11:04:14,docker-recorder-run-c05cffd99a9e,0.00%,18.36MiB / 30.66GiB,0.06%,0B / 0B,38.3MB / 365kB,1
2026-07-31 11:04:14,trav_ros2,8.36%,310.6MiB / 30.66GiB,0.99%,0B / 0B,119MB / 311kB,44
2026-07-31 11:04:14,glim,77.45%,410.4MiB / 30.66GiB,1.31%,0B / 0B,136MB / 11.7MB,35
2026-07-31 11:04:14,ouster,7.39%,244.5MiB / 30.66GiB,0.78%,0B / 0B,185MB / 3.27MB,29
2026-07-31 11:04:14,realsense,16.75%,176.5MiB / 30.66GiB,0.56%,0B / 0B,111MB / 3.78MB,33
2026-07-31 11:04:14,mapir-ffmpeg,0.05%,280.9MiB / 30.66GiB,0.89%,0B / 0B,190MB / 1.38MB,33
2026-07-31 11:04:14,domain_bridge,0.19%,60.26MiB / 30.66GiB,0.19%,0B / 0B,28.5MB / 5.17MB,28
2026-07-31 11:04:14,openzen,2.44%,85.92MiB / 30.66GiB,0.27%,0B / 0B,82.2MB / 2.24MB,20
2026-07-31 11:04:14,scovox,3.77%,365.3MiB / 30.66GiB,1.16%,0B / 0B,99.8MB / 3.69MB,53
2026-07-31 11:04:14,nav2,0.84%,202.3MiB / 30.66GiB,0.64%,0B / 0B,132MB / 1.17MB,89
2026-07-31 11:04:17,docker-recorder-run-c05cffd99a9e,0.00%,18.3MiB / 30.66GiB,0.06%,0B / 0B,38.3MB / 365kB,1
2026-07-31 11:04:17,trav_ros2,8.37%,311.6MiB / 30.66GiB,0.99%,0B / 0B,119MB / 311kB,44
2026-07-31 11:04:17,glim,81.10%,414.9MiB / 30.66GiB,1.32%,0B / 0B,136MB / 11.7MB,35
2026-07-31 11:04:17,ouster,7.43%,244.5MiB / 30.66GiB,0.78%,0B / 0B,185MB / 3.27MB,29
2026-07-31 11:04:17,realsense,16.80%,176.6MiB / 30.66GiB,0.56%,0B / 0B,111MB / 3.78MB,33
2026-07-31 11:04:17,mapir-ffmpeg,0.17%,281MiB / 30.66GiB,0.89%,0B / 0B,190MB / 1.38MB,33
2026-07-31 11:04:17,domain_bridge,0.45%,60.69MiB / 30.66GiB,0.19%,0B / 0B,28.5MB / 5.17MB,28
2026-07-31 11:04:17,openzen,2.67%,86.39MiB / 30.66GiB,0.28%,0B / 0B,82.2MB / 2.24MB,20
2026-07-31 11:04:17,scovox,7.60%,364.9MiB / 30.66GiB,1.16%,0B / 0B,99.8MB / 3.69MB,53
2026-07-31 11:04:17,nav2,0.81%,202.6MiB / 30.66GiB,0.65%,0B / 0B,132MB / 1.17MB,89
2026-07-31 11:04:20,docker-recorder-run-c05cffd99a9e,0.00%,18.3MiB / 30.66GiB,0.06%,0B / 0B,38.3MB / 365kB,1
2026-07-31 11:04:20,trav_ros2,7.71%,311.2MiB / 30.66GiB,0.99%,0B / 0B,119MB / 311kB,44
2026-07-31 11:04:20,glim,78.22%,432.5MiB / 30.66GiB,1.38%,0B / 0B,136MB / 11.7MB,35
2026-07-31 11:04:20,ouster,7.43%,245.1MiB / 30.66GiB,0.78%,0B / 0B,185MB / 3.27MB,29
2026-07-31 11:04:20,realsense,16.94%,177.1MiB / 30.66GiB,0.56%,0B / 0B,111MB / 3.78MB,33
2026-07-31 11:04:20,mapir-ffmpeg,0.13%,280.8MiB / 30.66GiB,0.89%,0B / 0B,190MB / 1.38MB,33
2026-07-31 11:04:20,domain_bridge,0.36%,60.45MiB / 30.66GiB,0.19%,0B / 0B,28.5MB / 5.17MB,28
2026-07-31 11:04:20,openzen,2.54%,87.18MiB / 30.66GiB,0.28%,0B / 0B,82.2MB / 2.24MB,20
2026-07-31 11:04:20,scovox,5.65%,364.6MiB / 30.66GiB,1.16%,0B / 0B,99.8MB / 3.69MB,53
2026-07-31 11:04:20,nav2,0.78%,203MiB / 30.66GiB,0.65%,0B / 0B,132MB / 1.17MB,89
2026-07-31 11:04:23,docker-recorder-run-c05cffd99a9e,63.59%,71.99MiB / 30.66GiB,0.23%,0B / 0B,48.1MB / 365kB,19
2026-07-31 11:04:23,trav_ros2,10.44%,310.9MiB / 30.66GiB,0.99%,0B / 0B,119MB / 799kB,44
2026-07-31 11:04:23,glim,79.91%,433.7MiB / 30.66GiB,1.38%,0B / 0B,136MB / 11.7MB,35
2026-07-31 11:04:23,ouster,9.36%,245.6MiB / 30.66GiB,0.78%,0B / 0B,185MB / 3.27MB,29
2026-07-31 11:04:23,realsense,21.02%,195.7MiB / 30.66GiB,0.62%,0B / 0B,121MB / 3.78MB,36
2026-07-31 11:04:23,mapir-ffmpeg,0.05%,280.6MiB / 30.66GiB,0.89%,0B / 0B,190MB / 1.38MB,33
2026-07-31 11:04:23,domain_bridge,5.09%,60.94MiB / 30.66GiB,0.19%,0B / 0B,28.5MB / 5.17MB,28
2026-07-31 11:04:23,openzen,4.42%,87.13MiB / 30.66GiB,0.28%,0B / 0B,82.2MB / 2.24MB,20
2026-07-31 11:04:23,scovox,12.81%,372.1MiB / 30.66GiB,1.19%,0B / 0B,99.8MB / 3.7MB,53
2026-07-31 11:04:23,nav2,3.65%,204.7MiB / 30.66GiB,0.65%,0B / 0B,132MB / 1.17MB,89
2026-07-31 11:04:26,trav_ros2,8.10%,310.8MiB / 30.66GiB,0.99%,0B / 0B,119MB / 1.91MB,44
2026-07-31 11:04:26,glim,78.27%,434.3MiB / 30.66GiB,1.38%,0B / 0B,136MB / 11.8MB,35
2026-07-31 11:04:26,ouster,7.61%,244.9MiB / 30.66GiB,0.78%,0B / 0B,185MB / 3.27MB,29
2026-07-31 11:04:26,domain_bridge,1.24%,60.32MiB / 30.66GiB,0.19%,0B / 0B,28.5MB / 5.17MB,28
2026-07-31 11:04:26,openzen,3.27%,87.53MiB / 30.66GiB,0.28%,0B / 0B,82.2MB / 2.24MB,20
2026-07-31 11:04:26,scovox,7.19%,372MiB / 30.66GiB,1.18%,0B / 0B,99.8MB / 3.7MB,53
2026-07-31 11:04:26,nav2,1.14%,204MiB / 30.66GiB,0.65%,0B / 0B,132MB / 1.2MB,89
2026-07-31 11:04:29,trav_ros2,8.32%,310.9MiB / 30.66GiB,0.99%,0B / 0B,119MB / 1.91MB,44
2026-07-31 11:04:29,glim,78.60%,434.6MiB / 30.66GiB,1.38%,0B / 0B,136MB / 11.8MB,35
2026-07-31 11:04:29,ouster,7.70%,245.1MiB / 30.66GiB,0.78%,0B / 0B,185MB / 3.27MB,29
2026-07-31 11:04:29,domain_bridge,1.17%,60.64MiB / 30.66GiB,0.19%,0B / 0B,28.5MB / 5.17MB,28
2026-07-31 11:04:29,openzen,2.96%,86.87MiB / 30.66GiB,0.28%,0B / 0B,82.2MB / 2.24MB,20
2026-07-31 11:04:29,scovox,13.78%,372.2MiB / 30.66GiB,1.19%,0B / 0B,99.8MB / 3.7MB,53
2026-07-31 11:04:29,nav2,1.37%,205.5MiB / 30.66GiB,0.65%,0B / 0B,132MB / 1.2MB,89
2026-07-31 11:04:32,trav_ros2,8.54%,311.8MiB / 30.66GiB,0.99%,0B / 0B,119MB / 1.91MB,44
2026-07-31 11:04:32,glim,77.82%,435.5MiB / 30.66GiB,1.39%,0B / 0B,136MB / 11.8MB,35
2026-07-31 11:04:32,ouster,7.59%,245.9MiB / 30.66GiB,0.78%,0B / 0B,185MB / 3.27MB,29
2026-07-31 11:04:32,domain_bridge,0.65%,61.09MiB / 30.66GiB,0.19%,0B / 0B,28.5MB / 5.17MB,28
2026-07-31 11:04:32,openzen,2.86%,87.89MiB / 30.66GiB,0.28%,0B / 0B,82.2MB / 2.24MB,20
2026-07-31 11:04:32,scovox,8.31%,372.7MiB / 30.66GiB,1.19%,0B / 0B,99.8MB / 3.7MB,53
2026-07-31 11:04:32,nav2,1.16%,205.7MiB / 30.66GiB,0.66%,0B / 0B,132MB / 1.2MB,89
2026-07-31 11:04:59,ouster,27.13%,113.9MiB / 30.66GiB,0.36%,0B / 0B,0B / 1.47MB,30
2026-07-31 11:04:59,openzen,3.65%,32.35MiB / 30.66GiB,0.10%,0B / 0B,0B / 2.14MB,20
2026-07-31 11:04:59,domain_bridge,201.47%,45.68MiB / 30.66GiB,0.15%,0B / 0B,274kB / 111kB,13
2026-07-31 11:04:59,mapir-ffmpeg,17.40%,125.9MiB / 30.66GiB,0.40%,0B / 0B,0B / 819kB,33
2026-07-31 11:04:59,scovox,157.12%,45.69MiB / 30.66GiB,0.15%,0B / 0B,0B / 770kB,7
2026-07-31 11:04:59,realsense,137.42%,10.76MiB / 30.66GiB,0.03%,0B / 0B,115kB / 311kB,2
2026-07-31 11:04:59,nav2,82.00%,111MiB / 30.66GiB,0.35%,0B / 0B,0B / 1.13MB,90
2026-07-31 11:04:59,glim,110.80%,22.68MiB / 30.66GiB,0.07%,0B / 0B,0B / 98.3kB,4
2026-07-31 11:05:02,glim,50.38%,89.21MiB / 30.66GiB,0.28%,0B / 0B,0B / 98.3kB,20
2026-07-31 11:05:02,ouster,7.60%,117.3MiB / 30.66GiB,0.37%,0B / 0B,0B / 1.47MB,30
2026-07-31 11:05:02,openzen,2.91%,32.73MiB / 30.66GiB,0.10%,0B / 0B,0B / 2.14MB,20
2026-07-31 11:05:02,domain_bridge,201.78%,55.18MiB / 30.66GiB,0.18%,0B / 0B,328kB / 172kB,6
2026-07-31 11:05:02,mapir-ffmpeg,0.14%,126.2MiB / 30.66GiB,0.40%,0B / 0B,0B / 819kB,33
2026-07-31 11:05:02,scovox,13.55%,149.3MiB / 30.66GiB,0.48%,0B / 0B,0B / 844kB,53
2026-07-31 11:05:02,realsense,17.11%,92.62MiB / 30.66GiB,0.29%,0B / 0B,115kB / 311kB,33
2026-07-31 11:05:02,nav2,1.62%,118MiB / 30.66GiB,0.38%,0B / 0B,0B / 1.13MB,90
2026-07-31 11:05:05,glim,89.56%,208.9MiB / 30.66GiB,0.67%,0B / 0B,0B / 98.3kB,35
2026-07-31 11:05:05,ouster,6.78%,116.3MiB / 30.66GiB,0.37%,0B / 0B,0B / 1.47MB,30
2026-07-31 11:05:05,openzen,2.15%,31.23MiB / 30.66GiB,0.10%,0B / 0B,0B / 2.14MB,20
2026-07-31 11:05:05,domain_bridge,102.76%,23.21MiB / 30.66GiB,0.07%,0B / 0B,328kB / 274kB,4
2026-07-31 11:05:05,mapir-ffmpeg,0.08%,125.8MiB / 30.66GiB,0.40%,0B / 0B,0B / 819kB,33
2026-07-31 11:05:05,scovox,6.05%,239.3MiB / 30.66GiB,0.76%,0B / 0B,0B / 844kB,53
2026-07-31 11:05:05,realsense,16.75%,91.55MiB / 30.66GiB,0.29%,0B / 0B,115kB / 311kB,33
2026-07-31 11:05:05,nav2,4.45%,119.7MiB / 30.66GiB,0.38%,0B / 0B,311kB / 1.13MB,92
2026-07-31 11:05:08,glim,86.72%,294.3MiB / 30.66GiB,0.94%,0B / 0B,0B / 98.3kB,35
2026-07-31 11:05:08,ouster,7.01%,116.6MiB / 30.66GiB,0.37%,0B / 0B,0B / 1.47MB,30
2026-07-31 11:05:08,openzen,2.63%,32.12MiB / 30.66GiB,0.10%,0B / 0B,0B / 2.14MB,20
2026-07-31 11:05:08,domain_bridge,1.11%,50.98MiB / 30.66GiB,0.16%,0B / 0B,328kB / 274kB,28
2026-07-31 11:05:08,mapir-ffmpeg,0.31%,126.4MiB / 30.66GiB,0.40%,0B / 0B,0B / 819kB,33
2026-07-31 11:05:08,scovox,112.14%,467.6MiB / 30.66GiB,1.49%,0B / 0B,24.6kB / 844kB,53
2026-07-31 11:05:08,realsense,17.47%,91.94MiB / 30.66GiB,0.29%,0B / 0B,115kB / 311kB,33
2026-07-31 11:05:08,nav2,4.87%,120.1MiB / 30.66GiB,0.38%,0B / 0B,311kB / 1.13MB,92
2026-07-31 11:05:11,glim,78.37%,300.5MiB / 30.66GiB,0.96%,0B / 0B,0B / 98.3kB,35
2026-07-31 11:05:11,ouster,7.65%,116.9MiB / 30.66GiB,0.37%,0B / 0B,0B / 1.47MB,30
2026-07-31 11:05:11,openzen,2.71%,32.13MiB / 30.66GiB,0.10%,0B / 0B,0B / 2.14MB,20
2026-07-31 11:05:11,domain_bridge,0.91%,62.85MiB / 30.66GiB,0.20%,0B / 0B,328kB / 274kB,28
2026-07-31 11:05:11,mapir-ffmpeg,0.12%,125.7MiB / 30.66GiB,0.40%,0B / 0B,0B / 819kB,33
2026-07-31 11:05:11,scovox,123.19%,605.4MiB / 30.66GiB,1.93%,0B / 0B,24.6kB / 844kB,53
2026-07-31 11:05:11,realsense,17.20%,91.71MiB / 30.66GiB,0.29%,0B / 0B,115kB / 311kB,33
2026-07-31 11:05:11,nav2,4.57%,119.6MiB / 30.66GiB,0.38%,0B / 0B,311kB / 1.13MB,92
2026-07-31 11:05:14,glim,82.01%,307.9MiB / 30.66GiB,0.98%,0B / 0B,0B / 98.3kB,35
2026-07-31 11:05:14,ouster,7.39%,116.7MiB / 30.66GiB,0.37%,0B / 0B,0B / 1.47MB,30
2026-07-31 11:05:14,openzen,2.84%,32.17MiB / 30.66GiB,0.10%,0B / 0B,0B / 2.14MB,20
2026-07-31 11:05:14,domain_bridge,4.85%,60.27MiB / 30.66GiB,0.19%,0B / 0B,328kB / 274kB,28
2026-07-31 11:05:14,mapir-ffmpeg,0.61%,127.2MiB / 30.66GiB,0.41%,0B / 0B,0B / 819kB,33
2026-07-31 11:05:14,scovox,115.94%,634.6MiB / 30.66GiB,2.02%,0B / 0B,24.6kB / 844kB,53
2026-07-31 11:05:14,realsense,17.94%,91.77MiB / 30.66GiB,0.29%,0B / 0B,115kB / 311kB,33
2026-07-31 11:05:14,nav2,5.26%,120.7MiB / 30.66GiB,0.38%,0B / 0B,311kB / 1.13MB,92
2026-07-31 11:05:17,glim,78.46%,310.6MiB / 30.66GiB,0.99%,0B / 0B,0B / 98.3kB,35
2026-07-31 11:05:17,ouster,7.09%,117MiB / 30.66GiB,0.37%,0B / 0B,0B / 1.47MB,30
2026-07-31 11:05:17,openzen,2.65%,32.69MiB / 30.66GiB,0.10%,0B / 0B,0B / 2.14MB,20
2026-07-31 11:05:17,domain_bridge,0.41%,64.45MiB / 30.66GiB,0.21%,0B / 0B,328kB / 274kB,28
2026-07-31 11:05:17,mapir-ffmpeg,0.05%,126MiB / 30.66GiB,0.40%,0B / 0B,0B / 819kB,33
2026-07-31 11:05:17,scovox,116.98%,644.2MiB / 30.66GiB,2.05%,0B / 0B,24.6kB / 844kB,53
2026-07-31 11:05:17,realsense,17.62%,91.3MiB / 30.66GiB,0.29%,0B / 0B,115kB / 311kB,33
2026-07-31 11:05:17,nav2,4.90%,120.1MiB / 30.66GiB,0.38%,0B / 0B,311kB / 1.13MB,92
2026-07-31 11:05:20,trav_ros2,101.54%,218MiB / 30.66GiB,0.69%,0B / 0B,164kB / 602kB,44
2026-07-31 11:05:20,glim,82.78%,309.5MiB / 30.66GiB,0.99%,0B / 0B,0B / 11.6MB,35
2026-07-31 11:05:20,ouster,8.70%,117.1MiB / 30.66GiB,0.37%,0B / 0B,0B / 3.09MB,30
2026-07-31 11:05:20,openzen,3.80%,32.59MiB / 30.66GiB,0.10%,0B / 0B,0B / 2.15MB,20
2026-07-31 11:05:20,domain_bridge,5.48%,66.09MiB / 30.66GiB,0.21%,0B / 0B,328kB / 4.96MB,28
2026-07-31 11:05:20,mapir-ffmpeg,2.05%,126.9MiB / 30.66GiB,0.40%,0B / 0B,0B / 1.28MB,33
2026-07-31 11:05:20,scovox,121.87%,611.2MiB / 30.66GiB,1.95%,0B / 0B,24.6kB / 3.48MB,53
2026-07-31 11:05:20,realsense,18.19%,92.9MiB / 30.66GiB,0.30%,0B / 0B,115kB / 3.24MB,33
2026-07-31 11:05:20,nav2,9.81%,123.6MiB / 30.66GiB,0.39%,0B / 0B,311kB / 1.16MB,92
2026-07-31 11:05:20,docker-recorder-run-352c54dc0954,111.78%,44.39MiB / 30.66GiB,0.14%,0B / 0B,0B / 0B,22
2026-07-31 11:05:23,docker-recorder-run-352c54dc0954,201.95%,40.34MiB / 30.66GiB,0.13%,0B / 0B,164kB / 0B,10
2026-07-31 11:05:23,trav_ros2,101.68%,383.8MiB / 30.66GiB,1.22%,0B / 0B,164kB / 602kB,44
2026-07-31 11:05:23,glim,80.21%,317.8MiB / 30.66GiB,1.01%,0B / 0B,0B / 11.6MB,35
2026-07-31 11:05:23,ouster,7.59%,117.7MiB / 30.66GiB,0.37%,0B / 0B,0B / 3.09MB,30
2026-07-31 11:05:23,openzen,2.58%,32.6MiB / 30.66GiB,0.10%,0B / 0B,0B / 2.15MB,20
2026-07-31 11:05:23,domain_bridge,0.47%,70.12MiB / 30.66GiB,0.22%,0B / 0B,328kB / 4.96MB,28
2026-07-31 11:05:23,mapir-ffmpeg,0.17%,127.2MiB / 30.66GiB,0.40%,0B / 0B,0B / 1.28MB,33
2026-07-31 11:05:23,scovox,105.27%,658.1MiB / 30.66GiB,2.10%,0B / 0B,24.6kB / 3.48MB,53
2026-07-31 11:05:23,realsense,17.47%,92.22MiB / 30.66GiB,0.29%,0B / 0B,115kB / 3.24MB,33
2026-07-31 11:05:23,nav2,9.61%,154.4MiB / 30.66GiB,0.49%,0B / 0B,311kB / 1.16MB,92
2026-07-31 11:05:26,docker-recorder-run-352c54dc0954,202.04%,43.66MiB / 30.66GiB,0.14%,0B / 0B,164kB / 61.4kB,11
2026-07-31 11:05:26,trav_ros2,101.44%,379.8MiB / 30.66GiB,1.21%,0B / 0B,369kB / 602kB,44
2026-07-31 11:05:26,glim,80.56%,327.9MiB / 30.66GiB,1.04%,0B / 0B,0B / 11.6MB,35
2026-07-31 11:05:26,ouster,7.38%,117.5MiB / 30.66GiB,0.37%,0B / 0B,0B / 3.09MB,30
2026-07-31 11:05:26,openzen,2.54%,32.64MiB / 30.66GiB,0.10%,0B / 0B,0B / 2.15MB,20
2026-07-31 11:05:26,domain_bridge,0.46%,68.39MiB / 30.66GiB,0.22%,0B / 0B,328kB / 4.96MB,28
2026-07-31 11:05:26,mapir-ffmpeg,0.10%,127.2MiB / 30.66GiB,0.41%,0B / 0B,0B / 1.28MB,33
2026-07-31 11:05:26,scovox,115.09%,655.3MiB / 30.66GiB,2.09%,0B / 0B,24.6kB / 3.48MB,53
2026-07-31 11:05:26,realsense,17.28%,91.98MiB / 30.66GiB,0.29%,0B / 0B,115kB / 3.24MB,33
2026-07-31 11:05:26,nav2,7.70%,185.9MiB / 30.66GiB,0.59%,0B / 0B,311kB / 1.16MB,92
2026-07-31 11:05:29,docker-recorder-run-352c54dc0954,119.12%,43.48MiB / 30.66GiB,0.14%,0B / 0B,262kB / 184kB,9
2026-07-31 11:05:29,trav_ros2,101.43%,380.4MiB / 30.66GiB,1.21%,0B / 0B,369kB / 602kB,44
2026-07-31 11:05:29,glim,78.10%,331.1MiB / 30.66GiB,1.05%,0B / 0B,0B / 11.6MB,35
2026-07-31 11:05:29,ouster,7.48%,117.8MiB / 30.66GiB,0.38%,0B / 0B,0B / 3.09MB,30
2026-07-31 11:05:29,openzen,2.74%,32.68MiB / 30.66GiB,0.10%,0B / 0B,0B / 2.15MB,20
2026-07-31 11:05:29,domain_bridge,0.54%,68.56MiB / 30.66GiB,0.22%,0B / 0B,328kB / 4.96MB,28
2026-07-31 11:05:29,mapir-ffmpeg,0.27%,127.5MiB / 30.66GiB,0.41%,0B / 0B,0B / 1.28MB,33
2026-07-31 11:05:29,scovox,106.25%,651.1MiB / 30.66GiB,2.07%,0B / 0B,24.6kB / 3.48MB,53
2026-07-31 11:05:29,realsense,17.45%,91.79MiB / 30.66GiB,0.29%,0B / 0B,115kB / 3.24MB,33
2026-07-31 11:05:29,nav2,8.44%,186.2MiB / 30.66GiB,0.59%,0B / 0B,311kB / 1.16MB,92
2026-07-31 11:05:32,docker-recorder-run-352c54dc0954,0.00%,10.68MiB / 30.66GiB,0.03%,0B / 0B,262kB / 233kB,2
2026-07-31 11:05:32,trav_ros2,101.63%,381.1MiB / 30.66GiB,1.21%,0B / 0B,369kB / 602kB,44
2026-07-31 11:05:32,glim,77.15%,333MiB / 30.66GiB,1.06%,0B / 0B,0B / 11.6MB,35
2026-07-31 11:05:32,ouster,7.25%,117.7MiB / 30.66GiB,0.37%,0B / 0B,0B / 3.09MB,30
2026-07-31 11:05:32,openzen,2.40%,32.96MiB / 30.66GiB,0.10%,0B / 0B,0B / 2.15MB,20
2026-07-31 11:05:32,domain_bridge,2.01%,63.9MiB / 30.66GiB,0.20%,0B / 0B,328kB / 4.96MB,28
2026-07-31 11:05:32,mapir-ffmpeg,0.18%,127.1MiB / 30.66GiB,0.40%,0B / 0B,0B / 1.28MB,33
2026-07-31 11:05:32,scovox,121.60%,659.6MiB / 30.66GiB,2.10%,0B / 0B,24.6kB / 3.48MB,53
2026-07-31 11:05:32,realsense,17.40%,92.07MiB / 30.66GiB,0.29%,0B / 0B,115kB / 3.24MB,33
2026-07-31 11:05:32,nav2,7.47%,190.4MiB / 30.66GiB,0.61%,0B / 0B,311kB / 1.16MB,92
2026-07-31 11:05:35,docker-recorder-run-352c54dc0954,0.00%,10.56MiB / 30.66GiB,0.03%,0B / 0B,262kB / 233kB,2
2026-07-31 11:05:35,trav_ros2,102.06%,381.1MiB / 30.66GiB,1.21%,0B / 0B,369kB / 602kB,44
2026-07-31 11:05:35,glim,81.90%,332.5MiB / 30.66GiB,1.06%,0B / 0B,0B / 11.6MB,35
2026-07-31 11:05:35,ouster,7.33%,118.4MiB / 30.66GiB,0.38%,0B / 0B,0B / 3.09MB,30
2026-07-31 11:05:35,openzen,2.67%,32.73MiB / 30.66GiB,0.10%,0B / 0B,0B / 2.15MB,20
2026-07-31 11:05:35,domain_bridge,1.50%,67.32MiB / 30.66GiB,0.21%,0B / 0B,328kB / 4.96MB,28
2026-07-31 11:05:35,mapir-ffmpeg,0.24%,127.6MiB / 30.66GiB,0.41%,0B / 0B,0B / 1.28MB,33
2026-07-31 11:05:35,scovox,107.78%,666.3MiB / 30.66GiB,2.12%,0B / 0B,24.6kB / 3.48MB,53
2026-07-31 11:05:35,realsense,17.45%,91.85MiB / 30.66GiB,0.29%,0B / 0B,115kB / 3.24MB,33
2026-07-31 11:05:35,nav2,7.63%,192.4MiB / 30.66GiB,0.61%,0B / 0B,311kB / 1.16MB,92
2026-07-31 11:05:39,docker-recorder-run-352c54dc0954,0.00%,10.56MiB / 30.66GiB,0.03%,0B / 0B,262kB / 233kB,2
2026-07-31 11:05:39,trav_ros2,102.21%,381.7MiB / 30.66GiB,1.22%,0B / 0B,369kB / 602kB,44
2026-07-31 11:05:39,glim,80.29%,333.2MiB / 30.66GiB,1.06%,0B / 0B,0B / 11.6MB,35
2026-07-31 11:05:39,ouster,8.30%,118.9MiB / 30.66GiB,0.38%,0B / 0B,0B / 3.09MB,30
2026-07-31 11:05:39,openzen,2.50%,32.53MiB / 30.66GiB,0.10%,0B / 0B,0B / 2.15MB,20
2026-07-31 11:05:39,domain_bridge,1.74%,67.32MiB / 30.66GiB,0.21%,0B / 0B,328kB / 4.96MB,28
2026-07-31 11:05:39,mapir-ffmpeg,0.59%,128.4MiB / 30.66GiB,0.41%,0B / 0B,0B / 1.28MB,33
2026-07-31 11:05:39,scovox,112.87%,659.4MiB / 30.66GiB,2.10%,0B / 0B,24.6kB / 3.48MB,53
2026-07-31 11:05:39,realsense,17.27%,91.89MiB / 30.66GiB,0.29%,0B / 0B,115kB / 3.24MB,33
2026-07-31 11:05:39,nav2,7.65%,192MiB / 30.66GiB,0.61%,0B / 0B,311kB / 1.16MB,92
2026-07-31 11:05:42,docker-recorder-run-352c54dc0954,0.65%,10.68MiB / 30.66GiB,0.03%,0B / 0B,262kB / 233kB,1
2026-07-31 11:05:42,trav_ros2,102.19%,374.9MiB / 30.66GiB,1.19%,0B / 0B,369kB / 602kB,44
2026-07-31 11:05:42,glim,78.00%,336.5MiB / 30.66GiB,1.07%,0B / 0B,0B / 11.6MB,35
2026-07-31 11:05:42,ouster,7.33%,118.5MiB / 30.66GiB,0.38%,0B / 0B,0B / 3.09MB,30
2026-07-31 11:05:42,openzen,2.50%,32.54MiB / 30.66GiB,0.10%,0B / 0B,0B / 2.15MB,20
2026-07-31 11:05:42,domain_bridge,0.40%,63.54MiB / 30.66GiB,0.20%,0B / 0B,328kB / 4.96MB,28
2026-07-31 11:05:42,mapir-ffmpeg,0.06%,127MiB / 30.66GiB,0.40%,0B / 0B,0B / 1.28MB,33
2026-07-31 11:05:42,scovox,109.16%,667.3MiB / 30.66GiB,2.13%,0B / 0B,24.6kB / 3.48MB,53
2026-07-31 11:05:42,realsense,17.13%,91.89MiB / 30.66GiB,0.29%,0B / 0B,115kB / 3.24MB,33
2026-07-31 11:05:42,nav2,7.67%,192.1MiB / 30.66GiB,0.61%,0B / 0B,311kB / 1.16MB,92
2026-07-31 11:05:45,docker-recorder-run-352c54dc0954,0.00%,10.38MiB / 30.66GiB,0.03%,0B / 0B,262kB / 233kB,1
2026-07-31 11:05:45,trav_ros2,102.07%,382.4MiB / 30.66GiB,1.22%,0B / 0B,369kB / 602kB,44
2026-07-31 11:05:45,glim,78.43%,339.6MiB / 30.66GiB,1.08%,0B / 0B,0B / 11.6MB,35
2026-07-31 11:05:45,ouster,7.95%,118MiB / 30.66GiB,0.38%,0B / 0B,0B / 3.09MB,30
2026-07-31 11:05:45,openzen,2.77%,32.8MiB / 30.66GiB,0.10%,0B / 0B,0B / 2.15MB,20
2026-07-31 11:05:45,domain_bridge,3.31%,64.05MiB / 30.66GiB,0.20%,0B / 0B,328kB / 4.96MB,28
2026-07-31 11:05:45,mapir-ffmpeg,0.52%,127.5MiB / 30.66GiB,0.41%,0B / 0B,0B / 1.28MB,33
2026-07-31 11:05:45,scovox,119.99%,638.4MiB / 30.66GiB,2.03%,0B / 0B,24.6kB / 3.48MB,53
2026-07-31 11:05:45,realsense,18.17%,91.95MiB / 30.66GiB,0.29%,0B / 0B,115kB / 3.24MB,33
2026-07-31 11:05:45,nav2,7.92%,191.3MiB / 30.66GiB,0.61%,0B / 0B,311kB / 1.16MB,92
2026-07-31 11:05:48,docker-recorder-run-352c54dc0954,0.00%,10.36MiB / 30.66GiB,0.03%,0B / 0B,262kB / 233kB,1
2026-07-31 11:05:48,trav_ros2,101.43%,381MiB / 30.66GiB,1.21%,0B / 0B,369kB / 602kB,44
2026-07-31 11:05:48,glim,81.10%,347.9MiB / 30.66GiB,1.11%,0B / 0B,0B / 11.6MB,35
2026-07-31 11:05:48,ouster,7.73%,118.7MiB / 30.66GiB,0.38%,0B / 0B,0B / 3.09MB,30
2026-07-31 11:05:48,openzen,2.86%,32.86MiB / 30.66GiB,0.10%,0B / 0B,0B / 2.15MB,20
2026-07-31 11:05:48,domain_bridge,1.27%,66.94MiB / 30.66GiB,0.21%,0B / 0B,328kB / 4.96MB,28
2026-07-31 11:05:48,mapir-ffmpeg,0.53%,128.5MiB / 30.66GiB,0.41%,0B / 0B,0B / 1.28MB,33
2026-07-31 11:05:48,scovox,110.67%,686.2MiB / 30.66GiB,2.19%,0B / 0B,24.6kB / 3.48MB,53
2026-07-31 11:05:48,realsense,17.65%,93.29MiB / 30.66GiB,0.30%,0B / 0B,115kB / 3.24MB,33
2026-07-31 11:05:48,nav2,8.14%,192.1MiB / 30.66GiB,0.61%,0B / 0B,311kB / 1.16MB,92
2026-07-31 11:05:51,docker-recorder-run-352c54dc0954,0.00%,10.36MiB / 30.66GiB,0.03%,0B / 0B,262kB / 328kB,1
2026-07-31 11:05:51,trav_ros2,101.35%,382.4MiB / 30.66GiB,1.22%,0B / 0B,369kB / 1.61MB,44
2026-07-31 11:05:51,glim,79.63%,348.5MiB / 30.66GiB,1.11%,0B / 0B,0B / 11.6MB,35
2026-07-31 11:05:51,ouster,7.19%,118.2MiB / 30.66GiB,0.38%,0B / 0B,0B / 3.09MB,30
2026-07-31 11:05:51,openzen,2.44%,32.63MiB / 30.66GiB,0.10%,0B / 0B,0B / 2.15MB,20
2026-07-31 11:05:51,domain_bridge,0.78%,66.16MiB / 30.66GiB,0.21%,0B / 0B,328kB / 4.96MB,28
2026-07-31 11:05:51,mapir-ffmpeg,0.05%,126.9MiB / 30.66GiB,0.40%,0B / 0B,0B / 1.28MB,33
2026-07-31 11:05:51,scovox,105.46%,641.9MiB / 30.66GiB,2.04%,0B / 0B,24.6kB / 3.51MB,53
2026-07-31 11:05:51,realsense,17.28%,92.11MiB / 30.66GiB,0.29%,0B / 0B,115kB / 3.24MB,33
2026-07-31 11:05:51,nav2,6.96%,191.7MiB / 30.66GiB,0.61%,0B / 0B,311kB / 1.16MB,92
2026-07-31 11:05:54,docker-recorder-run-352c54dc0954,0.00%,10.36MiB / 30.66GiB,0.03%,0B / 0B,262kB / 328kB,1
2026-07-31 11:05:54,trav_ros2,101.13%,422.2MiB / 30.66GiB,1.34%,0B / 0B,369kB / 1.61MB,44
2026-07-31 11:05:54,glim,78.95%,347.3MiB / 30.66GiB,1.11%,0B / 0B,0B / 11.6MB,35
2026-07-31 11:05:54,ouster,7.53%,118.5MiB / 30.66GiB,0.38%,0B / 0B,0B / 3.09MB,30
2026-07-31 11:05:54,openzen,2.58%,33.66MiB / 30.66GiB,0.11%,0B / 0B,0B / 2.15MB,20
2026-07-31 11:05:54,domain_bridge,1.76%,66.65MiB / 30.66GiB,0.21%,0B / 0B,328kB / 4.96MB,28
2026-07-31 11:05:54,mapir-ffmpeg,0.56%,128MiB / 30.66GiB,0.41%,0B / 0B,0B / 1.28MB,33
2026-07-31 11:05:54,scovox,109.56%,685.7MiB / 30.66GiB,2.18%,0B / 0B,24.6kB / 3.51MB,53
2026-07-31 11:05:54,realsense,17.15%,92.77MiB / 30.66GiB,0.30%,0B / 0B,115kB / 3.24MB,33
2026-07-31 11:05:54,nav2,8.55%,193.2MiB / 30.66GiB,0.62%,0B / 0B,311kB / 1.18MB,92
2026-07-31 11:05:57,docker-recorder-run-352c54dc0954,0.00%,10.36MiB / 30.66GiB,0.03%,0B / 0B,262kB / 1.88MB,1
2026-07-31 11:05:57,trav_ros2,101.30%,381.1MiB / 30.66GiB,1.21%,0B / 0B,369kB / 1.64MB,44
2026-07-31 11:05:57,glim,76.36%,348.2MiB / 30.66GiB,1.11%,0B / 0B,0B / 11.6MB,35
2026-07-31 11:05:57,ouster,7.08%,117.8MiB / 30.66GiB,0.38%,0B / 0B,0B / 3.09MB,30
2026-07-31 11:05:57,openzen,2.49%,32.7MiB / 30.66GiB,0.10%,0B / 0B,0B / 2.15MB,20
2026-07-31 11:05:57,domain_bridge,0.80%,65.66MiB / 30.66GiB,0.21%,0B / 0B,328kB / 4.96MB,28
2026-07-31 11:05:57,mapir-ffmpeg,0.04%,127.4MiB / 30.66GiB,0.41%,0B / 0B,0B / 1.28MB,33
2026-07-31 11:05:57,scovox,116.61%,665.2MiB / 30.66GiB,2.12%,0B / 0B,24.6kB / 3.51MB,53
2026-07-31 11:05:57,realsense,17.22%,92.79MiB / 30.66GiB,0.30%,0B / 0B,115kB / 3.24MB,33
2026-07-31 11:05:57,nav2,7.52%,193.2MiB / 30.66GiB,0.62%,0B / 0B,311kB / 1.18MB,92
2026-07-31 11:06:00,docker-recorder-run-352c54dc0954,0.00%,10.36MiB / 30.66GiB,0.03%,0B / 0B,262kB / 1.88MB,1
2026-07-31 11:06:00,trav_ros2,101.57%,382.5MiB / 30.66GiB,1.22%,0B / 0B,369kB / 1.64MB,44
2026-07-31 11:06:00,glim,77.44%,347.5MiB / 30.66GiB,1.11%,0B / 0B,0B / 11.6MB,35
2026-07-31 11:06:00,ouster,7.18%,118.9MiB / 30.66GiB,0.38%,0B / 0B,0B / 3.09MB,30
2026-07-31 11:06:00,openzen,2.42%,32.98MiB / 30.66GiB,0.11%,0B / 0B,0B / 2.15MB,20
2026-07-31 11:06:00,domain_bridge,2.41%,63.97MiB / 30.66GiB,0.20%,0B / 0B,328kB / 4.96MB,28
2026-07-31 11:06:00,mapir-ffmpeg,0.22%,128.1MiB / 30.66GiB,0.41%,0B / 0B,0B / 1.28MB,33
2026-07-31 11:06:00,scovox,120.29%,653.8MiB / 30.66GiB,2.08%,0B / 0B,24.6kB / 3.51MB,53
2026-07-31 11:06:00,realsense,17.34%,92.12MiB / 30.66GiB,0.29%,0B / 0B,115kB / 3.24MB,33
2026-07-31 11:06:00,nav2,7.45%,192.4MiB / 30.66GiB,0.61%,0B / 0B,311kB / 1.18MB,92
2026-07-31 11:06:03,docker-recorder-run-352c54dc0954,0.00%,10.36MiB / 30.66GiB,0.03%,0B / 0B,262kB / 9.45MB,1
2026-07-31 11:06:03,trav_ros2,101.69%,376.5MiB / 30.66GiB,1.20%,0B / 0B,369kB / 1.64MB,44
2026-07-31 11:06:03,glim,80.80%,347.9MiB / 30.66GiB,1.11%,0B / 0B,0B / 11.6MB,35
2026-07-31 11:06:03,ouster,7.54%,119.7MiB / 30.66GiB,0.38%,0B / 0B,0B / 3.09MB,30
2026-07-31 11:06:03,openzen,2.37%,32.53MiB / 30.66GiB,0.10%,0B / 0B,0B / 2.15MB,20
2026-07-31 11:06:03,domain_bridge,0.68%,65.43MiB / 30.66GiB,0.21%,0B / 0B,328kB / 4.96MB,28
2026-07-31 11:06:03,mapir-ffmpeg,0.14%,128.7MiB / 30.66GiB,0.41%,0B / 0B,0B / 1.28MB,33
2026-07-31 11:06:03,scovox,111.44%,642.4MiB / 30.66GiB,2.05%,0B / 0B,24.6kB / 3.51MB,53
2026-07-31 11:06:03,realsense,17.53%,92.13MiB / 30.66GiB,0.29%,0B / 0B,115kB / 3.24MB,33
2026-07-31 11:06:03,nav2,7.64%,193.2MiB / 30.66GiB,0.62%,0B / 0B,311kB / 1.18MB,92
2026-07-31 11:06:06,docker-recorder-run-352c54dc0954,0.00%,10.36MiB / 30.66GiB,0.03%,0B / 0B,262kB / 9.45MB,1
2026-07-31 11:06:06,trav_ros2,101.84%,371.4MiB / 30.66GiB,1.18%,0B / 0B,369kB / 1.64MB,44
2026-07-31 11:06:06,glim,75.48%,347.3MiB / 30.66GiB,1.11%,0B / 0B,0B / 11.6MB,35
2026-07-31 11:06:06,ouster,7.06%,118.7MiB / 30.66GiB,0.38%,0B / 0B,0B / 3.09MB,30
2026-07-31 11:06:06,openzen,2.35%,32.3MiB / 30.66GiB,0.10%,0B / 0B,0B / 2.15MB,20
2026-07-31 11:06:06,domain_bridge,2.49%,63.62MiB / 30.66GiB,0.20%,0B / 0B,328kB / 4.96MB,28
2026-07-31 11:06:06,mapir-ffmpeg,0.09%,127.5MiB / 30.66GiB,0.41%,0B / 0B,0B / 1.28MB,33
2026-07-31 11:06:06,scovox,127.22%,653.2MiB / 30.66GiB,2.08%,0B / 0B,24.6kB / 3.51MB,53
2026-07-31 11:06:06,realsense,17.58%,92.13MiB / 30.66GiB,0.29%,0B / 0B,115kB / 3.24MB,33
2026-07-31 11:06:06,nav2,7.24%,193.5MiB / 30.66GiB,0.62%,0B / 0B,311kB / 1.18MB,92
2026-07-31 11:06:09,docker-recorder-run-352c54dc0954,34.97%,20.97MiB / 30.66GiB,0.07%,0B / 0B,520kB / 56.1MB,2
2026-07-31 11:06:09,trav_ros2,102.30%,377.3MiB / 30.66GiB,1.20%,0B / 0B,369kB / 1.65MB,44
2026-07-31 11:06:09,glim,81.39%,349MiB / 30.66GiB,1.11%,0B / 0B,0B / 11.6MB,35
2026-07-31 11:06:09,ouster,8.88%,119.3MiB / 30.66GiB,0.38%,0B / 0B,0B / 3.09MB,30
2026-07-31 11:06:09,openzen,3.57%,33.96MiB / 30.66GiB,0.11%,0B / 0B,0B / 2.15MB,20
2026-07-31 11:06:09,domain_bridge,6.55%,63.56MiB / 30.66GiB,0.20%,0B / 0B,328kB / 4.96MB,28
2026-07-31 11:06:09,mapir-ffmpeg,1.80%,129.6MiB / 30.66GiB,0.41%,0B / 0B,0B / 1.29MB,33
2026-07-31 11:06:09,scovox,160.26%,705.4MiB / 30.66GiB,2.25%,0B / 0B,24.6kB / 3.53MB,53
2026-07-31 11:06:09,realsense,19.26%,94.26MiB / 30.66GiB,0.30%,0B / 0B,115kB / 3.25MB,36
2026-07-31 11:06:09,nav2,11.52%,195.9MiB / 30.66GiB,0.62%,0B / 0B,311kB / 1.19MB,92
2026-07-31 11:06:12,trav_ros2,102.11%,379.2MiB / 30.66GiB,1.21%,0B / 0B,369kB / 1.66MB,44
2026-07-31 11:06:12,glim,80.35%,349.6MiB / 30.66GiB,1.11%,0B / 0B,0B / 11.6MB,35
2026-07-31 11:06:12,ouster,7.56%,118.7MiB / 30.66GiB,0.38%,0B / 0B,0B / 3.09MB,30
2026-07-31 11:06:12,openzen,2.55%,32.35MiB / 30.66GiB,0.10%,0B / 0B,0B / 2.15MB,20
2026-07-31 11:06:12,domain_bridge,1.02%,63.61MiB / 30.66GiB,0.20%,0B / 0B,328kB / 4.96MB,28
2026-07-31 11:06:12,scovox,121.10%,699.7MiB / 30.66GiB,2.23%,0B / 0B,24.6kB / 3.53MB,53
2026-07-31 11:06:12,nav2,8.97%,195.7MiB / 30.66GiB,0.62%,0B / 0B,311kB / 1.19MB,92
2026-07-31 11:06:15,trav_ros2,101.70%,373.1MiB / 30.66GiB,1.19%,0B / 0B,369kB / 1.66MB,44
2026-07-31 11:06:15,glim,80.64%,350MiB / 30.66GiB,1.11%,0B / 0B,0B / 11.6MB,35
2026-07-31 11:06:15,ouster,7.59%,119MiB / 30.66GiB,0.38%,0B / 0B,0B / 3.09MB,30
2026-07-31 11:06:15,openzen,2.57%,32.39MiB / 30.66GiB,0.10%,0B / 0B,0B / 2.15MB,20
2026-07-31 11:06:15,domain_bridge,0.97%,67.66MiB / 30.66GiB,0.22%,0B / 0B,328kB / 4.96MB,28
2026-07-31 11:06:15,scovox,113.16%,720MiB / 30.66GiB,2.29%,0B / 0B,24.6kB / 3.53MB,53
2026-07-31 11:06:15,nav2,7.41%,195.8MiB / 30.66GiB,0.62%,0B / 0B,311kB / 1.19MB,92
2026-07-31 11:06:18,trav_ros2,101.25%,378.9MiB / 30.66GiB,1.21%,0B / 0B,369kB / 1.66MB,44
2026-07-31 11:06:18,glim,79.78%,353MiB / 30.66GiB,1.12%,0B / 0B,0B / 11.6MB,35
2026-07-31 11:06:18,ouster,8.21%,119.1MiB / 30.66GiB,0.38%,0B / 0B,0B / 3.09MB,30
2026-07-31 11:06:18,openzen,2.80%,33.34MiB / 30.66GiB,0.11%,0B / 0B,0B / 2.15MB,20
2026-07-31 11:06:18,domain_bridge,3.08%,74.1MiB / 30.66GiB,0.24%,0B / 0B,328kB / 4.96MB,28
2026-07-31 11:06:18,scovox,112.56%,726MiB / 30.66GiB,2.31%,0B / 0B,24.6kB / 3.53MB,53
2026-07-31 11:06:18,nav2,9.05%,197.1MiB / 30.66GiB,0.63%,0B / 0B,311kB / 1.19MB,92
2026-07-31 11:07:47,ouster,30.01%,113.7MiB / 30.66GiB,0.36%,0B / 0B,0B / 3.06MB,30
2026-07-31 11:07:47,openzen,4.15%,31.46MiB / 30.66GiB,0.10%,0B / 0B,0B / 2.14MB,20
2026-07-31 11:07:47,domain_bridge,191.25%,49.83MiB / 30.66GiB,0.16%,0B / 0B,0B / 774kB,11
2026-07-31 11:07:47,mapir-ffmpeg,18.98%,125MiB / 30.66GiB,0.40%,0B / 0B,0B / 1.27MB,33
2026-07-31 11:07:47,scovox,152.35%,42.87MiB / 30.66GiB,0.14%,0B / 0B,0B / 2.24MB,7
2026-07-31 11:07:47,nav2,8.73%,112.6MiB / 30.66GiB,0.36%,0B / 0B,0B / 1.13MB,89
2026-07-31 11:07:47,glim,111.64%,31.08MiB / 30.66GiB,0.10%,0B / 0B,0B / 11MB,5
2026-07-31 11:07:47,docker-recorder-run-a32a177d4325,88.39%,20.09MiB / 30.66GiB,0.06%,0B / 0B,0B / 0B,2
2026-07-31 11:07:51,docker-recorder-run-a32a177d4325,96.17%,41.48MiB / 30.66GiB,0.13%,0B / 0B,0B / 0B,14
2026-07-31 11:07:51,glim,94.02%,140.4MiB / 30.66GiB,0.45%,0B / 0B,0B / 11.6MB,35
2026-07-31 11:07:51,ouster,9.11%,116.7MiB / 30.66GiB,0.37%,0B / 0B,0B / 3.06MB,30
2026-07-31 11:07:51,openzen,3.20%,32.55MiB / 30.66GiB,0.10%,0B / 0B,0B / 2.14MB,20
2026-07-31 11:07:51,domain_bridge,108.69%,42.88MiB / 30.66GiB,0.14%,0B / 0B,0B / 860kB,7
2026-07-31 11:07:51,mapir-ffmpeg,2.68%,126MiB / 30.66GiB,0.40%,0B / 0B,0B / 1.27MB,33
2026-07-31 11:07:51,scovox,10.92%,156.2MiB / 30.66GiB,0.50%,0B / 0B,0B / 3.51MB,53
2026-07-31 11:07:51,nav2,13.95%,123MiB / 30.66GiB,0.39%,0B / 0B,0B / 1.13MB,91
2026-07-31 11:07:54,docker-recorder-run-a32a177d4325,120.10%,40.91MiB / 30.66GiB,0.13%,0B / 0B,0B / 0B,10
2026-07-31 11:07:54,glim,81.50%,244.6MiB / 30.66GiB,0.78%,0B / 0B,0B / 11.6MB,35
2026-07-31 11:07:54,ouster,7.20%,116.8MiB / 30.66GiB,0.37%,0B / 0B,0B / 3.06MB,30
2026-07-31 11:07:54,openzen,3.64%,32.05MiB / 30.66GiB,0.10%,0B / 0B,0B / 2.14MB,20
2026-07-31 11:07:54,domain_bridge,84.56%,45.74MiB / 30.66GiB,0.15%,0B / 0B,0B / 987kB,10
2026-07-31 11:07:54,mapir-ffmpeg,0.51%,126.5MiB / 30.66GiB,0.40%,0B / 0B,0B / 1.27MB,33
2026-07-31 11:07:54,scovox,32.48%,178.7MiB / 30.66GiB,0.57%,0B / 0B,0B / 3.51MB,53
2026-07-31 11:07:54,nav2,5.64%,120.1MiB / 30.66GiB,0.38%,0B / 0B,0B / 1.13MB,91
2026-07-31 11:07:57,docker-recorder-run-a32a177d4325,113.86%,43.86MiB / 30.66GiB,0.14%,0B / 0B,0B / 61.4kB,13
2026-07-31 11:07:57,glim,82.93%,288.1MiB / 30.66GiB,0.92%,0B / 0B,0B / 11.6MB,35
2026-07-31 11:07:57,ouster,7.31%,116.3MiB / 30.66GiB,0.37%,0B / 0B,0B / 3.06MB,30
2026-07-31 11:07:57,openzen,3.88%,31.64MiB / 30.66GiB,0.10%,0B / 0B,0B / 2.14MB,20
2026-07-31 11:07:57,domain_bridge,90.73%,44.95MiB / 30.66GiB,0.14%,0B / 0B,111kB / 1.02MB,4
2026-07-31 11:07:57,mapir-ffmpeg,0.14%,125.1MiB / 30.66GiB,0.40%,0B / 0B,0B / 1.27MB,33
2026-07-31 11:07:57,scovox,136.39%,546.9MiB / 30.66GiB,1.74%,0B / 0B,0B / 3.51MB,53
2026-07-31 11:07:57,nav2,5.53%,119.9MiB / 30.66GiB,0.38%,0B / 0B,0B / 1.13MB,91
2026-07-31 11:08:00,docker-recorder-run-a32a177d4325,139.47%,44.65MiB / 30.66GiB,0.14%,0B / 0B,123kB / 61.4kB,11
2026-07-31 11:08:00,glim,80.27%,298.5MiB / 30.66GiB,0.95%,0B / 0B,0B / 11.6MB,35
2026-07-31 11:08:00,ouster,8.78%,117.5MiB / 30.66GiB,0.37%,0B / 0B,0B / 3.06MB,30
2026-07-31 11:08:00,openzen,4.60%,32.05MiB / 30.66GiB,0.10%,0B / 0B,0B / 2.14MB,20
2026-07-31 11:08:00,domain_bridge,63.36%,49.54MiB / 30.66GiB,0.16%,0B / 0B,111kB / 1.02MB,28
2026-07-31 11:08:00,mapir-ffmpeg,1.55%,127.4MiB / 30.66GiB,0.41%,0B / 0B,0B / 1.27MB,33
2026-07-31 11:08:00,scovox,127.56%,598.1MiB / 30.66GiB,1.90%,0B / 0B,0B / 3.51MB,53
2026-07-31 11:08:00,nav2,8.07%,121.2MiB / 30.66GiB,0.39%,0B / 0B,0B / 1.13MB,91
2026-07-31 11:08:03,docker-recorder-run-a32a177d4325,80.22%,10.64MiB / 30.66GiB,0.03%,0B / 0B,123kB / 233kB,2
2026-07-31 11:08:03,glim,81.54%,301.7MiB / 30.66GiB,0.96%,0B / 0B,0B / 11.6MB,35
2026-07-31 11:08:03,ouster,6.90%,116.8MiB / 30.66GiB,0.37%,0B / 0B,0B / 3.06MB,30
2026-07-31 11:08:03,openzen,3.22%,31.78MiB / 30.66GiB,0.10%,0B / 0B,0B / 2.14MB,20
2026-07-31 11:08:03,domain_bridge,5.71%,55.01MiB / 30.66GiB,0.18%,0B / 0B,111kB / 1.02MB,28
2026-07-31 11:08:03,mapir-ffmpeg,0.20%,126.8MiB / 30.66GiB,0.40%,0B / 0B,0B / 1.27MB,33
2026-07-31 11:08:03,scovox,114.10%,595.5MiB / 30.66GiB,1.90%,0B / 0B,0B / 3.51MB,53
2026-07-31 11:08:03,nav2,5.05%,121.2MiB / 30.66GiB,0.39%,0B / 0B,0B / 1.13MB,91
2026-07-31 11:08:06,docker-recorder-run-a32a177d4325,0.00%,10.64MiB / 30.66GiB,0.03%,0B / 0B,123kB / 233kB,2
2026-07-31 11:08:06,glim,79.28%,306.4MiB / 30.66GiB,0.98%,0B / 0B,0B / 11.6MB,35
2026-07-31 11:08:06,ouster,6.92%,116.5MiB / 30.66GiB,0.37%,0B / 0B,0B / 3.06MB,30
2026-07-31 11:08:06,openzen,3.11%,31.31MiB / 30.66GiB,0.10%,0B / 0B,0B / 2.14MB,20
2026-07-31 11:08:06,domain_bridge,0.36%,60.96MiB / 30.66GiB,0.19%,0B / 0B,111kB / 1.02MB,28
2026-07-31 11:08:06,mapir-ffmpeg,0.18%,126.6MiB / 30.66GiB,0.40%,0B / 0B,0B / 1.27MB,33
2026-07-31 11:08:06,scovox,112.92%,618.4MiB / 30.66GiB,1.97%,0B / 0B,0B / 3.51MB,53
2026-07-31 11:08:06,nav2,4.68%,119.4MiB / 30.66GiB,0.38%,0B / 0B,0B / 1.13MB,91
2026-07-31 11:08:09,docker-recorder-run-a32a177d4325,0.00%,10.51MiB / 30.66GiB,0.03%,0B / 0B,123kB / 233kB,2
2026-07-31 11:08:09,glim,78.97%,328.4MiB / 30.66GiB,1.05%,0B / 0B,0B / 11.6MB,35
2026-07-31 11:08:09,ouster,6.73%,115.9MiB / 30.66GiB,0.37%,0B / 0B,0B / 3.06MB,30
2026-07-31 11:08:09,openzen,3.08%,31.59MiB / 30.66GiB,0.10%,0B / 0B,0B / 2.14MB,20
2026-07-31 11:08:09,domain_bridge,0.52%,60.41MiB / 30.66GiB,0.19%,0B / 0B,111kB / 1.02MB,28
2026-07-31 11:08:09,mapir-ffmpeg,0.08%,125.7MiB / 30.66GiB,0.40%,0B / 0B,0B / 1.27MB,33
2026-07-31 11:08:09,scovox,105.39%,609.2MiB / 30.66GiB,1.94%,0B / 0B,0B / 3.51MB,53
2026-07-31 11:08:09,nav2,4.63%,121MiB / 30.66GiB,0.39%,0B / 0B,0B / 1.13MB,91
2026-07-31 11:08:12,docker-recorder-run-a32a177d4325,0.00%,10.51MiB / 30.66GiB,0.03%,0B / 0B,123kB / 233kB,2
2026-07-31 11:08:12,glim,78.66%,330.5MiB / 30.66GiB,1.05%,0B / 0B,0B / 11.6MB,35
2026-07-31 11:08:12,ouster,6.94%,116.4MiB / 30.66GiB,0.37%,0B / 0B,0B / 3.06MB,30
2026-07-31 11:08:12,openzen,3.25%,32.11MiB / 30.66GiB,0.10%,0B / 0B,0B / 2.14MB,20
2026-07-31 11:08:12,domain_bridge,2.55%,60.29MiB / 30.66GiB,0.19%,0B / 0B,111kB / 1.02MB,28
2026-07-31 11:08:12,mapir-ffmpeg,0.23%,126MiB / 30.66GiB,0.40%,0B / 0B,0B / 1.27MB,33
2026-07-31 11:08:12,scovox,128.08%,591MiB / 30.66GiB,1.88%,0B / 0B,0B / 3.51MB,53
2026-07-31 11:08:12,nav2,4.80%,120.5MiB / 30.66GiB,0.38%,0B / 0B,0B / 1.13MB,91
2026-07-31 11:08:15,docker-recorder-run-a32a177d4325,0.00%,10.42MiB / 30.66GiB,0.03%,0B / 0B,123kB / 233kB,1
2026-07-31 11:08:15,glim,78.12%,330.6MiB / 30.66GiB,1.05%,0B / 0B,0B / 11.6MB,35
2026-07-31 11:08:15,ouster,6.99%,116.5MiB / 30.66GiB,0.37%,0B / 0B,0B / 3.06MB,30
2026-07-31 11:08:15,openzen,2.99%,31.89MiB / 30.66GiB,0.10%,0B / 0B,0B / 2.14MB,20
2026-07-31 11:08:15,domain_bridge,0.74%,60MiB / 30.66GiB,0.19%,0B / 0B,111kB / 1.02MB,28
2026-07-31 11:08:15,mapir-ffmpeg,0.20%,126.1MiB / 30.66GiB,0.40%,0B / 0B,0B / 1.27MB,33
2026-07-31 11:08:15,scovox,121.18%,581.6MiB / 30.66GiB,1.85%,0B / 0B,0B / 3.51MB,53
2026-07-31 11:08:15,nav2,4.45%,120.3MiB / 30.66GiB,0.38%,0B / 0B,0B / 1.13MB,91
2026-07-31 11:08:18,docker-recorder-run-a32a177d4325,0.00%,10.31MiB / 30.66GiB,0.03%,0B / 0B,123kB / 233kB,1
2026-07-31 11:08:18,glim,76.74%,330.3MiB / 30.66GiB,1.05%,0B / 0B,0B / 11.6MB,35
2026-07-31 11:08:18,ouster,7.02%,117MiB / 30.66GiB,0.37%,0B / 0B,0B / 3.06MB,30
2026-07-31 11:08:18,openzen,3.72%,32.16MiB / 30.66GiB,0.10%,0B / 0B,0B / 2.14MB,20
2026-07-31 11:08:18,domain_bridge,2.45%,61.94MiB / 30.66GiB,0.20%,0B / 0B,111kB / 1.02MB,28
2026-07-31 11:08:18,mapir-ffmpeg,0.40%,126.4MiB / 30.66GiB,0.40%,0B / 0B,0B / 1.27MB,33
2026-07-31 11:08:18,scovox,126.58%,636.5MiB / 30.66GiB,2.03%,0B / 0B,0B / 3.51MB,53
2026-07-31 11:08:18,nav2,4.67%,121.2MiB / 30.66GiB,0.39%,0B / 0B,0B / 1.13MB,91
2026-07-31 11:08:21,docker-recorder-run-a32a177d4325,0.00%,10.31MiB / 30.66GiB,0.03%,0B / 0B,123kB / 856kB,1
2026-07-31 11:08:21,glim,81.50%,330.6MiB / 30.66GiB,1.05%,0B / 0B,0B / 11.6MB,35
2026-07-31 11:08:21,ouster,6.70%,116.4MiB / 30.66GiB,0.37%,0B / 0B,0B / 3.06MB,30
2026-07-31 11:08:21,openzen,3.63%,31.93MiB / 30.66GiB,0.10%,0B / 0B,0B / 2.15MB,20
2026-07-31 11:08:21,domain_bridge,0.30%,64.58MiB / 30.66GiB,0.21%,0B / 0B,111kB / 1.26MB,28
2026-07-31 11:08:21,mapir-ffmpeg,0.08%,126.4MiB / 30.66GiB,0.40%,0B / 0B,0B / 1.27MB,33
2026-07-31 11:08:21,scovox,114.41%,616.7MiB / 30.66GiB,1.96%,0B / 0B,0B / 3.51MB,53
2026-07-31 11:08:21,nav2,4.46%,120.3MiB / 30.66GiB,0.38%,0B / 0B,0B / 1.15MB,91
2026-07-31 11:08:24,docker-recorder-run-a32a177d4325,0.00%,10.31MiB / 30.66GiB,0.03%,0B / 0B,123kB / 856kB,1
2026-07-31 11:08:24,glim,76.52%,331.6MiB / 30.66GiB,1.06%,0B / 0B,0B / 11.6MB,35
2026-07-31 11:08:24,ouster,7.04%,116.7MiB / 30.66GiB,0.37%,0B / 0B,0B / 3.07MB,30
2026-07-31 11:08:24,openzen,3.57%,32.23MiB / 30.66GiB,0.10%,0B / 0B,0B / 2.15MB,20
2026-07-31 11:08:24,domain_bridge,2.01%,63.74MiB / 30.66GiB,0.20%,0B / 0B,111kB / 3.99MB,28
2026-07-31 11:08:24,mapir-ffmpeg,0.24%,126.2MiB / 30.66GiB,0.40%,0B / 0B,0B / 1.27MB,33
2026-07-31 11:08:24,scovox,114.94%,617.8MiB / 30.66GiB,1.97%,0B / 0B,0B / 3.54MB,53
2026-07-31 11:08:24,nav2,4.88%,120.5MiB / 30.66GiB,0.38%,0B / 0B,0B / 1.15MB,91
2026-07-31 11:08:27,docker-recorder-run-a32a177d4325,0.00%,10.31MiB / 30.66GiB,0.03%,0B / 0B,123kB / 856kB,1
2026-07-31 11:08:27,glim,81.51%,331.9MiB / 30.66GiB,1.06%,0B / 0B,0B / 11.6MB,35
2026-07-31 11:08:27,ouster,7.07%,117.1MiB / 30.66GiB,0.37%,0B / 0B,0B / 3.07MB,30
2026-07-31 11:08:27,openzen,3.52%,32.24MiB / 30.66GiB,0.10%,0B / 0B,0B / 2.15MB,20
2026-07-31 11:08:27,domain_bridge,0.54%,60.92MiB / 30.66GiB,0.19%,0B / 0B,111kB / 3.99MB,28
2026-07-31 11:08:27,mapir-ffmpeg,0.22%,127MiB / 30.66GiB,0.40%,0B / 0B,0B / 1.27MB,33
2026-07-31 11:08:27,scovox,110.77%,620.8MiB / 30.66GiB,1.98%,0B / 0B,0B / 3.54MB,53
2026-07-31 11:08:27,nav2,4.57%,121.5MiB / 30.66GiB,0.39%,0B / 0B,0B / 1.17MB,91
2026-07-31 11:08:31,docker-recorder-run-a32a177d4325,0.00%,10.31MiB / 30.66GiB,0.03%,0B / 0B,123kB / 1.88MB,1
2026-07-31 11:08:31,glim,76.68%,331.9MiB / 30.66GiB,1.06%,0B / 0B,0B / 11.6MB,35
2026-07-31 11:08:31,ouster,7.06%,116.6MiB / 30.66GiB,0.37%,0B / 0B,0B / 3.07MB,30
2026-07-31 11:08:31,openzen,3.20%,31.76MiB / 30.66GiB,0.10%,0B / 0B,0B / 2.15MB,20
2026-07-31 11:08:31,domain_bridge,2.67%,60.84MiB / 30.66GiB,0.19%,0B / 0B,111kB / 4.46MB,28
2026-07-31 11:08:31,mapir-ffmpeg,0.14%,126.5MiB / 30.66GiB,0.40%,0B / 0B,0B / 1.27MB,33
2026-07-31 11:08:31,scovox,122.60%,582.6MiB / 30.66GiB,1.86%,0B / 0B,0B / 3.54MB,53
2026-07-31 11:08:31,nav2,4.40%,121MiB / 30.66GiB,0.39%,0B / 0B,0B / 1.17MB,91
2026-07-31 11:08:34,docker-recorder-run-a32a177d4325,0.00%,10.31MiB / 30.66GiB,0.03%,0B / 0B,123kB / 1.88MB,1
2026-07-31 11:08:34,glim,77.53%,331.8MiB / 30.66GiB,1.06%,0B / 0B,0B / 11.6MB,35
2026-07-31 11:08:34,ouster,7.21%,116.5MiB / 30.66GiB,0.37%,0B / 0B,0B / 3.07MB,30
2026-07-31 11:08:34,openzen,3.28%,32.28MiB / 30.66GiB,0.10%,0B / 0B,0B / 2.15MB,20
2026-07-31 11:08:34,domain_bridge,0.78%,61.58MiB / 30.66GiB,0.20%,0B / 0B,111kB / 4.46MB,28
2026-07-31 11:08:34,mapir-ffmpeg,0.32%,127.3MiB / 30.66GiB,0.41%,0B / 0B,0B / 1.27MB,33
2026-07-31 11:08:34,scovox,110.66%,635.5MiB / 30.66GiB,2.02%,0B / 0B,0B / 3.54MB,53
2026-07-31 11:08:34,nav2,4.67%,120.5MiB / 30.66GiB,0.38%,0B / 0B,0B / 1.17MB,91
2026-07-31 11:08:37,docker-recorder-run-a32a177d4325,0.00%,10.31MiB / 30.66GiB,0.03%,0B / 0B,123kB / 9.45MB,1
2026-07-31 11:08:37,glim,83.30%,331.3MiB / 30.66GiB,1.05%,0B / 0B,0B / 11.6MB,35
2026-07-31 11:08:37,ouster,6.59%,117.1MiB / 30.66GiB,0.37%,0B / 0B,0B / 3.07MB,30
2026-07-31 11:08:37,openzen,2.97%,31.81MiB / 30.66GiB,0.10%,0B / 0B,0B / 2.15MB,20
2026-07-31 11:08:37,domain_bridge,0.73%,63.26MiB / 30.66GiB,0.20%,0B / 0B,111kB / 5.17MB,28
2026-07-31 11:08:37,mapir-ffmpeg,0.12%,127.1MiB / 30.66GiB,0.40%,0B / 0B,0B / 1.27MB,33
2026-07-31 11:08:37,scovox,111.08%,640.8MiB / 30.66GiB,2.04%,0B / 0B,0B / 3.54MB,53
2026-07-31 11:08:37,nav2,4.90%,121.7MiB / 30.66GiB,0.39%,0B / 0B,0B / 1.17MB,91
2026-07-31 11:08:40,docker-recorder-run-a32a177d4325,0.00%,10.31MiB / 30.66GiB,0.03%,0B / 0B,123kB / 9.45MB,1
2026-07-31 11:08:40,glim,79.17%,331.5MiB / 30.66GiB,1.06%,0B / 0B,0B / 11.6MB,35
2026-07-31 11:08:40,ouster,7.25%,117.2MiB / 30.66GiB,0.37%,0B / 0B,0B / 3.07MB,30
2026-07-31 11:08:40,openzen,3.21%,31.86MiB / 30.66GiB,0.10%,0B / 0B,0B / 2.15MB,20
2026-07-31 11:08:40,domain_bridge,1.15%,61.04MiB / 30.66GiB,0.19%,0B / 0B,111kB / 5.17MB,28
2026-07-31 11:08:40,mapir-ffmpeg,0.29%,127.1MiB / 30.66GiB,0.40%,0B / 0B,0B / 1.27MB,33
2026-07-31 11:08:40,scovox,109.51%,620.5MiB / 30.66GiB,1.98%,0B / 0B,0B / 3.54MB,53
2026-07-31 11:08:40,nav2,4.17%,121.4MiB / 30.66GiB,0.39%,0B / 0B,0B / 1.17MB,91
2026-07-31 11:08:43,docker-recorder-run-a32a177d4325,0.00%,10.31MiB / 30.66GiB,0.03%,0B / 0B,123kB / 9.45MB,1
2026-07-31 11:08:43,glim,80.20%,331.1MiB / 30.66GiB,1.05%,0B / 0B,0B / 11.6MB,35
2026-07-31 11:08:43,ouster,6.87%,118.2MiB / 30.66GiB,0.38%,0B / 0B,0B / 3.07MB,30
2026-07-31 11:08:43,openzen,3.41%,32.11MiB / 30.66GiB,0.10%,0B / 0B,0B / 2.15MB,20
2026-07-31 11:08:43,domain_bridge,0.47%,62.88MiB / 30.66GiB,0.20%,0B / 0B,111kB / 5.17MB,28
2026-07-31 11:08:43,mapir-ffmpeg,0.25%,126.8MiB / 30.66GiB,0.40%,0B / 0B,0B / 1.27MB,33
2026-07-31 11:08:43,scovox,115.26%,626.4MiB / 30.66GiB,2.00%,0B / 0B,0B / 3.54MB,53
2026-07-31 11:08:43,nav2,4.88%,122.4MiB / 30.66GiB,0.39%,0B / 0B,0B / 1.17MB,91
2026-07-31 11:08:46,docker-recorder-run-a32a177d4325,0.00%,10.31MiB / 30.66GiB,0.03%,0B / 0B,123kB / 9.45MB,1
2026-07-31 11:08:46,glim,80.02%,331.4MiB / 30.66GiB,1.06%,0B / 0B,0B / 11.6MB,35
2026-07-31 11:08:46,ouster,7.09%,116.9MiB / 30.66GiB,0.37%,0B / 0B,0B / 3.07MB,30
2026-07-31 11:08:46,openzen,3.15%,32.12MiB / 30.66GiB,0.10%,0B / 0B,0B / 2.15MB,20
2026-07-31 11:08:46,domain_bridge,0.33%,69.59MiB / 30.66GiB,0.22%,0B / 0B,111kB / 5.17MB,28
2026-07-31 11:08:46,mapir-ffmpeg,0.09%,126.5MiB / 30.66GiB,0.40%,0B / 0B,0B / 1.27MB,33
2026-07-31 11:08:46,scovox,114.67%,621.7MiB / 30.66GiB,1.98%,0B / 0B,0B / 3.54MB,53
2026-07-31 11:08:46,nav2,4.56%,122.2MiB / 30.66GiB,0.39%,0B / 0B,0B / 1.17MB,91
2026-07-31 11:08:49,docker-recorder-run-a32a177d4325,0.00%,10.31MiB / 30.66GiB,0.03%,0B / 0B,123kB / 9.45MB,1
2026-07-31 11:08:49,glim,77.06%,331.1MiB / 30.66GiB,1.05%,0B / 0B,0B / 11.6MB,35
2026-07-31 11:08:49,ouster,6.76%,117MiB / 30.66GiB,0.37%,0B / 0B,0B / 3.07MB,30
2026-07-31 11:08:49,openzen,3.19%,32.16MiB / 30.66GiB,0.10%,0B / 0B,0B / 2.15MB,20
2026-07-31 11:08:49,domain_bridge,0.90%,70.04MiB / 30.66GiB,0.22%,0B / 0B,111kB / 5.17MB,28
2026-07-31 11:08:49,mapir-ffmpeg,0.09%,126.6MiB / 30.66GiB,0.40%,0B / 0B,0B / 1.27MB,33
2026-07-31 11:08:49,scovox,106.56%,660.2MiB / 30.66GiB,2.10%,0B / 0B,0B / 3.54MB,53
2026-07-31 11:08:49,nav2,4.71%,121.2MiB / 30.66GiB,0.39%,0B / 0B,0B / 1.17MB,91
2026-07-31 11:08:52,docker-recorder-run-a32a177d4325,0.00%,10.31MiB / 30.66GiB,0.03%,0B / 0B,123kB / 9.45MB,1
2026-07-31 11:08:52,glim,77.53%,331.1MiB / 30.66GiB,1.05%,0B / 0B,0B / 11.6MB,35
2026-07-31 11:08:52,ouster,6.92%,116.9MiB / 30.66GiB,0.37%,0B / 0B,0B / 3.07MB,30
2026-07-31 11:08:52,openzen,3.27%,31.95MiB / 30.66GiB,0.10%,0B / 0B,0B / 2.15MB,20
2026-07-31 11:08:52,domain_bridge,0.72%,70.14MiB / 30.66GiB,0.22%,0B / 0B,111kB / 5.17MB,28
2026-07-31 11:08:52,mapir-ffmpeg,0.23%,126.9MiB / 30.66GiB,0.40%,0B / 0B,0B / 1.27MB,33
2026-07-31 11:08:52,scovox,114.60%,621.5MiB / 30.66GiB,1.98%,0B / 0B,0B / 3.54MB,53
2026-07-31 11:08:52,nav2,4.47%,121.2MiB / 30.66GiB,0.39%,0B / 0B,0B / 1.17MB,91
2026-07-31 11:08:55,docker-recorder-run-a32a177d4325,0.00%,10.31MiB / 30.66GiB,0.03%,0B / 0B,123kB / 9.45MB,1
2026-07-31 11:08:55,glim,83.84%,340.7MiB / 30.66GiB,1.09%,0B / 0B,0B / 11.6MB,35
2026-07-31 11:08:55,ouster,7.21%,117.3MiB / 30.66GiB,0.37%,0B / 0B,0B / 3.07MB,30
2026-07-31 11:08:55,openzen,3.63%,32.71MiB / 30.66GiB,0.10%,0B / 0B,0B / 2.15MB,20
2026-07-31 11:08:55,domain_bridge,1.31%,70.68MiB / 30.66GiB,0.23%,0B / 0B,111kB / 5.17MB,28
2026-07-31 11:08:55,mapir-ffmpeg,0.19%,127.2MiB / 30.66GiB,0.41%,0B / 0B,0B / 1.27MB,33
2026-07-31 11:08:55,scovox,114.40%,625.1MiB / 30.66GiB,1.99%,0B / 0B,0B / 3.54MB,53
2026-07-31 11:08:55,nav2,4.80%,121.8MiB / 30.66GiB,0.39%,0B / 0B,0B / 1.17MB,91
2026-07-31 11:08:58,docker-recorder-run-a32a177d4325,0.00%,10.31MiB / 30.66GiB,0.03%,0B / 0B,123kB / 9.45MB,1
2026-07-31 11:08:58,glim,79.29%,353.8MiB / 30.66GiB,1.13%,0B / 0B,0B / 11.6MB,35
2026-07-31 11:08:58,ouster,7.38%,117.3MiB / 30.66GiB,0.37%,0B / 0B,0B / 3.07MB,30
2026-07-31 11:08:58,openzen,3.46%,32.01MiB / 30.66GiB,0.10%,0B / 0B,0B / 2.15MB,20
2026-07-31 11:08:58,domain_bridge,1.23%,70.46MiB / 30.66GiB,0.22%,0B / 0B,111kB / 5.17MB,28
2026-07-31 11:08:58,mapir-ffmpeg,0.61%,127MiB / 30.66GiB,0.40%,0B / 0B,0B / 1.28MB,33
2026-07-31 11:08:58,scovox,119.17%,621.5MiB / 30.66GiB,1.98%,0B / 0B,0B / 3.54MB,53
2026-07-31 11:08:58,nav2,4.56%,123MiB / 30.66GiB,0.39%,0B / 0B,0B / 1.17MB,91
2026-07-31 11:09:01,docker-recorder-run-a32a177d4325,0.00%,10.31MiB / 30.66GiB,0.03%,0B / 0B,123kB / 9.45MB,1
2026-07-31 11:09:01,glim,78.76%,353.6MiB / 30.66GiB,1.13%,0B / 0B,0B / 11.6MB,35
2026-07-31 11:09:01,ouster,6.71%,117.1MiB / 30.66GiB,0.37%,0B / 0B,0B / 3.07MB,30
2026-07-31 11:09:01,openzen,3.13%,31.79MiB / 30.66GiB,0.10%,0B / 0B,0B / 2.15MB,20
2026-07-31 11:09:01,domain_bridge,0.45%,70.21MiB / 30.66GiB,0.22%,0B / 0B,111kB / 5.17MB,28
2026-07-31 11:09:01,mapir-ffmpeg,0.09%,127.3MiB / 30.66GiB,0.41%,0B / 0B,0B / 1.28MB,33
2026-07-31 11:09:01,scovox,113.65%,641.5MiB / 30.66GiB,2.04%,0B / 0B,0B / 3.57MB,53
2026-07-31 11:09:01,nav2,4.83%,122.1MiB / 30.66GiB,0.39%,0B / 0B,0B / 1.17MB,91
2026-07-31 11:09:04,docker-recorder-run-a32a177d4325,0.00%,10.31MiB / 30.66GiB,0.03%,0B / 0B,123kB / 9.45MB,1
2026-07-31 11:09:04,glim,79.29%,340.6MiB / 30.66GiB,1.08%,0B / 0B,0B / 11.6MB,35
2026-07-31 11:09:04,ouster,7.27%,117.8MiB / 30.66GiB,0.38%,0B / 0B,0B / 3.07MB,30
2026-07-31 11:09:04,openzen,3.03%,31.83MiB / 30.66GiB,0.10%,0B / 0B,0B / 2.15MB,20
2026-07-31 11:09:04,domain_bridge,1.88%,70.39MiB / 30.66GiB,0.22%,0B / 0B,111kB / 5.17MB,28
2026-07-31 11:09:04,mapir-ffmpeg,0.22%,126.8MiB / 30.66GiB,0.40%,0B / 0B,0B / 1.28MB,33
2026-07-31 11:09:04,scovox,121.79%,633.6MiB / 30.66GiB,2.02%,0B / 0B,0B / 3.57MB,53
2026-07-31 11:09:04,nav2,4.69%,121.9MiB / 30.66GiB,0.39%,0B / 0B,0B / 1.18MB,91
2026-07-31 11:09:07,docker-recorder-run-a32a177d4325,0.00%,10.31MiB / 30.66GiB,0.03%,0B / 0B,123kB / 9.45MB,1
2026-07-31 11:09:07,glim,78.15%,338.6MiB / 30.66GiB,1.08%,0B / 0B,0B / 11.6MB,35
2026-07-31 11:09:07,ouster,6.69%,118MiB / 30.66GiB,0.38%,0B / 0B,0B / 3.07MB,30
2026-07-31 11:09:07,openzen,3.09%,32.09MiB / 30.66GiB,0.10%,0B / 0B,0B / 2.15MB,20
2026-07-31 11:09:07,domain_bridge,0.55%,70.2MiB / 30.66GiB,0.22%,0B / 0B,111kB / 5.17MB,28
2026-07-31 11:09:07,mapir-ffmpeg,0.10%,127.7MiB / 30.66GiB,0.41%,0B / 0B,0B / 1.28MB,33
2026-07-31 11:09:07,scovox,105.65%,653.7MiB / 30.66GiB,2.08%,0B / 0B,0B / 3.57MB,53
2026-07-31 11:09:07,nav2,4.68%,123.4MiB / 30.66GiB,0.39%,0B / 0B,0B / 1.18MB,91
2026-07-31 11:09:10,docker-recorder-run-a32a177d4325,0.00%,10.31MiB / 30.66GiB,0.03%,0B / 0B,123kB / 9.45MB,1
2026-07-31 11:09:10,glim,81.04%,342.9MiB / 30.66GiB,1.09%,0B / 0B,0B / 11.6MB,35
2026-07-31 11:09:10,ouster,7.00%,117.4MiB / 30.66GiB,0.37%,0B / 0B,0B / 3.07MB,30
2026-07-31 11:09:10,openzen,3.14%,32.11MiB / 30.66GiB,0.10%,0B / 0B,0B / 2.15MB,20
2026-07-31 11:09:10,domain_bridge,0.57%,70.16MiB / 30.66GiB,0.22%,0B / 0B,111kB / 5.17MB,28
2026-07-31 11:09:10,mapir-ffmpeg,0.10%,127.2MiB / 30.66GiB,0.41%,0B / 0B,0B / 1.28MB,33
2026-07-31 11:09:10,scovox,124.24%,650MiB / 30.66GiB,2.07%,0B / 0B,0B / 3.57MB,53
2026-07-31 11:09:10,nav2,4.67%,122.7MiB / 30.66GiB,0.39%,0B / 0B,0B / 1.18MB,91
2026-07-31 11:09:13,trav_ros2,97.81%,217.2MiB / 30.66GiB,0.69%,0B / 0B,0B / 98.3kB,44
2026-07-31 11:09:13,docker-recorder-run-a32a177d4325,0.00%,10.31MiB / 30.66GiB,0.03%,0B / 0B,123kB / 9.45MB,1
2026-07-31 11:09:13,glim,77.01%,338.9MiB / 30.66GiB,1.08%,0B / 0B,0B / 11.6MB,35
2026-07-31 11:09:13,ouster,8.55%,118.4MiB / 30.66GiB,0.38%,0B / 0B,0B / 3.07MB,30
2026-07-31 11:09:13,openzen,4.42%,33.39MiB / 30.66GiB,0.11%,0B / 0B,0B / 2.15MB,20
2026-07-31 11:09:13,domain_bridge,5.37%,71.63MiB / 30.66GiB,0.23%,0B / 0B,111kB / 5.17MB,28
2026-07-31 11:09:13,mapir-ffmpeg,2.13%,128MiB / 30.66GiB,0.41%,0B / 0B,0B / 1.29MB,33
2026-07-31 11:09:13,scovox,114.70%,643.5MiB / 30.66GiB,2.05%,0B / 0B,0B / 3.58MB,53
2026-07-31 11:09:13,nav2,6.33%,122.5MiB / 30.66GiB,0.39%,0B / 0B,0B / 1.18MB,91
2026-07-31 11:09:16,trav_ros2,102.20%,364.3MiB / 30.66GiB,1.16%,0B / 0B,0B / 98.3kB,44
2026-07-31 11:09:16,docker-recorder-run-a32a177d4325,0.00%,10.31MiB / 30.66GiB,0.03%,0B / 0B,123kB / 9.45MB,1
2026-07-31 11:09:16,glim,79.70%,344.7MiB / 30.66GiB,1.10%,0B / 0B,0B / 11.6MB,35
2026-07-31 11:09:16,ouster,7.07%,118.6MiB / 30.66GiB,0.38%,0B / 0B,0B / 3.07MB,30
2026-07-31 11:09:16,openzen,3.05%,32.99MiB / 30.66GiB,0.11%,0B / 0B,0B / 2.15MB,20
2026-07-31 11:09:16,domain_bridge,0.50%,70.82MiB / 30.66GiB,0.23%,0B / 0B,111kB / 5.17MB,28
2026-07-31 11:09:16,mapir-ffmpeg,0.25%,128.4MiB / 30.66GiB,0.41%,0B / 0B,0B / 1.29MB,33
2026-07-31 11:09:16,scovox,113.41%,651.3MiB / 30.66GiB,2.07%,0B / 0B,0B / 3.58MB,53
2026-07-31 11:09:16,nav2,8.36%,178MiB / 30.66GiB,0.57%,0B / 0B,0B / 1.18MB,91
2026-07-31 11:09:20,trav_ros2,101.88%,375.1MiB / 30.66GiB,1.19%,0B / 0B,0B / 98.3kB,44
2026-07-31 11:09:20,docker-recorder-run-a32a177d4325,0.00%,10.31MiB / 30.66GiB,0.03%,0B / 0B,123kB / 9.45MB,1
2026-07-31 11:09:20,glim,80.87%,354.2MiB / 30.66GiB,1.13%,0B / 0B,0B / 11.6MB,35
2026-07-31 11:09:20,ouster,7.22%,117.4MiB / 30.66GiB,0.37%,0B / 0B,0B / 3.07MB,30
2026-07-31 11:09:20,openzen,3.20%,31.68MiB / 30.66GiB,0.10%,0B / 0B,0B / 2.15MB,20
2026-07-31 11:09:20,domain_bridge,0.96%,72.34MiB / 30.66GiB,0.23%,0B / 0B,111kB / 5.17MB,28
2026-07-31 11:09:20,mapir-ffmpeg,0.22%,128.4MiB / 30.66GiB,0.41%,0B / 0B,0B / 1.29MB,33
2026-07-31 11:09:20,scovox,115.92%,656.2MiB / 30.66GiB,2.09%,0B / 0B,0B / 3.58MB,53
2026-07-31 11:09:20,nav2,8.10%,185.9MiB / 30.66GiB,0.59%,0B / 0B,0B / 1.18MB,91
2026-07-31 11:09:23,trav_ros2,102.18%,369.7MiB / 30.66GiB,1.18%,0B / 0B,0B / 98.3kB,44
2026-07-31 11:09:23,docker-recorder-run-a32a177d4325,0.00%,10.31MiB / 30.66GiB,0.03%,0B / 0B,123kB / 9.45MB,1
2026-07-31 11:09:23,glim,79.21%,366.9MiB / 30.66GiB,1.17%,0B / 0B,0B / 11.6MB,35
2026-07-31 11:09:23,ouster,7.42%,117.7MiB / 30.66GiB,0.37%,0B / 0B,0B / 3.07MB,30
2026-07-31 11:09:23,openzen,3.00%,31.43MiB / 30.66GiB,0.10%,0B / 0B,0B / 2.15MB,20
2026-07-31 11:09:23,domain_bridge,0.91%,71.51MiB / 30.66GiB,0.23%,0B / 0B,111kB / 5.17MB,28
2026-07-31 11:09:23,mapir-ffmpeg,0.25%,126.3MiB / 30.66GiB,0.40%,0B / 0B,0B / 1.29MB,33
2026-07-31 11:09:23,scovox,120.00%,652.4MiB / 30.66GiB,2.08%,0B / 0B,0B / 3.58MB,53
2026-07-31 11:09:23,nav2,7.76%,187.1MiB / 30.66GiB,0.60%,0B / 0B,0B / 1.18MB,91
2026-07-31 11:09:26,trav_ros2,101.48%,376.3MiB / 30.66GiB,1.20%,0B / 0B,0B / 98.3kB,44
2026-07-31 11:09:26,docker-recorder-run-a32a177d4325,0.00%,10.31MiB / 30.66GiB,0.03%,0B / 0B,123kB / 9.45MB,1
2026-07-31 11:09:26,glim,78.35%,358.7MiB / 30.66GiB,1.14%,0B / 0B,0B / 11.6MB,35
2026-07-31 11:09:26,ouster,6.79%,117.3MiB / 30.66GiB,0.37%,0B / 0B,0B / 3.07MB,30
2026-07-31 11:09:26,openzen,3.16%,31.69MiB / 30.66GiB,0.10%,0B / 0B,0B / 2.15MB,20
2026-07-31 11:09:26,domain_bridge,0.30%,71.53MiB / 30.66GiB,0.23%,0B / 0B,111kB / 5.17MB,28
2026-07-31 11:09:26,mapir-ffmpeg,0.08%,126.1MiB / 30.66GiB,0.40%,0B / 0B,0B / 1.29MB,33
2026-07-31 11:09:26,scovox,109.51%,662.1MiB / 30.66GiB,2.11%,0B / 0B,0B / 3.58MB,53
2026-07-31 11:09:26,nav2,7.66%,186.7MiB / 30.66GiB,0.59%,0B / 0B,0B / 1.18MB,91
2026-07-31 11:09:29,trav_ros2,101.03%,373.4MiB / 30.66GiB,1.19%,0B / 0B,0B / 98.3kB,44
2026-07-31 11:09:29,docker-recorder-run-a32a177d4325,0.00%,10.31MiB / 30.66GiB,0.03%,0B / 0B,123kB / 9.45MB,1
2026-07-31 11:09:29,glim,78.35%,358.6MiB / 30.66GiB,1.14%,0B / 0B,0B / 11.6MB,35
2026-07-31 11:09:29,ouster,6.93%,117.4MiB / 30.66GiB,0.37%,0B / 0B,0B / 3.07MB,30
2026-07-31 11:09:29,openzen,2.76%,31.47MiB / 30.66GiB,0.10%,0B / 0B,0B / 2.15MB,20
2026-07-31 11:09:29,domain_bridge,0.75%,71.66MiB / 30.66GiB,0.23%,0B / 0B,111kB / 5.17MB,28
2026-07-31 11:09:29,mapir-ffmpeg,0.08%,125.9MiB / 30.66GiB,0.40%,0B / 0B,0B / 1.29MB,33
2026-07-31 11:09:29,scovox,108.96%,627.9MiB / 30.66GiB,2.00%,0B / 0B,0B / 3.58MB,53
2026-07-31 11:09:29,nav2,8.38%,186.4MiB / 30.66GiB,0.59%,0B / 0B,0B / 1.18MB,91
2026-07-31 11:09:32,trav_ros2,101.07%,377.3MiB / 30.66GiB,1.20%,0B / 0B,0B / 98.3kB,44
2026-07-31 11:09:32,docker-recorder-run-a32a177d4325,0.00%,10.31MiB / 30.66GiB,0.03%,0B / 0B,123kB / 9.45MB,1
2026-07-31 11:09:32,glim,80.41%,358.2MiB / 30.66GiB,1.14%,0B / 0B,0B / 11.6MB,35
2026-07-31 11:09:32,ouster,7.04%,117.9MiB / 30.66GiB,0.38%,0B / 0B,0B / 3.07MB,30
2026-07-31 11:09:32,openzen,2.96%,31.76MiB / 30.66GiB,0.10%,0B / 0B,0B / 2.15MB,20
2026-07-31 11:09:32,domain_bridge,0.41%,71.93MiB / 30.66GiB,0.23%,0B / 0B,111kB / 5.17MB,28
2026-07-31 11:09:32,mapir-ffmpeg,0.17%,126.4MiB / 30.66GiB,0.40%,0B / 0B,0B / 1.29MB,33
2026-07-31 11:09:32,scovox,109.56%,672.4MiB / 30.66GiB,2.14%,0B / 0B,0B / 3.58MB,53
2026-07-31 11:09:32,nav2,7.90%,188.3MiB / 30.66GiB,0.60%,0B / 0B,0B / 1.18MB,91
2026-07-31 11:09:35,trav_ros2,100.87%,377.4MiB / 30.66GiB,1.20%,0B / 0B,0B / 98.3kB,44
2026-07-31 11:09:35,docker-recorder-run-a32a177d4325,0.00%,10.31MiB / 30.66GiB,0.03%,0B / 0B,123kB / 9.45MB,1
2026-07-31 11:09:35,glim,75.74%,360MiB / 30.66GiB,1.15%,0B / 0B,0B / 11.6MB,35
2026-07-31 11:09:35,ouster,6.84%,117.8MiB / 30.66GiB,0.38%,0B / 0B,0B / 3.07MB,30
2026-07-31 11:09:35,openzen,2.69%,31.52MiB / 30.66GiB,0.10%,0B / 0B,0B / 2.15MB,20
2026-07-31 11:09:35,domain_bridge,0.68%,71.83MiB / 30.66GiB,0.23%,0B / 0B,111kB / 5.17MB,28
2026-07-31 11:09:35,mapir-ffmpeg,0.13%,125.7MiB / 30.66GiB,0.40%,0B / 0B,0B / 1.29MB,33
2026-07-31 11:09:35,scovox,105.00%,643.8MiB / 30.66GiB,2.05%,0B / 0B,0B / 3.58MB,53
2026-07-31 11:09:35,nav2,7.35%,193MiB / 30.66GiB,0.61%,0B / 0B,0B / 1.18MB,91
2026-07-31 11:09:38,trav_ros2,101.69%,377.9MiB / 30.66GiB,1.20%,0B / 0B,0B / 98.3kB,44
2026-07-31 11:09:38,docker-recorder-run-a32a177d4325,0.00%,10.31MiB / 30.66GiB,0.03%,0B / 0B,123kB / 9.45MB,1
2026-07-31 11:09:38,glim,77.53%,360.1MiB / 30.66GiB,1.15%,0B / 0B,0B / 11.6MB,35
2026-07-31 11:09:38,ouster,7.60%,117.9MiB / 30.66GiB,0.38%,0B / 0B,0B / 3.07MB,30
2026-07-31 11:09:38,openzen,3.08%,32.06MiB / 30.66GiB,0.10%,0B / 0B,0B / 2.15MB,20
2026-07-31 11:09:38,domain_bridge,1.32%,71.09MiB / 30.66GiB,0.23%,0B / 0B,111kB / 5.17MB,28
2026-07-31 11:09:38,mapir-ffmpeg,0.68%,127.3MiB / 30.66GiB,0.41%,0B / 0B,0B / 1.29MB,33
2026-07-31 11:09:38,scovox,123.41%,624.9MiB / 30.66GiB,1.99%,0B / 0B,0B / 3.58MB,53
2026-07-31 11:09:38,nav2,8.97%,193MiB / 30.66GiB,0.61%,0B / 0B,0B / 1.18MB,91
2026-07-31 11:09:41,trav_ros2,102.09%,371.5MiB / 30.66GiB,1.18%,0B / 0B,0B / 98.3kB,44
2026-07-31 11:09:41,docker-recorder-run-a32a177d4325,0.00%,10.31MiB / 30.66GiB,0.03%,0B / 0B,123kB / 9.45MB,1
2026-07-31 11:09:41,glim,78.44%,344.8MiB / 30.66GiB,1.10%,0B / 0B,0B / 11.6MB,35
2026-07-31 11:09:41,ouster,7.00%,117.8MiB / 30.66GiB,0.38%,0B / 0B,0B / 3.07MB,30
2026-07-31 11:09:41,openzen,3.19%,32.34MiB / 30.66GiB,0.10%,0B / 0B,0B / 2.15MB,20
2026-07-31 11:09:41,domain_bridge,0.62%,71.98MiB / 30.66GiB,0.23%,0B / 0B,111kB / 5.17MB,28
2026-07-31 11:09:41,mapir-ffmpeg,0.09%,126.4MiB / 30.66GiB,0.40%,0B / 0B,0B / 1.29MB,33
2026-07-31 11:09:41,scovox,112.08%,630.6MiB / 30.66GiB,2.01%,0B / 0B,0B / 3.58MB,53
2026-07-31 11:09:41,nav2,8.23%,193.2MiB / 30.66GiB,0.62%,0B / 0B,0B / 1.18MB,91
2026-07-31 11:09:44,trav_ros2,102.50%,381MiB / 30.66GiB,1.21%,0B / 0B,0B / 246kB,44
2026-07-31 11:09:44,docker-recorder-run-a32a177d4325,0.00%,10.31MiB / 30.66GiB,0.03%,0B / 0B,123kB / 9.45MB,1
2026-07-31 11:09:44,glim,78.83%,347.4MiB / 30.66GiB,1.11%,0B / 0B,0B / 11.6MB,35
2026-07-31 11:09:44,ouster,7.53%,118.3MiB / 30.66GiB,0.38%,0B / 0B,0B / 3.07MB,30
2026-07-31 11:09:44,openzen,3.11%,31.9MiB / 30.66GiB,0.10%,0B / 0B,0B / 2.15MB,20
2026-07-31 11:09:44,domain_bridge,2.35%,71.9MiB / 30.66GiB,0.23%,0B / 0B,111kB / 5.17MB,28
2026-07-31 11:09:44,mapir-ffmpeg,0.33%,126.4MiB / 30.66GiB,0.40%,0B / 0B,0B / 1.29MB,33
2026-07-31 11:09:44,scovox,128.19%,640.1MiB / 30.66GiB,2.04%,0B / 0B,0B / 3.62MB,53
2026-07-31 11:09:44,nav2,8.27%,193.1MiB / 30.66GiB,0.61%,0B / 0B,0B / 1.18MB,91
2026-07-31 11:09:47,trav_ros2,102.21%,376.9MiB / 30.66GiB,1.20%,0B / 0B,0B / 1.57MB,44
2026-07-31 11:09:47,docker-recorder-run-a32a177d4325,0.00%,10.31MiB / 30.66GiB,0.03%,0B / 0B,123kB / 9.45MB,1
2026-07-31 11:09:47,glim,78.09%,350.1MiB / 30.66GiB,1.12%,0B / 0B,0B / 11.6MB,35
2026-07-31 11:09:47,ouster,7.27%,118.8MiB / 30.66GiB,0.38%,0B / 0B,0B / 3.07MB,30
2026-07-31 11:09:47,openzen,3.37%,31.91MiB / 30.66GiB,0.10%,0B / 0B,0B / 2.15MB,20
2026-07-31 11:09:47,domain_bridge,0.80%,71.29MiB / 30.66GiB,0.23%,0B / 0B,111kB / 5.17MB,28
2026-07-31 11:09:47,mapir-ffmpeg,0.22%,127MiB / 30.66GiB,0.40%,0B / 0B,0B / 1.29MB,33
2026-07-31 11:09:47,scovox,114.87%,638.7MiB / 30.66GiB,2.03%,0B / 0B,0B / 3.62MB,53
2026-07-31 11:09:47,nav2,8.61%,193.3MiB / 30.66GiB,0.62%,0B / 0B,0B / 1.2MB,91
2026-07-31 11:09:50,trav_ros2,102.33%,373.8MiB / 30.66GiB,1.19%,0B / 0B,0B / 1.57MB,44
2026-07-31 11:09:50,docker-recorder-run-a32a177d4325,0.00%,10.31MiB / 30.66GiB,0.03%,0B / 0B,123kB / 9.45MB,1
2026-07-31 11:09:50,glim,78.14%,350.3MiB / 30.66GiB,1.12%,0B / 0B,0B / 11.6MB,35
2026-07-31 11:09:50,ouster,7.04%,118.5MiB / 30.66GiB,0.38%,0B / 0B,0B / 3.07MB,30
2026-07-31 11:09:50,openzen,2.92%,32.65MiB / 30.66GiB,0.10%,0B / 0B,0B / 2.15MB,20
2026-07-31 11:09:50,domain_bridge,0.46%,71.98MiB / 30.66GiB,0.23%,0B / 0B,111kB / 5.17MB,28
2026-07-31 11:09:50,mapir-ffmpeg,0.10%,126.7MiB / 30.66GiB,0.40%,0B / 0B,0B / 1.29MB,33
2026-07-31 11:09:50,scovox,111.56%,655.7MiB / 30.66GiB,2.09%,0B / 0B,0B / 3.62MB,53
2026-07-31 11:09:50,nav2,7.29%,192.3MiB / 30.66GiB,0.61%,0B / 0B,0B / 1.2MB,91
2026-07-31 11:09:53,trav_ros2,101.90%,376.9MiB / 30.66GiB,1.20%,0B / 0B,0B / 1.58MB,44
2026-07-31 11:09:53,docker-recorder-run-a32a177d4325,0.00%,10.31MiB / 30.66GiB,0.03%,0B / 0B,123kB / 9.45MB,1
2026-07-31 11:09:53,glim,80.74%,350.3MiB / 30.66GiB,1.12%,0B / 0B,0B / 11.6MB,35
2026-07-31 11:09:53,ouster,7.32%,118.3MiB / 30.66GiB,0.38%,0B / 0B,0B / 3.07MB,30
2026-07-31 11:09:53,openzen,3.27%,32.21MiB / 30.66GiB,0.10%,0B / 0B,0B / 2.15MB,20
2026-07-31 11:09:53,domain_bridge,1.78%,72.3MiB / 30.66GiB,0.23%,0B / 0B,111kB / 5.17MB,28
2026-07-31 11:09:53,mapir-ffmpeg,0.34%,127.3MiB / 30.66GiB,0.41%,0B / 0B,0B / 1.29MB,33
2026-07-31 11:09:53,scovox,106.46%,667.8MiB / 30.66GiB,2.13%,0B / 0B,0B / 3.62MB,53
2026-07-31 11:09:53,nav2,7.75%,193.6MiB / 30.66GiB,0.62%,0B / 0B,0B / 1.2MB,91
2026-07-31 11:09:56,trav_ros2,102.18%,378.1MiB / 30.66GiB,1.20%,0B / 0B,0B / 1.58MB,44
2026-07-31 11:09:56,docker-recorder-run-a32a177d4325,0.00%,10.31MiB / 30.66GiB,0.03%,0B / 0B,123kB / 9.45MB,1
2026-07-31 11:09:56,glim,82.90%,350.5MiB / 30.66GiB,1.12%,0B / 0B,0B / 11.6MB,35
2026-07-31 11:09:56,ouster,7.67%,118.2MiB / 30.66GiB,0.38%,0B / 0B,0B / 3.07MB,30
2026-07-31 11:09:56,openzen,2.22%,31.74MiB / 30.66GiB,0.10%,0B / 0B,0B / 2.15MB,20
2026-07-31 11:09:56,domain_bridge,0.86%,71.57MiB / 30.66GiB,0.23%,0B / 0B,111kB / 5.17MB,28
2026-07-31 11:09:56,mapir-ffmpeg,0.18%,126.9MiB / 30.66GiB,0.40%,0B / 0B,0B / 1.29MB,33
2026-07-31 11:09:56,scovox,115.07%,667.4MiB / 30.66GiB,2.13%,0B / 0B,0B / 3.62MB,53
2026-07-31 11:09:56,nav2,7.03%,192.3MiB / 30.66GiB,0.61%,0B / 0B,0B / 1.2MB,91
2026-07-31 11:09:59,trav_ros2,101.95%,375.3MiB / 30.66GiB,1.20%,0B / 0B,0B / 1.58MB,44
2026-07-31 11:09:59,docker-recorder-run-a32a177d4325,0.00%,10.31MiB / 30.66GiB,0.03%,0B / 0B,123kB / 9.45MB,1
2026-07-31 11:09:59,glim,76.28%,350.9MiB / 30.66GiB,1.12%,0B / 0B,0B / 11.6MB,35
2026-07-31 11:09:59,ouster,7.09%,118.4MiB / 30.66GiB,0.38%,0B / 0B,0B / 3.07MB,30
2026-07-31 11:09:59,openzen,2.30%,32.27MiB / 30.66GiB,0.10%,0B / 0B,0B / 2.15MB,20
2026-07-31 11:09:59,domain_bridge,0.70%,71.74MiB / 30.66GiB,0.23%,0B / 0B,111kB / 5.17MB,28
2026-07-31 11:09:59,mapir-ffmpeg,0.24%,127MiB / 30.66GiB,0.40%,0B / 0B,0B / 1.29MB,33
2026-07-31 11:09:59,scovox,106.13%,675.7MiB / 30.66GiB,2.15%,0B / 0B,0B / 3.62MB,53
2026-07-31 11:09:59,nav2,7.39%,192.4MiB / 30.66GiB,0.61%,0B / 0B,0B / 1.2MB,91
2026-07-31 11:10:03,trav_ros2,102.17%,375.8MiB / 30.66GiB,1.20%,0B / 0B,0B / 1.58MB,44
2026-07-31 11:10:03,docker-recorder-run-a32a177d4325,0.00%,10.31MiB / 30.66GiB,0.03%,0B / 0B,123kB / 9.45MB,1
2026-07-31 11:10:03,glim,77.09%,343.2MiB / 30.66GiB,1.09%,0B / 0B,0B / 11.6MB,35
2026-07-31 11:10:03,ouster,7.19%,118.9MiB / 30.66GiB,0.38%,0B / 0B,0B / 3.07MB,30
2026-07-31 11:10:03,openzen,2.15%,32.29MiB / 30.66GiB,0.10%,0B / 0B,0B / 2.15MB,20
2026-07-31 11:10:03,domain_bridge,0.67%,71.6MiB / 30.66GiB,0.23%,0B / 0B,111kB / 5.17MB,28
2026-07-31 11:10:03,mapir-ffmpeg,0.27%,126.3MiB / 30.66GiB,0.40%,0B / 0B,0B / 1.29MB,33
2026-07-31 11:10:03,scovox,114.33%,649.6MiB / 30.66GiB,2.07%,0B / 0B,0B / 3.62MB,53
2026-07-31 11:10:03,nav2,7.12%,193.3MiB / 30.66GiB,0.62%,0B / 0B,0B / 1.2MB,91
2026-07-31 11:10:06,trav_ros2,101.83%,413.9MiB / 30.66GiB,1.32%,0B / 0B,0B / 1.58MB,44
2026-07-31 11:10:06,docker-recorder-run-a32a177d4325,0.00%,10.31MiB / 30.66GiB,0.03%,0B / 0B,123kB / 9.45MB,1
2026-07-31 11:10:06,glim,79.15%,352.9MiB / 30.66GiB,1.12%,0B / 0B,0B / 11.6MB,35
2026-07-31 11:10:06,ouster,6.92%,118MiB / 30.66GiB,0.38%,0B / 0B,0B / 3.07MB,30
2026-07-31 11:10:06,openzen,2.28%,32.31MiB / 30.66GiB,0.10%,0B / 0B,0B / 2.15MB,20
2026-07-31 11:10:06,domain_bridge,0.25%,71.73MiB / 30.66GiB,0.23%,0B / 0B,111kB / 5.17MB,28
2026-07-31 11:10:06,mapir-ffmpeg,0.08%,126.8MiB / 30.66GiB,0.40%,0B / 0B,0B / 1.29MB,33
2026-07-31 11:10:06,scovox,105.47%,683.5MiB / 30.66GiB,2.18%,0B / 0B,0B / 3.62MB,53
2026-07-31 11:10:06,nav2,7.02%,192.6MiB / 30.66GiB,0.61%,0B / 0B,0B / 1.2MB,91
2026-07-31 11:10:09,trav_ros2,101.40%,373MiB / 30.66GiB,1.19%,0B / 0B,0B / 1.58MB,44
2026-07-31 11:10:09,docker-recorder-run-a32a177d4325,0.00%,10.31MiB / 30.66GiB,0.03%,0B / 0B,123kB / 9.45MB,1
2026-07-31 11:10:09,glim,75.93%,353.3MiB / 30.66GiB,1.13%,0B / 0B,0B / 11.6MB,35
2026-07-31 11:10:09,ouster,6.96%,118.3MiB / 30.66GiB,0.38%,0B / 0B,0B / 3.07MB,30
2026-07-31 11:10:09,openzen,2.37%,32.34MiB / 30.66GiB,0.10%,0B / 0B,0B / 2.15MB,20
2026-07-31 11:10:09,domain_bridge,0.77%,72MiB / 30.66GiB,0.23%,0B / 0B,111kB / 5.17MB,28
2026-07-31 11:10:09,mapir-ffmpeg,0.08%,126.9MiB / 30.66GiB,0.40%,0B / 0B,0B / 1.29MB,33
2026-07-31 11:10:09,scovox,108.97%,671.7MiB / 30.66GiB,2.14%,0B / 0B,0B / 3.62MB,53
2026-07-31 11:10:09,nav2,6.84%,192.2MiB / 30.66GiB,0.61%,0B / 0B,0B / 1.2MB,91
2026-07-31 11:10:12,trav_ros2,101.37%,378.2MiB / 30.66GiB,1.20%,0B / 0B,0B / 1.58MB,44
2026-07-31 11:10:12,docker-recorder-run-a32a177d4325,0.00%,10.31MiB / 30.66GiB,0.03%,0B / 0B,123kB / 9.45MB,1
2026-07-31 11:10:12,glim,76.42%,350.5MiB / 30.66GiB,1.12%,0B / 0B,0B / 11.6MB,35
2026-07-31 11:10:12,ouster,6.99%,118.7MiB / 30.66GiB,0.38%,0B / 0B,0B / 3.07MB,30
2026-07-31 11:10:12,openzen,2.35%,32.38MiB / 30.66GiB,0.10%,0B / 0B,0B / 2.15MB,20
2026-07-31 11:10:12,domain_bridge,0.62%,71.65MiB / 30.66GiB,0.23%,0B / 0B,111kB / 5.17MB,28
2026-07-31 11:10:12,mapir-ffmpeg,0.19%,127MiB / 30.66GiB,0.40%,0B / 0B,0B / 1.29MB,33
2026-07-31 11:10:12,scovox,107.64%,631.3MiB / 30.66GiB,2.01%,0B / 0B,0B / 3.62MB,53
2026-07-31 11:10:12,nav2,7.22%,193MiB / 30.66GiB,0.61%,0B / 0B,0B / 1.2MB,91
2026-07-31 11:10:15,trav_ros2,101.11%,374.4MiB / 30.66GiB,1.19%,0B / 0B,0B / 1.58MB,44
2026-07-31 11:10:15,docker-recorder-run-a32a177d4325,0.00%,10.31MiB / 30.66GiB,0.03%,0B / 0B,123kB / 9.45MB,1
2026-07-31 11:10:15,glim,78.85%,339.5MiB / 30.66GiB,1.08%,0B / 0B,0B / 11.6MB,35
2026-07-31 11:10:15,ouster,6.77%,118.6MiB / 30.66GiB,0.38%,0B / 0B,0B / 3.07MB,30
2026-07-31 11:10:15,openzen,2.16%,31.89MiB / 30.66GiB,0.10%,0B / 0B,0B / 2.15MB,20
2026-07-31 11:10:15,domain_bridge,0.55%,71.57MiB / 30.66GiB,0.23%,0B / 0B,111kB / 5.17MB,28
2026-07-31 11:10:15,mapir-ffmpeg,0.09%,126.8MiB / 30.66GiB,0.40%,0B / 0B,0B / 1.29MB,33
2026-07-31 11:10:15,scovox,108.17%,670.5MiB / 30.66GiB,2.14%,0B / 0B,0B / 3.62MB,53
2026-07-31 11:10:15,nav2,6.77%,192.4MiB / 30.66GiB,0.61%,0B / 0B,0B / 1.2MB,91
2026-07-31 11:10:18,trav_ros2,101.74%,374.5MiB / 30.66GiB,1.19%,0B / 0B,0B / 1.6MB,44
2026-07-31 11:10:18,docker-recorder-run-a32a177d4325,0.00%,10.31MiB / 30.66GiB,0.03%,0B / 0B,123kB / 9.45MB,1
2026-07-31 11:10:18,glim,77.43%,349.1MiB / 30.66GiB,1.11%,0B / 0B,0B / 11.6MB,35
2026-07-31 11:10:18,ouster,7.56%,119.1MiB / 30.66GiB,0.38%,0B / 0B,0B / 3.07MB,30
2026-07-31 11:10:18,openzen,2.52%,32.17MiB / 30.66GiB,0.10%,0B / 0B,0B / 2.15MB,20
2026-07-31 11:10:18,domain_bridge,1.02%,73.1MiB / 30.66GiB,0.23%,0B / 0B,111kB / 5.17MB,28
2026-07-31 11:10:18,mapir-ffmpeg,0.52%,127.1MiB / 30.66GiB,0.40%,0B / 0B,0B / 1.29MB,33
2026-07-31 11:10:18,scovox,109.72%,687.6MiB / 30.66GiB,2.19%,0B / 0B,0B / 3.62MB,53
2026-07-31 11:10:18,nav2,6.83%,192.7MiB / 30.66GiB,0.61%,0B / 0B,0B / 1.2MB,91
2026-07-31 11:10:21,trav_ros2,101.86%,378MiB / 30.66GiB,1.20%,0B / 0B,0B / 1.6MB,44
2026-07-31 11:10:21,docker-recorder-run-a32a177d4325,0.00%,10.31MiB / 30.66GiB,0.03%,0B / 0B,123kB / 9.45MB,1
2026-07-31 11:10:21,glim,75.60%,347.1MiB / 30.66GiB,1.11%,0B / 0B,0B / 11.6MB,35
2026-07-31 11:10:21,ouster,6.95%,118.9MiB / 30.66GiB,0.38%,0B / 0B,0B / 3.07MB,30
2026-07-31 11:10:21,openzen,2.32%,32.21MiB / 30.66GiB,0.10%,0B / 0B,0B / 2.15MB,20
2026-07-31 11:10:21,domain_bridge,0.33%,72.68MiB / 30.66GiB,0.23%,0B / 0B,111kB / 5.17MB,28
2026-07-31 11:10:21,mapir-ffmpeg,0.12%,127.6MiB / 30.66GiB,0.41%,0B / 0B,0B / 1.29MB,33
2026-07-31 11:10:21,scovox,105.16%,651.7MiB / 30.66GiB,2.08%,0B / 0B,0B / 3.65MB,53
2026-07-31 11:10:21,nav2,6.92%,192.7MiB / 30.66GiB,0.61%,0B / 0B,0B / 1.22MB,91
2026-07-31 11:10:24,trav_ros2,101.72%,382.8MiB / 30.66GiB,1.22%,0B / 0B,0B / 1.6MB,44
2026-07-31 11:10:24,docker-recorder-run-a32a177d4325,0.00%,10.31MiB / 30.66GiB,0.03%,0B / 0B,123kB / 9.45MB,1
2026-07-31 11:10:24,glim,76.61%,337.6MiB / 30.66GiB,1.08%,0B / 0B,0B / 11.6MB,35
2026-07-31 11:10:24,ouster,7.07%,118.7MiB / 30.66GiB,0.38%,0B / 0B,0B / 3.07MB,30
2026-07-31 11:10:24,openzen,2.13%,32.23MiB / 30.66GiB,0.10%,0B / 0B,0B / 2.15MB,20
2026-07-31 11:10:24,domain_bridge,1.36%,72.34MiB / 30.66GiB,0.23%,0B / 0B,111kB / 5.17MB,28
2026-07-31 11:10:24,mapir-ffmpeg,0.18%,127.7MiB / 30.66GiB,0.41%,0B / 0B,0B / 1.29MB,33
2026-07-31 11:10:24,scovox,108.16%,650.2MiB / 30.66GiB,2.07%,0B / 0B,0B / 3.65MB,53
2026-07-31 11:10:24,nav2,7.15%,192.8MiB / 30.66GiB,0.61%,0B / 0B,0B / 1.22MB,91
2026-07-31 11:10:27,trav_ros2,101.83%,378.4MiB / 30.66GiB,1.21%,0B / 0B,0B / 1.6MB,44
2026-07-31 11:10:27,docker-recorder-run-a32a177d4325,0.00%,10.31MiB / 30.66GiB,0.03%,0B / 0B,123kB / 9.45MB,1
2026-07-31 11:10:27,glim,74.72%,351.7MiB / 30.66GiB,1.12%,0B / 0B,0B / 11.6MB,35
2026-07-31 11:10:27,ouster,6.86%,119MiB / 30.66GiB,0.38%,0B / 0B,0B / 3.07MB,30
2026-07-31 11:10:27,openzen,2.41%,32.49MiB / 30.66GiB,0.10%,0B / 0B,0B / 2.15MB,20
2026-07-31 11:10:27,domain_bridge,0.46%,73.13MiB / 30.66GiB,0.23%,0B / 0B,111kB / 5.17MB,28
2026-07-31 11:10:27,mapir-ffmpeg,0.08%,127.5MiB / 30.66GiB,0.41%,0B / 0B,0B / 1.29MB,33
2026-07-31 11:10:27,scovox,105.08%,656.6MiB / 30.66GiB,2.09%,0B / 0B,0B / 3.65MB,53
2026-07-31 11:10:27,nav2,6.66%,192.7MiB / 30.66GiB,0.61%,0B / 0B,0B / 1.22MB,91
2026-07-31 11:10:30,trav_ros2,101.99%,374MiB / 30.66GiB,1.19%,0B / 0B,0B / 1.6MB,44
2026-07-31 11:10:30,docker-recorder-run-a32a177d4325,0.00%,10.31MiB / 30.66GiB,0.03%,0B / 0B,123kB / 9.45MB,1
2026-07-31 11:10:30,glim,78.01%,351.8MiB / 30.66GiB,1.12%,0B / 0B,0B / 11.6MB,35
2026-07-31 11:10:30,ouster,7.09%,118.8MiB / 30.66GiB,0.38%,0B / 0B,0B / 3.07MB,30
2026-07-31 11:10:30,openzen,2.16%,32.53MiB / 30.66GiB,0.10%,0B / 0B,0B / 2.15MB,20
2026-07-31 11:10:30,domain_bridge,0.68%,72.46MiB / 30.66GiB,0.23%,0B / 0B,111kB / 5.17MB,28
2026-07-31 11:10:30,mapir-ffmpeg,0.09%,127MiB / 30.66GiB,0.40%,0B / 0B,0B / 1.29MB,33
2026-07-31 11:10:30,scovox,114.63%,633.8MiB / 30.66GiB,2.02%,0B / 0B,0B / 3.65MB,53
2026-07-31 11:10:30,nav2,6.98%,192.3MiB / 30.66GiB,0.61%,0B / 0B,0B / 1.22MB,91
2026-07-31 11:10:33,trav_ros2,101.47%,379MiB / 30.66GiB,1.21%,0B / 0B,0B / 1.6MB,44
2026-07-31 11:10:33,docker-recorder-run-a32a177d4325,0.00%,10.31MiB / 30.66GiB,0.03%,0B / 0B,123kB / 9.45MB,1
2026-07-31 11:10:33,glim,78.20%,348.3MiB / 30.66GiB,1.11%,0B / 0B,0B / 11.6MB,35
2026-07-31 11:10:33,ouster,7.55%,118.7MiB / 30.66GiB,0.38%,0B / 0B,0B / 3.07MB,30
2026-07-31 11:10:33,openzen,2.51%,33.04MiB / 30.66GiB,0.11%,0B / 0B,0B / 2.15MB,20
2026-07-31 11:10:33,domain_bridge,0.79%,72.39MiB / 30.66GiB,0.23%,0B / 0B,111kB / 5.17MB,28
2026-07-31 11:10:33,mapir-ffmpeg,0.32%,127.8MiB / 30.66GiB,0.41%,0B / 0B,0B / 1.29MB,33
2026-07-31 11:10:33,scovox,106.07%,669.8MiB / 30.66GiB,2.13%,0B / 0B,0B / 3.65MB,53
2026-07-31 11:10:33,nav2,7.08%,193.2MiB / 30.66GiB,0.62%,0B / 0B,0B / 1.22MB,91
2026-07-31 11:10:36,trav_ros2,101.44%,383.1MiB / 30.66GiB,1.22%,0B / 0B,0B / 1.6MB,44
2026-07-31 11:10:36,docker-recorder-run-a32a177d4325,0.00%,10.31MiB / 30.66GiB,0.03%,0B / 0B,123kB / 9.45MB,1
2026-07-31 11:10:36,glim,76.03%,343.6MiB / 30.66GiB,1.09%,0B / 0B,0B / 11.6MB,35
2026-07-31 11:10:36,ouster,7.03%,119MiB / 30.66GiB,0.38%,0B / 0B,0B / 3.07MB,30
2026-07-31 11:10:36,openzen,2.32%,32.59MiB / 30.66GiB,0.10%,0B / 0B,0B / 2.15MB,20
2026-07-31 11:10:36,domain_bridge,0.32%,72.29MiB / 30.66GiB,0.23%,0B / 0B,111kB / 5.17MB,28
2026-07-31 11:10:36,mapir-ffmpeg,0.25%,127.4MiB / 30.66GiB,0.41%,0B / 0B,0B / 1.29MB,33
2026-07-31 11:10:36,scovox,107.51%,633.6MiB / 30.66GiB,2.02%,0B / 0B,0B / 3.65MB,53
2026-07-31 11:10:36,nav2,6.72%,192.5MiB / 30.66GiB,0.61%,0B / 0B,0B / 1.22MB,91
2026-07-31 11:10:39,trav_ros2,101.47%,372.9MiB / 30.66GiB,1.19%,0B / 0B,0B / 1.6MB,44
2026-07-31 11:10:39,docker-recorder-run-a32a177d4325,0.00%,10.31MiB / 30.66GiB,0.03%,0B / 0B,123kB / 9.45MB,1
2026-07-31 11:10:39,glim,75.57%,334.6MiB / 30.66GiB,1.07%,0B / 0B,0B / 11.6MB,35
2026-07-31 11:10:39,ouster,7.20%,119.3MiB / 30.66GiB,0.38%,0B / 0B,0B / 3.07MB,30
2026-07-31 11:10:39,openzen,2.31%,32.63MiB / 30.66GiB,0.10%,0B / 0B,0B / 2.15MB,20
2026-07-31 11:10:39,domain_bridge,0.88%,72.05MiB / 30.66GiB,0.23%,0B / 0B,111kB / 5.17MB,28
2026-07-31 11:10:39,mapir-ffmpeg,0.31%,127.3MiB / 30.66GiB,0.41%,0B / 0B,0B / 1.29MB,33
2026-07-31 11:10:39,scovox,106.66%,670.2MiB / 30.66GiB,2.13%,0B / 0B,0B / 3.65MB,53
2026-07-31 11:10:39,nav2,6.84%,192.4MiB / 30.66GiB,0.61%,0B / 0B,0B / 1.22MB,91
2026-07-31 11:10:43,trav_ros2,101.19%,379.1MiB / 30.66GiB,1.21%,0B / 0B,0B / 1.6MB,44
2026-07-31 11:10:43,docker-recorder-run-a32a177d4325,0.00%,10.31MiB / 30.66GiB,0.03%,0B / 0B,123kB / 9.45MB,1
2026-07-31 11:10:43,glim,78.22%,344MiB / 30.66GiB,1.10%,0B / 0B,0B / 11.6MB,35
2026-07-31 11:10:43,ouster,7.26%,119MiB / 30.66GiB,0.38%,0B / 0B,0B / 3.07MB,30
2026-07-31 11:10:43,openzen,2.18%,32.65MiB / 30.66GiB,0.10%,0B / 0B,0B / 2.15MB,20
2026-07-31 11:10:43,domain_bridge,0.68%,72MiB / 30.66GiB,0.23%,0B / 0B,111kB / 5.17MB,28
2026-07-31 11:10:43,mapir-ffmpeg,0.37%,128.3MiB / 30.66GiB,0.41%,0B / 0B,0B / 1.29MB,33
2026-07-31 11:10:43,scovox,109.46%,682.5MiB / 30.66GiB,2.17%,0B / 0B,0B / 3.65MB,53
2026-07-31 11:10:43,nav2,7.27%,193.7MiB / 30.66GiB,0.62%,0B / 0B,0B / 1.22MB,91
2026-07-31 11:10:46,trav_ros2,101.74%,378.6MiB / 30.66GiB,1.21%,0B / 0B,0B / 1.6MB,44
2026-07-31 11:10:46,docker-recorder-run-a32a177d4325,0.00%,10.31MiB / 30.66GiB,0.03%,0B / 0B,123kB / 9.45MB,1
2026-07-31 11:10:46,glim,77.02%,337.4MiB / 30.66GiB,1.07%,0B / 0B,0B / 11.6MB,35
2026-07-31 11:10:46,ouster,6.82%,119MiB / 30.66GiB,0.38%,0B / 0B,0B / 3.07MB,30
2026-07-31 11:10:46,openzen,2.22%,32.42MiB / 30.66GiB,0.10%,0B / 0B,0B / 2.15MB,20
2026-07-31 11:10:46,domain_bridge,0.14%,72.52MiB / 30.66GiB,0.23%,0B / 0B,111kB / 5.17MB,28
2026-07-31 11:10:46,mapir-ffmpeg,0.09%,128MiB / 30.66GiB,0.41%,0B / 0B,0B / 1.29MB,33
2026-07-31 11:10:46,scovox,108.66%,683.1MiB / 30.66GiB,2.18%,0B / 0B,0B / 3.65MB,53
2026-07-31 11:10:46,nav2,6.88%,192.1MiB / 30.66GiB,0.61%,0B / 0B,0B / 1.22MB,91
2026-07-31 11:10:49,trav_ros2,101.93%,377.4MiB / 30.66GiB,1.20%,0B / 0B,0B / 1.6MB,44
2026-07-31 11:10:49,docker-recorder-run-a32a177d4325,0.00%,10.31MiB / 30.66GiB,0.03%,0B / 0B,123kB / 9.45MB,1
2026-07-31 11:10:49,glim,77.14%,337.3MiB / 30.66GiB,1.07%,0B / 0B,0B / 11.6MB,35
2026-07-31 11:10:49,ouster,6.92%,118.8MiB / 30.66GiB,0.38%,0B / 0B,0B / 3.07MB,30
2026-07-31 11:10:49,openzen,2.15%,32.22MiB / 30.66GiB,0.10%,0B / 0B,0B / 2.15MB,20
2026-07-31 11:10:49,domain_bridge,0.72%,72.58MiB / 30.66GiB,0.23%,0B / 0B,111kB / 5.17MB,28
2026-07-31 11:10:49,mapir-ffmpeg,0.08%,127.6MiB / 30.66GiB,0.41%,0B / 0B,0B / 1.29MB,33
2026-07-31 11:10:49,scovox,106.41%,664.7MiB / 30.66GiB,2.12%,0B / 0B,0B / 3.65MB,53
2026-07-31 11:10:49,nav2,7.04%,192.3MiB / 30.66GiB,0.61%,0B / 0B,0B / 1.22MB,91
2026-07-31 11:10:52,trav_ros2,101.94%,383MiB / 30.66GiB,1.22%,0B / 0B,0B / 1.62MB,44
2026-07-31 11:10:52,docker-recorder-run-a32a177d4325,0.00%,10.31MiB / 30.66GiB,0.03%,0B / 0B,123kB / 9.45MB,1
2026-07-31 11:10:52,glim,85.78%,349.1MiB / 30.66GiB,1.11%,0B / 0B,0B / 11.6MB,35
2026-07-31 11:10:52,ouster,7.05%,119.4MiB / 30.66GiB,0.38%,0B / 0B,0B / 3.07MB,30
2026-07-31 11:10:52,openzen,2.51%,32.49MiB / 30.66GiB,0.10%,0B / 0B,0B / 2.15MB,20
2026-07-31 11:10:52,domain_bridge,0.51%,72.32MiB / 30.66GiB,0.23%,0B / 0B,111kB / 5.17MB,28
2026-07-31 11:10:52,mapir-ffmpeg,0.19%,127.5MiB / 30.66GiB,0.41%,0B / 0B,0B / 1.3MB,33
2026-07-31 11:10:52,scovox,106.05%,683.5MiB / 30.66GiB,2.18%,0B / 0B,0B / 3.65MB,53
2026-07-31 11:10:52,nav2,7.03%,192.3MiB / 30.66GiB,0.61%,0B / 0B,0B / 1.22MB,91
2026-07-31 11:10:55,trav_ros2,101.93%,378.8MiB / 30.66GiB,1.21%,0B / 0B,0B / 1.62MB,44
2026-07-31 11:10:55,docker-recorder-run-a32a177d4325,0.00%,10.31MiB / 30.66GiB,0.03%,0B / 0B,123kB / 9.45MB,1
2026-07-31 11:10:55,glim,76.77%,332.9MiB / 30.66GiB,1.06%,0B / 0B,0B / 11.6MB,35
2026-07-31 11:10:55,ouster,7.04%,119.9MiB / 30.66GiB,0.38%,0B / 0B,0B / 3.07MB,30
2026-07-31 11:10:55,openzen,2.33%,32.75MiB / 30.66GiB,0.10%,0B / 0B,0B / 2.15MB,20
2026-07-31 11:10:55,domain_bridge,0.49%,72.25MiB / 30.66GiB,0.23%,0B / 0B,111kB / 5.17MB,28
2026-07-31 11:10:55,mapir-ffmpeg,0.12%,127.7MiB / 30.66GiB,0.41%,0B / 0B,0B / 1.3MB,33
2026-07-31 11:10:55,scovox,109.33%,665.3MiB / 30.66GiB,2.12%,0B / 0B,0B / 3.68MB,53
2026-07-31 11:10:55,nav2,6.77%,192.1MiB / 30.66GiB,0.61%,0B / 0B,0B / 1.22MB,91
2026-07-31 11:10:58,trav_ros2,102.01%,377.1MiB / 30.66GiB,1.20%,0B / 0B,0B / 1.62MB,44
2026-07-31 11:10:58,docker-recorder-run-a32a177d4325,0.00%,10.31MiB / 30.66GiB,0.03%,0B / 0B,123kB / 9.45MB,1
2026-07-31 11:10:58,glim,77.94%,344.8MiB / 30.66GiB,1.10%,0B / 0B,0B / 11.6MB,35
2026-07-31 11:10:58,ouster,7.35%,120.1MiB / 30.66GiB,0.38%,0B / 0B,0B / 3.07MB,30
2026-07-31 11:10:58,openzen,2.41%,32.8MiB / 30.66GiB,0.10%,0B / 0B,0B / 2.15MB,20
2026-07-31 11:10:58,domain_bridge,1.02%,72.03MiB / 30.66GiB,0.23%,0B / 0B,111kB / 5.17MB,28
2026-07-31 11:10:58,mapir-ffmpeg,0.45%,128.8MiB / 30.66GiB,0.41%,0B / 0B,0B / 1.3MB,33
2026-07-31 11:10:58,scovox,108.86%,640.6MiB / 30.66GiB,2.04%,0B / 0B,0B / 3.68MB,53
2026-07-31 11:10:58,nav2,6.73%,190.7MiB / 30.66GiB,0.61%,0B / 0B,0B / 1.23MB,91
2026-07-31 11:11:01,trav_ros2,101.78%,408.7MiB / 30.66GiB,1.30%,0B / 0B,0B / 1.62MB,44
2026-07-31 11:11:01,docker-recorder-run-a32a177d4325,0.00%,10.31MiB / 30.66GiB,0.03%,0B / 0B,123kB / 9.45MB,1
2026-07-31 11:11:01,glim,80.22%,364.4MiB / 30.66GiB,1.16%,0B / 0B,0B / 11.6MB,35
2026-07-31 11:11:01,ouster,6.71%,119.6MiB / 30.66GiB,0.38%,0B / 0B,0B / 3.07MB,30
2026-07-31 11:11:01,openzen,2.20%,32.57MiB / 30.66GiB,0.10%,0B / 0B,0B / 2.15MB,20
2026-07-31 11:11:01,domain_bridge,0.40%,72.24MiB / 30.66GiB,0.23%,0B / 0B,111kB / 5.17MB,28
2026-07-31 11:11:01,mapir-ffmpeg,0.12%,128.6MiB / 30.66GiB,0.41%,0B / 0B,0B / 1.3MB,33
2026-07-31 11:11:01,scovox,105.03%,649.5MiB / 30.66GiB,2.07%,0B / 0B,0B / 3.68MB,53
2026-07-31 11:11:01,nav2,6.45%,189.7MiB / 30.66GiB,0.60%,0B / 0B,0B / 1.23MB,91
2026-07-31 11:11:04,trav_ros2,101.26%,373.2MiB / 30.66GiB,1.19%,0B / 0B,0B / 1.62MB,44
2026-07-31 11:11:04,docker-recorder-run-a32a177d4325,0.00%,10.31MiB / 30.66GiB,0.03%,0B / 0B,123kB / 9.45MB,1
2026-07-31 11:11:04,glim,78.05%,363.5MiB / 30.66GiB,1.16%,0B / 0B,0B / 11.6MB,35
2026-07-31 11:11:04,ouster,6.94%,119.4MiB / 30.66GiB,0.38%,0B / 0B,0B / 3.07MB,30
2026-07-31 11:11:04,openzen,2.19%,32.86MiB / 30.66GiB,0.10%,0B / 0B,0B / 2.15MB,20
2026-07-31 11:11:04,domain_bridge,1.40%,73.14MiB / 30.66GiB,0.23%,0B / 0B,111kB / 5.17MB,28
2026-07-31 11:11:04,mapir-ffmpeg,0.14%,127.9MiB / 30.66GiB,0.41%,0B / 0B,0B / 1.3MB,33
2026-07-31 11:11:04,scovox,107.34%,640.6MiB / 30.66GiB,2.04%,0B / 0B,0B / 3.68MB,53
2026-07-31 11:11:04,nav2,7.11%,190.3MiB / 30.66GiB,0.61%,0B / 0B,0B / 1.23MB,91
2026-07-31 11:11:07,trav_ros2,101.65%,378.8MiB / 30.66GiB,1.21%,0B / 0B,0B / 1.62MB,44
2026-07-31 11:11:07,docker-recorder-run-a32a177d4325,0.00%,10.31MiB / 30.66GiB,0.03%,0B / 0B,123kB / 9.45MB,1
2026-07-31 11:11:07,glim,76.16%,353.9MiB / 30.66GiB,1.13%,0B / 0B,0B / 11.6MB,35
2026-07-31 11:11:07,ouster,6.95%,119.4MiB / 30.66GiB,0.38%,0B / 0B,0B / 3.07MB,30
2026-07-31 11:11:07,openzen,2.35%,33.38MiB / 30.66GiB,0.11%,0B / 0B,0B / 2.15MB,20
2026-07-31 11:11:07,domain_bridge,0.39%,72.64MiB / 30.66GiB,0.23%,0B / 0B,111kB / 5.17MB,28
2026-07-31 11:11:07,mapir-ffmpeg,0.12%,128.5MiB / 30.66GiB,0.41%,0B / 0B,0B / 1.3MB,33
2026-07-31 11:11:07,scovox,107.99%,659.7MiB / 30.66GiB,2.10%,0B / 0B,0B / 3.68MB,53
2026-07-31 11:11:07,nav2,6.95%,190.2MiB / 30.66GiB,0.61%,0B / 0B,0B / 1.23MB,91
2026-07-31 11:11:10,trav_ros2,101.20%,378.7MiB / 30.66GiB,1.21%,0B / 0B,0B / 1.62MB,44
2026-07-31 11:11:10,docker-recorder-run-a32a177d4325,0.00%,10.31MiB / 30.66GiB,0.03%,0B / 0B,123kB / 9.45MB,1
2026-07-31 11:11:10,glim,76.56%,336.9MiB / 30.66GiB,1.07%,0B / 0B,0B / 11.6MB,35
2026-07-31 11:11:10,ouster,6.82%,119.1MiB / 30.66GiB,0.38%,0B / 0B,0B / 3.07MB,30
2026-07-31 11:11:10,openzen,2.05%,32.9MiB / 30.66GiB,0.10%,0B / 0B,0B / 2.15MB,20
2026-07-31 11:11:10,domain_bridge,0.57%,72.91MiB / 30.66GiB,0.23%,0B / 0B,111kB / 5.17MB,28
2026-07-31 11:11:10,mapir-ffmpeg,0.09%,127.8MiB / 30.66GiB,0.41%,0B / 0B,0B / 1.3MB,33
2026-07-31 11:11:10,scovox,106.70%,655.4MiB / 30.66GiB,2.09%,0B / 0B,0B / 3.68MB,53
2026-07-31 11:11:10,nav2,6.83%,189.7MiB / 30.66GiB,0.60%,0B / 0B,0B / 1.23MB,91
2026-07-31 11:11:13,trav_ros2,101.42%,378.5MiB / 30.66GiB,1.21%,0B / 0B,0B / 1.62MB,44
2026-07-31 11:11:13,docker-recorder-run-a32a177d4325,0.00%,10.31MiB / 30.66GiB,0.03%,0B / 0B,123kB / 9.45MB,1
2026-07-31 11:11:13,glim,76.85%,335.9MiB / 30.66GiB,1.07%,0B / 0B,0B / 11.6MB,35
2026-07-31 11:11:13,ouster,7.22%,119.3MiB / 30.66GiB,0.38%,0B / 0B,0B / 3.07MB,30
2026-07-31 11:11:13,openzen,2.37%,32.69MiB / 30.66GiB,0.10%,0B / 0B,0B / 2.15MB,20
2026-07-31 11:11:13,domain_bridge,0.69%,72.21MiB / 30.66GiB,0.23%,0B / 0B,111kB / 5.17MB,28
2026-07-31 11:11:13,mapir-ffmpeg,0.27%,128.3MiB / 30.66GiB,0.41%,0B / 0B,0B / 1.3MB,33
2026-07-31 11:11:13,scovox,105.51%,685.3MiB / 30.66GiB,2.18%,0B / 0B,0B / 3.68MB,53
2026-07-31 11:11:13,nav2,7.60%,189.6MiB / 30.66GiB,0.60%,0B / 0B,0B / 1.23MB,91
2026-07-31 11:11:16,trav_ros2,101.63%,378.8MiB / 30.66GiB,1.21%,0B / 0B,0B / 1.62MB,44
2026-07-31 11:11:16,docker-recorder-run-a32a177d4325,0.00%,10.31MiB / 30.66GiB,0.03%,0B / 0B,123kB / 9.45MB,1
2026-07-31 11:11:16,glim,78.13%,356.5MiB / 30.66GiB,1.14%,0B / 0B,0B / 11.6MB,35
2026-07-31 11:11:16,ouster,7.63%,119.1MiB / 30.66GiB,0.38%,0B / 0B,0B / 3.07MB,30
2026-07-31 11:11:16,openzen,1.99%,33.22MiB / 30.66GiB,0.11%,0B / 0B,0B / 2.15MB,20
2026-07-31 11:11:16,domain_bridge,0.35%,72.45MiB / 30.66GiB,0.23%,0B / 0B,111kB / 5.17MB,28
2026-07-31 11:11:16,mapir-ffmpeg,0.23%,128.9MiB / 30.66GiB,0.41%,0B / 0B,0B / 1.3MB,33
2026-07-31 11:11:16,scovox,108.02%,658.5MiB / 30.66GiB,2.10%,0B / 0B,0B / 3.68MB,53
2026-07-31 11:11:16,nav2,7.19%,188.7MiB / 30.66GiB,0.60%,0B / 0B,0B / 1.23MB,91
2026-07-31 11:11:19,trav_ros2,101.79%,379.1MiB / 30.66GiB,1.21%,0B / 0B,0B / 1.62MB,44
2026-07-31 11:11:19,docker-recorder-run-a32a177d4325,0.00%,10.31MiB / 30.66GiB,0.03%,0B / 0B,123kB / 9.45MB,1
2026-07-31 11:11:19,glim,83.76%,360MiB / 30.66GiB,1.15%,0B / 0B,0B / 11.6MB,35
2026-07-31 11:11:19,ouster,7.08%,119.1MiB / 30.66GiB,0.38%,0B / 0B,0B / 3.07MB,30
2026-07-31 11:11:19,openzen,2.07%,32.74MiB / 30.66GiB,0.10%,0B / 0B,0B / 2.15MB,20
2026-07-31 11:11:19,domain_bridge,0.43%,72.73MiB / 30.66GiB,0.23%,0B / 0B,111kB / 5.17MB,28
2026-07-31 11:11:19,mapir-ffmpeg,0.23%,128.7MiB / 30.66GiB,0.41%,0B / 0B,0B / 1.3MB,33
2026-07-31 11:11:19,scovox,108.90%,661.6MiB / 30.66GiB,2.11%,0B / 0B,0B / 3.68MB,53
2026-07-31 11:11:19,nav2,7.28%,188.3MiB / 30.66GiB,0.60%,0B / 0B,0B / 1.23MB,91
2026-07-31 11:11:22,trav_ros2,101.95%,374.2MiB / 30.66GiB,1.19%,0B / 0B,0B / 1.64MB,44
2026-07-31 11:11:22,docker-recorder-run-a32a177d4325,0.00%,10.31MiB / 30.66GiB,0.03%,0B / 0B,123kB / 9.45MB,1
2026-07-31 11:11:22,glim,78.28%,353.5MiB / 30.66GiB,1.13%,0B / 0B,0B / 11.6MB,35
2026-07-31 11:11:22,ouster,7.16%,118.8MiB / 30.66GiB,0.38%,0B / 0B,0B / 3.07MB,30
2026-07-31 11:11:22,openzen,2.12%,33.27MiB / 30.66GiB,0.11%,0B / 0B,0B / 2.15MB,20
2026-07-31 11:11:22,domain_bridge,0.52%,73.15MiB / 30.66GiB,0.23%,0B / 0B,111kB / 5.17MB,28
2026-07-31 11:11:22,mapir-ffmpeg,0.34%,128.5MiB / 30.66GiB,0.41%,0B / 0B,0B / 1.3MB,33
2026-07-31 11:11:22,scovox,107.73%,642.1MiB / 30.66GiB,2.05%,0B / 0B,0B / 3.68MB,53
2026-07-31 11:11:22,nav2,7.29%,187.9MiB / 30.66GiB,0.60%,0B / 0B,0B / 1.23MB,91
2026-07-31 11:11:26,trav_ros2,101.80%,373.8MiB / 30.66GiB,1.19%,0B / 0B,0B / 1.64MB,44
2026-07-31 11:11:26,docker-recorder-run-a32a177d4325,0.00%,10.31MiB / 30.66GiB,0.03%,0B / 0B,123kB / 9.45MB,1
2026-07-31 11:11:26,glim,78.64%,353.6MiB / 30.66GiB,1.13%,0B / 0B,0B / 11.6MB,35
2026-07-31 11:11:26,ouster,6.88%,119.3MiB / 30.66GiB,0.38%,0B / 0B,0B / 3.07MB,30
2026-07-31 11:11:26,openzen,2.15%,33.53MiB / 30.66GiB,0.11%,0B / 0B,0B / 2.15MB,20
2026-07-31 11:11:26,domain_bridge,0.11%,72.58MiB / 30.66GiB,0.23%,0B / 0B,111kB / 5.17MB,28
2026-07-31 11:11:26,mapir-ffmpeg,0.08%,128.6MiB / 30.66GiB,0.41%,0B / 0B,0B / 1.3MB,33
2026-07-31 11:11:26,scovox,105.70%,690.5MiB / 30.66GiB,2.20%,0B / 0B,0B / 3.68MB,53
2026-07-31 11:11:26,nav2,6.70%,187.6MiB / 30.66GiB,0.60%,0B / 0B,0B / 1.23MB,91
2026-07-31 11:11:29,trav_ros2,101.98%,393.4MiB / 30.66GiB,1.25%,0B / 0B,0B / 1.64MB,44
2026-07-31 11:11:29,docker-recorder-run-a32a177d4325,0.00%,10.31MiB / 30.66GiB,0.03%,0B / 0B,123kB / 9.45MB,1
2026-07-31 11:11:29,glim,76.13%,347.7MiB / 30.66GiB,1.11%,0B / 0B,0B / 11.6MB,35
2026-07-31 11:11:29,ouster,7.30%,119.2MiB / 30.66GiB,0.38%,0B / 0B,0B / 3.07MB,30
2026-07-31 11:11:29,openzen,2.05%,32.82MiB / 30.66GiB,0.10%,0B / 0B,0B / 2.15MB,20
2026-07-31 11:11:29,domain_bridge,0.53%,72.74MiB / 30.66GiB,0.23%,0B / 0B,111kB / 5.17MB,28
2026-07-31 11:11:29,mapir-ffmpeg,0.09%,128.4MiB / 30.66GiB,0.41%,0B / 0B,0B / 1.31MB,33
2026-07-31 11:11:29,scovox,105.47%,650.2MiB / 30.66GiB,2.07%,0B / 0B,0B / 3.72MB,53
2026-07-31 11:11:29,nav2,6.94%,187.9MiB / 30.66GiB,0.60%,0B / 0B,0B / 1.23MB,91
2026-07-31 11:11:32,trav_ros2,101.68%,379.9MiB / 30.66GiB,1.21%,0B / 0B,0B / 1.64MB,44
2026-07-31 11:11:32,docker-recorder-run-a32a177d4325,0.00%,10.31MiB / 30.66GiB,0.03%,0B / 0B,123kB / 9.45MB,1
2026-07-31 11:11:32,glim,77.48%,345MiB / 30.66GiB,1.10%,0B / 0B,0B / 11.6MB,35
2026-07-31 11:11:32,ouster,7.12%,119.9MiB / 30.66GiB,0.38%,0B / 0B,0B / 3.07MB,30
2026-07-31 11:11:32,openzen,2.35%,32.87MiB / 30.66GiB,0.10%,0B / 0B,0B / 2.15MB,20
2026-07-31 11:11:32,domain_bridge,0.33%,72.07MiB / 30.66GiB,0.23%,0B / 0B,111kB / 5.17MB,28
2026-07-31 11:11:32,mapir-ffmpeg,0.25%,128.7MiB / 30.66GiB,0.41%,0B / 0B,0B / 1.31MB,33
2026-07-31 11:11:32,scovox,107.21%,641.8MiB / 30.66GiB,2.04%,0B / 0B,0B / 3.72MB,53
2026-07-31 11:11:32,nav2,7.01%,188.9MiB / 30.66GiB,0.60%,0B / 0B,0B / 1.25MB,91
2026-07-31 11:11:35,trav_ros2,101.70%,383.2MiB / 30.66GiB,1.22%,0B / 0B,0B / 1.64MB,44
2026-07-31 11:11:35,docker-recorder-run-a32a177d4325,0.00%,10.31MiB / 30.66GiB,0.03%,0B / 0B,123kB / 9.45MB,1
2026-07-31 11:11:35,glim,101.94%,379.5MiB / 30.66GiB,1.21%,0B / 0B,0B / 11.6MB,35
2026-07-31 11:11:35,ouster,7.15%,119.8MiB / 30.66GiB,0.38%,0B / 0B,0B / 3.07MB,30
2026-07-31 11:11:35,openzen,2.42%,32.9MiB / 30.66GiB,0.10%,0B / 0B,0B / 2.15MB,20
2026-07-31 11:11:35,domain_bridge,1.83%,72.73MiB / 30.66GiB,0.23%,0B / 0B,111kB / 5.17MB,28
2026-07-31 11:11:35,mapir-ffmpeg,0.21%,128.3MiB / 30.66GiB,0.41%,0B / 0B,0B / 1.31MB,33
2026-07-31 11:11:35,scovox,114.21%,659.7MiB / 30.66GiB,2.10%,0B / 0B,0B / 3.72MB,53
2026-07-31 11:11:35,nav2,15.55%,245.7MiB / 30.66GiB,0.78%,0B / 0B,12.3kB / 1.25MB,93
2026-07-31 11:11:38,trav_ros2,101.52%,380.2MiB / 30.66GiB,1.21%,0B / 0B,0B / 1.64MB,44
2026-07-31 11:11:38,docker-recorder-run-a32a177d4325,0.00%,10.31MiB / 30.66GiB,0.03%,0B / 0B,123kB / 9.45MB,1
2026-07-31 11:11:38,glim,92.25%,401.4MiB / 30.66GiB,1.28%,0B / 0B,0B / 11.6MB,35
2026-07-31 11:11:38,ouster,7.38%,119.4MiB / 30.66GiB,0.38%,0B / 0B,0B / 3.07MB,30
2026-07-31 11:11:38,openzen,2.49%,34.16MiB / 30.66GiB,0.11%,0B / 0B,0B / 2.15MB,20
2026-07-31 11:11:38,domain_bridge,0.73%,71.98MiB / 30.66GiB,0.23%,0B / 0B,111kB / 5.17MB,28
2026-07-31 11:11:38,mapir-ffmpeg,0.48%,129.1MiB / 30.66GiB,0.41%,0B / 0B,0B / 1.31MB,33
2026-07-31 11:11:38,scovox,106.12%,699.2MiB / 30.66GiB,2.23%,0B / 0B,0B / 3.72MB,53
2026-07-31 11:11:38,nav2,16.42%,245.5MiB / 30.66GiB,0.78%,0B / 0B,12.3kB / 1.25MB,93
2026-07-31 11:11:41,trav_ros2,101.59%,374.1MiB / 30.66GiB,1.19%,0B / 0B,0B / 1.64MB,44
2026-07-31 11:11:41,docker-recorder-run-a32a177d4325,0.00%,10.31MiB / 30.66GiB,0.03%,0B / 0B,123kB / 9.45MB,1
2026-07-31 11:11:41,glim,119.73%,397.1MiB / 30.66GiB,1.26%,0B / 0B,0B / 11.6MB,35
2026-07-31 11:11:41,ouster,6.87%,119.5MiB / 30.66GiB,0.38%,0B / 0B,0B / 3.07MB,30
2026-07-31 11:11:41,openzen,2.25%,33.21MiB / 30.66GiB,0.11%,0B / 0B,0B / 2.15MB,20
2026-07-31 11:11:41,domain_bridge,0.60%,73.02MiB / 30.66GiB,0.23%,0B / 0B,111kB / 5.17MB,28
2026-07-31 11:11:41,mapir-ffmpeg,0.15%,128.9MiB / 30.66GiB,0.41%,0B / 0B,0B / 1.31MB,33
2026-07-31 11:11:41,scovox,109.15%,683.6MiB / 30.66GiB,2.18%,0B / 0B,0B / 3.72MB,53
2026-07-31 11:11:41,nav2,15.42%,245.1MiB / 30.66GiB,0.78%,0B / 0B,12.3kB / 1.25MB,93
2026-07-31 11:11:44,trav_ros2,101.76%,383.1MiB / 30.66GiB,1.22%,0B / 0B,0B / 1.64MB,44
2026-07-31 11:11:44,docker-recorder-run-a32a177d4325,0.00%,10.31MiB / 30.66GiB,0.03%,0B / 0B,123kB / 9.45MB,1
2026-07-31 11:11:44,glim,122.47%,383.5MiB / 30.66GiB,1.22%,0B / 0B,0B / 11.6MB,35
2026-07-31 11:11:44,ouster,7.02%,119.9MiB / 30.66GiB,0.38%,0B / 0B,0B / 3.07MB,30
2026-07-31 11:11:44,openzen,2.44%,33.48MiB / 30.66GiB,0.11%,0B / 0B,0B / 2.15MB,20
2026-07-31 11:11:44,domain_bridge,1.62%,73.34MiB / 30.66GiB,0.23%,0B / 0B,111kB / 5.17MB,28
2026-07-31 11:11:44,mapir-ffmpeg,0.19%,128.7MiB / 30.66GiB,0.41%,0B / 0B,0B / 1.31MB,33
2026-07-31 11:11:44,scovox,116.71%,679.8MiB / 30.66GiB,2.17%,0B / 0B,0B / 3.72MB,53
2026-07-31 11:11:44,nav2,15.90%,245.4MiB / 30.66GiB,0.78%,0B / 0B,16.4kB / 1.25MB,94
2026-07-31 11:11:47,trav_ros2,101.70%,376.7MiB / 30.66GiB,1.20%,0B / 0B,0B / 1.64MB,44
2026-07-31 11:11:47,docker-recorder-run-a32a177d4325,0.00%,10.31MiB / 30.66GiB,0.03%,0B / 0B,123kB / 9.45MB,1
2026-07-31 11:11:47,glim,127.94%,402.7MiB / 30.66GiB,1.28%,0B / 0B,0B / 11.6MB,35
2026-07-31 11:11:47,ouster,7.01%,119.3MiB / 30.66GiB,0.38%,0B / 0B,0B / 3.07MB,30
2026-07-31 11:11:47,openzen,2.26%,33.52MiB / 30.66GiB,0.11%,0B / 0B,0B / 2.15MB,20
2026-07-31 11:11:47,domain_bridge,0.55%,72.77MiB / 30.66GiB,0.23%,0B / 0B,111kB / 5.17MB,28
2026-07-31 11:11:47,mapir-ffmpeg,0.14%,129.5MiB / 30.66GiB,0.41%,0B / 0B,0B / 1.31MB,33
2026-07-31 11:11:47,scovox,115.93%,722.2MiB / 30.66GiB,2.30%,0B / 0B,0B / 3.72MB,53
2026-07-31 11:11:47,nav2,15.57%,245.5MiB / 30.66GiB,0.78%,0B / 0B,16.4kB / 1.25MB,93
2026-07-31 11:11:50,trav_ros2,102.30%,382.4MiB / 30.66GiB,1.22%,0B / 0B,0B / 1.64MB,44
2026-07-31 11:11:50,docker-recorder-run-a32a177d4325,0.00%,10.31MiB / 30.66GiB,0.03%,0B / 0B,123kB / 9.45MB,1
2026-07-31 11:11:50,glim,125.32%,416.7MiB / 30.66GiB,1.33%,0B / 0B,0B / 11.6MB,35
2026-07-31 11:11:50,ouster,6.97%,119.7MiB / 30.66GiB,0.38%,0B / 0B,0B / 3.07MB,30
2026-07-31 11:11:50,openzen,2.55%,33.3MiB / 30.66GiB,0.11%,0B / 0B,0B / 2.15MB,20
2026-07-31 11:11:50,domain_bridge,0.77%,73.03MiB / 30.66GiB,0.23%,0B / 0B,111kB / 5.17MB,28
2026-07-31 11:11:50,mapir-ffmpeg,0.05%,129.3MiB / 30.66GiB,0.41%,0B / 0B,0B / 1.31MB,33
2026-07-31 11:11:50,scovox,116.06%,758.5MiB / 30.66GiB,2.42%,0B / 0B,0B / 3.72MB,53
2026-07-31 11:11:50,nav2,15.71%,245MiB / 30.66GiB,0.78%,0B / 0B,16.4kB / 1.25MB,93
2026-07-31 11:11:53,trav_ros2,102.10%,375.4MiB / 30.66GiB,1.20%,0B / 0B,0B / 1.66MB,44
2026-07-31 11:11:53,docker-recorder-run-a32a177d4325,0.00%,10.31MiB / 30.66GiB,0.03%,0B / 0B,123kB / 9.45MB,1
2026-07-31 11:11:53,glim,134.23%,416.6MiB / 30.66GiB,1.33%,0B / 0B,0B / 11.6MB,35
2026-07-31 11:11:53,ouster,7.23%,119.2MiB / 30.66GiB,0.38%,0B / 0B,0B / 3.07MB,30
2026-07-31 11:11:53,openzen,2.53%,33.81MiB / 30.66GiB,0.11%,0B / 0B,0B / 2.15MB,20
2026-07-31 11:11:53,domain_bridge,0.72%,73.12MiB / 30.66GiB,0.23%,0B / 0B,111kB / 5.17MB,28
2026-07-31 11:11:53,mapir-ffmpeg,0.34%,129.6MiB / 30.66GiB,0.41%,0B / 0B,0B / 1.31MB,33
2026-07-31 11:11:53,scovox,105.80%,824.2MiB / 30.66GiB,2.62%,0B / 0B,0B / 3.72MB,53
2026-07-31 11:11:53,nav2,15.46%,245.3MiB / 30.66GiB,0.78%,0B / 0B,16.4kB / 1.25MB,93
2026-07-31 11:11:56,trav_ros2,101.88%,378.2MiB / 30.66GiB,1.20%,0B / 0B,0B / 1.66MB,44
2026-07-31 11:11:56,docker-recorder-run-a32a177d4325,0.00%,10.31MiB / 30.66GiB,0.03%,0B / 0B,123kB / 9.45MB,1
2026-07-31 11:11:56,glim,130.61%,399.6MiB / 30.66GiB,1.27%,0B / 0B,0B / 11.6MB,35
2026-07-31 11:11:56,ouster,7.21%,119.8MiB / 30.66GiB,0.38%,0B / 0B,0B / 3.07MB,30
2026-07-31 11:11:56,openzen,2.61%,33.11MiB / 30.66GiB,0.11%,0B / 0B,0B / 2.15MB,20
2026-07-31 11:11:56,domain_bridge,0.79%,73.09MiB / 30.66GiB,0.23%,0B / 0B,111kB / 5.17MB,28
2026-07-31 11:11:56,mapir-ffmpeg,0.29%,129.2MiB / 30.66GiB,0.41%,0B / 0B,0B / 1.31MB,33
2026-07-31 11:11:56,scovox,118.41%,789.9MiB / 30.66GiB,2.52%,0B / 0B,0B / 3.72MB,53
2026-07-31 11:11:56,nav2,16.17%,245.6MiB / 30.66GiB,0.78%,0B / 0B,16.4kB / 1.25MB,93
2026-07-31 11:11:59,trav_ros2,101.39%,377.9MiB / 30.66GiB,1.20%,0B / 0B,0B / 1.66MB,44
2026-07-31 11:11:59,docker-recorder-run-a32a177d4325,0.00%,10.31MiB / 30.66GiB,0.03%,0B / 0B,123kB / 9.45MB,1
2026-07-31 11:11:59,glim,132.63%,412.4MiB / 30.66GiB,1.31%,0B / 0B,0B / 11.6MB,35
2026-07-31 11:11:59,ouster,7.04%,120MiB / 30.66GiB,0.38%,0B / 0B,0B / 3.07MB,30
2026-07-31 11:11:59,openzen,2.42%,33.14MiB / 30.66GiB,0.11%,0B / 0B,0B / 2.15MB,20
2026-07-31 11:11:59,domain_bridge,0.39%,72.73MiB / 30.66GiB,0.23%,0B / 0B,111kB / 5.17MB,28
2026-07-31 11:11:59,mapir-ffmpeg,0.22%,129.5MiB / 30.66GiB,0.41%,0B / 0B,0B / 1.31MB,33
2026-07-31 11:11:59,scovox,105.49%,828.9MiB / 30.66GiB,2.64%,0B / 0B,0B / 3.72MB,53
2026-07-31 11:11:59,nav2,15.33%,245.1MiB / 30.66GiB,0.78%,0B / 0B,16.4kB / 1.25MB,93
2026-07-31 11:12:02,trav_ros2,99.89%,374.4MiB / 30.66GiB,1.19%,0B / 0B,0B / 1.66MB,44
2026-07-31 11:12:02,docker-recorder-run-a32a177d4325,0.00%,10.31MiB / 30.66GiB,0.03%,0B / 0B,123kB / 9.45MB,1
2026-07-31 11:12:02,glim,134.65%,413MiB / 30.66GiB,1.32%,0B / 0B,0B / 11.6MB,35
2026-07-31 11:12:02,ouster,6.95%,119.8MiB / 30.66GiB,0.38%,0B / 0B,0B / 3.07MB,30
2026-07-31 11:12:02,openzen,2.40%,33.68MiB / 30.66GiB,0.11%,0B / 0B,0B / 2.15MB,20
2026-07-31 11:12:02,domain_bridge,0.79%,73.28MiB / 30.66GiB,0.23%,0B / 0B,111kB / 5.17MB,28
2026-07-31 11:12:02,mapir-ffmpeg,0.34%,129.3MiB / 30.66GiB,0.41%,0B / 0B,0B / 1.31MB,33
2026-07-31 11:12:02,scovox,113.51%,802.2MiB / 30.66GiB,2.55%,0B / 0B,0B / 3.72MB,53
2026-07-31 11:12:02,nav2,15.14%,246.6MiB / 30.66GiB,0.79%,0B / 0B,16.4kB / 1.25MB,93
2026-07-31 11:12:05,trav_ros2,99.57%,384.2MiB / 30.66GiB,1.22%,0B / 0B,0B / 1.66MB,44
2026-07-31 11:12:05,docker-recorder-run-a32a177d4325,0.00%,10.31MiB / 30.66GiB,0.03%,0B / 0B,123kB / 9.45MB,1
2026-07-31 11:12:05,glim,125.94%,412.7MiB / 30.66GiB,1.31%,0B / 0B,0B / 11.6MB,35
2026-07-31 11:12:05,ouster,6.69%,119.8MiB / 30.66GiB,0.38%,0B / 0B,0B / 3.07MB,30
2026-07-31 11:12:05,openzen,2.49%,33.45MiB / 30.66GiB,0.11%,0B / 0B,0B / 2.15MB,20
2026-07-31 11:12:05,domain_bridge,0.12%,72.85MiB / 30.66GiB,0.23%,0B / 0B,111kB / 5.17MB,28
2026-07-31 11:12:05,mapir-ffmpeg,0.09%,129.3MiB / 30.66GiB,0.41%,0B / 0B,0B / 1.31MB,33
2026-07-31 11:12:05,scovox,102.99%,794.5MiB / 30.66GiB,2.53%,0B / 0B,0B / 3.74MB,53
2026-07-31 11:12:05,nav2,14.83%,245.9MiB / 30.66GiB,0.78%,0B / 0B,16.4kB / 1.25MB,93
2026-07-31 11:12:09,trav_ros2,99.90%,380.7MiB / 30.66GiB,1.21%,0B / 0B,0B / 1.66MB,44
2026-07-31 11:12:09,docker-recorder-run-a32a177d4325,0.00%,10.31MiB / 30.66GiB,0.03%,0B / 0B,123kB / 9.45MB,1
2026-07-31 11:12:09,glim,126.83%,412.5MiB / 30.66GiB,1.31%,0B / 0B,0B / 11.6MB,35
2026-07-31 11:12:09,ouster,6.72%,119.7MiB / 30.66GiB,0.38%,0B / 0B,0B / 3.07MB,30
2026-07-31 11:12:09,openzen,2.28%,33.21MiB / 30.66GiB,0.11%,0B / 0B,0B / 2.15MB,20
2026-07-31 11:12:09,domain_bridge,1.51%,73.09MiB / 30.66GiB,0.23%,0B / 0B,111kB / 5.17MB,28
2026-07-31 11:12:09,mapir-ffmpeg,0.10%,129.4MiB / 30.66GiB,0.41%,0B / 0B,0B / 1.31MB,33
2026-07-31 11:12:09,scovox,116.53%,832.4MiB / 30.66GiB,2.65%,0B / 0B,0B / 3.74MB,53
2026-07-31 11:12:09,nav2,15.64%,245.8MiB / 30.66GiB,0.78%,0B / 0B,16.4kB / 1.28MB,93
2026-07-31 11:12:12,trav_ros2,100.53%,380MiB / 30.66GiB,1.21%,0B / 0B,0B / 1.66MB,44
2026-07-31 11:12:12,docker-recorder-run-a32a177d4325,0.00%,10.31MiB / 30.66GiB,0.03%,0B / 0B,123kB / 9.45MB,1
2026-07-31 11:12:12,glim,133.05%,412.9MiB / 30.66GiB,1.32%,0B / 0B,0B / 11.6MB,35
2026-07-31 11:12:12,ouster,6.88%,120.2MiB / 30.66GiB,0.38%,0B / 0B,0B / 3.07MB,30
2026-07-31 11:12:12,openzen,2.38%,33.76MiB / 30.66GiB,0.11%,0B / 0B,0B / 2.15MB,20
2026-07-31 11:12:12,domain_bridge,0.40%,72.97MiB / 30.66GiB,0.23%,0B / 0B,111kB / 5.17MB,28
2026-07-31 11:12:12,mapir-ffmpeg,0.21%,129.7MiB / 30.66GiB,0.41%,0B / 0B,0B / 1.31MB,33
2026-07-31 11:12:12,scovox,104.58%,834MiB / 30.66GiB,2.66%,0B / 0B,0B / 3.74MB,53
2026-07-31 11:12:12,nav2,15.33%,246.4MiB / 30.66GiB,0.78%,0B / 0B,16.4kB / 1.28MB,93
2026-07-31 11:12:15,trav_ros2,100.39%,384.7MiB / 30.66GiB,1.23%,0B / 0B,0B / 1.66MB,44
2026-07-31 11:12:15,docker-recorder-run-a32a177d4325,0.00%,10.31MiB / 30.66GiB,0.03%,0B / 0B,123kB / 9.45MB,1
2026-07-31 11:12:15,glim,122.62%,396.5MiB / 30.66GiB,1.26%,0B / 0B,0B / 11.6MB,35
2026-07-31 11:12:15,ouster,7.03%,120.2MiB / 30.66GiB,0.38%,0B / 0B,0B / 3.07MB,30
2026-07-31 11:12:15,openzen,2.26%,33.33MiB / 30.66GiB,0.11%,0B / 0B,0B / 2.15MB,20
2026-07-31 11:12:15,domain_bridge,0.89%,72.76MiB / 30.66GiB,0.23%,0B / 0B,111kB / 5.17MB,28
2026-07-31 11:12:15,mapir-ffmpeg,0.13%,129.6MiB / 30.66GiB,0.41%,0B / 0B,0B / 1.31MB,33
2026-07-31 11:12:15,scovox,112.89%,817MiB / 30.66GiB,2.60%,0B / 0B,0B / 3.74MB,53
2026-07-31 11:12:15,nav2,15.32%,247.4MiB / 30.66GiB,0.79%,0B / 0B,16.4kB / 1.28MB,93
2026-07-31 11:12:18,trav_ros2,99.35%,383.7MiB / 30.66GiB,1.22%,0B / 0B,0B / 1.66MB,44
2026-07-31 11:12:18,docker-recorder-run-a32a177d4325,0.00%,10.31MiB / 30.66GiB,0.03%,0B / 0B,123kB / 9.45MB,1
2026-07-31 11:12:18,glim,131.52%,397MiB / 30.66GiB,1.26%,0B / 0B,0B / 11.6MB,35
2026-07-31 11:12:18,ouster,7.05%,119.7MiB / 30.66GiB,0.38%,0B / 0B,0B / 3.07MB,30
2026-07-31 11:12:18,openzen,2.44%,33.59MiB / 30.66GiB,0.11%,0B / 0B,0B / 2.15MB,20
2026-07-31 11:12:18,domain_bridge,1.00%,72.82MiB / 30.66GiB,0.23%,0B / 0B,111kB / 5.17MB,28
2026-07-31 11:12:18,mapir-ffmpeg,0.43%,130.9MiB / 30.66GiB,0.42%,0B / 0B,0B / 1.31MB,33
2026-07-31 11:12:18,scovox,113.24%,834.8MiB / 30.66GiB,2.66%,0B / 0B,0B / 3.74MB,53
2026-07-31 11:12:18,nav2,16.20%,249MiB / 30.66GiB,0.79%,0B / 0B,16.4kB / 1.28MB,93
2026-07-31 11:12:21,trav_ros2,99.01%,384.8MiB / 30.66GiB,1.23%,0B / 0B,0B / 1.66MB,44
2026-07-31 11:12:21,docker-recorder-run-a32a177d4325,0.00%,10.31MiB / 30.66GiB,0.03%,0B / 0B,123kB / 9.45MB,1
2026-07-31 11:12:21,glim,110.83%,397.1MiB / 30.66GiB,1.26%,0B / 0B,0B / 11.6MB,35
2026-07-31 11:12:21,ouster,6.70%,119.8MiB / 30.66GiB,0.38%,0B / 0B,0B / 3.07MB,30
2026-07-31 11:12:21,openzen,2.21%,33.14MiB / 30.66GiB,0.11%,0B / 0B,0B / 2.15MB,20
2026-07-31 11:12:21,domain_bridge,0.31%,72.97MiB / 30.66GiB,0.23%,0B / 0B,111kB / 5.17MB,28
2026-07-31 11:12:21,mapir-ffmpeg,0.15%,130.7MiB / 30.66GiB,0.42%,0B / 0B,0B / 1.31MB,33
2026-07-31 11:12:21,scovox,105.36%,829.5MiB / 30.66GiB,2.64%,0B / 0B,0B / 3.74MB,53
2026-07-31 11:12:21,nav2,15.74%,247.7MiB / 30.66GiB,0.79%,0B / 0B,16.4kB / 1.28MB,93
2026-07-31 11:12:24,trav_ros2,99.89%,384.5MiB / 30.66GiB,1.22%,0B / 0B,0B / 1.68MB,44
2026-07-31 11:12:24,docker-recorder-run-a32a177d4325,0.00%,10.31MiB / 30.66GiB,0.03%,0B / 0B,123kB / 9.45MB,1
2026-07-31 11:12:24,glim,121.65%,397.4MiB / 30.66GiB,1.27%,0B / 0B,0B / 11.6MB,35
2026-07-31 11:12:24,ouster,6.84%,120.2MiB / 30.66GiB,0.38%,0B / 0B,0B / 3.07MB,30
2026-07-31 11:12:24,openzen,2.26%,33.41MiB / 30.66GiB,0.11%,0B / 0B,0B / 2.15MB,20
2026-07-31 11:12:24,domain_bridge,1.07%,73.69MiB / 30.66GiB,0.23%,0B / 0B,111kB / 5.17MB,28
2026-07-31 11:12:24,mapir-ffmpeg,0.20%,130MiB / 30.66GiB,0.41%,0B / 0B,0B / 1.31MB,33
2026-07-31 11:12:24,scovox,103.69%,872.6MiB / 30.66GiB,2.78%,0B / 0B,0B / 3.74MB,53
2026-07-31 11:12:24,nav2,15.60%,247.8MiB / 30.66GiB,0.79%,0B / 0B,16.4kB / 1.28MB,93
2026-07-31 11:12:27,trav_ros2,99.73%,384.9MiB / 30.66GiB,1.23%,0B / 0B,0B / 1.68MB,44
2026-07-31 11:12:27,docker-recorder-run-a32a177d4325,0.00%,10.31MiB / 30.66GiB,0.03%,0B / 0B,123kB / 9.45MB,1
2026-07-31 11:12:27,glim,136.20%,402.1MiB / 30.66GiB,1.28%,0B / 0B,0B / 11.6MB,35
2026-07-31 11:12:27,ouster,6.66%,120MiB / 30.66GiB,0.38%,0B / 0B,0B / 3.07MB,30
2026-07-31 11:12:27,openzen,2.41%,33.69MiB / 30.66GiB,0.11%,0B / 0B,0B / 2.15MB,20
2026-07-31 11:12:27,domain_bridge,0.40%,73.53MiB / 30.66GiB,0.23%,0B / 0B,111kB / 5.17MB,28
2026-07-31 11:12:27,mapir-ffmpeg,0.11%,129.8MiB / 30.66GiB,0.41%,0B / 0B,0B / 1.31MB,33
2026-07-31 11:12:27,scovox,102.71%,855.3MiB / 30.66GiB,2.72%,0B / 0B,0B / 3.74MB,53
2026-07-31 11:12:27,nav2,15.24%,247.5MiB / 30.66GiB,0.79%,0B / 0B,16.4kB / 1.28MB,93
2026-07-31 11:12:30,trav_ros2,99.33%,386.3MiB / 30.66GiB,1.23%,0B / 0B,0B / 1.68MB,44
2026-07-31 11:12:30,docker-recorder-run-a32a177d4325,0.00%,10.31MiB / 30.66GiB,0.03%,0B / 0B,123kB / 9.45MB,1
2026-07-31 11:12:30,glim,128.87%,423.5MiB / 30.66GiB,1.35%,0B / 0B,0B / 11.6MB,35
2026-07-31 11:12:30,ouster,7.10%,119.7MiB / 30.66GiB,0.38%,0B / 0B,0B / 3.07MB,30
2026-07-31 11:12:30,openzen,2.29%,33.96MiB / 30.66GiB,0.11%,0B / 0B,0B / 2.15MB,20
2026-07-31 11:12:30,domain_bridge,1.28%,70.28MiB / 30.66GiB,0.22%,0B / 0B,111kB / 5.17MB,28
2026-07-31 11:12:30,mapir-ffmpeg,0.06%,129.1MiB / 30.66GiB,0.41%,0B / 0B,0B / 1.31MB,33
2026-07-31 11:12:30,scovox,111.67%,851.4MiB / 30.66GiB,2.71%,0B / 0B,0B / 3.74MB,53
2026-07-31 11:12:30,nav2,15.28%,247.7MiB / 30.66GiB,0.79%,0B / 0B,16.4kB / 1.28MB,93
2026-07-31 11:12:33,trav_ros2,99.75%,384.8MiB / 30.66GiB,1.23%,0B / 0B,0B / 1.68MB,44
2026-07-31 11:12:33,docker-recorder-run-a32a177d4325,0.00%,10.31MiB / 30.66GiB,0.03%,0B / 0B,123kB / 9.45MB,1
2026-07-31 11:12:33,glim,129.59%,423.5MiB / 30.66GiB,1.35%,0B / 0B,0B / 11.6MB,35
2026-07-31 11:12:33,ouster,6.87%,120MiB / 30.66GiB,0.38%,0B / 0B,0B / 3.07MB,30
2026-07-31 11:12:33,openzen,2.38%,33.75MiB / 30.66GiB,0.11%,0B / 0B,0B / 2.15MB,20
2026-07-31 11:12:33,domain_bridge,0.70%,72.32MiB / 30.66GiB,0.23%,0B / 0B,111kB / 5.17MB,28
2026-07-31 11:12:33,mapir-ffmpeg,0.29%,129.1MiB / 30.66GiB,0.41%,0B / 0B,0B / 1.31MB,33
2026-07-31 11:12:33,scovox,103.27%,858.6MiB / 30.66GiB,2.73%,0B / 0B,0B / 3.74MB,53
2026-07-31 11:12:33,nav2,15.62%,247.4MiB / 30.66GiB,0.79%,0B / 0B,16.4kB / 1.28MB,93
2026-07-31 11:12:36,trav_ros2,100.85%,378.4MiB / 30.66GiB,1.21%,0B / 0B,0B / 1.68MB,44
2026-07-31 11:12:36,docker-recorder-run-a32a177d4325,0.00%,10.31MiB / 30.66GiB,0.03%,0B / 0B,123kB / 9.45MB,1
2026-07-31 11:12:36,glim,130.29%,424MiB / 30.66GiB,1.35%,0B / 0B,0B / 11.6MB,35
2026-07-31 11:12:36,ouster,7.00%,119.7MiB / 30.66GiB,0.38%,0B / 0B,0B / 3.07MB,30
2026-07-31 11:12:36,openzen,2.40%,33.77MiB / 30.66GiB,0.11%,0B / 0B,0B / 2.15MB,20
2026-07-31 11:12:36,domain_bridge,0.84%,72.99MiB / 30.66GiB,0.23%,0B / 0B,111kB / 5.17MB,28
2026-07-31 11:12:36,mapir-ffmpeg,0.22%,129.6MiB / 30.66GiB,0.41%,0B / 0B,0B / 1.31MB,33
2026-07-31 11:12:36,scovox,115.44%,861.5MiB / 30.66GiB,2.74%,0B / 0B,0B / 3.74MB,53
2026-07-31 11:12:36,nav2,16.19%,247.1MiB / 30.66GiB,0.79%,0B / 0B,16.4kB / 1.28MB,93
2026-07-31 11:12:39,trav_ros2,100.32%,385.3MiB / 30.66GiB,1.23%,0B / 0B,0B / 1.68MB,44
2026-07-31 11:12:39,docker-recorder-run-a32a177d4325,0.00%,10.31MiB / 30.66GiB,0.03%,0B / 0B,123kB / 9.45MB,1
2026-07-31 11:12:39,glim,128.69%,425.9MiB / 30.66GiB,1.36%,0B / 0B,0B / 11.6MB,35
2026-07-31 11:12:39,ouster,6.93%,119.8MiB / 30.66GiB,0.38%,0B / 0B,0B / 3.07MB,30
2026-07-31 11:12:39,openzen,2.41%,33.55MiB / 30.66GiB,0.11%,0B / 0B,0B / 2.15MB,20
2026-07-31 11:12:39,domain_bridge,0.38%,72.9MiB / 30.66GiB,0.23%,0B / 0B,111kB / 5.17MB,28
2026-07-31 11:12:39,mapir-ffmpeg,0.21%,129.3MiB / 30.66GiB,0.41%,0B / 0B,0B / 1.32MB,33
2026-07-31 11:12:39,scovox,104.23%,883.2MiB / 30.66GiB,2.81%,0B / 0B,0B / 3.77MB,53
2026-07-31 11:12:39,nav2,15.09%,247.1MiB / 30.66GiB,0.79%,0B / 0B,16.4kB / 1.28MB,94
2026-07-31 11:12:42,trav_ros2,101.82%,386.7MiB / 30.66GiB,1.23%,0B / 0B,0B / 1.68MB,44
2026-07-31 11:12:42,docker-recorder-run-a32a177d4325,0.00%,10.31MiB / 30.66GiB,0.03%,0B / 0B,123kB / 9.45MB,1
2026-07-31 11:12:42,glim,125.46%,428.5MiB / 30.66GiB,1.36%,0B / 0B,0B / 11.6MB,35
2026-07-31 11:12:42,ouster,7.55%,119.9MiB / 30.66GiB,0.38%,0B / 0B,0B / 3.07MB,30
2026-07-31 11:12:42,openzen,2.46%,34.09MiB / 30.66GiB,0.11%,0B / 0B,0B / 2.15MB,20
2026-07-31 11:12:42,domain_bridge,1.04%,72.94MiB / 30.66GiB,0.23%,0B / 0B,111kB / 5.17MB,28
2026-07-31 11:12:42,mapir-ffmpeg,0.32%,129.8MiB / 30.66GiB,0.41%,0B / 0B,0B / 1.32MB,33
2026-07-31 11:12:42,scovox,118.37%,882.6MiB / 30.66GiB,2.81%,0B / 0B,0B / 3.77MB,53
2026-07-31 11:12:42,nav2,16.25%,249.1MiB / 30.66GiB,0.79%,0B / 0B,16.4kB / 1.3MB,93
2026-07-31 11:12:45,trav_ros2,101.68%,384.9MiB / 30.66GiB,1.23%,0B / 0B,0B / 1.68MB,44
2026-07-31 11:12:45,docker-recorder-run-a32a177d4325,0.00%,10.31MiB / 30.66GiB,0.03%,0B / 0B,123kB / 9.45MB,1
2026-07-31 11:12:45,glim,127.08%,428.7MiB / 30.66GiB,1.37%,0B / 0B,0B / 11.6MB,35
2026-07-31 11:12:45,ouster,6.88%,120.1MiB / 30.66GiB,0.38%,0B / 0B,0B / 3.07MB,30
2026-07-31 11:12:45,openzen,2.31%,34.1MiB / 30.66GiB,0.11%,0B / 0B,0B / 2.15MB,20
2026-07-31 11:12:45,domain_bridge,0.39%,72.32MiB / 30.66GiB,0.23%,0B / 0B,111kB / 5.17MB,28
2026-07-31 11:12:45,mapir-ffmpeg,0.12%,130.1MiB / 30.66GiB,0.41%,0B / 0B,0B / 1.32MB,33
2026-07-31 11:12:45,scovox,105.35%,873.3MiB / 30.66GiB,2.78%,0B / 0B,0B / 3.77MB,53
2026-07-31 11:12:45,nav2,15.89%,247.2MiB / 30.66GiB,0.79%,0B / 0B,16.4kB / 1.3MB,93
2026-07-31 11:12:49,trav_ros2,101.71%,388.6MiB / 30.66GiB,1.24%,0B / 0B,0B / 1.68MB,44
2026-07-31 11:12:49,docker-recorder-run-a32a177d4325,0.00%,10.31MiB / 30.66GiB,0.03%,0B / 0B,123kB / 9.45MB,1
2026-07-31 11:12:49,glim,129.40%,429.3MiB / 30.66GiB,1.37%,0B / 0B,0B / 11.6MB,35
2026-07-31 11:12:49,ouster,6.88%,120MiB / 30.66GiB,0.38%,0B / 0B,0B / 3.07MB,30
2026-07-31 11:12:49,openzen,2.22%,34.37MiB / 30.66GiB,0.11%,0B / 0B,0B / 2.15MB,20
2026-07-31 11:12:49,domain_bridge,1.56%,72.95MiB / 30.66GiB,0.23%,0B / 0B,111kB / 5.17MB,28
2026-07-31 11:12:49,mapir-ffmpeg,0.11%,130.3MiB / 30.66GiB,0.41%,0B / 0B,0B / 1.32MB,33
2026-07-31 11:12:49,scovox,114.03%,890.1MiB / 30.66GiB,2.83%,0B / 0B,0B / 3.77MB,53
2026-07-31 11:12:49,nav2,15.29%,247.3MiB / 30.66GiB,0.79%,0B / 0B,16.4kB / 1.31MB,93
2026-07-31 11:12:52,trav_ros2,100.11%,381.8MiB / 30.66GiB,1.22%,0B / 0B,0B / 1.68MB,44
2026-07-31 11:12:52,docker-recorder-run-a32a177d4325,0.00%,10.31MiB / 30.66GiB,0.03%,0B / 0B,123kB / 9.45MB,1
2026-07-31 11:12:52,glim,133.27%,428.9MiB / 30.66GiB,1.37%,0B / 0B,0B / 11.6MB,35
2026-07-31 11:12:52,ouster,7.02%,120MiB / 30.66GiB,0.38%,0B / 0B,0B / 3.07MB,30
2026-07-31 11:12:52,openzen,2.44%,34.42MiB / 30.66GiB,0.11%,0B / 0B,0B / 2.15MB,20
2026-07-31 11:12:52,domain_bridge,0.33%,73MiB / 30.66GiB,0.23%,0B / 0B,111kB / 5.17MB,28
2026-07-31 11:12:52,mapir-ffmpeg,0.22%,129.6MiB / 30.66GiB,0.41%,0B / 0B,0B / 1.32MB,33
2026-07-31 11:12:52,scovox,104.24%,897.8MiB / 30.66GiB,2.86%,0B / 0B,0B / 3.77MB,53
2026-07-31 11:12:52,nav2,15.59%,247.5MiB / 30.66GiB,0.79%,0B / 0B,16.4kB / 1.31MB,93
2026-07-31 11:12:55,trav_ros2,101.45%,386.1MiB / 30.66GiB,1.23%,0B / 0B,0B / 1.7MB,44
2026-07-31 11:12:55,docker-recorder-run-a32a177d4325,0.00%,10.31MiB / 30.66GiB,0.03%,0B / 0B,123kB / 9.45MB,1
2026-07-31 11:12:55,glim,117.78%,408.9MiB / 30.66GiB,1.30%,0B / 0B,0B / 11.6MB,35
2026-07-31 11:12:55,ouster,7.32%,120.1MiB / 30.66GiB,0.38%,0B / 0B,0B / 3.07MB,30
2026-07-31 11:12:55,openzen,2.36%,33.74MiB / 30.66GiB,0.11%,0B / 0B,0B / 2.15MB,20
2026-07-31 11:12:55,domain_bridge,0.90%,72.82MiB / 30.66GiB,0.23%,0B / 0B,111kB / 5.17MB,28
2026-07-31 11:12:55,mapir-ffmpeg,0.11%,129.6MiB / 30.66GiB,0.41%,0B / 0B,0B / 1.32MB,33
2026-07-31 11:12:55,scovox,112.15%,890.5MiB / 30.66GiB,2.84%,0B / 0B,0B / 3.77MB,53
2026-07-31 11:12:55,nav2,26.32%,249.9MiB / 30.66GiB,0.80%,0B / 0B,16.4kB / 1.31MB,94
2026-07-31 11:12:58,trav_ros2,101.34%,429.7MiB / 30.66GiB,1.37%,0B / 0B,0B / 1.7MB,44
2026-07-31 11:12:58,docker-recorder-run-a32a177d4325,0.00%,10.31MiB / 30.66GiB,0.03%,0B / 0B,123kB / 9.45MB,1
2026-07-31 11:12:58,glim,116.36%,416.6MiB / 30.66GiB,1.33%,0B / 0B,0B / 11.6MB,35
2026-07-31 11:12:58,ouster,7.17%,120.2MiB / 30.66GiB,0.38%,0B / 0B,0B / 3.07MB,30
2026-07-31 11:12:58,openzen,2.62%,34.02MiB / 30.66GiB,0.11%,0B / 0B,0B / 2.15MB,20
2026-07-31 11:12:58,domain_bridge,1.06%,72.8MiB / 30.66GiB,0.23%,0B / 0B,111kB / 5.17MB,28
2026-07-31 11:12:58,mapir-ffmpeg,0.42%,129.3MiB / 30.66GiB,0.41%,0B / 0B,0B / 1.32MB,33
2026-07-31 11:12:58,scovox,111.84%,860.1MiB / 30.66GiB,2.74%,0B / 0B,0B / 3.77MB,53
2026-07-31 11:12:58,nav2,38.00%,249MiB / 30.66GiB,0.79%,0B / 0B,16.4kB / 1.31MB,93
2026-07-31 11:13:01,trav_ros2,101.30%,385.8MiB / 30.66GiB,1.23%,0B / 0B,0B / 1.7MB,44
2026-07-31 11:13:01,docker-recorder-run-a32a177d4325,0.00%,10.31MiB / 30.66GiB,0.03%,0B / 0B,123kB / 9.45MB,1
2026-07-31 11:13:01,glim,107.11%,417.4MiB / 30.66GiB,1.33%,0B / 0B,0B / 11.6MB,35
2026-07-31 11:13:01,ouster,6.95%,119.7MiB / 30.66GiB,0.38%,0B / 0B,0B / 3.07MB,30
2026-07-31 11:13:01,openzen,2.48%,33.55MiB / 30.66GiB,0.11%,0B / 0B,0B / 2.15MB,20
2026-07-31 11:13:01,domain_bridge,0.32%,72.81MiB / 30.66GiB,0.23%,0B / 0B,111kB / 5.17MB,28
2026-07-31 11:13:01,mapir-ffmpeg,0.14%,129.6MiB / 30.66GiB,0.41%,0B / 0B,0B / 1.32MB,33
2026-07-31 11:13:01,scovox,108.24%,901.7MiB / 30.66GiB,2.87%,0B / 0B,0B / 3.77MB,53
2026-07-31 11:13:01,nav2,33.58%,248.4MiB / 30.66GiB,0.79%,0B / 0B,16.4kB / 1.31MB,93
2026-07-31 11:13:04,trav_ros2,100.66%,385.6MiB / 30.66GiB,1.23%,0B / 0B,0B / 1.7MB,44
2026-07-31 11:13:04,docker-recorder-run-a32a177d4325,0.00%,10.31MiB / 30.66GiB,0.03%,0B / 0B,123kB / 9.45MB,1
2026-07-31 11:13:04,glim,122.02%,417.8MiB / 30.66GiB,1.33%,0B / 0B,0B / 11.6MB,35
2026-07-31 11:13:04,ouster,7.07%,119.8MiB / 30.66GiB,0.38%,0B / 0B,0B / 3.07MB,30
2026-07-31 11:13:04,openzen,2.46%,33.82MiB / 30.66GiB,0.11%,0B / 0B,0B / 2.15MB,20
2026-07-31 11:13:04,domain_bridge,1.27%,73.46MiB / 30.66GiB,0.23%,0B / 0B,111kB / 5.17MB,28
2026-07-31 11:13:04,mapir-ffmpeg,0.20%,129.1MiB / 30.66GiB,0.41%,0B / 0B,0B / 1.32MB,33
2026-07-31 11:13:04,scovox,108.26%,906.6MiB / 30.66GiB,2.89%,0B / 0B,0B / 3.77MB,53
2026-07-31 11:13:04,nav2,29.53%,250.4MiB / 30.66GiB,0.80%,0B / 0B,20.5kB / 1.31MB,93
2026-07-31 11:13:07,trav_ros2,101.67%,385.3MiB / 30.66GiB,1.23%,0B / 0B,0B / 1.7MB,44
2026-07-31 11:13:07,docker-recorder-run-a32a177d4325,0.00%,10.31MiB / 30.66GiB,0.03%,0B / 0B,123kB / 9.45MB,1
2026-07-31 11:13:07,glim,132.02%,418MiB / 30.66GiB,1.33%,0B / 0B,0B / 11.6MB,35
2026-07-31 11:13:07,ouster,6.96%,120.7MiB / 30.66GiB,0.38%,0B / 0B,0B / 3.07MB,30
2026-07-31 11:13:07,openzen,2.34%,34.34MiB / 30.66GiB,0.11%,0B / 0B,0B / 2.15MB,20
2026-07-31 11:13:07,domain_bridge,0.29%,72.7MiB / 30.66GiB,0.23%,0B / 0B,111kB / 5.17MB,28
2026-07-31 11:13:07,mapir-ffmpeg,0.12%,129.3MiB / 30.66GiB,0.41%,0B / 0B,0B / 1.32MB,33
2026-07-31 11:13:07,scovox,104.84%,901.2MiB / 30.66GiB,2.87%,0B / 0B,0B / 3.77MB,53
2026-07-31 11:13:07,nav2,16.23%,251.8MiB / 30.66GiB,0.80%,0B / 0B,20.5kB / 1.31MB,93
2026-07-31 11:13:10,trav_ros2,99.13%,385MiB / 30.66GiB,1.23%,0B / 0B,0B / 1.7MB,44
2026-07-31 11:13:10,docker-recorder-run-a32a177d4325,0.00%,10.31MiB / 30.66GiB,0.03%,0B / 0B,123kB / 9.45MB,1
2026-07-31 11:13:10,glim,129.93%,423.3MiB / 30.66GiB,1.35%,0B / 0B,0B / 11.6MB,35
2026-07-31 11:13:10,ouster,6.74%,120.2MiB / 30.66GiB,0.38%,0B / 0B,0B / 3.07MB,30
2026-07-31 11:13:10,openzen,2.25%,33.88MiB / 30.66GiB,0.11%,0B / 0B,0B / 2.15MB,20
2026-07-31 11:13:10,domain_bridge,0.68%,73.27MiB / 30.66GiB,0.23%,0B / 0B,111kB / 5.17MB,28
2026-07-31 11:13:10,mapir-ffmpeg,0.05%,129.1MiB / 30.66GiB,0.41%,0B / 0B,0B / 1.32MB,33
2026-07-31 11:13:10,scovox,112.79%,858.8MiB / 30.66GiB,2.74%,0B / 0B,0B / 3.77MB,53
2026-07-31 11:13:10,nav2,34.38%,250.3MiB / 30.66GiB,0.80%,0B / 0B,20.5kB / 1.31MB,93
2026-07-31 11:13:13,trav_ros2,102.16%,385.5MiB / 30.66GiB,1.23%,0B / 0B,0B / 1.7MB,44
2026-07-31 11:13:13,docker-recorder-run-a32a177d4325,0.00%,10.31MiB / 30.66GiB,0.03%,0B / 0B,123kB / 9.45MB,1
2026-07-31 11:13:13,glim,136.95%,422.9MiB / 30.66GiB,1.35%,0B / 0B,0B / 11.6MB,35
2026-07-31 11:13:13,ouster,7.13%,119.7MiB / 30.66GiB,0.38%,0B / 0B,0B / 3.07MB,30
2026-07-31 11:13:13,openzen,2.46%,33.91MiB / 30.66GiB,0.11%,0B / 0B,0B / 2.15MB,20
2026-07-31 11:13:13,domain_bridge,0.54%,72.85MiB / 30.66GiB,0.23%,0B / 0B,111kB / 5.17MB,28
2026-07-31 11:13:13,mapir-ffmpeg,0.24%,129.3MiB / 30.66GiB,0.41%,0B / 0B,0B / 1.32MB,33
2026-07-31 11:13:13,scovox,105.76%,878.7MiB / 30.66GiB,2.80%,0B / 0B,0B / 3.77MB,53
2026-07-31 11:13:13,nav2,16.11%,252.2MiB / 30.66GiB,0.80%,0B / 0B,20.5kB / 1.31MB,93
2026-07-31 11:13:16,trav_ros2,102.02%,385.7MiB / 30.66GiB,1.23%,0B / 0B,0B / 1.7MB,44
2026-07-31 11:13:16,docker-recorder-run-a32a177d4325,0.00%,10.31MiB / 30.66GiB,0.03%,0B / 0B,123kB / 9.45MB,1
2026-07-31 11:13:16,glim,136.86%,423.2MiB / 30.66GiB,1.35%,0B / 0B,0B / 11.6MB,35
2026-07-31 11:13:16,ouster,6.95%,120.1MiB / 30.66GiB,0.38%,0B / 0B,0B / 3.07MB,30
2026-07-31 11:13:16,openzen,2.35%,34.19MiB / 30.66GiB,0.11%,0B / 0B,0B / 2.15MB,20
2026-07-31 11:13:16,domain_bridge,0.58%,73MiB / 30.66GiB,0.23%,0B / 0B,111kB / 5.17MB,28
2026-07-31 11:13:16,mapir-ffmpeg,0.22%,130.3MiB / 30.66GiB,0.42%,0B / 0B,0B / 1.32MB,33
2026-07-31 11:13:16,scovox,117.35%,879.1MiB / 30.66GiB,2.80%,0B / 0B,0B / 3.8MB,53
2026-07-31 11:13:16,nav2,15.55%,251.2MiB / 30.66GiB,0.80%,0B / 0B,20.5kB / 1.31MB,93
2026-07-31 11:13:19,trav_ros2,101.68%,379.9MiB / 30.66GiB,1.21%,0B / 0B,0B / 1.7MB,44
2026-07-31 11:13:19,docker-recorder-run-a32a177d4325,0.00%,10.31MiB / 30.66GiB,0.03%,0B / 0B,123kB / 9.45MB,1
2026-07-31 11:13:19,glim,131.57%,423.6MiB / 30.66GiB,1.35%,0B / 0B,0B / 11.6MB,35
2026-07-31 11:13:19,ouster,7.28%,120.1MiB / 30.66GiB,0.38%,0B / 0B,0B / 3.07MB,30
2026-07-31 11:13:19,openzen,2.51%,33.99MiB / 30.66GiB,0.11%,0B / 0B,0B / 2.15MB,20
2026-07-31 11:13:19,domain_bridge,0.44%,73.39MiB / 30.66GiB,0.23%,0B / 0B,111kB / 5.17MB,28
2026-07-31 11:13:19,mapir-ffmpeg,0.25%,129.8MiB / 30.66GiB,0.41%,0B / 0B,0B / 1.32MB,33
2026-07-31 11:13:19,scovox,105.43%,902.1MiB / 30.66GiB,2.87%,0B / 0B,0B / 3.8MB,53
2026-07-31 11:13:19,nav2,17.69%,250.5MiB / 30.66GiB,0.80%,0B / 0B,20.5kB / 1.33MB,94
2026-07-31 11:13:22,trav_ros2,102.19%,386MiB / 30.66GiB,1.23%,0B / 0B,0B / 1.7MB,44
2026-07-31 11:13:22,docker-recorder-run-a32a177d4325,0.00%,10.31MiB / 30.66GiB,0.03%,0B / 0B,123kB / 9.45MB,1
2026-07-31 11:13:22,glim,121.88%,423.4MiB / 30.66GiB,1.35%,0B / 0B,0B / 11.6MB,35
2026-07-31 11:13:22,ouster,7.03%,120.1MiB / 30.66GiB,0.38%,0B / 0B,0B / 3.07MB,30
2026-07-31 11:13:22,openzen,2.24%,34.02MiB / 30.66GiB,0.11%,0B / 0B,0B / 2.15MB,20
2026-07-31 11:13:22,domain_bridge,0.69%,73.21MiB / 30.66GiB,0.23%,0B / 0B,111kB / 5.17MB,28
2026-07-31 11:13:22,mapir-ffmpeg,0.30%,129.6MiB / 30.66GiB,0.41%,0B / 0B,0B / 1.32MB,33
2026-07-31 11:13:22,scovox,112.48%,881.4MiB / 30.66GiB,2.81%,0B / 0B,0B / 3.8MB,53
2026-07-31 11:13:22,nav2,33.24%,252MiB / 30.66GiB,0.80%,0B / 0B,20.5kB / 1.33MB,93
2026-07-31 11:13:25,trav_ros2,99.94%,385.6MiB / 30.66GiB,1.23%,0B / 0B,0B / 1.72MB,44
2026-07-31 11:13:25,docker-recorder-run-a32a177d4325,0.00%,10.31MiB / 30.66GiB,0.03%,0B / 0B,123kB / 9.45MB,1
2026-07-31 11:13:25,glim,121.96%,406.4MiB / 30.66GiB,1.29%,0B / 0B,0B / 11.6MB,35
2026-07-31 11:13:25,ouster,6.83%,119.7MiB / 30.66GiB,0.38%,0B / 0B,0B / 3.07MB,30
2026-07-31 11:13:25,openzen,2.52%,34.27MiB / 30.66GiB,0.11%,0B / 0B,0B / 2.15MB,20
2026-07-31 11:13:25,domain_bridge,0.20%,72.95MiB / 30.66GiB,0.23%,0B / 0B,111kB / 5.17MB,28
2026-07-31 11:13:25,mapir-ffmpeg,0.12%,129.8MiB / 30.66GiB,0.41%,0B / 0B,0B / 1.32MB,33
2026-07-31 11:13:25,scovox,105.02%,916.9MiB / 30.66GiB,2.92%,0B / 0B,0B / 3.8MB,53
2026-07-31 11:13:25,nav2,15.34%,250.9MiB / 30.66GiB,0.80%,0B / 0B,20.5kB / 1.33MB,93
2026-07-31 11:13:29,trav_ros2,101.92%,383.6MiB / 30.66GiB,1.22%,0B / 0B,0B / 1.72MB,44
2026-07-31 11:13:29,docker-recorder-run-a32a177d4325,0.00%,10.31MiB / 30.66GiB,0.03%,0B / 0B,123kB / 9.45MB,1
2026-07-31 11:13:29,glim,130.02%,406.7MiB / 30.66GiB,1.30%,0B / 0B,0B / 11.6MB,35
2026-07-31 11:13:29,ouster,6.83%,119.9MiB / 30.66GiB,0.38%,0B / 0B,0B / 3.07MB,30
2026-07-31 11:13:29,openzen,2.42%,34.54MiB / 30.66GiB,0.11%,0B / 0B,0B / 2.15MB,20
2026-07-31 11:13:29,domain_bridge,1.08%,73.41MiB / 30.66GiB,0.23%,0B / 0B,111kB / 5.17MB,28
2026-07-31 11:13:29,mapir-ffmpeg,0.13%,129.3MiB / 30.66GiB,0.41%,0B / 0B,0B / 1.32MB,33
2026-07-31 11:13:29,scovox,111.83%,878.6MiB / 30.66GiB,2.80%,0B / 0B,0B / 3.8MB,53
2026-07-31 11:13:29,nav2,15.67%,251MiB / 30.66GiB,0.80%,0B / 0B,20.5kB / 1.33MB,93
2026-07-31 11:13:32,trav_ros2,101.49%,385.2MiB / 30.66GiB,1.23%,0B / 0B,0B / 1.72MB,44
2026-07-31 11:13:32,docker-recorder-run-a32a177d4325,0.00%,10.31MiB / 30.66GiB,0.03%,0B / 0B,123kB / 9.45MB,1
2026-07-31 11:13:32,glim,125.80%,406.7MiB / 30.66GiB,1.30%,0B / 0B,0B / 11.6MB,35
2026-07-31 11:13:32,ouster,6.93%,120MiB / 30.66GiB,0.38%,0B / 0B,0B / 3.07MB,30
2026-07-31 11:13:32,openzen,2.47%,34.83MiB / 30.66GiB,0.11%,0B / 0B,0B / 2.15MB,20
2026-07-31 11:13:32,domain_bridge,0.78%,73.12MiB / 30.66GiB,0.23%,0B / 0B,111kB / 5.17MB,28
2026-07-31 11:13:32,mapir-ffmpeg,0.30%,129.3MiB / 30.66GiB,0.41%,0B / 0B,0B / 1.32MB,33
2026-07-31 11:13:32,scovox,105.93%,926.5MiB / 30.66GiB,2.95%,0B / 0B,0B / 3.8MB,53
2026-07-31 11:13:32,nav2,15.24%,251.6MiB / 30.66GiB,0.80%,0B / 0B,20.5kB / 1.33MB,93
2026-07-31 11:13:35,trav_ros2,102.01%,385.8MiB / 30.66GiB,1.23%,0B / 0B,0B / 1.72MB,44
2026-07-31 11:13:35,docker-recorder-run-a32a177d4325,0.00%,10.31MiB / 30.66GiB,0.03%,0B / 0B,123kB / 9.45MB,1
2026-07-31 11:13:35,glim,120.45%,407.1MiB / 30.66GiB,1.30%,0B / 0B,0B / 11.6MB,35
2026-07-31 11:13:35,ouster,8.46%,120.2MiB / 30.66GiB,0.38%,0B / 0B,0B / 3.07MB,30
2026-07-31 11:13:35,openzen,3.07%,34.88MiB / 30.66GiB,0.11%,0B / 0B,0B / 2.15MB,20
2026-07-31 11:13:35,domain_bridge,4.90%,74.35MiB / 30.66GiB,0.24%,0B / 0B,111kB / 5.17MB,28
2026-07-31 11:13:35,mapir-ffmpeg,1.53%,130.6MiB / 30.66GiB,0.42%,0B / 0B,0B / 1.32MB,33
2026-07-31 11:13:35,scovox,116.79%,899.9MiB / 30.66GiB,2.87%,0B / 0B,0B / 3.8MB,53
2026-07-31 11:13:35,nav2,12.81%,252.5MiB / 30.66GiB,0.80%,0B / 0B,53.2kB / 1.33MB,91
2026-07-31 11:13:38,trav_ros2,101.56%,387.2MiB / 30.66GiB,1.23%,0B / 0B,0B / 1.72MB,44
2026-07-31 11:13:38,docker-recorder-run-a32a177d4325,0.00%,10.31MiB / 30.66GiB,0.03%,0B / 0B,123kB / 9.45MB,1
2026-07-31 11:13:38,glim,100.47%,373.2MiB / 30.66GiB,1.19%,0B / 0B,0B / 11.6MB,35
2026-07-31 11:13:38,ouster,7.17%,121.1MiB / 30.66GiB,0.39%,0B / 0B,0B / 3.07MB,30
2026-07-31 11:13:38,openzen,2.63%,34.68MiB / 30.66GiB,0.11%,0B / 0B,0B / 2.15MB,20
2026-07-31 11:13:38,domain_bridge,0.99%,73.5MiB / 30.66GiB,0.23%,0B / 0B,111kB / 5.17MB,28
2026-07-31 11:13:38,mapir-ffmpeg,0.43%,129.1MiB / 30.66GiB,0.41%,0B / 0B,0B / 1.32MB,33
2026-07-31 11:13:38,scovox,112.95%,884.7MiB / 30.66GiB,2.82%,0B / 0B,0B / 3.8MB,53
2026-07-31 11:13:38,nav2,7.95%,252.7MiB / 30.66GiB,0.80%,0B / 0B,53.2kB / 1.33MB,91
2026-07-31 11:13:41,trav_ros2,102.13%,385.5MiB / 30.66GiB,1.23%,0B / 0B,0B / 1.72MB,44
2026-07-31 11:13:41,docker-recorder-run-a32a177d4325,0.00%,10.31MiB / 30.66GiB,0.03%,0B / 0B,123kB / 9.45MB,1
2026-07-31 11:13:41,glim,101.93%,377.7MiB / 30.66GiB,1.20%,0B / 0B,0B / 11.6MB,35
2026-07-31 11:13:41,ouster,6.92%,120.4MiB / 30.66GiB,0.38%,0B / 0B,0B / 3.07MB,30
2026-07-31 11:13:41,openzen,2.30%,34.98MiB / 30.66GiB,0.11%,0B / 0B,0B / 2.15MB,20
2026-07-31 11:13:41,domain_bridge,0.41%,73.04MiB / 30.66GiB,0.23%,0B / 0B,111kB / 5.17MB,28
2026-07-31 11:13:41,mapir-ffmpeg,0.16%,129.8MiB / 30.66GiB,0.41%,0B / 0B,0B / 1.32MB,33
2026-07-31 11:13:41,scovox,109.91%,899.9MiB / 30.66GiB,2.87%,0B / 0B,0B / 3.8MB,53
2026-07-31 11:13:41,nav2,6.99%,252.2MiB / 30.66GiB,0.80%,0B / 0B,53.2kB / 1.33MB,91
2026-07-31 11:13:44,trav_ros2,102.12%,378.9MiB / 30.66GiB,1.21%,0B / 0B,0B / 1.72MB,44
2026-07-31 11:13:44,docker-recorder-run-a32a177d4325,0.00%,10.31MiB / 30.66GiB,0.03%,0B / 0B,123kB / 9.45MB,1
2026-07-31 11:13:44,glim,101.84%,378.2MiB / 30.66GiB,1.20%,0B / 0B,0B / 11.6MB,35
2026-07-31 11:13:44,ouster,7.20%,120.5MiB / 30.66GiB,0.38%,0B / 0B,0B / 3.07MB,30
2026-07-31 11:13:44,openzen,2.21%,34.48MiB / 30.66GiB,0.11%,0B / 0B,0B / 2.15MB,20
2026-07-31 11:13:44,domain_bridge,1.67%,73.2MiB / 30.66GiB,0.23%,0B / 0B,111kB / 5.17MB,28
2026-07-31 11:13:44,mapir-ffmpeg,0.31%,129.6MiB / 30.66GiB,0.41%,0B / 0B,0B / 1.32MB,33
2026-07-31 11:13:44,scovox,112.77%,892.2MiB / 30.66GiB,2.84%,0B / 0B,0B / 3.8MB,53
2026-07-31 11:13:44,nav2,7.73%,253.1MiB / 30.66GiB,0.81%,0B / 0B,53.2kB / 1.33MB,91
2026-07-31 11:13:47,trav_ros2,102.13%,384.6MiB / 30.66GiB,1.22%,0B / 0B,0B / 1.72MB,44
2026-07-31 11:13:47,docker-recorder-run-a32a177d4325,0.00%,10.31MiB / 30.66GiB,0.03%,0B / 0B,123kB / 9.45MB,1
2026-07-31 11:13:47,glim,101.43%,377.7MiB / 30.66GiB,1.20%,0B / 0B,0B / 11.6MB,35
2026-07-31 11:13:47,ouster,7.04%,120.4MiB / 30.66GiB,0.38%,0B / 0B,0B / 3.07MB,30
2026-07-31 11:13:47,openzen,2.37%,35.26MiB / 30.66GiB,0.11%,0B / 0B,0B / 2.15MB,20
2026-07-31 11:13:47,domain_bridge,0.82%,73.05MiB / 30.66GiB,0.23%,0B / 0B,111kB / 5.17MB,28
2026-07-31 11:13:47,mapir-ffmpeg,0.31%,129.9MiB / 30.66GiB,0.41%,0B / 0B,0B / 1.33MB,33
2026-07-31 11:13:47,scovox,118.62%,924.4MiB / 30.66GiB,2.94%,0B / 0B,0B / 3.8MB,53
2026-07-31 11:13:47,nav2,7.49%,253.3MiB / 30.66GiB,0.81%,0B / 0B,53.2kB / 1.33MB,91
2026-07-31 11:13:50,trav_ros2,102.11%,377.5MiB / 30.66GiB,1.20%,0B / 0B,0B / 1.72MB,44
2026-07-31 11:13:50,docker-recorder-run-a32a177d4325,0.00%,10.31MiB / 30.66GiB,0.03%,0B / 0B,123kB / 9.45MB,1
2026-07-31 11:13:50,glim,95.06%,377.8MiB / 30.66GiB,1.20%,0B / 0B,0B / 11.6MB,35
2026-07-31 11:13:50,ouster,6.91%,120.7MiB / 30.66GiB,0.38%,0B / 0B,0B / 3.07MB,30
2026-07-31 11:13:50,openzen,2.25%,34.77MiB / 30.66GiB,0.11%,0B / 0B,0B / 2.15MB,20
2026-07-31 11:13:50,domain_bridge,0.61%,73.05MiB / 30.66GiB,0.23%,0B / 0B,111kB / 5.17MB,28
2026-07-31 11:13:50,mapir-ffmpeg,0.05%,129.8MiB / 30.66GiB,0.41%,0B / 0B,0B / 1.33MB,33
2026-07-31 11:13:50,scovox,111.65%,892.6MiB / 30.66GiB,2.84%,0B / 0B,0B / 3.84MB,53
2026-07-31 11:13:50,nav2,6.85%,252.4MiB / 30.66GiB,0.80%,0B / 0B,53.2kB / 1.33MB,91
2026-07-31 11:13:53,trav_ros2,101.56%,385.3MiB / 30.66GiB,1.23%,0B / 0B,0B / 1.72MB,44
2026-07-31 11:13:53,docker-recorder-run-a32a177d4325,0.00%,10.31MiB / 30.66GiB,0.03%,0B / 0B,123kB / 9.45MB,1
2026-07-31 11:13:53,glim,103.18%,377.4MiB / 30.66GiB,1.20%,0B / 0B,0B / 11.6MB,35
2026-07-31 11:13:53,ouster,6.91%,120.1MiB / 30.66GiB,0.38%,0B / 0B,0B / 3.07MB,30
2026-07-31 11:13:53,openzen,2.15%,34.04MiB / 30.66GiB,0.11%,0B / 0B,0B / 2.15MB,20
2026-07-31 11:13:53,domain_bridge,1.35%,73.98MiB / 30.66GiB,0.24%,0B / 0B,111kB / 5.17MB,28
2026-07-31 11:13:53,mapir-ffmpeg,0.21%,129.3MiB / 30.66GiB,0.41%,0B / 0B,0B / 1.33MB,33
2026-07-31 11:13:53,scovox,105.51%,924.6MiB / 30.66GiB,2.94%,0B / 0B,0B / 3.84MB,53
2026-07-31 11:13:53,nav2,7.35%,251.6MiB / 30.66GiB,0.80%,0B / 0B,53.2kB / 1.33MB,91
2026-07-31 11:13:56,trav_ros2,101.74%,378.1MiB / 30.66GiB,1.20%,0B / 0B,0B / 1.74MB,44
2026-07-31 11:13:56,docker-recorder-run-a32a177d4325,0.00%,10.31MiB / 30.66GiB,0.03%,0B / 0B,123kB / 9.45MB,1
2026-07-31 11:13:56,glim,100.22%,378.1MiB / 30.66GiB,1.20%,0B / 0B,0B / 11.6MB,35
2026-07-31 11:13:56,ouster,7.01%,120.1MiB / 30.66GiB,0.38%,0B / 0B,0B / 3.07MB,30
2026-07-31 11:13:56,openzen,2.19%,34.28MiB / 30.66GiB,0.11%,0B / 0B,0B / 2.15MB,20
2026-07-31 11:13:56,domain_bridge,0.63%,73.52MiB / 30.66GiB,0.23%,0B / 0B,111kB / 5.17MB,28
2026-07-31 11:13:56,mapir-ffmpeg,0.20%,129.6MiB / 30.66GiB,0.41%,0B / 0B,0B / 1.33MB,33
2026-07-31 11:13:56,scovox,115.72%,905.6MiB / 30.66GiB,2.88%,0B / 0B,0B / 3.84MB,53
2026-07-31 11:13:56,nav2,7.18%,252.3MiB / 30.66GiB,0.80%,0B / 0B,53.2kB / 1.36MB,91
2026-07-31 11:13:59,trav_ros2,101.00%,384.3MiB / 30.66GiB,1.22%,0B / 0B,0B / 1.74MB,44
2026-07-31 11:13:59,docker-recorder-run-a32a177d4325,0.00%,10.31MiB / 30.66GiB,0.03%,0B / 0B,123kB / 9.45MB,1
2026-07-31 11:13:59,glim,96.45%,378.2MiB / 30.66GiB,1.20%,0B / 0B,0B / 11.6MB,35
2026-07-31 11:13:59,ouster,6.84%,119.9MiB / 30.66GiB,0.38%,0B / 0B,0B / 3.07MB,30
2026-07-31 11:13:59,openzen,2.32%,34.28MiB / 30.66GiB,0.11%,0B / 0B,0B / 2.15MB,20
2026-07-31 11:13:59,domain_bridge,0.61%,73.49MiB / 30.66GiB,0.23%,0B / 0B,111kB / 5.17MB,28
2026-07-31 11:13:59,mapir-ffmpeg,0.23%,129.1MiB / 30.66GiB,0.41%,0B / 0B,0B / 1.33MB,33
2026-07-31 11:13:59,scovox,104.66%,937MiB / 30.66GiB,2.98%,0B / 0B,0B / 3.84MB,53
2026-07-31 11:13:59,nav2,6.90%,252MiB / 30.66GiB,0.80%,0B / 0B,53.2kB / 1.36MB,91
2026-07-31 11:14:02,trav_ros2,101.99%,384.3MiB / 30.66GiB,1.22%,0B / 0B,0B / 1.74MB,44
2026-07-31 11:14:02,docker-recorder-run-a32a177d4325,0.00%,10.31MiB / 30.66GiB,0.03%,0B / 0B,123kB / 9.45MB,1
2026-07-31 11:14:02,glim,120.48%,364.5MiB / 30.66GiB,1.16%,0B / 0B,0B / 11.6MB,35
2026-07-31 11:14:02,ouster,7.09%,120.6MiB / 30.66GiB,0.38%,0B / 0B,0B / 3.07MB,30
2026-07-31 11:14:02,openzen,2.52%,34.04MiB / 30.66GiB,0.11%,0B / 0B,0B / 2.15MB,20
2026-07-31 11:14:02,domain_bridge,1.21%,73.54MiB / 30.66GiB,0.23%,0B / 0B,111kB / 5.17MB,28
2026-07-31 11:14:02,mapir-ffmpeg,0.39%,129.3MiB / 30.66GiB,0.41%,0B / 0B,0B / 1.33MB,33
2026-07-31 11:14:02,scovox,109.38%,905.2MiB / 30.66GiB,2.88%,0B / 0B,0B / 3.84MB,53
2026-07-31 11:14:02,nav2,7.54%,252.8MiB / 30.66GiB,0.81%,0B / 0B,53.2kB / 1.36MB,91
2026-07-31 11:14:05,trav_ros2,101.69%,384.7MiB / 30.66GiB,1.23%,0B / 0B,0B / 1.74MB,44
2026-07-31 11:14:05,docker-recorder-run-a32a177d4325,0.00%,10.31MiB / 30.66GiB,0.03%,0B / 0B,123kB / 9.45MB,1
2026-07-31 11:14:05,glim,114.45%,365MiB / 30.66GiB,1.16%,0B / 0B,0B / 11.6MB,35
2026-07-31 11:14:05,ouster,6.75%,120.4MiB / 30.66GiB,0.38%,0B / 0B,0B / 3.07MB,30
2026-07-31 11:14:05,openzen,2.08%,34.29MiB / 30.66GiB,0.11%,0B / 0B,0B / 2.15MB,20
2026-07-31 11:14:05,domain_bridge,0.40%,73.48MiB / 30.66GiB,0.23%,0B / 0B,111kB / 5.17MB,28
2026-07-31 11:14:05,mapir-ffmpeg,0.11%,129.8MiB / 30.66GiB,0.41%,0B / 0B,0B / 1.33MB,33
2026-07-31 11:14:05,scovox,109.61%,983.5MiB / 30.66GiB,3.13%,0B / 0B,0B / 3.84MB,53
2026-07-31 11:14:05,nav2,6.94%,252MiB / 30.66GiB,0.80%,0B / 0B,53.2kB / 1.36MB,91
2026-07-31 11:14:08,trav_ros2,101.61%,385.1MiB / 30.66GiB,1.23%,0B / 0B,0B / 1.74MB,44
2026-07-31 11:14:08,docker-recorder-run-a32a177d4325,0.00%,10.31MiB / 30.66GiB,0.03%,0B / 0B,123kB / 9.45MB,1
2026-07-31 11:14:08,glim,123.52%,365.3MiB / 30.66GiB,1.16%,0B / 0B,0B / 11.6MB,35
2026-07-31 11:14:08,ouster,6.85%,120.2MiB / 30.66GiB,0.38%,0B / 0B,0B / 3.07MB,30
2026-07-31 11:14:08,openzen,2.30%,34.04MiB / 30.66GiB,0.11%,0B / 0B,0B / 2.15MB,20
2026-07-31 11:14:08,domain_bridge,1.61%,74.29MiB / 30.66GiB,0.24%,0B / 0B,111kB / 5.17MB,28
2026-07-31 11:14:08,mapir-ffmpeg,0.15%,129.8MiB / 30.66GiB,0.41%,0B / 0B,0B / 1.33MB,33
2026-07-31 11:14:08,scovox,110.84%,923.9MiB / 30.66GiB,2.94%,0B / 0B,0B / 3.84MB,53
2026-07-31 11:14:08,nav2,7.10%,252.4MiB / 30.66GiB,0.80%,0B / 0B,53.2kB / 1.36MB,91
2026-07-31 11:14:12,trav_ros2,101.76%,386.8MiB / 30.66GiB,1.23%,0B / 0B,0B / 1.74MB,44
2026-07-31 11:14:12,docker-recorder-run-a32a177d4325,0.00%,10.31MiB / 30.66GiB,0.03%,0B / 0B,123kB / 9.45MB,1
2026-07-31 11:14:12,glim,118.59%,364.3MiB / 30.66GiB,1.16%,0B / 0B,0B / 11.6MB,35
2026-07-31 11:14:12,ouster,6.90%,120.3MiB / 30.66GiB,0.38%,0B / 0B,0B / 3.07MB,30
2026-07-31 11:14:12,openzen,2.42%,34.29MiB / 30.66GiB,0.11%,0B / 0B,0B / 2.15MB,20
2026-07-31 11:14:12,domain_bridge,0.44%,73.38MiB / 30.66GiB,0.23%,0B / 0B,111kB / 5.17MB,28
2026-07-31 11:14:12,mapir-ffmpeg,0.19%,130.8MiB / 30.66GiB,0.42%,0B / 0B,0B / 1.33MB,33
2026-07-31 11:14:12,scovox,106.21%,955.7MiB / 30.66GiB,3.04%,0B / 0B,0B / 3.84MB,53
2026-07-31 11:14:12,nav2,7.34%,252.4MiB / 30.66GiB,0.80%,0B / 0B,53.2kB / 1.36MB,91
2026-07-31 11:14:15,trav_ros2,101.85%,385.3MiB / 30.66GiB,1.23%,0B / 0B,0B / 1.74MB,44
2026-07-31 11:14:15,docker-recorder-run-a32a177d4325,0.00%,10.31MiB / 30.66GiB,0.03%,0B / 0B,123kB / 9.45MB,1
2026-07-31 11:14:15,glim,127.78%,376.6MiB / 30.66GiB,1.20%,0B / 0B,0B / 11.6MB,35
2026-07-31 11:14:15,ouster,6.73%,120.5MiB / 30.66GiB,0.38%,0B / 0B,0B / 3.07MB,30
2026-07-31 11:14:15,openzen,2.21%,34.54MiB / 30.66GiB,0.11%,0B / 0B,0B / 2.15MB,20
2026-07-31 11:14:15,domain_bridge,0.85%,73.22MiB / 30.66GiB,0.23%,0B / 0B,111kB / 5.17MB,28
2026-07-31 11:14:15,mapir-ffmpeg,0.13%,129.9MiB / 30.66GiB,0.41%,0B / 0B,0B / 1.33MB,33
2026-07-31 11:14:15,scovox,114.30%,947.3MiB / 30.66GiB,3.02%,0B / 0B,0B / 3.84MB,53
2026-07-31 11:14:15,nav2,6.49%,252.8MiB / 30.66GiB,0.81%,0B / 0B,53.2kB / 1.36MB,91
2026-07-31 11:14:18,trav_ros2,101.79%,385.5MiB / 30.66GiB,1.23%,0B / 0B,0B / 1.74MB,44
2026-07-31 11:14:18,docker-recorder-run-a32a177d4325,0.00%,10.31MiB / 30.66GiB,0.03%,0B / 0B,123kB / 9.45MB,1
2026-07-31 11:14:18,glim,116.28%,376.7MiB / 30.66GiB,1.20%,0B / 0B,0B / 11.6MB,35
2026-07-31 11:14:18,ouster,7.61%,120.4MiB / 30.66GiB,0.38%,0B / 0B,0B / 3.07MB,30
2026-07-31 11:14:18,openzen,2.42%,34.04MiB / 30.66GiB,0.11%,0B / 0B,0B / 2.15MB,20
2026-07-31 11:14:18,domain_bridge,0.66%,73.68MiB / 30.66GiB,0.23%,0B / 0B,111kB / 5.17MB,28
2026-07-31 11:14:18,mapir-ffmpeg,0.39%,129.6MiB / 30.66GiB,0.41%,0B / 0B,0B / 1.33MB,33
2026-07-31 11:14:18,scovox,106.09%,955.3MiB / 30.66GiB,3.04%,0B / 0B,0B / 3.84MB,53
2026-07-31 11:14:18,nav2,7.73%,254.2MiB / 30.66GiB,0.81%,0B / 0B,53.2kB / 1.36MB,91
2026-07-31 11:14:21,trav_ros2,101.93%,384.5MiB / 30.66GiB,1.22%,0B / 0B,0B / 1.74MB,44
2026-07-31 11:14:21,docker-recorder-run-a32a177d4325,0.00%,10.31MiB / 30.66GiB,0.03%,0B / 0B,123kB / 9.45MB,1
2026-07-31 11:14:21,glim,108.22%,358.6MiB / 30.66GiB,1.14%,0B / 0B,0B / 11.6MB,35
2026-07-31 11:14:21,ouster,6.84%,120.7MiB / 30.66GiB,0.38%,0B / 0B,0B / 3.07MB,30
2026-07-31 11:14:21,openzen,2.34%,34.28MiB / 30.66GiB,0.11%,0B / 0B,0B / 2.15MB,20
2026-07-31 11:14:21,domain_bridge,0.53%,73.78MiB / 30.66GiB,0.23%,0B / 0B,111kB / 5.17MB,28
2026-07-31 11:14:21,mapir-ffmpeg,0.13%,129.3MiB / 30.66GiB,0.41%,0B / 0B,0B / 1.33MB,33
2026-07-31 11:14:21,scovox,110.59%,955.4MiB / 30.66GiB,3.04%,0B / 0B,0B / 3.84MB,53
2026-07-31 11:14:21,nav2,7.41%,253.7MiB / 30.66GiB,0.81%,0B / 0B,53.2kB / 1.36MB,91
2026-07-31 11:14:24,trav_ros2,101.38%,384.4MiB / 30.66GiB,1.22%,0B / 0B,0B / 1.74MB,44
2026-07-31 11:14:24,docker-recorder-run-a32a177d4325,0.00%,10.31MiB / 30.66GiB,0.03%,0B / 0B,123kB / 9.45MB,1
2026-07-31 11:14:24,glim,117.60%,369.2MiB / 30.66GiB,1.18%,0B / 0B,0B / 11.6MB,35
2026-07-31 11:14:24,ouster,6.95%,120.3MiB / 30.66GiB,0.38%,0B / 0B,0B / 3.07MB,30
2026-07-31 11:14:24,openzen,2.42%,34.28MiB / 30.66GiB,0.11%,0B / 0B,0B / 2.15MB,20
2026-07-31 11:14:24,domain_bridge,1.17%,73.73MiB / 30.66GiB,0.23%,0B / 0B,111kB / 5.17MB,28
2026-07-31 11:14:24,mapir-ffmpeg,0.22%,129.1MiB / 30.66GiB,0.41%,0B / 0B,0B / 1.34MB,33
2026-07-31 11:14:24,scovox,108.59%,970.1MiB / 30.66GiB,3.09%,0B / 0B,0B / 3.88MB,53
2026-07-31 11:14:24,nav2,7.03%,253.2MiB / 30.66GiB,0.81%,0B / 0B,53.2kB / 1.36MB,91
2026-07-31 11:14:27,trav_ros2,101.09%,385.6MiB / 30.66GiB,1.23%,0B / 0B,0B / 1.74MB,44
2026-07-31 11:14:27,docker-recorder-run-a32a177d4325,0.00%,10.31MiB / 30.66GiB,0.03%,0B / 0B,123kB / 9.45MB,1
2026-07-31 11:14:27,glim,95.41%,359.5MiB / 30.66GiB,1.15%,0B / 0B,0B / 11.6MB,35
2026-07-31 11:14:27,ouster,6.91%,119.9MiB / 30.66GiB,0.38%,0B / 0B,0B / 3.07MB,30
2026-07-31 11:14:27,openzen,2.10%,34.28MiB / 30.66GiB,0.11%,0B / 0B,0B / 2.15MB,20
2026-07-31 11:14:27,domain_bridge,0.61%,73.2MiB / 30.66GiB,0.23%,0B / 0B,111kB / 5.17MB,28
2026-07-31 11:14:27,mapir-ffmpeg,0.13%,129.3MiB / 30.66GiB,0.41%,0B / 0B,0B / 1.34MB,33
2026-07-31 11:14:27,scovox,109.37%,955MiB / 30.66GiB,3.04%,0B / 0B,0B / 3.88MB,53
2026-07-31 11:14:27,nav2,6.88%,253.6MiB / 30.66GiB,0.81%,0B / 0B,53.2kB / 1.36MB,91
2026-07-31 11:14:30,trav_ros2,100.91%,384.6MiB / 30.66GiB,1.22%,0B / 0B,0B / 1.76MB,44
2026-07-31 11:14:30,docker-recorder-run-a32a177d4325,0.00%,10.31MiB / 30.66GiB,0.03%,0B / 0B,123kB / 9.45MB,1
2026-07-31 11:14:30,glim,98.23%,365.1MiB / 30.66GiB,1.16%,0B / 0B,0B / 11.6MB,35
2026-07-31 11:14:30,ouster,6.70%,120.2MiB / 30.66GiB,0.38%,0B / 0B,0B / 3.07MB,30
2026-07-31 11:14:30,openzen,2.04%,34.04MiB / 30.66GiB,0.11%,0B / 0B,0B / 2.15MB,20
2026-07-31 11:14:30,domain_bridge,0.40%,73.35MiB / 30.66GiB,0.23%,0B / 0B,111kB / 5.17MB,28
2026-07-31 11:14:30,mapir-ffmpeg,0.05%,129.3MiB / 30.66GiB,0.41%,0B / 0B,0B / 1.34MB,33
2026-07-31 11:14:30,scovox,108.91%,927.7MiB / 30.66GiB,2.95%,0B / 0B,0B / 3.88MB,53
2026-07-31 11:14:30,nav2,6.81%,253.3MiB / 30.66GiB,0.81%,0B / 0B,53.2kB / 1.38MB,91
2026-07-31 11:14:33,trav_ros2,101.68%,379.5MiB / 30.66GiB,1.21%,0B / 0B,0B / 1.76MB,44
2026-07-31 11:14:33,docker-recorder-run-a32a177d4325,0.00%,10.31MiB / 30.66GiB,0.03%,0B / 0B,123kB / 9.45MB,1
2026-07-31 11:14:33,glim,123.90%,364.6MiB / 30.66GiB,1.16%,0B / 0B,0B / 11.6MB,35
2026-07-31 11:14:33,ouster,6.78%,120.2MiB / 30.66GiB,0.38%,0B / 0B,0B / 3.07MB,30
2026-07-31 11:14:33,openzen,2.01%,34.04MiB / 30.66GiB,0.11%,0B / 0B,0B / 2.15MB,20
2026-07-31 11:14:33,domain_bridge,0.62%,73.54MiB / 30.66GiB,0.23%,0B / 0B,111kB / 5.17MB,28
2026-07-31 11:14:33,mapir-ffmpeg,0.15%,129.3MiB / 30.66GiB,0.41%,0B / 0B,0B / 1.34MB,33
2026-07-31 11:14:33,scovox,107.34%,932.9MiB / 30.66GiB,2.97%,0B / 0B,0B / 3.88MB,53
2026-07-31 11:14:33,nav2,7.60%,254.4MiB / 30.66GiB,0.81%,0B / 0B,53.2kB / 1.38MB,91
2026-07-31 11:14:36,trav_ros2,101.52%,384.8MiB / 30.66GiB,1.23%,0B / 0B,0B / 1.76MB,44
2026-07-31 11:14:36,docker-recorder-run-a32a177d4325,0.00%,10.31MiB / 30.66GiB,0.03%,0B / 0B,123kB / 9.45MB,1
2026-07-31 11:14:36,glim,128.85%,371.9MiB / 30.66GiB,1.18%,0B / 0B,0B / 11.6MB,35
2026-07-31 11:14:36,ouster,6.81%,120.1MiB / 30.66GiB,0.38%,0B / 0B,0B / 3.07MB,30
2026-07-31 11:14:36,openzen,2.35%,34.28MiB / 30.66GiB,0.11%,0B / 0B,0B / 2.15MB,20
2026-07-31 11:14:36,domain_bridge,0.46%,73.48MiB / 30.66GiB,0.23%,0B / 0B,111kB / 5.17MB,28
2026-07-31 11:14:36,mapir-ffmpeg,0.21%,129.6MiB / 30.66GiB,0.41%,0B / 0B,0B / 1.34MB,33
2026-07-31 11:14:36,scovox,111.16%,916.9MiB / 30.66GiB,2.92%,0B / 0B,0B / 3.88MB,53
2026-07-31 11:14:36,nav2,7.25%,254.1MiB / 30.66GiB,0.81%,0B / 0B,53.2kB / 1.38MB,91
2026-07-31 11:14:39,trav_ros2,101.92%,386MiB / 30.66GiB,1.23%,0B / 0B,0B / 1.76MB,44
2026-07-31 11:14:39,docker-recorder-run-a32a177d4325,0.00%,10.31MiB / 30.66GiB,0.03%,0B / 0B,123kB / 9.45MB,1
2026-07-31 11:14:39,glim,136.25%,396.3MiB / 30.66GiB,1.26%,0B / 0B,0B / 11.6MB,35
2026-07-31 11:14:39,ouster,6.97%,120.2MiB / 30.66GiB,0.38%,0B / 0B,0B / 3.07MB,30
2026-07-31 11:14:39,openzen,2.17%,34.52MiB / 30.66GiB,0.11%,0B / 0B,0B / 2.15MB,20
2026-07-31 11:14:39,domain_bridge,0.49%,73.34MiB / 30.66GiB,0.23%,0B / 0B,111kB / 5.17MB,28
2026-07-31 11:14:39,mapir-ffmpeg,0.23%,129.6MiB / 30.66GiB,0.41%,0B / 0B,0B / 1.34MB,33
2026-07-31 11:14:39,scovox,105.35%,955.7MiB / 30.66GiB,3.04%,0B / 0B,0B / 3.88MB,53
2026-07-31 11:14:39,nav2,7.25%,253.9MiB / 30.66GiB,0.81%,0B / 0B,53.2kB / 1.38MB,91
2026-07-31 11:14:42,trav_ros2,102.27%,386MiB / 30.66GiB,1.23%,0B / 0B,0B / 1.76MB,44
2026-07-31 11:14:42,docker-recorder-run-a32a177d4325,0.00%,10.31MiB / 30.66GiB,0.03%,0B / 0B,123kB / 9.45MB,1
2026-07-31 11:14:42,glim,119.41%,418MiB / 30.66GiB,1.33%,0B / 0B,0B / 11.6MB,35
2026-07-31 11:14:42,ouster,7.23%,120.1MiB / 30.66GiB,0.38%,0B / 0B,0B / 3.07MB,30
2026-07-31 11:14:42,openzen,2.20%,34.04MiB / 30.66GiB,0.11%,0B / 0B,0B / 2.15MB,20
2026-07-31 11:14:42,domain_bridge,0.51%,73.59MiB / 30.66GiB,0.23%,0B / 0B,111kB / 5.17MB,28
2026-07-31 11:14:42,mapir-ffmpeg,0.27%,130.8MiB / 30.66GiB,0.42%,0B / 0B,0B / 1.34MB,33
2026-07-31 11:14:42,scovox,72.83%,928.4MiB / 30.66GiB,2.96%,0B / 0B,0B / 3.88MB,53
2026-07-31 11:14:42,nav2,7.42%,256MiB / 30.66GiB,0.82%,0B / 0B,53.2kB / 1.38MB,91
2026-07-31 11:14:45,trav_ros2,101.50%,386.2MiB / 30.66GiB,1.23%,0B / 0B,0B / 1.76MB,44
2026-07-31 11:14:45,docker-recorder-run-a32a177d4325,0.00%,10.31MiB / 30.66GiB,0.03%,0B / 0B,123kB / 9.45MB,1
2026-07-31 11:14:45,glim,148.42%,418.2MiB / 30.66GiB,1.33%,0B / 0B,0B / 11.6MB,35
2026-07-31 11:14:45,ouster,6.76%,120.3MiB / 30.66GiB,0.38%,0B / 0B,0B / 3.07MB,30
2026-07-31 11:14:45,openzen,2.17%,34.29MiB / 30.66GiB,0.11%,0B / 0B,0B / 2.15MB,20
2026-07-31 11:14:45,domain_bridge,0.46%,73.23MiB / 30.66GiB,0.23%,0B / 0B,111kB / 5.17MB,28
2026-07-31 11:14:45,mapir-ffmpeg,0.09%,129.8MiB / 30.66GiB,0.41%,0B / 0B,0B / 1.34MB,33
2026-07-31 11:14:45,scovox,108.41%,969.2MiB / 30.66GiB,3.09%,0B / 0B,0B / 3.88MB,53
2026-07-31 11:14:45,nav2,6.84%,254.3MiB / 30.66GiB,0.81%,0B / 0B,53.2kB / 1.38MB,91
2026-07-31 11:14:48,trav_ros2,101.43%,385.9MiB / 30.66GiB,1.23%,0B / 0B,0B / 1.76MB,44
2026-07-31 11:14:48,docker-recorder-run-a32a177d4325,0.00%,10.31MiB / 30.66GiB,0.03%,0B / 0B,123kB / 9.45MB,1
2026-07-31 11:14:48,glim,145.69%,432.9MiB / 30.66GiB,1.38%,0B / 0B,0B / 11.6MB,35
2026-07-31 11:14:48,ouster,6.87%,120.4MiB / 30.66GiB,0.38%,0B / 0B,0B / 3.07MB,30
2026-07-31 11:14:48,openzen,2.52%,34.04MiB / 30.66GiB,0.11%,0B / 0B,0B / 2.15MB,20
2026-07-31 11:14:48,domain_bridge,1.64%,73.56MiB / 30.66GiB,0.23%,0B / 0B,111kB / 5.17MB,28
2026-07-31 11:14:48,mapir-ffmpeg,0.10%,129.3MiB / 30.66GiB,0.41%,0B / 0B,0B / 1.34MB,33
2026-07-31 11:14:48,scovox,111.61%,947.9MiB / 30.66GiB,3.02%,0B / 0B,0B / 3.88MB,53
2026-07-31 11:14:48,nav2,7.08%,254.6MiB / 30.66GiB,0.81%,0B / 0B,53.2kB / 1.38MB,91
2026-07-31 11:14:52,trav_ros2,100.52%,389.3MiB / 30.66GiB,1.24%,0B / 0B,0B / 1.76MB,44
2026-07-31 11:14:52,docker-recorder-run-a32a177d4325,0.00%,10.31MiB / 30.66GiB,0.03%,0B / 0B,123kB / 9.45MB,1
2026-07-31 11:14:52,glim,142.36%,444.3MiB / 30.66GiB,1.41%,0B / 0B,0B / 11.6MB,35
2026-07-31 11:14:52,ouster,6.95%,120.6MiB / 30.66GiB,0.38%,0B / 0B,0B / 3.07MB,30
2026-07-31 11:14:52,openzen,2.43%,34.29MiB / 30.66GiB,0.11%,0B / 0B,0B / 2.15MB,20
2026-07-31 11:14:52,domain_bridge,0.58%,73.41MiB / 30.66GiB,0.23%,0B / 0B,111kB / 5.17MB,28
2026-07-31 11:14:52,mapir-ffmpeg,0.19%,129.6MiB / 30.66GiB,0.41%,0B / 0B,0B / 1.34MB,33
2026-07-31 11:14:52,scovox,104.60%,987MiB / 30.66GiB,3.14%,0B / 0B,0B / 3.88MB,53
2026-07-31 11:14:52,nav2,7.41%,255.2MiB / 30.66GiB,0.81%,0B / 0B,53.2kB / 1.38MB,91
2026-07-31 11:14:55,trav_ros2,100.81%,386.2MiB / 30.66GiB,1.23%,0B / 0B,0B / 1.76MB,44
2026-07-31 11:14:55,docker-recorder-run-a32a177d4325,0.00%,10.31MiB / 30.66GiB,0.03%,0B / 0B,123kB / 9.45MB,1
2026-07-31 11:14:55,glim,114.32%,444.1MiB / 30.66GiB,1.41%,0B / 0B,0B / 11.6MB,35
2026-07-31 11:14:55,ouster,6.76%,121MiB / 30.66GiB,0.39%,0B / 0B,0B / 3.07MB,30
2026-07-31 11:14:55,openzen,2.33%,34.06MiB / 30.66GiB,0.11%,0B / 0B,0B / 2.15MB,20
2026-07-31 11:14:55,domain_bridge,0.58%,73.73MiB / 30.66GiB,0.23%,0B / 0B,111kB / 5.17MB,28
2026-07-31 11:14:55,mapir-ffmpeg,0.13%,129.4MiB / 30.66GiB,0.41%,0B / 0B,0B / 1.34MB,33
2026-07-31 11:14:55,scovox,73.38%,951.8MiB / 30.66GiB,3.03%,0B / 0B,0B / 3.88MB,53
2026-07-31 11:14:55,nav2,6.82%,254.5MiB / 30.66GiB,0.81%,0B / 0B,53.2kB / 1.38MB,91
2026-07-31 11:14:58,trav_ros2,100.69%,380.2MiB / 30.66GiB,1.21%,0B / 0B,0B / 1.76MB,44
2026-07-31 11:14:58,docker-recorder-run-a32a177d4325,0.00%,10.31MiB / 30.66GiB,0.03%,0B / 0B,123kB / 9.45MB,1
2026-07-31 11:14:58,glim,139.38%,446.2MiB / 30.66GiB,1.42%,0B / 0B,0B / 11.6MB,35
2026-07-31 11:14:58,ouster,7.36%,120.4MiB / 30.66GiB,0.38%,0B / 0B,0B / 3.07MB,30
2026-07-31 11:14:58,openzen,2.30%,34.78MiB / 30.66GiB,0.11%,0B / 0B,0B / 2.15MB,20
2026-07-31 11:14:58,domain_bridge,0.86%,73.1MiB / 30.66GiB,0.23%,0B / 0B,111kB / 5.17MB,28
2026-07-31 11:14:58,mapir-ffmpeg,0.35%,130.3MiB / 30.66GiB,0.42%,0B / 0B,0B / 1.34MB,33
2026-07-31 11:14:58,scovox,107.43%,1015MiB / 30.66GiB,3.23%,0B / 0B,0B / 3.88MB,53
2026-07-31 11:14:58,nav2,6.92%,254.4MiB / 30.66GiB,0.81%,0B / 0B,53.2kB / 1.38MB,91
2026-07-31 11:15:01,trav_ros2,101.34%,385.7MiB / 30.66GiB,1.23%,0B / 0B,0B / 1.78MB,44
2026-07-31 11:15:01,docker-recorder-run-a32a177d4325,0.00%,10.31MiB / 30.66GiB,0.03%,0B / 0B,123kB / 9.45MB,1
2026-07-31 11:15:01,glim,137.05%,446.3MiB / 30.66GiB,1.42%,0B / 0B,0B / 11.6MB,35
2026-07-31 11:15:01,ouster,6.84%,120MiB / 30.66GiB,0.38%,0B / 0B,0B / 3.07MB,30
2026-07-31 11:15:01,openzen,2.35%,34.53MiB / 30.66GiB,0.11%,0B / 0B,0B / 2.15MB,20
2026-07-31 11:15:01,domain_bridge,0.47%,73.38MiB / 30.66GiB,0.23%,0B / 0B,111kB / 5.17MB,28
2026-07-31 11:15:01,mapir-ffmpeg,0.13%,130.3MiB / 30.66GiB,0.42%,0B / 0B,0B / 1.34MB,33
2026-07-31 11:15:01,scovox,109.72%,1008MiB / 30.66GiB,3.21%,0B / 0B,0B / 3.91MB,53
2026-07-31 11:15:01,nav2,7.19%,255.5MiB / 30.66GiB,0.81%,0B / 0B,53.2kB / 1.38MB,91
2026-07-31 11:15:04,trav_ros2,101.24%,386.4MiB / 30.66GiB,1.23%,0B / 0B,0B / 1.78MB,44
2026-07-31 11:15:04,docker-recorder-run-a32a177d4325,0.00%,10.31MiB / 30.66GiB,0.03%,0B / 0B,123kB / 9.45MB,1
2026-07-31 11:15:04,glim,133.02%,446.3MiB / 30.66GiB,1.42%,0B / 0B,0B / 11.6MB,35
2026-07-31 11:15:04,ouster,6.98%,120.1MiB / 30.66GiB,0.38%,0B / 0B,0B / 3.07MB,30
2026-07-31 11:15:04,openzen,2.29%,34.28MiB / 30.66GiB,0.11%,0B / 0B,0B / 2.15MB,20
2026-07-31 11:15:04,domain_bridge,1.44%,73.72MiB / 30.66GiB,0.23%,0B / 0B,111kB / 5.17MB,28
2026-07-31 11:15:04,mapir-ffmpeg,0.23%,129.8MiB / 30.66GiB,0.41%,0B / 0B,0B / 1.34MB,33
2026-07-31 11:15:04,scovox,109.56%,966.6MiB / 30.66GiB,3.08%,0B / 0B,0B / 3.91MB,53
2026-07-31 11:15:04,nav2,7.00%,255.1MiB / 30.66GiB,0.81%,0B / 0B,53.2kB / 1.39MB,91
2026-07-31 11:15:07,trav_ros2,101.11%,386.4MiB / 30.66GiB,1.23%,0B / 0B,0B / 1.78MB,44
2026-07-31 11:15:07,docker-recorder-run-a32a177d4325,0.00%,10.31MiB / 30.66GiB,0.03%,0B / 0B,123kB / 9.45MB,1
2026-07-31 11:15:07,glim,123.06%,446.6MiB / 30.66GiB,1.42%,0B / 0B,0B / 11.6MB,35
2026-07-31 11:15:07,ouster,6.85%,120.3MiB / 30.66GiB,0.38%,0B / 0B,0B / 3.07MB,30
2026-07-31 11:15:07,openzen,2.25%,34.28MiB / 30.66GiB,0.11%,0B / 0B,0B / 2.15MB,20
2026-07-31 11:15:07,domain_bridge,0.62%,73.6MiB / 30.66GiB,0.23%,0B / 0B,111kB / 5.17MB,28
2026-07-31 11:15:07,mapir-ffmpeg,0.12%,129.8MiB / 30.66GiB,0.41%,0B / 0B,0B / 1.34MB,33
2026-07-31 11:15:07,scovox,108.80%,1000MiB / 30.66GiB,3.19%,0B / 0B,0B / 3.91MB,53
2026-07-31 11:15:07,nav2,7.07%,255.9MiB / 30.66GiB,0.81%,0B / 0B,53.2kB / 1.39MB,91
2026-07-31 11:15:10,trav_ros2,101.65%,384.9MiB / 30.66GiB,1.23%,0B / 0B,0B / 1.78MB,44
2026-07-31 11:15:10,docker-recorder-run-a32a177d4325,0.00%,10.31MiB / 30.66GiB,0.03%,0B / 0B,123kB / 9.45MB,1
2026-07-31 11:15:10,glim,111.18%,480.2MiB / 30.66GiB,1.53%,0B / 0B,0B / 11.6MB,35
2026-07-31 11:15:10,ouster,7.16%,120.5MiB / 30.66GiB,0.38%,0B / 0B,0B / 3.07MB,30
2026-07-31 11:15:10,openzen,2.17%,34.04MiB / 30.66GiB,0.11%,0B / 0B,0B / 2.15MB,20
2026-07-31 11:15:10,domain_bridge,0.23%,73.33MiB / 30.66GiB,0.23%,0B / 0B,111kB / 5.17MB,28
2026-07-31 11:15:10,mapir-ffmpeg,0.05%,129.6MiB / 30.66GiB,0.41%,0B / 0B,0B / 1.34MB,33
2026-07-31 11:15:10,scovox,110.38%,1016MiB / 30.66GiB,3.24%,0B / 0B,0B / 3.91MB,53
2026-07-31 11:15:10,nav2,6.46%,255.6MiB / 30.66GiB,0.81%,0B / 0B,53.2kB / 1.39MB,91
2026-07-31 11:15:13,trav_ros2,101.72%,422.1MiB / 30.66GiB,1.34%,0B / 0B,0B / 1.78MB,44
2026-07-31 11:15:13,docker-recorder-run-a32a177d4325,0.00%,10.31MiB / 30.66GiB,0.03%,0B / 0B,123kB / 9.45MB,1
2026-07-31 11:15:13,glim,106.05%,480.3MiB / 30.66GiB,1.53%,0B / 0B,0B / 11.6MB,35
2026-07-31 11:15:13,ouster,6.90%,120.5MiB / 30.66GiB,0.38%,0B / 0B,0B / 3.07MB,30
2026-07-31 11:15:13,openzen,2.18%,34.04MiB / 30.66GiB,0.11%,0B / 0B,0B / 2.15MB,20
2026-07-31 11:15:13,domain_bridge,0.51%,73.82MiB / 30.66GiB,0.24%,0B / 0B,111kB / 5.17MB,28
2026-07-31 11:15:13,mapir-ffmpeg,0.15%,129.3MiB / 30.66GiB,0.41%,0B / 0B,0B / 1.34MB,33
2026-07-31 11:15:13,scovox,105.29%,1006MiB / 30.66GiB,3.20%,0B / 0B,0B / 3.91MB,53
2026-07-31 11:15:13,nav2,6.51%,256.3MiB / 30.66GiB,0.82%,0B / 0B,53.2kB / 1.39MB,91
2026-07-31 11:15:16,trav_ros2,101.73%,380.4MiB / 30.66GiB,1.21%,0B / 0B,0B / 1.78MB,44
2026-07-31 11:15:16,docker-recorder-run-a32a177d4325,0.00%,10.31MiB / 30.66GiB,0.03%,0B / 0B,123kB / 9.45MB,1
2026-07-31 11:15:16,glim,100.82%,468.7MiB / 30.66GiB,1.49%,0B / 0B,0B / 11.6MB,35
2026-07-31 11:15:16,ouster,6.76%,120.2MiB / 30.66GiB,0.38%,0B / 0B,0B / 3.07MB,30
2026-07-31 11:15:16,openzen,2.24%,34.53MiB / 30.66GiB,0.11%,0B / 0B,0B / 2.15MB,20
2026-07-31 11:15:16,domain_bridge,0.39%,73.24MiB / 30.66GiB,0.23%,0B / 0B,111kB / 5.17MB,28
2026-07-31 11:15:16,mapir-ffmpeg,0.20%,129.3MiB / 30.66GiB,0.41%,0B / 0B,0B / 1.34MB,33
2026-07-31 11:15:16,scovox,109.71%,983.3MiB / 30.66GiB,3.13%,0B / 0B,0B / 3.91MB,53
2026-07-31 11:15:16,nav2,7.31%,255.5MiB / 30.66GiB,0.81%,0B / 0B,53.2kB / 1.39MB,91
2026-07-31 11:15:19,trav_ros2,100.97%,387.4MiB / 30.66GiB,1.23%,0B / 0B,0B / 1.78MB,44
2026-07-31 11:15:19,docker-recorder-run-a32a177d4325,0.00%,10.31MiB / 30.66GiB,0.03%,0B / 0B,123kB / 9.45MB,1
2026-07-31 11:15:19,glim,100.82%,443.2MiB / 30.66GiB,1.41%,0B / 0B,0B / 11.6MB,35
2026-07-31 11:15:19,ouster,6.91%,120.4MiB / 30.66GiB,0.38%,0B / 0B,0B / 3.07MB,30
2026-07-31 11:15:19,openzen,2.31%,34.53MiB / 30.66GiB,0.11%,0B / 0B,0B / 2.15MB,20
2026-07-31 11:15:19,domain_bridge,0.40%,73.19MiB / 30.66GiB,0.23%,0B / 0B,111kB / 5.17MB,28
2026-07-31 11:15:19,mapir-ffmpeg,0.24%,129.3MiB / 30.66GiB,0.41%,0B / 0B,0B / 1.34MB,33
2026-07-31 11:15:19,scovox,104.77%,1006MiB / 30.66GiB,3.20%,0B / 0B,0B / 3.91MB,53
2026-07-31 11:15:19,nav2,7.18%,255.5MiB / 30.66GiB,0.81%,0B / 0B,53.2kB / 1.39MB,91
2026-07-31 11:15:22,trav_ros2,101.29%,387.9MiB / 30.66GiB,1.24%,0B / 0B,0B / 1.78MB,44
2026-07-31 11:15:22,docker-recorder-run-a32a177d4325,0.00%,10.31MiB / 30.66GiB,0.03%,0B / 0B,123kB / 9.45MB,1
2026-07-31 11:15:22,glim,95.91%,443.6MiB / 30.66GiB,1.41%,0B / 0B,0B / 11.6MB,35
2026-07-31 11:15:22,ouster,7.41%,120.1MiB / 30.66GiB,0.38%,0B / 0B,0B / 3.07MB,30
2026-07-31 11:15:22,openzen,2.25%,34.04MiB / 30.66GiB,0.11%,0B / 0B,0B / 2.15MB,20
2026-07-31 11:15:22,domain_bridge,0.51%,73.82MiB / 30.66GiB,0.24%,0B / 0B,111kB / 5.17MB,28
2026-07-31 11:15:22,mapir-ffmpeg,0.25%,130.1MiB / 30.66GiB,0.41%,0B / 0B,0B / 1.34MB,33
2026-07-31 11:15:22,scovox,108.60%,985.9MiB / 30.66GiB,3.14%,0B / 0B,0B / 3.91MB,53
2026-07-31 11:15:22,nav2,7.06%,256.4MiB / 30.66GiB,0.82%,0B / 0B,53.2kB / 1.39MB,91
2026-07-31 11:15:25,trav_ros2,100.96%,385.2MiB / 30.66GiB,1.23%,0B / 0B,0B / 1.78MB,44
2026-07-31 11:15:25,docker-recorder-run-a32a177d4325,0.00%,10.31MiB / 30.66GiB,0.03%,0B / 0B,123kB / 9.45MB,1
2026-07-31 11:15:25,glim,95.77%,453.7MiB / 30.66GiB,1.44%,0B / 0B,0B / 11.6MB,35
2026-07-31 11:15:25,ouster,6.79%,120.6MiB / 30.66GiB,0.38%,0B / 0B,0B / 3.07MB,30
2026-07-31 11:15:25,openzen,2.04%,34.28MiB / 30.66GiB,0.11%,0B / 0B,0B / 2.15MB,20
2026-07-31 11:15:25,domain_bridge,0.29%,73.58MiB / 30.66GiB,0.23%,0B / 0B,111kB / 5.17MB,28
2026-07-31 11:15:25,mapir-ffmpeg,0.09%,129.8MiB / 30.66GiB,0.41%,0B / 0B,0B / 1.34MB,33
2026-07-31 11:15:25,scovox,105.02%,1014MiB / 30.66GiB,3.23%,0B / 0B,0B / 3.91MB,53
2026-07-31 11:15:25,nav2,7.18%,255.8MiB / 30.66GiB,0.81%,0B / 0B,53.2kB / 1.39MB,91
2026-07-31 11:15:28,trav_ros2,101.19%,380.4MiB / 30.66GiB,1.21%,0B / 0B,0B / 1.78MB,44
2026-07-31 11:15:28,docker-recorder-run-a32a177d4325,0.00%,10.31MiB / 30.66GiB,0.03%,0B / 0B,123kB / 9.45MB,1
2026-07-31 11:15:28,glim,96.43%,453.8MiB / 30.66GiB,1.45%,0B / 0B,0B / 11.6MB,35
2026-07-31 11:15:28,ouster,7.14%,120.3MiB / 30.66GiB,0.38%,0B / 0B,0B / 3.07MB,30
2026-07-31 11:15:28,openzen,2.19%,34.28MiB / 30.66GiB,0.11%,0B / 0B,0B / 2.15MB,20
2026-07-31 11:15:28,domain_bridge,1.38%,73.62MiB / 30.66GiB,0.23%,0B / 0B,111kB / 5.17MB,28
2026-07-31 11:15:28,mapir-ffmpeg,0.11%,129.6MiB / 30.66GiB,0.41%,0B / 0B,0B / 1.34MB,33
2026-07-31 11:15:28,scovox,110.70%,965.6MiB / 30.66GiB,3.08%,0B / 0B,0B / 3.91MB,53
2026-07-31 11:15:28,nav2,6.95%,255.9MiB / 30.66GiB,0.82%,0B / 0B,53.2kB / 1.39MB,91
2026-07-31 11:15:32,trav_ros2,101.74%,380.3MiB / 30.66GiB,1.21%,0B / 0B,0B / 1.79MB,44
2026-07-31 11:15:32,docker-recorder-run-a32a177d4325,0.00%,10.31MiB / 30.66GiB,0.03%,0B / 0B,123kB / 9.45MB,1
2026-07-31 11:15:32,glim,101.83%,451.3MiB / 30.66GiB,1.44%,0B / 0B,0B / 11.6MB,35
2026-07-31 11:15:32,ouster,6.95%,120.1MiB / 30.66GiB,0.38%,0B / 0B,0B / 3.07MB,30
2026-07-31 11:15:32,openzen,2.23%,34.29MiB / 30.66GiB,0.11%,0B / 0B,0B / 2.15MB,20
2026-07-31 11:15:32,domain_bridge,0.36%,73.91MiB / 30.66GiB,0.24%,0B / 0B,111kB / 5.17MB,28
2026-07-31 11:15:32,mapir-ffmpeg,0.24%,130.6MiB / 30.66GiB,0.42%,0B / 0B,0B / 1.34MB,33
2026-07-31 11:15:32,scovox,106.11%,1012MiB / 30.66GiB,3.22%,0B / 0B,0B / 3.91MB,53
2026-07-31 11:15:32,nav2,7.29%,256MiB / 30.66GiB,0.82%,0B / 0B,53.2kB / 1.39MB,91
2026-07-31 11:15:35,trav_ros2,101.59%,387.4MiB / 30.66GiB,1.23%,0B / 0B,0B / 1.79MB,44
2026-07-31 11:15:35,docker-recorder-run-a32a177d4325,0.00%,10.31MiB / 30.66GiB,0.03%,0B / 0B,123kB / 9.45MB,1
2026-07-31 11:15:35,glim,92.65%,450.7MiB / 30.66GiB,1.44%,0B / 0B,0B / 11.6MB,35
2026-07-31 11:15:35,ouster,6.81%,120.3MiB / 30.66GiB,0.38%,0B / 0B,0B / 3.07MB,30
2026-07-31 11:15:35,openzen,2.23%,34.04MiB / 30.66GiB,0.11%,0B / 0B,0B / 2.15MB,20
2026-07-31 11:15:35,domain_bridge,0.59%,73.88MiB / 30.66GiB,0.24%,0B / 0B,111kB / 5.17MB,28
2026-07-31 11:15:35,mapir-ffmpeg,0.08%,129.8MiB / 30.66GiB,0.41%,0B / 0B,0B / 1.34MB,33
2026-07-31 11:15:35,scovox,107.85%,1008MiB / 30.66GiB,3.21%,0B / 0B,0B / 3.94MB,53
2026-07-31 11:15:35,nav2,6.99%,255.9MiB / 30.66GiB,0.82%,0B / 0B,53.2kB / 1.39MB,91
2026-07-31 11:15:38,trav_ros2,102.14%,387.6MiB / 30.66GiB,1.23%,0B / 0B,0B / 1.79MB,44
2026-07-31 11:15:38,docker-recorder-run-a32a177d4325,0.00%,10.31MiB / 30.66GiB,0.03%,0B / 0B,123kB / 9.45MB,1
2026-07-31 11:15:38,glim,91.69%,431.8MiB / 30.66GiB,1.38%,0B / 0B,0B / 11.6MB,35
2026-07-31 11:15:38,ouster,7.00%,120.3MiB / 30.66GiB,0.38%,0B / 0B,0B / 3.07MB,30
2026-07-31 11:15:38,openzen,2.31%,34.51MiB / 30.66GiB,0.11%,0B / 0B,0B / 2.15MB,20
2026-07-31 11:15:38,domain_bridge,0.65%,73.36MiB / 30.66GiB,0.23%,0B / 0B,111kB / 5.17MB,28
2026-07-31 11:15:38,mapir-ffmpeg,0.35%,129.8MiB / 30.66GiB,0.41%,0B / 0B,0B / 1.34MB,33
2026-07-31 11:15:38,scovox,107.07%,1008MiB / 30.66GiB,3.21%,0B / 0B,0B / 3.94MB,53
2026-07-31 11:15:38,nav2,7.21%,255.6MiB / 30.66GiB,0.81%,0B / 0B,53.2kB / 1.41MB,91
2026-07-31 11:15:41,trav_ros2,102.15%,385.8MiB / 30.66GiB,1.23%,0B / 0B,0B / 1.79MB,44
2026-07-31 11:15:41,docker-recorder-run-a32a177d4325,0.00%,10.31MiB / 30.66GiB,0.03%,0B / 0B,123kB / 9.45MB,1
2026-07-31 11:15:41,glim,95.36%,451.5MiB / 30.66GiB,1.44%,0B / 0B,0B / 11.6MB,35
2026-07-31 11:15:41,ouster,6.89%,120.9MiB / 30.66GiB,0.38%,0B / 0B,0B / 3.07MB,30
2026-07-31 11:15:41,openzen,2.28%,34.76MiB / 30.66GiB,0.11%,0B / 0B,0B / 2.15MB,20
2026-07-31 11:15:41,domain_bridge,0.25%,73.11MiB / 30.66GiB,0.23%,0B / 0B,111kB / 5.17MB,28
2026-07-31 11:15:41,mapir-ffmpeg,0.12%,129.6MiB / 30.66GiB,0.41%,0B / 0B,0B / 1.34MB,33
2026-07-31 11:15:41,scovox,108.15%,1010MiB / 30.66GiB,3.22%,0B / 0B,0B / 3.94MB,53
2026-07-31 11:15:41,nav2,7.06%,256.7MiB / 30.66GiB,0.82%,0B / 0B,53.2kB / 1.41MB,91
2026-07-31 11:15:44,trav_ros2,100.19%,385.9MiB / 30.66GiB,1.23%,0B / 0B,0B / 1.79MB,44
2026-07-31 11:15:44,docker-recorder-run-a32a177d4325,0.00%,10.31MiB / 30.66GiB,0.03%,0B / 0B,123kB / 9.45MB,1
2026-07-31 11:15:44,glim,94.96%,451.6MiB / 30.66GiB,1.44%,0B / 0B,0B / 11.6MB,35
2026-07-31 11:15:44,ouster,7.16%,121.1MiB / 30.66GiB,0.39%,0B / 0B,0B / 3.07MB,30
2026-07-31 11:15:44,openzen,2.42%,34.27MiB / 30.66GiB,0.11%,0B / 0B,0B / 2.15MB,20
2026-07-31 11:15:44,domain_bridge,1.12%,74.7MiB / 30.66GiB,0.24%,0B / 0B,111kB / 5.17MB,28
2026-07-31 11:15:44,mapir-ffmpeg,0.24%,129.3MiB / 30.66GiB,0.41%,0B / 0B,0B / 1.34MB,33
2026-07-31 11:15:44,scovox,107.72%,1011MiB / 30.66GiB,3.22%,0B / 0B,0B / 3.94MB,53
2026-07-31 11:15:44,nav2,7.14%,256.7MiB / 30.66GiB,0.82%,0B / 0B,53.2kB / 1.41MB,91
2026-07-31 11:15:47,trav_ros2,101.69%,387.3MiB / 30.66GiB,1.23%,0B / 0B,0B / 1.79MB,44
2026-07-31 11:15:47,docker-recorder-run-a32a177d4325,0.00%,10.31MiB / 30.66GiB,0.03%,0B / 0B,123kB / 9.45MB,1
2026-07-31 11:15:47,glim,93.55%,452.8MiB / 30.66GiB,1.44%,0B / 0B,0B / 11.6MB,35
2026-07-31 11:15:47,ouster,6.99%,120.5MiB / 30.66GiB,0.38%,0B / 0B,0B / 3.07MB,30
2026-07-31 11:15:47,openzen,2.18%,34.04MiB / 30.66GiB,0.11%,0B / 0B,0B / 2.15MB,20
2026-07-31 11:15:47,domain_bridge,0.44%,73.62MiB / 30.66GiB,0.23%,0B / 0B,111kB / 5.17MB,28
2026-07-31 11:15:47,mapir-ffmpeg,0.19%,129.8MiB / 30.66GiB,0.41%,0B / 0B,0B / 1.34MB,33
2026-07-31 11:15:47,scovox,105.17%,1010MiB / 30.66GiB,3.22%,0B / 0B,0B / 3.94MB,53
2026-07-31 11:15:47,nav2,7.86%,257.7MiB / 30.66GiB,0.82%,0B / 0B,53.2kB / 1.41MB,91
2026-07-31 11:15:50,trav_ros2,101.52%,384.4MiB / 30.66GiB,1.22%,0B / 0B,0B / 1.79MB,44
2026-07-31 11:15:50,docker-recorder-run-a32a177d4325,0.00%,10.31MiB / 30.66GiB,0.03%,0B / 0B,123kB / 9.45MB,1
2026-07-31 11:15:50,glim,92.53%,453.2MiB / 30.66GiB,1.44%,0B / 0B,0B / 11.6MB,35
2026-07-31 11:15:50,ouster,6.86%,120.2MiB / 30.66GiB,0.38%,0B / 0B,0B / 3.07MB,30
2026-07-31 11:15:50,openzen,2.03%,34.04MiB / 30.66GiB,0.11%,0B / 0B,0B / 2.15MB,20
2026-07-31 11:15:50,domain_bridge,0.33%,73.28MiB / 30.66GiB,0.23%,0B / 0B,111kB / 5.17MB,28
2026-07-31 11:15:50,mapir-ffmpeg,0.05%,129.3MiB / 30.66GiB,0.41%,0B / 0B,0B / 1.34MB,33
2026-07-31 11:15:50,scovox,106.14%,972.7MiB / 30.66GiB,3.10%,0B / 0B,0B / 3.94MB,53
2026-07-31 11:15:50,nav2,6.84%,256.7MiB / 30.66GiB,0.82%,0B / 0B,53.2kB / 1.41MB,91
2026-07-31 11:15:53,trav_ros2,101.27%,387.5MiB / 30.66GiB,1.23%,0B / 0B,0B / 1.79MB,44
2026-07-31 11:15:53,docker-recorder-run-a32a177d4325,0.00%,10.31MiB / 30.66GiB,0.03%,0B / 0B,123kB / 9.45MB,1
2026-07-31 11:15:53,glim,93.97%,454.1MiB / 30.66GiB,1.45%,0B / 0B,0B / 11.6MB,35
2026-07-31 11:15:53,ouster,6.83%,120.7MiB / 30.66GiB,0.38%,0B / 0B,0B / 3.07MB,30
2026-07-31 11:15:53,openzen,2.34%,34.04MiB / 30.66GiB,0.11%,0B / 0B,0B / 2.15MB,20
2026-07-31 11:15:53,domain_bridge,0.49%,74.3MiB / 30.66GiB,0.24%,0B / 0B,111kB / 5.17MB,28
2026-07-31 11:15:53,mapir-ffmpeg,0.10%,129.1MiB / 30.66GiB,0.41%,0B / 0B,0B / 1.34MB,33
2026-07-31 11:15:53,scovox,104.72%,1010MiB / 30.66GiB,3.22%,0B / 0B,0B / 3.94MB,53
2026-07-31 11:15:53,nav2,6.40%,256.8MiB / 30.66GiB,0.82%,0B / 0B,53.2kB / 1.41MB,91
2026-07-31 11:15:56,trav_ros2,101.00%,386.8MiB / 30.66GiB,1.23%,0B / 0B,0B / 1.79MB,44
2026-07-31 11:15:56,docker-recorder-run-a32a177d4325,0.00%,10.31MiB / 30.66GiB,0.03%,0B / 0B,123kB / 9.45MB,1
2026-07-31 11:15:56,glim,92.39%,457.7MiB / 30.66GiB,1.46%,0B / 0B,0B / 11.6MB,35
2026-07-31 11:15:56,ouster,6.80%,120.1MiB / 30.66GiB,0.38%,0B / 0B,0B / 3.07MB,30
2026-07-31 11:15:56,openzen,2.12%,34.79MiB / 30.66GiB,0.11%,0B / 0B,0B / 2.15MB,20
2026-07-31 11:15:56,domain_bridge,0.44%,73.86MiB / 30.66GiB,0.24%,0B / 0B,111kB / 5.17MB,28
2026-07-31 11:15:56,mapir-ffmpeg,0.21%,130.3MiB / 30.66GiB,0.42%,0B / 0B,0B / 1.34MB,33
2026-07-31 11:15:56,scovox,104.37%,985.9MiB / 30.66GiB,3.14%,0B / 0B,0B / 3.94MB,53
2026-07-31 11:15:56,nav2,7.02%,257.2MiB / 30.66GiB,0.82%,0B / 0B,53.2kB / 1.41MB,91
2026-07-31 11:15:59,trav_ros2,101.22%,387.2MiB / 30.66GiB,1.23%,0B / 0B,0B / 1.79MB,44
2026-07-31 11:15:59,docker-recorder-run-a32a177d4325,0.00%,10.31MiB / 30.66GiB,0.03%,0B / 0B,123kB / 9.45MB,1
2026-07-31 11:15:59,glim,93.90%,458MiB / 30.66GiB,1.46%,0B / 0B,0B / 11.6MB,35
2026-07-31 11:15:59,ouster,6.88%,120.6MiB / 30.66GiB,0.38%,0B / 0B,0B / 3.07MB,30
2026-07-31 11:15:59,openzen,2.23%,34.53MiB / 30.66GiB,0.11%,0B / 0B,0B / 2.15MB,20
2026-07-31 11:15:59,domain_bridge,0.41%,73.57MiB / 30.66GiB,0.23%,0B / 0B,111kB / 5.17MB,28
2026-07-31 11:15:59,mapir-ffmpeg,0.22%,129.6MiB / 30.66GiB,0.41%,0B / 0B,0B / 1.34MB,33
2026-07-31 11:15:59,scovox,104.92%,990.3MiB / 30.66GiB,3.15%,0B / 0B,0B / 3.94MB,53
2026-07-31 11:15:59,nav2,7.20%,257.6MiB / 30.66GiB,0.82%,0B / 0B,53.2kB / 1.41MB,91
2026-07-31 11:16:02,trav_ros2,101.65%,387.6MiB / 30.66GiB,1.23%,0B / 0B,0B / 1.81MB,44
2026-07-31 11:16:02,docker-recorder-run-a32a177d4325,0.00%,10.31MiB / 30.66GiB,0.03%,0B / 0B,123kB / 9.45MB,1
2026-07-31 11:16:02,glim,92.56%,457.9MiB / 30.66GiB,1.46%,0B / 0B,0B / 11.6MB,35
2026-07-31 11:16:02,ouster,7.01%,121.2MiB / 30.66GiB,0.39%,0B / 0B,0B / 3.07MB,30
2026-07-31 11:16:02,openzen,2.12%,34.3MiB / 30.66GiB,0.11%,0B / 0B,0B / 2.15MB,20
2026-07-31 11:16:02,domain_bridge,0.58%,73.76MiB / 30.66GiB,0.23%,0B / 0B,111kB / 5.17MB,28
2026-07-31 11:16:02,mapir-ffmpeg,0.31%,129.4MiB / 30.66GiB,0.41%,0B / 0B,0B / 1.34MB,33
2026-07-31 11:16:02,scovox,109.15%,973.3MiB / 30.66GiB,3.10%,0B / 0B,0B / 3.94MB,53
2026-07-31 11:16:02,nav2,7.21%,258.5MiB / 30.66GiB,0.82%,0B / 0B,53.2kB / 1.41MB,91
2026-07-31 11:16:05,trav_ros2,101.88%,387.4MiB / 30.66GiB,1.23%,0B / 0B,0B / 1.81MB,44
2026-07-31 11:16:05,docker-recorder-run-a32a177d4325,0.00%,10.31MiB / 30.66GiB,0.03%,0B / 0B,123kB / 9.45MB,1
2026-07-31 11:16:05,glim,94.95%,458.2MiB / 30.66GiB,1.46%,0B / 0B,0B / 11.6MB,35
2026-07-31 11:16:05,ouster,6.87%,120.6MiB / 30.66GiB,0.38%,0B / 0B,0B / 3.07MB,30
2026-07-31 11:16:05,openzen,2.22%,34.77MiB / 30.66GiB,0.11%,0B / 0B,0B / 2.15MB,20
2026-07-31 11:16:05,domain_bridge,0.19%,73.41MiB / 30.66GiB,0.23%,0B / 0B,111kB / 5.17MB,28
2026-07-31 11:16:05,mapir-ffmpeg,0.09%,129.1MiB / 30.66GiB,0.41%,0B / 0B,0B / 1.34MB,33
2026-07-31 11:16:05,scovox,105.71%,990.1MiB / 30.66GiB,3.15%,0B / 0B,0B / 3.94MB,53
2026-07-31 11:16:05,nav2,6.98%,257.8MiB / 30.66GiB,0.82%,0B / 0B,53.2kB / 1.41MB,91
2026-07-31 11:16:08,trav_ros2,101.88%,387.5MiB / 30.66GiB,1.23%,0B / 0B,0B / 1.81MB,44
2026-07-31 11:16:08,docker-recorder-run-a32a177d4325,0.00%,10.31MiB / 30.66GiB,0.03%,0B / 0B,123kB / 9.45MB,1
2026-07-31 11:16:08,glim,92.40%,456MiB / 30.66GiB,1.45%,0B / 0B,0B / 11.6MB,35
2026-07-31 11:16:08,ouster,6.81%,120.7MiB / 30.66GiB,0.38%,0B / 0B,0B / 3.07MB,30
2026-07-31 11:16:08,openzen,2.11%,34.52MiB / 30.66GiB,0.11%,0B / 0B,0B / 2.15MB,20
2026-07-31 11:16:08,domain_bridge,1.63%,74.43MiB / 30.66GiB,0.24%,0B / 0B,111kB / 5.17MB,28
2026-07-31 11:16:08,mapir-ffmpeg,0.11%,129.1MiB / 30.66GiB,0.41%,0B / 0B,0B / 1.35MB,33
2026-07-31 11:16:08,scovox,111.04%,986.2MiB / 30.66GiB,3.14%,0B / 0B,0B / 3.98MB,53
2026-07-31 11:16:08,nav2,7.27%,258MiB / 30.66GiB,0.82%,0B / 0B,53.2kB / 1.41MB,91
2026-07-31 11:16:11,trav_ros2,101.72%,386.7MiB / 30.66GiB,1.23%,0B / 0B,0B / 1.81MB,44
2026-07-31 11:16:11,docker-recorder-run-a32a177d4325,0.00%,10.31MiB / 30.66GiB,0.03%,0B / 0B,123kB / 9.45MB,1
2026-07-31 11:16:11,glim,93.87%,456.2MiB / 30.66GiB,1.45%,0B / 0B,0B / 11.6MB,35
2026-07-31 11:16:11,ouster,7.02%,120.7MiB / 30.66GiB,0.38%,0B / 0B,0B / 3.07MB,30
2026-07-31 11:16:11,openzen,2.25%,34.52MiB / 30.66GiB,0.11%,0B / 0B,0B / 2.15MB,20
2026-07-31 11:16:11,domain_bridge,0.39%,73.52MiB / 30.66GiB,0.23%,0B / 0B,111kB / 5.17MB,28
2026-07-31 11:16:11,mapir-ffmpeg,0.24%,130.1MiB / 30.66GiB,0.41%,0B / 0B,0B / 1.35MB,33
2026-07-31 11:16:11,scovox,106.03%,1013MiB / 30.66GiB,3.23%,0B / 0B,0B / 3.98MB,53
2026-07-31 11:16:11,nav2,7.25%,258.2MiB / 30.66GiB,0.82%,0B / 0B,53.2kB / 1.43MB,91
2026-07-31 11:16:15,trav_ros2,101.86%,386.9MiB / 30.66GiB,1.23%,0B / 0B,0B / 1.81MB,44
2026-07-31 11:16:15,docker-recorder-run-a32a177d4325,0.00%,10.31MiB / 30.66GiB,0.03%,0B / 0B,123kB / 9.45MB,1
2026-07-31 11:16:15,glim,95.80%,455.7MiB / 30.66GiB,1.45%,0B / 0B,0B / 11.6MB,35
2026-07-31 11:16:15,ouster,6.79%,119.7MiB / 30.66GiB,0.38%,0B / 0B,0B / 3.07MB,30
2026-07-31 11:16:15,openzen,2.26%,34.52MiB / 30.66GiB,0.11%,0B / 0B,0B / 2.15MB,20
2026-07-31 11:16:15,domain_bridge,0.64%,73.65MiB / 30.66GiB,0.23%,0B / 0B,111kB / 5.17MB,28
2026-07-31 11:16:15,mapir-ffmpeg,0.04%,130.3MiB / 30.66GiB,0.42%,0B / 0B,0B / 1.35MB,33
2026-07-31 11:16:15,scovox,107.86%,986.4MiB / 30.66GiB,3.14%,0B / 0B,0B / 3.98MB,53
2026-07-31 11:16:15,nav2,7.07%,257.7MiB / 30.66GiB,0.82%,0B / 0B,53.2kB / 1.43MB,91
2026-07-31 11:16:18,trav_ros2,101.49%,387.8MiB / 30.66GiB,1.23%,0B / 0B,0B / 1.81MB,44
2026-07-31 11:16:18,docker-recorder-run-a32a177d4325,0.00%,10.31MiB / 30.66GiB,0.03%,0B / 0B,123kB / 9.45MB,1
2026-07-31 11:16:18,glim,91.84%,457.3MiB / 30.66GiB,1.46%,0B / 0B,0B / 11.6MB,35
2026-07-31 11:16:18,ouster,7.06%,119.6MiB / 30.66GiB,0.38%,0B / 0B,0B / 3.07MB,30
2026-07-31 11:16:18,openzen,2.23%,35.29MiB / 30.66GiB,0.11%,0B / 0B,0B / 2.15MB,20
2026-07-31 11:16:18,domain_bridge,0.61%,73.43MiB / 30.66GiB,0.23%,0B / 0B,111kB / 5.17MB,28
2026-07-31 11:16:18,mapir-ffmpeg,0.39%,129.4MiB / 30.66GiB,0.41%,0B / 0B,0B / 1.35MB,33
2026-07-31 11:16:18,scovox,105.86%,1.007GiB / 30.66GiB,3.28%,0B / 0B,0B / 3.98MB,53
2026-07-31 11:16:18,nav2,7.39%,259.6MiB / 30.66GiB,0.83%,0B / 0B,53.2kB / 1.43MB,91
2026-07-31 11:16:21,trav_ros2,101.19%,402.4MiB / 30.66GiB,1.28%,0B / 0B,0B / 1.81MB,44
2026-07-31 11:16:21,docker-recorder-run-a32a177d4325,0.00%,10.31MiB / 30.66GiB,0.03%,0B / 0B,123kB / 9.45MB,1
2026-07-31 11:16:21,glim,94.44%,457.7MiB / 30.66GiB,1.46%,0B / 0B,0B / 11.6MB,35
2026-07-31 11:16:21,ouster,6.86%,119.6MiB / 30.66GiB,0.38%,0B / 0B,0B / 3.07MB,30
2026-07-31 11:16:21,openzen,2.30%,34.77MiB / 30.66GiB,0.11%,0B / 0B,0B / 2.15MB,20
2026-07-31 11:16:21,domain_bridge,0.43%,73.59MiB / 30.66GiB,0.23%,0B / 0B,111kB / 5.17MB,28
2026-07-31 11:16:21,mapir-ffmpeg,0.12%,130.3MiB / 30.66GiB,0.42%,0B / 0B,0B / 1.35MB,33
2026-07-31 11:16:21,scovox,106.23%,1010MiB / 30.66GiB,3.22%,0B / 0B,0B / 3.98MB,53
2026-07-31 11:16:21,nav2,6.98%,259MiB / 30.66GiB,0.82%,0B / 0B,53.2kB / 1.43MB,91
2026-07-31 11:16:24,trav_ros2,100.95%,385.9MiB / 30.66GiB,1.23%,0B / 0B,0B / 1.81MB,44
2026-07-31 11:16:24,docker-recorder-run-a32a177d4325,0.00%,10.31MiB / 30.66GiB,0.03%,0B / 0B,123kB / 9.45MB,1
2026-07-31 11:16:24,glim,92.85%,457.3MiB / 30.66GiB,1.46%,0B / 0B,0B / 11.6MB,35
2026-07-31 11:16:24,ouster,6.85%,120.5MiB / 30.66GiB,0.38%,0B / 0B,0B / 3.07MB,30
2026-07-31 11:16:24,openzen,2.34%,34.3MiB / 30.66GiB,0.11%,0B / 0B,0B / 2.15MB,20
2026-07-31 11:16:24,domain_bridge,1.08%,74.87MiB / 30.66GiB,0.24%,0B / 0B,111kB / 5.17MB,28
2026-07-31 11:16:24,mapir-ffmpeg,0.23%,129.6MiB / 30.66GiB,0.41%,0B / 0B,0B / 1.35MB,33
2026-07-31 11:16:24,scovox,108.53%,966.2MiB / 30.66GiB,3.08%,0B / 0B,0B / 3.98MB,53
2026-07-31 11:16:24,nav2,7.01%,258.6MiB / 30.66GiB,0.82%,0B / 0B,53.2kB / 1.43MB,91
2026-07-31 11:16:27,trav_ros2,101.48%,387.1MiB / 30.66GiB,1.23%,0B / 0B,0B / 1.81MB,44
2026-07-31 11:16:27,docker-recorder-run-a32a177d4325,0.00%,10.31MiB / 30.66GiB,0.03%,0B / 0B,123kB / 9.45MB,1
2026-07-31 11:16:27,glim,97.86%,457.1MiB / 30.66GiB,1.46%,0B / 0B,0B / 11.6MB,35
2026-07-31 11:16:27,ouster,7.07%,120.2MiB / 30.66GiB,0.38%,0B / 0B,0B / 3.07MB,30
2026-07-31 11:16:27,openzen,2.12%,34.28MiB / 30.66GiB,0.11%,0B / 0B,0B / 2.15MB,20
2026-07-31 11:16:27,domain_bridge,0.48%,74.12MiB / 30.66GiB,0.24%,0B / 0B,111kB / 5.17MB,28
2026-07-31 11:16:27,mapir-ffmpeg,0.22%,129.6MiB / 30.66GiB,0.41%,0B / 0B,0B / 1.35MB,33
2026-07-31 11:16:27,scovox,107.60%,987.3MiB / 30.66GiB,3.14%,0B / 0B,0B / 3.98MB,53
2026-07-31 11:16:27,nav2,6.93%,258.8MiB / 30.66GiB,0.82%,0B / 0B,53.2kB / 1.43MB,91
2026-07-31 11:16:30,trav_ros2,99.82%,387.8MiB / 30.66GiB,1.23%,0B / 0B,0B / 1.81MB,44
2026-07-31 11:16:30,docker-recorder-run-a32a177d4325,0.00%,10.31MiB / 30.66GiB,0.03%,0B / 0B,123kB / 9.45MB,1
2026-07-31 11:16:30,glim,94.08%,457.6MiB / 30.66GiB,1.46%,0B / 0B,0B / 11.6MB,35
2026-07-31 11:16:30,ouster,6.92%,120.4MiB / 30.66GiB,0.38%,0B / 0B,0B / 3.07MB,30
2026-07-31 11:16:30,openzen,2.04%,34.28MiB / 30.66GiB,0.11%,0B / 0B,0B / 2.15MB,20
2026-07-31 11:16:30,domain_bridge,0.18%,73.78MiB / 30.66GiB,0.23%,0B / 0B,111kB / 5.17MB,28
2026-07-31 11:16:30,mapir-ffmpeg,0.05%,129.3MiB / 30.66GiB,0.41%,0B / 0B,0B / 1.35MB,33
2026-07-31 11:16:30,scovox,105.17%,1.006GiB / 30.66GiB,3.28%,0B / 0B,0B / 3.98MB,53
2026-07-31 11:16:30,nav2,6.74%,258.7MiB / 30.66GiB,0.82%,0B / 0B,53.2kB / 1.43MB,91
2026-07-31 11:16:33,trav_ros2,101.47%,387.3MiB / 30.66GiB,1.23%,0B / 0B,0B / 1.84MB,44
2026-07-31 11:16:33,docker-recorder-run-a32a177d4325,0.00%,10.31MiB / 30.66GiB,0.03%,0B / 0B,123kB / 9.45MB,1
2026-07-31 11:16:33,glim,91.13%,458.4MiB / 30.66GiB,1.46%,0B / 0B,0B / 11.6MB,35
2026-07-31 11:16:33,ouster,6.75%,120.4MiB / 30.66GiB,0.38%,0B / 0B,0B / 3.07MB,30
2026-07-31 11:16:33,openzen,2.06%,34.28MiB / 30.66GiB,0.11%,0B / 0B,0B / 2.15MB,20
2026-07-31 11:16:33,domain_bridge,0.59%,74.44MiB / 30.66GiB,0.24%,0B / 0B,111kB / 5.17MB,28
2026-07-31 11:16:33,mapir-ffmpeg,0.08%,129.4MiB / 30.66GiB,0.41%,0B / 0B,0B / 1.35MB,33
2026-07-31 11:16:33,scovox,104.58%,1011MiB / 30.66GiB,3.22%,0B / 0B,0B / 3.98MB,53
2026-07-31 11:16:33,nav2,7.46%,258.5MiB / 30.66GiB,0.82%,0B / 0B,53.2kB / 1.43MB,91
2026-07-31 11:16:36,trav_ros2,102.05%,387.8MiB / 30.66GiB,1.24%,0B / 0B,0B / 1.84MB,44
2026-07-31 11:16:36,docker-recorder-run-a32a177d4325,0.00%,10.31MiB / 30.66GiB,0.03%,0B / 0B,123kB / 9.45MB,1
2026-07-31 11:16:36,glim,96.51%,463.8MiB / 30.66GiB,1.48%,0B / 0B,0B / 11.6MB,35
2026-07-31 11:16:36,ouster,7.00%,120.1MiB / 30.66GiB,0.38%,0B / 0B,0B / 3.07MB,30
2026-07-31 11:16:36,openzen,2.23%,34.77MiB / 30.66GiB,0.11%,0B / 0B,0B / 2.15MB,20
2026-07-31 11:16:36,domain_bridge,0.29%,73.91MiB / 30.66GiB,0.24%,0B / 0B,111kB / 5.17MB,28
2026-07-31 11:16:36,mapir-ffmpeg,0.21%,129.6MiB / 30.66GiB,0.41%,0B / 0B,0B / 1.35MB,33
2026-07-31 11:16:36,scovox,108.67%,974.3MiB / 30.66GiB,3.10%,0B / 0B,0B / 3.98MB,53
2026-07-31 11:16:36,nav2,7.25%,258.8MiB / 30.66GiB,0.82%,0B / 0B,53.2kB / 1.43MB,91
2026-07-31 11:16:39,trav_ros2,101.99%,387.6MiB / 30.66GiB,1.23%,0B / 0B,0B / 1.84MB,44
2026-07-31 11:16:39,docker-recorder-run-a32a177d4325,0.00%,10.31MiB / 30.66GiB,0.03%,0B / 0B,123kB / 9.45MB,1
2026-07-31 11:16:39,glim,96.75%,463.7MiB / 30.66GiB,1.48%,0B / 0B,0B / 11.6MB,35
2026-07-31 11:16:39,ouster,6.99%,119.7MiB / 30.66GiB,0.38%,0B / 0B,0B / 3.07MB,30
2026-07-31 11:16:39,openzen,2.45%,34.28MiB / 30.66GiB,0.11%,0B / 0B,0B / 2.15MB,20
2026-07-31 11:16:39,domain_bridge,0.43%,73.93MiB / 30.66GiB,0.24%,0B / 0B,111kB / 5.17MB,28
2026-07-31 11:16:39,mapir-ffmpeg,0.22%,129.1MiB / 30.66GiB,0.41%,0B / 0B,0B / 1.35MB,33
2026-07-31 11:16:39,scovox,109.01%,990.4MiB / 30.66GiB,3.15%,0B / 0B,0B / 3.98MB,53
2026-07-31 11:16:39,nav2,7.39%,259.1MiB / 30.66GiB,0.83%,0B / 0B,53.2kB / 1.43MB,91
2026-07-31 11:16:42,trav_ros2,101.98%,387.9MiB / 30.66GiB,1.24%,0B / 0B,0B / 1.84MB,44
2026-07-31 11:16:42,docker-recorder-run-a32a177d4325,0.00%,10.31MiB / 30.66GiB,0.03%,0B / 0B,123kB / 9.45MB,1
2026-07-31 11:16:42,glim,90.83%,464.5MiB / 30.66GiB,1.48%,0B / 0B,0B / 11.6MB,35
2026-07-31 11:16:42,ouster,6.99%,119.9MiB / 30.66GiB,0.38%,0B / 0B,0B / 3.07MB,30
2026-07-31 11:16:42,openzen,2.27%,34.28MiB / 30.66GiB,0.11%,0B / 0B,0B / 2.15MB,20
2026-07-31 11:16:42,domain_bridge,0.61%,72.98MiB / 30.66GiB,0.23%,0B / 0B,111kB / 5.17MB,28
2026-07-31 11:16:42,mapir-ffmpeg,0.30%,130.3MiB / 30.66GiB,0.42%,0B / 0B,0B / 1.36MB,33
2026-07-31 11:16:42,scovox,108.03%,972.2MiB / 30.66GiB,3.10%,0B / 0B,0B / 3.98MB,53
2026-07-31 11:16:42,nav2,7.55%,260.8MiB / 30.66GiB,0.83%,0B / 0B,53.2kB / 1.43MB,91
2026-07-31 11:16:45,trav_ros2,101.66%,456.1MiB / 30.66GiB,1.45%,0B / 0B,0B / 1.84MB,44
2026-07-31 11:16:45,docker-recorder-run-a32a177d4325,0.00%,10.31MiB / 30.66GiB,0.03%,0B / 0B,123kB / 9.45MB,1
2026-07-31 11:16:45,glim,92.82%,463.6MiB / 30.66GiB,1.48%,0B / 0B,0B / 11.6MB,35
2026-07-31 11:16:45,ouster,6.83%,120.1MiB / 30.66GiB,0.38%,0B / 0B,0B / 3.07MB,30
2026-07-31 11:16:45,openzen,2.19%,34.53MiB / 30.66GiB,0.11%,0B / 0B,0B / 2.15MB,20
2026-07-31 11:16:45,domain_bridge,2.73%,74.12MiB / 30.66GiB,0.24%,0B / 0B,111kB / 5.17MB,28
2026-07-31 11:16:45,mapir-ffmpeg,0.08%,129.6MiB / 30.66GiB,0.41%,0B / 0B,0B / 1.36MB,33
2026-07-31 11:16:45,scovox,104.99%,986.4MiB / 30.66GiB,3.14%,0B / 0B,0B / 4.01MB,53
2026-07-31 11:16:45,nav2,6.89%,259.2MiB / 30.66GiB,0.83%,0B / 0B,53.2kB / 1.43MB,91
2026-07-31 11:16:48,trav_ros2,101.10%,387.4MiB / 30.66GiB,1.23%,0B / 0B,0B / 1.84MB,44
2026-07-31 11:16:48,docker-recorder-run-a32a177d4325,0.00%,10.31MiB / 30.66GiB,0.03%,0B / 0B,123kB / 9.45MB,1
2026-07-31 11:16:48,glim,94.06%,463.5MiB / 30.66GiB,1.48%,0B / 0B,0B / 11.6MB,35
2026-07-31 11:16:48,ouster,7.00%,119.8MiB / 30.66GiB,0.38%,0B / 0B,0B / 3.07MB,30
2026-07-31 11:16:48,openzen,2.27%,34.58MiB / 30.66GiB,0.11%,0B / 0B,0B / 2.15MB,20
2026-07-31 11:16:48,domain_bridge,1.53%,74.73MiB / 30.66GiB,0.24%,0B / 0B,111kB / 5.17MB,28
2026-07-31 11:16:48,mapir-ffmpeg,0.16%,130MiB / 30.66GiB,0.41%,0B / 0B,0B / 1.36MB,33
2026-07-31 11:16:48,scovox,110.17%,987.1MiB / 30.66GiB,3.14%,0B / 0B,0B / 4.01MB,53
2026-07-31 11:16:48,nav2,6.79%,259.4MiB / 30.66GiB,0.83%,0B / 0B,53.2kB / 1.44MB,91
2026-07-31 11:16:51,trav_ros2,101.14%,387.1MiB / 30.66GiB,1.23%,0B / 0B,0B / 1.84MB,44
2026-07-31 11:16:51,docker-recorder-run-a32a177d4325,0.00%,10.31MiB / 30.66GiB,0.03%,0B / 0B,123kB / 9.45MB,1
2026-07-31 11:16:51,glim,97.00%,463.8MiB / 30.66GiB,1.48%,0B / 0B,0B / 11.6MB,35
2026-07-31 11:16:51,ouster,7.33%,120MiB / 30.66GiB,0.38%,0B / 0B,0B / 3.07MB,30
2026-07-31 11:16:51,openzen,2.15%,34.53MiB / 30.66GiB,0.11%,0B / 0B,0B / 2.15MB,20
2026-07-31 11:16:51,domain_bridge,0.51%,73.73MiB / 30.66GiB,0.23%,0B / 0B,111kB / 5.17MB,28
2026-07-31 11:16:51,mapir-ffmpeg,0.25%,130.3MiB / 30.66GiB,0.42%,0B / 0B,0B / 1.36MB,33
2026-07-31 11:16:51,scovox,106.00%,991.4MiB / 30.66GiB,3.16%,0B / 0B,0B / 4.01MB,53
2026-07-31 11:16:51,nav2,7.17%,259.8MiB / 30.66GiB,0.83%,0B / 0B,53.2kB / 1.44MB,91
2026-07-31 11:16:54,trav_ros2,100.13%,388MiB / 30.66GiB,1.24%,0B / 0B,0B / 1.84MB,44
2026-07-31 11:16:54,docker-recorder-run-a32a177d4325,0.00%,10.31MiB / 30.66GiB,0.03%,0B / 0B,123kB / 9.45MB,1
2026-07-31 11:16:54,glim,92.46%,464.5MiB / 30.66GiB,1.48%,0B / 0B,0B / 11.6MB,35
2026-07-31 11:16:54,ouster,6.72%,119.9MiB / 30.66GiB,0.38%,0B / 0B,0B / 3.07MB,30
2026-07-31 11:16:54,openzen,2.17%,34.28MiB / 30.66GiB,0.11%,0B / 0B,0B / 2.15MB,20
2026-07-31 11:16:54,domain_bridge,0.72%,73.55MiB / 30.66GiB,0.23%,0B / 0B,111kB / 5.17MB,28
2026-07-31 11:16:54,mapir-ffmpeg,0.04%,129.6MiB / 30.66GiB,0.41%,0B / 0B,0B / 1.36MB,33
2026-07-31 11:16:54,scovox,108.11%,988.5MiB / 30.66GiB,3.15%,0B / 0B,0B / 4.01MB,53
2026-07-31 11:16:54,nav2,6.67%,259.3MiB / 30.66GiB,0.83%,0B / 0B,53.2kB / 1.44MB,91
2026-07-31 11:16:58,trav_ros2,101.37%,384.9MiB / 30.66GiB,1.23%,0B / 0B,0B / 1.84MB,44
2026-07-31 11:16:58,docker-recorder-run-a32a177d4325,0.00%,10.3MiB / 30.66GiB,0.03%,0B / 0B,123kB / 9.45MB,1
2026-07-31 11:16:58,glim,93.21%,463.1MiB / 30.66GiB,1.47%,0B / 0B,0B / 11.6MB,35
2026-07-31 11:16:58,ouster,7.06%,120.1MiB / 30.66GiB,0.38%,0B / 0B,0B / 3.07MB,30
2026-07-31 11:16:58,openzen,2.27%,34.54MiB / 30.66GiB,0.11%,0B / 0B,0B / 2.15MB,20
2026-07-31 11:16:58,domain_bridge,0.78%,74.24MiB / 30.66GiB,0.24%,0B / 0B,111kB / 5.17MB,28
2026-07-31 11:16:58,mapir-ffmpeg,0.40%,129.3MiB / 30.66GiB,0.41%,0B / 0B,0B / 1.36MB,33
2026-07-31 11:16:58,scovox,105.83%,1019MiB / 30.66GiB,3.24%,0B / 0B,0B / 4.01MB,53
2026-07-31 11:16:58,nav2,7.59%,260.5MiB / 30.66GiB,0.83%,0B / 0B,53.2kB / 1.44MB,91
2026-07-31 11:17:01,trav_ros2,98.43%,386.5MiB / 30.66GiB,1.23%,0B / 0B,0B / 1.84MB,44
2026-07-31 11:17:01,docker-recorder-run-a32a177d4325,0.00%,10.3MiB / 30.66GiB,0.03%,0B / 0B,123kB / 9.45MB,1
2026-07-31 11:17:01,glim,96.56%,447.3MiB / 30.66GiB,1.42%,0B / 0B,0B / 11.6MB,35
2026-07-31 11:17:01,ouster,6.60%,120MiB / 30.66GiB,0.38%,0B / 0B,0B / 3.07MB,30
2026-07-31 11:17:01,openzen,2.07%,34.53MiB / 30.66GiB,0.11%,0B / 0B,0B / 2.15MB,20
2026-07-31 11:17:01,domain_bridge,0.40%,73.9MiB / 30.66GiB,0.24%,0B / 0B,111kB / 5.17MB,28
2026-07-31 11:17:01,mapir-ffmpeg,0.08%,129.3MiB / 30.66GiB,0.41%,0B / 0B,0B / 1.36MB,33
2026-07-31 11:17:01,scovox,103.41%,1011MiB / 30.66GiB,3.22%,0B / 0B,0B / 4.01MB,53
2026-07-31 11:17:01,nav2,6.83%,258.9MiB / 30.66GiB,0.82%,0B / 0B,53.2kB / 1.44MB,91
2026-07-31 11:17:04,trav_ros2,100.16%,389.4MiB / 30.66GiB,1.24%,0B / 0B,0B / 1.84MB,44
2026-07-31 11:17:04,docker-recorder-run-a32a177d4325,0.00%,10.3MiB / 30.66GiB,0.03%,0B / 0B,123kB / 9.45MB,1
2026-07-31 11:17:04,glim,93.43%,447.7MiB / 30.66GiB,1.43%,0B / 0B,0B / 11.6MB,35
2026-07-31 11:17:04,ouster,7.07%,120.2MiB / 30.66GiB,0.38%,0B / 0B,0B / 3.07MB,30
2026-07-31 11:17:04,openzen,2.47%,35.01MiB / 30.66GiB,0.11%,0B / 0B,0B / 2.15MB,20
2026-07-31 11:17:04,domain_bridge,1.56%,75.12MiB / 30.66GiB,0.24%,0B / 0B,111kB / 5.17MB,28
2026-07-31 11:17:04,mapir-ffmpeg,0.41%,130MiB / 30.66GiB,0.41%,0B / 0B,0B / 1.36MB,33
2026-07-31 11:17:04,scovox,105.27%,996.3MiB / 30.66GiB,3.17%,0B / 0B,0B / 4.01MB,53
2026-07-31 11:17:04,nav2,7.45%,259.7MiB / 30.66GiB,0.83%,0B / 0B,53.2kB / 1.44MB,91
2026-07-31 11:17:07,trav_ros2,99.33%,390.2MiB / 30.66GiB,1.24%,0B / 0B,0B / 1.85MB,44
2026-07-31 11:17:07,docker-recorder-run-a32a177d4325,0.00%,10.3MiB / 30.66GiB,0.03%,0B / 0B,123kB / 9.45MB,1
2026-07-31 11:17:07,glim,92.68%,455.1MiB / 30.66GiB,1.45%,0B / 0B,0B / 11.6MB,35
2026-07-31 11:17:07,ouster,7.01%,120.7MiB / 30.66GiB,0.38%,0B / 0B,0B / 3.07MB,30
2026-07-31 11:17:07,openzen,2.18%,35.01MiB / 30.66GiB,0.11%,0B / 0B,0B / 2.15MB,20
2026-07-31 11:17:07,domain_bridge,0.38%,73.75MiB / 30.66GiB,0.23%,0B / 0B,111kB / 5.17MB,28
2026-07-31 11:17:07,mapir-ffmpeg,0.27%,129.1MiB / 30.66GiB,0.41%,0B / 0B,0B / 1.36MB,33
2026-07-31 11:17:07,scovox,105.21%,1012MiB / 30.66GiB,3.22%,0B / 0B,0B / 4.01MB,53
2026-07-31 11:17:07,nav2,6.44%,259.7MiB / 30.66GiB,0.83%,0B / 0B,53.2kB / 1.44MB,91
2026-07-31 11:17:10,trav_ros2,98.58%,386.2MiB / 30.66GiB,1.23%,0B / 0B,0B / 1.85MB,44
2026-07-31 11:17:10,docker-recorder-run-a32a177d4325,0.00%,10.3MiB / 30.66GiB,0.03%,0B / 0B,123kB / 9.45MB,1
2026-07-31 11:17:10,glim,90.57%,458.6MiB / 30.66GiB,1.46%,0B / 0B,0B / 11.6MB,35
2026-07-31 11:17:10,ouster,6.54%,120.3MiB / 30.66GiB,0.38%,0B / 0B,0B / 3.07MB,30
2026-07-31 11:17:10,openzen,2.14%,34.52MiB / 30.66GiB,0.11%,0B / 0B,0B / 2.15MB,20
2026-07-31 11:17:10,domain_bridge,0.37%,74.05MiB / 30.66GiB,0.24%,0B / 0B,111kB / 5.17MB,28
2026-07-31 11:17:10,mapir-ffmpeg,0.05%,129.4MiB / 30.66GiB,0.41%,0B / 0B,0B / 1.36MB,33
2026-07-31 11:17:10,scovox,103.72%,973.1MiB / 30.66GiB,3.10%,0B / 0B,0B / 4.01MB,53
2026-07-31 11:17:10,nav2,6.84%,259MiB / 30.66GiB,0.82%,0B / 0B,53.2kB / 1.44MB,91
2026-07-31 11:17:13,trav_ros2,101.27%,388.2MiB / 30.66GiB,1.24%,0B / 0B,0B / 1.85MB,44
2026-07-31 11:17:13,docker-recorder-run-a32a177d4325,0.00%,10.3MiB / 30.66GiB,0.03%,0B / 0B,123kB / 9.45MB,1
2026-07-31 11:17:13,glim,94.81%,458.1MiB / 30.66GiB,1.46%,0B / 0B,0B / 11.6MB,35
2026-07-31 11:17:13,ouster,6.98%,120.9MiB / 30.66GiB,0.38%,0B / 0B,0B / 3.07MB,30
2026-07-31 11:17:13,openzen,2.11%,35.06MiB / 30.66GiB,0.11%,0B / 0B,0B / 2.15MB,20
2026-07-31 11:17:13,domain_bridge,0.72%,74MiB / 30.66GiB,0.24%,0B / 0B,111kB / 5.17MB,28
2026-07-31 11:17:13,mapir-ffmpeg,0.09%,129.6MiB / 30.66GiB,0.41%,0B / 0B,0B / 1.36MB,33
2026-07-31 11:17:13,scovox,106.94%,1011MiB / 30.66GiB,3.22%,0B / 0B,0B / 4.01MB,53
2026-07-31 11:17:13,nav2,6.20%,259.9MiB / 30.66GiB,0.83%,0B / 0B,53.2kB / 1.44MB,91
2026-07-31 11:17:16,trav_ros2,98.74%,387.2MiB / 30.66GiB,1.23%,0B / 0B,0B / 1.85MB,44
2026-07-31 11:17:16,docker-recorder-run-a32a177d4325,0.00%,10.3MiB / 30.66GiB,0.03%,0B / 0B,123kB / 9.45MB,1
2026-07-31 11:17:16,glim,90.90%,457.8MiB / 30.66GiB,1.46%,0B / 0B,0B / 11.6MB,35
2026-07-31 11:17:16,ouster,6.72%,119.9MiB / 30.66GiB,0.38%,0B / 0B,0B / 3.07MB,30
2026-07-31 11:17:16,openzen,2.21%,34.52MiB / 30.66GiB,0.11%,0B / 0B,0B / 2.15MB,20
2026-07-31 11:17:16,domain_bridge,1.25%,73.59MiB / 30.66GiB,0.23%,0B / 0B,111kB / 5.17MB,28
2026-07-31 11:17:16,mapir-ffmpeg,0.21%,129.9MiB / 30.66GiB,0.41%,0B / 0B,0B / 1.36MB,33
2026-07-31 11:17:16,scovox,106.91%,1.007GiB / 30.66GiB,3.29%,0B / 0B,0B / 4.01MB,53
2026-07-31 11:17:16,nav2,6.85%,259.8MiB / 30.66GiB,0.83%,0B / 0B,53.2kB / 1.44MB,91
2026-07-31 11:17:19,trav_ros2,101.02%,387.3MiB / 30.66GiB,1.23%,0B / 0B,0B / 1.85MB,44
2026-07-31 11:17:19,docker-recorder-run-a32a177d4325,0.00%,10.3MiB / 30.66GiB,0.03%,0B / 0B,123kB / 9.45MB,1
2026-07-31 11:17:19,glim,89.58%,461MiB / 30.66GiB,1.47%,0B / 0B,0B / 11.6MB,35
2026-07-31 11:17:19,ouster,6.82%,120MiB / 30.66GiB,0.38%,0B / 0B,0B / 3.07MB,30
2026-07-31 11:17:19,openzen,2.30%,34.28MiB / 30.66GiB,0.11%,0B / 0B,0B / 2.15MB,20
2026-07-31 11:17:19,domain_bridge,1.27%,73.61MiB / 30.66GiB,0.23%,0B / 0B,111kB / 5.17MB,28
2026-07-31 11:17:19,mapir-ffmpeg,0.21%,129.6MiB / 30.66GiB,0.41%,0B / 0B,0B / 1.36MB,33
2026-07-31 11:17:19,scovox,104.51%,1011MiB / 30.66GiB,3.22%,0B / 0B,0B / 4.04MB,53
2026-07-31 11:17:19,nav2,7.35%,259.7MiB / 30.66GiB,0.83%,0B / 0B,53.2kB / 1.44MB,91
2026-07-31 11:17:22,trav_ros2,99.68%,388.6MiB / 30.66GiB,1.24%,0B / 0B,0B / 1.85MB,44
2026-07-31 11:17:22,docker-recorder-run-a32a177d4325,0.00%,10.3MiB / 30.66GiB,0.03%,0B / 0B,123kB / 9.45MB,1
2026-07-31 11:17:22,glim,88.77%,460.8MiB / 30.66GiB,1.47%,0B / 0B,0B / 11.6MB,35
2026-07-31 11:17:22,ouster,7.07%,120.5MiB / 30.66GiB,0.38%,0B / 0B,0B / 3.07MB,30
2026-07-31 11:17:22,openzen,2.24%,34.3MiB / 30.66GiB,0.11%,0B / 0B,0B / 2.15MB,20
2026-07-31 11:17:22,domain_bridge,0.74%,73.79MiB / 30.66GiB,0.23%,0B / 0B,111kB / 5.17MB,28
2026-07-31 11:17:22,mapir-ffmpeg,0.43%,129.8MiB / 30.66GiB,0.41%,0B / 0B,0B / 1.36MB,33
2026-07-31 11:17:22,scovox,105.64%,973.8MiB / 30.66GiB,3.10%,0B / 0B,0B / 4.04MB,53
2026-07-31 11:17:22,nav2,7.21%,261.5MiB / 30.66GiB,0.83%,0B / 0B,53.2kB / 1.46MB,91
2026-07-31 11:17:25,trav_ros2,99.57%,387.9MiB / 30.66GiB,1.24%,0B / 0B,0B / 1.85MB,44
2026-07-31 11:17:25,docker-recorder-run-a32a177d4325,0.00%,10.3MiB / 30.66GiB,0.03%,0B / 0B,123kB / 9.45MB,1
2026-07-31 11:17:25,glim,92.58%,468.8MiB / 30.66GiB,1.49%,0B / 0B,0B / 11.6MB,35
2026-07-31 11:17:25,ouster,6.71%,119.7MiB / 30.66GiB,0.38%,0B / 0B,0B / 3.07MB,30
2026-07-31 11:17:25,openzen,2.07%,34.78MiB / 30.66GiB,0.11%,0B / 0B,0B / 2.15MB,20
2026-07-31 11:17:25,domain_bridge,0.36%,74.11MiB / 30.66GiB,0.24%,0B / 0B,111kB / 5.17MB,28
2026-07-31 11:17:25,mapir-ffmpeg,0.08%,129.4MiB / 30.66GiB,0.41%,0B / 0B,0B / 1.36MB,33
2026-07-31 11:17:25,scovox,102.72%,1010MiB / 30.66GiB,3.22%,0B / 0B,0B / 4.04MB,53
2026-07-31 11:17:25,nav2,6.93%,259.8MiB / 30.66GiB,0.83%,0B / 0B,53.2kB / 1.46MB,91
2026-07-31 11:17:28,trav_ros2,97.99%,386.8MiB / 30.66GiB,1.23%,0B / 0B,0B / 1.85MB,44
2026-07-31 11:17:28,docker-recorder-run-a32a177d4325,0.00%,10.3MiB / 30.66GiB,0.03%,0B / 0B,123kB / 9.45MB,1
2026-07-31 11:17:28,glim,94.55%,467.8MiB / 30.66GiB,1.49%,0B / 0B,0B / 11.6MB,35
2026-07-31 11:17:28,ouster,6.58%,120.1MiB / 30.66GiB,0.38%,0B / 0B,0B / 3.07MB,30
2026-07-31 11:17:28,openzen,2.13%,34.29MiB / 30.66GiB,0.11%,0B / 0B,0B / 2.15MB,20
2026-07-31 11:17:28,domain_bridge,1.41%,74.77MiB / 30.66GiB,0.24%,0B / 0B,111kB / 5.17MB,28
2026-07-31 11:17:28,mapir-ffmpeg,0.10%,129.6MiB / 30.66GiB,0.41%,0B / 0B,0B / 1.36MB,33
2026-07-31 11:17:28,scovox,102.81%,976.6MiB / 30.66GiB,3.11%,0B / 0B,0B / 4.04MB,53
2026-07-31 11:17:28,nav2,6.98%,259.1MiB / 30.66GiB,0.83%,0B / 0B,53.2kB / 1.46MB,91
2026-07-31 11:17:31,trav_ros2,100.17%,388.3MiB / 30.66GiB,1.24%,0B / 0B,0B / 1.85MB,44
2026-07-31 11:17:31,docker-recorder-run-a32a177d4325,0.00%,10.3MiB / 30.66GiB,0.03%,0B / 0B,123kB / 9.45MB,1
2026-07-31 11:17:31,glim,90.06%,465MiB / 30.66GiB,1.48%,0B / 0B,0B / 11.6MB,35
2026-07-31 11:17:31,ouster,7.01%,120.1MiB / 30.66GiB,0.38%,0B / 0B,0B / 3.07MB,30
2026-07-31 11:17:31,openzen,2.13%,34.52MiB / 30.66GiB,0.11%,0B / 0B,0B / 2.15MB,20
2026-07-31 11:17:31,domain_bridge,0.74%,74.34MiB / 30.66GiB,0.24%,0B / 0B,111kB / 5.17MB,28
2026-07-31 11:17:31,mapir-ffmpeg,0.35%,129.9MiB / 30.66GiB,0.41%,0B / 0B,0B / 1.36MB,33
2026-07-31 11:17:31,scovox,105.02%,999.7MiB / 30.66GiB,3.18%,0B / 0B,0B / 4.04MB,53
2026-07-31 11:17:31,nav2,7.05%,259.8MiB / 30.66GiB,0.83%,0B / 0B,53.2kB / 1.46MB,91
2026-07-31 11:17:34,trav_ros2,101.32%,386.7MiB / 30.66GiB,1.23%,0B / 0B,0B / 1.87MB,44
2026-07-31 11:17:34,docker-recorder-run-a32a177d4325,0.00%,10.3MiB / 30.66GiB,0.03%,0B / 0B,123kB / 9.45MB,1
2026-07-31 11:17:34,glim,91.19%,460.8MiB / 30.66GiB,1.47%,0B / 0B,0B / 11.6MB,35
2026-07-31 11:17:34,ouster,6.69%,120.2MiB / 30.66GiB,0.38%,0B / 0B,0B / 3.07MB,30
2026-07-31 11:17:34,openzen,2.19%,34.52MiB / 30.66GiB,0.11%,0B / 0B,0B / 2.15MB,20
2026-07-31 11:17:34,domain_bridge,0.28%,74.22MiB / 30.66GiB,0.24%,0B / 0B,111kB / 5.17MB,28
2026-07-31 11:17:34,mapir-ffmpeg,0.04%,130.1MiB / 30.66GiB,0.41%,0B / 0B,0B / 1.36MB,33
2026-07-31 11:17:34,scovox,109.91%,991.4MiB / 30.66GiB,3.16%,0B / 0B,0B / 4.04MB,53
2026-07-31 11:17:34,nav2,7.13%,259.2MiB / 30.66GiB,0.83%,0B / 0B,53.2kB / 1.46MB,91
2026-07-31 11:17:38,trav_ros2,98.82%,388.7MiB / 30.66GiB,1.24%,0B / 0B,0B / 1.87MB,44
2026-07-31 11:17:38,docker-recorder-run-a32a177d4325,0.00%,10.3MiB / 30.66GiB,0.03%,0B / 0B,123kB / 9.45MB,1
2026-07-31 11:17:38,glim,90.08%,445MiB / 30.66GiB,1.42%,0B / 0B,0B / 11.6MB,35
2026-07-31 11:17:38,ouster,6.88%,119.6MiB / 30.66GiB,0.38%,0B / 0B,0B / 3.07MB,30
2026-07-31 11:17:38,openzen,2.05%,34.54MiB / 30.66GiB,0.11%,0B / 0B,0B / 2.15MB,20
2026-07-31 11:17:38,domain_bridge,0.85%,73.46MiB / 30.66GiB,0.23%,0B / 0B,111kB / 5.17MB,28
2026-07-31 11:17:38,mapir-ffmpeg,0.40%,129.6MiB / 30.66GiB,0.41%,0B / 0B,0B / 1.36MB,33
2026-07-31 11:17:38,scovox,103.37%,1021MiB / 30.66GiB,3.25%,0B / 0B,0B / 4.04MB,53
2026-07-31 11:17:38,nav2,6.89%,258.9MiB / 30.66GiB,0.82%,0B / 0B,53.2kB / 1.46MB,91
2026-07-31 11:17:41,trav_ros2,99.43%,387.4MiB / 30.66GiB,1.23%,0B / 0B,0B / 1.87MB,44
2026-07-31 11:17:41,docker-recorder-run-a32a177d4325,0.00%,10.3MiB / 30.66GiB,0.03%,0B / 0B,123kB / 9.45MB,1
2026-07-31 11:17:41,glim,92.31%,448MiB / 30.66GiB,1.43%,0B / 0B,0B / 11.6MB,35
2026-07-31 11:17:41,ouster,6.74%,120.1MiB / 30.66GiB,0.38%,0B / 0B,0B / 3.07MB,30
2026-07-31 11:17:41,openzen,2.25%,34.28MiB / 30.66GiB,0.11%,0B / 0B,0B / 2.15MB,20
2026-07-31 11:17:41,domain_bridge,0.42%,73.6MiB / 30.66GiB,0.23%,0B / 0B,111kB / 5.17MB,28
2026-07-31 11:17:41,mapir-ffmpeg,0.07%,129.8MiB / 30.66GiB,0.41%,0B / 0B,0B / 1.36MB,33
2026-07-31 11:17:41,scovox,104.18%,1014MiB / 30.66GiB,3.23%,0B / 0B,0B / 4.04MB,53
2026-07-31 11:17:41,nav2,6.02%,259.5MiB / 30.66GiB,0.83%,0B / 0B,53.2kB / 1.46MB,91
2026-07-31 11:17:44,trav_ros2,99.45%,388.1MiB / 30.66GiB,1.24%,0B / 0B,0B / 1.87MB,44
2026-07-31 11:17:44,docker-recorder-run-a32a177d4325,0.00%,10.3MiB / 30.66GiB,0.03%,0B / 0B,123kB / 9.45MB,1
2026-07-31 11:17:44,glim,92.92%,447.8MiB / 30.66GiB,1.43%,0B / 0B,0B / 11.6MB,35
2026-07-31 11:17:44,ouster,7.37%,119.6MiB / 30.66GiB,0.38%,0B / 0B,0B / 3.07MB,30
2026-07-31 11:17:44,openzen,2.21%,34.8MiB / 30.66GiB,0.11%,0B / 0B,0B / 2.15MB,20
2026-07-31 11:17:44,domain_bridge,1.32%,73.95MiB / 30.66GiB,0.24%,0B / 0B,111kB / 5.17MB,28
2026-07-31 11:17:44,mapir-ffmpeg,0.31%,129.1MiB / 30.66GiB,0.41%,0B / 0B,0B / 1.36MB,33
2026-07-31 11:17:44,scovox,107.64%,1.042GiB / 30.66GiB,3.40%,0B / 0B,0B / 4.04MB,53
2026-07-31 11:17:44,nav2,7.09%,259MiB / 30.66GiB,0.82%,0B / 0B,53.2kB / 1.46MB,91
2026-07-31 11:17:47,trav_ros2,100.63%,388.1MiB / 30.66GiB,1.24%,0B / 0B,0B / 1.87MB,44
2026-07-31 11:17:47,docker-recorder-run-a32a177d4325,0.00%,10.3MiB / 30.66GiB,0.03%,0B / 0B,123kB / 9.45MB,1
2026-07-31 11:17:47,glim,90.40%,449.3MiB / 30.66GiB,1.43%,0B / 0B,0B / 11.6MB,35
2026-07-31 11:17:47,ouster,6.97%,120MiB / 30.66GiB,0.38%,0B / 0B,0B / 3.07MB,30
2026-07-31 11:17:47,openzen,2.16%,34.29MiB / 30.66GiB,0.11%,0B / 0B,0B / 2.15MB,20
2026-07-31 11:17:47,domain_bridge,0.37%,73.38MiB / 30.66GiB,0.23%,0B / 0B,111kB / 5.17MB,28
2026-07-31 11:17:47,mapir-ffmpeg,0.23%,130.2MiB / 30.66GiB,0.41%,0B / 0B,0B / 1.36MB,33
2026-07-31 11:17:47,scovox,104.07%,1015MiB / 30.66GiB,3.23%,0B / 0B,0B / 4.04MB,53
2026-07-31 11:17:47,nav2,6.95%,259.4MiB / 30.66GiB,0.83%,0B / 0B,53.2kB / 1.46MB,91
2026-07-31 11:17:50,trav_ros2,98.38%,387.4MiB / 30.66GiB,1.23%,0B / 0B,0B / 1.87MB,44
2026-07-31 11:17:50,docker-recorder-run-a32a177d4325,0.00%,10.3MiB / 30.66GiB,0.03%,0B / 0B,123kB / 9.45MB,1
2026-07-31 11:17:50,glim,86.58%,453.8MiB / 30.66GiB,1.45%,0B / 0B,0B / 11.6MB,35
2026-07-31 11:17:50,ouster,6.44%,119.9MiB / 30.66GiB,0.38%,0B / 0B,0B / 3.07MB,30
2026-07-31 11:17:50,openzen,2.04%,34.04MiB / 30.66GiB,0.11%,0B / 0B,0B / 2.15MB,20
2026-07-31 11:17:50,domain_bridge,0.52%,74.54MiB / 30.66GiB,0.24%,0B / 0B,111kB / 5.17MB,28
2026-07-31 11:17:50,mapir-ffmpeg,0.05%,129.3MiB / 30.66GiB,0.41%,0B / 0B,0B / 1.36MB,33
2026-07-31 11:17:50,scovox,103.97%,975.6MiB / 30.66GiB,3.11%,0B / 0B,0B / 4.04MB,53
2026-07-31 11:17:50,nav2,6.13%,259.1MiB / 30.66GiB,0.83%,0B / 0B,53.2kB / 1.46MB,91
2026-07-31 11:17:53,trav_ros2,98.79%,388MiB / 30.66GiB,1.24%,0B / 0B,0B / 1.87MB,44
2026-07-31 11:17:53,docker-recorder-run-a32a177d4325,0.00%,10.3MiB / 30.66GiB,0.03%,0B / 0B,123kB / 9.45MB,1
2026-07-31 11:17:53,glim,88.12%,453.1MiB / 30.66GiB,1.44%,0B / 0B,0B / 11.6MB,35
2026-07-31 11:17:53,ouster,6.67%,120.1MiB / 30.66GiB,0.38%,0B / 0B,0B / 3.07MB,30
2026-07-31 11:17:53,openzen,2.07%,34.27MiB / 30.66GiB,0.11%,0B / 0B,0B / 2.15MB,20
2026-07-31 11:17:53,domain_bridge,0.49%,73.66MiB / 30.66GiB,0.23%,0B / 0B,111kB / 5.17MB,28
2026-07-31 11:17:53,mapir-ffmpeg,0.08%,129.3MiB / 30.66GiB,0.41%,0B / 0B,0B / 1.37MB,33
2026-07-31 11:17:53,scovox,107.11%,992.1MiB / 30.66GiB,3.16%,0B / 0B,0B / 4.04MB,53
2026-07-31 11:17:53,nav2,6.77%,259.1MiB / 30.66GiB,0.83%,0B / 0B,53.2kB / 1.46MB,91
2026-07-31 11:17:56,trav_ros2,98.81%,382.4MiB / 30.66GiB,1.22%,0B / 0B,0B / 1.87MB,44
2026-07-31 11:17:56,docker-recorder-run-a32a177d4325,0.00%,10.3MiB / 30.66GiB,0.03%,0B / 0B,123kB / 9.45MB,1
2026-07-31 11:17:56,glim,95.21%,460.8MiB / 30.66GiB,1.47%,0B / 0B,0B / 11.6MB,35
2026-07-31 11:17:56,ouster,6.76%,120MiB / 30.66GiB,0.38%,0B / 0B,0B / 3.07MB,30
2026-07-31 11:17:56,openzen,2.16%,34.27MiB / 30.66GiB,0.11%,0B / 0B,0B / 2.15MB,20
2026-07-31 11:17:56,domain_bridge,0.85%,73.88MiB / 30.66GiB,0.24%,0B / 0B,111kB / 5.17MB,28
2026-07-31 11:17:56,mapir-ffmpeg,0.20%,130.1MiB / 30.66GiB,0.41%,0B / 0B,0B / 1.37MB,33
2026-07-31 11:17:56,scovox,109.41%,976.4MiB / 30.66GiB,3.11%,0B / 0B,0B / 4.08MB,53
2026-07-31 11:17:56,nav2,7.01%,258.9MiB / 30.66GiB,0.82%,0B / 0B,53.2kB / 1.46MB,91
2026-07-31 11:17:59,trav_ros2,100.36%,388.4MiB / 30.66GiB,1.24%,0B / 0B,0B / 1.87MB,44
2026-07-31 11:17:59,docker-recorder-run-a32a177d4325,0.00%,10.3MiB / 30.66GiB,0.03%,0B / 0B,123kB / 9.45MB,1
2026-07-31 11:17:59,glim,90.03%,460.4MiB / 30.66GiB,1.47%,0B / 0B,0B / 11.6MB,35
2026-07-31 11:17:59,ouster,7.08%,120.2MiB / 30.66GiB,0.38%,0B / 0B,0B / 3.07MB,30
2026-07-31 11:17:59,openzen,2.41%,34.75MiB / 30.66GiB,0.11%,0B / 0B,0B / 2.15MB,20
2026-07-31 11:17:59,domain_bridge,0.77%,73.54MiB / 30.66GiB,0.23%,0B / 0B,111kB / 5.17MB,28
2026-07-31 11:17:59,mapir-ffmpeg,0.25%,129.6MiB / 30.66GiB,0.41%,0B / 0B,0B / 1.37MB,33
2026-07-31 11:17:59,scovox,109.43%,990.8MiB / 30.66GiB,3.16%,0B / 0B,0B / 4.08MB,53
2026-07-31 11:17:59,nav2,6.58%,258.9MiB / 30.66GiB,0.82%,0B / 0B,53.2kB / 1.47MB,91
2026-07-31 11:18:02,trav_ros2,100.34%,388.3MiB / 30.66GiB,1.24%,0B / 0B,0B / 1.87MB,44
2026-07-31 11:18:02,docker-recorder-run-a32a177d4325,0.00%,10.3MiB / 30.66GiB,0.03%,0B / 0B,123kB / 9.45MB,1
2026-07-31 11:18:02,glim,90.53%,461MiB / 30.66GiB,1.47%,0B / 0B,0B / 11.6MB,35
2026-07-31 11:18:02,ouster,7.28%,120.4MiB / 30.66GiB,0.38%,0B / 0B,0B / 3.07MB,30
2026-07-31 11:18:02,openzen,2.24%,34.53MiB / 30.66GiB,0.11%,0B / 0B,0B / 2.15MB,20
2026-07-31 11:18:02,domain_bridge,0.72%,74.2MiB / 30.66GiB,0.24%,0B / 0B,111kB / 5.17MB,28
2026-07-31 11:18:02,mapir-ffmpeg,0.39%,129.9MiB / 30.66GiB,0.41%,0B / 0B,0B / 1.37MB,33
2026-07-31 11:18:02,scovox,105.84%,977.1MiB / 30.66GiB,3.11%,0B / 0B,0B / 4.08MB,53
2026-07-31 11:18:02,nav2,7.62%,260.1MiB / 30.66GiB,0.83%,0B / 0B,53.2kB / 1.47MB,91
2026-07-31 11:18:05,trav_ros2,100.19%,387.9MiB / 30.66GiB,1.24%,0B / 0B,0B / 1.89MB,44
2026-07-31 11:18:05,docker-recorder-run-a32a177d4325,0.00%,10.3MiB / 30.66GiB,0.03%,0B / 0B,123kB / 9.45MB,1
2026-07-31 11:18:05,glim,92.24%,460.5MiB / 30.66GiB,1.47%,0B / 0B,0B / 11.6MB,35
2026-07-31 11:18:05,ouster,6.74%,120.1MiB / 30.66GiB,0.38%,0B / 0B,0B / 3.07MB,30
2026-07-31 11:18:05,openzen,2.15%,34.29MiB / 30.66GiB,0.11%,0B / 0B,0B / 2.15MB,20
2026-07-31 11:18:05,domain_bridge,0.35%,73.36MiB / 30.66GiB,0.23%,0B / 0B,111kB / 5.17MB,28
2026-07-31 11:18:05,mapir-ffmpeg,0.08%,129.6MiB / 30.66GiB,0.41%,0B / 0B,0B / 1.37MB,33
2026-07-31 11:18:05,scovox,103.59%,994.4MiB / 30.66GiB,3.17%,0B / 0B,0B / 4.08MB,53
2026-07-31 11:18:05,nav2,7.32%,259.2MiB / 30.66GiB,0.83%,0B / 0B,53.2kB / 1.47MB,91
2026-07-31 11:18:08,trav_ros2,99.60%,388.2MiB / 30.66GiB,1.24%,0B / 0B,0B / 1.89MB,44
2026-07-31 11:18:08,docker-recorder-run-a32a177d4325,0.00%,10.3MiB / 30.66GiB,0.03%,0B / 0B,123kB / 9.45MB,1
2026-07-31 11:18:08,glim,91.36%,461.3MiB / 30.66GiB,1.47%,0B / 0B,0B / 11.6MB,35
2026-07-31 11:18:08,ouster,6.74%,119.8MiB / 30.66GiB,0.38%,0B / 0B,0B / 3.07MB,30
2026-07-31 11:18:08,openzen,2.22%,34.32MiB / 30.66GiB,0.11%,0B / 0B,0B / 2.15MB,20
2026-07-31 11:18:08,domain_bridge,1.48%,74.27MiB / 30.66GiB,0.24%,0B / 0B,111kB / 5.17MB,28
2026-07-31 11:18:08,mapir-ffmpeg,0.10%,130.2MiB / 30.66GiB,0.41%,0B / 0B,0B / 1.37MB,33
2026-07-31 11:18:08,scovox,104.22%,990.1MiB / 30.66GiB,3.15%,0B / 0B,0B / 4.08MB,53
2026-07-31 11:18:08,nav2,7.02%,259.3MiB / 30.66GiB,0.83%,0B / 0B,53.2kB / 1.47MB,91
2026-07-31 11:18:11,trav_ros2,101.56%,387.9MiB / 30.66GiB,1.24%,0B / 0B,0B / 1.89MB,44
2026-07-31 11:18:11,docker-recorder-run-a32a177d4325,0.00%,10.3MiB / 30.66GiB,0.03%,0B / 0B,123kB / 9.45MB,1
2026-07-31 11:18:11,glim,88.01%,461.3MiB / 30.66GiB,1.47%,0B / 0B,0B / 11.6MB,35
2026-07-31 11:18:11,ouster,6.98%,119.9MiB / 30.66GiB,0.38%,0B / 0B,0B / 3.07MB,30
2026-07-31 11:18:11,openzen,2.19%,34.29MiB / 30.66GiB,0.11%,0B / 0B,0B / 2.15MB,20
2026-07-31 11:18:11,domain_bridge,0.34%,73.85MiB / 30.66GiB,0.24%,0B / 0B,111kB / 5.17MB,28
2026-07-31 11:18:11,mapir-ffmpeg,0.21%,130.8MiB / 30.66GiB,0.42%,0B / 0B,0B / 1.37MB,33
2026-07-31 11:18:11,scovox,105.87%,1023MiB / 30.66GiB,3.26%,0B / 0B,0B / 4.08MB,53
2026-07-31 11:18:11,nav2,6.96%,258.9MiB / 30.66GiB,0.82%,0B / 0B,53.2kB / 1.47MB,91
2026-07-31 11:18:14,trav_ros2,101.34%,381.6MiB / 30.66GiB,1.22%,0B / 0B,0B / 1.89MB,44
2026-07-31 11:18:14,docker-recorder-run-a32a177d4325,0.00%,10.3MiB / 30.66GiB,0.03%,0B / 0B,123kB / 9.45MB,1
2026-07-31 11:18:14,glim,89.77%,460.8MiB / 30.66GiB,1.47%,0B / 0B,0B / 11.6MB,35
2026-07-31 11:18:14,ouster,6.79%,119.9MiB / 30.66GiB,0.38%,0B / 0B,0B / 3.07MB,30
2026-07-31 11:18:14,openzen,2.11%,34.04MiB / 30.66GiB,0.11%,0B / 0B,0B / 2.15MB,20
2026-07-31 11:18:14,domain_bridge,0.43%,73.46MiB / 30.66GiB,0.23%,0B / 0B,111kB / 5.17MB,28
2026-07-31 11:18:14,mapir-ffmpeg,0.04%,129.8MiB / 30.66GiB,0.41%,0B / 0B,0B / 1.37MB,33
2026-07-31 11:18:14,scovox,110.50%,1014MiB / 30.66GiB,3.23%,0B / 0B,0B / 4.08MB,53
2026-07-31 11:18:14,nav2,7.07%,258.9MiB / 30.66GiB,0.82%,0B / 0B,53.2kB / 1.47MB,91
2026-07-31 11:18:18,trav_ros2,101.57%,388.9MiB / 30.66GiB,1.24%,0B / 0B,0B / 1.89MB,44
2026-07-31 11:18:18,docker-recorder-run-a32a177d4325,0.00%,10.3MiB / 30.66GiB,0.03%,0B / 0B,123kB / 9.45MB,1
2026-07-31 11:18:18,glim,95.20%,458.1MiB / 30.66GiB,1.46%,0B / 0B,0B / 11.6MB,35
2026-07-31 11:18:18,ouster,7.12%,120MiB / 30.66GiB,0.38%,0B / 0B,0B / 3.07MB,30
2026-07-31 11:18:18,openzen,2.39%,34.06MiB / 30.66GiB,0.11%,0B / 0B,0B / 2.15MB,20
2026-07-31 11:18:18,domain_bridge,2.18%,73.66MiB / 30.66GiB,0.23%,0B / 0B,111kB / 5.17MB,28
2026-07-31 11:18:18,mapir-ffmpeg,0.34%,130.6MiB / 30.66GiB,0.42%,0B / 0B,0B / 1.37MB,33
2026-07-31 11:18:18,scovox,109.53%,996.2MiB / 30.66GiB,3.17%,0B / 0B,0B / 4.08MB,53
2026-07-31 11:18:18,nav2,7.02%,258.7MiB / 30.66GiB,0.82%,0B / 0B,53.2kB / 1.47MB,91
2026-07-31 11:18:21,trav_ros2,101.58%,388MiB / 30.66GiB,1.24%,0B / 0B,0B / 1.89MB,44
2026-07-31 11:18:21,docker-recorder-run-a32a177d4325,0.00%,10.3MiB / 30.66GiB,0.03%,0B / 0B,123kB / 9.45MB,1
2026-07-31 11:18:21,glim,96.22%,460.5MiB / 30.66GiB,1.47%,0B / 0B,0B / 11.6MB,35
2026-07-31 11:18:21,ouster,6.84%,120.2MiB / 30.66GiB,0.38%,0B / 0B,0B / 3.07MB,30
2026-07-31 11:18:21,openzen,2.22%,34.28MiB / 30.66GiB,0.11%,0B / 0B,0B / 2.15MB,20
2026-07-31 11:18:21,domain_bridge,0.49%,73.77MiB / 30.66GiB,0.23%,0B / 0B,111kB / 5.17MB,28
2026-07-31 11:18:21,mapir-ffmpeg,0.08%,129.8MiB / 30.66GiB,0.41%,0B / 0B,0B / 1.37MB,33
2026-07-31 11:18:21,scovox,105.92%,990.8MiB / 30.66GiB,3.16%,0B / 0B,0B / 4.08MB,53
2026-07-31 11:18:21,nav2,6.87%,259.1MiB / 30.66GiB,0.83%,0B / 0B,53.2kB / 1.47MB,91
2026-07-31 11:18:24,trav_ros2,101.46%,392.7MiB / 30.66GiB,1.25%,0B / 0B,0B / 1.89MB,44
2026-07-31 11:18:24,docker-recorder-run-a32a177d4325,0.00%,10.3MiB / 30.66GiB,0.03%,0B / 0B,123kB / 9.45MB,1
2026-07-31 11:18:24,glim,88.99%,460MiB / 30.66GiB,1.47%,0B / 0B,0B / 11.6MB,35
2026-07-31 11:18:24,ouster,7.06%,119.8MiB / 30.66GiB,0.38%,0B / 0B,0B / 3.07MB,30
2026-07-31 11:18:24,openzen,2.31%,34.77MiB / 30.66GiB,0.11%,0B / 0B,0B / 2.15MB,20
2026-07-31 11:18:24,domain_bridge,1.44%,74.89MiB / 30.66GiB,0.24%,0B / 0B,111kB / 5.17MB,28
2026-07-31 11:18:24,mapir-ffmpeg,0.32%,129.9MiB / 30.66GiB,0.41%,0B / 0B,0B / 1.37MB,33
2026-07-31 11:18:24,scovox,110.23%,1022MiB / 30.66GiB,3.25%,0B / 0B,0B / 4.08MB,53
2026-07-31 11:18:24,nav2,7.59%,259.8MiB / 30.66GiB,0.83%,0B / 0B,53.2kB / 1.47MB,91
2026-07-31 11:18:27,trav_ros2,101.45%,417.8MiB / 30.66GiB,1.33%,0B / 0B,0B / 1.89MB,44
2026-07-31 11:18:27,docker-recorder-run-a32a177d4325,0.00%,10.3MiB / 30.66GiB,0.03%,0B / 0B,123kB / 9.45MB,1
2026-07-31 11:18:27,glim,92.66%,460.6MiB / 30.66GiB,1.47%,0B / 0B,0B / 11.6MB,35
2026-07-31 11:18:27,ouster,7.00%,120.6MiB / 30.66GiB,0.38%,0B / 0B,0B / 3.07MB,30
2026-07-31 11:18:27,openzen,2.22%,34.52MiB / 30.66GiB,0.11%,0B / 0B,0B / 2.15MB,20
2026-07-31 11:18:27,domain_bridge,0.44%,74.11MiB / 30.66GiB,0.24%,0B / 0B,111kB / 5.17MB,28
2026-07-31 11:18:27,mapir-ffmpeg,0.19%,129.8MiB / 30.66GiB,0.41%,0B / 0B,0B / 1.37MB,33
2026-07-31 11:18:27,scovox,110.30%,1016MiB / 30.66GiB,3.23%,0B / 0B,0B / 4.08MB,53
2026-07-31 11:18:27,nav2,8.04%,260.6MiB / 30.66GiB,0.83%,0B / 0B,53.2kB / 1.47MB,91
2026-07-31 11:18:30,trav_ros2,100.93%,387.6MiB / 30.66GiB,1.23%,0B / 0B,0B / 1.89MB,44
2026-07-31 11:18:30,docker-recorder-run-a32a177d4325,0.00%,10.3MiB / 30.66GiB,0.03%,0B / 0B,123kB / 9.45MB,1
2026-07-31 11:18:30,glim,92.64%,471.4MiB / 30.66GiB,1.50%,0B / 0B,0B / 11.6MB,35
2026-07-31 11:18:30,ouster,6.78%,119.7MiB / 30.66GiB,0.38%,0B / 0B,0B / 3.07MB,30
2026-07-31 11:18:30,openzen,2.00%,34.04MiB / 30.66GiB,0.11%,0B / 0B,0B / 2.15MB,20
2026-07-31 11:18:30,domain_bridge,0.42%,73.59MiB / 30.66GiB,0.23%,0B / 0B,111kB / 5.17MB,28
2026-07-31 11:18:30,mapir-ffmpeg,0.10%,129.1MiB / 30.66GiB,0.41%,0B / 0B,0B / 1.37MB,33
2026-07-31 11:18:30,scovox,105.81%,976MiB / 30.66GiB,3.11%,0B / 0B,0B / 4.11MB,53
2026-07-31 11:18:30,nav2,6.90%,258.8MiB / 30.66GiB,0.82%,0B / 0B,53.2kB / 1.47MB,91
2026-07-31 11:18:33,trav_ros2,100.58%,387MiB / 30.66GiB,1.23%,0B / 0B,0B / 1.89MB,44
2026-07-31 11:18:33,docker-recorder-run-a32a177d4325,0.00%,10.3MiB / 30.66GiB,0.03%,0B / 0B,123kB / 9.45MB,1
2026-07-31 11:18:33,glim,92.60%,472.5MiB / 30.66GiB,1.50%,0B / 0B,0B / 11.6MB,35
2026-07-31 11:18:33,ouster,6.81%,119.9MiB / 30.66GiB,0.38%,0B / 0B,0B / 3.07MB,30
2026-07-31 11:18:33,openzen,2.37%,34.29MiB / 30.66GiB,0.11%,0B / 0B,0B / 2.15MB,20
2026-07-31 11:18:33,domain_bridge,0.65%,73.9MiB / 30.66GiB,0.24%,0B / 0B,111kB / 5.17MB,28
2026-07-31 11:18:33,mapir-ffmpeg,0.08%,129.4MiB / 30.66GiB,0.41%,0B / 0B,0B / 1.37MB,33
2026-07-31 11:18:33,scovox,103.79%,990MiB / 30.66GiB,3.15%,0B / 0B,0B / 4.11MB,53
2026-07-31 11:18:33,nav2,6.60%,258.9MiB / 30.66GiB,0.82%,0B / 0B,53.2kB / 1.49MB,91
2026-07-31 11:18:36,trav_ros2,98.42%,390.5MiB / 30.66GiB,1.24%,0B / 0B,0B / 1.89MB,44
2026-07-31 11:18:36,docker-recorder-run-a32a177d4325,0.00%,10.3MiB / 30.66GiB,0.03%,0B / 0B,123kB / 9.45MB,1
2026-07-31 11:18:36,glim,89.34%,466.2MiB / 30.66GiB,1.48%,0B / 0B,0B / 11.6MB,35
2026-07-31 11:18:36,ouster,6.67%,120.1MiB / 30.66GiB,0.38%,0B / 0B,0B / 3.07MB,30
2026-07-31 11:18:36,openzen,2.33%,34.28MiB / 30.66GiB,0.11%,0B / 0B,0B / 2.15MB,20
2026-07-31 11:18:36,domain_bridge,0.48%,73.32MiB / 30.66GiB,0.23%,0B / 0B,111kB / 5.17MB,28
2026-07-31 11:18:36,mapir-ffmpeg,0.20%,129.9MiB / 30.66GiB,0.41%,0B / 0B,0B / 1.37MB,33
2026-07-31 11:18:36,scovox,103.58%,976.6MiB / 30.66GiB,3.11%,0B / 0B,0B / 4.11MB,53
2026-07-31 11:18:36,nav2,6.86%,260.5MiB / 30.66GiB,0.83%,0B / 0B,53.2kB / 1.49MB,91
2026-07-31 11:18:39,trav_ros2,99.64%,382.7MiB / 30.66GiB,1.22%,0B / 0B,0B / 1.91MB,44
2026-07-31 11:18:39,docker-recorder-run-a32a177d4325,0.00%,10.3MiB / 30.66GiB,0.03%,0B / 0B,123kB / 9.45MB,1
2026-07-31 11:18:39,glim,88.43%,466MiB / 30.66GiB,1.48%,0B / 0B,0B / 11.6MB,35
2026-07-31 11:18:39,ouster,6.82%,120.2MiB / 30.66GiB,0.38%,0B / 0B,0B / 3.07MB,30
2026-07-31 11:18:39,openzen,2.34%,34.55MiB / 30.66GiB,0.11%,0B / 0B,0B / 2.15MB,20
2026-07-31 11:18:39,domain_bridge,0.49%,73.41MiB / 30.66GiB,0.23%,0B / 0B,111kB / 5.17MB,28
2026-07-31 11:18:39,mapir-ffmpeg,0.21%,129.4MiB / 30.66GiB,0.41%,0B / 0B,0B / 1.37MB,33
2026-07-31 11:18:39,scovox,103.37%,1014MiB / 30.66GiB,3.23%,0B / 0B,0B / 4.11MB,53
2026-07-31 11:18:39,nav2,7.46%,259.8MiB / 30.66GiB,0.83%,0B / 0B,53.2kB / 1.49MB,91
2026-07-31 11:18:42,trav_ros2,100.16%,383.3MiB / 30.66GiB,1.22%,0B / 0B,0B / 1.91MB,44
2026-07-31 11:18:42,docker-recorder-run-a32a177d4325,0.00%,10.3MiB / 30.66GiB,0.03%,0B / 0B,123kB / 9.45MB,1
2026-07-31 11:18:42,glim,93.14%,466.4MiB / 30.66GiB,1.49%,0B / 0B,0B / 11.6MB,35
2026-07-31 11:18:42,ouster,7.19%,120.2MiB / 30.66GiB,0.38%,0B / 0B,0B / 3.07MB,30
2026-07-31 11:18:42,openzen,2.26%,34.06MiB / 30.66GiB,0.11%,0B / 0B,0B / 2.15MB,20
2026-07-31 11:18:42,domain_bridge,0.78%,73.96MiB / 30.66GiB,0.24%,0B / 0B,111kB / 5.17MB,28
2026-07-31 11:18:42,mapir-ffmpeg,0.42%,129.6MiB / 30.66GiB,0.41%,0B / 0B,0B / 1.37MB,33
2026-07-31 11:18:42,scovox,109.60%,990MiB / 30.66GiB,3.15%,0B / 0B,0B / 4.11MB,53
2026-07-31 11:18:42,nav2,6.89%,260.6MiB / 30.66GiB,0.83%,0B / 0B,53.2kB / 1.49MB,91
2026-07-31 11:18:45,trav_ros2,97.89%,388.5MiB / 30.66GiB,1.24%,0B / 0B,0B / 1.91MB,44
2026-07-31 11:18:45,docker-recorder-run-a32a177d4325,0.00%,10.3MiB / 30.66GiB,0.03%,0B / 0B,123kB / 9.45MB,1
2026-07-31 11:18:45,glim,91.09%,461.5MiB / 30.66GiB,1.47%,0B / 0B,0B / 11.6MB,35
2026-07-31 11:18:45,ouster,7.06%,120.2MiB / 30.66GiB,0.38%,0B / 0B,0B / 3.07MB,30
2026-07-31 11:18:45,openzen,2.19%,34.28MiB / 30.66GiB,0.11%,0B / 0B,0B / 2.15MB,20
2026-07-31 11:18:45,domain_bridge,0.31%,73.56MiB / 30.66GiB,0.23%,0B / 0B,111kB / 5.17MB,28
2026-07-31 11:18:45,mapir-ffmpeg,0.08%,129.8MiB / 30.66GiB,0.41%,0B / 0B,0B / 1.37MB,33
2026-07-31 11:18:45,scovox,101.33%,1021MiB / 30.66GiB,3.25%,0B / 0B,0B / 4.11MB,53
2026-07-31 11:18:45,nav2,6.73%,260.1MiB / 30.66GiB,0.83%,0B / 0B,53.2kB / 1.49MB,91
2026-07-31 11:18:48,trav_ros2,99.18%,388.7MiB / 30.66GiB,1.24%,0B / 0B,0B / 1.91MB,44
2026-07-31 11:18:48,docker-recorder-run-a32a177d4325,0.00%,10.3MiB / 30.66GiB,0.03%,0B / 0B,123kB / 9.45MB,1
2026-07-31 11:18:48,glim,88.92%,463.6MiB / 30.66GiB,1.48%,0B / 0B,0B / 11.6MB,35
2026-07-31 11:18:48,ouster,6.69%,119.9MiB / 30.66GiB,0.38%,0B / 0B,0B / 3.07MB,30
2026-07-31 11:18:48,openzen,2.11%,34.04MiB / 30.66GiB,0.11%,0B / 0B,0B / 2.15MB,20
2026-07-31 11:18:48,domain_bridge,1.30%,74.38MiB / 30.66GiB,0.24%,0B / 0B,111kB / 5.17MB,28
2026-07-31 11:18:48,mapir-ffmpeg,0.10%,130.1MiB / 30.66GiB,0.41%,0B / 0B,0B / 1.37MB,33
2026-07-31 11:18:48,scovox,104.30%,976.9MiB / 30.66GiB,3.11%,0B / 0B,0B / 4.11MB,53
2026-07-31 11:18:48,nav2,7.31%,259.5MiB / 30.66GiB,0.83%,0B / 0B,53.2kB / 1.49MB,91
2026-07-31 11:18:51,trav_ros2,98.26%,387.1MiB / 30.66GiB,1.23%,0B / 0B,0B / 1.91MB,44
2026-07-31 11:18:51,docker-recorder-run-a32a177d4325,0.00%,10.3MiB / 30.66GiB,0.03%,0B / 0B,123kB / 9.45MB,1
2026-07-31 11:18:51,glim,86.32%,462.8MiB / 30.66GiB,1.47%,0B / 0B,0B / 11.6MB,35
2026-07-31 11:18:51,ouster,6.69%,119.9MiB / 30.66GiB,0.38%,0B / 0B,0B / 3.07MB,30
2026-07-31 11:18:51,openzen,2.21%,34.29MiB / 30.66GiB,0.11%,0B / 0B,0B / 2.15MB,20
2026-07-31 11:18:51,domain_bridge,0.37%,73.32MiB / 30.66GiB,0.23%,0B / 0B,111kB / 5.17MB,28
2026-07-31 11:18:51,mapir-ffmpeg,0.20%,129.6MiB / 30.66GiB,0.41%,0B / 0B,0B / 1.37MB,33
2026-07-31 11:18:51,scovox,102.07%,1020MiB / 30.66GiB,3.25%,0B / 0B,0B / 4.11MB,53
2026-07-31 11:18:51,nav2,6.89%,260.3MiB / 30.66GiB,0.83%,0B / 0B,53.2kB / 1.49MB,91
2026-07-31 11:18:54,trav_ros2,98.66%,382.3MiB / 30.66GiB,1.22%,0B / 0B,0B / 1.91MB,44
2026-07-31 11:18:54,docker-recorder-run-a32a177d4325,0.00%,10.3MiB / 30.66GiB,0.03%,0B / 0B,123kB / 9.45MB,1
2026-07-31 11:18:54,glim,91.02%,464.5MiB / 30.66GiB,1.48%,0B / 0B,0B / 11.6MB,35
2026-07-31 11:18:54,ouster,6.51%,120.3MiB / 30.66GiB,0.38%,0B / 0B,0B / 3.07MB,30
2026-07-31 11:18:54,openzen,2.05%,34.04MiB / 30.66GiB,0.11%,0B / 0B,0B / 2.15MB,20
2026-07-31 11:18:54,domain_bridge,0.38%,73.45MiB / 30.66GiB,0.23%,0B / 0B,111kB / 5.17MB,28
2026-07-31 11:18:54,mapir-ffmpeg,0.05%,129.3MiB / 30.66GiB,0.41%,0B / 0B,0B / 1.37MB,33
2026-07-31 11:18:54,scovox,106.69%,990.6MiB / 30.66GiB,3.15%,0B / 0B,0B / 4.11MB,53
2026-07-31 11:18:54,nav2,6.92%,259.6MiB / 30.66GiB,0.83%,0B / 0B,53.2kB / 1.49MB,91
2026-07-31 11:18:57,trav_ros2,99.42%,387.6MiB / 30.66GiB,1.23%,0B / 0B,0B / 1.91MB,44
2026-07-31 11:18:57,docker-recorder-run-a32a177d4325,0.00%,10.3MiB / 30.66GiB,0.03%,0B / 0B,123kB / 9.45MB,1
2026-07-31 11:18:57,glim,89.03%,464.6MiB / 30.66GiB,1.48%,0B / 0B,0B / 11.6MB,35
2026-07-31 11:18:57,ouster,6.92%,119.8MiB / 30.66GiB,0.38%,0B / 0B,0B / 3.07MB,30
2026-07-31 11:18:57,openzen,2.18%,34.28MiB / 30.66GiB,0.11%,0B / 0B,0B / 2.15MB,20
2026-07-31 11:18:57,domain_bridge,0.59%,74.09MiB / 30.66GiB,0.24%,0B / 0B,111kB / 5.17MB,28
2026-07-31 11:18:57,mapir-ffmpeg,0.35%,130.1MiB / 30.66GiB,0.41%,0B / 0B,0B / 1.37MB,33
2026-07-31 11:18:57,scovox,103.63%,1020MiB / 30.66GiB,3.25%,0B / 0B,0B / 4.11MB,53
2026-07-31 11:18:57,nav2,6.62%,259.1MiB / 30.66GiB,0.83%,0B / 0B,53.2kB / 1.49MB,91
2026-07-31 11:19:01,trav_ros2,98.34%,387.3MiB / 30.66GiB,1.23%,0B / 0B,0B / 1.91MB,44
2026-07-31 11:19:01,docker-recorder-run-a32a177d4325,0.00%,10.3MiB / 30.66GiB,0.03%,0B / 0B,123kB / 9.45MB,1
2026-07-31 11:19:01,glim,87.18%,464.4MiB / 30.66GiB,1.48%,0B / 0B,0B / 11.6MB,35
2026-07-31 11:19:01,ouster,6.58%,120.2MiB / 30.66GiB,0.38%,0B / 0B,0B / 3.07MB,30
2026-07-31 11:19:01,openzen,1.95%,34.53MiB / 30.66GiB,0.11%,0B / 0B,0B / 2.15MB,20
2026-07-31 11:19:01,domain_bridge,0.61%,73.62MiB / 30.66GiB,0.23%,0B / 0B,111kB / 5.17MB,28
2026-07-31 11:19:01,mapir-ffmpeg,0.08%,130.3MiB / 30.66GiB,0.41%,0B / 0B,0B / 1.37MB,33
2026-07-31 11:19:01,scovox,102.78%,990.4MiB / 30.66GiB,3.15%,0B / 0B,0B / 4.11MB,53
2026-07-31 11:19:01,nav2,6.62%,260.1MiB / 30.66GiB,0.83%,0B / 0B,53.2kB / 1.49MB,91
2026-07-31 11:19:04,trav_ros2,99.77%,388.8MiB / 30.66GiB,1.24%,0B / 0B,0B / 1.91MB,44
2026-07-31 11:19:04,docker-recorder-run-a32a177d4325,0.00%,10.3MiB / 30.66GiB,0.03%,0B / 0B,123kB / 9.45MB,1
2026-07-31 11:19:04,glim,87.28%,461.3MiB / 30.66GiB,1.47%,0B / 0B,0B / 11.6MB,35
2026-07-31 11:19:04,ouster,6.85%,120.7MiB / 30.66GiB,0.38%,0B / 0B,0B / 3.07MB,30
2026-07-31 11:19:04,openzen,2.09%,34.56MiB / 30.66GiB,0.11%,0B / 0B,0B / 2.15MB,20
2026-07-31 11:19:04,domain_bridge,1.04%,74.85MiB / 30.66GiB,0.24%,0B / 0B,111kB / 5.17MB,28
2026-07-31 11:19:04,mapir-ffmpeg,0.32%,129.6MiB / 30.66GiB,0.41%,0B / 0B,0B / 1.38MB,33
2026-07-31 11:19:04,scovox,107.32%,1021MiB / 30.66GiB,3.25%,0B / 0B,0B / 4.14MB,53
2026-07-31 11:19:04,nav2,7.24%,258.8MiB / 30.66GiB,0.82%,0B / 0B,53.2kB / 1.49MB,91
2026-07-31 11:19:07,trav_ros2,99.30%,389.5MiB / 30.66GiB,1.24%,0B / 0B,0B / 1.91MB,44
2026-07-31 11:19:07,docker-recorder-run-a32a177d4325,0.00%,10.3MiB / 30.66GiB,0.03%,0B / 0B,123kB / 9.45MB,1
2026-07-31 11:19:07,glim,89.86%,462.5MiB / 30.66GiB,1.47%,0B / 0B,0B / 11.6MB,35
2026-07-31 11:19:07,ouster,6.89%,120.4MiB / 30.66GiB,0.38%,0B / 0B,0B / 3.07MB,30
2026-07-31 11:19:07,openzen,2.25%,34.07MiB / 30.66GiB,0.11%,0B / 0B,0B / 2.15MB,20
2026-07-31 11:19:07,domain_bridge,0.60%,74.37MiB / 30.66GiB,0.24%,0B / 0B,111kB / 5.17MB,28
2026-07-31 11:19:07,mapir-ffmpeg,0.20%,129.8MiB / 30.66GiB,0.41%,0B / 0B,0B / 1.38MB,33
2026-07-31 11:19:07,scovox,104.40%,989.8MiB / 30.66GiB,3.15%,0B / 0B,0B / 4.14MB,53
2026-07-31 11:19:07,nav2,7.41%,260.3MiB / 30.66GiB,0.83%,0B / 0B,53.2kB / 1.49MB,91
2026-07-31 11:19:10,trav_ros2,100.70%,391.2MiB / 30.66GiB,1.25%,0B / 0B,0B / 1.93MB,44
2026-07-31 11:19:10,docker-recorder-run-a32a177d4325,0.00%,10.3MiB / 30.66GiB,0.03%,0B / 0B,123kB / 9.45MB,1
2026-07-31 11:19:10,glim,90.17%,463MiB / 30.66GiB,1.47%,0B / 0B,0B / 11.6MB,35
2026-07-31 11:19:10,ouster,6.72%,120.2MiB / 30.66GiB,0.38%,0B / 0B,0B / 3.07MB,30
2026-07-31 11:19:10,openzen,2.28%,34.04MiB / 30.66GiB,0.11%,0B / 0B,0B / 2.15MB,20
2026-07-31 11:19:10,domain_bridge,0.32%,74.24MiB / 30.66GiB,0.24%,0B / 0B,111kB / 5.17MB,28
2026-07-31 11:19:10,mapir-ffmpeg,0.10%,129.1MiB / 30.66GiB,0.41%,0B / 0B,0B / 1.38MB,33
2026-07-31 11:19:10,scovox,105.57%,975.8MiB / 30.66GiB,3.11%,0B / 0B,0B / 4.14MB,53
2026-07-31 11:19:10,nav2,6.73%,259.2MiB / 30.66GiB,0.83%,0B / 0B,53.2kB / 1.51MB,91
2026-07-31 11:19:13,trav_ros2,100.53%,388.6MiB / 30.66GiB,1.24%,0B / 0B,0B / 1.93MB,44
2026-07-31 11:19:13,docker-recorder-run-a32a177d4325,0.00%,10.3MiB / 30.66GiB,0.03%,0B / 0B,123kB / 9.45MB,1
2026-07-31 11:19:13,glim,89.19%,461.6MiB / 30.66GiB,1.47%,0B / 0B,0B / 11.6MB,35
2026-07-31 11:19:13,ouster,6.77%,120.3MiB / 30.66GiB,0.38%,0B / 0B,0B / 3.07MB,30
2026-07-31 11:19:13,openzen,2.17%,34.04MiB / 30.66GiB,0.11%,0B / 0B,0B / 2.15MB,20
2026-07-31 11:19:13,domain_bridge,0.98%,73.86MiB / 30.66GiB,0.24%,0B / 0B,111kB / 5.17MB,28
2026-07-31 11:19:13,mapir-ffmpeg,0.04%,129.1MiB / 30.66GiB,0.41%,0B / 0B,0B / 1.38MB,33
2026-07-31 11:19:13,scovox,105.08%,1012MiB / 30.66GiB,3.22%,0B / 0B,0B / 4.14MB,53
2026-07-31 11:19:13,nav2,6.18%,258.6MiB / 30.66GiB,0.82%,0B / 0B,53.2kB / 1.51MB,91
2026-07-31 11:19:16,trav_ros2,101.17%,387.1MiB / 30.66GiB,1.23%,0B / 0B,0B / 1.93MB,44
2026-07-31 11:19:16,docker-recorder-run-a32a177d4325,0.00%,10.3MiB / 30.66GiB,0.03%,0B / 0B,123kB / 9.45MB,1
2026-07-31 11:19:16,glim,93.64%,462.9MiB / 30.66GiB,1.47%,0B / 0B,0B / 11.6MB,35
2026-07-31 11:19:16,ouster,6.94%,120.1MiB / 30.66GiB,0.38%,0B / 0B,0B / 3.07MB,30
2026-07-31 11:19:16,openzen,2.17%,34.26MiB / 30.66GiB,0.11%,0B / 0B,0B / 2.15MB,20
2026-07-31 11:19:16,domain_bridge,0.53%,73.85MiB / 30.66GiB,0.24%,0B / 0B,111kB / 5.17MB,28
2026-07-31 11:19:16,mapir-ffmpeg,0.21%,129.6MiB / 30.66GiB,0.41%,0B / 0B,0B / 1.38MB,33
2026-07-31 11:19:16,scovox,109.51%,976.3MiB / 30.66GiB,3.11%,0B / 0B,0B / 4.14MB,53
2026-07-31 11:19:16,nav2,5.94%,259.2MiB / 30.66GiB,0.83%,0B / 0B,53.2kB / 1.51MB,91
2026-07-31 11:19:19,trav_ros2,101.37%,387MiB / 30.66GiB,1.23%,0B / 0B,0B / 1.93MB,44
2026-07-31 11:19:19,docker-recorder-run-a32a177d4325,0.00%,10.3MiB / 30.66GiB,0.03%,0B / 0B,123kB / 9.45MB,1
2026-07-31 11:19:19,glim,94.73%,462.4MiB / 30.66GiB,1.47%,0B / 0B,0B / 11.6MB,35
2026-07-31 11:19:19,ouster,6.93%,120MiB / 30.66GiB,0.38%,0B / 0B,0B / 3.07MB,30
2026-07-31 11:19:19,openzen,2.37%,34.28MiB / 30.66GiB,0.11%,0B / 0B,0B / 2.15MB,20
2026-07-31 11:19:19,domain_bridge,0.66%,74.96MiB / 30.66GiB,0.24%,0B / 0B,111kB / 5.17MB,28
2026-07-31 11:19:19,mapir-ffmpeg,0.21%,129.6MiB / 30.66GiB,0.41%,0B / 0B,0B / 1.38MB,33
2026-07-31 11:19:19,scovox,104.81%,992.9MiB / 30.66GiB,3.16%,0B / 0B,0B / 4.14MB,53
2026-07-31 11:19:19,nav2,7.29%,259.7MiB / 30.66GiB,0.83%,0B / 0B,53.2kB / 1.51MB,91
2026-07-31 11:19:22,trav_ros2,101.31%,389MiB / 30.66GiB,1.24%,0B / 0B,0B / 1.93MB,44
2026-07-31 11:19:22,docker-recorder-run-a32a177d4325,0.00%,10.3MiB / 30.66GiB,0.03%,0B / 0B,123kB / 9.45MB,1
2026-07-31 11:19:22,glim,91.89%,464MiB / 30.66GiB,1.48%,0B / 0B,0B / 11.6MB,35
2026-07-31 11:19:22,ouster,7.17%,120.1MiB / 30.66GiB,0.38%,0B / 0B,0B / 3.07MB,30
2026-07-31 11:19:22,openzen,2.35%,34.79MiB / 30.66GiB,0.11%,0B / 0B,0B / 2.15MB,20
2026-07-31 11:19:22,domain_bridge,0.72%,73.72MiB / 30.66GiB,0.23%,0B / 0B,111kB / 5.17MB,28
2026-07-31 11:19:22,mapir-ffmpeg,0.45%,129.8MiB / 30.66GiB,0.41%,0B / 0B,0B / 1.38MB,33
2026-07-31 11:19:22,scovox,107.28%,975.3MiB / 30.66GiB,3.11%,0B / 0B,0B / 4.14MB,53
2026-07-31 11:19:22,nav2,7.95%,261.2MiB / 30.66GiB,0.83%,0B / 0B,53.2kB / 1.51MB,91
2026-07-31 11:19:25,trav_ros2,101.44%,388.3MiB / 30.66GiB,1.24%,0B / 0B,0B / 1.93MB,44
2026-07-31 11:19:25,docker-recorder-run-a32a177d4325,0.00%,10.3MiB / 30.66GiB,0.03%,0B / 0B,123kB / 9.45MB,1
2026-07-31 11:19:25,glim,95.71%,465.8MiB / 30.66GiB,1.48%,0B / 0B,0B / 11.6MB,35
2026-07-31 11:19:25,ouster,6.77%,119.8MiB / 30.66GiB,0.38%,0B / 0B,0B / 3.07MB,30
2026-07-31 11:19:25,openzen,2.26%,34.54MiB / 30.66GiB,0.11%,0B / 0B,0B / 2.15MB,20
2026-07-31 11:19:25,domain_bridge,0.49%,74.15MiB / 30.66GiB,0.24%,0B / 0B,111kB / 5.17MB,28
2026-07-31 11:19:25,mapir-ffmpeg,0.09%,129.8MiB / 30.66GiB,0.41%,0B / 0B,0B / 1.38MB,33
2026-07-31 11:19:25,scovox,104.75%,992.9MiB / 30.66GiB,3.16%,0B / 0B,0B / 4.14MB,53
2026-07-31 11:19:25,nav2,7.37%,260.3MiB / 30.66GiB,0.83%,0B / 0B,53.2kB / 1.51MB,91
2026-07-31 11:19:28,trav_ros2,101.81%,388.8MiB / 30.66GiB,1.24%,0B / 0B,0B / 1.93MB,44
2026-07-31 11:19:28,docker-recorder-run-a32a177d4325,0.00%,10.3MiB / 30.66GiB,0.03%,0B / 0B,123kB / 9.45MB,1
2026-07-31 11:19:28,glim,95.37%,465.5MiB / 30.66GiB,1.48%,0B / 0B,0B / 11.6MB,35
2026-07-31 11:19:28,ouster,6.68%,120MiB / 30.66GiB,0.38%,0B / 0B,0B / 3.07MB,30
2026-07-31 11:19:28,openzen,2.22%,34.5MiB / 30.66GiB,0.11%,0B / 0B,0B / 2.15MB,20
2026-07-31 11:19:28,domain_bridge,1.40%,74.54MiB / 30.66GiB,0.24%,0B / 0B,111kB / 5.17MB,28
2026-07-31 11:19:28,mapir-ffmpeg,0.10%,129.6MiB / 30.66GiB,0.41%,0B / 0B,0B / 1.38MB,33
2026-07-31 11:19:28,scovox,109.36%,969.4MiB / 30.66GiB,3.09%,0B / 0B,0B / 4.14MB,53
2026-07-31 11:19:28,nav2,6.79%,259.8MiB / 30.66GiB,0.83%,0B / 0B,53.2kB / 1.51MB,91
2026-07-31 11:19:31,trav_ros2,102.09%,388.9MiB / 30.66GiB,1.24%,0B / 0B,0B / 1.93MB,44
2026-07-31 11:19:31,docker-recorder-run-a32a177d4325,0.00%,10.3MiB / 30.66GiB,0.03%,0B / 0B,123kB / 9.45MB,1
2026-07-31 11:19:31,glim,97.16%,466.1MiB / 30.66GiB,1.48%,0B / 0B,0B / 11.6MB,35
2026-07-31 11:19:31,ouster,6.89%,120.6MiB / 30.66GiB,0.38%,0B / 0B,0B / 3.07MB,30
2026-07-31 11:19:31,openzen,2.35%,34.5MiB / 30.66GiB,0.11%,0B / 0B,0B / 2.15MB,20
2026-07-31 11:19:31,domain_bridge,0.45%,73.32MiB / 30.66GiB,0.23%,0B / 0B,111kB / 5.17MB,28
2026-07-31 11:19:31,mapir-ffmpeg,0.20%,129.6MiB / 30.66GiB,0.41%,0B / 0B,0B / 1.38MB,33
2026-07-31 11:19:31,scovox,113.30%,1020MiB / 30.66GiB,3.25%,0B / 0B,0B / 4.14MB,53
2026-07-31 11:19:31,nav2,7.01%,259.3MiB / 30.66GiB,0.83%,0B / 0B,53.2kB / 1.51MB,91
2026-07-31 11:19:34,trav_ros2,101.88%,388.7MiB / 30.66GiB,1.24%,0B / 0B,0B / 1.93MB,44
2026-07-31 11:19:34,docker-recorder-run-a32a177d4325,0.00%,10.3MiB / 30.66GiB,0.03%,0B / 0B,123kB / 9.45MB,1
2026-07-31 11:19:34,glim,90.33%,465.9MiB / 30.66GiB,1.48%,0B / 0B,0B / 11.6MB,35
2026-07-31 11:19:34,ouster,7.22%,120MiB / 30.66GiB,0.38%,0B / 0B,0B / 3.07MB,30
2026-07-31 11:19:34,openzen,2.27%,34.5MiB / 30.66GiB,0.11%,0B / 0B,0B / 2.15MB,20
2026-07-31 11:19:34,domain_bridge,0.45%,73.5MiB / 30.66GiB,0.23%,0B / 0B,111kB / 5.17MB,28
2026-07-31 11:19:34,mapir-ffmpeg,0.05%,129.1MiB / 30.66GiB,0.41%,0B / 0B,0B / 1.38MB,33
2026-07-31 11:19:34,scovox,107.36%,994.9MiB / 30.66GiB,3.17%,0B / 0B,0B / 4.14MB,53
2026-07-31 11:19:34,nav2,7.10%,259MiB / 30.66GiB,0.82%,0B / 0B,53.2kB / 1.51MB,91
2026-07-31 11:19:37,trav_ros2,101.35%,389.8MiB / 30.66GiB,1.24%,0B / 0B,0B / 1.93MB,44
2026-07-31 11:19:37,docker-recorder-run-a32a177d4325,0.00%,10.3MiB / 30.66GiB,0.03%,0B / 0B,123kB / 9.45MB,1
2026-07-31 11:19:37,glim,91.75%,460.4MiB / 30.66GiB,1.47%,0B / 0B,0B / 11.6MB,35
2026-07-31 11:19:37,ouster,7.09%,120.1MiB / 30.66GiB,0.38%,0B / 0B,0B / 3.07MB,30
2026-07-31 11:19:37,openzen,2.64%,34.34MiB / 30.66GiB,0.11%,0B / 0B,0B / 2.15MB,20
2026-07-31 11:19:37,domain_bridge,0.75%,73.74MiB / 30.66GiB,0.23%,0B / 0B,111kB / 5.17MB,28
2026-07-31 11:19:37,mapir-ffmpeg,0.38%,129.4MiB / 30.66GiB,0.41%,0B / 0B,0B / 1.38MB,33
2026-07-31 11:19:37,scovox,105.74%,1005MiB / 30.66GiB,3.20%,0B / 0B,0B / 4.14MB,53
2026-07-31 11:19:37,nav2,7.15%,259.2MiB / 30.66GiB,0.83%,0B / 0B,53.2kB / 1.51MB,91
2026-07-31 11:19:41,trav_ros2,101.27%,382.3MiB / 30.66GiB,1.22%,0B / 0B,0B / 1.95MB,44
2026-07-31 11:19:41,docker-recorder-run-a32a177d4325,0.00%,10.3MiB / 30.66GiB,0.03%,0B / 0B,123kB / 9.45MB,1
2026-07-31 11:19:41,glim,88.47%,461MiB / 30.66GiB,1.47%,0B / 0B,0B / 11.6MB,35
2026-07-31 11:19:41,ouster,6.71%,120.2MiB / 30.66GiB,0.38%,0B / 0B,0B / 3.07MB,30
2026-07-31 11:19:41,openzen,2.14%,34.52MiB / 30.66GiB,0.11%,0B / 0B,0B / 2.15MB,20
2026-07-31 11:19:41,domain_bridge,0.68%,74.3MiB / 30.66GiB,0.24%,0B / 0B,111kB / 5.17MB,28
2026-07-31 11:19:41,mapir-ffmpeg,0.09%,129.6MiB / 30.66GiB,0.41%,0B / 0B,0B / 1.38MB,33
2026-07-31 11:19:41,scovox,107.17%,1002MiB / 30.66GiB,3.19%,0B / 0B,0B / 4.17MB,53
2026-07-31 11:19:41,nav2,6.85%,258.9MiB / 30.66GiB,0.82%,0B / 0B,53.2kB / 1.51MB,91
2026-07-31 11:19:44,trav_ros2,101.23%,439.9MiB / 30.66GiB,1.40%,0B / 0B,0B / 1.95MB,44
2026-07-31 11:19:44,docker-recorder-run-a32a177d4325,0.00%,10.3MiB / 30.66GiB,0.03%,0B / 0B,123kB / 9.45MB,1
2026-07-31 11:19:44,glim,93.10%,462.5MiB / 30.66GiB,1.47%,0B / 0B,0B / 11.6MB,35
2026-07-31 11:19:44,ouster,7.00%,120.1MiB / 30.66GiB,0.38%,0B / 0B,0B / 3.07MB,30
2026-07-31 11:19:44,openzen,2.27%,34.52MiB / 30.66GiB,0.11%,0B / 0B,0B / 2.15MB,20
2026-07-31 11:19:44,domain_bridge,0.90%,74.73MiB / 30.66GiB,0.24%,0B / 0B,111kB / 5.17MB,28
2026-07-31 11:19:44,mapir-ffmpeg,0.28%,129.4MiB / 30.66GiB,0.41%,0B / 0B,0B / 1.38MB,33
2026-07-31 11:19:44,scovox,113.40%,1.005GiB / 30.66GiB,3.28%,0B / 0B,0B / 4.17MB,53
2026-07-31 11:19:44,nav2,6.22%,259MiB / 30.66GiB,0.82%,0B / 0B,53.2kB / 1.52MB,91
2026-07-31 11:19:47,trav_ros2,101.35%,389.5MiB / 30.66GiB,1.24%,0B / 0B,0B / 1.95MB,44
2026-07-31 11:19:47,docker-recorder-run-a32a177d4325,0.00%,10.3MiB / 30.66GiB,0.03%,0B / 0B,123kB / 9.45MB,1
2026-07-31 11:19:47,glim,89.66%,463.6MiB / 30.66GiB,1.48%,0B / 0B,0B / 11.6MB,35
2026-07-31 11:19:47,ouster,7.23%,120.1MiB / 30.66GiB,0.38%,0B / 0B,0B / 3.07MB,30
2026-07-31 11:19:47,openzen,2.15%,34.76MiB / 30.66GiB,0.11%,0B / 0B,0B / 2.15MB,20
2026-07-31 11:19:47,domain_bridge,0.46%,73.68MiB / 30.66GiB,0.23%,0B / 0B,111kB / 5.17MB,28
2026-07-31 11:19:47,mapir-ffmpeg,0.21%,129.6MiB / 30.66GiB,0.41%,0B / 0B,0B / 1.38MB,33
2026-07-31 11:19:47,scovox,106.78%,1020MiB / 30.66GiB,3.25%,0B / 0B,0B / 4.17MB,53
2026-07-31 11:19:47,nav2,7.63%,259.4MiB / 30.66GiB,0.83%,0B / 0B,53.2kB / 1.52MB,91
2026-07-31 11:19:50,trav_ros2,101.44%,389.6MiB / 30.66GiB,1.24%,0B / 0B,0B / 1.95MB,44
2026-07-31 11:19:50,docker-recorder-run-a32a177d4325,0.00%,10.3MiB / 30.66GiB,0.03%,0B / 0B,123kB / 9.45MB,1
2026-07-31 11:19:50,glim,91.00%,463.7MiB / 30.66GiB,1.48%,0B / 0B,0B / 11.6MB,35
2026-07-31 11:19:50,ouster,6.77%,120MiB / 30.66GiB,0.38%,0B / 0B,0B / 3.07MB,30
2026-07-31 11:19:50,openzen,2.13%,34.51MiB / 30.66GiB,0.11%,0B / 0B,0B / 2.15MB,20
2026-07-31 11:19:50,domain_bridge,0.22%,75MiB / 30.66GiB,0.24%,0B / 0B,111kB / 5.17MB,28
2026-07-31 11:19:50,mapir-ffmpeg,0.10%,129.1MiB / 30.66GiB,0.41%,0B / 0B,0B / 1.38MB,33
2026-07-31 11:19:50,scovox,105.06%,1.011GiB / 30.66GiB,3.30%,0B / 0B,0B / 4.17MB,53
2026-07-31 11:19:50,nav2,6.99%,259MiB / 30.66GiB,0.82%,0B / 0B,53.2kB / 1.52MB,91
2026-07-31 11:19:53,trav_ros2,101.78%,388.9MiB / 30.66GiB,1.24%,0B / 0B,0B / 1.95MB,44
2026-07-31 11:19:53,docker-recorder-run-a32a177d4325,0.00%,10.3MiB / 30.66GiB,0.03%,0B / 0B,123kB / 9.45MB,1
2026-07-31 11:19:53,glim,91.38%,463.7MiB / 30.66GiB,1.48%,0B / 0B,0B / 11.6MB,35
2026-07-31 11:19:53,ouster,6.82%,119.7MiB / 30.66GiB,0.38%,0B / 0B,0B / 3.07MB,30
2026-07-31 11:19:53,openzen,2.02%,34.27MiB / 30.66GiB,0.11%,0B / 0B,0B / 2.15MB,20
2026-07-31 11:19:53,domain_bridge,0.65%,74.83MiB / 30.66GiB,0.24%,0B / 0B,111kB / 5.17MB,28
2026-07-31 11:19:53,mapir-ffmpeg,0.04%,129.3MiB / 30.66GiB,0.41%,0B / 0B,0B / 1.38MB,33
2026-07-31 11:19:53,scovox,107.70%,988.5MiB / 30.66GiB,3.15%,0B / 0B,0B / 4.17MB,53
2026-07-31 11:19:53,nav2,7.00%,259.1MiB / 30.66GiB,0.83%,0B / 0B,53.2kB / 1.52MB,91
2026-07-31 11:19:56,trav_ros2,101.77%,390.3MiB / 30.66GiB,1.24%,0B / 0B,0B / 1.95MB,44
2026-07-31 11:19:56,docker-recorder-run-a32a177d4325,0.00%,10.3MiB / 30.66GiB,0.03%,0B / 0B,123kB / 9.45MB,1
2026-07-31 11:19:56,glim,93.55%,463.4MiB / 30.66GiB,1.48%,0B / 0B,0B / 11.6MB,35
2026-07-31 11:19:56,ouster,6.82%,119.8MiB / 30.66GiB,0.38%,0B / 0B,0B / 3.07MB,30
2026-07-31 11:19:56,openzen,2.24%,34.52MiB / 30.66GiB,0.11%,0B / 0B,0B / 2.15MB,20
2026-07-31 11:19:56,domain_bridge,0.52%,73.73MiB / 30.66GiB,0.23%,0B / 0B,111kB / 5.17MB,28
2026-07-31 11:19:56,mapir-ffmpeg,0.25%,129.1MiB / 30.66GiB,0.41%,0B / 0B,0B / 1.38MB,33
2026-07-31 11:19:56,scovox,108.71%,988.4MiB / 30.66GiB,3.15%,0B / 0B,0B / 4.17MB,53
2026-07-31 11:19:56,nav2,7.15%,260.1MiB / 30.66GiB,0.83%,0B / 0B,53.2kB / 1.52MB,91
2026-07-31 11:19:59,trav_ros2,101.93%,389.4MiB / 30.66GiB,1.24%,0B / 0B,0B / 1.95MB,44
2026-07-31 11:19:59,docker-recorder-run-a32a177d4325,0.00%,10.3MiB / 30.66GiB,0.03%,0B / 0B,123kB / 9.45MB,1
2026-07-31 11:19:59,glim,91.51%,463.9MiB / 30.66GiB,1.48%,0B / 0B,0B / 11.6MB,35
2026-07-31 11:19:59,ouster,7.52%,119.9MiB / 30.66GiB,0.38%,0B / 0B,0B / 3.07MB,30
2026-07-31 11:19:59,openzen,2.12%,34.52MiB / 30.66GiB,0.11%,0B / 0B,0B / 2.15MB,20
2026-07-31 11:19:59,domain_bridge,0.70%,73.27MiB / 30.66GiB,0.23%,0B / 0B,111kB / 5.17MB,28
2026-07-31 11:19:59,mapir-ffmpeg,0.16%,130.1MiB / 30.66GiB,0.41%,0B / 0B,0B / 1.38MB,33
2026-07-31 11:19:59,scovox,116.03%,1.013GiB / 30.66GiB,3.30%,0B / 0B,0B / 4.17MB,53
2026-07-31 11:19:59,nav2,6.44%,259.2MiB / 30.66GiB,0.83%,0B / 0B,53.2kB / 1.52MB,91
2026-07-31 11:20:02,trav_ros2,102.08%,388.9MiB / 30.66GiB,1.24%,0B / 0B,0B / 1.95MB,44
2026-07-31 11:20:02,docker-recorder-run-a32a177d4325,0.00%,10.3MiB / 30.66GiB,0.03%,0B / 0B,123kB / 9.45MB,1
2026-07-31 11:20:02,glim,91.55%,463.6MiB / 30.66GiB,1.48%,0B / 0B,0B / 11.6MB,35
2026-07-31 11:20:02,ouster,7.31%,120.2MiB / 30.66GiB,0.38%,0B / 0B,0B / 3.07MB,30
2026-07-31 11:20:02,openzen,2.47%,34.27MiB / 30.66GiB,0.11%,0B / 0B,0B / 2.15MB,20
2026-07-31 11:20:02,domain_bridge,0.86%,73.42MiB / 30.66GiB,0.23%,0B / 0B,111kB / 5.17MB,28
2026-07-31 11:20:02,mapir-ffmpeg,0.51%,129.8MiB / 30.66GiB,0.41%,0B / 0B,0B / 1.38MB,33
2026-07-31 11:20:02,scovox,117.08%,997.4MiB / 30.66GiB,3.18%,0B / 0B,0B / 4.17MB,53
2026-07-31 11:20:02,nav2,8.91%,260.5MiB / 30.66GiB,0.83%,0B / 0B,53.2kB / 1.52MB,91
2026-07-31 11:20:05,trav_ros2,101.77%,389.1MiB / 30.66GiB,1.24%,0B / 0B,0B / 1.95MB,44
2026-07-31 11:20:05,docker-recorder-run-a32a177d4325,0.00%,10.3MiB / 30.66GiB,0.03%,0B / 0B,123kB / 9.45MB,1
2026-07-31 11:20:05,glim,88.99%,464.2MiB / 30.66GiB,1.48%,0B / 0B,0B / 11.6MB,35
2026-07-31 11:20:05,ouster,6.71%,120.3MiB / 30.66GiB,0.38%,0B / 0B,0B / 3.07MB,30
2026-07-31 11:20:05,openzen,2.28%,34.52MiB / 30.66GiB,0.11%,0B / 0B,0B / 2.15MB,20
2026-07-31 11:20:05,domain_bridge,0.26%,73.8MiB / 30.66GiB,0.24%,0B / 0B,111kB / 5.17MB,28
2026-07-31 11:20:05,mapir-ffmpeg,0.09%,129.6MiB / 30.66GiB,0.41%,0B / 0B,0B / 1.38MB,33
2026-07-31 11:20:05,scovox,104.78%,1.009GiB / 30.66GiB,3.29%,0B / 0B,0B / 4.17MB,53
2026-07-31 11:20:05,nav2,7.19%,259.5MiB / 30.66GiB,0.83%,0B / 0B,53.2kB / 1.52MB,91
2026-07-31 11:20:08,trav_ros2,101.40%,383.1MiB / 30.66GiB,1.22%,0B / 0B,0B / 1.95MB,44
2026-07-31 11:20:08,docker-recorder-run-a32a177d4325,0.00%,10.3MiB / 30.66GiB,0.03%,0B / 0B,123kB / 9.45MB,1
2026-07-31 11:20:08,glim,91.62%,464.8MiB / 30.66GiB,1.48%,0B / 0B,0B / 11.6MB,35
2026-07-31 11:20:08,ouster,6.71%,119.8MiB / 30.66GiB,0.38%,0B / 0B,0B / 3.07MB,30
2026-07-31 11:20:08,openzen,2.15%,34.3MiB / 30.66GiB,0.11%,0B / 0B,0B / 2.15MB,20
2026-07-31 11:20:08,domain_bridge,1.35%,74.79MiB / 30.66GiB,0.24%,0B / 0B,111kB / 5.17MB,28
2026-07-31 11:20:08,mapir-ffmpeg,0.10%,129.3MiB / 30.66GiB,0.41%,0B / 0B,0B / 1.38MB,33
2026-07-31 11:20:08,scovox,107.38%,997.9MiB / 30.66GiB,3.18%,0B / 0B,0B / 4.17MB,53
2026-07-31 11:20:08,nav2,7.26%,259.8MiB / 30.66GiB,0.83%,0B / 0B,53.2kB / 1.52MB,91
2026-07-31 11:20:11,trav_ros2,101.55%,389.8MiB / 30.66GiB,1.24%,0B / 0B,0B / 1.96MB,44
2026-07-31 11:20:11,docker-recorder-run-a32a177d4325,0.00%,10.3MiB / 30.66GiB,0.03%,0B / 0B,123kB / 9.45MB,1
2026-07-31 11:20:11,glim,91.34%,464.4MiB / 30.66GiB,1.48%,0B / 0B,0B / 11.6MB,35
2026-07-31 11:20:11,ouster,6.83%,120MiB / 30.66GiB,0.38%,0B / 0B,0B / 3.07MB,30
2026-07-31 11:20:11,openzen,2.14%,34.52MiB / 30.66GiB,0.11%,0B / 0B,0B / 2.15MB,20
2026-07-31 11:20:11,domain_bridge,0.49%,73.95MiB / 30.66GiB,0.24%,0B / 0B,111kB / 5.17MB,28
2026-07-31 11:20:11,mapir-ffmpeg,0.19%,129.6MiB / 30.66GiB,0.41%,0B / 0B,0B / 1.38MB,33
2026-07-31 11:20:11,scovox,106.59%,1.009GiB / 30.66GiB,3.29%,0B / 0B,0B / 4.17MB,53
2026-07-31 11:20:11,nav2,5.89%,259.9MiB / 30.66GiB,0.83%,0B / 0B,53.2kB / 1.52MB,91
2026-07-31 11:20:14,trav_ros2,101.02%,391.6MiB / 30.66GiB,1.25%,0B / 0B,0B / 1.96MB,44
2026-07-31 11:20:14,docker-recorder-run-a32a177d4325,0.00%,10.3MiB / 30.66GiB,0.03%,0B / 0B,123kB / 9.45MB,1
2026-07-31 11:20:14,glim,92.29%,465MiB / 30.66GiB,1.48%,0B / 0B,0B / 11.6MB,35
2026-07-31 11:20:14,ouster,6.67%,119.9MiB / 30.66GiB,0.38%,0B / 0B,0B / 3.07MB,30
2026-07-31 11:20:14,openzen,2.14%,34.27MiB / 30.66GiB,0.11%,0B / 0B,0B / 2.15MB,20
2026-07-31 11:20:14,domain_bridge,0.49%,73.8MiB / 30.66GiB,0.24%,0B / 0B,111kB / 5.17MB,28
2026-07-31 11:20:14,mapir-ffmpeg,0.06%,129.4MiB / 30.66GiB,0.41%,0B / 0B,0B / 1.39MB,33
2026-07-31 11:20:14,scovox,105.83%,1018MiB / 30.66GiB,3.24%,0B / 0B,0B / 4.21MB,53
2026-07-31 11:20:14,nav2,6.94%,259.3MiB / 30.66GiB,0.83%,0B / 0B,53.2kB / 1.52MB,91
2026-07-31 11:20:17,trav_ros2,101.67%,391MiB / 30.66GiB,1.25%,0B / 0B,0B / 1.96MB,44
2026-07-31 11:20:17,docker-recorder-run-a32a177d4325,0.00%,10.3MiB / 30.66GiB,0.03%,0B / 0B,123kB / 9.45MB,1
2026-07-31 11:20:17,glim,89.20%,465.4MiB / 30.66GiB,1.48%,0B / 0B,0B / 11.6MB,35
2026-07-31 11:20:17,ouster,6.97%,119.9MiB / 30.66GiB,0.38%,0B / 0B,0B / 3.07MB,30
2026-07-31 11:20:17,openzen,2.45%,34.52MiB / 30.66GiB,0.11%,0B / 0B,0B / 2.15MB,20
2026-07-31 11:20:17,domain_bridge,0.85%,74.05MiB / 30.66GiB,0.24%,0B / 0B,111kB / 5.17MB,28
2026-07-31 11:20:17,mapir-ffmpeg,0.35%,129.3MiB / 30.66GiB,0.41%,0B / 0B,0B / 1.39MB,33
2026-07-31 11:20:17,scovox,111.23%,1.014GiB / 30.66GiB,3.31%,0B / 0B,0B / 4.21MB,53
2026-07-31 11:20:17,nav2,7.66%,260.4MiB / 30.66GiB,0.83%,0B / 0B,53.2kB / 1.54MB,91
2026-07-31 11:20:21,trav_ros2,101.44%,388.8MiB / 30.66GiB,1.24%,0B / 0B,0B / 1.96MB,44
2026-07-31 11:20:21,docker-recorder-run-a32a177d4325,0.00%,10.3MiB / 30.66GiB,0.03%,0B / 0B,123kB / 9.45MB,1
2026-07-31 11:20:21,glim,96.20%,466.6MiB / 30.66GiB,1.49%,0B / 0B,0B / 11.6MB,35
2026-07-31 11:20:21,ouster,6.70%,120.5MiB / 30.66GiB,0.38%,0B / 0B,0B / 3.07MB,30
2026-07-31 11:20:21,openzen,2.09%,34.51MiB / 30.66GiB,0.11%,0B / 0B,0B / 2.15MB,20
2026-07-31 11:20:21,domain_bridge,0.43%,74MiB / 30.66GiB,0.24%,0B / 0B,111kB / 5.17MB,28
2026-07-31 11:20:21,mapir-ffmpeg,0.09%,130.1MiB / 30.66GiB,0.41%,0B / 0B,0B / 1.39MB,33
2026-07-31 11:20:21,scovox,106.48%,1GiB / 30.66GiB,3.26%,0B / 0B,0B / 4.21MB,53
2026-07-31 11:20:21,nav2,6.51%,260MiB / 30.66GiB,0.83%,0B / 0B,53.2kB / 1.54MB,91
2026-07-31 11:20:24,trav_ros2,101.86%,388.3MiB / 30.66GiB,1.24%,0B / 0B,0B / 1.96MB,44
2026-07-31 11:20:24,docker-recorder-run-a32a177d4325,0.00%,10.3MiB / 30.66GiB,0.03%,0B / 0B,123kB / 9.45MB,1
2026-07-31 11:20:24,glim,94.74%,466.6MiB / 30.66GiB,1.49%,0B / 0B,0B / 11.6MB,35
2026-07-31 11:20:24,ouster,7.03%,120.4MiB / 30.66GiB,0.38%,0B / 0B,0B / 3.07MB,30
2026-07-31 11:20:24,openzen,2.35%,34.52MiB / 30.66GiB,0.11%,0B / 0B,0B / 2.15MB,20
2026-07-31 11:20:24,domain_bridge,1.07%,75.2MiB / 30.66GiB,0.24%,0B / 0B,111kB / 5.17MB,28
2026-07-31 11:20:24,mapir-ffmpeg,0.30%,129.1MiB / 30.66GiB,0.41%,0B / 0B,0B / 1.39MB,33
2026-07-31 11:20:24,scovox,107.51%,1.032GiB / 30.66GiB,3.37%,0B / 0B,0B / 4.21MB,53
2026-07-31 11:20:24,nav2,7.34%,259.3MiB / 30.66GiB,0.83%,0B / 0B,53.2kB / 1.54MB,91
2026-07-31 11:20:27,trav_ros2,102.07%,395.8MiB / 30.66GiB,1.26%,0B / 0B,0B / 1.96MB,44
2026-07-31 11:20:27,docker-recorder-run-a32a177d4325,0.00%,10.3MiB / 30.66GiB,0.03%,0B / 0B,123kB / 9.45MB,1
2026-07-31 11:20:27,glim,91.52%,466.8MiB / 30.66GiB,1.49%,0B / 0B,0B / 11.6MB,35
2026-07-31 11:20:27,ouster,7.04%,120MiB / 30.66GiB,0.38%,0B / 0B,0B / 3.07MB,30
2026-07-31 11:20:27,openzen,2.35%,34.74MiB / 30.66GiB,0.11%,0B / 0B,0B / 2.15MB,20
2026-07-31 11:20:27,domain_bridge,0.45%,74.95MiB / 30.66GiB,0.24%,0B / 0B,111kB / 5.17MB,28
2026-07-31 11:20:27,mapir-ffmpeg,0.22%,129.8MiB / 30.66GiB,0.41%,0B / 0B,0B / 1.39MB,33
2026-07-31 11:20:27,scovox,114.74%,1020MiB / 30.66GiB,3.25%,0B / 0B,0B / 4.21MB,53
2026-07-31 11:20:27,nav2,6.71%,259.6MiB / 30.66GiB,0.83%,0B / 0B,53.2kB / 1.54MB,91
2026-07-31 11:20:30,trav_ros2,101.61%,392MiB / 30.66GiB,1.25%,0B / 0B,0B / 1.96MB,44
2026-07-31 11:20:30,docker-recorder-run-a32a177d4325,0.00%,10.3MiB / 30.66GiB,0.03%,0B / 0B,123kB / 9.45MB,1
2026-07-31 11:20:30,glim,91.81%,466.9MiB / 30.66GiB,1.49%,0B / 0B,0B / 11.6MB,35
2026-07-31 11:20:30,ouster,6.64%,119.6MiB / 30.66GiB,0.38%,0B / 0B,0B / 3.07MB,30
2026-07-31 11:20:30,openzen,2.21%,34.27MiB / 30.66GiB,0.11%,0B / 0B,0B / 2.15MB,20
2026-07-31 11:20:30,domain_bridge,0.28%,73.86MiB / 30.66GiB,0.24%,0B / 0B,111kB / 5.17MB,28
2026-07-31 11:20:30,mapir-ffmpeg,0.10%,129.6MiB / 30.66GiB,0.41%,0B / 0B,0B / 1.39MB,33
2026-07-31 11:20:30,scovox,105.62%,1.037GiB / 30.66GiB,3.38%,0B / 0B,0B / 4.21MB,53
2026-07-31 11:20:30,nav2,7.03%,259.6MiB / 30.66GiB,0.83%,0B / 0B,53.2kB / 1.54MB,91
2026-07-31 11:20:33,trav_ros2,101.36%,384.4MiB / 30.66GiB,1.22%,0B / 0B,0B / 1.96MB,44
2026-07-31 11:20:33,docker-recorder-run-a32a177d4325,0.00%,10.3MiB / 30.66GiB,0.03%,0B / 0B,123kB / 9.45MB,1
2026-07-31 11:20:33,glim,92.99%,466.2MiB / 30.66GiB,1.48%,0B / 0B,0B / 11.6MB,35
2026-07-31 11:20:33,ouster,6.63%,120.4MiB / 30.66GiB,0.38%,0B / 0B,0B / 3.07MB,30
2026-07-31 11:20:33,openzen,2.14%,34.75MiB / 30.66GiB,0.11%,0B / 0B,0B / 2.15MB,20
2026-07-31 11:20:33,domain_bridge,0.65%,74.3MiB / 30.66GiB,0.24%,0B / 0B,111kB / 5.17MB,28
2026-07-31 11:20:33,mapir-ffmpeg,0.04%,129.2MiB / 30.66GiB,0.41%,0B / 0B,0B / 1.39MB,33
2026-07-31 11:20:33,scovox,115.24%,1.017GiB / 30.66GiB,3.32%,0B / 0B,0B / 4.21MB,53
2026-07-31 11:20:33,nav2,7.51%,259.2MiB / 30.66GiB,0.83%,0B / 0B,53.2kB / 1.54MB,91
2026-07-31 11:20:36,trav_ros2,100.89%,390.1MiB / 30.66GiB,1.24%,0B / 0B,0B / 1.96MB,44
2026-07-31 11:20:36,docker-recorder-run-a32a177d4325,0.00%,10.3MiB / 30.66GiB,0.03%,0B / 0B,123kB / 9.45MB,1
2026-07-31 11:20:36,glim,97.71%,467MiB / 30.66GiB,1.49%,0B / 0B,0B / 11.6MB,35
2026-07-31 11:20:36,ouster,6.83%,120.7MiB / 30.66GiB,0.38%,0B / 0B,0B / 3.07MB,30
2026-07-31 11:20:36,openzen,2.27%,34.51MiB / 30.66GiB,0.11%,0B / 0B,0B / 2.15MB,20
2026-07-31 11:20:36,domain_bridge,0.49%,73.77MiB / 30.66GiB,0.23%,0B / 0B,111kB / 5.17MB,28
2026-07-31 11:20:36,mapir-ffmpeg,0.24%,129.8MiB / 30.66GiB,0.41%,0B / 0B,0B / 1.39MB,33
2026-07-31 11:20:36,scovox,105.19%,1.045GiB / 30.66GiB,3.41%,0B / 0B,0B / 4.21MB,53
2026-07-31 11:20:36,nav2,7.09%,259.5MiB / 30.66GiB,0.83%,0B / 0B,53.2kB / 1.54MB,91
2026-07-31 11:20:39,trav_ros2,101.14%,401MiB / 30.66GiB,1.28%,0B / 0B,0B / 1.96MB,44
2026-07-31 11:20:39,docker-recorder-run-a32a177d4325,0.00%,10.3MiB / 30.66GiB,0.03%,0B / 0B,123kB / 9.45MB,1
2026-07-31 11:20:39,glim,93.13%,466.3MiB / 30.66GiB,1.49%,0B / 0B,0B / 11.6MB,35
2026-07-31 11:20:39,ouster,6.85%,120MiB / 30.66GiB,0.38%,0B / 0B,0B / 3.07MB,30
2026-07-31 11:20:39,openzen,2.35%,34.28MiB / 30.66GiB,0.11%,0B / 0B,0B / 2.15MB,20
2026-07-31 11:20:39,domain_bridge,0.70%,73.56MiB / 30.66GiB,0.23%,0B / 0B,111kB / 5.17MB,28
2026-07-31 11:20:39,mapir-ffmpeg,0.15%,129.4MiB / 30.66GiB,0.41%,0B / 0B,0B / 1.39MB,33
2026-07-31 11:20:39,scovox,105.34%,1023MiB / 30.66GiB,3.26%,0B / 0B,0B / 4.21MB,53
2026-07-31 11:20:39,nav2,6.53%,259.1MiB / 30.66GiB,0.83%,0B / 0B,53.2kB / 1.54MB,91
2026-07-31 11:20:42,trav_ros2,100.95%,384.1MiB / 30.66GiB,1.22%,0B / 0B,0B / 1.98MB,44
2026-07-31 11:20:42,docker-recorder-run-a32a177d4325,0.00%,10.3MiB / 30.66GiB,0.03%,0B / 0B,123kB / 9.45MB,1
2026-07-31 11:20:42,glim,91.21%,466.5MiB / 30.66GiB,1.49%,0B / 0B,0B / 11.6MB,35
2026-07-31 11:20:42,ouster,7.19%,120.8MiB / 30.66GiB,0.38%,0B / 0B,0B / 3.07MB,30
2026-07-31 11:20:42,openzen,2.41%,34.52MiB / 30.66GiB,0.11%,0B / 0B,0B / 2.15MB,20
2026-07-31 11:20:42,domain_bridge,0.83%,73.63MiB / 30.66GiB,0.23%,0B / 0B,111kB / 5.17MB,28
2026-07-31 11:20:42,mapir-ffmpeg,0.56%,129.9MiB / 30.66GiB,0.41%,0B / 0B,0B / 1.39MB,33
2026-07-31 11:20:42,scovox,106.98%,1011MiB / 30.66GiB,3.22%,0B / 0B,0B / 4.21MB,53
2026-07-31 11:20:42,nav2,6.35%,259MiB / 30.66GiB,0.82%,0B / 0B,53.2kB / 1.54MB,91
2026-07-31 11:20:45,trav_ros2,101.24%,383.7MiB / 30.66GiB,1.22%,0B / 0B,0B / 1.98MB,44
2026-07-31 11:20:45,docker-recorder-run-a32a177d4325,0.00%,10.3MiB / 30.66GiB,0.03%,0B / 0B,123kB / 9.45MB,1
2026-07-31 11:20:45,glim,94.73%,466.5MiB / 30.66GiB,1.49%,0B / 0B,0B / 11.6MB,35
2026-07-31 11:20:45,ouster,6.64%,120.1MiB / 30.66GiB,0.38%,0B / 0B,0B / 3.07MB,30
2026-07-31 11:20:45,openzen,2.26%,34.53MiB / 30.66GiB,0.11%,0B / 0B,0B / 2.15MB,20
2026-07-31 11:20:45,domain_bridge,0.50%,73.82MiB / 30.66GiB,0.24%,0B / 0B,111kB / 5.17MB,28
2026-07-31 11:20:45,mapir-ffmpeg,0.09%,129.6MiB / 30.66GiB,0.41%,0B / 0B,0B / 1.39MB,33
2026-07-31 11:20:45,scovox,105.16%,1021MiB / 30.66GiB,3.25%,0B / 0B,0B / 4.21MB,53
2026-07-31 11:20:45,nav2,7.46%,259.1MiB / 30.66GiB,0.83%,0B / 0B,53.2kB / 1.54MB,91
2026-07-31 11:20:48,trav_ros2,100.53%,389.4MiB / 30.66GiB,1.24%,0B / 0B,0B / 1.98MB,44
2026-07-31 11:20:48,docker-recorder-run-a32a177d4325,0.00%,10.3MiB / 30.66GiB,0.03%,0B / 0B,123kB / 9.45MB,1
2026-07-31 11:20:48,glim,90.83%,466.4MiB / 30.66GiB,1.49%,0B / 0B,0B / 11.6MB,35
2026-07-31 11:20:48,ouster,7.39%,120.2MiB / 30.66GiB,0.38%,0B / 0B,0B / 3.07MB,30
2026-07-31 11:20:48,openzen,2.18%,34.04MiB / 30.66GiB,0.11%,0B / 0B,0B / 2.15MB,20
2026-07-31 11:20:48,domain_bridge,1.24%,74.47MiB / 30.66GiB,0.24%,0B / 0B,111kB / 5.17MB,28
2026-07-31 11:20:48,mapir-ffmpeg,0.11%,129.1MiB / 30.66GiB,0.41%,0B / 0B,0B / 1.39MB,33
2026-07-31 11:20:48,scovox,106.21%,1024MiB / 30.66GiB,3.26%,0B / 0B,0B / 4.24MB,53
2026-07-31 11:20:48,nav2,7.17%,259.1MiB / 30.66GiB,0.83%,0B / 0B,53.2kB / 1.54MB,91
2026-07-31 11:20:51,trav_ros2,101.17%,389.6MiB / 30.66GiB,1.24%,0B / 0B,0B / 1.98MB,44
2026-07-31 11:20:51,docker-recorder-run-a32a177d4325,0.00%,10.3MiB / 30.66GiB,0.03%,0B / 0B,123kB / 9.45MB,1
2026-07-31 11:20:51,glim,89.42%,466.4MiB / 30.66GiB,1.49%,0B / 0B,0B / 11.6MB,35
2026-07-31 11:20:51,ouster,6.84%,119.9MiB / 30.66GiB,0.38%,0B / 0B,0B / 3.07MB,30
2026-07-31 11:20:51,openzen,2.32%,34.05MiB / 30.66GiB,0.11%,0B / 0B,0B / 2.15MB,20
2026-07-31 11:20:51,domain_bridge,0.42%,74.04MiB / 30.66GiB,0.24%,0B / 0B,111kB / 5.17MB,28
2026-07-31 11:20:51,mapir-ffmpeg,0.27%,130.1MiB / 30.66GiB,0.41%,0B / 0B,0B / 1.39MB,33
2026-07-31 11:20:51,scovox,108.90%,1.029GiB / 30.66GiB,3.35%,0B / 0B,0B / 4.24MB,53
2026-07-31 11:20:51,nav2,6.16%,259.9MiB / 30.66GiB,0.83%,0B / 0B,53.2kB / 1.54MB,91
2026-07-31 11:20:54,trav_ros2,101.07%,389.9MiB / 30.66GiB,1.24%,0B / 0B,0B / 1.98MB,44
2026-07-31 11:20:54,docker-recorder-run-a32a177d4325,0.00%,10.3MiB / 30.66GiB,0.03%,0B / 0B,123kB / 9.45MB,1
2026-07-31 11:20:54,glim,93.97%,467.2MiB / 30.66GiB,1.49%,0B / 0B,0B / 11.6MB,35
2026-07-31 11:20:54,ouster,6.70%,120.2MiB / 30.66GiB,0.38%,0B / 0B,0B / 3.07MB,30
2026-07-31 11:20:54,openzen,1.98%,34.04MiB / 30.66GiB,0.11%,0B / 0B,0B / 2.15MB,20
2026-07-31 11:20:54,domain_bridge,0.40%,73.96MiB / 30.66GiB,0.24%,0B / 0B,111kB / 5.17MB,28
2026-07-31 11:20:54,mapir-ffmpeg,0.05%,129.6MiB / 30.66GiB,0.41%,0B / 0B,0B / 1.39MB,33
2026-07-31 11:20:54,scovox,110.22%,1.025GiB / 30.66GiB,3.34%,0B / 0B,0B / 4.24MB,53
2026-07-31 11:20:54,nav2,7.08%,259.1MiB / 30.66GiB,0.83%,0B / 0B,53.2kB / 1.56MB,91
2026-07-31 11:20:57,trav_ros2,101.07%,389.2MiB / 30.66GiB,1.24%,0B / 0B,0B / 1.98MB,44
2026-07-31 11:20:57,docker-recorder-run-a32a177d4325,0.00%,10.3MiB / 30.66GiB,0.03%,0B / 0B,123kB / 9.45MB,1
2026-07-31 11:20:57,glim,94.55%,466.6MiB / 30.66GiB,1.49%,0B / 0B,0B / 11.6MB,35
2026-07-31 11:20:57,ouster,7.02%,120.3MiB / 30.66GiB,0.38%,0B / 0B,0B / 3.07MB,30
2026-07-31 11:20:57,openzen,2.55%,34.54MiB / 30.66GiB,0.11%,0B / 0B,0B / 2.15MB,20
2026-07-31 11:20:57,domain_bridge,0.74%,73.86MiB / 30.66GiB,0.24%,0B / 0B,111kB / 5.17MB,28
2026-07-31 11:20:57,mapir-ffmpeg,0.31%,129.4MiB / 30.66GiB,0.41%,0B / 0B,0B / 1.39MB,33
2026-07-31 11:20:57,scovox,106.34%,1.017GiB / 30.66GiB,3.32%,0B / 0B,0B / 4.24MB,53
2026-07-31 11:20:57,nav2,7.95%,260.5MiB / 30.66GiB,0.83%,0B / 0B,53.2kB / 1.56MB,91
2026-07-31 11:21:01,trav_ros2,101.20%,382.6MiB / 30.66GiB,1.22%,0B / 0B,0B / 1.98MB,44
2026-07-31 11:21:01,docker-recorder-run-a32a177d4325,0.00%,10.3MiB / 30.66GiB,0.03%,0B / 0B,123kB / 9.45MB,1
2026-07-31 11:21:01,glim,93.48%,466.7MiB / 30.66GiB,1.49%,0B / 0B,0B / 11.6MB,35
2026-07-31 11:21:01,ouster,7.31%,120.8MiB / 30.66GiB,0.38%,0B / 0B,0B / 3.07MB,30
2026-07-31 11:21:01,openzen,2.22%,34.78MiB / 30.66GiB,0.11%,0B / 0B,0B / 2.15MB,20
2026-07-31 11:21:01,domain_bridge,0.52%,74.1MiB / 30.66GiB,0.24%,0B / 0B,111kB / 5.17MB,28
2026-07-31 11:21:01,mapir-ffmpeg,0.08%,129.4MiB / 30.66GiB,0.41%,0B / 0B,0B / 1.39MB,33
2026-07-31 11:21:01,scovox,112.08%,1.001GiB / 30.66GiB,3.26%,0B / 0B,0B / 4.24MB,53
2026-07-31 11:21:01,nav2,6.61%,258.8MiB / 30.66GiB,0.82%,0B / 0B,53.2kB / 1.56MB,91
2026-07-31 11:21:04,trav_ros2,101.46%,390.4MiB / 30.66GiB,1.24%,0B / 0B,0B / 1.98MB,44
2026-07-31 11:21:04,docker-recorder-run-a32a177d4325,0.00%,10.3MiB / 30.66GiB,0.03%,0B / 0B,123kB / 9.45MB,1
2026-07-31 11:21:04,glim,91.96%,466.1MiB / 30.66GiB,1.48%,0B / 0B,0B / 11.6MB,35
2026-07-31 11:21:04,ouster,7.01%,119.9MiB / 30.66GiB,0.38%,0B / 0B,0B / 3.07MB,30
2026-07-31 11:21:04,openzen,2.27%,34.29MiB / 30.66GiB,0.11%,0B / 0B,0B / 2.15MB,20
2026-07-31 11:21:04,domain_bridge,0.91%,73.81MiB / 30.66GiB,0.24%,0B / 0B,111kB / 5.17MB,28
2026-07-31 11:21:04,mapir-ffmpeg,0.32%,129.3MiB / 30.66GiB,0.41%,0B / 0B,0B / 1.39MB,33
2026-07-31 11:21:04,scovox,106.33%,1.027GiB / 30.66GiB,3.35%,0B / 0B,0B / 4.24MB,53
2026-07-31 11:21:04,nav2,7.20%,259.1MiB / 30.66GiB,0.83%,0B / 0B,53.2kB / 1.56MB,91
2026-07-31 11:21:07,trav_ros2,100.70%,389.9MiB / 30.66GiB,1.24%,0B / 0B,0B / 1.98MB,44
2026-07-31 11:21:07,docker-recorder-run-a32a177d4325,0.00%,10.3MiB / 30.66GiB,0.03%,0B / 0B,123kB / 9.45MB,1
2026-07-31 11:21:07,glim,92.05%,466.6MiB / 30.66GiB,1.49%,0B / 0B,0B / 11.6MB,35
2026-07-31 11:21:07,ouster,6.92%,120.5MiB / 30.66GiB,0.38%,0B / 0B,0B / 3.07MB,30
2026-07-31 11:21:07,openzen,2.30%,34.28MiB / 30.66GiB,0.11%,0B / 0B,0B / 2.15MB,20
2026-07-31 11:21:07,domain_bridge,0.36%,73.8MiB / 30.66GiB,0.24%,0B / 0B,111kB / 5.17MB,28
2026-07-31 11:21:07,mapir-ffmpeg,0.20%,130.4MiB / 30.66GiB,0.42%,0B / 0B,0B / 1.39MB,33
2026-07-31 11:21:07,scovox,105.37%,1.022GiB / 30.66GiB,3.33%,0B / 0B,0B / 4.24MB,53
2026-07-31 11:21:07,nav2,6.87%,260.1MiB / 30.66GiB,0.83%,0B / 0B,53.2kB / 1.56MB,91
2026-07-31 11:21:10,trav_ros2,100.83%,389.4MiB / 30.66GiB,1.24%,0B / 0B,0B / 1.98MB,44
2026-07-31 11:21:10,docker-recorder-run-a32a177d4325,0.00%,10.3MiB / 30.66GiB,0.03%,0B / 0B,123kB / 9.45MB,1
2026-07-31 11:21:10,glim,94.96%,467.2MiB / 30.66GiB,1.49%,0B / 0B,0B / 11.6MB,35
2026-07-31 11:21:10,ouster,6.73%,120MiB / 30.66GiB,0.38%,0B / 0B,0B / 3.07MB,30
2026-07-31 11:21:10,openzen,2.11%,34.28MiB / 30.66GiB,0.11%,0B / 0B,0B / 2.15MB,20
2026-07-31 11:21:10,domain_bridge,0.24%,74MiB / 30.66GiB,0.24%,0B / 0B,111kB / 5.17MB,28
2026-07-31 11:21:10,mapir-ffmpeg,0.10%,129.6MiB / 30.66GiB,0.41%,0B / 0B,0B / 1.39MB,33
2026-07-31 11:21:10,scovox,104.38%,1.027GiB / 30.66GiB,3.35%,0B / 0B,0B / 4.24MB,53
2026-07-31 11:21:10,nav2,7.05%,259.1MiB / 30.66GiB,0.83%,0B / 0B,53.2kB / 1.56MB,91
2026-07-31 11:21:13,trav_ros2,101.02%,390.2MiB / 30.66GiB,1.24%,0B / 0B,0B / 2MB,44
2026-07-31 11:21:13,docker-recorder-run-a32a177d4325,0.00%,10.3MiB / 30.66GiB,0.03%,0B / 0B,123kB / 9.45MB,1
2026-07-31 11:21:13,glim,90.72%,466.8MiB / 30.66GiB,1.49%,0B / 0B,0B / 11.6MB,35
2026-07-31 11:21:13,ouster,6.73%,120MiB / 30.66GiB,0.38%,0B / 0B,0B / 3.07MB,30
2026-07-31 11:21:13,openzen,2.09%,34.28MiB / 30.66GiB,0.11%,0B / 0B,0B / 2.15MB,20
2026-07-31 11:21:13,domain_bridge,0.81%,74.53MiB / 30.66GiB,0.24%,0B / 0B,111kB / 5.17MB,28
2026-07-31 11:21:13,mapir-ffmpeg,0.03%,130.1MiB / 30.66GiB,0.41%,0B / 0B,0B / 1.39MB,33
2026-07-31 11:21:13,scovox,106.43%,1.023GiB / 30.66GiB,3.34%,0B / 0B,0B / 4.24MB,53
2026-07-31 11:21:13,nav2,6.79%,259.1MiB / 30.66GiB,0.83%,0B / 0B,53.2kB / 1.56MB,91
2026-07-31 11:21:16,trav_ros2,100.76%,391.1MiB / 30.66GiB,1.25%,0B / 0B,0B / 2MB,44
2026-07-31 11:21:16,docker-recorder-run-a32a177d4325,0.00%,10.3MiB / 30.66GiB,0.03%,0B / 0B,123kB / 9.45MB,1
2026-07-31 11:21:16,glim,92.88%,467MiB / 30.66GiB,1.49%,0B / 0B,0B / 11.6MB,35
2026-07-31 11:21:16,ouster,6.82%,119.9MiB / 30.66GiB,0.38%,0B / 0B,0B / 3.07MB,30
2026-07-31 11:21:16,openzen,2.20%,34.28MiB / 30.66GiB,0.11%,0B / 0B,0B / 2.15MB,20
2026-07-31 11:21:16,domain_bridge,0.75%,74.04MiB / 30.66GiB,0.24%,0B / 0B,111kB / 5.17MB,28
2026-07-31 11:21:16,mapir-ffmpeg,0.35%,130.1MiB / 30.66GiB,0.41%,0B / 0B,0B / 1.39MB,33
2026-07-31 11:21:16,scovox,112.64%,1.051GiB / 30.66GiB,3.43%,0B / 0B,0B / 4.24MB,53
2026-07-31 11:21:16,nav2,7.12%,260.1MiB / 30.66GiB,0.83%,0B / 0B,53.2kB / 1.56MB,91
2026-07-31 11:21:19,trav_ros2,101.37%,392MiB / 30.66GiB,1.25%,0B / 0B,0B / 2MB,44
2026-07-31 11:21:19,docker-recorder-run-a32a177d4325,0.00%,10.3MiB / 30.66GiB,0.03%,0B / 0B,123kB / 9.45MB,1
2026-07-31 11:21:19,glim,97.74%,466.3MiB / 30.66GiB,1.49%,0B / 0B,0B / 11.6MB,35
2026-07-31 11:21:19,ouster,6.83%,119.7MiB / 30.66GiB,0.38%,0B / 0B,0B / 3.07MB,30
2026-07-31 11:21:19,openzen,2.36%,34.28MiB / 30.66GiB,0.11%,0B / 0B,0B / 2.15MB,20
2026-07-31 11:21:19,domain_bridge,0.58%,74.33MiB / 30.66GiB,0.24%,0B / 0B,111kB / 5.17MB,28
2026-07-31 11:21:19,mapir-ffmpeg,0.08%,129.6MiB / 30.66GiB,0.41%,0B / 0B,0B / 1.39MB,33
2026-07-31 11:21:19,scovox,105.45%,1.006GiB / 30.66GiB,3.28%,0B / 0B,0B / 4.24MB,53
2026-07-31 11:21:19,nav2,7.09%,259.6MiB / 30.66GiB,0.83%,0B / 0B,53.2kB / 1.56MB,91
2026-07-31 11:21:22,trav_ros2,101.12%,388.4MiB / 30.66GiB,1.24%,0B / 0B,0B / 2MB,44
2026-07-31 11:21:22,docker-recorder-run-a32a177d4325,0.00%,10.3MiB / 30.66GiB,0.03%,0B / 0B,123kB / 9.45MB,1
2026-07-31 11:21:22,glim,91.12%,466.5MiB / 30.66GiB,1.49%,0B / 0B,0B / 11.6MB,35
2026-07-31 11:21:22,ouster,7.25%,120.7MiB / 30.66GiB,0.38%,0B / 0B,0B / 3.07MB,30
2026-07-31 11:21:22,openzen,2.46%,34.77MiB / 30.66GiB,0.11%,0B / 0B,0B / 2.15MB,20
2026-07-31 11:21:22,domain_bridge,0.83%,73.96MiB / 30.66GiB,0.24%,0B / 0B,111kB / 5.17MB,28
2026-07-31 11:21:22,mapir-ffmpeg,0.58%,129.6MiB / 30.66GiB,0.41%,0B / 0B,0B / 1.4MB,33
2026-07-31 11:21:22,scovox,107.98%,1017MiB / 30.66GiB,3.24%,0B / 0B,0B / 4.24MB,53
2026-07-31 11:21:22,nav2,7.10%,259MiB / 30.66GiB,0.82%,0B / 0B,53.2kB / 1.56MB,91
2026-07-31 11:21:25,trav_ros2,101.87%,389.8MiB / 30.66GiB,1.24%,0B / 0B,0B / 2MB,44
2026-07-31 11:21:25,docker-recorder-run-a32a177d4325,0.00%,10.3MiB / 30.66GiB,0.03%,0B / 0B,123kB / 9.45MB,1
2026-07-31 11:21:25,glim,94.54%,466.9MiB / 30.66GiB,1.49%,0B / 0B,0B / 11.6MB,35
2026-07-31 11:21:25,ouster,6.86%,120.3MiB / 30.66GiB,0.38%,0B / 0B,0B / 3.07MB,30
2026-07-31 11:21:25,openzen,2.33%,34.51MiB / 30.66GiB,0.11%,0B / 0B,0B / 2.15MB,20
2026-07-31 11:21:25,domain_bridge,0.51%,74.31MiB / 30.66GiB,0.24%,0B / 0B,111kB / 5.17MB,28
2026-07-31 11:21:25,mapir-ffmpeg,0.05%,129.1MiB / 30.66GiB,0.41%,0B / 0B,0B / 1.4MB,33
2026-07-31 11:21:25,scovox,116.28%,1.032GiB / 30.66GiB,3.36%,0B / 0B,0B / 4.27MB,53
2026-07-31 11:21:25,nav2,7.00%,259.1MiB / 30.66GiB,0.83%,0B / 0B,53.2kB / 1.56MB,91
2026-07-31 11:21:28,trav_ros2,101.50%,390.2MiB / 30.66GiB,1.24%,0B / 0B,0B / 2MB,44
2026-07-31 11:21:28,docker-recorder-run-a32a177d4325,0.00%,10.3MiB / 30.66GiB,0.03%,0B / 0B,123kB / 9.45MB,1
2026-07-31 11:21:28,glim,91.77%,466.3MiB / 30.66GiB,1.49%,0B / 0B,0B / 11.6MB,35
2026-07-31 11:21:28,ouster,6.81%,120.2MiB / 30.66GiB,0.38%,0B / 0B,0B / 3.07MB,30
2026-07-31 11:21:28,openzen,2.32%,34.52MiB / 30.66GiB,0.11%,0B / 0B,0B / 2.15MB,20
2026-07-31 11:21:28,domain_bridge,1.26%,74.07MiB / 30.66GiB,0.24%,0B / 0B,111kB / 5.17MB,28
2026-07-31 11:21:28,mapir-ffmpeg,0.15%,129.6MiB / 30.66GiB,0.41%,0B / 0B,0B / 1.4MB,33
2026-07-31 11:21:28,scovox,106.93%,1022MiB / 30.66GiB,3.25%,0B / 0B,0B / 4.27MB,53
2026-07-31 11:21:28,nav2,6.03%,259MiB / 30.66GiB,0.82%,0B / 0B,53.2kB / 1.57MB,91
2026-07-31 11:21:31,trav_ros2,101.67%,384.4MiB / 30.66GiB,1.22%,0B / 0B,0B / 2MB,44
2026-07-31 11:21:31,docker-recorder-run-a32a177d4325,0.00%,10.3MiB / 30.66GiB,0.03%,0B / 0B,123kB / 9.45MB,1
2026-07-31 11:21:31,glim,92.35%,466.1MiB / 30.66GiB,1.48%,0B / 0B,0B / 11.6MB,35
2026-07-31 11:21:31,ouster,6.85%,120.7MiB / 30.66GiB,0.38%,0B / 0B,0B / 3.07MB,30
2026-07-31 11:21:31,openzen,2.29%,34.75MiB / 30.66GiB,0.11%,0B / 0B,0B / 2.15MB,20
2026-07-31 11:21:31,domain_bridge,0.50%,74.31MiB / 30.66GiB,0.24%,0B / 0B,111kB / 5.17MB,28
2026-07-31 11:21:31,mapir-ffmpeg,0.25%,130.1MiB / 30.66GiB,0.41%,0B / 0B,0B / 1.4MB,33
2026-07-31 11:21:31,scovox,106.15%,1.009GiB / 30.66GiB,3.29%,0B / 0B,0B / 4.27MB,53
2026-07-31 11:21:31,nav2,7.64%,259.3MiB / 30.66GiB,0.83%,0B / 0B,53.2kB / 1.57MB,91
2026-07-31 11:21:34,trav_ros2,101.42%,383.9MiB / 30.66GiB,1.22%,0B / 0B,0B / 2MB,44
2026-07-31 11:21:34,docker-recorder-run-a32a177d4325,0.00%,10.3MiB / 30.66GiB,0.03%,0B / 0B,123kB / 9.45MB,1
2026-07-31 11:21:34,glim,97.19%,467.5MiB / 30.66GiB,1.49%,0B / 0B,0B / 11.6MB,35
2026-07-31 11:21:34,ouster,6.71%,120MiB / 30.66GiB,0.38%,0B / 0B,0B / 3.07MB,30
2026-07-31 11:21:34,openzen,2.44%,34.27MiB / 30.66GiB,0.11%,0B / 0B,0B / 2.15MB,20
2026-07-31 11:21:34,domain_bridge,0.47%,74.66MiB / 30.66GiB,0.24%,0B / 0B,111kB / 5.17MB,28
2026-07-31 11:21:34,mapir-ffmpeg,0.05%,129.1MiB / 30.66GiB,0.41%,0B / 0B,0B / 1.4MB,33
2026-07-31 11:21:34,scovox,107.45%,1.038GiB / 30.66GiB,3.38%,0B / 0B,0B / 4.27MB,53
2026-07-31 11:21:34,nav2,7.14%,258.9MiB / 30.66GiB,0.82%,0B / 0B,53.2kB / 1.57MB,91
2026-07-31 11:21:37,trav_ros2,101.43%,389.4MiB / 30.66GiB,1.24%,0B / 0B,0B / 2MB,44
2026-07-31 11:21:37,docker-recorder-run-a32a177d4325,0.00%,10.3MiB / 30.66GiB,0.03%,0B / 0B,123kB / 9.45MB,1
2026-07-31 11:21:37,glim,92.61%,466.8MiB / 30.66GiB,1.49%,0B / 0B,0B / 11.6MB,35
2026-07-31 11:21:37,ouster,7.55%,119.7MiB / 30.66GiB,0.38%,0B / 0B,0B / 3.07MB,30
2026-07-31 11:21:37,openzen,2.45%,34.28MiB / 30.66GiB,0.11%,0B / 0B,0B / 2.15MB,20
2026-07-31 11:21:37,domain_bridge,0.80%,73.75MiB / 30.66GiB,0.23%,0B / 0B,111kB / 5.17MB,28
2026-07-31 11:21:37,mapir-ffmpeg,0.33%,129.3MiB / 30.66GiB,0.41%,0B / 0B,0B / 1.4MB,33
2026-07-31 11:21:37,scovox,106.88%,1.026GiB / 30.66GiB,3.35%,0B / 0B,0B / 4.27MB,53
2026-07-31 11:21:37,nav2,7.05%,260.1MiB / 30.66GiB,0.83%,0B / 0B,53.2kB / 1.57MB,91
2026-07-31 11:21:40,trav_ros2,101.45%,440MiB / 30.66GiB,1.40%,0B / 0B,0B / 2MB,44
2026-07-31 11:21:40,docker-recorder-run-a32a177d4325,0.00%,10.3MiB / 30.66GiB,0.03%,0B / 0B,123kB / 9.45MB,1
2026-07-31 11:21:40,glim,92.50%,467.4MiB / 30.66GiB,1.49%,0B / 0B,0B / 11.6MB,35
2026-07-31 11:21:40,ouster,6.85%,120.9MiB / 30.66GiB,0.38%,0B / 0B,0B / 3.07MB,30
2026-07-31 11:21:40,openzen,2.23%,34.57MiB / 30.66GiB,0.11%,0B / 0B,0B / 2.15MB,20
2026-07-31 11:21:40,domain_bridge,0.84%,74.36MiB / 30.66GiB,0.24%,0B / 0B,111kB / 5.17MB,28
2026-07-31 11:21:40,mapir-ffmpeg,0.08%,130.6MiB / 30.66GiB,0.42%,0B / 0B,0B / 1.4MB,33
2026-07-31 11:21:40,scovox,114.43%,1.044GiB / 30.66GiB,3.40%,0B / 0B,0B / 4.27MB,53
2026-07-31 11:21:40,nav2,7.03%,259.1MiB / 30.66GiB,0.83%,0B / 0B,53.2kB / 1.57MB,91
2026-07-31 11:21:44,trav_ros2,101.12%,390.3MiB / 30.66GiB,1.24%,0B / 0B,0B / 2MB,44
2026-07-31 11:21:44,docker-recorder-run-a32a177d4325,0.00%,10.3MiB / 30.66GiB,0.03%,0B / 0B,123kB / 9.45MB,1
2026-07-31 11:21:44,glim,92.32%,467.3MiB / 30.66GiB,1.49%,0B / 0B,0B / 11.6MB,35
2026-07-31 11:21:44,ouster,7.09%,120.6MiB / 30.66GiB,0.38%,0B / 0B,0B / 3.07MB,30
2026-07-31 11:21:44,openzen,1.99%,34.29MiB / 30.66GiB,0.11%,0B / 0B,0B / 2.15MB,20
2026-07-31 11:21:44,domain_bridge,1.43%,75.09MiB / 30.66GiB,0.24%,0B / 0B,111kB / 5.17MB,28
2026-07-31 11:21:44,mapir-ffmpeg,0.31%,129.4MiB / 30.66GiB,0.41%,0B / 0B,0B / 1.4MB,33
2026-07-31 11:21:44,scovox,115.20%,1.03GiB / 30.66GiB,3.36%,0B / 0B,0B / 4.27MB,53
2026-07-31 11:21:44,nav2,7.18%,259MiB / 30.66GiB,0.82%,0B / 0B,53.2kB / 1.57MB,91
2026-07-31 11:21:47,trav_ros2,101.59%,390MiB / 30.66GiB,1.24%,0B / 0B,0B / 2.02MB,44
2026-07-31 11:21:47,docker-recorder-run-a32a177d4325,0.00%,10.3MiB / 30.66GiB,0.03%,0B / 0B,123kB / 9.45MB,1
2026-07-31 11:21:47,glim,92.94%,466.4MiB / 30.66GiB,1.49%,0B / 0B,0B / 11.6MB,35
2026-07-31 11:21:47,ouster,7.08%,120.1MiB / 30.66GiB,0.38%,0B / 0B,0B / 3.07MB,30
2026-07-31 11:21:47,openzen,2.37%,34.3MiB / 30.66GiB,0.11%,0B / 0B,0B / 2.15MB,20
2026-07-31 11:21:47,domain_bridge,0.57%,73.7MiB / 30.66GiB,0.23%,0B / 0B,111kB / 5.17MB,28
2026-07-31 11:21:47,mapir-ffmpeg,0.29%,129.9MiB / 30.66GiB,0.41%,0B / 0B,0B / 1.4MB,33
2026-07-31 11:21:47,scovox,115.88%,1.054GiB / 30.66GiB,3.44%,0B / 0B,0B / 4.27MB,53
2026-07-31 11:21:47,nav2,7.98%,260.3MiB / 30.66GiB,0.83%,0B / 0B,53.2kB / 1.57MB,91
2026-07-31 11:21:50,trav_ros2,101.51%,390.5MiB / 30.66GiB,1.24%,0B / 0B,0B / 2.02MB,44
2026-07-31 11:21:50,docker-recorder-run-a32a177d4325,0.00%,10.3MiB / 30.66GiB,0.03%,0B / 0B,123kB / 9.45MB,1
2026-07-31 11:21:50,glim,91.40%,467.4MiB / 30.66GiB,1.49%,0B / 0B,0B / 11.6MB,35
2026-07-31 11:21:50,ouster,6.85%,119.9MiB / 30.66GiB,0.38%,0B / 0B,0B / 3.07MB,30
2026-07-31 11:21:50,openzen,2.34%,34.04MiB / 30.66GiB,0.11%,0B / 0B,0B / 2.15MB,20
2026-07-31 11:21:50,domain_bridge,0.47%,74.19MiB / 30.66GiB,0.24%,0B / 0B,111kB / 5.17MB,28
2026-07-31 11:21:50,mapir-ffmpeg,0.10%,129.4MiB / 30.66GiB,0.41%,0B / 0B,0B / 1.4MB,33
2026-07-31 11:21:50,scovox,106.39%,1.047GiB / 30.66GiB,3.41%,0B / 0B,0B / 4.27MB,53
2026-07-31 11:21:50,nav2,7.25%,258.9MiB / 30.66GiB,0.82%,0B / 0B,53.2kB / 1.57MB,91
2026-07-31 11:21:53,trav_ros2,101.35%,384.1MiB / 30.66GiB,1.22%,0B / 0B,0B / 2.02MB,44
2026-07-31 11:21:53,docker-recorder-run-a32a177d4325,0.00%,10.3MiB / 30.66GiB,0.03%,0B / 0B,123kB / 9.45MB,1
2026-07-31 11:21:53,glim,92.03%,467.3MiB / 30.66GiB,1.49%,0B / 0B,0B / 11.6MB,35
2026-07-31 11:21:53,ouster,6.61%,120.1MiB / 30.66GiB,0.38%,0B / 0B,0B / 3.07MB,30
2026-07-31 11:21:53,openzen,2.20%,34.28MiB / 30.66GiB,0.11%,0B / 0B,0B / 2.15MB,20
2026-07-31 11:21:53,domain_bridge,0.88%,74.83MiB / 30.66GiB,0.24%,0B / 0B,111kB / 5.17MB,28
2026-07-31 11:21:53,mapir-ffmpeg,0.04%,129.3MiB / 30.66GiB,0.41%,0B / 0B,0B / 1.4MB,33
2026-07-31 11:21:53,scovox,107.01%,1.059GiB / 30.66GiB,3.45%,0B / 0B,0B / 4.27MB,53
2026-07-31 11:21:53,nav2,6.49%,259MiB / 30.66GiB,0.82%,0B / 0B,53.2kB / 1.57MB,91
2026-07-31 11:21:56,trav_ros2,101.82%,390.6MiB / 30.66GiB,1.24%,0B / 0B,0B / 2.02MB,44
2026-07-31 11:21:56,docker-recorder-run-a32a177d4325,0.00%,10.3MiB / 30.66GiB,0.03%,0B / 0B,123kB / 9.45MB,1
2026-07-31 11:21:56,glim,90.89%,467.7MiB / 30.66GiB,1.49%,0B / 0B,0B / 11.6MB,35
2026-07-31 11:21:56,ouster,6.89%,120.5MiB / 30.66GiB,0.38%,0B / 0B,0B / 3.07MB,30
2026-07-31 11:21:56,openzen,2.43%,34.54MiB / 30.66GiB,0.11%,0B / 0B,0B / 2.15MB,20
2026-07-31 11:21:56,domain_bridge,0.68%,74.32MiB / 30.66GiB,0.24%,0B / 0B,111kB / 5.17MB,28
2026-07-31 11:21:56,mapir-ffmpeg,0.28%,129.7MiB / 30.66GiB,0.41%,0B / 0B,0B / 1.4MB,33
2026-07-31 11:21:56,scovox,106.61%,1.087GiB / 30.66GiB,3.55%,0B / 0B,0B / 4.27MB,53
2026-07-31 11:21:56,nav2,6.95%,259.1MiB / 30.66GiB,0.83%,0B / 0B,53.2kB / 1.57MB,91
2026-07-31 11:21:59,trav_ros2,101.84%,390.5MiB / 30.66GiB,1.24%,0B / 0B,0B / 2.02MB,44
2026-07-31 11:21:59,docker-recorder-run-a32a177d4325,0.00%,10.3MiB / 30.66GiB,0.03%,0B / 0B,123kB / 9.45MB,1
2026-07-31 11:21:59,glim,92.04%,466.6MiB / 30.66GiB,1.49%,0B / 0B,0B / 11.6MB,35
2026-07-31 11:21:59,ouster,6.88%,120.5MiB / 30.66GiB,0.38%,0B / 0B,0B / 3.07MB,30
2026-07-31 11:21:59,openzen,2.27%,34.04MiB / 30.66GiB,0.11%,0B / 0B,0B / 2.15MB,20
2026-07-31 11:21:59,domain_bridge,0.58%,73.91MiB / 30.66GiB,0.24%,0B / 0B,111kB / 5.17MB,28
2026-07-31 11:21:59,mapir-ffmpeg,0.09%,129.6MiB / 30.66GiB,0.41%,0B / 0B,0B / 1.4MB,33
2026-07-31 11:21:59,scovox,115.60%,1.065GiB / 30.66GiB,3.47%,0B / 0B,0B / 4.3MB,53
2026-07-31 11:21:59,nav2,7.13%,258.9MiB / 30.66GiB,0.82%,0B / 0B,53.2kB / 1.57MB,91
2026-07-31 11:22:02,trav_ros2,101.78%,391.2MiB / 30.66GiB,1.25%,0B / 0B,0B / 2.02MB,44
2026-07-31 11:22:02,docker-recorder-run-a32a177d4325,0.00%,10.3MiB / 30.66GiB,0.03%,0B / 0B,123kB / 9.45MB,1
2026-07-31 11:22:02,glim,93.43%,467.1MiB / 30.66GiB,1.49%,0B / 0B,0B / 11.6MB,35
2026-07-31 11:22:02,ouster,7.07%,120.9MiB / 30.66GiB,0.39%,0B / 0B,0B / 3.07MB,30
2026-07-31 11:22:02,openzen,2.54%,34.78MiB / 30.66GiB,0.11%,0B / 0B,0B / 2.15MB,20
2026-07-31 11:22:02,domain_bridge,0.77%,74.07MiB / 30.66GiB,0.24%,0B / 0B,111kB / 5.17MB,28
2026-07-31 11:22:02,mapir-ffmpeg,0.55%,129.3MiB / 30.66GiB,0.41%,0B / 0B,0B / 1.4MB,33
2026-07-31 11:22:02,scovox,109.32%,1.031GiB / 30.66GiB,3.36%,0B / 0B,0B / 4.3MB,53
2026-07-31 11:22:02,nav2,6.93%,259MiB / 30.66GiB,0.82%,0B / 0B,53.2kB / 1.59MB,91
2026-07-31 11:22:05,trav_ros2,100.99%,390.2MiB / 30.66GiB,1.24%,0B / 0B,0B / 2.02MB,44
2026-07-31 11:22:05,docker-recorder-run-a32a177d4325,0.00%,10.3MiB / 30.66GiB,0.03%,0B / 0B,123kB / 9.45MB,1
2026-07-31 11:22:05,glim,95.51%,467.1MiB / 30.66GiB,1.49%,0B / 0B,0B / 11.6MB,35
2026-07-31 11:22:05,ouster,6.71%,121.3MiB / 30.66GiB,0.39%,0B / 0B,0B / 3.07MB,30
2026-07-31 11:22:05,openzen,2.33%,34.53MiB / 30.66GiB,0.11%,0B / 0B,0B / 2.15MB,20
2026-07-31 11:22:05,domain_bridge,0.60%,73.77MiB / 30.66GiB,0.23%,0B / 0B,111kB / 5.17MB,28
2026-07-31 11:22:05,mapir-ffmpeg,0.04%,129.1MiB / 30.66GiB,0.41%,0B / 0B,0B / 1.4MB,33
2026-07-31 11:22:05,scovox,104.71%,1.041GiB / 30.66GiB,3.40%,0B / 0B,0B / 4.3MB,53
2026-07-31 11:22:05,nav2,6.41%,259.1MiB / 30.66GiB,0.83%,0B / 0B,53.2kB / 1.59MB,91
2026-07-31 11:22:08,trav_ros2,100.92%,390.4MiB / 30.66GiB,1.24%,0B / 0B,0B / 2.02MB,44
2026-07-31 11:22:08,docker-recorder-run-a32a177d4325,0.00%,10.3MiB / 30.66GiB,0.03%,0B / 0B,123kB / 9.45MB,1
2026-07-31 11:22:08,glim,89.90%,467.2MiB / 30.66GiB,1.49%,0B / 0B,0B / 11.6MB,35
2026-07-31 11:22:08,ouster,6.80%,120.4MiB / 30.66GiB,0.38%,0B / 0B,0B / 3.07MB,30
2026-07-31 11:22:08,openzen,2.12%,34.28MiB / 30.66GiB,0.11%,0B / 0B,0B / 2.15MB,20
2026-07-31 11:22:08,domain_bridge,1.20%,75.38MiB / 30.66GiB,0.24%,0B / 0B,111kB / 5.17MB,28
2026-07-31 11:22:08,mapir-ffmpeg,0.16%,129.4MiB / 30.66GiB,0.41%,0B / 0B,0B / 1.4MB,33
2026-07-31 11:22:08,scovox,106.96%,1.032GiB / 30.66GiB,3.37%,0B / 0B,0B / 4.3MB,53
2026-07-31 11:22:08,nav2,7.02%,258.6MiB / 30.66GiB,0.82%,0B / 0B,53.2kB / 1.59MB,91
2026-07-31 11:22:11,trav_ros2,101.17%,388.9MiB / 30.66GiB,1.24%,0B / 0B,0B / 2.02MB,44
2026-07-31 11:22:11,docker-recorder-run-a32a177d4325,0.00%,10.3MiB / 30.66GiB,0.03%,0B / 0B,123kB / 9.45MB,1
2026-07-31 11:22:11,glim,96.94%,467.7MiB / 30.66GiB,1.49%,0B / 0B,0B / 11.6MB,35
2026-07-31 11:22:11,ouster,6.73%,120.9MiB / 30.66GiB,0.39%,0B / 0B,0B / 3.07MB,30
2026-07-31 11:22:11,openzen,2.21%,34.52MiB / 30.66GiB,0.11%,0B / 0B,0B / 2.15MB,20
2026-07-31 11:22:11,domain_bridge,0.52%,74.07MiB / 30.66GiB,0.24%,0B / 0B,111kB / 5.17MB,28
2026-07-31 11:22:11,mapir-ffmpeg,0.14%,129.8MiB / 30.66GiB,0.41%,0B / 0B,0B / 1.4MB,33
2026-07-31 11:22:11,scovox,114.39%,1.043GiB / 30.66GiB,3.40%,0B / 0B,0B / 4.3MB,53
2026-07-31 11:22:11,nav2,7.18%,258.9MiB / 30.66GiB,0.82%,0B / 0B,53.2kB / 1.59MB,91
2026-07-31 11:22:14,trav_ros2,98.99%,416MiB / 30.66GiB,1.32%,0B / 0B,0B / 2.02MB,44
2026-07-31 11:22:14,docker-recorder-run-a32a177d4325,0.00%,10.3MiB / 30.66GiB,0.03%,0B / 0B,123kB / 9.45MB,1
2026-07-31 11:22:14,glim,92.10%,467.7MiB / 30.66GiB,1.49%,0B / 0B,0B / 11.6MB,35
2026-07-31 11:22:14,ouster,6.67%,120.5MiB / 30.66GiB,0.38%,0B / 0B,0B / 3.07MB,30
2026-07-31 11:22:14,openzen,2.21%,34.28MiB / 30.66GiB,0.11%,0B / 0B,0B / 2.15MB,20
2026-07-31 11:22:14,domain_bridge,0.55%,74.65MiB / 30.66GiB,0.24%,0B / 0B,111kB / 5.17MB,28
2026-07-31 11:22:14,mapir-ffmpeg,0.05%,129.6MiB / 30.66GiB,0.41%,0B / 0B,0B / 1.4MB,33
2026-07-31 11:22:14,scovox,106.82%,1.067GiB / 30.66GiB,3.48%,0B / 0B,0B / 4.3MB,53
2026-07-31 11:22:14,nav2,6.70%,258.8MiB / 30.66GiB,0.82%,0B / 0B,53.2kB / 1.59MB,91
2026-07-31 11:22:17,trav_ros2,101.59%,391.1MiB / 30.66GiB,1.25%,0B / 0B,0B / 2.04MB,44
2026-07-31 11:22:17,docker-recorder-run-a32a177d4325,0.00%,10.3MiB / 30.66GiB,0.03%,0B / 0B,123kB / 9.45MB,1
2026-07-31 11:22:17,glim,92.26%,467.1MiB / 30.66GiB,1.49%,0B / 0B,0B / 11.6MB,35
2026-07-31 11:22:17,ouster,6.99%,120.2MiB / 30.66GiB,0.38%,0B / 0B,0B / 3.07MB,30
2026-07-31 11:22:17,openzen,2.30%,34.53MiB / 30.66GiB,0.11%,0B / 0B,0B / 2.15MB,20
2026-07-31 11:22:17,domain_bridge,0.78%,74.11MiB / 30.66GiB,0.24%,0B / 0B,111kB / 5.17MB,28
2026-07-31 11:22:17,mapir-ffmpeg,0.32%,129.3MiB / 30.66GiB,0.41%,0B / 0B,0B / 1.4MB,33
2026-07-31 11:22:17,scovox,107.11%,1.08GiB / 30.66GiB,3.52%,0B / 0B,0B / 4.3MB,53
2026-07-31 11:22:17,nav2,8.01%,259.3MiB / 30.66GiB,0.83%,0B / 0B,53.2kB / 1.59MB,91
2026-07-31 11:22:20,trav_ros2,101.82%,384.8MiB / 30.66GiB,1.23%,0B / 0B,0B / 2.04MB,44
2026-07-31 11:22:20,docker-recorder-run-a32a177d4325,0.00%,10.3MiB / 30.66GiB,0.03%,0B / 0B,123kB / 9.45MB,1
2026-07-31 11:22:20,glim,93.91%,467.3MiB / 30.66GiB,1.49%,0B / 0B,0B / 11.6MB,35
2026-07-31 11:22:20,ouster,6.72%,119.8MiB / 30.66GiB,0.38%,0B / 0B,0B / 3.07MB,30
2026-07-31 11:22:20,openzen,2.21%,34.78MiB / 30.66GiB,0.11%,0B / 0B,0B / 2.15MB,20
2026-07-31 11:22:20,domain_bridge,0.51%,74.27MiB / 30.66GiB,0.24%,0B / 0B,111kB / 5.17MB,28
2026-07-31 11:22:20,mapir-ffmpeg,0.08%,129.6MiB / 30.66GiB,0.41%,0B / 0B,0B / 1.4MB,33
2026-07-31 11:22:20,scovox,106.93%,1.069GiB / 30.66GiB,3.49%,0B / 0B,0B / 4.3MB,53
2026-07-31 11:22:20,nav2,7.23%,259.6MiB / 30.66GiB,0.83%,0B / 0B,53.2kB / 1.59MB,91
2026-07-31 11:22:24,trav_ros2,102.02%,384.9MiB / 30.66GiB,1.23%,0B / 0B,0B / 2.04MB,44
2026-07-31 11:22:24,docker-recorder-run-a32a177d4325,0.00%,10.3MiB / 30.66GiB,0.03%,0B / 0B,123kB / 9.45MB,1
2026-07-31 11:22:24,glim,94.91%,466.8MiB / 30.66GiB,1.49%,0B / 0B,0B / 11.6MB,35
2026-07-31 11:22:24,ouster,6.93%,120.1MiB / 30.66GiB,0.38%,0B / 0B,0B / 3.07MB,30
2026-07-31 11:22:24,openzen,2.45%,34.55MiB / 30.66GiB,0.11%,0B / 0B,0B / 2.15MB,20
2026-07-31 11:22:24,domain_bridge,1.10%,75.21MiB / 30.66GiB,0.24%,0B / 0B,111kB / 5.17MB,28
2026-07-31 11:22:24,mapir-ffmpeg,0.28%,129.2MiB / 30.66GiB,0.41%,0B / 0B,0B / 1.4MB,33
2026-07-31 11:22:24,scovox,107.47%,1.079GiB / 30.66GiB,3.52%,0B / 0B,0B / 4.3MB,53
2026-07-31 11:22:24,nav2,7.38%,259.8MiB / 30.66GiB,0.83%,0B / 0B,53.2kB / 1.59MB,91
2026-07-31 11:22:27,trav_ros2,101.86%,390.1MiB / 30.66GiB,1.24%,0B / 0B,0B / 2.04MB,44
2026-07-31 11:22:27,docker-recorder-run-a32a177d4325,0.00%,10.3MiB / 30.66GiB,0.03%,0B / 0B,123kB / 9.45MB,1
2026-07-31 11:22:27,glim,90.10%,467.2MiB / 30.66GiB,1.49%,0B / 0B,0B / 11.6MB,35
2026-07-31 11:22:27,ouster,7.20%,119.8MiB / 30.66GiB,0.38%,0B / 0B,0B / 3.07MB,30
2026-07-31 11:22:27,openzen,2.52%,34.75MiB / 30.66GiB,0.11%,0B / 0B,0B / 2.15MB,20
2026-07-31 11:22:27,domain_bridge,0.57%,74.49MiB / 30.66GiB,0.24%,0B / 0B,111kB / 5.17MB,28
2026-07-31 11:22:27,mapir-ffmpeg,0.28%,130.6MiB / 30.66GiB,0.42%,0B / 0B,0B / 1.4MB,33
2026-07-31 11:22:27,scovox,108.30%,1.078GiB / 30.66GiB,3.52%,0B / 0B,0B / 4.3MB,53
2026-07-31 11:22:27,nav2,7.80%,260MiB / 30.66GiB,0.83%,0B / 0B,53.2kB / 1.59MB,91
2026-07-31 11:22:30,trav_ros2,101.28%,389.3MiB / 30.66GiB,1.24%,0B / 0B,0B / 2.04MB,44
2026-07-31 11:22:30,docker-recorder-run-a32a177d4325,0.00%,10.3MiB / 30.66GiB,0.03%,0B / 0B,123kB / 9.45MB,1
2026-07-31 11:22:30,glim,92.34%,467.5MiB / 30.66GiB,1.49%,0B / 0B,0B / 11.6MB,35
2026-07-31 11:22:30,ouster,6.73%,120.1MiB / 30.66GiB,0.38%,0B / 0B,0B / 3.07MB,30
2026-07-31 11:22:30,openzen,2.37%,34.28MiB / 30.66GiB,0.11%,0B / 0B,0B / 2.15MB,20
2026-07-31 11:22:30,domain_bridge,0.37%,75.43MiB / 30.66GiB,0.24%,0B / 0B,111kB / 5.17MB,28
2026-07-31 11:22:30,mapir-ffmpeg,0.09%,129.6MiB / 30.66GiB,0.41%,0B / 0B,0B / 1.4MB,33
2026-07-31 11:22:30,scovox,106.38%,1.091GiB / 30.66GiB,3.56%,0B / 0B,0B / 4.3MB,53
2026-07-31 11:22:30,nav2,7.08%,258.8MiB / 30.66GiB,0.82%,0B / 0B,53.2kB / 1.59MB,91
2026-07-31 11:22:33,trav_ros2,101.09%,390.6MiB / 30.66GiB,1.24%,0B / 0B,0B / 2.04MB,44
2026-07-31 11:22:33,docker-recorder-run-a32a177d4325,0.00%,10.3MiB / 30.66GiB,0.03%,0B / 0B,123kB / 9.45MB,1
2026-07-31 11:22:33,glim,90.54%,467.9MiB / 30.66GiB,1.49%,0B / 0B,0B / 11.6MB,35
2026-07-31 11:22:33,ouster,6.68%,120.4MiB / 30.66GiB,0.38%,0B / 0B,0B / 3.07MB,30
2026-07-31 11:22:33,openzen,2.22%,34.28MiB / 30.66GiB,0.11%,0B / 0B,0B / 2.15MB,20
2026-07-31 11:22:33,domain_bridge,0.95%,73.98MiB / 30.66GiB,0.24%,0B / 0B,111kB / 5.17MB,28
2026-07-31 11:22:33,mapir-ffmpeg,0.04%,129.9MiB / 30.66GiB,0.41%,0B / 0B,0B / 1.41MB,33
2026-07-31 11:22:33,scovox,107.03%,1.074GiB / 30.66GiB,3.50%,0B / 0B,0B / 4.3MB,53
2026-07-31 11:22:33,nav2,7.13%,258.7MiB / 30.66GiB,0.82%,0B / 0B,53.2kB / 1.59MB,91
2026-07-31 11:22:36,trav_ros2,100.78%,456.5MiB / 30.66GiB,1.45%,0B / 0B,0B / 2.04MB,44
2026-07-31 11:22:36,docker-recorder-run-a32a177d4325,0.00%,10.3MiB / 30.66GiB,0.03%,0B / 0B,123kB / 9.45MB,1
2026-07-31 11:22:36,glim,92.81%,467.2MiB / 30.66GiB,1.49%,0B / 0B,0B / 11.6MB,35
2026-07-31 11:22:36,ouster,6.74%,120.7MiB / 30.66GiB,0.38%,0B / 0B,0B / 3.07MB,30
2026-07-31 11:22:36,openzen,2.33%,34.52MiB / 30.66GiB,0.11%,0B / 0B,0B / 2.15MB,20
2026-07-31 11:22:36,domain_bridge,0.56%,74.7MiB / 30.66GiB,0.24%,0B / 0B,111kB / 5.17MB,28
2026-07-31 11:22:36,mapir-ffmpeg,0.24%,130.1MiB / 30.66GiB,0.41%,0B / 0B,0B / 1.41MB,33
2026-07-31 11:22:36,scovox,106.83%,1.103GiB / 30.66GiB,3.60%,0B / 0B,0B / 4.32MB,53
2026-07-31 11:22:36,nav2,7.17%,259.7MiB / 30.66GiB,0.83%,0B / 0B,53.2kB / 1.59MB,91
2026-07-31 11:22:39,trav_ros2,100.71%,389.8MiB / 30.66GiB,1.24%,0B / 0B,0B / 2.04MB,44
2026-07-31 11:22:39,docker-recorder-run-a32a177d4325,0.00%,10.3MiB / 30.66GiB,0.03%,0B / 0B,123kB / 9.45MB,1
2026-07-31 11:22:39,glim,95.78%,467.3MiB / 30.66GiB,1.49%,0B / 0B,0B / 11.6MB,35
2026-07-31 11:22:39,ouster,6.70%,120.3MiB / 30.66GiB,0.38%,0B / 0B,0B / 3.07MB,30
2026-07-31 11:22:39,openzen,2.41%,34.28MiB / 30.66GiB,0.11%,0B / 0B,0B / 2.15MB,20
2026-07-31 11:22:39,domain_bridge,0.70%,74.28MiB / 30.66GiB,0.24%,0B / 0B,111kB / 5.17MB,28
2026-07-31 11:22:39,mapir-ffmpeg,0.10%,129.9MiB / 30.66GiB,0.41%,0B / 0B,0B / 1.41MB,33
2026-07-31 11:22:39,scovox,105.44%,1.101GiB / 30.66GiB,3.59%,0B / 0B,0B / 4.32MB,53
2026-07-31 11:22:39,nav2,7.35%,259.4MiB / 30.66GiB,0.83%,0B / 0B,53.2kB / 1.6MB,91
2026-07-31 11:22:42,trav_ros2,100.97%,390.8MiB / 30.66GiB,1.24%,0B / 0B,0B / 2.04MB,44
2026-07-31 11:22:42,docker-recorder-run-a32a177d4325,0.00%,10.3MiB / 30.66GiB,0.03%,0B / 0B,123kB / 9.45MB,1
2026-07-31 11:22:42,glim,90.12%,467.1MiB / 30.66GiB,1.49%,0B / 0B,0B / 11.6MB,35
2026-07-31 11:22:42,ouster,7.47%,120.4MiB / 30.66GiB,0.38%,0B / 0B,0B / 3.07MB,30
2026-07-31 11:22:42,openzen,2.49%,34.52MiB / 30.66GiB,0.11%,0B / 0B,0B / 2.15MB,20
2026-07-31 11:22:42,domain_bridge,0.75%,74.95MiB / 30.66GiB,0.24%,0B / 0B,111kB / 5.17MB,28
2026-07-31 11:22:42,mapir-ffmpeg,0.57%,130.6MiB / 30.66GiB,0.42%,0B / 0B,0B / 1.41MB,33
2026-07-31 11:22:42,scovox,106.92%,1.126GiB / 30.66GiB,3.67%,0B / 0B,0B / 4.32MB,53
2026-07-31 11:22:42,nav2,6.98%,259MiB / 30.66GiB,0.82%,0B / 0B,53.2kB / 1.6MB,91
2026-07-31 11:22:45,trav_ros2,100.65%,389.4MiB / 30.66GiB,1.24%,0B / 0B,0B / 2.04MB,44
2026-07-31 11:22:45,docker-recorder-run-a32a177d4325,0.00%,10.3MiB / 30.66GiB,0.03%,0B / 0B,123kB / 9.45MB,1
2026-07-31 11:22:45,glim,94.78%,467.4MiB / 30.66GiB,1.49%,0B / 0B,0B / 11.6MB,35
2026-07-31 11:22:45,ouster,6.70%,120.4MiB / 30.66GiB,0.38%,0B / 0B,0B / 3.07MB,30
2026-07-31 11:22:45,openzen,2.07%,34.77MiB / 30.66GiB,0.11%,0B / 0B,0B / 2.15MB,20
2026-07-31 11:22:45,domain_bridge,0.71%,75.05MiB / 30.66GiB,0.24%,0B / 0B,111kB / 5.17MB,28
2026-07-31 11:22:45,mapir-ffmpeg,0.04%,129.8MiB / 30.66GiB,0.41%,0B / 0B,0B / 1.41MB,33
2026-07-31 11:22:45,scovox,104.88%,1.073GiB / 30.66GiB,3.50%,0B / 0B,0B / 4.32MB,53
2026-07-31 11:22:45,nav2,7.20%,259.5MiB / 30.66GiB,0.83%,0B / 0B,53.2kB / 1.6MB,91
2026-07-31 11:22:48,trav_ros2,101.55%,385MiB / 30.66GiB,1.23%,0B / 0B,0B / 2.05MB,44
2026-07-31 11:22:48,docker-recorder-run-a32a177d4325,0.00%,10.3MiB / 30.66GiB,0.03%,0B / 0B,123kB / 9.45MB,1
2026-07-31 11:22:48,glim,93.56%,467.1MiB / 30.66GiB,1.49%,0B / 0B,0B / 11.6MB,35
2026-07-31 11:22:48,ouster,6.90%,119.9MiB / 30.66GiB,0.38%,0B / 0B,0B / 3.07MB,30
2026-07-31 11:22:48,openzen,2.20%,34.28MiB / 30.66GiB,0.11%,0B / 0B,0B / 2.15MB,20
2026-07-31 11:22:48,domain_bridge,1.29%,74.95MiB / 30.66GiB,0.24%,0B / 0B,111kB / 5.17MB,28
2026-07-31 11:22:48,mapir-ffmpeg,0.18%,130.1MiB / 30.66GiB,0.41%,0B / 0B,0B / 1.41MB,33
2026-07-31 11:22:48,scovox,105.23%,1.079GiB / 30.66GiB,3.52%,0B / 0B,0B / 4.32MB,53
2026-07-31 11:22:48,nav2,7.03%,259MiB / 30.66GiB,0.82%,0B / 0B,53.2kB / 1.6MB,91
2026-07-31 11:22:51,trav_ros2,101.61%,391.1MiB / 30.66GiB,1.25%,0B / 0B,0B / 2.05MB,44
2026-07-31 11:22:51,docker-recorder-run-a32a177d4325,0.00%,10.3MiB / 30.66GiB,0.03%,0B / 0B,123kB / 9.45MB,1
2026-07-31 11:22:51,glim,97.43%,467.5MiB / 30.66GiB,1.49%,0B / 0B,0B / 11.6MB,35
2026-07-31 11:22:51,ouster,6.88%,119.7MiB / 30.66GiB,0.38%,0B / 0B,0B / 3.07MB,30
2026-07-31 11:22:51,openzen,2.11%,35.05MiB / 30.66GiB,0.11%,0B / 0B,0B / 2.15MB,20
2026-07-31 11:22:51,domain_bridge,0.55%,74.02MiB / 30.66GiB,0.24%,0B / 0B,111kB / 5.17MB,28
2026-07-31 11:22:51,mapir-ffmpeg,0.18%,130.3MiB / 30.66GiB,0.41%,0B / 0B,0B / 1.41MB,33
2026-07-31 11:22:51,scovox,104.87%,1.079GiB / 30.66GiB,3.52%,0B / 0B,0B / 4.32MB,53
2026-07-31 11:22:51,nav2,7.72%,259.8MiB / 30.66GiB,0.83%,0B / 0B,53.2kB / 1.6MB,91
2026-07-31 11:22:54,trav_ros2,102.04%,394MiB / 30.66GiB,1.25%,0B / 0B,0B / 2.05MB,44
2026-07-31 11:22:54,docker-recorder-run-a32a177d4325,0.00%,10.3MiB / 30.66GiB,0.03%,0B / 0B,123kB / 9.45MB,1
2026-07-31 11:22:54,glim,92.90%,468.2MiB / 30.66GiB,1.49%,0B / 0B,0B / 11.6MB,35
2026-07-31 11:22:54,ouster,7.16%,120.1MiB / 30.66GiB,0.38%,0B / 0B,0B / 3.07MB,30
2026-07-31 11:22:54,openzen,2.24%,34.77MiB / 30.66GiB,0.11%,0B / 0B,0B / 2.15MB,20
2026-07-31 11:22:54,domain_bridge,0.40%,74.42MiB / 30.66GiB,0.24%,0B / 0B,111kB / 5.17MB,28
2026-07-31 11:22:54,mapir-ffmpeg,0.09%,129.8MiB / 30.66GiB,0.41%,0B / 0B,0B / 1.41MB,33
2026-07-31 11:22:54,scovox,108.12%,1.097GiB / 30.66GiB,3.58%,0B / 0B,0B / 4.32MB,53
2026-07-31 11:22:54,nav2,6.97%,259.3MiB / 30.66GiB,0.83%,0B / 0B,53.2kB / 1.6MB,91
2026-07-31 11:22:57,trav_ros2,102.10%,443.4MiB / 30.66GiB,1.41%,0B / 0B,0B / 2.05MB,44
2026-07-31 11:22:57,docker-recorder-run-a32a177d4325,0.00%,10.3MiB / 30.66GiB,0.03%,0B / 0B,123kB / 9.45MB,1
2026-07-31 11:22:57,glim,93.66%,466.8MiB / 30.66GiB,1.49%,0B / 0B,0B / 11.6MB,35
2026-07-31 11:22:57,ouster,7.15%,119.5MiB / 30.66GiB,0.38%,0B / 0B,0B / 3.07MB,30
2026-07-31 11:22:57,openzen,2.33%,34.52MiB / 30.66GiB,0.11%,0B / 0B,0B / 2.15MB,20
2026-07-31 11:22:57,domain_bridge,1.14%,75.11MiB / 30.66GiB,0.24%,0B / 0B,111kB / 5.17MB,28
2026-07-31 11:22:57,mapir-ffmpeg,0.34%,129.6MiB / 30.66GiB,0.41%,0B / 0B,0B / 1.41MB,33
2026-07-31 11:22:57,scovox,107.48%,1.08GiB / 30.66GiB,3.52%,0B / 0B,0B / 4.32MB,53
2026-07-31 11:22:57,nav2,7.03%,260.2MiB / 30.66GiB,0.83%,0B / 0B,53.2kB / 1.6MB,91
2026-07-31 11:23:00,trav_ros2,101.68%,388MiB / 30.66GiB,1.24%,0B / 0B,0B / 2.05MB,44
2026-07-31 11:23:00,docker-recorder-run-a32a177d4325,0.00%,10.3MiB / 30.66GiB,0.03%,0B / 0B,123kB / 9.45MB,1
2026-07-31 11:23:00,glim,90.29%,467.8MiB / 30.66GiB,1.49%,0B / 0B,0B / 11.6MB,35
2026-07-31 11:23:00,ouster,6.77%,120MiB / 30.66GiB,0.38%,0B / 0B,0B / 3.07MB,30
2026-07-31 11:23:00,openzen,2.06%,34.53MiB / 30.66GiB,0.11%,0B / 0B,0B / 2.15MB,20
2026-07-31 11:23:00,domain_bridge,0.48%,74.04MiB / 30.66GiB,0.24%,0B / 0B,111kB / 5.17MB,28
2026-07-31 11:23:00,mapir-ffmpeg,0.07%,129.8MiB / 30.66GiB,0.41%,0B / 0B,0B / 1.41MB,33
2026-07-31 11:23:00,scovox,107.25%,1.097GiB / 30.66GiB,3.58%,0B / 0B,0B / 4.32MB,53
2026-07-31 11:23:00,nav2,7.31%,259.2MiB / 30.66GiB,0.83%,0B / 0B,53.2kB / 1.6MB,91
2026-07-31 11:23:04,trav_ros2,101.47%,390.7MiB / 30.66GiB,1.24%,0B / 0B,0B / 2.05MB,44
2026-07-31 11:23:04,docker-recorder-run-a32a177d4325,0.00%,10.3MiB / 30.66GiB,0.03%,0B / 0B,123kB / 9.45MB,1
2026-07-31 11:23:04,glim,97.49%,467.6MiB / 30.66GiB,1.49%,0B / 0B,0B / 11.6MB,35
2026-07-31 11:23:04,ouster,7.02%,120.1MiB / 30.66GiB,0.38%,0B / 0B,0B / 3.07MB,30
2026-07-31 11:23:04,openzen,2.27%,34.54MiB / 30.66GiB,0.11%,0B / 0B,0B / 2.15MB,20
2026-07-31 11:23:04,domain_bridge,0.89%,75.45MiB / 30.66GiB,0.24%,0B / 0B,111kB / 5.17MB,28
2026-07-31 11:23:04,mapir-ffmpeg,0.26%,129.3MiB / 30.66GiB,0.41%,0B / 0B,0B / 1.41MB,33
2026-07-31 11:23:04,scovox,106.95%,1.087GiB / 30.66GiB,3.55%,0B / 0B,0B / 4.32MB,53
2026-07-31 11:23:04,nav2,7.09%,259.2MiB / 30.66GiB,0.83%,0B / 0B,53.2kB / 1.6MB,91
2026-07-31 11:23:07,trav_ros2,101.21%,389.7MiB / 30.66GiB,1.24%,0B / 0B,0B / 2.05MB,44
2026-07-31 11:23:07,docker-recorder-run-a32a177d4325,0.00%,10.3MiB / 30.66GiB,0.03%,0B / 0B,123kB / 9.45MB,1
2026-07-31 11:23:07,glim,95.74%,467.9MiB / 30.66GiB,1.49%,0B / 0B,0B / 11.6MB,35
2026-07-31 11:23:07,ouster,7.36%,120.2MiB / 30.66GiB,0.38%,0B / 0B,0B / 3.07MB,30
2026-07-31 11:23:07,openzen,2.23%,34.28MiB / 30.66GiB,0.11%,0B / 0B,0B / 2.15MB,20
2026-07-31 11:23:07,domain_bridge,0.54%,75.37MiB / 30.66GiB,0.24%,0B / 0B,111kB / 5.17MB,28
2026-07-31 11:23:07,mapir-ffmpeg,0.27%,130.4MiB / 30.66GiB,0.42%,0B / 0B,0B / 1.41MB,33
2026-07-31 11:23:07,scovox,107.11%,1.098GiB / 30.66GiB,3.58%,0B / 0B,0B / 4.32MB,53
2026-07-31 11:23:07,nav2,7.23%,258.9MiB / 30.66GiB,0.82%,0B / 0B,53.2kB / 1.6MB,91
2026-07-31 11:23:10,trav_ros2,101.26%,391.3MiB / 30.66GiB,1.25%,0B / 0B,0B / 2.05MB,44
2026-07-31 11:23:10,docker-recorder-run-a32a177d4325,0.00%,10.3MiB / 30.66GiB,0.03%,0B / 0B,123kB / 9.45MB,1
2026-07-31 11:23:10,glim,93.50%,468.1MiB / 30.66GiB,1.49%,0B / 0B,0B / 11.6MB,35
2026-07-31 11:23:10,ouster,6.72%,120.5MiB / 30.66GiB,0.38%,0B / 0B,0B / 3.07MB,30
2026-07-31 11:23:10,openzen,2.22%,34.28MiB / 30.66GiB,0.11%,0B / 0B,0B / 2.15MB,20
2026-07-31 11:23:10,domain_bridge,0.41%,74.48MiB / 30.66GiB,0.24%,0B / 0B,111kB / 5.17MB,28
2026-07-31 11:23:10,mapir-ffmpeg,0.10%,129.8MiB / 30.66GiB,0.41%,0B / 0B,0B / 1.42MB,33
2026-07-31 11:23:10,scovox,109.37%,1.089GiB / 30.66GiB,3.55%,0B / 0B,0B / 4.35MB,53
2026-07-31 11:23:10,nav2,7.13%,259MiB / 30.66GiB,0.82%,0B / 0B,53.2kB / 1.6MB,91
2026-07-31 11:23:13,trav_ros2,101.27%,385.9MiB / 30.66GiB,1.23%,0B / 0B,0B / 2.05MB,44
2026-07-31 11:23:13,docker-recorder-run-a32a177d4325,0.00%,10.3MiB / 30.66GiB,0.03%,0B / 0B,123kB / 9.45MB,1
2026-07-31 11:23:13,glim,94.53%,467.4MiB / 30.66GiB,1.49%,0B / 0B,0B / 11.6MB,35
2026-07-31 11:23:13,ouster,6.69%,119.9MiB / 30.66GiB,0.38%,0B / 0B,0B / 3.07MB,30
2026-07-31 11:23:13,openzen,2.06%,34.53MiB / 30.66GiB,0.11%,0B / 0B,0B / 2.15MB,20
2026-07-31 11:23:13,domain_bridge,0.85%,75.13MiB / 30.66GiB,0.24%,0B / 0B,111kB / 5.17MB,28
2026-07-31 11:23:13,mapir-ffmpeg,0.04%,129.8MiB / 30.66GiB,0.41%,0B / 0B,0B / 1.42MB,33
2026-07-31 11:23:13,scovox,106.81%,1.104GiB / 30.66GiB,3.60%,0B / 0B,0B / 4.35MB,53
2026-07-31 11:23:13,nav2,7.42%,259MiB / 30.66GiB,0.82%,0B / 0B,53.2kB / 1.62MB,91
2026-07-31 11:23:16,trav_ros2,102.01%,386.3MiB / 30.66GiB,1.23%,0B / 0B,0B / 2.05MB,44
2026-07-31 11:23:16,docker-recorder-run-a32a177d4325,0.00%,10.3MiB / 30.66GiB,0.03%,0B / 0B,123kB / 9.45MB,1
2026-07-31 11:23:16,glim,97.48%,467.6MiB / 30.66GiB,1.49%,0B / 0B,0B / 11.6MB,35
2026-07-31 11:23:16,ouster,6.85%,120.4MiB / 30.66GiB,0.38%,0B / 0B,0B / 3.07MB,30
2026-07-31 11:23:16,openzen,2.44%,35.26MiB / 30.66GiB,0.11%,0B / 0B,0B / 2.15MB,20
2026-07-31 11:23:16,domain_bridge,0.61%,75.23MiB / 30.66GiB,0.24%,0B / 0B,111kB / 5.17MB,28
2026-07-31 11:23:16,mapir-ffmpeg,0.26%,130.6MiB / 30.66GiB,0.42%,0B / 0B,0B / 1.42MB,33
2026-07-31 11:23:16,scovox,107.30%,1.133GiB / 30.66GiB,3.70%,0B / 0B,0B / 4.35MB,53
2026-07-31 11:23:16,nav2,7.21%,259MiB / 30.66GiB,0.82%,0B / 0B,53.2kB / 1.62MB,91
2026-07-31 11:23:19,trav_ros2,101.70%,386.5MiB / 30.66GiB,1.23%,0B / 0B,0B / 2.07MB,44
2026-07-31 11:23:19,docker-recorder-run-a32a177d4325,0.00%,10.3MiB / 30.66GiB,0.03%,0B / 0B,123kB / 9.45MB,1
2026-07-31 11:23:19,glim,88.77%,467.3MiB / 30.66GiB,1.49%,0B / 0B,0B / 11.6MB,35
2026-07-31 11:23:19,ouster,6.82%,120.2MiB / 30.66GiB,0.38%,0B / 0B,0B / 3.07MB,30
2026-07-31 11:23:19,openzen,2.10%,35.25MiB / 30.66GiB,0.11%,0B / 0B,0B / 2.15MB,20
2026-07-31 11:23:19,domain_bridge,0.78%,75.16MiB / 30.66GiB,0.24%,0B / 0B,111kB / 5.17MB,28
2026-07-31 11:23:19,mapir-ffmpeg,0.11%,130.1MiB / 30.66GiB,0.41%,0B / 0B,0B / 1.42MB,33
2026-07-31 11:23:19,scovox,106.51%,1.079GiB / 30.66GiB,3.52%,0B / 0B,0B / 4.35MB,53
2026-07-31 11:23:19,nav2,6.56%,259.2MiB / 30.66GiB,0.83%,0B / 0B,53.2kB / 1.62MB,91
2026-07-31 11:23:22,trav_ros2,101.72%,387.5MiB / 30.66GiB,1.23%,0B / 0B,0B / 2.07MB,44
2026-07-31 11:23:22,docker-recorder-run-a32a177d4325,0.00%,10.3MiB / 30.66GiB,0.03%,0B / 0B,123kB / 9.45MB,1
2026-07-31 11:23:22,glim,95.08%,467.3MiB / 30.66GiB,1.49%,0B / 0B,0B / 11.6MB,35
2026-07-31 11:23:22,ouster,7.20%,120.7MiB / 30.66GiB,0.38%,0B / 0B,0B / 3.07MB,30
2026-07-31 11:23:22,openzen,2.50%,34.52MiB / 30.66GiB,0.11%,0B / 0B,0B / 2.15MB,20
2026-07-31 11:23:22,domain_bridge,0.73%,74.11MiB / 30.66GiB,0.24%,0B / 0B,111kB / 5.17MB,28
2026-07-31 11:23:22,mapir-ffmpeg,0.56%,129.8MiB / 30.66GiB,0.41%,0B / 0B,0B / 1.42MB,33
2026-07-31 11:23:22,scovox,108.00%,1.132GiB / 30.66GiB,3.69%,0B / 0B,0B / 4.35MB,53
2026-07-31 11:23:22,nav2,8.10%,259.6MiB / 30.66GiB,0.83%,0B / 0B,53.2kB / 1.62MB,91
2026-07-31 11:23:25,trav_ros2,99.74%,384.5MiB / 30.66GiB,1.22%,0B / 0B,0B / 2.07MB,44
2026-07-31 11:23:25,docker-recorder-run-a32a177d4325,0.00%,10.3MiB / 30.66GiB,0.03%,0B / 0B,123kB / 9.45MB,1
2026-07-31 11:23:25,glim,94.68%,467.3MiB / 30.66GiB,1.49%,0B / 0B,0B / 11.6MB,35
2026-07-31 11:23:25,ouster,6.61%,120.8MiB / 30.66GiB,0.38%,0B / 0B,0B / 3.07MB,30
2026-07-31 11:23:25,openzen,2.16%,34.28MiB / 30.66GiB,0.11%,0B / 0B,0B / 2.15MB,20
2026-07-31 11:23:25,domain_bridge,0.60%,75.11MiB / 30.66GiB,0.24%,0B / 0B,111kB / 5.17MB,28
2026-07-31 11:23:25,mapir-ffmpeg,0.04%,129.3MiB / 30.66GiB,0.41%,0B / 0B,0B / 1.42MB,33
2026-07-31 11:23:25,scovox,104.45%,1.079GiB / 30.66GiB,3.52%,0B / 0B,0B / 4.35MB,53
2026-07-31 11:23:25,nav2,7.16%,259.4MiB / 30.66GiB,0.83%,0B / 0B,53.2kB / 1.62MB,91
2026-07-31 11:23:28,trav_ros2,100.49%,459MiB / 30.66GiB,1.46%,0B / 0B,0B / 2.07MB,44
2026-07-31 11:23:28,docker-recorder-run-a32a177d4325,0.00%,10.3MiB / 30.66GiB,0.03%,0B / 0B,123kB / 9.45MB,1
2026-07-31 11:23:28,glim,92.99%,467.6MiB / 30.66GiB,1.49%,0B / 0B,0B / 11.6MB,35
2026-07-31 11:23:28,ouster,6.68%,120.2MiB / 30.66GiB,0.38%,0B / 0B,0B / 3.07MB,30
2026-07-31 11:23:28,openzen,2.04%,34.28MiB / 30.66GiB,0.11%,0B / 0B,0B / 2.15MB,20
2026-07-31 11:23:28,domain_bridge,1.28%,74.61MiB / 30.66GiB,0.24%,0B / 0B,111kB / 5.17MB,28
2026-07-31 11:23:28,mapir-ffmpeg,0.18%,129.9MiB / 30.66GiB,0.41%,0B / 0B,0B / 1.42MB,33
2026-07-31 11:23:28,scovox,106.60%,1.103GiB / 30.66GiB,3.60%,0B / 0B,0B / 4.35MB,53
2026-07-31 11:23:28,nav2,7.25%,259.1MiB / 30.66GiB,0.83%,0B / 0B,53.2kB / 1.62MB,91
2026-07-31 11:23:31,trav_ros2,98.63%,389.9MiB / 30.66GiB,1.24%,0B / 0B,0B / 2.07MB,44
2026-07-31 11:23:31,docker-recorder-run-a32a177d4325,0.00%,10.3MiB / 30.66GiB,0.03%,0B / 0B,123kB / 9.45MB,1
2026-07-31 11:23:31,glim,90.48%,467.5MiB / 30.66GiB,1.49%,0B / 0B,0B / 11.6MB,35
2026-07-31 11:23:31,ouster,7.00%,120.4MiB / 30.66GiB,0.38%,0B / 0B,0B / 3.07MB,30
2026-07-31 11:23:31,openzen,2.11%,34.52MiB / 30.66GiB,0.11%,0B / 0B,0B / 2.15MB,20
2026-07-31 11:23:31,domain_bridge,0.44%,74.94MiB / 30.66GiB,0.24%,0B / 0B,111kB / 5.17MB,28
2026-07-31 11:23:31,mapir-ffmpeg,0.12%,130.3MiB / 30.66GiB,0.42%,0B / 0B,0B / 1.42MB,33
2026-07-31 11:23:31,scovox,102.71%,1.081GiB / 30.66GiB,3.52%,0B / 0B,0B / 4.35MB,53
2026-07-31 11:23:31,nav2,6.98%,259.5MiB / 30.66GiB,0.83%,0B / 0B,53.2kB / 1.62MB,91
2026-07-31 11:23:34,trav_ros2,100.02%,391MiB / 30.66GiB,1.25%,0B / 0B,0B / 2.07MB,44
2026-07-31 11:23:34,docker-recorder-run-a32a177d4325,0.00%,10.3MiB / 30.66GiB,0.03%,0B / 0B,123kB / 9.45MB,1
2026-07-31 11:23:34,glim,92.14%,467.7MiB / 30.66GiB,1.49%,0B / 0B,0B / 11.6MB,35
2026-07-31 11:23:34,ouster,6.73%,120.1MiB / 30.66GiB,0.38%,0B / 0B,0B / 3.07MB,30
2026-07-31 11:23:34,openzen,2.11%,34.28MiB / 30.66GiB,0.11%,0B / 0B,0B / 2.15MB,20
2026-07-31 11:23:34,domain_bridge,0.55%,75.7MiB / 30.66GiB,0.24%,0B / 0B,111kB / 5.17MB,28
2026-07-31 11:23:34,mapir-ffmpeg,0.09%,129.8MiB / 30.66GiB,0.41%,0B / 0B,0B / 1.42MB,33
2026-07-31 11:23:34,scovox,105.98%,1.102GiB / 30.66GiB,3.60%,0B / 0B,0B / 4.35MB,53
2026-07-31 11:23:34,nav2,7.19%,259.5MiB / 30.66GiB,0.83%,0B / 0B,53.2kB / 1.62MB,91
2026-07-31 11:23:37,trav_ros2,100.95%,391.4MiB / 30.66GiB,1.25%,0B / 0B,0B / 2.07MB,44
2026-07-31 11:23:37,docker-recorder-run-a32a177d4325,0.00%,10.3MiB / 30.66GiB,0.03%,0B / 0B,123kB / 9.45MB,1
2026-07-31 11:23:37,glim,93.54%,467.9MiB / 30.66GiB,1.49%,0B / 0B,0B / 11.6MB,35
2026-07-31 11:23:37,ouster,7.09%,120.1MiB / 30.66GiB,0.38%,0B / 0B,0B / 3.07MB,30
2026-07-31 11:23:37,openzen,2.62%,34.88MiB / 30.66GiB,0.11%,0B / 0B,0B / 2.15MB,20
2026-07-31 11:23:37,domain_bridge,1.71%,74.88MiB / 30.66GiB,0.24%,0B / 0B,111kB / 5.17MB,28
2026-07-31 11:23:37,mapir-ffmpeg,0.31%,129.9MiB / 30.66GiB,0.41%,0B / 0B,0B / 1.42MB,33
2026-07-31 11:23:37,scovox,106.06%,1.086GiB / 30.66GiB,3.54%,0B / 0B,0B / 4.35MB,53
2026-07-31 11:23:37,nav2,7.77%,260.2MiB / 30.66GiB,0.83%,0B / 0B,53.2kB / 1.62MB,91
2026-07-31 11:23:40,trav_ros2,100.93%,390.2MiB / 30.66GiB,1.24%,0B / 0B,0B / 2.07MB,44
2026-07-31 11:23:40,docker-recorder-run-a32a177d4325,0.00%,10.3MiB / 30.66GiB,0.03%,0B / 0B,123kB / 9.45MB,1
2026-07-31 11:23:40,glim,95.04%,467.4MiB / 30.66GiB,1.49%,0B / 0B,0B / 11.6MB,35
2026-07-31 11:23:40,ouster,6.73%,120.7MiB / 30.66GiB,0.38%,0B / 0B,0B / 3.07MB,30
2026-07-31 11:23:40,openzen,2.10%,35.24MiB / 30.66GiB,0.11%,0B / 0B,0B / 2.15MB,20
2026-07-31 11:23:40,domain_bridge,0.40%,74.5MiB / 30.66GiB,0.24%,0B / 0B,111kB / 5.17MB,28
2026-07-31 11:23:40,mapir-ffmpeg,0.11%,130.1MiB / 30.66GiB,0.41%,0B / 0B,0B / 1.42MB,33
2026-07-31 11:23:40,scovox,105.45%,1.103GiB / 30.66GiB,3.60%,0B / 0B,0B / 4.35MB,53
2026-07-31 11:23:40,nav2,7.25%,259.8MiB / 30.66GiB,0.83%,0B / 0B,53.2kB / 1.62MB,91
2026-07-31 11:23:43,trav_ros2,101.31%,390.6MiB / 30.66GiB,1.24%,0B / 0B,0B / 2.07MB,44
2026-07-31 11:23:43,docker-recorder-run-a32a177d4325,0.00%,10.3MiB / 30.66GiB,0.03%,0B / 0B,123kB / 9.45MB,1
2026-07-31 11:23:43,glim,90.37%,467.2MiB / 30.66GiB,1.49%,0B / 0B,0B / 11.6MB,35
2026-07-31 11:23:43,ouster,6.92%,120.3MiB / 30.66GiB,0.38%,0B / 0B,0B / 3.07MB,30
2026-07-31 11:23:43,openzen,2.13%,34.3MiB / 30.66GiB,0.11%,0B / 0B,0B / 2.15MB,20
2026-07-31 11:23:43,domain_bridge,0.70%,75.38MiB / 30.66GiB,0.24%,0B / 0B,111kB / 5.17MB,28
2026-07-31 11:23:43,mapir-ffmpeg,0.26%,129.9MiB / 30.66GiB,0.41%,0B / 0B,0B / 1.42MB,33
2026-07-31 11:23:43,scovox,106.42%,1.086GiB / 30.66GiB,3.54%,0B / 0B,0B / 4.37MB,53
2026-07-31 11:23:43,nav2,7.38%,259.6MiB / 30.66GiB,0.83%,0B / 0B,53.2kB / 1.62MB,91
2026-07-31 11:23:47,trav_ros2,99.42%,391.6MiB / 30.66GiB,1.25%,0B / 0B,0B / 2.07MB,44
2026-07-31 11:23:47,docker-recorder-run-a32a177d4325,0.00%,10.3MiB / 30.66GiB,0.03%,0B / 0B,123kB / 9.45MB,1
2026-07-31 11:23:47,glim,89.88%,467MiB / 30.66GiB,1.49%,0B / 0B,0B / 11.6MB,35
2026-07-31 11:23:47,ouster,6.86%,120.4MiB / 30.66GiB,0.38%,0B / 0B,0B / 3.07MB,30
2026-07-31 11:23:47,openzen,2.30%,34.51MiB / 30.66GiB,0.11%,0B / 0B,0B / 2.15MB,20
2026-07-31 11:23:47,domain_bridge,0.56%,73.89MiB / 30.66GiB,0.24%,0B / 0B,111kB / 5.17MB,28
2026-07-31 11:23:47,mapir-ffmpeg,0.24%,129.8MiB / 30.66GiB,0.41%,0B / 0B,0B / 1.42MB,33
2026-07-31 11:23:47,scovox,114.47%,1.103GiB / 30.66GiB,3.60%,0B / 0B,0B / 4.37MB,53
2026-07-31 11:23:47,nav2,7.20%,260.4MiB / 30.66GiB,0.83%,0B / 0B,53.2kB / 1.63MB,91
2026-07-31 11:23:50,trav_ros2,100.93%,390.4MiB / 30.66GiB,1.24%,0B / 0B,0B / 2.09MB,44
2026-07-31 11:23:50,docker-recorder-run-a32a177d4325,0.00%,10.3MiB / 30.66GiB,0.03%,0B / 0B,123kB / 9.45MB,1
2026-07-31 11:23:50,glim,90.33%,467.8MiB / 30.66GiB,1.49%,0B / 0B,0B / 11.6MB,35
2026-07-31 11:23:50,ouster,6.81%,120.3MiB / 30.66GiB,0.38%,0B / 0B,0B / 3.07MB,30
2026-07-31 11:23:50,openzen,2.12%,34.04MiB / 30.66GiB,0.11%,0B / 0B,0B / 2.15MB,20
2026-07-31 11:23:50,domain_bridge,0.27%,74.12MiB / 30.66GiB,0.24%,0B / 0B,111kB / 5.17MB,28
2026-07-31 11:23:50,mapir-ffmpeg,0.12%,129.6MiB / 30.66GiB,0.41%,0B / 0B,0B / 1.42MB,33
2026-07-31 11:23:50,scovox,105.79%,1.17GiB / 30.66GiB,3.81%,0B / 0B,0B / 4.37MB,53
2026-07-31 11:23:50,nav2,6.99%,259.7MiB / 30.66GiB,0.83%,0B / 0B,53.2kB / 1.63MB,91
2026-07-31 11:23:53,trav_ros2,100.71%,385.3MiB / 30.66GiB,1.23%,0B / 0B,0B / 2.09MB,44
2026-07-31 11:23:53,docker-recorder-run-a32a177d4325,0.00%,10.3MiB / 30.66GiB,0.03%,0B / 0B,123kB / 9.45MB,1
2026-07-31 11:23:53,glim,95.26%,467.4MiB / 30.66GiB,1.49%,0B / 0B,0B / 11.6MB,35
2026-07-31 11:23:53,ouster,6.73%,120.7MiB / 30.66GiB,0.38%,0B / 0B,0B / 3.07MB,30
2026-07-31 11:23:53,openzen,2.22%,34.04MiB / 30.66GiB,0.11%,0B / 0B,0B / 2.15MB,20
2026-07-31 11:23:53,domain_bridge,0.96%,75.23MiB / 30.66GiB,0.24%,0B / 0B,111kB / 5.17MB,28
2026-07-31 11:23:53,mapir-ffmpeg,0.04%,129.6MiB / 30.66GiB,0.41%,0B / 0B,0B / 1.42MB,33
2026-07-31 11:23:53,scovox,114.59%,1.104GiB / 30.66GiB,3.60%,0B / 0B,0B / 4.37MB,53
2026-07-31 11:23:53,nav2,6.43%,259.2MiB / 30.66GiB,0.83%,0B / 0B,53.2kB / 1.63MB,91
2026-07-31 11:23:56,trav_ros2,100.92%,392.1MiB / 30.66GiB,1.25%,0B / 0B,0B / 2.09MB,44
2026-07-31 11:23:56,docker-recorder-run-a32a177d4325,0.00%,10.3MiB / 30.66GiB,0.03%,0B / 0B,123kB / 9.45MB,1
2026-07-31 11:23:56,glim,91.73%,467.5MiB / 30.66GiB,1.49%,0B / 0B,0B / 11.6MB,35
2026-07-31 11:23:56,ouster,7.39%,121.1MiB / 30.66GiB,0.39%,0B / 0B,0B / 3.07MB,30
2026-07-31 11:23:56,openzen,2.27%,34.28MiB / 30.66GiB,0.11%,0B / 0B,0B / 2.15MB,20
2026-07-31 11:23:56,domain_bridge,0.68%,74.97MiB / 30.66GiB,0.24%,0B / 0B,111kB / 5.17MB,28
2026-07-31 11:23:56,mapir-ffmpeg,0.24%,130.9MiB / 30.66GiB,0.42%,0B / 0B,0B / 1.42MB,33
2026-07-31 11:23:56,scovox,114.78%,1.132GiB / 30.66GiB,3.69%,0B / 0B,0B / 4.37MB,53
2026-07-31 11:23:56,nav2,7.31%,259.2MiB / 30.66GiB,0.83%,0B / 0B,53.2kB / 1.63MB,91
2026-07-31 11:23:59,trav_ros2,97.98%,386.8MiB / 30.66GiB,1.23%,0B / 0B,0B / 2.09MB,44
2026-07-31 11:23:59,docker-recorder-run-a32a177d4325,0.00%,10.3MiB / 30.66GiB,0.03%,0B / 0B,123kB / 9.45MB,1
2026-07-31 11:23:59,glim,89.81%,466.8MiB / 30.66GiB,1.49%,0B / 0B,0B / 11.6MB,35
2026-07-31 11:23:59,ouster,6.53%,120.9MiB / 30.66GiB,0.38%,0B / 0B,0B / 3.07MB,30
2026-07-31 11:23:59,openzen,2.20%,34.53MiB / 30.66GiB,0.11%,0B / 0B,0B / 2.15MB,20
2026-07-31 11:23:59,domain_bridge,0.81%,74.99MiB / 30.66GiB,0.24%,0B / 0B,111kB / 5.17MB,28
2026-07-31 11:23:59,mapir-ffmpeg,0.12%,129.8MiB / 30.66GiB,0.41%,0B / 0B,0B / 1.42MB,33
2026-07-31 11:23:59,scovox,103.34%,1.103GiB / 30.66GiB,3.60%,0B / 0B,0B / 4.37MB,53
2026-07-31 11:23:59,nav2,6.10%,258.9MiB / 30.66GiB,0.82%,0B / 0B,53.2kB / 1.63MB,91
2026-07-31 11:24:02,trav_ros2,100.85%,387.6MiB / 30.66GiB,1.23%,0B / 0B,0B / 2.09MB,44
2026-07-31 11:24:02,docker-recorder-run-a32a177d4325,0.00%,10.3MiB / 30.66GiB,0.03%,0B / 0B,123kB / 9.45MB,1
2026-07-31 11:24:02,glim,91.26%,467.6MiB / 30.66GiB,1.49%,0B / 0B,0B / 11.6MB,35
2026-07-31 11:24:02,ouster,6.72%,120.3MiB / 30.66GiB,0.38%,0B / 0B,0B / 3.07MB,30
2026-07-31 11:24:02,openzen,2.62%,34.81MiB / 30.66GiB,0.11%,0B / 0B,0B / 2.15MB,20
2026-07-31 11:24:02,domain_bridge,0.76%,74.32MiB / 30.66GiB,0.24%,0B / 0B,111kB / 5.17MB,28
2026-07-31 11:24:02,mapir-ffmpeg,0.08%,130.3MiB / 30.66GiB,0.42%,0B / 0B,0B / 1.42MB,33
2026-07-31 11:24:02,scovox,114.09%,1.132GiB / 30.66GiB,3.69%,0B / 0B,0B / 4.37MB,53
2026-07-31 11:24:02,nav2,8.12%,260.2MiB / 30.66GiB,0.83%,0B / 0B,53.2kB / 1.63MB,91
2026-07-31 11:24:05,trav_ros2,100.63%,387.4MiB / 30.66GiB,1.23%,0B / 0B,0B / 2.09MB,44
2026-07-31 11:24:05,docker-recorder-run-a32a177d4325,0.00%,10.3MiB / 30.66GiB,0.03%,0B / 0B,123kB / 9.45MB,1
2026-07-31 11:24:05,glim,96.32%,467.6MiB / 30.66GiB,1.49%,0B / 0B,0B / 11.6MB,35
2026-07-31 11:24:05,ouster,6.74%,120.5MiB / 30.66GiB,0.38%,0B / 0B,0B / 3.07MB,30
2026-07-31 11:24:05,openzen,2.23%,34.28MiB / 30.66GiB,0.11%,0B / 0B,0B / 2.15MB,20
2026-07-31 11:24:05,domain_bridge,0.62%,75.57MiB / 30.66GiB,0.24%,0B / 0B,111kB / 5.17MB,28
2026-07-31 11:24:05,mapir-ffmpeg,0.05%,129.6MiB / 30.66GiB,0.41%,0B / 0B,0B / 1.42MB,33
2026-07-31 11:24:05,scovox,105.13%,1.103GiB / 30.66GiB,3.60%,0B / 0B,0B / 4.37MB,53
2026-07-31 11:24:05,nav2,7.04%,259.2MiB / 30.66GiB,0.83%,0B / 0B,53.2kB / 1.63MB,91
2026-07-31 11:24:08,trav_ros2,100.38%,400.6MiB / 30.66GiB,1.28%,0B / 0B,0B / 2.09MB,44
2026-07-31 11:24:08,docker-recorder-run-a32a177d4325,0.00%,10.3MiB / 30.66GiB,0.03%,0B / 0B,123kB / 9.45MB,1
2026-07-31 11:24:08,glim,92.14%,467.6MiB / 30.66GiB,1.49%,0B / 0B,0B / 11.6MB,35
2026-07-31 11:24:08,ouster,6.72%,120MiB / 30.66GiB,0.38%,0B / 0B,0B / 3.07MB,30
2026-07-31 11:24:08,openzen,1.99%,34.54MiB / 30.66GiB,0.11%,0B / 0B,0B / 2.15MB,20
2026-07-31 11:24:08,domain_bridge,1.20%,74.92MiB / 30.66GiB,0.24%,0B / 0B,111kB / 5.17MB,28
2026-07-31 11:24:08,mapir-ffmpeg,0.19%,130.6MiB / 30.66GiB,0.42%,0B / 0B,0B / 1.42MB,33
2026-07-31 11:24:08,scovox,106.39%,1.07GiB / 30.66GiB,3.49%,0B / 0B,0B / 4.37MB,53
2026-07-31 11:24:08,nav2,6.09%,259MiB / 30.66GiB,0.82%,0B / 0B,53.2kB / 1.63MB,91
2026-07-31 11:24:11,trav_ros2,97.39%,390.5MiB / 30.66GiB,1.24%,0B / 0B,0B / 2.09MB,44
2026-07-31 11:24:11,docker-recorder-run-a32a177d4325,0.00%,10.3MiB / 30.66GiB,0.03%,0B / 0B,123kB / 9.45MB,1
2026-07-31 11:24:11,glim,90.84%,467.9MiB / 30.66GiB,1.49%,0B / 0B,0B / 11.6MB,35
2026-07-31 11:24:11,ouster,6.56%,120.1MiB / 30.66GiB,0.38%,0B / 0B,0B / 3.07MB,30
2026-07-31 11:24:11,openzen,2.26%,34.77MiB / 30.66GiB,0.11%,0B / 0B,0B / 2.15MB,20
2026-07-31 11:24:11,domain_bridge,0.44%,74.52MiB / 30.66GiB,0.24%,0B / 0B,111kB / 5.17MB,28
2026-07-31 11:24:11,mapir-ffmpeg,0.14%,131.3MiB / 30.66GiB,0.42%,0B / 0B,0B / 1.42MB,33
2026-07-31 11:24:11,scovox,108.56%,1.079GiB / 30.66GiB,3.52%,0B / 0B,0B / 4.37MB,53
2026-07-31 11:24:11,nav2,7.95%,260.4MiB / 30.66GiB,0.83%,0B / 0B,53.2kB / 1.63MB,91
2026-07-31 11:24:14,trav_ros2,100.54%,390.4MiB / 30.66GiB,1.24%,0B / 0B,0B / 2.09MB,44
2026-07-31 11:24:14,docker-recorder-run-a32a177d4325,0.00%,10.3MiB / 30.66GiB,0.03%,0B / 0B,123kB / 9.45MB,1
2026-07-31 11:24:14,glim,89.61%,467.6MiB / 30.66GiB,1.49%,0B / 0B,0B / 11.6MB,35
2026-07-31 11:24:14,ouster,6.82%,119.9MiB / 30.66GiB,0.38%,0B / 0B,0B / 3.07MB,30
2026-07-31 11:24:14,openzen,2.16%,34.28MiB / 30.66GiB,0.11%,0B / 0B,0B / 2.15MB,20
2026-07-31 11:24:14,domain_bridge,0.55%,75.2MiB / 30.66GiB,0.24%,0B / 0B,111kB / 5.17MB,28
2026-07-31 11:24:14,mapir-ffmpeg,0.10%,129.8MiB / 30.66GiB,0.41%,0B / 0B,0B / 1.42MB,33
2026-07-31 11:24:14,scovox,114.79%,1.074GiB / 30.66GiB,3.50%,0B / 0B,0B / 4.37MB,53
2026-07-31 11:24:14,nav2,6.92%,259.3MiB / 30.66GiB,0.83%,0B / 0B,53.2kB / 1.63MB,91
2026-07-31 11:24:17,trav_ros2,100.80%,458.9MiB / 30.66GiB,1.46%,0B / 0B,0B / 2.09MB,44
2026-07-31 11:24:17,docker-recorder-run-a32a177d4325,0.00%,10.3MiB / 30.66GiB,0.03%,0B / 0B,123kB / 9.45MB,1
2026-07-31 11:24:17,glim,90.81%,467.4MiB / 30.66GiB,1.49%,0B / 0B,0B / 11.6MB,35
2026-07-31 11:24:17,ouster,6.96%,120.1MiB / 30.66GiB,0.38%,0B / 0B,0B / 3.07MB,30
2026-07-31 11:24:17,openzen,2.37%,34.28MiB / 30.66GiB,0.11%,0B / 0B,0B / 2.15MB,20
2026-07-31 11:24:17,domain_bridge,0.86%,75.41MiB / 30.66GiB,0.24%,0B / 0B,111kB / 5.17MB,28
2026-07-31 11:24:17,mapir-ffmpeg,0.27%,129.3MiB / 30.66GiB,0.41%,0B / 0B,0B / 1.43MB,33
2026-07-31 11:24:17,scovox,114.67%,1.113GiB / 30.66GiB,3.63%,0B / 0B,0B / 4.37MB,53
2026-07-31 11:24:17,nav2,7.75%,260.2MiB / 30.66GiB,0.83%,0B / 0B,53.2kB / 1.63MB,91
2026-07-31 11:24:20,trav_ros2,100.12%,390.8MiB / 30.66GiB,1.24%,0B / 0B,0B / 2.11MB,44
2026-07-31 11:24:20,docker-recorder-run-a32a177d4325,0.00%,10.3MiB / 30.66GiB,0.03%,0B / 0B,123kB / 9.45MB,1
2026-07-31 11:24:20,glim,90.49%,467.7MiB / 30.66GiB,1.49%,0B / 0B,0B / 11.6MB,35
2026-07-31 11:24:20,ouster,7.33%,120.2MiB / 30.66GiB,0.38%,0B / 0B,0B / 3.07MB,30
2026-07-31 11:24:20,openzen,2.23%,34.53MiB / 30.66GiB,0.11%,0B / 0B,0B / 2.15MB,20
2026-07-31 11:24:20,domain_bridge,0.71%,74.95MiB / 30.66GiB,0.24%,0B / 0B,111kB / 5.17MB,28
2026-07-31 11:24:20,mapir-ffmpeg,0.17%,129.1MiB / 30.66GiB,0.41%,0B / 0B,0B / 1.43MB,33
2026-07-31 11:24:20,scovox,106.34%,1.107GiB / 30.66GiB,3.61%,0B / 0B,0B / 4.41MB,53
2026-07-31 11:24:20,nav2,7.05%,259.4MiB / 30.66GiB,0.83%,0B / 0B,53.2kB / 1.63MB,91
2026-07-31 11:24:23,trav_ros2,99.40%,391.4MiB / 30.66GiB,1.25%,0B / 0B,0B / 2.11MB,44
2026-07-31 11:24:23,docker-recorder-run-a32a177d4325,0.00%,10.3MiB / 30.66GiB,0.03%,0B / 0B,123kB / 9.45MB,1
2026-07-31 11:24:23,glim,90.70%,468.3MiB / 30.66GiB,1.49%,0B / 0B,0B / 11.6MB,35
2026-07-31 11:24:23,ouster,6.90%,120.3MiB / 30.66GiB,0.38%,0B / 0B,0B / 3.07MB,30
2026-07-31 11:24:23,openzen,2.50%,34.55MiB / 30.66GiB,0.11%,0B / 0B,0B / 2.15MB,20
2026-07-31 11:24:23,domain_bridge,0.96%,74.96MiB / 30.66GiB,0.24%,0B / 0B,111kB / 5.17MB,28
2026-07-31 11:24:23,mapir-ffmpeg,0.26%,129.6MiB / 30.66GiB,0.41%,0B / 0B,0B / 1.43MB,33
2026-07-31 11:24:23,scovox,114.12%,1.112GiB / 30.66GiB,3.63%,0B / 0B,0B / 4.41MB,53
2026-07-31 11:24:23,nav2,7.34%,259.3MiB / 30.66GiB,0.83%,0B / 0B,53.2kB / 1.65MB,91
2026-07-31 11:24:27,trav_ros2,99.67%,385.2MiB / 30.66GiB,1.23%,0B / 0B,0B / 2.11MB,44
2026-07-31 11:24:27,docker-recorder-run-a32a177d4325,0.00%,10.3MiB / 30.66GiB,0.03%,0B / 0B,123kB / 9.45MB,1
2026-07-31 11:24:27,glim,86.65%,467.5MiB / 30.66GiB,1.49%,0B / 0B,0B / 11.6MB,35
2026-07-31 11:24:27,ouster,6.92%,120.5MiB / 30.66GiB,0.38%,0B / 0B,0B / 3.07MB,30
2026-07-31 11:24:27,openzen,2.39%,34.77MiB / 30.66GiB,0.11%,0B / 0B,0B / 2.15MB,20
2026-07-31 11:24:27,domain_bridge,0.72%,75.2MiB / 30.66GiB,0.24%,0B / 0B,111kB / 5.17MB,28
2026-07-31 11:24:27,mapir-ffmpeg,0.27%,129.8MiB / 30.66GiB,0.41%,0B / 0B,0B / 1.43MB,33
2026-07-31 11:24:27,scovox,113.17%,1.107GiB / 30.66GiB,3.61%,0B / 0B,0B / 4.41MB,53
2026-07-31 11:24:27,nav2,7.18%,259.7MiB / 30.66GiB,0.83%,0B / 0B,53.2kB / 1.65MB,91
2026-07-31 11:24:30,trav_ros2,100.58%,389.8MiB / 30.66GiB,1.24%,0B / 0B,0B / 2.11MB,44
2026-07-31 11:24:30,docker-recorder-run-a32a177d4325,0.00%,10.3MiB / 30.66GiB,0.03%,0B / 0B,123kB / 9.45MB,1
2026-07-31 11:24:30,glim,91.90%,467.8MiB / 30.66GiB,1.49%,0B / 0B,0B / 11.6MB,35
2026-07-31 11:24:30,ouster,6.80%,120.1MiB / 30.66GiB,0.38%,0B / 0B,0B / 3.07MB,30
2026-07-31 11:24:30,openzen,2.32%,34.52MiB / 30.66GiB,0.11%,0B / 0B,0B / 2.15MB,20
2026-07-31 11:24:30,domain_bridge,0.34%,75.82MiB / 30.66GiB,0.24%,0B / 0B,111kB / 5.17MB,28
2026-07-31 11:24:30,mapir-ffmpeg,0.10%,129.6MiB / 30.66GiB,0.41%,0B / 0B,0B / 1.43MB,33
2026-07-31 11:24:30,scovox,112.91%,1.113GiB / 30.66GiB,3.63%,0B / 0B,0B / 4.41MB,53
2026-07-31 11:24:30,nav2,6.93%,259.7MiB / 30.66GiB,0.83%,0B / 0B,53.2kB / 1.65MB,91
2026-07-31 11:24:33,trav_ros2,100.71%,390.8MiB / 30.66GiB,1.24%,0B / 0B,0B / 2.11MB,44
2026-07-31 11:24:33,docker-recorder-run-a32a177d4325,0.00%,10.3MiB / 30.66GiB,0.03%,0B / 0B,123kB / 9.45MB,1
2026-07-31 11:24:33,glim,93.06%,467.5MiB / 30.66GiB,1.49%,0B / 0B,0B / 11.6MB,35
2026-07-31 11:24:33,ouster,6.71%,120MiB / 30.66GiB,0.38%,0B / 0B,0B / 3.07MB,30
2026-07-31 11:24:33,openzen,2.15%,34.04MiB / 30.66GiB,0.11%,0B / 0B,0B / 2.15MB,20
2026-07-31 11:24:33,domain_bridge,1.06%,74.61MiB / 30.66GiB,0.24%,0B / 0B,111kB / 5.17MB,28
2026-07-31 11:24:33,mapir-ffmpeg,0.04%,129.3MiB / 30.66GiB,0.41%,0B / 0B,0B / 1.43MB,33
2026-07-31 11:24:33,scovox,112.45%,1.107GiB / 30.66GiB,3.61%,0B / 0B,0B / 4.41MB,53
2026-07-31 11:24:33,nav2,6.24%,259.4MiB / 30.66GiB,0.83%,0B / 0B,53.2kB / 1.65MB,91
2026-07-31 11:24:36,trav_ros2,100.91%,391.6MiB / 30.66GiB,1.25%,0B / 0B,0B / 2.11MB,44
2026-07-31 11:24:36,docker-recorder-run-a32a177d4325,0.00%,10.3MiB / 30.66GiB,0.03%,0B / 0B,123kB / 9.45MB,1
2026-07-31 11:24:36,glim,90.32%,467.2MiB / 30.66GiB,1.49%,0B / 0B,0B / 11.6MB,35
2026-07-31 11:24:36,ouster,6.78%,120.1MiB / 30.66GiB,0.38%,0B / 0B,0B / 3.07MB,30
2026-07-31 11:24:36,openzen,2.29%,34.28MiB / 30.66GiB,0.11%,0B / 0B,0B / 2.15MB,20
2026-07-31 11:24:36,domain_bridge,0.59%,75.59MiB / 30.66GiB,0.24%,0B / 0B,111kB / 5.17MB,28
2026-07-31 11:24:36,mapir-ffmpeg,0.27%,129.9MiB / 30.66GiB,0.41%,0B / 0B,0B / 1.43MB,33
2026-07-31 11:24:36,scovox,115.56%,1.074GiB / 30.66GiB,3.50%,0B / 0B,0B / 4.41MB,53
2026-07-31 11:24:36,nav2,7.41%,259MiB / 30.66GiB,0.82%,0B / 0B,53.2kB / 1.65MB,91
2026-07-31 11:24:39,trav_ros2,101.26%,390.6MiB / 30.66GiB,1.24%,0B / 0B,0B / 2.11MB,44
2026-07-31 11:24:39,docker-recorder-run-a32a177d4325,0.00%,10.3MiB / 30.66GiB,0.03%,0B / 0B,123kB / 9.45MB,1
2026-07-31 11:24:39,glim,92.33%,467.6MiB / 30.66GiB,1.49%,0B / 0B,0B / 11.6MB,35
2026-07-31 11:24:39,ouster,6.80%,119.7MiB / 30.66GiB,0.38%,0B / 0B,0B / 3.07MB,30
2026-07-31 11:24:39,openzen,2.26%,34.28MiB / 30.66GiB,0.11%,0B / 0B,0B / 2.15MB,20
2026-07-31 11:24:39,domain_bridge,0.54%,75.19MiB / 30.66GiB,0.24%,0B / 0B,111kB / 5.17MB,28
2026-07-31 11:24:39,mapir-ffmpeg,0.05%,129.6MiB / 30.66GiB,0.41%,0B / 0B,0B / 1.43MB,33
2026-07-31 11:24:39,scovox,105.80%,1.108GiB / 30.66GiB,3.61%,0B / 0B,0B / 4.41MB,53
2026-07-31 11:24:39,nav2,7.03%,258.9MiB / 30.66GiB,0.82%,0B / 0B,53.2kB / 1.65MB,91
2026-07-31 11:24:42,trav_ros2,101.66%,394.5MiB / 30.66GiB,1.26%,0B / 0B,0B / 2.11MB,44
2026-07-31 11:24:42,docker-recorder-run-a32a177d4325,0.00%,10.3MiB / 30.66GiB,0.03%,0B / 0B,123kB / 9.45MB,1
2026-07-31 11:24:42,glim,95.08%,467.6MiB / 30.66GiB,1.49%,0B / 0B,0B / 11.6MB,35
2026-07-31 11:24:42,ouster,7.20%,119.6MiB / 30.66GiB,0.38%,0B / 0B,0B / 3.07MB,30
2026-07-31 11:24:42,openzen,2.48%,34.54MiB / 30.66GiB,0.11%,0B / 0B,0B / 2.15MB,20
2026-07-31 11:24:42,domain_bridge,3.90%,74.89MiB / 30.66GiB,0.24%,0B / 0B,111kB / 5.17MB,28
2026-07-31 11:24:42,mapir-ffmpeg,0.57%,129.1MiB / 30.66GiB,0.41%,0B / 0B,0B / 1.43MB,33
2026-07-31 11:24:42,scovox,108.67%,1.074GiB / 30.66GiB,3.50%,0B / 0B,0B / 4.41MB,53
2026-07-31 11:24:42,nav2,7.07%,259.2MiB / 30.66GiB,0.83%,0B / 0B,53.2kB / 1.65MB,91
2026-07-31 11:24:45,trav_ros2,101.78%,390.5MiB / 30.66GiB,1.24%,0B / 0B,0B / 2.11MB,44
2026-07-31 11:24:45,docker-recorder-run-a32a177d4325,0.00%,10.3MiB / 30.66GiB,0.03%,0B / 0B,123kB / 9.45MB,1
2026-07-31 11:24:45,glim,94.67%,467.3MiB / 30.66GiB,1.49%,0B / 0B,0B / 11.6MB,35
2026-07-31 11:24:45,ouster,6.68%,120.2MiB / 30.66GiB,0.38%,0B / 0B,0B / 3.07MB,30
2026-07-31 11:24:45,openzen,2.14%,34.04MiB / 30.66GiB,0.11%,0B / 0B,0B / 2.15MB,20
2026-07-31 11:24:45,domain_bridge,0.52%,75.2MiB / 30.66GiB,0.24%,0B / 0B,111kB / 5.17MB,28
2026-07-31 11:24:45,mapir-ffmpeg,0.05%,129.4MiB / 30.66GiB,0.41%,0B / 0B,0B / 1.43MB,33
2026-07-31 11:24:45,scovox,105.09%,1.098GiB / 30.66GiB,3.58%,0B / 0B,0B / 4.41MB,53
2026-07-31 11:24:45,nav2,7.07%,259.2MiB / 30.66GiB,0.83%,0B / 0B,53.2kB / 1.65MB,91
2026-07-31 11:24:48,trav_ros2,101.70%,389.5MiB / 30.66GiB,1.24%,0B / 0B,0B / 2.11MB,44
2026-07-31 11:24:48,docker-recorder-run-a32a177d4325,0.00%,10.3MiB / 30.66GiB,0.03%,0B / 0B,123kB / 9.45MB,1
2026-07-31 11:24:48,glim,93.31%,467MiB / 30.66GiB,1.49%,0B / 0B,0B / 11.6MB,35
2026-07-31 11:24:48,ouster,7.17%,119.9MiB / 30.66GiB,0.38%,0B / 0B,0B / 3.07MB,30
2026-07-31 11:24:48,openzen,2.32%,34.28MiB / 30.66GiB,0.11%,0B / 0B,0B / 2.15MB,20
2026-07-31 11:24:48,domain_bridge,1.35%,74.93MiB / 30.66GiB,0.24%,0B / 0B,111kB / 5.17MB,28
2026-07-31 11:24:48,mapir-ffmpeg,0.17%,129.2MiB / 30.66GiB,0.41%,0B / 0B,0B / 1.43MB,33
2026-07-31 11:24:48,scovox,115.67%,1.075GiB / 30.66GiB,3.50%,0B / 0B,0B / 4.41MB,53
2026-07-31 11:24:48,nav2,6.39%,259.7MiB / 30.66GiB,0.83%,0B / 0B,53.2kB / 1.65MB,91
2026-07-31 11:24:51,trav_ros2,102.11%,390.4MiB / 30.66GiB,1.24%,0B / 0B,0B / 2.13MB,44
2026-07-31 11:24:51,docker-recorder-run-a32a177d4325,0.00%,10.3MiB / 30.66GiB,0.03%,0B / 0B,123kB / 9.45MB,1
2026-07-31 11:24:51,glim,94.65%,467.4MiB / 30.66GiB,1.49%,0B / 0B,0B / 11.6MB,35
2026-07-31 11:24:51,ouster,6.76%,120MiB / 30.66GiB,0.38%,0B / 0B,0B / 3.07MB,30
2026-07-31 11:24:51,openzen,2.27%,34.28MiB / 30.66GiB,0.11%,0B / 0B,0B / 2.15MB,20
2026-07-31 11:24:51,domain_bridge,0.55%,74.53MiB / 30.66GiB,0.24%,0B / 0B,111kB / 5.17MB,28
2026-07-31 11:24:51,mapir-ffmpeg,0.11%,129.6MiB / 30.66GiB,0.41%,0B / 0B,0B / 1.43MB,33
2026-07-31 11:24:51,scovox,105.28%,1.112GiB / 30.66GiB,3.63%,0B / 0B,0B / 4.41MB,53
2026-07-31 11:24:51,nav2,7.78%,260.3MiB / 30.66GiB,0.83%,0B / 0B,53.2kB / 1.65MB,91
2026-07-31 11:24:54,trav_ros2,101.79%,390.9MiB / 30.66GiB,1.24%,0B / 0B,0B / 2.13MB,44
2026-07-31 11:24:54,docker-recorder-run-a32a177d4325,0.00%,10.3MiB / 30.66GiB,0.03%,0B / 0B,123kB / 9.45MB,1
2026-07-31 11:24:54,glim,92.46%,467.4MiB / 30.66GiB,1.49%,0B / 0B,0B / 11.6MB,35
2026-07-31 11:24:54,ouster,6.83%,119.8MiB / 30.66GiB,0.38%,0B / 0B,0B / 3.07MB,30
2026-07-31 11:24:54,openzen,2.42%,34.04MiB / 30.66GiB,0.11%,0B / 0B,0B / 2.15MB,20
2026-07-31 11:24:54,domain_bridge,0.37%,75.03MiB / 30.66GiB,0.24%,0B / 0B,111kB / 5.17MB,28
2026-07-31 11:24:54,mapir-ffmpeg,0.10%,129.4MiB / 30.66GiB,0.41%,0B / 0B,0B / 1.43MB,33
2026-07-31 11:24:54,scovox,106.51%,1.074GiB / 30.66GiB,3.50%,0B / 0B,0B / 4.44MB,53
2026-07-31 11:24:54,nav2,6.99%,259.7MiB / 30.66GiB,0.83%,0B / 0B,53.2kB / 1.65MB,91
2026-07-31 11:24:57,trav_ros2,101.55%,389.5MiB / 30.66GiB,1.24%,0B / 0B,0B / 2.13MB,44
2026-07-31 11:24:57,docker-recorder-run-a32a177d4325,0.00%,10.3MiB / 30.66GiB,0.03%,0B / 0B,123kB / 9.45MB,1
2026-07-31 11:24:57,glim,90.17%,466.5MiB / 30.66GiB,1.49%,0B / 0B,0B / 11.6MB,35
2026-07-31 11:24:57,ouster,7.05%,119.7MiB / 30.66GiB,0.38%,0B / 0B,0B / 3.07MB,30
2026-07-31 11:24:57,openzen,2.41%,34.28MiB / 30.66GiB,0.11%,0B / 0B,0B / 2.15MB,20
2026-07-31 11:24:57,domain_bridge,0.79%,74.72MiB / 30.66GiB,0.24%,0B / 0B,111kB / 5.17MB,28
2026-07-31 11:24:57,mapir-ffmpeg,0.26%,129.1MiB / 30.66GiB,0.41%,0B / 0B,0B / 1.43MB,33
2026-07-31 11:24:57,scovox,106.35%,1.112GiB / 30.66GiB,3.63%,0B / 0B,0B / 4.44MB,53
2026-07-31 11:24:57,nav2,7.87%,259.7MiB / 30.66GiB,0.83%,0B / 0B,53.2kB / 1.67MB,91
2026-07-31 11:25:00,trav_ros2,101.25%,383.9MiB / 30.66GiB,1.22%,0B / 0B,0B / 2.13MB,44
2026-07-31 11:25:00,docker-recorder-run-a32a177d4325,0.00%,10.3MiB / 30.66GiB,0.03%,0B / 0B,123kB / 9.45MB,1
2026-07-31 11:25:00,glim,95.19%,467.5MiB / 30.66GiB,1.49%,0B / 0B,0B / 11.6MB,35
2026-07-31 11:25:00,ouster,6.82%,119.6MiB / 30.66GiB,0.38%,0B / 0B,0B / 3.07MB,30
2026-07-31 11:25:00,openzen,2.39%,34.28MiB / 30.66GiB,0.11%,0B / 0B,0B / 2.15MB,20
2026-07-31 11:25:00,domain_bridge,0.54%,74.66MiB / 30.66GiB,0.24%,0B / 0B,111kB / 5.17MB,28
2026-07-31 11:25:00,mapir-ffmpeg,0.26%,129.9MiB / 30.66GiB,0.41%,0B / 0B,0B / 1.43MB,33
2026-07-31 11:25:00,scovox,105.42%,1.106GiB / 30.66GiB,3.61%,0B / 0B,0B / 4.44MB,53
2026-07-31 11:25:00,nav2,7.56%,259.2MiB / 30.66GiB,0.83%,0B / 0B,53.2kB / 1.67MB,91
2026-07-31 11:25:03,trav_ros2,101.44%,384.7MiB / 30.66GiB,1.23%,0B / 0B,0B / 2.13MB,44
2026-07-31 11:25:03,docker-recorder-run-a32a177d4325,0.00%,10.3MiB / 30.66GiB,0.03%,0B / 0B,123kB / 9.45MB,1
2026-07-31 11:25:03,glim,96.89%,467.6MiB / 30.66GiB,1.49%,0B / 0B,0B / 11.6MB,35
2026-07-31 11:25:03,ouster,6.79%,119.9MiB / 30.66GiB,0.38%,0B / 0B,0B / 3.07MB,30
2026-07-31 11:25:03,openzen,2.21%,34.04MiB / 30.66GiB,0.11%,0B / 0B,0B / 2.15MB,20
2026-07-31 11:25:03,domain_bridge,3.95%,76.05MiB / 30.66GiB,0.24%,0B / 0B,111kB / 5.17MB,28
2026-07-31 11:25:03,mapir-ffmpeg,0.19%,129.1MiB / 30.66GiB,0.41%,0B / 0B,0B / 1.43MB,33
2026-07-31 11:25:03,scovox,105.61%,1.112GiB / 30.66GiB,3.63%,0B / 0B,0B / 4.44MB,53
2026-07-31 11:25:03,nav2,7.21%,259MiB / 30.66GiB,0.82%,0B / 0B,53.2kB / 1.67MB,91
2026-07-31 11:25:07,trav_ros2,101.41%,389.6MiB / 30.66GiB,1.24%,0B / 0B,0B / 2.13MB,44
2026-07-31 11:25:07,docker-recorder-run-a32a177d4325,0.00%,10.3MiB / 30.66GiB,0.03%,0B / 0B,123kB / 9.45MB,1
2026-07-31 11:25:07,glim,91.89%,467.4MiB / 30.66GiB,1.49%,0B / 0B,0B / 11.6MB,35
2026-07-31 11:25:07,ouster,6.99%,120.2MiB / 30.66GiB,0.38%,0B / 0B,0B / 3.07MB,30
2026-07-31 11:25:07,openzen,2.11%,34.04MiB / 30.66GiB,0.11%,0B / 0B,0B / 2.15MB,20
2026-07-31 11:25:07,domain_bridge,0.41%,75.31MiB / 30.66GiB,0.24%,0B / 0B,111kB / 5.17MB,28
2026-07-31 11:25:07,mapir-ffmpeg,0.23%,129.8MiB / 30.66GiB,0.41%,0B / 0B,0B / 1.43MB,33
2026-07-31 11:25:07,scovox,105.51%,1.107GiB / 30.66GiB,3.61%,0B / 0B,0B / 4.44MB,53
2026-07-31 11:25:07,nav2,7.19%,260.1MiB / 30.66GiB,0.83%,0B / 0B,53.2kB / 1.67MB,91
2026-07-31 11:25:10,trav_ros2,101.25%,389.8MiB / 30.66GiB,1.24%,0B / 0B,0B / 2.13MB,44
2026-07-31 11:25:10,docker-recorder-run-a32a177d4325,0.00%,10.3MiB / 30.66GiB,0.03%,0B / 0B,123kB / 9.45MB,1
2026-07-31 11:25:10,glim,91.09%,467.2MiB / 30.66GiB,1.49%,0B / 0B,0B / 11.6MB,35
2026-07-31 11:25:10,ouster,6.77%,120MiB / 30.66GiB,0.38%,0B / 0B,0B / 3.07MB,30
2026-07-31 11:25:10,openzen,2.03%,34.04MiB / 30.66GiB,0.11%,0B / 0B,0B / 2.15MB,20
2026-07-31 11:25:10,domain_bridge,0.19%,75.61MiB / 30.66GiB,0.24%,0B / 0B,111kB / 5.17MB,28
2026-07-31 11:25:10,mapir-ffmpeg,0.10%,129.6MiB / 30.66GiB,0.41%,0B / 0B,0B / 1.43MB,33
2026-07-31 11:25:10,scovox,105.71%,1.074GiB / 30.66GiB,3.50%,0B / 0B,0B / 4.44MB,53
2026-07-31 11:25:10,nav2,6.99%,259.5MiB / 30.66GiB,0.83%,0B / 0B,53.2kB / 1.67MB,91
2026-07-31 11:25:13,trav_ros2,101.62%,390.5MiB / 30.66GiB,1.24%,0B / 0B,0B / 2.13MB,44
2026-07-31 11:25:13,docker-recorder-run-a32a177d4325,0.00%,10.3MiB / 30.66GiB,0.03%,0B / 0B,123kB / 9.45MB,1
2026-07-31 11:25:13,glim,91.05%,466.9MiB / 30.66GiB,1.49%,0B / 0B,0B / 11.6MB,35
2026-07-31 11:25:13,ouster,6.76%,119.6MiB / 30.66GiB,0.38%,0B / 0B,0B / 3.07MB,30
2026-07-31 11:25:13,openzen,1.97%,34.04MiB / 30.66GiB,0.11%,0B / 0B,0B / 2.15MB,20
2026-07-31 11:25:13,domain_bridge,0.54%,75.71MiB / 30.66GiB,0.24%,0B / 0B,111kB / 5.17MB,28
2026-07-31 11:25:13,mapir-ffmpeg,0.03%,129.6MiB / 30.66GiB,0.41%,0B / 0B,0B / 1.43MB,33
2026-07-31 11:25:13,scovox,105.84%,1.107GiB / 30.66GiB,3.61%,0B / 0B,0B / 4.44MB,53
2026-07-31 11:25:13,nav2,7.27%,259.3MiB / 30.66GiB,0.83%,0B / 0B,53.2kB / 1.67MB,91
2026-07-31 11:25:16,trav_ros2,101.79%,390.6MiB / 30.66GiB,1.24%,0B / 0B,0B / 2.13MB,44
2026-07-31 11:25:16,docker-recorder-run-a32a177d4325,0.00%,10.3MiB / 30.66GiB,0.03%,0B / 0B,123kB / 9.45MB,1
2026-07-31 11:25:16,glim,91.51%,468MiB / 30.66GiB,1.49%,0B / 0B,0B / 11.6MB,35
2026-07-31 11:25:16,ouster,6.87%,119.7MiB / 30.66GiB,0.38%,0B / 0B,0B / 3.07MB,30
2026-07-31 11:25:16,openzen,2.32%,34.29MiB / 30.66GiB,0.11%,0B / 0B,0B / 2.15MB,20
2026-07-31 11:25:16,domain_bridge,0.39%,75.54MiB / 30.66GiB,0.24%,0B / 0B,111kB / 5.17MB,28
2026-07-31 11:25:16,mapir-ffmpeg,0.28%,130.6MiB / 30.66GiB,0.42%,0B / 0B,0B / 1.43MB,33
2026-07-31 11:25:16,scovox,107.04%,1.075GiB / 30.66GiB,3.50%,0B / 0B,0B / 4.44MB,53
2026-07-31 11:25:16,nav2,6.30%,260.5MiB / 30.66GiB,0.83%,0B / 0B,53.2kB / 1.67MB,91
2026-07-31 11:25:19,trav_ros2,101.63%,390.5MiB / 30.66GiB,1.24%,0B / 0B,0B / 2.13MB,44
2026-07-31 11:25:19,docker-recorder-run-a32a177d4325,0.00%,10.3MiB / 30.66GiB,0.03%,0B / 0B,123kB / 9.45MB,1
2026-07-31 11:25:19,glim,91.00%,467.9MiB / 30.66GiB,1.49%,0B / 0B,0B / 11.6MB,35
2026-07-31 11:25:19,ouster,6.73%,119.7MiB / 30.66GiB,0.38%,0B / 0B,0B / 3.07MB,30
2026-07-31 11:25:19,openzen,2.26%,34.04MiB / 30.66GiB,0.11%,0B / 0B,0B / 2.15MB,20
2026-07-31 11:25:19,domain_bridge,0.20%,75.1MiB / 30.66GiB,0.24%,0B / 0B,111kB / 5.17MB,28
2026-07-31 11:25:19,mapir-ffmpeg,0.04%,130.3MiB / 30.66GiB,0.42%,0B / 0B,0B / 1.43MB,33
2026-07-31 11:25:19,scovox,105.60%,1.108GiB / 30.66GiB,3.61%,0B / 0B,0B / 4.44MB,53
2026-07-31 11:25:19,nav2,6.52%,259.7MiB / 30.66GiB,0.83%,0B / 0B,53.2kB / 1.67MB,91
2026-07-31 11:25:22,trav_ros2,101.86%,389.9MiB / 30.66GiB,1.24%,0B / 0B,0B / 2.14MB,44
2026-07-31 11:25:22,docker-recorder-run-a32a177d4325,0.00%,10.3MiB / 30.66GiB,0.03%,0B / 0B,123kB / 9.45MB,1
2026-07-31 11:25:22,glim,93.44%,467.6MiB / 30.66GiB,1.49%,0B / 0B,0B / 11.6MB,35
2026-07-31 11:25:22,ouster,7.22%,120.3MiB / 30.66GiB,0.38%,0B / 0B,0B / 3.07MB,30
2026-07-31 11:25:22,openzen,2.45%,34.28MiB / 30.66GiB,0.11%,0B / 0B,0B / 2.15MB,20
2026-07-31 11:25:22,domain_bridge,0.57%,75.03MiB / 30.66GiB,0.24%,0B / 0B,111kB / 5.17MB,28
2026-07-31 11:25:22,mapir-ffmpeg,0.49%,130.3MiB / 30.66GiB,0.42%,0B / 0B,0B / 1.43MB,33
2026-07-31 11:25:22,scovox,107.26%,1.073GiB / 30.66GiB,3.50%,0B / 0B,0B / 4.44MB,53
2026-07-31 11:25:22,nav2,7.08%,259.3MiB / 30.66GiB,0.83%,0B / 0B,53.2kB / 1.67MB,91
2026-07-31 11:25:25,trav_ros2,101.42%,389.1MiB / 30.66GiB,1.24%,0B / 0B,0B / 2.14MB,44
2026-07-31 11:25:25,docker-recorder-run-a32a177d4325,0.00%,10.3MiB / 30.66GiB,0.03%,0B / 0B,123kB / 9.45MB,1
2026-07-31 11:25:25,glim,91.29%,467.6MiB / 30.66GiB,1.49%,0B / 0B,0B / 11.6MB,35
2026-07-31 11:25:25,ouster,7.12%,119.6MiB / 30.66GiB,0.38%,0B / 0B,0B / 3.07MB,30
2026-07-31 11:25:25,openzen,1.95%,34.04MiB / 30.66GiB,0.11%,0B / 0B,0B / 2.15MB,20
2026-07-31 11:25:25,domain_bridge,0.26%,75.29MiB / 30.66GiB,0.24%,0B / 0B,111kB / 5.17MB,28
2026-07-31 11:25:25,mapir-ffmpeg,0.04%,130.1MiB / 30.66GiB,0.41%,0B / 0B,0B / 1.43MB,33
2026-07-31 11:25:25,scovox,105.48%,1.108GiB / 30.66GiB,3.61%,0B / 0B,0B / 4.44MB,53
2026-07-31 11:25:25,nav2,6.49%,259.7MiB / 30.66GiB,0.83%,0B / 0B,53.2kB / 1.67MB,91
2026-07-31 11:25:28,trav_ros2,101.54%,390.8MiB / 30.66GiB,1.24%,0B / 0B,0B / 2.14MB,44
2026-07-31 11:25:28,docker-recorder-run-a32a177d4325,0.00%,10.3MiB / 30.66GiB,0.03%,0B / 0B,123kB / 9.45MB,1
2026-07-31 11:25:28,glim,93.51%,467.3MiB / 30.66GiB,1.49%,0B / 0B,0B / 11.6MB,35
2026-07-31 11:25:28,ouster,6.77%,119.9MiB / 30.66GiB,0.38%,0B / 0B,0B / 3.07MB,30
2026-07-31 11:25:28,openzen,2.18%,34.04MiB / 30.66GiB,0.11%,0B / 0B,0B / 2.15MB,20
2026-07-31 11:25:28,domain_bridge,0.86%,76.21MiB / 30.66GiB,0.24%,0B / 0B,111kB / 5.17MB,28
2026-07-31 11:25:28,mapir-ffmpeg,0.18%,130.1MiB / 30.66GiB,0.41%,0B / 0B,0B / 1.44MB,33
2026-07-31 11:25:28,scovox,106.63%,1.074GiB / 30.66GiB,3.50%,0B / 0B,0B / 4.46MB,53
2026-07-31 11:25:28,nav2,8.22%,259.6MiB / 30.66GiB,0.83%,0B / 0B,53.2kB / 1.67MB,91
2026-07-31 11:25:31,trav_ros2,100.89%,391.6MiB / 30.66GiB,1.25%,0B / 0B,0B / 2.14MB,44
2026-07-31 11:25:31,docker-recorder-run-a32a177d4325,0.00%,10.3MiB / 30.66GiB,0.03%,0B / 0B,123kB / 9.45MB,1
2026-07-31 11:25:31,glim,90.77%,467.2MiB / 30.66GiB,1.49%,0B / 0B,0B / 11.6MB,35
2026-07-31 11:25:31,ouster,6.63%,119.7MiB / 30.66GiB,0.38%,0B / 0B,0B / 3.07MB,30
2026-07-31 11:25:31,openzen,2.14%,34.04MiB / 30.66GiB,0.11%,0B / 0B,0B / 2.15MB,20
2026-07-31 11:25:31,domain_bridge,0.19%,75.09MiB / 30.66GiB,0.24%,0B / 0B,111kB / 5.17MB,28
2026-07-31 11:25:31,mapir-ffmpeg,0.11%,130.8MiB / 30.66GiB,0.42%,0B / 0B,0B / 1.44MB,33
2026-07-31 11:25:31,scovox,104.33%,1.083GiB / 30.66GiB,3.53%,0B / 0B,0B / 4.46MB,53
2026-07-31 11:25:31,nav2,7.81%,260.2MiB / 30.66GiB,0.83%,0B / 0B,53.2kB / 1.67MB,91
2026-07-31 11:25:34,trav_ros2,101.56%,385.2MiB / 30.66GiB,1.23%,0B / 0B,0B / 2.14MB,44
2026-07-31 11:25:34,docker-recorder-run-a32a177d4325,0.00%,10.3MiB / 30.66GiB,0.03%,0B / 0B,123kB / 9.45MB,1
2026-07-31 11:25:34,glim,93.49%,467.4MiB / 30.66GiB,1.49%,0B / 0B,0B / 11.6MB,35
2026-07-31 11:25:34,ouster,6.57%,119.6MiB / 30.66GiB,0.38%,0B / 0B,0B / 3.07MB,30
2026-07-31 11:25:34,openzen,1.90%,34.04MiB / 30.66GiB,0.11%,0B / 0B,0B / 2.15MB,20
2026-07-31 11:25:34,domain_bridge,0.22%,75.27MiB / 30.66GiB,0.24%,0B / 0B,111kB / 5.17MB,28
2026-07-31 11:25:34,mapir-ffmpeg,0.11%,130.1MiB / 30.66GiB,0.41%,0B / 0B,0B / 1.44MB,33
2026-07-31 11:25:34,scovox,105.86%,1.075GiB / 30.66GiB,3.51%,0B / 0B,0B / 4.46MB,53
2026-07-31 11:25:34,nav2,5.52%,258.7MiB / 30.66GiB,0.82%,0B / 0B,53.2kB / 1.68MB,91
2026-07-31 11:25:37,trav_ros2,101.35%,382.2MiB / 30.66GiB,1.22%,0B / 0B,0B / 2.14MB,44
2026-07-31 11:25:37,docker-recorder-run-a32a177d4325,0.00%,10.3MiB / 30.66GiB,0.03%,0B / 0B,123kB / 9.45MB,1
2026-07-31 11:25:37,glim,92.63%,466.9MiB / 30.66GiB,1.49%,0B / 0B,0B / 11.6MB,35
2026-07-31 11:25:37,ouster,6.94%,119.8MiB / 30.66GiB,0.38%,0B / 0B,0B / 3.07MB,30
2026-07-31 11:25:37,openzen,2.09%,34.79MiB / 30.66GiB,0.11%,0B / 0B,0B / 2.15MB,20
2026-07-31 11:25:37,domain_bridge,0.52%,75.42MiB / 30.66GiB,0.24%,0B / 0B,111kB / 5.17MB,28
2026-07-31 11:25:37,mapir-ffmpeg,0.26%,129.6MiB / 30.66GiB,0.41%,0B / 0B,0B / 1.44MB,33
2026-07-31 11:25:37,scovox,105.18%,1.084GiB / 30.66GiB,3.54%,0B / 0B,0B / 4.46MB,53
2026-07-31 11:25:37,nav2,7.66%,260.4MiB / 30.66GiB,0.83%,0B / 0B,53.2kB / 1.68MB,91
2026-07-31 11:25:40,trav_ros2,101.91%,384.7MiB / 30.66GiB,1.23%,0B / 0B,0B / 2.14MB,44
2026-07-31 11:25:40,docker-recorder-run-a32a177d4325,0.00%,10.3MiB / 30.66GiB,0.03%,0B / 0B,123kB / 9.45MB,1
2026-07-31 11:25:40,glim,92.58%,467.9MiB / 30.66GiB,1.49%,0B / 0B,0B / 11.6MB,35
2026-07-31 11:25:40,ouster,6.82%,120MiB / 30.66GiB,0.38%,0B / 0B,0B / 3.07MB,30
2026-07-31 11:25:40,openzen,2.06%,34.53MiB / 30.66GiB,0.11%,0B / 0B,0B / 2.15MB,20
2026-07-31 11:25:40,domain_bridge,0.50%,76.01MiB / 30.66GiB,0.24%,0B / 0B,111kB / 5.17MB,28
2026-07-31 11:25:40,mapir-ffmpeg,0.18%,129.6MiB / 30.66GiB,0.41%,0B / 0B,0B / 1.44MB,33
2026-07-31 11:25:40,scovox,106.04%,1.107GiB / 30.66GiB,3.61%,0B / 0B,0B / 4.46MB,53
2026-07-31 11:25:40,nav2,7.23%,259.1MiB / 30.66GiB,0.83%,0B / 0B,53.2kB / 1.68MB,91
2026-07-31 11:25:43,trav_ros2,101.87%,384.5MiB / 30.66GiB,1.22%,0B / 0B,0B / 2.14MB,44
2026-07-31 11:25:43,docker-recorder-run-a32a177d4325,0.00%,10.3MiB / 30.66GiB,0.03%,0B / 0B,123kB / 9.45MB,1
2026-07-31 11:25:43,glim,95.98%,467MiB / 30.66GiB,1.49%,0B / 0B,0B / 11.6MB,35
2026-07-31 11:25:43,ouster,6.82%,120.1MiB / 30.66GiB,0.38%,0B / 0B,0B / 3.07MB,30
2026-07-31 11:25:43,openzen,2.36%,34.04MiB / 30.66GiB,0.11%,0B / 0B,0B / 2.15MB,20
2026-07-31 11:25:43,domain_bridge,16.13%,75.78MiB / 30.66GiB,0.24%,0B / 0B,111kB / 5.17MB,28
2026-07-31 11:25:43,mapir-ffmpeg,0.17%,129.4MiB / 30.66GiB,0.41%,0B / 0B,0B / 1.44MB,33
2026-07-31 11:25:43,scovox,106.14%,1.09GiB / 30.66GiB,3.55%,0B / 0B,0B / 4.46MB,53
2026-07-31 11:25:43,nav2,6.71%,258.9MiB / 30.66GiB,0.82%,0B / 0B,53.2kB / 1.68MB,91
2026-07-31 11:25:47,trav_ros2,101.91%,385MiB / 30.66GiB,1.23%,0B / 0B,0B / 2.14MB,44
2026-07-31 11:25:47,docker-recorder-run-a32a177d4325,0.00%,10.3MiB / 30.66GiB,0.03%,0B / 0B,123kB / 9.45MB,1
2026-07-31 11:25:47,glim,92.31%,467.7MiB / 30.66GiB,1.49%,0B / 0B,0B / 11.6MB,35
2026-07-31 11:25:47,ouster,7.58%,120.6MiB / 30.66GiB,0.38%,0B / 0B,0B / 3.07MB,30
2026-07-31 11:25:47,openzen,2.33%,34.04MiB / 30.66GiB,0.11%,0B / 0B,0B / 2.15MB,20
2026-07-31 11:25:47,domain_bridge,4.85%,75.44MiB / 30.66GiB,0.24%,0B / 0B,111kB / 5.17MB,28
2026-07-31 11:25:47,mapir-ffmpeg,0.28%,130.3MiB / 30.66GiB,0.42%,0B / 0B,0B / 1.44MB,33
2026-07-31 11:25:47,scovox,105.98%,1.107GiB / 30.66GiB,3.61%,0B / 0B,0B / 4.46MB,53
2026-07-31 11:25:47,nav2,8.12%,260.2MiB / 30.66GiB,0.83%,0B / 0B,53.2kB / 1.68MB,91
2026-07-31 11:25:50,trav_ros2,101.89%,390.4MiB / 30.66GiB,1.24%,0B / 0B,0B / 2.14MB,44
2026-07-31 11:25:50,docker-recorder-run-a32a177d4325,0.00%,10.3MiB / 30.66GiB,0.03%,0B / 0B,123kB / 9.45MB,1
2026-07-31 11:25:50,glim,94.10%,467.7MiB / 30.66GiB,1.49%,0B / 0B,0B / 11.6MB,35
2026-07-31 11:25:50,ouster,6.78%,120.5MiB / 30.66GiB,0.38%,0B / 0B,0B / 3.07MB,30
2026-07-31 11:25:50,openzen,2.15%,34.04MiB / 30.66GiB,0.11%,0B / 0B,0B / 2.15MB,20
2026-07-31 11:25:50,domain_bridge,3.48%,75.66MiB / 30.66GiB,0.24%,0B / 0B,111kB / 5.17MB,28
2026-07-31 11:25:50,mapir-ffmpeg,0.06%,129.6MiB / 30.66GiB,0.41%,0B / 0B,0B / 1.44MB,33
2026-07-31 11:25:50,scovox,105.90%,1.124GiB / 30.66GiB,3.67%,0B / 0B,0B / 4.46MB,53
2026-07-31 11:25:50,nav2,6.46%,259.3MiB / 30.66GiB,0.83%,0B / 0B,53.2kB / 1.68MB,91
2026-07-31 11:25:53,trav_ros2,101.74%,389.9MiB / 30.66GiB,1.24%,0B / 0B,0B / 2.16MB,44
2026-07-31 11:25:53,docker-recorder-run-a32a177d4325,0.00%,10.3MiB / 30.66GiB,0.03%,0B / 0B,123kB / 9.45MB,1
2026-07-31 11:25:53,glim,90.24%,466.9MiB / 30.66GiB,1.49%,0B / 0B,0B / 11.6MB,35
2026-07-31 11:25:53,ouster,6.82%,119.9MiB / 30.66GiB,0.38%,0B / 0B,0B / 3.07MB,30
2026-07-31 11:25:53,openzen,2.10%,34.29MiB / 30.66GiB,0.11%,0B / 0B,0B / 2.15MB,20
2026-07-31 11:25:53,domain_bridge,2.05%,75.43MiB / 30.66GiB,0.24%,0B / 0B,111kB / 5.17MB,28
2026-07-31 11:25:53,mapir-ffmpeg,0.04%,129.6MiB / 30.66GiB,0.41%,0B / 0B,0B / 1.44MB,33
2026-07-31 11:25:53,scovox,105.67%,1.108GiB / 30.66GiB,3.61%,0B / 0B,0B / 4.46MB,53
2026-07-31 11:25:53,nav2,7.21%,259.2MiB / 30.66GiB,0.83%,0B / 0B,53.2kB / 1.68MB,91
2026-07-31 11:25:56,trav_ros2,101.08%,390.9MiB / 30.66GiB,1.25%,0B / 0B,0B / 2.16MB,44
2026-07-31 11:25:56,docker-recorder-run-a32a177d4325,0.00%,10.3MiB / 30.66GiB,0.03%,0B / 0B,123kB / 9.45MB,1
2026-07-31 11:25:56,glim,95.29%,467.3MiB / 30.66GiB,1.49%,0B / 0B,0B / 11.6MB,35
2026-07-31 11:25:56,ouster,6.87%,120.2MiB / 30.66GiB,0.38%,0B / 0B,0B / 3.07MB,30
2026-07-31 11:25:56,openzen,2.22%,34.78MiB / 30.66GiB,0.11%,0B / 0B,0B / 2.15MB,20
2026-07-31 11:25:56,domain_bridge,3.55%,76.29MiB / 30.66GiB,0.24%,0B / 0B,111kB / 5.17MB,28
2026-07-31 11:25:56,mapir-ffmpeg,0.24%,129.8MiB / 30.66GiB,0.41%,0B / 0B,0B / 1.44MB,33
2026-07-31 11:25:56,scovox,105.67%,1.138GiB / 30.66GiB,3.71%,0B / 0B,0B / 4.46MB,53
2026-07-31 11:25:56,nav2,6.58%,259.9MiB / 30.66GiB,0.83%,0B / 0B,53.2kB / 1.68MB,91
2026-07-31 11:25:59,trav_ros2,101.41%,390.5MiB / 30.66GiB,1.24%,0B / 0B,0B / 2.16MB,44
2026-07-31 11:25:59,docker-recorder-run-a32a177d4325,0.00%,10.3MiB / 30.66GiB,0.03%,0B / 0B,123kB / 9.45MB,1
2026-07-31 11:25:59,glim,93.63%,467.8MiB / 30.66GiB,1.49%,0B / 0B,0B / 11.6MB,35
2026-07-31 11:25:59,ouster,6.70%,119.6MiB / 30.66GiB,0.38%,0B / 0B,0B / 3.07MB,30
2026-07-31 11:25:59,openzen,2.13%,34.28MiB / 30.66GiB,0.11%,0B / 0B,0B / 2.15MB,20
2026-07-31 11:25:59,domain_bridge,0.39%,76.16MiB / 30.66GiB,0.24%,0B / 0B,111kB / 5.17MB,28
2026-07-31 11:25:59,mapir-ffmpeg,0.04%,129.4MiB / 30.66GiB,0.41%,0B / 0B,0B / 1.44MB,33
2026-07-31 11:25:59,scovox,105.59%,1.108GiB / 30.66GiB,3.61%,0B / 0B,0B / 4.46MB,53
2026-07-31 11:25:59,nav2,7.04%,259.5MiB / 30.66GiB,0.83%,0B / 0B,53.2kB / 1.68MB,91
2026-07-31 11:26:02,trav_ros2,101.28%,390.2MiB / 30.66GiB,1.24%,0B / 0B,0B / 2.16MB,44
2026-07-31 11:26:02,docker-recorder-run-a32a177d4325,0.00%,10.3MiB / 30.66GiB,0.03%,0B / 0B,123kB / 9.45MB,1
2026-07-31 11:26:02,glim,96.25%,467.2MiB / 30.66GiB,1.49%,0B / 0B,0B / 11.6MB,35
2026-07-31 11:26:02,ouster,7.59%,121.2MiB / 30.66GiB,0.39%,0B / 0B,0B / 3.07MB,30
2026-07-31 11:26:02,openzen,2.54%,34.54MiB / 30.66GiB,0.11%,0B / 0B,0B / 2.15MB,20
2026-07-31 11:26:02,domain_bridge,2.14%,75.28MiB / 30.66GiB,0.24%,0B / 0B,111kB / 5.17MB,28
2026-07-31 11:26:02,mapir-ffmpeg,0.92%,130.8MiB / 30.66GiB,0.42%,0B / 0B,0B / 1.44MB,33
2026-07-31 11:26:02,scovox,107.36%,1.137GiB / 30.66GiB,3.71%,0B / 0B,0B / 4.46MB,53
2026-07-31 11:26:02,nav2,9.24%,260.4MiB / 30.66GiB,0.83%,0B / 0B,53.2kB / 1.68MB,91
2026-07-31 11:26:05,trav_ros2,101.42%,391MiB / 30.66GiB,1.25%,0B / 0B,0B / 2.16MB,44
2026-07-31 11:26:05,docker-recorder-run-a32a177d4325,0.00%,10.3MiB / 30.66GiB,0.03%,0B / 0B,123kB / 9.45MB,1
2026-07-31 11:26:05,glim,91.88%,467.4MiB / 30.66GiB,1.49%,0B / 0B,0B / 11.6MB,35
2026-07-31 11:26:05,ouster,7.44%,120.2MiB / 30.66GiB,0.38%,0B / 0B,0B / 3.07MB,30
2026-07-31 11:26:05,openzen,2.18%,34.04MiB / 30.66GiB,0.11%,0B / 0B,0B / 2.15MB,20
2026-07-31 11:26:05,domain_bridge,1.12%,74.94MiB / 30.66GiB,0.24%,0B / 0B,111kB / 5.17MB,28
2026-07-31 11:26:05,mapir-ffmpeg,0.17%,130.4MiB / 30.66GiB,0.42%,0B / 0B,0B / 1.44MB,33
2026-07-31 11:26:05,scovox,104.73%,1.084GiB / 30.66GiB,3.53%,0B / 0B,0B / 4.49MB,53
2026-07-31 11:26:05,nav2,7.66%,260.7MiB / 30.66GiB,0.83%,0B / 0B,53.2kB / 1.68MB,91
2026-07-31 11:26:08,trav_ros2,101.71%,394.1MiB / 30.66GiB,1.26%,0B / 0B,0B / 2.16MB,44
2026-07-31 11:26:08,docker-recorder-run-a32a177d4325,0.00%,10.3MiB / 30.66GiB,0.03%,0B / 0B,123kB / 9.45MB,1
2026-07-31 11:26:08,glim,89.08%,467.6MiB / 30.66GiB,1.49%,0B / 0B,0B / 11.6MB,35
2026-07-31 11:26:08,ouster,6.90%,119.9MiB / 30.66GiB,0.38%,0B / 0B,0B / 3.07MB,30
2026-07-31 11:26:08,openzen,2.22%,34.04MiB / 30.66GiB,0.11%,0B / 0B,0B / 2.15MB,20
2026-07-31 11:26:08,domain_bridge,1.27%,76.43MiB / 30.66GiB,0.24%,0B / 0B,111kB / 5.17MB,28
2026-07-31 11:26:08,mapir-ffmpeg,0.23%,130.3MiB / 30.66GiB,0.41%,0B / 0B,0B / 1.44MB,33
2026-07-31 11:26:08,scovox,106.75%,1.138GiB / 30.66GiB,3.71%,0B / 0B,0B / 4.49MB,53
2026-07-31 11:26:08,nav2,7.37%,259.2MiB / 30.66GiB,0.83%,0B / 0B,53.2kB / 1.7MB,91
2026-07-31 11:26:11,trav_ros2,101.72%,390.9MiB / 30.66GiB,1.24%,0B / 0B,0B / 2.16MB,44
2026-07-31 11:26:11,docker-recorder-run-a32a177d4325,0.00%,10.3MiB / 30.66GiB,0.03%,0B / 0B,123kB / 9.45MB,1
2026-07-31 11:26:11,glim,93.22%,468MiB / 30.66GiB,1.49%,0B / 0B,0B / 11.6MB,35
2026-07-31 11:26:11,ouster,6.90%,120.2MiB / 30.66GiB,0.38%,0B / 0B,0B / 3.07MB,30
2026-07-31 11:26:11,openzen,2.16%,34.29MiB / 30.66GiB,0.11%,0B / 0B,0B / 2.15MB,20
2026-07-31 11:26:11,domain_bridge,0.56%,75.69MiB / 30.66GiB,0.24%,0B / 0B,111kB / 5.17MB,28
2026-07-31 11:26:11,mapir-ffmpeg,0.14%,129.8MiB / 30.66GiB,0.41%,0B / 0B,0B / 1.44MB,33
2026-07-31 11:26:11,scovox,106.10%,1.09GiB / 30.66GiB,3.56%,0B / 0B,0B / 4.49MB,53
2026-07-31 11:26:11,nav2,6.41%,259.8MiB / 30.66GiB,0.83%,0B / 0B,53.2kB / 1.7MB,91
2026-07-31 11:26:14,trav_ros2,101.74%,394.4MiB / 30.66GiB,1.26%,0B / 0B,0B / 2.16MB,44
2026-07-31 11:26:14,docker-recorder-run-a32a177d4325,0.00%,10.3MiB / 30.66GiB,0.03%,0B / 0B,123kB / 9.45MB,1
2026-07-31 11:26:14,glim,91.61%,467.7MiB / 30.66GiB,1.49%,0B / 0B,0B / 11.6MB,35
2026-07-31 11:26:14,ouster,6.79%,120.6MiB / 30.66GiB,0.38%,0B / 0B,0B / 3.07MB,30
2026-07-31 11:26:14,openzen,2.26%,34.04MiB / 30.66GiB,0.11%,0B / 0B,0B / 2.15MB,20
2026-07-31 11:26:14,domain_bridge,0.51%,75.93MiB / 30.66GiB,0.24%,0B / 0B,111kB / 5.17MB,28
2026-07-31 11:26:14,mapir-ffmpeg,0.10%,129.8MiB / 30.66GiB,0.41%,0B / 0B,0B / 1.44MB,33
2026-07-31 11:26:14,scovox,107.40%,1.109GiB / 30.66GiB,3.62%,0B / 0B,0B / 4.49MB,53
2026-07-31 11:26:14,nav2,7.08%,259.1MiB / 30.66GiB,0.83%,0B / 0B,53.2kB / 1.7MB,91
2026-07-31 11:26:17,trav_ros2,101.85%,391.6MiB / 30.66GiB,1.25%,0B / 0B,0B / 2.16MB,44
2026-07-31 11:26:17,docker-recorder-run-a32a177d4325,0.00%,10.3MiB / 30.66GiB,0.03%,0B / 0B,123kB / 9.45MB,1
2026-07-31 11:26:17,glim,97.21%,467.3MiB / 30.66GiB,1.49%,0B / 0B,0B / 11.6MB,35
2026-07-31 11:26:17,ouster,7.13%,120.6MiB / 30.66GiB,0.38%,0B / 0B,0B / 3.07MB,30
2026-07-31 11:26:17,openzen,2.60%,34.27MiB / 30.66GiB,0.11%,0B / 0B,0B / 2.15MB,20
2026-07-31 11:26:17,domain_bridge,0.77%,75.94MiB / 30.66GiB,0.24%,0B / 0B,111kB / 5.17MB,28
2026-07-31 11:26:17,mapir-ffmpeg,0.28%,129.4MiB / 30.66GiB,0.41%,0B / 0B,0B / 1.44MB,33
2026-07-31 11:26:17,scovox,107.55%,1.113GiB / 30.66GiB,3.63%,0B / 0B,0B / 4.49MB,53
2026-07-31 11:26:17,nav2,7.33%,260.3MiB / 30.66GiB,0.83%,0B / 0B,53.2kB / 1.7MB,91
2026-07-31 11:26:20,trav_ros2,101.81%,390.3MiB / 30.66GiB,1.24%,0B / 0B,0B / 2.16MB,44
2026-07-31 11:26:20,docker-recorder-run-a32a177d4325,0.00%,10.3MiB / 30.66GiB,0.03%,0B / 0B,123kB / 9.45MB,1
2026-07-31 11:26:20,glim,91.69%,467.1MiB / 30.66GiB,1.49%,0B / 0B,0B / 11.6MB,35
2026-07-31 11:26:20,ouster,7.41%,120.6MiB / 30.66GiB,0.38%,0B / 0B,0B / 3.07MB,30
2026-07-31 11:26:20,openzen,2.30%,34.04MiB / 30.66GiB,0.11%,0B / 0B,0B / 2.15MB,20
2026-07-31 11:26:20,domain_bridge,0.60%,75.9MiB / 30.66GiB,0.24%,0B / 0B,111kB / 5.19MB,28
2026-07-31 11:26:20,mapir-ffmpeg,0.16%,129.4MiB / 30.66GiB,0.41%,0B / 0B,0B / 1.44MB,33
2026-07-31 11:26:20,scovox,107.25%,1.142GiB / 30.66GiB,3.72%,0B / 0B,0B / 4.49MB,53
2026-07-31 11:26:20,nav2,7.25%,259.8MiB / 30.66GiB,0.83%,0B / 0B,53.2kB / 1.7MB,91
2026-07-31 11:26:23,trav_ros2,101.18%,390.6MiB / 30.66GiB,1.24%,0B / 0B,0B / 2.16MB,44
2026-07-31 11:26:23,docker-recorder-run-a32a177d4325,0.00%,10.3MiB / 30.66GiB,0.03%,0B / 0B,123kB / 9.45MB,1
2026-07-31 11:26:23,glim,92.22%,467.1MiB / 30.66GiB,1.49%,0B / 0B,0B / 11.6MB,35
2026-07-31 11:26:23,ouster,6.77%,120.2MiB / 30.66GiB,0.38%,0B / 0B,0B / 3.07MB,30
2026-07-31 11:26:23,openzen,2.40%,34.04MiB / 30.66GiB,0.11%,0B / 0B,0B / 2.15MB,20
2026-07-31 11:26:23,domain_bridge,0.72%,75.79MiB / 30.66GiB,0.24%,0B / 0B,111kB / 5.19MB,28
2026-07-31 11:26:23,mapir-ffmpeg,0.18%,129.8MiB / 30.66GiB,0.41%,0B / 0B,0B / 1.44MB,33
2026-07-31 11:26:23,scovox,106.61%,1.125GiB / 30.66GiB,3.67%,0B / 0B,0B / 4.49MB,53
2026-07-31 11:26:23,nav2,7.15%,259.6MiB / 30.66GiB,0.83%,0B / 0B,53.2kB / 1.7MB,91
2026-07-31 11:26:27,trav_ros2,101.58%,391.3MiB / 30.66GiB,1.25%,0B / 0B,0B / 2.17MB,44
2026-07-31 11:26:27,docker-recorder-run-a32a177d4325,0.00%,10.3MiB / 30.66GiB,0.03%,0B / 0B,123kB / 9.45MB,1
2026-07-31 11:26:27,glim,89.73%,467.5MiB / 30.66GiB,1.49%,0B / 0B,0B / 11.6MB,35
2026-07-31 11:26:27,ouster,6.97%,119.8MiB / 30.66GiB,0.38%,0B / 0B,0B / 3.07MB,30
2026-07-31 11:26:27,openzen,2.27%,34.55MiB / 30.66GiB,0.11%,0B / 0B,0B / 2.15MB,20
2026-07-31 11:26:27,domain_bridge,0.76%,75.59MiB / 30.66GiB,0.24%,0B / 0B,111kB / 5.19MB,28
2026-07-31 11:26:27,mapir-ffmpeg,0.47%,129.6MiB / 30.66GiB,0.41%,0B / 0B,0B / 1.44MB,33
2026-07-31 11:26:27,scovox,106.60%,1.142GiB / 30.66GiB,3.72%,0B / 0B,0B / 4.49MB,53
2026-07-31 11:26:27,nav2,7.73%,260.5MiB / 30.66GiB,0.83%,0B / 0B,53.2kB / 1.7MB,91
2026-07-31 11:26:30,trav_ros2,101.60%,391.6MiB / 30.66GiB,1.25%,0B / 0B,0B / 2.17MB,44
2026-07-31 11:26:30,docker-recorder-run-a32a177d4325,0.00%,10.3MiB / 30.66GiB,0.03%,0B / 0B,123kB / 9.45MB,1
2026-07-31 11:26:30,glim,91.10%,467.3MiB / 30.66GiB,1.49%,0B / 0B,0B / 11.6MB,35
2026-07-31 11:26:30,ouster,6.83%,120.2MiB / 30.66GiB,0.38%,0B / 0B,0B / 3.07MB,30
2026-07-31 11:26:30,openzen,2.42%,34.04MiB / 30.66GiB,0.11%,0B / 0B,0B / 2.15MB,20
2026-07-31 11:26:30,domain_bridge,2.84%,75.84MiB / 30.66GiB,0.24%,0B / 0B,111kB / 5.19MB,28
2026-07-31 11:26:30,mapir-ffmpeg,0.06%,129.1MiB / 30.66GiB,0.41%,0B / 0B,0B / 1.44MB,33
2026-07-31 11:26:30,scovox,113.50%,1.135GiB / 30.66GiB,3.70%,0B / 0B,0B / 4.49MB,53
2026-07-31 11:26:30,nav2,7.16%,258.9MiB / 30.66GiB,0.82%,0B / 0B,53.2kB / 1.7MB,91
2026-07-31 11:26:33,trav_ros2,101.29%,390.5MiB / 30.66GiB,1.24%,0B / 0B,0B / 2.17MB,44
2026-07-31 11:26:33,docker-recorder-run-a32a177d4325,0.00%,10.3MiB / 30.66GiB,0.03%,0B / 0B,123kB / 9.45MB,1
2026-07-31 11:26:33,glim,92.16%,467.2MiB / 30.66GiB,1.49%,0B / 0B,0B / 11.6MB,35
2026-07-31 11:26:33,ouster,6.80%,119.8MiB / 30.66GiB,0.38%,0B / 0B,0B / 3.07MB,30
2026-07-31 11:26:33,openzen,2.12%,34.28MiB / 30.66GiB,0.11%,0B / 0B,0B / 2.15MB,20
2026-07-31 11:26:33,domain_bridge,1.00%,75.72MiB / 30.66GiB,0.24%,0B / 0B,111kB / 5.19MB,28
2026-07-31 11:26:33,mapir-ffmpeg,0.04%,129.3MiB / 30.66GiB,0.41%,0B / 0B,0B / 1.44MB,33
2026-07-31 11:26:33,scovox,106.16%,1.141GiB / 30.66GiB,3.72%,0B / 0B,0B / 4.49MB,53
2026-07-31 11:26:33,nav2,7.06%,258.9MiB / 30.66GiB,0.82%,0B / 0B,53.2kB / 1.7MB,91
2026-07-31 11:26:36,trav_ros2,101.54%,391MiB / 30.66GiB,1.25%,0B / 0B,0B / 2.17MB,44
2026-07-31 11:26:36,docker-recorder-run-a32a177d4325,0.00%,10.3MiB / 30.66GiB,0.03%,0B / 0B,123kB / 9.45MB,1
2026-07-31 11:26:36,glim,91.42%,467.8MiB / 30.66GiB,1.49%,0B / 0B,0B / 11.6MB,35
2026-07-31 11:26:36,ouster,6.93%,120.3MiB / 30.66GiB,0.38%,0B / 0B,0B / 3.07MB,30
2026-07-31 11:26:36,openzen,2.25%,34.29MiB / 30.66GiB,0.11%,0B / 0B,0B / 2.15MB,20
2026-07-31 11:26:36,domain_bridge,0.78%,75.91MiB / 30.66GiB,0.24%,0B / 0B,111kB / 5.19MB,28
2026-07-31 11:26:36,mapir-ffmpeg,0.22%,129.8MiB / 30.66GiB,0.41%,0B / 0B,0B / 1.44MB,33
2026-07-31 11:26:36,scovox,119.92%,1.171GiB / 30.66GiB,3.82%,0B / 0B,0B / 4.49MB,53
2026-07-31 11:26:36,nav2,6.87%,259.2MiB / 30.66GiB,0.83%,0B / 0B,53.2kB / 1.7MB,91
2026-07-31 11:26:39,trav_ros2,101.33%,390.9MiB / 30.66GiB,1.24%,0B / 0B,0B / 2.17MB,44
2026-07-31 11:26:39,docker-recorder-run-a32a177d4325,0.00%,10.3MiB / 30.66GiB,0.03%,0B / 0B,123kB / 9.45MB,1
2026-07-31 11:26:39,glim,92.55%,468.4MiB / 30.66GiB,1.49%,0B / 0B,0B / 11.6MB,35
2026-07-31 11:26:39,ouster,6.80%,120.2MiB / 30.66GiB,0.38%,0B / 0B,0B / 3.07MB,30
2026-07-31 11:26:39,openzen,2.16%,34.28MiB / 30.66GiB,0.11%,0B / 0B,0B / 2.15MB,20
2026-07-31 11:26:39,domain_bridge,0.32%,75.68MiB / 30.66GiB,0.24%,0B / 0B,111kB / 5.19MB,28
2026-07-31 11:26:39,mapir-ffmpeg,0.04%,129.6MiB / 30.66GiB,0.41%,0B / 0B,0B / 1.45MB,33
2026-07-31 11:26:39,scovox,105.61%,1.142GiB / 30.66GiB,3.72%,0B / 0B,0B / 4.52MB,53
2026-07-31 11:26:39,nav2,6.83%,258.9MiB / 30.66GiB,0.82%,0B / 0B,53.2kB / 1.7MB,91
2026-07-31 11:26:42,trav_ros2,102.06%,387.7MiB / 30.66GiB,1.23%,0B / 0B,0B / 2.17MB,44
2026-07-31 11:26:42,docker-recorder-run-a32a177d4325,0.00%,10.3MiB / 30.66GiB,0.03%,0B / 0B,123kB / 9.45MB,1
2026-07-31 11:26:42,glim,92.20%,467.5MiB / 30.66GiB,1.49%,0B / 0B,0B / 11.6MB,35
2026-07-31 11:26:42,ouster,7.26%,120.6MiB / 30.66GiB,0.38%,0B / 0B,0B / 3.07MB,30
2026-07-31 11:26:42,openzen,2.57%,34.52MiB / 30.66GiB,0.11%,0B / 0B,0B / 2.15MB,20
2026-07-31 11:26:42,domain_bridge,0.76%,75.45MiB / 30.66GiB,0.24%,0B / 0B,111kB / 5.19MB,28
2026-07-31 11:26:42,mapir-ffmpeg,0.60%,129.4MiB / 30.66GiB,0.41%,0B / 0B,0B / 1.45MB,33
2026-07-31 11:26:42,scovox,107.38%,1.171GiB / 30.66GiB,3.82%,0B / 0B,0B / 4.52MB,53
2026-07-31 11:26:42,nav2,8.39%,259.8MiB / 30.66GiB,0.83%,0B / 0B,53.2kB / 1.72MB,91
2026-07-31 11:26:45,trav_ros2,101.88%,385.5MiB / 30.66GiB,1.23%,0B / 0B,0B / 2.17MB,44
2026-07-31 11:26:45,docker-recorder-run-a32a177d4325,0.00%,10.3MiB / 30.66GiB,0.03%,0B / 0B,123kB / 9.45MB,1
2026-07-31 11:26:45,glim,92.32%,467.4MiB / 30.66GiB,1.49%,0B / 0B,0B / 11.6MB,35
2026-07-31 11:26:45,ouster,6.86%,120.6MiB / 30.66GiB,0.38%,0B / 0B,0B / 3.07MB,30
2026-07-31 11:26:45,openzen,2.14%,34.04MiB / 30.66GiB,0.11%,0B / 0B,0B / 2.15MB,20
2026-07-31 11:26:45,domain_bridge,0.40%,75.76MiB / 30.66GiB,0.24%,0B / 0B,111kB / 5.19MB,28
2026-07-31 11:26:45,mapir-ffmpeg,0.07%,129.1MiB / 30.66GiB,0.41%,0B / 0B,0B / 1.45MB,33
2026-07-31 11:26:45,scovox,105.31%,1.118GiB / 30.66GiB,3.64%,0B / 0B,0B / 4.52MB,53
2026-07-31 11:26:45,nav2,6.08%,258.8MiB / 30.66GiB,0.82%,0B / 0B,53.2kB / 1.72MB,91
2026-07-31 11:26:48,trav_ros2,101.91%,384.6MiB / 30.66GiB,1.22%,0B / 0B,0B / 2.17MB,44
2026-07-31 11:26:48,docker-recorder-run-a32a177d4325,0.00%,10.3MiB / 30.66GiB,0.03%,0B / 0B,123kB / 9.45MB,1
2026-07-31 11:26:48,glim,94.03%,467.4MiB / 30.66GiB,1.49%,0B / 0B,0B / 11.6MB,35
2026-07-31 11:26:48,ouster,6.86%,120.2MiB / 30.66GiB,0.38%,0B / 0B,0B / 3.07MB,30
2026-07-31 11:26:48,openzen,2.15%,34.04MiB / 30.66GiB,0.11%,0B / 0B,0B / 2.15MB,20
2026-07-31 11:26:48,domain_bridge,1.37%,75.54MiB / 30.66GiB,0.24%,0B / 0B,111kB / 5.19MB,28
2026-07-31 11:26:48,mapir-ffmpeg,0.18%,129.6MiB / 30.66GiB,0.41%,0B / 0B,0B / 1.45MB,33
2026-07-31 11:26:48,scovox,106.74%,1.108GiB / 30.66GiB,3.61%,0B / 0B,0B / 4.52MB,53
2026-07-31 11:26:48,nav2,7.98%,258.9MiB / 30.66GiB,0.82%,0B / 0B,53.2kB / 1.72MB,91
2026-07-31 11:26:51,trav_ros2,101.28%,384.9MiB / 30.66GiB,1.23%,0B / 0B,0B / 2.17MB,44
2026-07-31 11:26:51,docker-recorder-run-a32a177d4325,0.00%,10.3MiB / 30.66GiB,0.03%,0B / 0B,123kB / 9.45MB,1
2026-07-31 11:26:51,glim,93.00%,467.7MiB / 30.66GiB,1.49%,0B / 0B,0B / 11.6MB,35
2026-07-31 11:26:51,ouster,6.79%,120.4MiB / 30.66GiB,0.38%,0B / 0B,0B / 3.07MB,30
2026-07-31 11:26:51,openzen,2.30%,34.28MiB / 30.66GiB,0.11%,0B / 0B,0B / 2.15MB,20
2026-07-31 11:26:51,domain_bridge,0.56%,74.89MiB / 30.66GiB,0.24%,0B / 0B,111kB / 5.19MB,28
2026-07-31 11:26:51,mapir-ffmpeg,0.11%,130.1MiB / 30.66GiB,0.41%,0B / 0B,0B / 1.45MB,33
2026-07-31 11:26:51,scovox,104.78%,1.117GiB / 30.66GiB,3.64%,0B / 0B,0B / 4.52MB,53
2026-07-31 11:26:51,nav2,8.11%,260.3MiB / 30.66GiB,0.83%,0B / 0B,53.2kB / 1.72MB,91
2026-07-31 11:26:54,trav_ros2,101.65%,384.7MiB / 30.66GiB,1.23%,0B / 0B,0B / 2.17MB,44
2026-07-31 11:26:54,docker-recorder-run-a32a177d4325,0.00%,10.3MiB / 30.66GiB,0.03%,0B / 0B,123kB / 9.45MB,1
2026-07-31 11:26:54,glim,95.00%,467.8MiB / 30.66GiB,1.49%,0B / 0B,0B / 11.6MB,35
2026-07-31 11:26:54,ouster,6.86%,120.1MiB / 30.66GiB,0.38%,0B / 0B,0B / 3.07MB,30
2026-07-31 11:26:54,openzen,2.08%,34.28MiB / 30.66GiB,0.11%,0B / 0B,0B / 2.15MB,20
2026-07-31 11:26:54,domain_bridge,0.24%,75.64MiB / 30.66GiB,0.24%,0B / 0B,111kB / 5.19MB,28
2026-07-31 11:26:54,mapir-ffmpeg,0.09%,129.8MiB / 30.66GiB,0.41%,0B / 0B,0B / 1.45MB,33
2026-07-31 11:26:54,scovox,106.13%,1.141GiB / 30.66GiB,3.72%,0B / 0B,0B / 4.52MB,53
2026-07-31 11:26:54,nav2,6.83%,259.2MiB / 30.66GiB,0.83%,0B / 0B,53.2kB / 1.72MB,91
2026-07-31 11:26:57,trav_ros2,101.49%,390.9MiB / 30.66GiB,1.24%,0B / 0B,0B / 2.2MB,44
2026-07-31 11:26:57,docker-recorder-run-a32a177d4325,0.00%,10.3MiB / 30.66GiB,0.03%,0B / 0B,123kB / 9.45MB,1
2026-07-31 11:26:57,glim,93.02%,467.1MiB / 30.66GiB,1.49%,0B / 0B,0B / 11.6MB,35
2026-07-31 11:26:57,ouster,6.86%,120.3MiB / 30.66GiB,0.38%,0B / 0B,0B / 3.07MB,30
2026-07-31 11:26:57,openzen,2.46%,34.52MiB / 30.66GiB,0.11%,0B / 0B,0B / 2.15MB,20
2026-07-31 11:26:57,domain_bridge,0.52%,75.85MiB / 30.66GiB,0.24%,0B / 0B,111kB / 5.19MB,28
2026-07-31 11:26:57,mapir-ffmpeg,0.28%,129.8MiB / 30.66GiB,0.41%,0B / 0B,0B / 1.45MB,33
2026-07-31 11:26:57,scovox,105.59%,1.124GiB / 30.66GiB,3.67%,0B / 0B,0B / 4.52MB,53
2026-07-31 11:26:57,nav2,7.78%,260.4MiB / 30.66GiB,0.83%,0B / 0B,53.2kB / 1.72MB,91
2026-07-31 11:27:00,trav_ros2,100.94%,390.5MiB / 30.66GiB,1.24%,0B / 0B,0B / 2.2MB,44
2026-07-31 11:27:00,docker-recorder-run-a32a177d4325,0.00%,10.3MiB / 30.66GiB,0.03%,0B / 0B,123kB / 9.45MB,1
2026-07-31 11:27:00,glim,91.40%,467.3MiB / 30.66GiB,1.49%,0B / 0B,0B / 11.6MB,35
2026-07-31 11:27:00,ouster,6.85%,120.6MiB / 30.66GiB,0.38%,0B / 0B,0B / 3.07MB,30
2026-07-31 11:27:00,openzen,2.15%,35.02MiB / 30.66GiB,0.11%,0B / 0B,0B / 2.15MB,20
2026-07-31 11:27:00,domain_bridge,0.35%,75.66MiB / 30.66GiB,0.24%,0B / 0B,111kB / 5.19MB,28
2026-07-31 11:27:00,mapir-ffmpeg,0.16%,129.1MiB / 30.66GiB,0.41%,0B / 0B,0B / 1.45MB,33
2026-07-31 11:27:00,scovox,105.08%,1.141GiB / 30.66GiB,3.72%,0B / 0B,0B / 4.52MB,53
2026-07-31 11:27:00,nav2,6.51%,259.7MiB / 30.66GiB,0.83%,0B / 0B,53.2kB / 1.72MB,91
2026-07-31 11:27:03,trav_ros2,101.09%,390.7MiB / 30.66GiB,1.24%,0B / 0B,0B / 2.2MB,44
2026-07-31 11:27:03,docker-recorder-run-a32a177d4325,0.00%,10.3MiB / 30.66GiB,0.03%,0B / 0B,123kB / 9.45MB,1
2026-07-31 11:27:03,glim,91.34%,467.9MiB / 30.66GiB,1.49%,0B / 0B,0B / 11.6MB,35
2026-07-31 11:27:03,ouster,6.80%,120.5MiB / 30.66GiB,0.38%,0B / 0B,0B / 3.07MB,30
2026-07-31 11:27:03,openzen,2.24%,34.27MiB / 30.66GiB,0.11%,0B / 0B,0B / 2.15MB,20
2026-07-31 11:27:03,domain_bridge,0.41%,75.64MiB / 30.66GiB,0.24%,0B / 0B,111kB / 5.19MB,28
2026-07-31 11:27:03,mapir-ffmpeg,0.17%,129.4MiB / 30.66GiB,0.41%,0B / 0B,0B / 1.45MB,33
2026-07-31 11:27:03,scovox,105.31%,1.124GiB / 30.66GiB,3.66%,0B / 0B,0B / 4.52MB,53
2026-07-31 11:27:03,nav2,6.65%,259.3MiB / 30.66GiB,0.83%,0B / 0B,53.2kB / 1.72MB,91
2026-07-31 11:27:07,trav_ros2,101.59%,391.3MiB / 30.66GiB,1.25%,0B / 0B,0B / 2.2MB,44
2026-07-31 11:27:07,docker-recorder-run-a32a177d4325,0.00%,10.3MiB / 30.66GiB,0.03%,0B / 0B,123kB / 9.45MB,1
2026-07-31 11:27:07,glim,91.32%,467.4MiB / 30.66GiB,1.49%,0B / 0B,0B / 11.6MB,35
2026-07-31 11:27:07,ouster,6.90%,121MiB / 30.66GiB,0.39%,0B / 0B,0B / 3.07MB,30
2026-07-31 11:27:07,openzen,2.13%,34.77MiB / 30.66GiB,0.11%,0B / 0B,0B / 2.15MB,20
2026-07-31 11:27:07,domain_bridge,0.28%,76.36MiB / 30.66GiB,0.24%,0B / 0B,111kB / 5.19MB,28
2026-07-31 11:27:07,mapir-ffmpeg,0.27%,129.8MiB / 30.66GiB,0.41%,0B / 0B,0B / 1.45MB,33
2026-07-31 11:27:07,scovox,105.38%,1.141GiB / 30.66GiB,3.72%,0B / 0B,0B / 4.52MB,53
2026-07-31 11:27:07,nav2,7.16%,259.9MiB / 30.66GiB,0.83%,0B / 0B,53.2kB / 1.72MB,91
2026-07-31 11:27:10,trav_ros2,101.52%,390.8MiB / 30.66GiB,1.24%,0B / 0B,0B / 2.2MB,44
2026-07-31 11:27:10,docker-recorder-run-a32a177d4325,0.00%,10.3MiB / 30.66GiB,0.03%,0B / 0B,123kB / 9.45MB,1
2026-07-31 11:27:10,glim,95.15%,467.6MiB / 30.66GiB,1.49%,0B / 0B,0B / 11.6MB,35
2026-07-31 11:27:10,ouster,6.77%,120.2MiB / 30.66GiB,0.38%,0B / 0B,0B / 3.07MB,30
2026-07-31 11:27:10,openzen,1.99%,34.04MiB / 30.66GiB,0.11%,0B / 0B,0B / 2.15MB,20
2026-07-31 11:27:10,domain_bridge,0.14%,76.24MiB / 30.66GiB,0.24%,0B / 0B,111kB / 5.19MB,28
2026-07-31 11:27:10,mapir-ffmpeg,0.06%,129.6MiB / 30.66GiB,0.41%,0B / 0B,0B / 1.45MB,33
2026-07-31 11:27:10,scovox,105.49%,1.132GiB / 30.66GiB,3.69%,0B / 0B,0B / 4.52MB,53
2026-07-31 11:27:10,nav2,7.18%,259.5MiB / 30.66GiB,0.83%,0B / 0B,53.2kB / 1.72MB,91
2026-07-31 11:27:13,trav_ros2,101.95%,385.9MiB / 30.66GiB,1.23%,0B / 0B,0B / 2.2MB,44
2026-07-31 11:27:13,docker-recorder-run-a32a177d4325,0.00%,10.3MiB / 30.66GiB,0.03%,0B / 0B,123kB / 9.45MB,1
2026-07-31 11:27:13,glim,89.74%,467MiB / 30.66GiB,1.49%,0B / 0B,0B / 11.6MB,35
2026-07-31 11:27:13,ouster,7.23%,120MiB / 30.66GiB,0.38%,0B / 0B,0B / 3.07MB,30
2026-07-31 11:27:13,openzen,2.41%,34.04MiB / 30.66GiB,0.11%,0B / 0B,0B / 2.15MB,20
2026-07-31 11:27:13,domain_bridge,0.50%,75.51MiB / 30.66GiB,0.24%,0B / 0B,111kB / 5.19MB,28
2026-07-31 11:27:13,mapir-ffmpeg,0.09%,129.4MiB / 30.66GiB,0.41%,0B / 0B,0B / 1.45MB,33
2026-07-31 11:27:13,scovox,105.74%,1.141GiB / 30.66GiB,3.72%,0B / 0B,0B / 4.52MB,53
2026-07-31 11:27:13,nav2,7.14%,259.7MiB / 30.66GiB,0.83%,0B / 0B,53.2kB / 1.72MB,91
2026-07-31 11:27:16,trav_ros2,102.00%,385MiB / 30.66GiB,1.23%,0B / 0B,0B / 2.2MB,44
2026-07-31 11:27:16,docker-recorder-run-a32a177d4325,0.00%,10.3MiB / 30.66GiB,0.03%,0B / 0B,123kB / 9.45MB,1
2026-07-31 11:27:16,glim,92.41%,467.7MiB / 30.66GiB,1.49%,0B / 0B,0B / 11.6MB,35
2026-07-31 11:27:16,ouster,6.81%,120.1MiB / 30.66GiB,0.38%,0B / 0B,0B / 3.07MB,30
2026-07-31 11:27:16,openzen,2.31%,34.29MiB / 30.66GiB,0.11%,0B / 0B,0B / 2.15MB,20
2026-07-31 11:27:16,domain_bridge,0.41%,75.54MiB / 30.66GiB,0.24%,0B / 0B,111kB / 5.19MB,28
2026-07-31 11:27:16,mapir-ffmpeg,0.25%,129.8MiB / 30.66GiB,0.41%,0B / 0B,0B / 1.45MB,33
2026-07-31 11:27:16,scovox,106.40%,1.17GiB / 30.66GiB,3.82%,0B / 0B,0B / 4.55MB,53
2026-07-31 11:27:16,nav2,7.27%,259.4MiB / 30.66GiB,0.83%,0B / 0B,53.2kB / 1.72MB,91
2026-07-31 11:27:19,trav_ros2,101.57%,390.1MiB / 30.66GiB,1.24%,0B / 0B,0B / 2.2MB,44
2026-07-31 11:27:19,docker-recorder-run-a32a177d4325,0.00%,10.3MiB / 30.66GiB,0.03%,0B / 0B,123kB / 9.45MB,1
2026-07-31 11:27:19,glim,89.71%,467.6MiB / 30.66GiB,1.49%,0B / 0B,0B / 11.6MB,35
2026-07-31 11:27:19,ouster,6.83%,120.5MiB / 30.66GiB,0.38%,0B / 0B,0B / 3.07MB,30
2026-07-31 11:27:19,openzen,2.27%,34.04MiB / 30.66GiB,0.11%,0B / 0B,0B / 2.15MB,20
2026-07-31 11:27:19,domain_bridge,0.14%,76.39MiB / 30.66GiB,0.24%,0B / 0B,111kB / 5.19MB,28
2026-07-31 11:27:19,mapir-ffmpeg,0.04%,129.4MiB / 30.66GiB,0.41%,0B / 0B,0B / 1.45MB,33
2026-07-31 11:27:19,scovox,104.99%,1.117GiB / 30.66GiB,3.64%,0B / 0B,0B / 4.55MB,53
2026-07-31 11:27:19,nav2,6.31%,258.9MiB / 30.66GiB,0.82%,0B / 0B,53.2kB / 1.73MB,91
2026-07-31 11:27:22,trav_ros2,101.54%,385.6MiB / 30.66GiB,1.23%,0B / 0B,0B / 2.2MB,44
2026-07-31 11:27:22,docker-recorder-run-a32a177d4325,0.00%,10.3MiB / 30.66GiB,0.03%,0B / 0B,123kB / 9.45MB,1
2026-07-31 11:27:22,glim,97.25%,467.1MiB / 30.66GiB,1.49%,0B / 0B,0B / 11.6MB,35
2026-07-31 11:27:22,ouster,7.28%,121MiB / 30.66GiB,0.39%,0B / 0B,0B / 3.07MB,30
2026-07-31 11:27:22,openzen,2.38%,34.04MiB / 30.66GiB,0.11%,0B / 0B,0B / 2.15MB,20
2026-07-31 11:27:22,domain_bridge,0.60%,75.75MiB / 30.66GiB,0.24%,0B / 0B,111kB / 5.19MB,28
2026-07-31 11:27:22,mapir-ffmpeg,0.54%,129.6MiB / 30.66GiB,0.41%,0B / 0B,0B / 1.45MB,33
2026-07-31 11:27:22,scovox,106.44%,1.17GiB / 30.66GiB,3.82%,0B / 0B,0B / 4.55MB,53
2026-07-31 11:27:22,nav2,6.23%,259.2MiB / 30.66GiB,0.83%,0B / 0B,53.2kB / 1.73MB,91
2026-07-31 11:27:25,trav_ros2,101.72%,385MiB / 30.66GiB,1.23%,0B / 0B,0B / 2.2MB,44
2026-07-31 11:27:25,docker-recorder-run-a32a177d4325,0.00%,10.3MiB / 30.66GiB,0.03%,0B / 0B,123kB / 9.45MB,1
2026-07-31 11:27:25,glim,91.64%,467MiB / 30.66GiB,1.49%,0B / 0B,0B / 11.6MB,35
2026-07-31 11:27:25,ouster,7.28%,120.5MiB / 30.66GiB,0.38%,0B / 0B,0B / 3.07MB,30
2026-07-31 11:27:25,openzen,2.01%,34.04MiB / 30.66GiB,0.11%,0B / 0B,0B / 2.15MB,20
2026-07-31 11:27:25,domain_bridge,0.23%,75.43MiB / 30.66GiB,0.24%,0B / 0B,111kB / 5.19MB,28
2026-07-31 11:27:25,mapir-ffmpeg,0.04%,129.6MiB / 30.66GiB,0.41%,0B / 0B,0B / 1.45MB,33
2026-07-31 11:27:25,scovox,106.58%,1.108GiB / 30.66GiB,3.61%,0B / 0B,0B / 4.55MB,53
2026-07-31 11:27:25,nav2,7.09%,260MiB / 30.66GiB,0.83%,0B / 0B,53.2kB / 1.73MB,91
2026-07-31 11:27:28,trav_ros2,101.07%,459.2MiB / 30.66GiB,1.46%,0B / 0B,0B / 2.21MB,44
2026-07-31 11:27:28,docker-recorder-run-a32a177d4325,0.00%,10.3MiB / 30.66GiB,0.03%,0B / 0B,123kB / 9.45MB,1
2026-07-31 11:27:28,glim,89.12%,466.9MiB / 30.66GiB,1.49%,0B / 0B,0B / 11.6MB,35
2026-07-31 11:27:28,ouster,6.83%,120MiB / 30.66GiB,0.38%,0B / 0B,0B / 3.07MB,30
2026-07-31 11:27:28,openzen,2.24%,34.04MiB / 30.66GiB,0.11%,0B / 0B,0B / 2.15MB,20
2026-07-31 11:27:28,domain_bridge,0.94%,76.33MiB / 30.66GiB,0.24%,0B / 0B,111kB / 5.19MB,28
2026-07-31 11:27:28,mapir-ffmpeg,0.19%,129.6MiB / 30.66GiB,0.41%,0B / 0B,0B / 1.45MB,33
2026-07-31 11:27:28,scovox,105.23%,1.119GiB / 30.66GiB,3.65%,0B / 0B,0B / 4.55MB,53
2026-07-31 11:27:28,nav2,5.93%,259.2MiB / 30.66GiB,0.83%,0B / 0B,53.2kB / 1.73MB,91
2026-07-31 11:27:31,trav_ros2,101.14%,378.9MiB / 30.66GiB,1.21%,0B / 0B,0B / 2.21MB,44
2026-07-31 11:27:31,docker-recorder-run-a32a177d4325,0.00%,10.3MiB / 30.66GiB,0.03%,0B / 0B,123kB / 9.45MB,1
2026-07-31 11:27:31,glim,88.70%,467.4MiB / 30.66GiB,1.49%,0B / 0B,0B / 11.6MB,35
2026-07-31 11:27:31,ouster,6.77%,120.2MiB / 30.66GiB,0.38%,0B / 0B,0B / 3.07MB,30
2026-07-31 11:27:31,openzen,2.22%,34.53MiB / 30.66GiB,0.11%,0B / 0B,0B / 2.15MB,20
2026-07-31 11:27:31,domain_bridge,0.20%,75.66MiB / 30.66GiB,0.24%,0B / 0B,111kB / 5.19MB,28
2026-07-31 11:27:31,mapir-ffmpeg,0.11%,129.6MiB / 30.66GiB,0.41%,0B / 0B,0B / 1.45MB,33
2026-07-31 11:27:31,scovox,104.36%,1.123GiB / 30.66GiB,3.66%,0B / 0B,0B / 4.55MB,53
2026-07-31 11:27:31,nav2,7.09%,259.8MiB / 30.66GiB,0.83%,0B / 0B,53.2kB / 1.73MB,91
2026-07-31 11:27:34,trav_ros2,101.17%,391MiB / 30.66GiB,1.25%,0B / 0B,0B / 2.21MB,44
2026-07-31 11:27:34,docker-recorder-run-a32a177d4325,0.00%,10.3MiB / 30.66GiB,0.03%,0B / 0B,123kB / 9.45MB,1
2026-07-31 11:27:34,glim,94.67%,467.6MiB / 30.66GiB,1.49%,0B / 0B,0B / 11.6MB,35
2026-07-31 11:27:34,ouster,6.74%,119.9MiB / 30.66GiB,0.38%,0B / 0B,0B / 3.07MB,30
2026-07-31 11:27:34,openzen,2.25%,34.28MiB / 30.66GiB,0.11%,0B / 0B,0B / 2.15MB,20
2026-07-31 11:27:34,domain_bridge,0.29%,76.4MiB / 30.66GiB,0.24%,0B / 0B,111kB / 5.19MB,28
2026-07-31 11:27:34,mapir-ffmpeg,0.12%,129.6MiB / 30.66GiB,0.41%,0B / 0B,0B / 1.45MB,33
2026-07-31 11:27:34,scovox,105.84%,1.12GiB / 30.66GiB,3.65%,0B / 0B,0B / 4.55MB,53
2026-07-31 11:27:34,nav2,7.32%,259.4MiB / 30.66GiB,0.83%,0B / 0B,53.2kB / 1.73MB,91
2026-07-31 11:27:37,trav_ros2,101.81%,391.3MiB / 30.66GiB,1.25%,0B / 0B,0B / 2.21MB,44
2026-07-31 11:27:37,docker-recorder-run-a32a177d4325,0.00%,10.3MiB / 30.66GiB,0.03%,0B / 0B,123kB / 9.45MB,1
2026-07-31 11:27:37,glim,93.05%,467.6MiB / 30.66GiB,1.49%,0B / 0B,0B / 11.6MB,35
2026-07-31 11:27:37,ouster,7.04%,120.2MiB / 30.66GiB,0.38%,0B / 0B,0B / 3.07MB,30
2026-07-31 11:27:37,openzen,2.49%,34.04MiB / 30.66GiB,0.11%,0B / 0B,0B / 2.15MB,20
2026-07-31 11:27:37,domain_bridge,0.55%,75.69MiB / 30.66GiB,0.24%,0B / 0B,111kB / 5.19MB,28
2026-07-31 11:27:37,mapir-ffmpeg,0.26%,129.8MiB / 30.66GiB,0.41%,0B / 0B,0B / 1.45MB,33
2026-07-31 11:27:37,scovox,105.69%,1.124GiB / 30.66GiB,3.67%,0B / 0B,0B / 4.55MB,53
2026-07-31 11:27:37,nav2,6.93%,259.2MiB / 30.66GiB,0.83%,0B / 0B,53.2kB / 1.73MB,91
2026-07-31 11:27:40,trav_ros2,101.30%,388.6MiB / 30.66GiB,1.24%,0B / 0B,0B / 2.21MB,44
2026-07-31 11:27:40,docker-recorder-run-a32a177d4325,0.00%,10.3MiB / 30.66GiB,0.03%,0B / 0B,123kB / 9.45MB,1
2026-07-31 11:27:40,glim,90.82%,467.2MiB / 30.66GiB,1.49%,0B / 0B,0B / 11.6MB,35
2026-07-31 11:27:40,ouster,6.96%,120.3MiB / 30.66GiB,0.38%,0B / 0B,0B / 3.07MB,30
2026-07-31 11:27:40,openzen,2.40%,34.53MiB / 30.66GiB,0.11%,0B / 0B,0B / 2.15MB,20
2026-07-31 11:27:40,domain_bridge,0.46%,75.9MiB / 30.66GiB,0.24%,0B / 0B,111kB / 5.19MB,28
2026-07-31 11:27:40,mapir-ffmpeg,0.17%,129.4MiB / 30.66GiB,0.41%,0B / 0B,0B / 1.45MB,33
2026-07-31 11:27:40,scovox,105.25%,1.12GiB / 30.66GiB,3.65%,0B / 0B,0B / 4.55MB,53
2026-07-31 11:27:40,nav2,7.45%,259.5MiB / 30.66GiB,0.83%,0B / 0B,53.2kB / 1.73MB,91
2026-07-31 11:27:43,trav_ros2,101.91%,391.2MiB / 30.66GiB,1.25%,0B / 0B,0B / 2.21MB,44
2026-07-31 11:27:43,docker-recorder-run-a32a177d4325,0.00%,10.3MiB / 30.66GiB,0.03%,0B / 0B,123kB / 9.45MB,1
2026-07-31 11:27:43,glim,93.70%,467.1MiB / 30.66GiB,1.49%,0B / 0B,0B / 11.6MB,35
2026-07-31 11:27:43,ouster,6.99%,120.6MiB / 30.66GiB,0.38%,0B / 0B,0B / 3.07MB,30
2026-07-31 11:27:43,openzen,2.32%,34.28MiB / 30.66GiB,0.11%,0B / 0B,0B / 2.15MB,20
2026-07-31 11:27:43,domain_bridge,0.30%,76.04MiB / 30.66GiB,0.24%,0B / 0B,111kB / 5.19MB,28
2026-07-31 11:27:43,mapir-ffmpeg,0.18%,129.6MiB / 30.66GiB,0.41%,0B / 0B,0B / 1.45MB,33
2026-07-31 11:27:43,scovox,105.99%,1.134GiB / 30.66GiB,3.70%,0B / 0B,0B / 4.55MB,53
2026-07-31 11:27:43,nav2,7.19%,259.2MiB / 30.66GiB,0.83%,0B / 0B,53.2kB / 1.73MB,91
2026-07-31 11:27:47,trav_ros2,101.65%,391.4MiB / 30.66GiB,1.25%,0B / 0B,0B / 2.21MB,44
2026-07-31 11:27:47,docker-recorder-run-a32a177d4325,0.00%,10.3MiB / 30.66GiB,0.03%,0B / 0B,123kB / 9.45MB,1
2026-07-31 11:27:47,glim,93.29%,467.3MiB / 30.66GiB,1.49%,0B / 0B,0B / 11.6MB,35
2026-07-31 11:27:47,ouster,6.96%,120.2MiB / 30.66GiB,0.38%,0B / 0B,0B / 3.07MB,30
2026-07-31 11:27:47,openzen,2.35%,34.53MiB / 30.66GiB,0.11%,0B / 0B,0B / 2.15MB,20
2026-07-31 11:27:47,domain_bridge,0.38%,76.06MiB / 30.66GiB,0.24%,0B / 0B,111kB / 5.19MB,28
2026-07-31 11:27:47,mapir-ffmpeg,0.28%,129.8MiB / 30.66GiB,0.41%,0B / 0B,0B / 1.45MB,33
2026-07-31 11:27:47,scovox,105.86%,1.12GiB / 30.66GiB,3.65%,0B / 0B,0B / 4.55MB,53
2026-07-31 11:27:47,nav2,7.69%,260MiB / 30.66GiB,0.83%,0B / 0B,53.2kB / 1.73MB,91
2026-07-31 11:27:50,trav_ros2,101.46%,394.6MiB / 30.66GiB,1.26%,0B / 0B,0B / 2.21MB,44
2026-07-31 11:27:50,docker-recorder-run-a32a177d4325,0.00%,10.3MiB / 30.66GiB,0.03%,0B / 0B,123kB / 9.45MB,1
2026-07-31 11:27:50,glim,93.13%,467.3MiB / 30.66GiB,1.49%,0B / 0B,0B / 11.6MB,35
2026-07-31 11:27:50,ouster,6.78%,120.4MiB / 30.66GiB,0.38%,0B / 0B,0B / 3.07MB,30
2026-07-31 11:27:50,openzen,2.06%,34.28MiB / 30.66GiB,0.11%,0B / 0B,0B / 2.15MB,20
2026-07-31 11:27:50,domain_bridge,0.19%,75.92MiB / 30.66GiB,0.24%,0B / 0B,111kB / 5.19MB,28
2026-07-31 11:27:50,mapir-ffmpeg,0.06%,129.6MiB / 30.66GiB,0.41%,0B / 0B,0B / 1.46MB,33
2026-07-31 11:27:50,scovox,105.41%,1.146GiB / 30.66GiB,3.74%,0B / 0B,0B / 4.58MB,53
2026-07-31 11:27:50,nav2,6.75%,259.5MiB / 30.66GiB,0.83%,0B / 0B,53.2kB / 1.73MB,91
2026-07-31 11:27:53,trav_ros2,101.08%,390.4MiB / 30.66GiB,1.24%,0B / 0B,0B / 2.21MB,44
2026-07-31 11:27:53,docker-recorder-run-a32a177d4325,0.00%,10.3MiB / 30.66GiB,0.03%,0B / 0B,123kB / 9.45MB,1
2026-07-31 11:27:53,glim,92.70%,467.7MiB / 30.66GiB,1.49%,0B / 0B,0B / 11.6MB,35
2026-07-31 11:27:53,ouster,6.72%,120.2MiB / 30.66GiB,0.38%,0B / 0B,0B / 3.07MB,30
2026-07-31 11:27:53,openzen,2.17%,34.04MiB / 30.66GiB,0.11%,0B / 0B,0B / 2.15MB,20
2026-07-31 11:27:53,domain_bridge,2.89%,76.13MiB / 30.66GiB,0.24%,0B / 0B,111kB / 5.19MB,28
2026-07-31 11:27:53,mapir-ffmpeg,0.09%,129.4MiB / 30.66GiB,0.41%,0B / 0B,0B / 1.46MB,33
2026-07-31 11:27:53,scovox,105.14%,1.141GiB / 30.66GiB,3.72%,0B / 0B,0B / 4.58MB,53
2026-07-31 11:27:53,nav2,6.56%,259MiB / 30.66GiB,0.82%,0B / 0B,53.2kB / 1.75MB,91
2026-07-31 11:27:56,trav_ros2,101.14%,390.4MiB / 30.66GiB,1.24%,0B / 0B,0B / 2.21MB,44
2026-07-31 11:27:56,docker-recorder-run-a32a177d4325,0.00%,10.3MiB / 30.66GiB,0.03%,0B / 0B,123kB / 9.45MB,1
2026-07-31 11:27:56,glim,94.80%,467.4MiB / 30.66GiB,1.49%,0B / 0B,0B / 11.6MB,35
2026-07-31 11:27:56,ouster,6.91%,120.2MiB / 30.66GiB,0.38%,0B / 0B,0B / 3.07MB,30
2026-07-31 11:27:56,openzen,2.41%,34.28MiB / 30.66GiB,0.11%,0B / 0B,0B / 2.15MB,20
2026-07-31 11:27:56,domain_bridge,2.79%,76.19MiB / 30.66GiB,0.24%,0B / 0B,111kB / 5.19MB,28
2026-07-31 11:27:56,mapir-ffmpeg,0.21%,130.6MiB / 30.66GiB,0.42%,0B / 0B,0B / 1.46MB,33
2026-07-31 11:27:56,scovox,106.85%,1.107GiB / 30.66GiB,3.61%,0B / 0B,0B / 4.58MB,53
2026-07-31 11:27:56,nav2,7.24%,259.2MiB / 30.66GiB,0.83%,0B / 0B,53.2kB / 1.75MB,91
2026-07-31 11:27:59,trav_ros2,101.21%,390.4MiB / 30.66GiB,1.24%,0B / 0B,0B / 2.23MB,44
2026-07-31 11:27:59,docker-recorder-run-a32a177d4325,0.00%,10.3MiB / 30.66GiB,0.03%,0B / 0B,123kB / 9.45MB,1
2026-07-31 11:27:59,glim,94.94%,467MiB / 30.66GiB,1.49%,0B / 0B,0B / 11.6MB,35
2026-07-31 11:27:59,ouster,6.88%,120.2MiB / 30.66GiB,0.38%,0B / 0B,0B / 3.07MB,30
2026-07-31 11:27:59,openzen,1.96%,34.04MiB / 30.66GiB,0.11%,0B / 0B,0B / 2.15MB,20
2026-07-31 11:27:59,domain_bridge,1.22%,76.14MiB / 30.66GiB,0.24%,0B / 0B,111kB / 5.19MB,28
2026-07-31 11:27:59,mapir-ffmpeg,0.11%,129.8MiB / 30.66GiB,0.41%,0B / 0B,0B / 1.46MB,33
2026-07-31 11:27:59,scovox,105.41%,1.141GiB / 30.66GiB,3.72%,0B / 0B,0B / 4.58MB,53
2026-07-31 11:27:59,nav2,7.04%,259MiB / 30.66GiB,0.82%,0B / 0B,53.2kB / 1.75MB,91
2026-07-31 11:28:02,trav_ros2,101.07%,390.5MiB / 30.66GiB,1.24%,0B / 0B,0B / 2.23MB,44
2026-07-31 11:28:02,docker-recorder-run-a32a177d4325,0.00%,10.3MiB / 30.66GiB,0.03%,0B / 0B,123kB / 9.45MB,1
2026-07-31 11:28:02,glim,92.23%,467.3MiB / 30.66GiB,1.49%,0B / 0B,0B / 11.6MB,35
2026-07-31 11:28:02,ouster,7.13%,120.5MiB / 30.66GiB,0.38%,0B / 0B,0B / 3.07MB,30
2026-07-31 11:28:02,openzen,2.38%,34.53MiB / 30.66GiB,0.11%,0B / 0B,0B / 2.15MB,20
2026-07-31 11:28:02,domain_bridge,4.28%,75.87MiB / 30.66GiB,0.24%,0B / 0B,111kB / 5.19MB,28
2026-07-31 11:28:02,mapir-ffmpeg,0.46%,129.6MiB / 30.66GiB,0.41%,0B / 0B,0B / 1.46MB,33
2026-07-31 11:28:02,scovox,106.67%,1.107GiB / 30.66GiB,3.61%,0B / 0B,0B / 4.58MB,53
2026-07-31 11:28:02,nav2,7.36%,260.4MiB / 30.66GiB,0.83%,0B / 0B,53.2kB / 1.75MB,91
2026-07-31 11:28:05,trav_ros2,101.43%,389.6MiB / 30.66GiB,1.24%,0B / 0B,0B / 2.23MB,44
2026-07-31 11:28:05,docker-recorder-run-a32a177d4325,0.00%,10.3MiB / 30.66GiB,0.03%,0B / 0B,123kB / 9.45MB,1
2026-07-31 11:28:05,glim,93.10%,467.5MiB / 30.66GiB,1.49%,0B / 0B,0B / 11.6MB,35
2026-07-31 11:28:05,ouster,6.76%,120.3MiB / 30.66GiB,0.38%,0B / 0B,0B / 3.07MB,30
2026-07-31 11:28:05,openzen,2.01%,34.04MiB / 30.66GiB,0.11%,0B / 0B,0B / 2.15MB,20
2026-07-31 11:28:05,domain_bridge,3.38%,76.14MiB / 30.66GiB,0.24%,0B / 0B,111kB / 5.19MB,28
2026-07-31 11:28:05,mapir-ffmpeg,0.05%,129.4MiB / 30.66GiB,0.41%,0B / 0B,0B / 1.46MB,33
2026-07-31 11:28:05,scovox,105.56%,1.141GiB / 30.66GiB,3.72%,0B / 0B,0B / 4.58MB,53
2026-07-31 11:28:05,nav2,6.62%,260.1MiB / 30.66GiB,0.83%,0B / 0B,53.2kB / 1.75MB,91
2026-07-31 11:28:08,trav_ros2,101.59%,391.6MiB / 30.66GiB,1.25%,0B / 0B,0B / 2.23MB,44
2026-07-31 11:28:08,docker-recorder-run-a32a177d4325,0.00%,10.3MiB / 30.66GiB,0.03%,0B / 0B,123kB / 9.45MB,1
2026-07-31 11:28:08,glim,96.37%,467.6MiB / 30.66GiB,1.49%,0B / 0B,0B / 11.6MB,35
2026-07-31 11:28:08,ouster,6.90%,120.5MiB / 30.66GiB,0.38%,0B / 0B,0B / 3.07MB,30
2026-07-31 11:28:08,openzen,1.97%,34.04MiB / 30.66GiB,0.11%,0B / 0B,0B / 2.15MB,20
2026-07-31 11:28:08,domain_bridge,1.58%,76.73MiB / 30.66GiB,0.24%,0B / 0B,111kB / 5.19MB,28
2026-07-31 11:28:08,mapir-ffmpeg,0.19%,129.4MiB / 30.66GiB,0.41%,0B / 0B,0B / 1.46MB,33
2026-07-31 11:28:08,scovox,106.57%,1.107GiB / 30.66GiB,3.61%,0B / 0B,0B / 4.58MB,53
2026-07-31 11:28:08,nav2,7.33%,259.5MiB / 30.66GiB,0.83%,0B / 0B,53.2kB / 1.75MB,91
2026-07-31 11:28:11,trav_ros2,101.96%,391MiB / 30.66GiB,1.25%,0B / 0B,0B / 2.23MB,44
2026-07-31 11:28:11,docker-recorder-run-a32a177d4325,0.00%,10.3MiB / 30.66GiB,0.03%,0B / 0B,123kB / 9.45MB,1
2026-07-31 11:28:11,glim,89.63%,467.9MiB / 30.66GiB,1.49%,0B / 0B,0B / 11.6MB,35
2026-07-31 11:28:11,ouster,7.34%,121.1MiB / 30.66GiB,0.39%,0B / 0B,0B / 3.07MB,30
2026-07-31 11:28:11,openzen,2.46%,34.75MiB / 30.66GiB,0.11%,0B / 0B,0B / 2.15MB,20
2026-07-31 11:28:11,domain_bridge,1.13%,77.02MiB / 30.66GiB,0.25%,0B / 0B,111kB / 5.19MB,28
2026-07-31 11:28:11,mapir-ffmpeg,0.18%,130.5MiB / 30.66GiB,0.42%,0B / 0B,0B / 1.46MB,33
2026-07-31 11:28:11,scovox,107.77%,1.142GiB / 30.66GiB,3.72%,0B / 0B,0B / 4.58MB,53
2026-07-31 11:28:11,nav2,8.73%,260.5MiB / 30.66GiB,0.83%,0B / 0B,53.2kB / 1.75MB,91
2026-07-31 11:28:14,trav_ros2,101.97%,392.4MiB / 30.66GiB,1.25%,0B / 0B,0B / 2.23MB,44
2026-07-31 11:28:14,docker-recorder-run-a32a177d4325,0.00%,10.3MiB / 30.66GiB,0.03%,0B / 0B,123kB / 9.45MB,1
2026-07-31 11:28:14,glim,93.27%,467.4MiB / 30.66GiB,1.49%,0B / 0B,0B / 11.6MB,35
2026-07-31 11:28:14,ouster,6.93%,120.7MiB / 30.66GiB,0.38%,0B / 0B,0B / 3.07MB,30
2026-07-31 11:28:14,openzen,2.16%,34.04MiB / 30.66GiB,0.11%,0B / 0B,0B / 2.15MB,20
2026-07-31 11:28:14,domain_bridge,0.35%,76.42MiB / 30.66GiB,0.24%,0B / 0B,111kB / 5.19MB,28
2026-07-31 11:28:14,mapir-ffmpeg,0.09%,130MiB / 30.66GiB,0.41%,0B / 0B,0B / 1.46MB,33
2026-07-31 11:28:14,scovox,110.73%,1.158GiB / 30.66GiB,3.78%,0B / 0B,0B / 4.58MB,53
2026-07-31 11:28:14,nav2,7.23%,259.6MiB / 30.66GiB,0.83%,0B / 0B,53.2kB / 1.75MB,91
2026-07-31 11:28:17,trav_ros2,101.65%,384.7MiB / 30.66GiB,1.23%,0B / 0B,0B / 2.23MB,44
2026-07-31 11:28:17,docker-recorder-run-a32a177d4325,0.00%,10.3MiB / 30.66GiB,0.03%,0B / 0B,123kB / 9.45MB,1
2026-07-31 11:28:17,glim,92.92%,466.7MiB / 30.66GiB,1.49%,0B / 0B,0B / 11.6MB,35
2026-07-31 11:28:17,ouster,7.07%,119.8MiB / 30.66GiB,0.38%,0B / 0B,0B / 3.07MB,30
2026-07-31 11:28:17,openzen,2.42%,34.04MiB / 30.66GiB,0.11%,0B / 0B,0B / 2.15MB,20
2026-07-31 11:28:17,domain_bridge,0.79%,77MiB / 30.66GiB,0.25%,0B / 0B,111kB / 5.19MB,28
2026-07-31 11:28:17,mapir-ffmpeg,0.26%,129.6MiB / 30.66GiB,0.41%,0B / 0B,0B / 1.46MB,33
2026-07-31 11:28:17,scovox,107.13%,1.198GiB / 30.66GiB,3.91%,0B / 0B,0B / 4.58MB,53
2026-07-31 11:28:17,nav2,7.29%,259.1MiB / 30.66GiB,0.83%,0B / 0B,53.2kB / 1.75MB,91
2026-07-31 11:28:20,trav_ros2,101.22%,390.9MiB / 30.66GiB,1.25%,0B / 0B,0B / 2.23MB,44
2026-07-31 11:28:20,docker-recorder-run-a32a177d4325,0.00%,10.3MiB / 30.66GiB,0.03%,0B / 0B,123kB / 9.45MB,1
2026-07-31 11:28:20,glim,92.03%,468MiB / 30.66GiB,1.49%,0B / 0B,0B / 11.6MB,35
2026-07-31 11:28:20,ouster,6.99%,120.3MiB / 30.66GiB,0.38%,0B / 0B,0B / 3.07MB,30
2026-07-31 11:28:20,openzen,2.27%,34.04MiB / 30.66GiB,0.11%,0B / 0B,0B / 2.15MB,20
2026-07-31 11:28:20,domain_bridge,0.45%,77.09MiB / 30.66GiB,0.25%,0B / 0B,111kB / 5.19MB,28
2026-07-31 11:28:20,mapir-ffmpeg,0.17%,130.3MiB / 30.66GiB,0.42%,0B / 0B,0B / 1.46MB,33
2026-07-31 11:28:20,scovox,106.09%,1.193GiB / 30.66GiB,3.89%,0B / 0B,0B / 4.58MB,53
2026-07-31 11:28:20,nav2,7.26%,259MiB / 30.66GiB,0.83%,0B / 0B,53.2kB / 1.75MB,91
2026-07-31 11:28:23,trav_ros2,101.60%,391.2MiB / 30.66GiB,1.25%,0B / 0B,0B / 2.23MB,44
2026-07-31 11:28:23,docker-recorder-run-a32a177d4325,0.00%,10.3MiB / 30.66GiB,0.03%,0B / 0B,123kB / 9.45MB,1
2026-07-31 11:28:23,glim,94.71%,467.7MiB / 30.66GiB,1.49%,0B / 0B,0B / 11.6MB,35
2026-07-31 11:28:23,ouster,7.00%,120MiB / 30.66GiB,0.38%,0B / 0B,0B / 3.07MB,30
2026-07-31 11:28:23,openzen,2.52%,34.04MiB / 30.66GiB,0.11%,0B / 0B,0B / 2.15MB,20
2026-07-31 11:28:23,domain_bridge,0.53%,76.57MiB / 30.66GiB,0.24%,0B / 0B,111kB / 5.19MB,28
2026-07-31 11:28:23,mapir-ffmpeg,0.20%,129.3MiB / 30.66GiB,0.41%,0B / 0B,0B / 1.47MB,33
2026-07-31 11:28:23,scovox,107.45%,1.198GiB / 30.66GiB,3.91%,0B / 0B,0B / 4.6MB,53
2026-07-31 11:28:23,nav2,7.22%,258.7MiB / 30.66GiB,0.82%,0B / 0B,53.2kB / 1.75MB,91
2026-07-31 11:28:26,trav_ros2,101.19%,425.1MiB / 30.66GiB,1.35%,0B / 0B,0B / 2.23MB,44
2026-07-31 11:28:26,docker-recorder-run-a32a177d4325,0.00%,10.3MiB / 30.66GiB,0.03%,0B / 0B,123kB / 9.45MB,1
2026-07-31 11:28:26,glim,90.56%,467.8MiB / 30.66GiB,1.49%,0B / 0B,0B / 11.6MB,35
2026-07-31 11:28:26,ouster,7.08%,120.5MiB / 30.66GiB,0.38%,0B / 0B,0B / 3.07MB,30
2026-07-31 11:28:26,openzen,2.23%,34.32MiB / 30.66GiB,0.11%,0B / 0B,0B / 2.15MB,20
2026-07-31 11:28:26,domain_bridge,4.89%,76.32MiB / 30.66GiB,0.24%,0B / 0B,111kB / 5.19MB,28
2026-07-31 11:28:26,mapir-ffmpeg,0.45%,129.8MiB / 30.66GiB,0.41%,0B / 0B,0B / 1.47MB,33
2026-07-31 11:28:26,scovox,106.79%,1.193GiB / 30.66GiB,3.89%,0B / 0B,0B / 4.6MB,53
2026-07-31 11:28:26,nav2,7.36%,260MiB / 30.66GiB,0.83%,0B / 0B,53.2kB / 1.77MB,91
2026-07-31 11:28:30,trav_ros2,100.96%,389.1MiB / 30.66GiB,1.24%,0B / 0B,0B / 2.25MB,44
2026-07-31 11:28:30,docker-recorder-run-a32a177d4325,0.00%,10.3MiB / 30.66GiB,0.03%,0B / 0B,123kB / 9.45MB,1
2026-07-31 11:28:30,glim,92.74%,467.5MiB / 30.66GiB,1.49%,0B / 0B,0B / 11.6MB,35
2026-07-31 11:28:30,ouster,6.85%,120.1MiB / 30.66GiB,0.38%,0B / 0B,0B / 3.07MB,30
2026-07-31 11:28:30,openzen,1.92%,34.04MiB / 30.66GiB,0.11%,0B / 0B,0B / 2.15MB,20
2026-07-31 11:28:30,domain_bridge,0.65%,77.92MiB / 30.66GiB,0.25%,0B / 0B,111kB / 5.22MB,28
2026-07-31 11:28:30,mapir-ffmpeg,0.05%,129.6MiB / 30.66GiB,0.41%,0B / 0B,0B / 1.47MB,33
2026-07-31 11:28:30,scovox,105.93%,1.198GiB / 30.66GiB,3.91%,0B / 0B,0B / 4.6MB,53
2026-07-31 11:28:30,nav2,7.18%,259.6MiB / 30.66GiB,0.83%,0B / 0B,53.2kB / 1.77MB,91
2026-07-31 11:28:33,trav_ros2,101.49%,389.9MiB / 30.66GiB,1.24%,0B / 0B,0B / 2.25MB,44
2026-07-31 11:28:33,docker-recorder-run-a32a177d4325,0.00%,10.3MiB / 30.66GiB,0.03%,0B / 0B,123kB / 9.45MB,1
2026-07-31 11:28:33,glim,93.68%,467.7MiB / 30.66GiB,1.49%,0B / 0B,0B / 11.6MB,35
2026-07-31 11:28:33,ouster,6.80%,119.9MiB / 30.66GiB,0.38%,0B / 0B,0B / 3.07MB,30
2026-07-31 11:28:33,openzen,2.17%,34.04MiB / 30.66GiB,0.11%,0B / 0B,0B / 2.15MB,20
2026-07-31 11:28:33,domain_bridge,1.18%,76.72MiB / 30.66GiB,0.24%,0B / 0B,111kB / 5.22MB,28
2026-07-31 11:28:33,mapir-ffmpeg,0.11%,129.8MiB / 30.66GiB,0.41%,0B / 0B,0B / 1.47MB,33
2026-07-31 11:28:33,scovox,106.31%,1.193GiB / 30.66GiB,3.89%,0B / 0B,0B / 4.6MB,53
2026-07-31 11:28:33,nav2,7.17%,259.2MiB / 30.66GiB,0.83%,0B / 0B,53.2kB / 1.77MB,91
2026-07-31 11:28:36,trav_ros2,101.73%,390MiB / 30.66GiB,1.24%,0B / 0B,0B / 2.25MB,44
2026-07-31 11:28:36,docker-recorder-run-a32a177d4325,0.00%,10.3MiB / 30.66GiB,0.03%,0B / 0B,123kB / 9.45MB,1
2026-07-31 11:28:36,glim,93.90%,468.5MiB / 30.66GiB,1.49%,0B / 0B,0B / 11.6MB,35
2026-07-31 11:28:36,ouster,6.95%,120.6MiB / 30.66GiB,0.38%,0B / 0B,0B / 3.07MB,30
2026-07-31 11:28:36,openzen,2.14%,34.57MiB / 30.66GiB,0.11%,0B / 0B,0B / 2.15MB,20
2026-07-31 11:28:36,domain_bridge,0.58%,76.5MiB / 30.66GiB,0.24%,0B / 0B,111kB / 5.22MB,28
2026-07-31 11:28:36,mapir-ffmpeg,0.21%,130.1MiB / 30.66GiB,0.41%,0B / 0B,0B / 1.47MB,33
2026-07-31 11:28:36,scovox,107.59%,1.21GiB / 30.66GiB,3.95%,0B / 0B,0B / 4.6MB,53
2026-07-31 11:28:36,nav2,6.88%,259.7MiB / 30.66GiB,0.83%,0B / 0B,53.2kB / 1.77MB,91
2026-07-31 11:28:39,trav_ros2,101.94%,389.7MiB / 30.66GiB,1.24%,0B / 0B,0B / 2.25MB,44
2026-07-31 11:28:39,docker-recorder-run-a32a177d4325,0.00%,10.3MiB / 30.66GiB,0.03%,0B / 0B,123kB / 9.45MB,1
2026-07-31 11:28:39,glim,91.26%,468.1MiB / 30.66GiB,1.49%,0B / 0B,0B / 11.6MB,35
2026-07-31 11:28:39,ouster,6.72%,120.5MiB / 30.66GiB,0.38%,0B / 0B,0B / 3.07MB,30
2026-07-31 11:28:39,openzen,2.24%,34.04MiB / 30.66GiB,0.11%,0B / 0B,0B / 2.15MB,20
2026-07-31 11:28:39,domain_bridge,0.61%,76.68MiB / 30.66GiB,0.24%,0B / 0B,111kB / 5.22MB,28
2026-07-31 11:28:39,mapir-ffmpeg,0.08%,129.8MiB / 30.66GiB,0.41%,0B / 0B,0B / 1.47MB,33
2026-07-31 11:28:39,scovox,106.48%,1.194GiB / 30.66GiB,3.89%,0B / 0B,0B / 4.6MB,53
2026-07-31 11:28:39,nav2,6.45%,259.4MiB / 30.66GiB,0.83%,0B / 0B,53.2kB / 1.77MB,91
2026-07-31 11:28:42,trav_ros2,102.17%,390.9MiB / 30.66GiB,1.24%,0B / 0B,0B / 2.25MB,44
2026-07-31 11:28:42,docker-recorder-run-a32a177d4325,0.00%,10.3MiB / 30.66GiB,0.03%,0B / 0B,123kB / 9.45MB,1
2026-07-31 11:28:42,glim,93.50%,467.1MiB / 30.66GiB,1.49%,0B / 0B,0B / 11.6MB,35
2026-07-31 11:28:42,ouster,7.41%,120.4MiB / 30.66GiB,0.38%,0B / 0B,0B / 3.07MB,30
2026-07-31 11:28:42,openzen,2.44%,34.8MiB / 30.66GiB,0.11%,0B / 0B,0B / 2.15MB,20
2026-07-31 11:28:42,domain_bridge,1.28%,76.61MiB / 30.66GiB,0.24%,0B / 0B,111kB / 5.22MB,28
2026-07-31 11:28:42,mapir-ffmpeg,0.54%,130.1MiB / 30.66GiB,0.41%,0B / 0B,0B / 1.47MB,33
2026-07-31 11:28:42,scovox,108.29%,1.222GiB / 30.66GiB,3.98%,0B / 0B,0B / 4.6MB,53
2026-07-31 11:28:42,nav2,7.61%,259.9MiB / 30.66GiB,0.83%,0B / 0B,53.2kB / 1.77MB,91
2026-07-31 11:28:45,trav_ros2,101.96%,385.2MiB / 30.66GiB,1.23%,0B / 0B,0B / 2.25MB,44
2026-07-31 11:28:45,docker-recorder-run-a32a177d4325,0.00%,10.3MiB / 30.66GiB,0.03%,0B / 0B,123kB / 9.45MB,1
2026-07-31 11:28:45,glim,97.25%,467.3MiB / 30.66GiB,1.49%,0B / 0B,0B / 11.6MB,35
2026-07-31 11:28:45,ouster,6.89%,119.9MiB / 30.66GiB,0.38%,0B / 0B,0B / 3.07MB,30
2026-07-31 11:28:45,openzen,2.16%,34.28MiB / 30.66GiB,0.11%,0B / 0B,0B / 2.15MB,20
2026-07-31 11:28:45,domain_bridge,0.55%,76.84MiB / 30.66GiB,0.24%,0B / 0B,111kB / 5.22MB,28
2026-07-31 11:28:45,mapir-ffmpeg,0.06%,129.6MiB / 30.66GiB,0.41%,0B / 0B,0B / 1.47MB,33
2026-07-31 11:28:45,scovox,107.14%,1.194GiB / 30.66GiB,3.89%,0B / 0B,0B / 4.6MB,53
2026-07-31 11:28:45,nav2,7.19%,259.4MiB / 30.66GiB,0.83%,0B / 0B,53.2kB / 1.77MB,91
2026-07-31 11:28:48,trav_ros2,101.25%,385.1MiB / 30.66GiB,1.23%,0B / 0B,0B / 2.25MB,44
2026-07-31 11:28:48,docker-recorder-run-a32a177d4325,0.00%,10.3MiB / 30.66GiB,0.03%,0B / 0B,123kB / 9.45MB,1
2026-07-31 11:28:48,glim,90.51%,467.6MiB / 30.66GiB,1.49%,0B / 0B,0B / 11.6MB,35
2026-07-31 11:28:48,ouster,6.88%,119.9MiB / 30.66GiB,0.38%,0B / 0B,0B / 3.07MB,30
2026-07-31 11:28:48,openzen,2.29%,34.04MiB / 30.66GiB,0.11%,0B / 0B,0B / 2.15MB,20
2026-07-31 11:28:48,domain_bridge,1.30%,77.62MiB / 30.66GiB,0.25%,0B / 0B,111kB / 5.22MB,28
2026-07-31 11:28:48,mapir-ffmpeg,0.24%,129.8MiB / 30.66GiB,0.41%,0B / 0B,0B / 1.47MB,33
2026-07-31 11:28:48,scovox,107.17%,1.16GiB / 30.66GiB,3.78%,0B / 0B,0B / 4.6MB,53
2026-07-31 11:28:48,nav2,7.35%,259.4MiB / 30.66GiB,0.83%,0B / 0B,53.2kB / 1.77MB,91
2026-07-31 11:28:51,trav_ros2,101.56%,402.1MiB / 30.66GiB,1.28%,0B / 0B,0B / 2.25MB,44
2026-07-31 11:28:51,docker-recorder-run-a32a177d4325,0.00%,10.3MiB / 30.66GiB,0.03%,0B / 0B,123kB / 9.45MB,1
2026-07-31 11:28:51,glim,93.80%,467.3MiB / 30.66GiB,1.49%,0B / 0B,0B / 11.6MB,35
2026-07-31 11:28:51,ouster,7.11%,121.3MiB / 30.66GiB,0.39%,0B / 0B,0B / 3.07MB,30
2026-07-31 11:28:51,openzen,2.29%,34.3MiB / 30.66GiB,0.11%,0B / 0B,0B / 2.15MB,20
2026-07-31 11:28:51,domain_bridge,0.65%,77.31MiB / 30.66GiB,0.25%,0B / 0B,111kB / 5.22MB,28
2026-07-31 11:28:51,mapir-ffmpeg,0.23%,130.1MiB / 30.66GiB,0.41%,0B / 0B,0B / 1.47MB,33
2026-07-31 11:28:51,scovox,106.20%,1.169GiB / 30.66GiB,3.81%,0B / 0B,0B / 4.6MB,53
2026-07-31 11:28:51,nav2,7.24%,260.2MiB / 30.66GiB,0.83%,0B / 0B,53.2kB / 1.77MB,91
2026-07-31 11:28:54,trav_ros2,101.18%,383.8MiB / 30.66GiB,1.22%,0B / 0B,0B / 2.25MB,44
2026-07-31 11:28:54,docker-recorder-run-a32a177d4325,0.00%,10.3MiB / 30.66GiB,0.03%,0B / 0B,123kB / 9.45MB,1
2026-07-31 11:28:54,glim,92.29%,467.7MiB / 30.66GiB,1.49%,0B / 0B,0B / 11.6MB,35
2026-07-31 11:28:54,ouster,6.83%,120.6MiB / 30.66GiB,0.38%,0B / 0B,0B / 3.07MB,30
2026-07-31 11:28:54,openzen,1.94%,34.28MiB / 30.66GiB,0.11%,0B / 0B,0B / 2.15MB,20
2026-07-31 11:28:54,domain_bridge,0.39%,76.61MiB / 30.66GiB,0.24%,0B / 0B,111kB / 5.22MB,28
2026-07-31 11:28:54,mapir-ffmpeg,0.10%,129.8MiB / 30.66GiB,0.41%,0B / 0B,0B / 1.47MB,33
2026-07-31 11:28:54,scovox,106.67%,1.194GiB / 30.66GiB,3.89%,0B / 0B,0B / 4.6MB,53
2026-07-31 11:28:54,nav2,7.09%,259.5MiB / 30.66GiB,0.83%,0B / 0B,53.2kB / 1.77MB,91
2026-07-31 11:28:57,trav_ros2,101.31%,391.7MiB / 30.66GiB,1.25%,0B / 0B,0B / 2.25MB,44
2026-07-31 11:28:57,docker-recorder-run-a32a177d4325,0.00%,10.3MiB / 30.66GiB,0.03%,0B / 0B,123kB / 9.45MB,1
2026-07-31 11:28:57,glim,92.61%,466.4MiB / 30.66GiB,1.49%,0B / 0B,0B / 11.6MB,35
2026-07-31 11:28:57,ouster,7.07%,120MiB / 30.66GiB,0.38%,0B / 0B,0B / 3.07MB,30
2026-07-31 11:28:57,openzen,2.60%,34.04MiB / 30.66GiB,0.11%,0B / 0B,0B / 2.15MB,20
2026-07-31 11:28:57,domain_bridge,0.96%,77.17MiB / 30.66GiB,0.25%,0B / 0B,111kB / 5.22MB,28
2026-07-31 11:28:57,mapir-ffmpeg,0.26%,129.6MiB / 30.66GiB,0.41%,0B / 0B,0B / 1.47MB,33
2026-07-31 11:28:57,scovox,106.18%,1.175GiB / 30.66GiB,3.83%,0B / 0B,0B / 4.6MB,53
2026-07-31 11:28:57,nav2,7.27%,259.3MiB / 30.66GiB,0.83%,0B / 0B,53.2kB / 1.77MB,91
2026-07-31 11:29:00,trav_ros2,101.70%,390.6MiB / 30.66GiB,1.24%,0B / 0B,0B / 2.27MB,44
2026-07-31 11:29:00,docker-recorder-run-a32a177d4325,0.00%,10.3MiB / 30.66GiB,0.03%,0B / 0B,123kB / 9.45MB,1
2026-07-31 11:29:00,glim,94.06%,467.9MiB / 30.66GiB,1.49%,0B / 0B,0B / 11.6MB,35
2026-07-31 11:29:00,ouster,6.93%,120.2MiB / 30.66GiB,0.38%,0B / 0B,0B / 3.07MB,30
2026-07-31 11:29:00,openzen,2.28%,34.53MiB / 30.66GiB,0.11%,0B / 0B,0B / 2.15MB,20
2026-07-31 11:29:00,domain_bridge,0.51%,76.25MiB / 30.66GiB,0.24%,0B / 0B,111kB / 5.22MB,28
2026-07-31 11:29:00,mapir-ffmpeg,0.20%,130MiB / 30.66GiB,0.41%,0B / 0B,0B / 1.47MB,33
2026-07-31 11:29:00,scovox,107.97%,1.194GiB / 30.66GiB,3.89%,0B / 0B,0B / 4.63MB,53
2026-07-31 11:29:00,nav2,7.23%,259.4MiB / 30.66GiB,0.83%,0B / 0B,53.2kB / 1.77MB,91
2026-07-31 11:29:03,trav_ros2,101.84%,390.6MiB / 30.66GiB,1.24%,0B / 0B,0B / 2.27MB,44
2026-07-31 11:29:03,docker-recorder-run-a32a177d4325,0.00%,10.3MiB / 30.66GiB,0.03%,0B / 0B,123kB / 9.45MB,1
2026-07-31 11:29:03,glim,93.66%,467.7MiB / 30.66GiB,1.49%,0B / 0B,0B / 11.6MB,35
2026-07-31 11:29:03,ouster,6.88%,119.7MiB / 30.66GiB,0.38%,0B / 0B,0B / 3.07MB,30
2026-07-31 11:29:03,openzen,2.14%,34.28MiB / 30.66GiB,0.11%,0B / 0B,0B / 2.15MB,20
2026-07-31 11:29:03,domain_bridge,0.38%,77.05MiB / 30.66GiB,0.25%,0B / 0B,111kB / 5.22MB,28
2026-07-31 11:29:03,mapir-ffmpeg,0.17%,129.3MiB / 30.66GiB,0.41%,0B / 0B,0B / 1.47MB,33
2026-07-31 11:29:03,scovox,106.67%,1.176GiB / 30.66GiB,3.84%,0B / 0B,0B / 4.63MB,53
2026-07-31 11:29:03,nav2,7.24%,259.3MiB / 30.66GiB,0.83%,0B / 0B,53.2kB / 1.78MB,91
2026-07-31 11:29:06,trav_ros2,101.80%,384.7MiB / 30.66GiB,1.23%,0B / 0B,0B / 2.27MB,44
2026-07-31 11:29:06,docker-recorder-run-a32a177d4325,0.00%,10.3MiB / 30.66GiB,0.03%,0B / 0B,123kB / 9.45MB,1
2026-07-31 11:29:06,glim,91.98%,467.7MiB / 30.66GiB,1.49%,0B / 0B,0B / 11.6MB,35
2026-07-31 11:29:06,ouster,7.08%,119.9MiB / 30.66GiB,0.38%,0B / 0B,0B / 3.07MB,30
2026-07-31 11:29:06,openzen,2.15%,34.04MiB / 30.66GiB,0.11%,0B / 0B,0B / 2.15MB,20
2026-07-31 11:29:06,domain_bridge,1.10%,77.1MiB / 30.66GiB,0.25%,0B / 0B,111kB / 5.22MB,28
2026-07-31 11:29:06,mapir-ffmpeg,0.45%,130.5MiB / 30.66GiB,0.42%,0B / 0B,0B / 1.47MB,33
2026-07-31 11:29:06,scovox,107.07%,1.193GiB / 30.66GiB,3.89%,0B / 0B,0B / 4.63MB,53
2026-07-31 11:29:06,nav2,7.41%,260.8MiB / 30.66GiB,0.83%,0B / 0B,53.2kB / 1.78MB,91
2026-07-31 11:29:10,trav_ros2,101.95%,384.9MiB / 30.66GiB,1.23%,0B / 0B,0B / 2.27MB,44
2026-07-31 11:29:10,docker-recorder-run-a32a177d4325,0.00%,10.3MiB / 30.66GiB,0.03%,0B / 0B,123kB / 9.45MB,1
2026-07-31 11:29:10,glim,95.59%,467.8MiB / 30.66GiB,1.49%,0B / 0B,0B / 11.6MB,35
2026-07-31 11:29:10,ouster,6.76%,119.8MiB / 30.66GiB,0.38%,0B / 0B,0B / 3.07MB,30
2026-07-31 11:29:10,openzen,2.06%,34.04MiB / 30.66GiB,0.11%,0B / 0B,0B / 2.15MB,20
2026-07-31 11:29:10,domain_bridge,0.34%,76.83MiB / 30.66GiB,0.24%,0B / 0B,111kB / 5.22MB,28
2026-07-31 11:29:10,mapir-ffmpeg,0.06%,129.6MiB / 30.66GiB,0.41%,0B / 0B,0B / 1.47MB,33
2026-07-31 11:29:10,scovox,106.40%,1.186GiB / 30.66GiB,3.87%,0B / 0B,0B / 4.63MB,53
2026-07-31 11:29:10,nav2,7.02%,259.6MiB / 30.66GiB,0.83%,0B / 0B,53.2kB / 1.78MB,91
2026-07-31 11:29:13,trav_ros2,102.00%,384.8MiB / 30.66GiB,1.23%,0B / 0B,0B / 2.27MB,44
2026-07-31 11:29:13,docker-recorder-run-a32a177d4325,0.00%,10.3MiB / 30.66GiB,0.03%,0B / 0B,123kB / 9.45MB,1
2026-07-31 11:29:13,glim,99.29%,467MiB / 30.66GiB,1.49%,0B / 0B,0B / 11.6MB,35
2026-07-31 11:29:13,ouster,7.11%,119.9MiB / 30.66GiB,0.38%,0B / 0B,0B / 3.07MB,30
2026-07-31 11:29:13,openzen,2.28%,34.04MiB / 30.66GiB,0.11%,0B / 0B,0B / 2.15MB,20
2026-07-31 11:29:13,domain_bridge,1.39%,77.98MiB / 30.66GiB,0.25%,0B / 0B,111kB / 5.22MB,28
2026-07-31 11:29:13,mapir-ffmpeg,0.08%,130.1MiB / 30.66GiB,0.41%,0B / 0B,0B / 1.47MB,33
2026-07-31 11:29:13,scovox,106.88%,1.193GiB / 30.66GiB,3.89%,0B / 0B,0B / 4.63MB,53
2026-07-31 11:29:13,nav2,7.10%,259.3MiB / 30.66GiB,0.83%,0B / 0B,53.2kB / 1.78MB,91
2026-07-31 11:29:16,trav_ros2,101.71%,384.5MiB / 30.66GiB,1.22%,0B / 0B,0B / 2.27MB,44
2026-07-31 11:29:16,docker-recorder-run-a32a177d4325,0.00%,10.3MiB / 30.66GiB,0.03%,0B / 0B,123kB / 9.45MB,1
2026-07-31 11:29:16,glim,91.99%,468.4MiB / 30.66GiB,1.49%,0B / 0B,0B / 11.6MB,35
2026-07-31 11:29:16,ouster,6.91%,120.5MiB / 30.66GiB,0.38%,0B / 0B,0B / 3.07MB,30
2026-07-31 11:29:16,openzen,2.34%,34.04MiB / 30.66GiB,0.11%,0B / 0B,0B / 2.15MB,20
2026-07-31 11:29:16,domain_bridge,0.45%,77.09MiB / 30.66GiB,0.25%,0B / 0B,111kB / 5.22MB,28
2026-07-31 11:29:16,mapir-ffmpeg,0.22%,129.9MiB / 30.66GiB,0.41%,0B / 0B,0B / 1.47MB,33
2026-07-31 11:29:16,scovox,107.45%,1.199GiB / 30.66GiB,3.91%,0B / 0B,0B / 4.63MB,53
2026-07-31 11:29:16,nav2,6.73%,259.8MiB / 30.66GiB,0.83%,0B / 0B,53.2kB / 1.78MB,91
2026-07-31 11:29:19,trav_ros2,101.59%,384.4MiB / 30.66GiB,1.22%,0B / 0B,0B / 2.27MB,44
2026-07-31 11:29:19,docker-recorder-run-a32a177d4325,0.00%,10.3MiB / 30.66GiB,0.03%,0B / 0B,123kB / 9.45MB,1
2026-07-31 11:29:19,glim,94.29%,467.5MiB / 30.66GiB,1.49%,0B / 0B,0B / 11.6MB,35
2026-07-31 11:29:19,ouster,6.83%,119.8MiB / 30.66GiB,0.38%,0B / 0B,0B / 3.07MB,30
2026-07-31 11:29:19,openzen,2.13%,34.04MiB / 30.66GiB,0.11%,0B / 0B,0B / 2.15MB,20
2026-07-31 11:29:19,domain_bridge,0.40%,77.64MiB / 30.66GiB,0.25%,0B / 0B,111kB / 5.22MB,28
2026-07-31 11:29:19,mapir-ffmpeg,0.08%,129.8MiB / 30.66GiB,0.41%,0B / 0B,0B / 1.47MB,33
2026-07-31 11:29:19,scovox,105.85%,1.17GiB / 30.66GiB,3.81%,0B / 0B,0B / 4.63MB,53
2026-07-31 11:29:19,nav2,7.42%,259.1MiB / 30.66GiB,0.83%,0B / 0B,53.2kB / 1.78MB,91
2026-07-31 11:29:22,trav_ros2,100.85%,384.8MiB / 30.66GiB,1.23%,0B / 0B,0B / 2.27MB,44
2026-07-31 11:29:22,docker-recorder-run-a32a177d4325,0.00%,10.3MiB / 30.66GiB,0.03%,0B / 0B,123kB / 9.45MB,1
2026-07-31 11:29:22,glim,97.48%,467.5MiB / 30.66GiB,1.49%,0B / 0B,0B / 11.6MB,35
2026-07-31 11:29:22,ouster,7.24%,120.5MiB / 30.66GiB,0.38%,0B / 0B,0B / 3.07MB,30
2026-07-31 11:29:22,openzen,2.50%,34.35MiB / 30.66GiB,0.11%,0B / 0B,0B / 2.15MB,20
2026-07-31 11:29:22,domain_bridge,1.42%,77.32MiB / 30.66GiB,0.25%,0B / 0B,111kB / 5.22MB,28
2026-07-31 11:29:22,mapir-ffmpeg,0.56%,130.1MiB / 30.66GiB,0.41%,0B / 0B,0B / 1.47MB,33
2026-07-31 11:29:22,scovox,107.32%,1.198GiB / 30.66GiB,3.91%,0B / 0B,0B / 4.63MB,53
2026-07-31 11:29:22,nav2,7.41%,259.3MiB / 30.66GiB,0.83%,0B / 0B,53.2kB / 1.78MB,91
2026-07-31 11:29:25,trav_ros2,100.92%,390.8MiB / 30.66GiB,1.24%,0B / 0B,0B / 2.27MB,44
2026-07-31 11:29:25,docker-recorder-run-a32a177d4325,0.00%,10.3MiB / 30.66GiB,0.03%,0B / 0B,123kB / 9.45MB,1
2026-07-31 11:29:25,glim,93.24%,467.4MiB / 30.66GiB,1.49%,0B / 0B,0B / 11.6MB,35
2026-07-31 11:29:25,ouster,7.05%,119.8MiB / 30.66GiB,0.38%,0B / 0B,0B / 3.07MB,30
2026-07-31 11:29:25,openzen,2.38%,34.27MiB / 30.66GiB,0.11%,0B / 0B,0B / 2.15MB,20
2026-07-31 11:29:25,domain_bridge,0.57%,76.93MiB / 30.66GiB,0.25%,0B / 0B,111kB / 5.22MB,28
2026-07-31 11:29:25,mapir-ffmpeg,0.10%,129.8MiB / 30.66GiB,0.41%,0B / 0B,0B / 1.47MB,33
2026-07-31 11:29:25,scovox,113.05%,1.176GiB / 30.66GiB,3.83%,0B / 0B,0B / 4.63MB,53
2026-07-31 11:29:25,nav2,7.20%,259.3MiB / 30.66GiB,0.83%,0B / 0B,53.2kB / 1.78MB,91
2026-07-31 11:29:28,trav_ros2,101.60%,389.4MiB / 30.66GiB,1.24%,0B / 0B,0B / 2.27MB,44
2026-07-31 11:29:28,docker-recorder-run-a32a177d4325,0.00%,10.3MiB / 30.66GiB,0.03%,0B / 0B,123kB / 9.45MB,1
2026-07-31 11:29:28,glim,92.14%,468.3MiB / 30.66GiB,1.49%,0B / 0B,0B / 11.6MB,35
2026-07-31 11:29:28,ouster,7.10%,120.1MiB / 30.66GiB,0.38%,0B / 0B,0B / 3.07MB,30
2026-07-31 11:29:28,openzen,2.28%,34.04MiB / 30.66GiB,0.11%,0B / 0B,0B / 2.15MB,20
2026-07-31 11:29:28,domain_bridge,1.17%,77.47MiB / 30.66GiB,0.25%,0B / 0B,111kB / 5.22MB,28
2026-07-31 11:29:28,mapir-ffmpeg,0.26%,129.6MiB / 30.66GiB,0.41%,0B / 0B,0B / 1.47MB,33
2026-07-31 11:29:28,scovox,107.11%,1.16GiB / 30.66GiB,3.78%,0B / 0B,0B / 4.63MB,53
2026-07-31 11:29:28,nav2,7.52%,259.3MiB / 30.66GiB,0.83%,0B / 0B,53.2kB / 1.78MB,91
2026-07-31 11:29:31,trav_ros2,101.72%,390.8MiB / 30.66GiB,1.24%,0B / 0B,0B / 2.28MB,44
2026-07-31 11:29:31,docker-recorder-run-a32a177d4325,0.00%,10.3MiB / 30.66GiB,0.03%,0B / 0B,123kB / 9.45MB,1
2026-07-31 11:29:31,glim,92.45%,467MiB / 30.66GiB,1.49%,0B / 0B,0B / 11.6MB,35
2026-07-31 11:29:31,ouster,6.87%,120.2MiB / 30.66GiB,0.38%,0B / 0B,0B / 3.07MB,30
2026-07-31 11:29:31,openzen,2.33%,34.27MiB / 30.66GiB,0.11%,0B / 0B,0B / 2.15MB,20
2026-07-31 11:29:31,domain_bridge,0.36%,77.38MiB / 30.66GiB,0.25%,0B / 0B,111kB / 5.22MB,28
2026-07-31 11:29:31,mapir-ffmpeg,0.14%,130.6MiB / 30.66GiB,0.42%,0B / 0B,0B / 1.47MB,33
2026-07-31 11:29:31,scovox,114.49%,1.173GiB / 30.66GiB,3.82%,0B / 0B,0B / 4.63MB,53
2026-07-31 11:29:31,nav2,6.78%,259.8MiB / 30.66GiB,0.83%,0B / 0B,53.2kB / 1.78MB,91
2026-07-31 11:29:34,trav_ros2,101.75%,391.3MiB / 30.66GiB,1.25%,0B / 0B,0B / 2.28MB,44
2026-07-31 11:29:34,docker-recorder-run-a32a177d4325,0.00%,10.3MiB / 30.66GiB,0.03%,0B / 0B,123kB / 9.45MB,1
2026-07-31 11:29:34,glim,91.45%,467.3MiB / 30.66GiB,1.49%,0B / 0B,0B / 11.6MB,35
2026-07-31 11:29:34,ouster,6.86%,119.9MiB / 30.66GiB,0.38%,0B / 0B,0B / 3.07MB,30
2026-07-31 11:29:34,openzen,2.23%,34.04MiB / 30.66GiB,0.11%,0B / 0B,0B / 2.15MB,20
2026-07-31 11:29:34,domain_bridge,0.42%,77.6MiB / 30.66GiB,0.25%,0B / 0B,111kB / 5.22MB,28
2026-07-31 11:29:34,mapir-ffmpeg,0.13%,130.1MiB / 30.66GiB,0.41%,0B / 0B,0B / 1.47MB,33
2026-07-31 11:29:34,scovox,118.14%,1.223GiB / 30.66GiB,3.99%,0B / 0B,0B / 4.66MB,53
2026-07-31 11:29:34,nav2,7.54%,259.8MiB / 30.66GiB,0.83%,0B / 0B,53.2kB / 1.78MB,91
2026-07-31 11:29:37,trav_ros2,101.92%,385.9MiB / 30.66GiB,1.23%,0B / 0B,0B / 2.28MB,44
2026-07-31 11:29:37,docker-recorder-run-a32a177d4325,0.00%,10.3MiB / 30.66GiB,0.03%,0B / 0B,123kB / 9.45MB,1
2026-07-31 11:29:37,glim,40.19%,467.4MiB / 30.66GiB,1.49%,0B / 0B,0B / 11.6MB,35
2026-07-31 11:29:37,ouster,5.58%,119.7MiB / 30.66GiB,0.38%,0B / 0B,0B / 3.07MB,30
2026-07-31 11:29:37,openzen,2.57%,34.04MiB / 30.66GiB,0.11%,0B / 0B,0B / 2.15MB,20
2026-07-31 11:29:37,domain_bridge,0.94%,77.5MiB / 30.66GiB,0.25%,0B / 0B,111kB / 5.22MB,28
2026-07-31 11:29:37,mapir-ffmpeg,0.23%,129.6MiB / 30.66GiB,0.41%,0B / 0B,0B / 1.47MB,33
2026-07-31 11:29:37,scovox,113.53%,1.185GiB / 30.66GiB,3.86%,0B / 0B,0B / 4.66MB,53
2026-07-31 11:29:37,nav2,6.35%,259.5MiB / 30.66GiB,0.83%,0B / 0B,53.2kB / 1.8MB,91
2026-07-31 11:29:40,trav_ros2,102.53%,362.2MiB / 30.66GiB,1.15%,0B / 0B,0B / 2.28MB,44
2026-07-31 11:29:40,docker-recorder-run-a32a177d4325,0.00%,10.3MiB / 30.66GiB,0.03%,0B / 0B,123kB / 9.45MB,1
2026-07-31 11:29:40,glim,8.14%,467.6MiB / 30.66GiB,1.49%,0B / 0B,0B / 11.6MB,35
2026-07-31 11:29:40,ouster,0.31%,119.6MiB / 30.66GiB,0.38%,0B / 0B,0B / 3.07MB,30
2026-07-31 11:29:40,openzen,1.80%,34.53MiB / 30.66GiB,0.11%,0B / 0B,0B / 2.15MB,20
2026-07-31 11:29:40,domain_bridge,0.63%,77.29MiB / 30.66GiB,0.25%,0B / 0B,111kB / 5.22MB,28
2026-07-31 11:29:40,mapir-ffmpeg,0.20%,130.3MiB / 30.66GiB,0.42%,0B / 0B,0B / 1.47MB,33
2026-07-31 11:29:40,scovox,26.27%,1.13GiB / 30.66GiB,3.69%,0B / 0B,0B / 4.66MB,53
2026-07-31 11:29:40,nav2,5.68%,259.6MiB / 30.66GiB,0.83%,0B / 0B,53.2kB / 1.8MB,91
2026-07-31 11:29:43,trav_ros2,92.02%,384.7MiB / 30.66GiB,1.23%,0B / 0B,0B / 2.28MB,44
2026-07-31 11:29:43,docker-recorder-run-a32a177d4325,0.00%,10.3MiB / 30.66GiB,0.03%,0B / 0B,123kB / 9.45MB,1
2026-07-31 11:29:43,glim,43.63%,467.2MiB / 30.66GiB,1.49%,0B / 0B,0B / 11.6MB,35
2026-07-31 11:29:43,ouster,6.89%,119.8MiB / 30.66GiB,0.38%,0B / 0B,0B / 3.07MB,30
2026-07-31 11:29:43,openzen,2.08%,34.29MiB / 30.66GiB,0.11%,0B / 0B,0B / 2.15MB,20
2026-07-31 11:29:43,domain_bridge,0.73%,77.04MiB / 30.66GiB,0.25%,0B / 0B,111kB / 5.22MB,28
2026-07-31 11:29:43,mapir-ffmpeg,0.18%,129.3MiB / 30.66GiB,0.41%,0B / 0B,0B / 1.47MB,33
2026-07-31 11:29:43,scovox,13.42%,1.143GiB / 30.66GiB,3.73%,0B / 0B,0B / 4.66MB,53
2026-07-31 11:29:43,nav2,6.11%,258.9MiB / 30.66GiB,0.82%,0B / 0B,53.2kB / 1.8MB,91
2026-07-31 11:29:46,trav_ros2,101.65%,392MiB / 30.66GiB,1.25%,0B / 0B,0B / 2.28MB,44
2026-07-31 11:29:46,docker-recorder-run-a32a177d4325,0.00%,10.3MiB / 30.66GiB,0.03%,0B / 0B,123kB / 9.45MB,1
2026-07-31 11:29:46,glim,92.54%,479.4MiB / 30.66GiB,1.53%,0B / 0B,0B / 11.6MB,35
2026-07-31 11:29:46,ouster,7.12%,120.5MiB / 30.66GiB,0.38%,0B / 0B,0B / 3.07MB,30
2026-07-31 11:29:46,openzen,2.13%,34.52MiB / 30.66GiB,0.11%,0B / 0B,0B / 2.15MB,20
2026-07-31 11:29:46,domain_bridge,0.83%,76.75MiB / 30.66GiB,0.24%,0B / 0B,111kB / 5.22MB,28
2026-07-31 11:29:46,mapir-ffmpeg,0.52%,130.1MiB / 30.66GiB,0.41%,0B / 0B,0B / 1.47MB,33
2026-07-31 11:29:46,scovox,7.97%,1.143GiB / 30.66GiB,3.73%,0B / 0B,0B / 4.66MB,53
2026-07-31 11:29:46,nav2,7.63%,260.6MiB / 30.66GiB,0.83%,0B / 0B,53.2kB / 1.8MB,91
2026-07-31 11:29:49,trav_ros2,101.90%,390.6MiB / 30.66GiB,1.24%,0B / 0B,0B / 2.28MB,44
2026-07-31 11:29:49,docker-recorder-run-a32a177d4325,0.00%,10.3MiB / 30.66GiB,0.03%,0B / 0B,123kB / 9.45MB,1
2026-07-31 11:29:49,glim,88.94%,479.7MiB / 30.66GiB,1.53%,0B / 0B,0B / 11.6MB,35
2026-07-31 11:29:49,ouster,7.18%,120.3MiB / 30.66GiB,0.38%,0B / 0B,0B / 3.07MB,30
2026-07-31 11:29:49,openzen,2.22%,34.28MiB / 30.66GiB,0.11%,0B / 0B,0B / 2.15MB,20
2026-07-31 11:29:49,domain_bridge,0.52%,77.37MiB / 30.66GiB,0.25%,0B / 0B,111kB / 5.22MB,28
2026-07-31 11:29:49,mapir-ffmpeg,0.06%,129.3MiB / 30.66GiB,0.41%,0B / 0B,0B / 1.47MB,33
2026-07-31 11:29:49,scovox,112.44%,1.22GiB / 30.66GiB,3.98%,0B / 0B,0B / 4.66MB,53
2026-07-31 11:29:49,nav2,6.56%,259.3MiB / 30.66GiB,0.83%,0B / 0B,53.2kB / 1.8MB,91
2026-07-31 11:29:53,trav_ros2,101.38%,387.6MiB / 30.66GiB,1.23%,0B / 0B,0B / 2.28MB,44
2026-07-31 11:29:53,docker-recorder-run-a32a177d4325,0.00%,10.3MiB / 30.66GiB,0.03%,0B / 0B,123kB / 9.45MB,1
2026-07-31 11:29:53,glim,86.37%,479.8MiB / 30.66GiB,1.53%,0B / 0B,0B / 11.6MB,35
2026-07-31 11:29:53,ouster,6.92%,119.9MiB / 30.66GiB,0.38%,0B / 0B,0B / 3.07MB,30
2026-07-31 11:29:53,openzen,2.25%,34.28MiB / 30.66GiB,0.11%,0B / 0B,0B / 2.15MB,20
2026-07-31 11:29:53,domain_bridge,1.45%,77.45MiB / 30.66GiB,0.25%,0B / 0B,111kB / 5.22MB,28
2026-07-31 11:29:53,mapir-ffmpeg,0.11%,129.6MiB / 30.66GiB,0.41%,0B / 0B,0B / 1.47MB,33
2026-07-31 11:29:53,scovox,120.56%,1.209GiB / 30.66GiB,3.94%,0B / 0B,0B / 4.66MB,53
2026-07-31 11:29:53,nav2,6.38%,259.5MiB / 30.66GiB,0.83%,0B / 0B,53.2kB / 1.8MB,91
2026-07-31 11:29:56,trav_ros2,101.48%,385.3MiB / 30.66GiB,1.23%,0B / 0B,0B / 2.28MB,44
2026-07-31 11:29:56,docker-recorder-run-a32a177d4325,0.00%,10.3MiB / 30.66GiB,0.03%,0B / 0B,123kB / 9.45MB,1
2026-07-31 11:29:56,glim,87.93%,479.3MiB / 30.66GiB,1.53%,0B / 0B,0B / 11.6MB,35
2026-07-31 11:29:56,ouster,7.03%,120MiB / 30.66GiB,0.38%,0B / 0B,0B / 3.07MB,30
2026-07-31 11:29:56,openzen,2.28%,34.27MiB / 30.66GiB,0.11%,0B / 0B,0B / 2.15MB,20
2026-07-31 11:29:56,domain_bridge,0.90%,76.5MiB / 30.66GiB,0.24%,0B / 0B,111kB / 5.22MB,28
2026-07-31 11:29:56,mapir-ffmpeg,0.20%,130.4MiB / 30.66GiB,0.42%,0B / 0B,0B / 1.47MB,33
2026-07-31 11:29:56,scovox,111.86%,1.212GiB / 30.66GiB,3.95%,0B / 0B,0B / 4.66MB,53
2026-07-31 11:29:56,nav2,7.62%,259.5MiB / 30.66GiB,0.83%,0B / 0B,53.2kB / 1.8MB,91
2026-07-31 11:29:59,trav_ros2,101.46%,385MiB / 30.66GiB,1.23%,0B / 0B,0B / 2.28MB,44
2026-07-31 11:29:59,docker-recorder-run-a32a177d4325,0.00%,10.3MiB / 30.66GiB,0.03%,0B / 0B,123kB / 9.45MB,1
2026-07-31 11:29:59,glim,85.81%,479.6MiB / 30.66GiB,1.53%,0B / 0B,0B / 11.6MB,35
2026-07-31 11:29:59,ouster,6.92%,119.7MiB / 30.66GiB,0.38%,0B / 0B,0B / 3.07MB,30
2026-07-31 11:29:59,openzen,1.99%,34.04MiB / 30.66GiB,0.11%,0B / 0B,0B / 2.15MB,20
2026-07-31 11:29:59,domain_bridge,0.63%,76.63MiB / 30.66GiB,0.24%,0B / 0B,111kB / 5.22MB,28
2026-07-31 11:29:59,mapir-ffmpeg,0.11%,130.1MiB / 30.66GiB,0.41%,0B / 0B,0B / 1.47MB,33
2026-07-31 11:29:59,scovox,113.19%,1.201GiB / 30.66GiB,3.92%,0B / 0B,0B / 4.66MB,53
2026-07-31 11:29:59,nav2,7.18%,258.8MiB / 30.66GiB,0.82%,0B / 0B,53.2kB / 1.8MB,91
2026-07-31 11:30:02,trav_ros2,101.80%,385.1MiB / 30.66GiB,1.23%,0B / 0B,0B / 2.3MB,44
2026-07-31 11:30:02,docker-recorder-run-a32a177d4325,0.00%,10.3MiB / 30.66GiB,0.03%,0B / 0B,123kB / 9.45MB,1
2026-07-31 11:30:02,glim,91.42%,479.2MiB / 30.66GiB,1.53%,0B / 0B,0B / 11.6MB,35
2026-07-31 11:30:02,ouster,7.51%,119.9MiB / 30.66GiB,0.38%,0B / 0B,0B / 3.07MB,30
2026-07-31 11:30:02,openzen,2.52%,34.33MiB / 30.66GiB,0.11%,0B / 0B,0B / 2.15MB,20
2026-07-31 11:30:02,domain_bridge,1.68%,76.78MiB / 30.66GiB,0.24%,0B / 0B,111kB / 5.22MB,28
2026-07-31 11:30:02,mapir-ffmpeg,0.48%,129.8MiB / 30.66GiB,0.41%,0B / 0B,0B / 1.47MB,33
2026-07-31 11:30:02,scovox,109.03%,1.213GiB / 30.66GiB,3.96%,0B / 0B,0B / 4.66MB,53
2026-07-31 11:30:02,nav2,7.07%,258.7MiB / 30.66GiB,0.82%,0B / 0B,53.2kB / 1.8MB,91
2026-07-31 11:30:05,trav_ros2,102.00%,386MiB / 30.66GiB,1.23%,0B / 0B,0B / 2.3MB,44
2026-07-31 11:30:05,docker-recorder-run-a32a177d4325,0.00%,10.3MiB / 30.66GiB,0.03%,0B / 0B,123kB / 9.45MB,1
2026-07-31 11:30:05,glim,86.76%,479.6MiB / 30.66GiB,1.53%,0B / 0B,0B / 11.6MB,35
2026-07-31 11:30:05,ouster,6.91%,119.9MiB / 30.66GiB,0.38%,0B / 0B,0B / 3.07MB,30
2026-07-31 11:30:05,openzen,2.04%,34.04MiB / 30.66GiB,0.11%,0B / 0B,0B / 2.15MB,20
2026-07-31 11:30:05,domain_bridge,0.47%,76.44MiB / 30.66GiB,0.24%,0B / 0B,111kB / 5.22MB,28
2026-07-31 11:30:05,mapir-ffmpeg,0.09%,129.9MiB / 30.66GiB,0.41%,0B / 0B,0B / 1.47MB,33
2026-07-31 11:30:05,scovox,116.58%,1.237GiB / 30.66GiB,4.03%,0B / 0B,0B / 4.66MB,53
2026-07-31 11:30:05,nav2,7.38%,259.6MiB / 30.66GiB,0.83%,0B / 0B,53.2kB / 1.8MB,91
2026-07-31 11:30:08,trav_ros2,101.91%,385.2MiB / 30.66GiB,1.23%,0B / 0B,0B / 2.3MB,44
2026-07-31 11:30:08,docker-recorder-run-a32a177d4325,0.00%,10.3MiB / 30.66GiB,0.03%,0B / 0B,123kB / 9.45MB,1
2026-07-31 11:30:08,glim,83.87%,479.5MiB / 30.66GiB,1.53%,0B / 0B,0B / 11.6MB,35
2026-07-31 11:30:08,ouster,7.17%,119.8MiB / 30.66GiB,0.38%,0B / 0B,0B / 3.07MB,30
2026-07-31 11:30:08,openzen,2.48%,34.04MiB / 30.66GiB,0.11%,0B / 0B,0B / 2.15MB,20
2026-07-31 11:30:08,domain_bridge,1.12%,77.34MiB / 30.66GiB,0.25%,0B / 0B,111kB / 5.22MB,28
2026-07-31 11:30:08,mapir-ffmpeg,0.21%,129.6MiB / 30.66GiB,0.41%,0B / 0B,0B / 1.48MB,33
2026-07-31 11:30:08,scovox,107.71%,1.216GiB / 30.66GiB,3.96%,0B / 0B,0B / 4.66MB,53
2026-07-31 11:30:08,nav2,7.37%,259.3MiB / 30.66GiB,0.83%,0B / 0B,53.2kB / 1.8MB,91
2026-07-31 11:30:11,trav_ros2,101.98%,385.2MiB / 30.66GiB,1.23%,0B / 0B,0B / 2.3MB,44
2026-07-31 11:30:11,docker-recorder-run-a32a177d4325,0.00%,10.3MiB / 30.66GiB,0.03%,0B / 0B,123kB / 9.45MB,1
2026-07-31 11:30:11,glim,88.53%,478.4MiB / 30.66GiB,1.52%,0B / 0B,0B / 11.6MB,35
2026-07-31 11:30:11,ouster,6.97%,121.2MiB / 30.66GiB,0.39%,0B / 0B,0B / 3.07MB,30
2026-07-31 11:30:11,openzen,2.11%,34.33MiB / 30.66GiB,0.11%,0B / 0B,0B / 2.15MB,20
2026-07-31 11:30:11,domain_bridge,0.32%,77.05MiB / 30.66GiB,0.25%,0B / 0B,111kB / 5.22MB,28
2026-07-31 11:30:11,mapir-ffmpeg,0.19%,130.3MiB / 30.66GiB,0.41%,0B / 0B,0B / 1.48MB,33
2026-07-31 11:30:11,scovox,118.76%,1.186GiB / 30.66GiB,3.87%,0B / 0B,0B / 4.69MB,53
2026-07-31 11:30:11,nav2,7.31%,259.5MiB / 30.66GiB,0.83%,0B / 0B,53.2kB / 1.8MB,91
2026-07-31 11:30:14,trav_ros2,101.83%,385.3MiB / 30.66GiB,1.23%,0B / 0B,0B / 2.3MB,44
2026-07-31 11:30:14,docker-recorder-run-a32a177d4325,0.00%,10.3MiB / 30.66GiB,0.03%,0B / 0B,123kB / 9.45MB,1
2026-07-31 11:30:14,glim,84.46%,479.3MiB / 30.66GiB,1.53%,0B / 0B,0B / 11.7MB,35
2026-07-31 11:30:14,ouster,6.80%,119.9MiB / 30.66GiB,0.38%,0B / 0B,0B / 3.07MB,30
2026-07-31 11:30:14,openzen,2.11%,34.04MiB / 30.66GiB,0.11%,0B / 0B,0B / 2.15MB,20
2026-07-31 11:30:14,domain_bridge,0.46%,76.96MiB / 30.66GiB,0.25%,0B / 0B,111kB / 5.22MB,28
2026-07-31 11:30:14,mapir-ffmpeg,0.09%,129.8MiB / 30.66GiB,0.41%,0B / 0B,0B / 1.48MB,33
2026-07-31 11:30:14,scovox,118.10%,1.227GiB / 30.66GiB,4.00%,0B / 0B,0B / 4.69MB,53
2026-07-31 11:30:14,nav2,7.20%,259MiB / 30.66GiB,0.82%,0B / 0B,53.2kB / 1.81MB,91
2026-07-31 11:30:17,trav_ros2,101.74%,385.2MiB / 30.66GiB,1.23%,0B / 0B,0B / 2.3MB,44
2026-07-31 11:30:17,docker-recorder-run-a32a177d4325,0.00%,10.3MiB / 30.66GiB,0.03%,0B / 0B,123kB / 9.45MB,1
2026-07-31 11:30:17,glim,85.74%,479.9MiB / 30.66GiB,1.53%,0B / 0B,0B / 11.7MB,35
2026-07-31 11:30:17,ouster,7.02%,120MiB / 30.66GiB,0.38%,0B / 0B,0B / 3.07MB,30
2026-07-31 11:30:17,openzen,2.45%,34.04MiB / 30.66GiB,0.11%,0B / 0B,0B / 2.15MB,20
2026-07-31 11:30:17,domain_bridge,1.02%,76.95MiB / 30.66GiB,0.25%,0B / 0B,111kB / 5.22MB,28
2026-07-31 11:30:17,mapir-ffmpeg,0.20%,129.6MiB / 30.66GiB,0.41%,0B / 0B,0B / 1.48MB,33
2026-07-31 11:30:17,scovox,107.88%,1.192GiB / 30.66GiB,3.89%,0B / 0B,0B / 4.69MB,53
2026-07-31 11:30:17,nav2,7.25%,258.9MiB / 30.66GiB,0.82%,0B / 0B,53.2kB / 1.81MB,91
2026-07-31 11:30:20,trav_ros2,101.16%,390.9MiB / 30.66GiB,1.24%,0B / 0B,0B / 2.3MB,44
2026-07-31 11:30:20,docker-recorder-run-a32a177d4325,0.00%,10.3MiB / 30.66GiB,0.03%,0B / 0B,123kB / 9.45MB,1
2026-07-31 11:30:20,glim,84.89%,479.5MiB / 30.66GiB,1.53%,0B / 0B,0B / 11.7MB,35
2026-07-31 11:30:20,ouster,6.92%,120.4MiB / 30.66GiB,0.38%,0B / 0B,0B / 3.07MB,30
2026-07-31 11:30:20,openzen,2.12%,34.29MiB / 30.66GiB,0.11%,0B / 0B,0B / 2.15MB,20
2026-07-31 11:30:20,domain_bridge,0.52%,76.53MiB / 30.66GiB,0.24%,0B / 0B,111kB / 5.22MB,28
2026-07-31 11:30:20,mapir-ffmpeg,0.21%,130.8MiB / 30.66GiB,0.42%,0B / 0B,0B / 1.48MB,33
2026-07-31 11:30:20,scovox,110.71%,1.189GiB / 30.66GiB,3.88%,0B / 0B,0B / 4.69MB,53
2026-07-31 11:30:20,nav2,7.34%,258.8MiB / 30.66GiB,0.82%,0B / 0B,53.2kB / 1.81MB,91
2026-07-31 11:30:23,trav_ros2,101.48%,391MiB / 30.66GiB,1.25%,0B / 0B,0B / 2.3MB,44
2026-07-31 11:30:23,docker-recorder-run-a32a177d4325,0.00%,10.3MiB / 30.66GiB,0.03%,0B / 0B,123kB / 9.45MB,1
2026-07-31 11:30:23,glim,89.23%,478.9MiB / 30.66GiB,1.53%,0B / 0B,0B / 11.7MB,35
2026-07-31 11:30:23,ouster,6.91%,120.3MiB / 30.66GiB,0.38%,0B / 0B,0B / 3.07MB,30
2026-07-31 11:30:23,openzen,2.29%,34.04MiB / 30.66GiB,0.11%,0B / 0B,0B / 2.15MB,20
2026-07-31 11:30:23,domain_bridge,0.33%,77.04MiB / 30.66GiB,0.25%,0B / 0B,111kB / 5.22MB,28
2026-07-31 11:30:23,mapir-ffmpeg,0.14%,129.8MiB / 30.66GiB,0.41%,0B / 0B,0B / 1.48MB,33
2026-07-31 11:30:23,scovox,106.28%,1.222GiB / 30.66GiB,3.98%,0B / 0B,0B / 4.69MB,53
2026-07-31 11:30:23,nav2,7.35%,258.8MiB / 30.66GiB,0.82%,0B / 0B,53.2kB / 1.81MB,91
2026-07-31 11:30:26,trav_ros2,101.47%,390.7MiB / 30.66GiB,1.24%,0B / 0B,0B / 2.3MB,44
2026-07-31 11:30:26,docker-recorder-run-a32a177d4325,0.00%,10.3MiB / 30.66GiB,0.03%,0B / 0B,123kB / 9.45MB,1
2026-07-31 11:30:26,glim,85.20%,479.1MiB / 30.66GiB,1.53%,0B / 0B,0B / 11.7MB,35
2026-07-31 11:30:26,ouster,7.49%,120.7MiB / 30.66GiB,0.38%,0B / 0B,0B / 3.07MB,30
2026-07-31 11:30:26,openzen,2.24%,34.51MiB / 30.66GiB,0.11%,0B / 0B,0B / 2.15MB,20
2026-07-31 11:30:26,domain_bridge,0.82%,77MiB / 30.66GiB,0.25%,0B / 0B,111kB / 5.22MB,28
2026-07-31 11:30:26,mapir-ffmpeg,0.47%,130.3MiB / 30.66GiB,0.41%,0B / 0B,0B / 1.48MB,33
2026-07-31 11:30:26,scovox,112.59%,1.172GiB / 30.66GiB,3.82%,0B / 0B,0B / 4.69MB,53
2026-07-31 11:30:26,nav2,7.44%,260.3MiB / 30.66GiB,0.83%,0B / 0B,53.2kB / 1.81MB,91
2026-07-31 11:30:29,trav_ros2,101.72%,390.5MiB / 30.66GiB,1.24%,0B / 0B,0B / 2.3MB,44
2026-07-31 11:30:29,docker-recorder-run-a32a177d4325,0.00%,10.3MiB / 30.66GiB,0.03%,0B / 0B,123kB / 9.45MB,1
2026-07-31 11:30:29,glim,85.36%,479.7MiB / 30.66GiB,1.53%,0B / 0B,0B / 11.7MB,35
2026-07-31 11:30:29,ouster,6.90%,120.5MiB / 30.66GiB,0.38%,0B / 0B,0B / 3.07MB,30
2026-07-31 11:30:29,openzen,2.17%,34.04MiB / 30.66GiB,0.11%,0B / 0B,0B / 2.15MB,20
2026-07-31 11:30:29,domain_bridge,0.38%,77.69MiB / 30.66GiB,0.25%,0B / 0B,111kB / 5.22MB,28
2026-07-31 11:30:29,mapir-ffmpeg,0.05%,129.8MiB / 30.66GiB,0.41%,0B / 0B,0B / 1.48MB,33
2026-07-31 11:30:29,scovox,106.62%,1.221GiB / 30.66GiB,3.98%,0B / 0B,0B / 4.69MB,53
2026-07-31 11:30:29,nav2,7.02%,258.7MiB / 30.66GiB,0.82%,0B / 0B,53.2kB / 1.81MB,91
2026-07-31 11:30:33,trav_ros2,101.78%,391.1MiB / 30.66GiB,1.25%,0B / 0B,0B / 2.3MB,44
2026-07-31 11:30:33,docker-recorder-run-a32a177d4325,0.00%,10.3MiB / 30.66GiB,0.03%,0B / 0B,123kB / 9.45MB,1
2026-07-31 11:30:33,glim,89.15%,479.3MiB / 30.66GiB,1.53%,0B / 0B,0B / 11.7MB,35
2026-07-31 11:30:33,ouster,7.05%,120.2MiB / 30.66GiB,0.38%,0B / 0B,0B / 3.07MB,30
2026-07-31 11:30:33,openzen,2.13%,34.04MiB / 30.66GiB,0.11%,0B / 0B,0B / 2.15MB,20
2026-07-31 11:30:33,domain_bridge,1.44%,77.81MiB / 30.66GiB,0.25%,0B / 0B,111kB / 5.22MB,28
2026-07-31 11:30:33,mapir-ffmpeg,0.12%,129.8MiB / 30.66GiB,0.41%,0B / 0B,0B / 1.48MB,33
2026-07-31 11:30:33,scovox,112.54%,1.184GiB / 30.66GiB,3.86%,0B / 0B,0B / 4.69MB,53
2026-07-31 11:30:33,nav2,7.26%,259.1MiB / 30.66GiB,0.83%,0B / 0B,53.2kB / 1.81MB,91
2026-07-31 11:30:36,trav_ros2,101.80%,394.4MiB / 30.66GiB,1.26%,0B / 0B,0B / 2.32MB,44
2026-07-31 11:30:36,docker-recorder-run-a32a177d4325,0.00%,10.3MiB / 30.66GiB,0.03%,0B / 0B,123kB / 9.45MB,1
2026-07-31 11:30:36,glim,90.82%,479.9MiB / 30.66GiB,1.53%,0B / 0B,0B / 11.7MB,35
2026-07-31 11:30:36,ouster,6.92%,120.5MiB / 30.66GiB,0.38%,0B / 0B,0B / 3.07MB,30
2026-07-31 11:30:36,openzen,2.35%,34.54MiB / 30.66GiB,0.11%,0B / 0B,0B / 2.15MB,20
2026-07-31 11:30:36,domain_bridge,0.41%,76.71MiB / 30.66GiB,0.24%,0B / 0B,111kB / 5.22MB,28
2026-07-31 11:30:36,mapir-ffmpeg,0.20%,130.3MiB / 30.66GiB,0.41%,0B / 0B,0B / 1.48MB,33
2026-07-31 11:30:36,scovox,108.83%,1.211GiB / 30.66GiB,3.95%,0B / 0B,0B / 4.69MB,53
2026-07-31 11:30:36,nav2,7.45%,260.4MiB / 30.66GiB,0.83%,0B / 0B,53.2kB / 1.81MB,91
2026-07-31 11:30:39,trav_ros2,102.30%,390.3MiB / 30.66GiB,1.24%,0B / 0B,0B / 2.32MB,44
2026-07-31 11:30:39,docker-recorder-run-a32a177d4325,0.00%,10.3MiB / 30.66GiB,0.03%,0B / 0B,123kB / 9.45MB,1
2026-07-31 11:30:39,glim,86.50%,479MiB / 30.66GiB,1.53%,0B / 0B,0B / 11.7MB,35
2026-07-31 11:30:39,ouster,7.21%,120.1MiB / 30.66GiB,0.38%,0B / 0B,0B / 3.07MB,30
2026-07-31 11:30:39,openzen,2.20%,34.04MiB / 30.66GiB,0.11%,0B / 0B,0B / 2.15MB,20
2026-07-31 11:30:39,domain_bridge,0.58%,76.71MiB / 30.66GiB,0.24%,0B / 0B,111kB / 5.22MB,28
2026-07-31 11:30:39,mapir-ffmpeg,0.08%,129.8MiB / 30.66GiB,0.41%,0B / 0B,0B / 1.48MB,33
2026-07-31 11:30:39,scovox,112.34%,1.208GiB / 30.66GiB,3.94%,0B / 0B,0B / 4.69MB,53
2026-07-31 11:30:39,nav2,6.68%,259.7MiB / 30.66GiB,0.83%,0B / 0B,53.2kB / 1.81MB,91
2026-07-31 11:30:42,trav_ros2,101.47%,391.4MiB / 30.66GiB,1.25%,0B / 0B,0B / 2.32MB,44
2026-07-31 11:30:42,docker-recorder-run-a32a177d4325,0.00%,10.3MiB / 30.66GiB,0.03%,0B / 0B,123kB / 9.45MB,1
2026-07-31 11:30:42,glim,85.89%,479MiB / 30.66GiB,1.53%,0B / 0B,0B / 11.7MB,35
2026-07-31 11:30:42,ouster,7.13%,120MiB / 30.66GiB,0.38%,0B / 0B,0B / 3.07MB,30
2026-07-31 11:30:42,openzen,2.40%,35.28MiB / 30.66GiB,0.11%,0B / 0B,0B / 2.15MB,20
2026-07-31 11:30:42,domain_bridge,1.14%,77.44MiB / 30.66GiB,0.25%,0B / 0B,111kB / 5.22MB,28
2026-07-31 11:30:42,mapir-ffmpeg,0.46%,129.6MiB / 30.66GiB,0.41%,0B / 0B,0B / 1.48MB,33
2026-07-31 11:30:42,scovox,107.91%,1.235GiB / 30.66GiB,4.03%,0B / 0B,0B / 4.69MB,53
2026-07-31 11:30:42,nav2,7.30%,259.5MiB / 30.66GiB,0.83%,0B / 0B,53.2kB / 1.81MB,91
2026-07-31 11:30:45,trav_ros2,101.58%,391.1MiB / 30.66GiB,1.25%,0B / 0B,0B / 2.32MB,44
2026-07-31 11:30:45,docker-recorder-run-a32a177d4325,0.00%,10.3MiB / 30.66GiB,0.03%,0B / 0B,123kB / 9.45MB,1
2026-07-31 11:30:45,glim,85.41%,479.3MiB / 30.66GiB,1.53%,0B / 0B,0B / 11.7MB,35
2026-07-31 11:30:45,ouster,6.84%,120.2MiB / 30.66GiB,0.38%,0B / 0B,0B / 3.07MB,30
2026-07-31 11:30:45,openzen,2.22%,34.28MiB / 30.66GiB,0.11%,0B / 0B,0B / 2.15MB,20
2026-07-31 11:30:45,domain_bridge,0.66%,76.87MiB / 30.66GiB,0.24%,0B / 0B,111kB / 5.22MB,28
2026-07-31 11:30:45,mapir-ffmpeg,0.11%,130.1MiB / 30.66GiB,0.41%,0B / 0B,0B / 1.49MB,33
2026-07-31 11:30:45,scovox,110.71%,1.207GiB / 30.66GiB,3.94%,0B / 0B,0B / 4.71MB,53
2026-07-31 11:30:45,nav2,7.50%,259.7MiB / 30.66GiB,0.83%,0B / 0B,53.2kB / 1.81MB,91
2026-07-31 11:30:48,trav_ros2,101.73%,391.5MiB / 30.66GiB,1.25%,0B / 0B,0B / 2.32MB,44
2026-07-31 11:30:48,docker-recorder-run-a32a177d4325,0.00%,10.3MiB / 30.66GiB,0.03%,0B / 0B,123kB / 9.45MB,1
2026-07-31 11:30:48,glim,86.54%,479.9MiB / 30.66GiB,1.53%,0B / 0B,0B / 11.7MB,35
2026-07-31 11:30:48,ouster,7.03%,120.1MiB / 30.66GiB,0.38%,0B / 0B,0B / 3.07MB,30
2026-07-31 11:30:48,openzen,2.23%,34.28MiB / 30.66GiB,0.11%,0B / 0B,0B / 2.15MB,20
2026-07-31 11:30:48,domain_bridge,1.47%,76.96MiB / 30.66GiB,0.25%,0B / 0B,111kB / 5.22MB,28
2026-07-31 11:30:48,mapir-ffmpeg,0.19%,129.3MiB / 30.66GiB,0.41%,0B / 0B,0B / 1.49MB,33
2026-07-31 11:30:48,scovox,118.57%,1.17GiB / 30.66GiB,3.82%,0B / 0B,0B / 4.71MB,53
2026-07-31 11:30:48,nav2,6.64%,260MiB / 30.66GiB,0.83%,0B / 0B,53.2kB / 1.82MB,91
2026-07-31 11:30:51,trav_ros2,101.28%,391.5MiB / 30.66GiB,1.25%,0B / 0B,0B / 2.32MB,44
2026-07-31 11:30:51,docker-recorder-run-a32a177d4325,0.00%,10.3MiB / 30.66GiB,0.03%,0B / 0B,123kB / 9.45MB,1
2026-07-31 11:30:51,glim,88.67%,480.1MiB / 30.66GiB,1.53%,0B / 0B,0B / 11.7MB,35
2026-07-31 11:30:51,ouster,6.93%,120.6MiB / 30.66GiB,0.38%,0B / 0B,0B / 3.07MB,30
2026-07-31 11:30:51,openzen,2.05%,34.5MiB / 30.66GiB,0.11%,0B / 0B,0B / 2.15MB,20
2026-07-31 11:30:51,domain_bridge,0.51%,77.29MiB / 30.66GiB,0.25%,0B / 0B,111kB / 5.22MB,28
2026-07-31 11:30:51,mapir-ffmpeg,0.17%,129.8MiB / 30.66GiB,0.41%,0B / 0B,0B / 1.49MB,33
2026-07-31 11:30:51,scovox,109.51%,1.211GiB / 30.66GiB,3.95%,0B / 0B,0B / 4.71MB,53
2026-07-31 11:30:51,nav2,7.79%,260.6MiB / 30.66GiB,0.83%,0B / 0B,53.2kB / 1.82MB,91
2026-07-31 11:30:54,trav_ros2,101.66%,391.2MiB / 30.66GiB,1.25%,0B / 0B,0B / 2.32MB,44
2026-07-31 11:30:54,docker-recorder-run-a32a177d4325,0.00%,10.3MiB / 30.66GiB,0.03%,0B / 0B,123kB / 9.45MB,1
2026-07-31 11:30:54,glim,87.38%,479.9MiB / 30.66GiB,1.53%,0B / 0B,0B / 11.7MB,35
2026-07-31 11:30:54,ouster,6.81%,120MiB / 30.66GiB,0.38%,0B / 0B,0B / 3.07MB,30
2026-07-31 11:30:54,openzen,2.04%,34.5MiB / 30.66GiB,0.11%,0B / 0B,0B / 2.15MB,20
2026-07-31 11:30:54,domain_bridge,0.62%,77.67MiB / 30.66GiB,0.25%,0B / 0B,111kB / 5.22MB,28
2026-07-31 11:30:54,mapir-ffmpeg,0.05%,129.6MiB / 30.66GiB,0.41%,0B / 0B,0B / 1.49MB,33
2026-07-31 11:30:54,scovox,122.35%,1.187GiB / 30.66GiB,3.87%,0B / 0B,0B / 4.71MB,53
2026-07-31 11:30:54,nav2,7.19%,259.3MiB / 30.66GiB,0.83%,0B / 0B,53.2kB / 1.82MB,91
2026-07-31 11:30:57,trav_ros2,101.75%,394MiB / 30.66GiB,1.25%,0B / 0B,0B / 2.32MB,44
2026-07-31 11:30:57,docker-recorder-run-a32a177d4325,0.00%,10.3MiB / 30.66GiB,0.03%,0B / 0B,123kB / 9.45MB,1
2026-07-31 11:30:57,glim,89.60%,479.8MiB / 30.66GiB,1.53%,0B / 0B,0B / 11.7MB,35
2026-07-31 11:30:57,ouster,7.01%,119.7MiB / 30.66GiB,0.38%,0B / 0B,0B / 3.07MB,30
2026-07-31 11:30:57,openzen,2.17%,35.28MiB / 30.66GiB,0.11%,0B / 0B,0B / 2.15MB,20
2026-07-31 11:30:57,domain_bridge,0.68%,77.77MiB / 30.66GiB,0.25%,0B / 0B,111kB / 5.22MB,28
2026-07-31 11:30:57,mapir-ffmpeg,0.16%,129.4MiB / 30.66GiB,0.41%,0B / 0B,0B / 1.49MB,33
2026-07-31 11:30:57,scovox,117.50%,1.208GiB / 30.66GiB,3.94%,0B / 0B,0B / 4.71MB,53
2026-07-31 11:30:57,nav2,6.22%,260.7MiB / 30.66GiB,0.83%,0B / 0B,53.2kB / 1.82MB,91
2026-07-31 11:31:00,trav_ros2,101.61%,390MiB / 30.66GiB,1.24%,0B / 0B,0B / 2.32MB,44
2026-07-31 11:31:00,docker-recorder-run-a32a177d4325,0.00%,10.3MiB / 30.66GiB,0.03%,0B / 0B,123kB / 9.45MB,1
2026-07-31 11:31:00,glim,90.15%,479.3MiB / 30.66GiB,1.53%,0B / 0B,0B / 11.7MB,35
2026-07-31 11:31:00,ouster,6.88%,120.5MiB / 30.66GiB,0.38%,0B / 0B,0B / 3.07MB,30
2026-07-31 11:31:00,openzen,2.24%,34.52MiB / 30.66GiB,0.11%,0B / 0B,0B / 2.15MB,20
2026-07-31 11:31:00,domain_bridge,0.74%,77.3MiB / 30.66GiB,0.25%,0B / 0B,111kB / 5.22MB,28
2026-07-31 11:31:00,mapir-ffmpeg,0.21%,129.6MiB / 30.66GiB,0.41%,0B / 0B,0B / 1.49MB,33
2026-07-31 11:31:00,scovox,110.75%,1.193GiB / 30.66GiB,3.89%,0B / 0B,0B / 4.71MB,53
2026-07-31 11:31:00,nav2,7.57%,259.9MiB / 30.66GiB,0.83%,0B / 0B,53.2kB / 1.82MB,91
2026-07-31 11:31:03,trav_ros2,101.81%,391MiB / 30.66GiB,1.25%,0B / 0B,0B / 2.32MB,44
2026-07-31 11:31:03,docker-recorder-run-a32a177d4325,0.00%,10.3MiB / 30.66GiB,0.03%,0B / 0B,123kB / 9.45MB,1
2026-07-31 11:31:03,glim,89.54%,479.4MiB / 30.66GiB,1.53%,0B / 0B,0B / 11.7MB,35
2026-07-31 11:31:03,ouster,7.53%,120.2MiB / 30.66GiB,0.38%,0B / 0B,0B / 3.07MB,30
2026-07-31 11:31:03,openzen,2.39%,34.04MiB / 30.66GiB,0.11%,0B / 0B,0B / 2.15MB,20
2026-07-31 11:31:03,domain_bridge,0.35%,77.56MiB / 30.66GiB,0.25%,0B / 0B,111kB / 5.22MB,28
2026-07-31 11:31:03,mapir-ffmpeg,0.16%,129.3MiB / 30.66GiB,0.41%,0B / 0B,0B / 1.49MB,33
2026-07-31 11:31:03,scovox,107.11%,1.226GiB / 30.66GiB,4.00%,0B / 0B,0B / 4.71MB,53
2026-07-31 11:31:03,nav2,7.68%,259.8MiB / 30.66GiB,0.83%,0B / 0B,53.2kB / 1.82MB,91
2026-07-31 11:31:06,trav_ros2,101.90%,379.7MiB / 30.66GiB,1.21%,0B / 0B,0B / 2.33MB,44
2026-07-31 11:31:06,docker-recorder-run-a32a177d4325,0.00%,10.3MiB / 30.66GiB,0.03%,0B / 0B,123kB / 9.45MB,1
2026-07-31 11:31:06,glim,27.53%,478.7MiB / 30.66GiB,1.52%,0B / 0B,0B / 11.7MB,35
2026-07-31 11:31:06,ouster,3.57%,119.8MiB / 30.66GiB,0.38%,0B / 0B,0B / 3.07MB,30
2026-07-31 11:31:06,openzen,2.10%,34.52MiB / 30.66GiB,0.11%,0B / 0B,0B / 2.15MB,20
2026-07-31 11:31:06,domain_bridge,0.77%,77.59MiB / 30.66GiB,0.25%,0B / 0B,111kB / 5.22MB,28
2026-07-31 11:31:06,mapir-ffmpeg,0.36%,129.6MiB / 30.66GiB,0.41%,0B / 0B,0B / 1.49MB,33
2026-07-31 11:31:06,scovox,110.80%,1.227GiB / 30.66GiB,4.00%,0B / 0B,0B / 4.71MB,53
2026-07-31 11:31:06,nav2,6.43%,261.3MiB / 30.66GiB,0.83%,0B / 0B,53.2kB / 1.82MB,91
2026-07-31 11:31:09,trav_ros2,101.70%,385.6MiB / 30.66GiB,1.23%,0B / 0B,0B / 2.33MB,44
2026-07-31 11:31:09,docker-recorder-run-a32a177d4325,0.00%,10.3MiB / 30.66GiB,0.03%,0B / 0B,123kB / 9.45MB,1
2026-07-31 11:31:09,glim,48.74%,479.6MiB / 30.66GiB,1.53%,0B / 0B,0B / 11.7MB,35
2026-07-31 11:31:09,ouster,6.67%,120MiB / 30.66GiB,0.38%,0B / 0B,0B / 3.07MB,30
2026-07-31 11:31:09,openzen,2.03%,34.04MiB / 30.66GiB,0.11%,0B / 0B,0B / 2.15MB,20
2026-07-31 11:31:09,domain_bridge,0.37%,77.11MiB / 30.66GiB,0.25%,0B / 0B,111kB / 5.22MB,28
2026-07-31 11:31:09,mapir-ffmpeg,0.05%,129.8MiB / 30.66GiB,0.41%,0B / 0B,0B / 1.49MB,33
2026-07-31 11:31:09,scovox,91.24%,1.227GiB / 30.66GiB,4.00%,0B / 0B,0B / 4.71MB,53
2026-07-31 11:31:09,nav2,6.50%,260.1MiB / 30.66GiB,0.83%,0B / 0B,53.2kB / 1.82MB,91
2026-07-31 11:31:13,trav_ros2,101.12%,394.7MiB / 30.66GiB,1.26%,0B / 0B,0B / 2.33MB,44
2026-07-31 11:31:13,docker-recorder-run-a32a177d4325,0.00%,10.3MiB / 30.66GiB,0.03%,0B / 0B,123kB / 9.45MB,1
2026-07-31 11:31:13,glim,87.95%,460.9MiB / 30.66GiB,1.47%,0B / 0B,0B / 11.7MB,35
2026-07-31 11:31:13,ouster,6.84%,119.8MiB / 30.66GiB,0.38%,0B / 0B,0B / 3.07MB,30
2026-07-31 11:31:13,openzen,2.03%,34.04MiB / 30.66GiB,0.11%,0B / 0B,0B / 2.15MB,20
2026-07-31 11:31:13,domain_bridge,1.24%,77.05MiB / 30.66GiB,0.25%,0B / 0B,111kB / 5.22MB,28
2026-07-31 11:31:13,mapir-ffmpeg,0.13%,129.6MiB / 30.66GiB,0.41%,0B / 0B,0B / 1.49MB,33
2026-07-31 11:31:13,scovox,97.61%,1.247GiB / 30.66GiB,4.07%,0B / 0B,0B / 4.71MB,53
2026-07-31 11:31:13,nav2,7.29%,259.8MiB / 30.66GiB,0.83%,0B / 0B,53.2kB / 1.82MB,91
2026-07-31 11:31:16,trav_ros2,101.43%,394.9MiB / 30.66GiB,1.26%,0B / 0B,0B / 2.33MB,44
2026-07-31 11:31:16,docker-recorder-run-a32a177d4325,0.00%,10.3MiB / 30.66GiB,0.03%,0B / 0B,123kB / 9.45MB,1
2026-07-31 11:31:16,glim,85.61%,461.3MiB / 30.66GiB,1.47%,0B / 0B,0B / 11.7MB,35
2026-07-31 11:31:16,ouster,6.84%,120.4MiB / 30.66GiB,0.38%,0B / 0B,0B / 3.07MB,30
2026-07-31 11:31:16,openzen,2.27%,34.78MiB / 30.66GiB,0.11%,0B / 0B,0B / 2.15MB,20
2026-07-31 11:31:16,domain_bridge,0.37%,76.91MiB / 30.66GiB,0.24%,0B / 0B,111kB / 5.22MB,28
2026-07-31 11:31:16,mapir-ffmpeg,0.21%,130.3MiB / 30.66GiB,0.41%,0B / 0B,0B / 1.49MB,33
2026-07-31 11:31:16,scovox,107.45%,1.291GiB / 30.66GiB,4.21%,0B / 0B,0B / 4.71MB,53
2026-07-31 11:31:16,nav2,7.38%,259.2MiB / 30.66GiB,0.83%,0B / 0B,53.2kB / 1.82MB,91
2026-07-31 11:31:19,trav_ros2,100.84%,387.4MiB / 30.66GiB,1.23%,0B / 0B,0B / 2.33MB,44
2026-07-31 11:31:19,docker-recorder-run-a32a177d4325,0.00%,10.3MiB / 30.66GiB,0.03%,0B / 0B,123kB / 9.45MB,1
2026-07-31 11:31:19,glim,7.85%,461.5MiB / 30.66GiB,1.47%,0B / 0B,0B / 11.7MB,35
2026-07-31 11:31:19,ouster,0.26%,119.9MiB / 30.66GiB,0.38%,0B / 0B,0B / 3.07MB,30
2026-07-31 11:31:19,openzen,1.88%,34.04MiB / 30.66GiB,0.11%,0B / 0B,0B / 2.15MB,20
2026-07-31 11:31:19,domain_bridge,0.68%,77.27MiB / 30.66GiB,0.25%,0B / 0B,111kB / 5.22MB,28
2026-07-31 11:31:19,mapir-ffmpeg,0.07%,130.1MiB / 30.66GiB,0.41%,0B / 0B,0B / 1.49MB,33
2026-07-31 11:31:19,scovox,110.62%,1.277GiB / 30.66GiB,4.17%,0B / 0B,0B / 4.74MB,53
2026-07-31 11:31:19,nav2,6.28%,259.3MiB / 30.66GiB,0.83%,0B / 0B,53.2kB / 1.82MB,91
2026-07-31 11:31:22,trav_ros2,40.47%,377.4MiB / 30.66GiB,1.20%,0B / 0B,0B / 2.33MB,44
2026-07-31 11:31:22,docker-recorder-run-a32a177d4325,0.00%,10.3MiB / 30.66GiB,0.03%,0B / 0B,123kB / 9.45MB,1
2026-07-31 11:31:22,glim,27.73%,461.1MiB / 30.66GiB,1.47%,0B / 0B,0B / 11.7MB,35
2026-07-31 11:31:22,ouster,3.63%,120.1MiB / 30.66GiB,0.38%,0B / 0B,0B / 3.07MB,30
2026-07-31 11:31:22,openzen,2.08%,34.81MiB / 30.66GiB,0.11%,0B / 0B,0B / 2.15MB,20
2026-07-31 11:31:22,domain_bridge,1.55%,77.15MiB / 30.66GiB,0.25%,0B / 0B,111kB / 5.22MB,28
2026-07-31 11:31:22,mapir-ffmpeg,0.41%,129.8MiB / 30.66GiB,0.41%,0B / 0B,0B / 1.49MB,33
2026-07-31 11:31:22,scovox,106.59%,1.306GiB / 30.66GiB,4.26%,0B / 0B,0B / 4.74MB,53
2026-07-31 11:31:22,nav2,5.97%,259.3MiB / 30.66GiB,0.83%,0B / 0B,53.2kB / 1.82MB,91
2026-07-31 11:31:25,trav_ros2,101.26%,389.3MiB / 30.66GiB,1.24%,0B / 0B,0B / 2.33MB,44
2026-07-31 11:31:25,docker-recorder-run-a32a177d4325,0.00%,10.3MiB / 30.66GiB,0.03%,0B / 0B,123kB / 9.45MB,1
2026-07-31 11:31:25,glim,24.93%,467.5MiB / 30.66GiB,1.49%,0B / 0B,0B / 11.7MB,35
2026-07-31 11:31:25,ouster,1.47%,120.8MiB / 30.66GiB,0.38%,0B / 0B,0B / 3.07MB,30
2026-07-31 11:31:25,openzen,1.89%,34.28MiB / 30.66GiB,0.11%,0B / 0B,0B / 2.15MB,20
2026-07-31 11:31:25,domain_bridge,0.48%,77.54MiB / 30.66GiB,0.25%,0B / 0B,111kB / 5.22MB,28
2026-07-31 11:31:25,mapir-ffmpeg,0.09%,129.8MiB / 30.66GiB,0.41%,0B / 0B,0B / 1.49MB,33
2026-07-31 11:31:25,scovox,4.47%,1.239GiB / 30.66GiB,4.04%,0B / 0B,0B / 4.74MB,53
2026-07-31 11:31:25,nav2,6.64%,259.3MiB / 30.66GiB,0.83%,0B / 0B,53.2kB / 1.84MB,91
2026-07-31 11:31:28,trav_ros2,101.59%,389.3MiB / 30.66GiB,1.24%,0B / 0B,0B / 2.33MB,44
2026-07-31 11:31:28,docker-recorder-run-a32a177d4325,0.00%,10.3MiB / 30.66GiB,0.03%,0B / 0B,123kB / 9.45MB,1
2026-07-31 11:31:28,glim,57.04%,468.1MiB / 30.66GiB,1.49%,0B / 0B,0B / 11.7MB,35
2026-07-31 11:31:28,ouster,4.46%,120.3MiB / 30.66GiB,0.38%,0B / 0B,0B / 3.07MB,30
2026-07-31 11:31:28,openzen,2.33%,34.28MiB / 30.66GiB,0.11%,0B / 0B,0B / 2.15MB,20
2026-07-31 11:31:28,domain_bridge,1.62%,77.16MiB / 30.66GiB,0.25%,0B / 0B,111kB / 5.22MB,28
2026-07-31 11:31:28,mapir-ffmpeg,0.22%,129.6MiB / 30.66GiB,0.41%,0B / 0B,0B / 1.49MB,33
2026-07-31 11:31:28,scovox,115.31%,1.266GiB / 30.66GiB,4.13%,0B / 0B,0B / 4.74MB,53
2026-07-31 11:31:28,nav2,7.37%,259MiB / 30.66GiB,0.82%,0B / 0B,53.2kB / 1.84MB,91
2026-07-31 11:31:31,trav_ros2,102.06%,395.8MiB / 30.66GiB,1.26%,0B / 0B,0B / 2.33MB,44
2026-07-31 11:31:31,docker-recorder-run-a32a177d4325,0.00%,10.3MiB / 30.66GiB,0.03%,0B / 0B,123kB / 9.45MB,1
2026-07-31 11:31:31,glim,88.60%,468.9MiB / 30.66GiB,1.49%,0B / 0B,0B / 11.7MB,35
2026-07-31 11:31:31,ouster,6.99%,120.5MiB / 30.66GiB,0.38%,0B / 0B,0B / 3.07MB,30
2026-07-31 11:31:31,openzen,2.41%,35.01MiB / 30.66GiB,0.11%,0B / 0B,0B / 2.15MB,20
2026-07-31 11:31:31,domain_bridge,0.75%,76.93MiB / 30.66GiB,0.25%,0B / 0B,111kB / 5.22MB,28
2026-07-31 11:31:31,mapir-ffmpeg,0.18%,129.8MiB / 30.66GiB,0.41%,0B / 0B,0B / 1.49MB,33
2026-07-31 11:31:31,scovox,116.42%,1.287GiB / 30.66GiB,4.20%,0B / 0B,0B / 4.74MB,53
2026-07-31 11:31:31,nav2,6.77%,260.4MiB / 30.66GiB,0.83%,0B / 0B,53.2kB / 1.84MB,91
2026-07-31 11:31:34,trav_ros2,101.69%,370.3MiB / 30.66GiB,1.18%,0B / 0B,0B / 2.33MB,44
2026-07-31 11:31:34,docker-recorder-run-a32a177d4325,0.00%,10.3MiB / 30.66GiB,0.03%,0B / 0B,123kB / 9.45MB,1
2026-07-31 11:31:34,glim,8.07%,468MiB / 30.66GiB,1.49%,0B / 0B,0B / 11.7MB,35
2026-07-31 11:31:34,ouster,0.22%,120.4MiB / 30.66GiB,0.38%,0B / 0B,0B / 3.07MB,30
2026-07-31 11:31:34,openzen,1.98%,34.52MiB / 30.66GiB,0.11%,0B / 0B,0B / 2.15MB,20
2026-07-31 11:31:34,domain_bridge,0.27%,77.89MiB / 30.66GiB,0.25%,0B / 0B,111kB / 5.22MB,28
2026-07-31 11:31:34,mapir-ffmpeg,0.03%,129.3MiB / 30.66GiB,0.41%,0B / 0B,0B / 1.49MB,33
2026-07-31 11:31:34,scovox,105.07%,1.319GiB / 30.66GiB,4.30%,0B / 0B,0B / 4.74MB,53
2026-07-31 11:31:34,nav2,6.31%,260.4MiB / 30.66GiB,0.83%,0B / 0B,53.2kB / 1.84MB,91
2026-07-31 11:31:37,trav_ros2,102.27%,392.8MiB / 30.66GiB,1.25%,0B / 0B,0B / 2.35MB,44
2026-07-31 11:31:37,docker-recorder-run-a32a177d4325,0.00%,10.3MiB / 30.66GiB,0.03%,0B / 0B,123kB / 9.45MB,1
2026-07-31 11:31:37,glim,82.78%,467.9MiB / 30.66GiB,1.49%,0B / 0B,0B / 11.7MB,35
2026-07-31 11:31:37,ouster,7.40%,120.2MiB / 30.66GiB,0.38%,0B / 0B,0B / 3.07MB,30
2026-07-31 11:31:37,openzen,2.24%,34.29MiB / 30.66GiB,0.11%,0B / 0B,0B / 2.15MB,20
2026-07-31 11:31:37,domain_bridge,1.74%,76.71MiB / 30.66GiB,0.24%,0B / 0B,111kB / 5.22MB,28
2026-07-31 11:31:37,mapir-ffmpeg,0.18%,129.8MiB / 30.66GiB,0.41%,0B / 0B,0B / 1.49MB,33
2026-07-31 11:31:37,scovox,128.43%,1.298GiB / 30.66GiB,4.23%,0B / 0B,0B / 4.74MB,53
2026-07-31 11:31:37,nav2,6.67%,259.8MiB / 30.66GiB,0.83%,0B / 0B,53.2kB / 1.84MB,91
2026-07-31 11:31:40,trav_ros2,101.66%,389.1MiB / 30.66GiB,1.24%,0B / 0B,0B / 2.35MB,44
2026-07-31 11:31:40,docker-recorder-run-a32a177d4325,0.00%,10.3MiB / 30.66GiB,0.03%,0B / 0B,123kB / 9.45MB,1
2026-07-31 11:31:40,glim,89.27%,469.2MiB / 30.66GiB,1.49%,0B / 0B,0B / 11.7MB,35
2026-07-31 11:31:40,ouster,7.12%,119.9MiB / 30.66GiB,0.38%,0B / 0B,0B / 3.07MB,30
2026-07-31 11:31:40,openzen,2.35%,34.77MiB / 30.66GiB,0.11%,0B / 0B,0B / 2.15MB,20
2026-07-31 11:31:40,domain_bridge,0.81%,76.95MiB / 30.66GiB,0.25%,0B / 0B,111kB / 5.22MB,28
2026-07-31 11:31:40,mapir-ffmpeg,0.13%,129.8MiB / 30.66GiB,0.41%,0B / 0B,0B / 1.49MB,33
2026-07-31 11:31:40,scovox,115.02%,1.274GiB / 30.66GiB,4.15%,0B / 0B,0B / 4.74MB,53
2026-07-31 11:31:40,nav2,7.37%,259.8MiB / 30.66GiB,0.83%,0B / 0B,53.2kB / 1.84MB,91
2026-07-31 11:31:43,trav_ros2,100.96%,386.1MiB / 30.66GiB,1.23%,0B / 0B,0B / 2.35MB,44
2026-07-31 11:31:43,docker-recorder-run-a32a177d4325,0.00%,10.3MiB / 30.66GiB,0.03%,0B / 0B,123kB / 9.45MB,1
2026-07-31 11:31:43,glim,88.47%,468.2MiB / 30.66GiB,1.49%,0B / 0B,0B / 11.7MB,35
2026-07-31 11:31:43,ouster,6.95%,119.8MiB / 30.66GiB,0.38%,0B / 0B,0B / 3.07MB,30
2026-07-31 11:31:43,openzen,2.14%,34.28MiB / 30.66GiB,0.11%,0B / 0B,0B / 2.15MB,20
2026-07-31 11:31:43,domain_bridge,0.37%,77.45MiB / 30.66GiB,0.25%,0B / 0B,111kB / 5.22MB,28
2026-07-31 11:31:43,mapir-ffmpeg,0.16%,129.8MiB / 30.66GiB,0.41%,0B / 0B,0B / 1.49MB,33
2026-07-31 11:31:43,scovox,105.29%,1.316GiB / 30.66GiB,4.29%,0B / 0B,0B / 4.74MB,53
2026-07-31 11:31:43,nav2,7.44%,259.3MiB / 30.66GiB,0.83%,0B / 0B,53.2kB / 1.84MB,91
2026-07-31 11:31:46,trav_ros2,101.40%,396.3MiB / 30.66GiB,1.26%,0B / 0B,0B / 2.35MB,44
2026-07-31 11:31:46,docker-recorder-run-a32a177d4325,0.00%,10.3MiB / 30.66GiB,0.03%,0B / 0B,123kB / 9.45MB,1
2026-07-31 11:31:46,glim,89.78%,467.4MiB / 30.66GiB,1.49%,0B / 0B,0B / 11.7MB,35
2026-07-31 11:31:46,ouster,7.16%,119.7MiB / 30.66GiB,0.38%,0B / 0B,0B / 3.07MB,30
2026-07-31 11:31:46,openzen,2.16%,34.55MiB / 30.66GiB,0.11%,0B / 0B,0B / 2.15MB,20
2026-07-31 11:31:46,domain_bridge,0.69%,77.24MiB / 30.66GiB,0.25%,0B / 0B,111kB / 5.22MB,28
2026-07-31 11:31:46,mapir-ffmpeg,0.40%,130.3MiB / 30.66GiB,0.42%,0B / 0B,0B / 1.49MB,33
2026-07-31 11:31:46,scovox,124.54%,1.303GiB / 30.66GiB,4.25%,0B / 0B,0B / 4.74MB,53
2026-07-31 11:31:46,nav2,7.31%,260.2MiB / 30.66GiB,0.83%,0B / 0B,53.2kB / 1.84MB,91
2026-07-31 11:31:49,trav_ros2,101.23%,395.5MiB / 30.66GiB,1.26%,0B / 0B,0B / 2.35MB,44
2026-07-31 11:31:49,docker-recorder-run-a32a177d4325,0.00%,10.3MiB / 30.66GiB,0.03%,0B / 0B,123kB / 9.45MB,1
2026-07-31 11:31:49,glim,8.73%,468.4MiB / 30.66GiB,1.49%,0B / 0B,0B / 11.7MB,35
2026-07-31 11:31:49,ouster,0.25%,119.6MiB / 30.66GiB,0.38%,0B / 0B,0B / 3.07MB,30
2026-07-31 11:31:49,openzen,2.01%,34.28MiB / 30.66GiB,0.11%,0B / 0B,0B / 2.15MB,20
2026-07-31 11:31:49,domain_bridge,0.36%,77.13MiB / 30.66GiB,0.25%,0B / 0B,111kB / 5.22MB,28
2026-07-31 11:31:49,mapir-ffmpeg,0.03%,129.8MiB / 30.66GiB,0.41%,0B / 0B,0B / 1.49MB,33
2026-07-31 11:31:49,scovox,117.71%,1.313GiB / 30.66GiB,4.28%,0B / 0B,0B / 4.74MB,53
2026-07-31 11:31:49,nav2,6.43%,259.4MiB / 30.66GiB,0.83%,0B / 0B,53.2kB / 1.84MB,91
2026-07-31 11:31:52,trav_ros2,0.61%,363.8MiB / 30.66GiB,1.16%,0B / 0B,0B / 2.35MB,44
2026-07-31 11:31:52,docker-recorder-run-a32a177d4325,0.00%,10.3MiB / 30.66GiB,0.03%,0B / 0B,123kB / 9.45MB,1
2026-07-31 11:31:52,glim,8.89%,467.8MiB / 30.66GiB,1.49%,0B / 0B,0B / 11.7MB,35
2026-07-31 11:31:52,ouster,0.31%,119.6MiB / 30.66GiB,0.38%,0B / 0B,0B / 3.07MB,30
2026-07-31 11:31:52,openzen,2.11%,34.53MiB / 30.66GiB,0.11%,0B / 0B,0B / 2.15MB,20
2026-07-31 11:31:52,domain_bridge,1.65%,77.94MiB / 30.66GiB,0.25%,0B / 0B,111kB / 5.22MB,28
2026-07-31 11:31:52,mapir-ffmpeg,0.14%,129.4MiB / 30.66GiB,0.41%,0B / 0B,0B / 1.5MB,33
2026-07-31 11:31:52,scovox,123.96%,1.331GiB / 30.66GiB,4.34%,0B / 0B,0B / 4.74MB,53
2026-07-31 11:31:52,nav2,4.45%,259.1MiB / 30.66GiB,0.83%,0B / 0B,53.2kB / 1.84MB,91
2026-07-31 11:31:56,trav_ros2,101.20%,392.5MiB / 30.66GiB,1.25%,0B / 0B,0B / 2.35MB,44
2026-07-31 11:31:56,docker-recorder-run-a32a177d4325,0.00%,10.3MiB / 30.66GiB,0.03%,0B / 0B,123kB / 9.45MB,1
2026-07-31 11:31:56,glim,94.46%,446.3MiB / 30.66GiB,1.42%,0B / 0B,0B / 11.7MB,35
2026-07-31 11:31:56,ouster,7.20%,120MiB / 30.66GiB,0.38%,0B / 0B,0B / 3.07MB,30
2026-07-31 11:31:56,openzen,2.16%,34.06MiB / 30.66GiB,0.11%,0B / 0B,0B / 2.15MB,20
2026-07-31 11:31:56,domain_bridge,0.48%,77.33MiB / 30.66GiB,0.25%,0B / 0B,111kB / 5.22MB,28
2026-07-31 11:31:56,mapir-ffmpeg,0.21%,129.9MiB / 30.66GiB,0.41%,0B / 0B,0B / 1.5MB,33
2026-07-31 11:31:56,scovox,17.00%,1.295GiB / 30.66GiB,4.22%,0B / 0B,0B / 4.77MB,53
2026-07-31 11:31:56,nav2,4.18%,259.7MiB / 30.66GiB,0.83%,0B / 0B,53.2kB / 1.84MB,91
2026-07-31 11:31:59,trav_ros2,101.58%,389.7MiB / 30.66GiB,1.24%,0B / 0B,0B / 2.35MB,44
2026-07-31 11:31:59,docker-recorder-run-a32a177d4325,0.00%,10.3MiB / 30.66GiB,0.03%,0B / 0B,123kB / 9.45MB,1
2026-07-31 11:31:59,glim,43.56%,446.1MiB / 30.66GiB,1.42%,0B / 0B,0B / 11.7MB,35
2026-07-31 11:31:59,ouster,0.26%,119.8MiB / 30.66GiB,0.38%,0B / 0B,0B / 3.07MB,30
2026-07-31 11:31:59,openzen,1.98%,34.04MiB / 30.66GiB,0.11%,0B / 0B,0B / 2.15MB,20
2026-07-31 11:31:59,domain_bridge,0.36%,77.38MiB / 30.66GiB,0.25%,0B / 0B,111kB / 5.22MB,28
2026-07-31 11:31:59,mapir-ffmpeg,0.08%,129.4MiB / 30.66GiB,0.41%,0B / 0B,0B / 1.5MB,33
2026-07-31 11:31:59,scovox,12.12%,1.296GiB / 30.66GiB,4.23%,0B / 0B,0B / 4.77MB,53
2026-07-31 11:31:59,nav2,5.90%,259.2MiB / 30.66GiB,0.83%,0B / 0B,53.2kB / 1.86MB,91
2026-07-31 11:32:02,trav_ros2,102.01%,390.9MiB / 30.66GiB,1.24%,0B / 0B,0B / 2.35MB,44
2026-07-31 11:32:02,docker-recorder-run-a32a177d4325,0.00%,10.3MiB / 30.66GiB,0.03%,0B / 0B,123kB / 9.45MB,1
2026-07-31 11:32:02,glim,7.69%,445.4MiB / 30.66GiB,1.42%,0B / 0B,0B / 11.7MB,35
2026-07-31 11:32:02,ouster,0.58%,119.5MiB / 30.66GiB,0.38%,0B / 0B,0B / 3.07MB,30
2026-07-31 11:32:02,openzen,2.25%,34.52MiB / 30.66GiB,0.11%,0B / 0B,0B / 2.15MB,20
2026-07-31 11:32:02,domain_bridge,1.17%,77.83MiB / 30.66GiB,0.25%,0B / 0B,111kB / 5.22MB,28
2026-07-31 11:32:02,mapir-ffmpeg,0.39%,129.8MiB / 30.66GiB,0.41%,0B / 0B,0B / 1.5MB,33
2026-07-31 11:32:02,scovox,113.55%,1.308GiB / 30.66GiB,4.27%,0B / 0B,0B / 4.77MB,53
2026-07-31 11:32:02,nav2,6.38%,259.2MiB / 30.66GiB,0.83%,0B / 0B,53.2kB / 1.86MB,91
2026-07-31 11:32:05,trav_ros2,102.18%,389.8MiB / 30.66GiB,1.24%,0B / 0B,0B / 2.35MB,44
2026-07-31 11:32:05,docker-recorder-run-a32a177d4325,0.00%,10.3MiB / 30.66GiB,0.03%,0B / 0B,123kB / 9.45MB,1
2026-07-31 11:32:05,glim,84.43%,449.1MiB / 30.66GiB,1.43%,0B / 0B,0B / 11.7MB,35
2026-07-31 11:32:05,ouster,7.01%,119.9MiB / 30.66GiB,0.38%,0B / 0B,0B / 3.07MB,30
2026-07-31 11:32:05,openzen,2.33%,34.27MiB / 30.66GiB,0.11%,0B / 0B,0B / 2.15MB,20
2026-07-31 11:32:05,domain_bridge,1.16%,77.3MiB / 30.66GiB,0.25%,0B / 0B,111kB / 5.22MB,28
2026-07-31 11:32:05,mapir-ffmpeg,0.12%,130.1MiB / 30.66GiB,0.41%,0B / 0B,0B / 1.5MB,33
2026-07-31 11:32:05,scovox,117.22%,1.358GiB / 30.66GiB,4.43%,0B / 0B,0B / 4.77MB,53
2026-07-31 11:32:05,nav2,7.09%,260.2MiB / 30.66GiB,0.83%,0B / 0B,53.2kB / 1.86MB,91
2026-07-31 11:32:08,trav_ros2,102.19%,431.3MiB / 30.66GiB,1.37%,0B / 0B,0B / 2.37MB,44
2026-07-31 11:32:08,docker-recorder-run-a32a177d4325,0.00%,10.3MiB / 30.66GiB,0.03%,0B / 0B,123kB / 9.45MB,1
2026-07-31 11:32:08,glim,84.35%,460.9MiB / 30.66GiB,1.47%,0B / 0B,0B / 11.7MB,35
2026-07-31 11:32:08,ouster,6.96%,119.6MiB / 30.66GiB,0.38%,0B / 0B,0B / 3.07MB,30
2026-07-31 11:32:08,openzen,2.34%,34.04MiB / 30.66GiB,0.11%,0B / 0B,0B / 2.15MB,20
2026-07-31 11:32:08,domain_bridge,1.79%,77.54MiB / 30.66GiB,0.25%,0B / 0B,111kB / 5.22MB,28
2026-07-31 11:32:08,mapir-ffmpeg,0.25%,129.1MiB / 30.66GiB,0.41%,0B / 0B,0B / 1.5MB,33
2026-07-31 11:32:08,scovox,124.40%,1.308GiB / 30.66GiB,4.26%,0B / 0B,0B / 4.77MB,53
2026-07-31 11:32:08,nav2,6.98%,259MiB / 30.66GiB,0.82%,0B / 0B,53.2kB / 1.86MB,91
2026-07-31 11:32:11,trav_ros2,101.47%,390.5MiB / 30.66GiB,1.24%,0B / 0B,0B / 2.37MB,44
2026-07-31 11:32:11,docker-recorder-run-a32a177d4325,0.00%,10.3MiB / 30.66GiB,0.03%,0B / 0B,123kB / 9.45MB,1
2026-07-31 11:32:11,glim,89.32%,462.7MiB / 30.66GiB,1.47%,0B / 0B,0B / 11.7MB,35
2026-07-31 11:32:11,ouster,7.87%,120.5MiB / 30.66GiB,0.38%,0B / 0B,0B / 3.07MB,30
2026-07-31 11:32:11,openzen,2.18%,34.28MiB / 30.66GiB,0.11%,0B / 0B,0B / 2.15MB,20
2026-07-31 11:32:11,domain_bridge,3.39%,77.5MiB / 30.66GiB,0.25%,0B / 0B,111kB / 5.22MB,28
2026-07-31 11:32:11,mapir-ffmpeg,0.21%,129.6MiB / 30.66GiB,0.41%,0B / 0B,0B / 1.5MB,33
2026-07-31 11:32:11,scovox,104.84%,1.364GiB / 30.66GiB,4.45%,0B / 0B,0B / 4.77MB,53
2026-07-31 11:32:11,nav2,6.88%,259.9MiB / 30.66GiB,0.83%,0B / 0B,53.2kB / 1.86MB,91
2026-07-31 11:32:14,trav_ros2,101.46%,390MiB / 30.66GiB,1.24%,0B / 0B,0B / 2.37MB,44
2026-07-31 11:32:14,docker-recorder-run-a32a177d4325,0.00%,10.3MiB / 30.66GiB,0.03%,0B / 0B,123kB / 9.45MB,1
2026-07-31 11:32:14,glim,84.97%,463.4MiB / 30.66GiB,1.48%,0B / 0B,0B / 11.7MB,35
2026-07-31 11:32:14,ouster,6.75%,120.3MiB / 30.66GiB,0.38%,0B / 0B,0B / 3.07MB,30
2026-07-31 11:32:14,openzen,2.08%,34.04MiB / 30.66GiB,0.11%,0B / 0B,0B / 2.15MB,20
2026-07-31 11:32:14,domain_bridge,0.97%,77.82MiB / 30.66GiB,0.25%,0B / 0B,111kB / 5.22MB,28
2026-07-31 11:32:14,mapir-ffmpeg,0.05%,129.1MiB / 30.66GiB,0.41%,0B / 0B,0B / 1.5MB,33
2026-07-31 11:32:14,scovox,115.38%,1.364GiB / 30.66GiB,4.45%,0B / 0B,0B / 4.77MB,53
2026-07-31 11:32:14,nav2,7.26%,259.4MiB / 30.66GiB,0.83%,0B / 0B,53.2kB / 1.86MB,91
2026-07-31 11:32:17,trav_ros2,101.27%,390.1MiB / 30.66GiB,1.24%,0B / 0B,0B / 2.37MB,44
2026-07-31 11:32:17,docker-recorder-run-a32a177d4325,0.00%,10.3MiB / 30.66GiB,0.03%,0B / 0B,123kB / 9.45MB,1
2026-07-31 11:32:17,glim,84.01%,464.7MiB / 30.66GiB,1.48%,0B / 0B,0B / 11.7MB,35
2026-07-31 11:32:17,ouster,6.86%,119.9MiB / 30.66GiB,0.38%,0B / 0B,0B / 3.07MB,30
2026-07-31 11:32:17,openzen,2.09%,34.05MiB / 30.66GiB,0.11%,0B / 0B,0B / 2.15MB,20
2026-07-31 11:32:17,domain_bridge,0.85%,77.33MiB / 30.66GiB,0.25%,0B / 0B,111kB / 5.22MB,28
2026-07-31 11:32:17,mapir-ffmpeg,0.13%,129.9MiB / 30.66GiB,0.41%,0B / 0B,0B / 1.5MB,33
2026-07-31 11:32:17,scovox,104.65%,1.387GiB / 30.66GiB,4.52%,0B / 0B,0B / 4.77MB,53
2026-07-31 11:32:17,nav2,6.80%,259.3MiB / 30.66GiB,0.83%,0B / 0B,53.2kB / 1.86MB,91
2026-07-31 11:32:20,trav_ros2,101.06%,390.3MiB / 30.66GiB,1.24%,0B / 0B,0B / 2.37MB,44
2026-07-31 11:32:20,docker-recorder-run-a32a177d4325,0.00%,10.3MiB / 30.66GiB,0.03%,0B / 0B,123kB / 9.45MB,1
2026-07-31 11:32:20,glim,85.77%,465.4MiB / 30.66GiB,1.48%,0B / 0B,0B / 11.7MB,35
2026-07-31 11:32:20,ouster,7.00%,120.1MiB / 30.66GiB,0.38%,0B / 0B,0B / 3.07MB,30
2026-07-31 11:32:20,openzen,2.27%,34.54MiB / 30.66GiB,0.11%,0B / 0B,0B / 2.15MB,20
2026-07-31 11:32:20,domain_bridge,0.88%,77.12MiB / 30.66GiB,0.25%,0B / 0B,111kB / 5.22MB,28
2026-07-31 11:32:20,mapir-ffmpeg,0.15%,129.1MiB / 30.66GiB,0.41%,0B / 0B,0B / 1.5MB,33
2026-07-31 11:32:20,scovox,116.68%,1.388GiB / 30.66GiB,4.53%,0B / 0B,0B / 4.77MB,53
2026-07-31 11:32:20,nav2,7.67%,259.8MiB / 30.66GiB,0.83%,0B / 0B,53.2kB / 1.86MB,91
2026-07-31 11:32:23,trav_ros2,101.45%,395.1MiB / 30.66GiB,1.26%,0B / 0B,0B / 2.37MB,44
2026-07-31 11:32:23,docker-recorder-run-a32a177d4325,0.00%,10.3MiB / 30.66GiB,0.03%,0B / 0B,123kB / 9.45MB,1
2026-07-31 11:32:23,glim,86.03%,464.6MiB / 30.66GiB,1.48%,0B / 0B,0B / 11.7MB,35
2026-07-31 11:32:23,ouster,7.46%,120.8MiB / 30.66GiB,0.38%,0B / 0B,0B / 3.07MB,30
2026-07-31 11:32:23,openzen,2.28%,34.28MiB / 30.66GiB,0.11%,0B / 0B,0B / 2.15MB,20
2026-07-31 11:32:23,domain_bridge,0.36%,77.71MiB / 30.66GiB,0.25%,0B / 0B,111kB / 5.22MB,28
2026-07-31 11:32:23,mapir-ffmpeg,0.22%,129.4MiB / 30.66GiB,0.41%,0B / 0B,0B / 1.5MB,33
2026-07-31 11:32:23,scovox,106.74%,1.374GiB / 30.66GiB,4.48%,0B / 0B,0B / 4.77MB,53
2026-07-31 11:32:23,nav2,7.06%,259.5MiB / 30.66GiB,0.83%,0B / 0B,53.2kB / 1.86MB,91
2026-07-31 11:32:26,trav_ros2,101.56%,397.7MiB / 30.66GiB,1.27%,0B / 0B,0B / 2.37MB,44
2026-07-31 11:32:26,docker-recorder-run-a32a177d4325,0.00%,10.3MiB / 30.66GiB,0.03%,0B / 0B,123kB / 9.45MB,1
2026-07-31 11:32:26,glim,83.89%,465.4MiB / 30.66GiB,1.48%,0B / 0B,0B / 11.7MB,35
2026-07-31 11:32:26,ouster,7.84%,120MiB / 30.66GiB,0.38%,0B / 0B,0B / 3.07MB,30
2026-07-31 11:32:26,openzen,2.27%,34.53MiB / 30.66GiB,0.11%,0B / 0B,0B / 2.15MB,20
2026-07-31 11:32:26,domain_bridge,0.69%,77.82MiB / 30.66GiB,0.25%,0B / 0B,111kB / 5.22MB,28
2026-07-31 11:32:26,mapir-ffmpeg,0.41%,129.6MiB / 30.66GiB,0.41%,0B / 0B,0B / 1.5MB,33
2026-07-31 11:32:26,scovox,110.92%,1.351GiB / 30.66GiB,4.41%,0B / 0B,0B / 4.77MB,53
2026-07-31 11:32:26,nav2,7.78%,260.5MiB / 30.66GiB,0.83%,0B / 0B,53.2kB / 1.86MB,91
2026-07-31 11:32:29,trav_ros2,101.54%,396MiB / 30.66GiB,1.26%,0B / 0B,0B / 2.37MB,44
2026-07-31 11:32:29,docker-recorder-run-a32a177d4325,0.00%,10.3MiB / 30.66GiB,0.03%,0B / 0B,123kB / 9.45MB,1
2026-07-31 11:32:29,glim,85.67%,465.3MiB / 30.66GiB,1.48%,0B / 0B,0B / 11.7MB,35
2026-07-31 11:32:29,ouster,6.77%,120.1MiB / 30.66GiB,0.38%,0B / 0B,0B / 3.07MB,30
2026-07-31 11:32:29,openzen,2.17%,34.53MiB / 30.66GiB,0.11%,0B / 0B,0B / 2.15MB,20
2026-07-31 11:32:29,domain_bridge,0.31%,77.66MiB / 30.66GiB,0.25%,0B / 0B,111kB / 5.22MB,28
2026-07-31 11:32:29,mapir-ffmpeg,0.05%,129.1MiB / 30.66GiB,0.41%,0B / 0B,0B / 1.5MB,33
2026-07-31 11:32:29,scovox,106.29%,1.405GiB / 30.66GiB,4.58%,0B / 0B,0B / 4.8MB,53
2026-07-31 11:32:29,nav2,7.24%,259MiB / 30.66GiB,0.82%,0B / 0B,53.2kB / 1.86MB,91
2026-07-31 11:32:32,trav_ros2,101.67%,407.3MiB / 30.66GiB,1.30%,0B / 0B,0B / 2.37MB,44
2026-07-31 11:32:32,docker-recorder-run-a32a177d4325,0.00%,10.3MiB / 30.66GiB,0.03%,0B / 0B,123kB / 9.45MB,1
2026-07-31 11:32:32,glim,83.47%,466.1MiB / 30.66GiB,1.48%,0B / 0B,0B / 11.7MB,35
2026-07-31 11:32:32,ouster,6.86%,120.5MiB / 30.66GiB,0.38%,0B / 0B,0B / 3.07MB,30
2026-07-31 11:32:32,openzen,2.16%,34.53MiB / 30.66GiB,0.11%,0B / 0B,0B / 2.15MB,20
2026-07-31 11:32:32,domain_bridge,2.20%,77.19MiB / 30.66GiB,0.25%,0B / 0B,111kB / 5.22MB,28
2026-07-31 11:32:32,mapir-ffmpeg,0.14%,129.1MiB / 30.66GiB,0.41%,0B / 0B,0B / 1.5MB,33
2026-07-31 11:32:32,scovox,111.99%,1.375GiB / 30.66GiB,4.49%,0B / 0B,0B / 4.8MB,53
2026-07-31 11:32:32,nav2,7.02%,258.8MiB / 30.66GiB,0.82%,0B / 0B,53.2kB / 1.87MB,91
2026-07-31 11:32:36,trav_ros2,101.90%,396.4MiB / 30.66GiB,1.26%,0B / 0B,0B / 2.37MB,44
2026-07-31 11:32:36,docker-recorder-run-a32a177d4325,0.00%,10.3MiB / 30.66GiB,0.03%,0B / 0B,123kB / 9.45MB,1
2026-07-31 11:32:36,glim,83.75%,466.5MiB / 30.66GiB,1.49%,0B / 0B,0B / 11.7MB,35
2026-07-31 11:32:36,ouster,7.04%,119.9MiB / 30.66GiB,0.38%,0B / 0B,0B / 3.07MB,30
2026-07-31 11:32:36,openzen,2.29%,34.28MiB / 30.66GiB,0.11%,0B / 0B,0B / 2.15MB,20
2026-07-31 11:32:36,domain_bridge,1.39%,77.64MiB / 30.66GiB,0.25%,0B / 0B,111kB / 5.22MB,28
2026-07-31 11:32:36,mapir-ffmpeg,0.21%,130.1MiB / 30.66GiB,0.41%,0B / 0B,0B / 1.5MB,33
2026-07-31 11:32:36,scovox,106.97%,1.386GiB / 30.66GiB,4.52%,0B / 0B,0B / 4.8MB,53
2026-07-31 11:32:36,nav2,7.77%,259.3MiB / 30.66GiB,0.83%,0B / 0B,53.2kB / 1.87MB,91
2026-07-31 11:32:39,trav_ros2,101.38%,396.3MiB / 30.66GiB,1.26%,0B / 0B,0B / 2.38MB,44
2026-07-31 11:32:39,docker-recorder-run-a32a177d4325,0.00%,10.3MiB / 30.66GiB,0.03%,0B / 0B,123kB / 9.45MB,1
2026-07-31 11:32:39,glim,85.53%,468.8MiB / 30.66GiB,1.49%,0B / 0B,0B / 11.7MB,35
2026-07-31 11:32:39,ouster,7.06%,120.2MiB / 30.66GiB,0.38%,0B / 0B,0B / 3.07MB,30
2026-07-31 11:32:39,openzen,2.10%,34.04MiB / 30.66GiB,0.11%,0B / 0B,0B / 2.15MB,20
2026-07-31 11:32:39,domain_bridge,0.32%,77.57MiB / 30.66GiB,0.25%,0B / 0B,111kB / 5.22MB,28
2026-07-31 11:32:39,mapir-ffmpeg,0.08%,129.8MiB / 30.66GiB,0.41%,0B / 0B,0B / 1.5MB,33
2026-07-31 11:32:39,scovox,110.89%,1.363GiB / 30.66GiB,4.45%,0B / 0B,0B / 4.8MB,53
2026-07-31 11:32:39,nav2,6.90%,259.3MiB / 30.66GiB,0.83%,0B / 0B,53.2kB / 1.87MB,91
2026-07-31 11:32:42,trav_ros2,101.20%,396.2MiB / 30.66GiB,1.26%,0B / 0B,0B / 2.38MB,44
2026-07-31 11:32:42,docker-recorder-run-a32a177d4325,0.00%,10.3MiB / 30.66GiB,0.03%,0B / 0B,123kB / 9.45MB,1
2026-07-31 11:32:42,glim,82.76%,468.5MiB / 30.66GiB,1.49%,0B / 0B,0B / 11.7MB,35
2026-07-31 11:32:42,ouster,7.13%,120.6MiB / 30.66GiB,0.38%,0B / 0B,0B / 3.07MB,30
2026-07-31 11:32:42,openzen,2.27%,34.29MiB / 30.66GiB,0.11%,0B / 0B,0B / 2.15MB,20
2026-07-31 11:32:42,domain_bridge,0.75%,77.52MiB / 30.66GiB,0.25%,0B / 0B,111kB / 5.22MB,28
2026-07-31 11:32:42,mapir-ffmpeg,0.37%,129.6MiB / 30.66GiB,0.41%,0B / 0B,0B / 1.5MB,33
2026-07-31 11:32:42,scovox,106.90%,1.339GiB / 30.66GiB,4.37%,0B / 0B,0B / 4.8MB,53
2026-07-31 11:32:42,nav2,7.88%,261MiB / 30.66GiB,0.83%,0B / 0B,53.2kB / 1.87MB,91
2026-07-31 11:32:45,trav_ros2,101.48%,396.5MiB / 30.66GiB,1.26%,0B / 0B,0B / 2.38MB,44
2026-07-31 11:32:45,docker-recorder-run-a32a177d4325,0.00%,10.3MiB / 30.66GiB,0.03%,0B / 0B,123kB / 9.45MB,1
2026-07-31 11:32:45,glim,84.97%,468.7MiB / 30.66GiB,1.49%,0B / 0B,0B / 11.7MB,35
2026-07-31 11:32:45,ouster,6.86%,120.5MiB / 30.66GiB,0.38%,0B / 0B,0B / 3.07MB,30
2026-07-31 11:32:45,openzen,2.17%,34.04MiB / 30.66GiB,0.11%,0B / 0B,0B / 2.15MB,20
2026-07-31 11:32:45,domain_bridge,0.33%,77.45MiB / 30.66GiB,0.25%,0B / 0B,111kB / 5.22MB,28
2026-07-31 11:32:45,mapir-ffmpeg,0.10%,129.1MiB / 30.66GiB,0.41%,0B / 0B,0B / 1.5MB,33
2026-07-31 11:32:45,scovox,111.08%,1.375GiB / 30.66GiB,4.48%,0B / 0B,0B / 4.8MB,53
2026-07-31 11:32:45,nav2,7.48%,260.1MiB / 30.66GiB,0.83%,0B / 0B,53.2kB / 1.87MB,91
2026-07-31 11:32:48,trav_ros2,101.15%,404.5MiB / 30.66GiB,1.29%,0B / 0B,0B / 2.38MB,44
2026-07-31 11:32:48,docker-recorder-run-a32a177d4325,0.00%,10.3MiB / 30.66GiB,0.03%,0B / 0B,123kB / 9.45MB,1
2026-07-31 11:32:48,glim,85.62%,469MiB / 30.66GiB,1.49%,0B / 0B,0B / 11.7MB,35
2026-07-31 11:32:48,ouster,6.82%,120.4MiB / 30.66GiB,0.38%,0B / 0B,0B / 3.07MB,30
2026-07-31 11:32:48,openzen,2.33%,34.04MiB / 30.66GiB,0.11%,0B / 0B,0B / 2.15MB,20
2026-07-31 11:32:48,domain_bridge,0.90%,78.04MiB / 30.66GiB,0.25%,0B / 0B,111kB / 5.22MB,28
2026-07-31 11:32:48,mapir-ffmpeg,0.10%,129.1MiB / 30.66GiB,0.41%,0B / 0B,0B / 1.5MB,33
2026-07-31 11:32:48,scovox,106.00%,1.386GiB / 30.66GiB,4.52%,0B / 0B,0B / 4.8MB,53
2026-07-31 11:32:48,nav2,6.74%,259.5MiB / 30.66GiB,0.83%,0B / 0B,53.2kB / 1.87MB,91
2026-07-31 11:32:51,trav_ros2,101.20%,395.6MiB / 30.66GiB,1.26%,0B / 0B,0B / 2.38MB,44
2026-07-31 11:32:51,docker-recorder-run-a32a177d4325,0.00%,10.3MiB / 30.66GiB,0.03%,0B / 0B,123kB / 9.45MB,1
2026-07-31 11:32:51,glim,86.14%,468.4MiB / 30.66GiB,1.49%,0B / 0B,0B / 11.7MB,35
2026-07-31 11:32:51,ouster,7.04%,120.7MiB / 30.66GiB,0.38%,0B / 0B,0B / 3.07MB,30
2026-07-31 11:32:51,openzen,2.31%,34.28MiB / 30.66GiB,0.11%,0B / 0B,0B / 2.15MB,20
2026-07-31 11:32:51,domain_bridge,0.27%,77.22MiB / 30.66GiB,0.25%,0B / 0B,111kB / 5.22MB,28
2026-07-31 11:32:51,mapir-ffmpeg,0.21%,129.4MiB / 30.66GiB,0.41%,0B / 0B,0B / 1.5MB,33
2026-07-31 11:32:51,scovox,104.49%,1.363GiB / 30.66GiB,4.45%,0B / 0B,0B / 4.8MB,53
2026-07-31 11:32:51,nav2,8.74%,260MiB / 30.66GiB,0.83%,0B / 0B,53.2kB / 1.87MB,91
2026-07-31 11:32:54,trav_ros2,101.47%,395.9MiB / 30.66GiB,1.26%,0B / 0B,0B / 2.38MB,44
2026-07-31 11:32:54,docker-recorder-run-a32a177d4325,0.00%,10.3MiB / 30.66GiB,0.03%,0B / 0B,123kB / 9.45MB,1
2026-07-31 11:32:54,glim,84.60%,468.1MiB / 30.66GiB,1.49%,0B / 0B,0B / 11.7MB,35
2026-07-31 11:32:54,ouster,6.75%,120.3MiB / 30.66GiB,0.38%,0B / 0B,0B / 3.07MB,30
2026-07-31 11:32:54,openzen,2.04%,34.28MiB / 30.66GiB,0.11%,0B / 0B,0B / 2.15MB,20
2026-07-31 11:32:54,domain_bridge,0.26%,77.18MiB / 30.66GiB,0.25%,0B / 0B,111kB / 5.22MB,28
2026-07-31 11:32:54,mapir-ffmpeg,0.05%,129.1MiB / 30.66GiB,0.41%,0B / 0B,0B / 1.5MB,33
2026-07-31 11:32:54,scovox,111.98%,1.34GiB / 30.66GiB,4.37%,0B / 0B,0B / 4.8MB,53
2026-07-31 11:32:54,nav2,7.36%,259.8MiB / 30.66GiB,0.83%,0B / 0B,53.2kB / 1.87MB,91
2026-07-31 11:32:57,trav_ros2,101.03%,397.1MiB / 30.66GiB,1.26%,0B / 0B,0B / 2.38MB,44
2026-07-31 11:32:57,docker-recorder-run-a32a177d4325,0.00%,10.3MiB / 30.66GiB,0.03%,0B / 0B,123kB / 9.45MB,1
2026-07-31 11:32:57,glim,86.11%,468.5MiB / 30.66GiB,1.49%,0B / 0B,0B / 11.7MB,35
2026-07-31 11:32:57,ouster,6.82%,119.8MiB / 30.66GiB,0.38%,0B / 0B,0B / 3.07MB,30
2026-07-31 11:32:57,openzen,2.03%,34.53MiB / 30.66GiB,0.11%,0B / 0B,0B / 2.15MB,20
2026-07-31 11:32:57,domain_bridge,0.53%,77.42MiB / 30.66GiB,0.25%,0B / 0B,111kB / 5.22MB,28
2026-07-31 11:32:57,mapir-ffmpeg,0.11%,129.6MiB / 30.66GiB,0.41%,0B / 0B,0B / 1.5MB,33
2026-07-31 11:32:57,scovox,111.35%,1.348GiB / 30.66GiB,4.40%,0B / 0B,0B / 4.8MB,53
2026-07-31 11:32:57,nav2,7.37%,259.4MiB / 30.66GiB,0.83%,0B / 0B,53.2kB / 1.87MB,91
2026-07-31 11:33:00,trav_ros2,101.68%,395.8MiB / 30.66GiB,1.26%,0B / 0B,0B / 2.38MB,44
2026-07-31 11:33:00,docker-recorder-run-a32a177d4325,0.00%,10.3MiB / 30.66GiB,0.03%,0B / 0B,123kB / 9.45MB,1
2026-07-31 11:33:00,glim,88.12%,468.6MiB / 30.66GiB,1.49%,0B / 0B,0B / 11.7MB,35
2026-07-31 11:33:00,ouster,7.00%,120.2MiB / 30.66GiB,0.38%,0B / 0B,0B / 3.07MB,30
2026-07-31 11:33:00,openzen,2.12%,34.28MiB / 30.66GiB,0.11%,0B / 0B,0B / 2.15MB,20
2026-07-31 11:33:00,domain_bridge,0.52%,77.45MiB / 30.66GiB,0.25%,0B / 0B,111kB / 5.22MB,28
2026-07-31 11:33:00,mapir-ffmpeg,0.18%,129.4MiB / 30.66GiB,0.41%,0B / 0B,0B / 1.5MB,33
2026-07-31 11:33:00,scovox,112.78%,1.341GiB / 30.66GiB,4.37%,0B / 0B,0B / 4.8MB,53
2026-07-31 11:33:00,nav2,7.55%,259.6MiB / 30.66GiB,0.83%,0B / 0B,53.2kB / 1.87MB,91
2026-07-31 11:33:03,trav_ros2,101.52%,397.8MiB / 30.66GiB,1.27%,0B / 0B,0B / 2.38MB,44
2026-07-31 11:33:03,docker-recorder-run-a32a177d4325,0.00%,10.3MiB / 30.66GiB,0.03%,0B / 0B,123kB / 9.45MB,1
2026-07-31 11:33:03,glim,92.22%,468.4MiB / 30.66GiB,1.49%,0B / 0B,0B / 11.7MB,35
2026-07-31 11:33:03,ouster,7.04%,120MiB / 30.66GiB,0.38%,0B / 0B,0B / 3.07MB,30
2026-07-31 11:33:03,openzen,2.33%,34.28MiB / 30.66GiB,0.11%,0B / 0B,0B / 2.15MB,20
2026-07-31 11:33:03,domain_bridge,0.28%,77.09MiB / 30.66GiB,0.25%,0B / 0B,111kB / 5.22MB,28
2026-07-31 11:33:03,mapir-ffmpeg,0.22%,129.6MiB / 30.66GiB,0.41%,0B / 0B,0B / 1.51MB,33
2026-07-31 11:33:03,scovox,105.22%,1.349GiB / 30.66GiB,4.40%,0B / 0B,0B / 4.83MB,53
2026-07-31 11:33:03,nav2,6.10%,259.7MiB / 30.66GiB,0.83%,0B / 0B,53.2kB / 1.87MB,91
2026-07-31 11:33:06,trav_ros2,101.84%,393.4MiB / 30.66GiB,1.25%,0B / 0B,0B / 2.38MB,44
2026-07-31 11:33:06,docker-recorder-run-a32a177d4325,0.00%,10.3MiB / 30.66GiB,0.03%,0B / 0B,123kB / 9.45MB,1
2026-07-31 11:33:06,glim,86.25%,468MiB / 30.66GiB,1.49%,0B / 0B,0B / 11.7MB,35
2026-07-31 11:33:06,ouster,7.10%,120.5MiB / 30.66GiB,0.38%,0B / 0B,0B / 3.07MB,30
2026-07-31 11:33:06,openzen,2.37%,34.53MiB / 30.66GiB,0.11%,0B / 0B,0B / 2.15MB,20
2026-07-31 11:33:06,domain_bridge,0.49%,77.14MiB / 30.66GiB,0.25%,0B / 0B,111kB / 5.22MB,28
2026-07-31 11:33:06,mapir-ffmpeg,0.28%,130.3MiB / 30.66GiB,0.42%,0B / 0B,0B / 1.51MB,33
2026-07-31 11:33:06,scovox,112.72%,1.351GiB / 30.66GiB,4.40%,0B / 0B,0B / 4.83MB,53
2026-07-31 11:33:06,nav2,7.76%,260.7MiB / 30.66GiB,0.83%,0B / 0B,53.2kB / 1.89MB,91
2026-07-31 11:33:09,trav_ros2,101.25%,390.6MiB / 30.66GiB,1.24%,0B / 0B,0B / 2.4MB,44
2026-07-31 11:33:09,docker-recorder-run-a32a177d4325,0.00%,10.3MiB / 30.66GiB,0.03%,0B / 0B,123kB / 9.45MB,1
2026-07-31 11:33:09,glim,85.72%,468.5MiB / 30.66GiB,1.49%,0B / 0B,0B / 11.7MB,35
2026-07-31 11:33:09,ouster,6.92%,120.1MiB / 30.66GiB,0.38%,0B / 0B,0B / 3.07MB,30
2026-07-31 11:33:09,openzen,2.25%,34.28MiB / 30.66GiB,0.11%,0B / 0B,0B / 2.15MB,20
2026-07-31 11:33:09,domain_bridge,0.16%,77.28MiB / 30.66GiB,0.25%,0B / 0B,111kB / 5.22MB,28
2026-07-31 11:33:09,mapir-ffmpeg,0.04%,129.4MiB / 30.66GiB,0.41%,0B / 0B,0B / 1.51MB,33
2026-07-31 11:33:09,scovox,105.78%,1.35GiB / 30.66GiB,4.40%,0B / 0B,0B / 4.83MB,53
2026-07-31 11:33:09,nav2,6.72%,259.5MiB / 30.66GiB,0.83%,0B / 0B,53.2kB / 1.89MB,91
2026-07-31 11:33:12,trav_ros2,101.43%,397.2MiB / 30.66GiB,1.26%,0B / 0B,0B / 2.4MB,44
2026-07-31 11:33:12,docker-recorder-run-a32a177d4325,0.00%,10.3MiB / 30.66GiB,0.03%,0B / 0B,123kB / 9.45MB,1
2026-07-31 11:33:12,glim,88.11%,469.2MiB / 30.66GiB,1.49%,0B / 0B,0B / 11.7MB,35
2026-07-31 11:33:12,ouster,7.15%,120.8MiB / 30.66GiB,0.38%,0B / 0B,0B / 3.07MB,30
2026-07-31 11:33:12,openzen,2.47%,34.57MiB / 30.66GiB,0.11%,0B / 0B,0B / 2.15MB,20
2026-07-31 11:33:12,domain_bridge,1.15%,78.04MiB / 30.66GiB,0.25%,0B / 0B,111kB / 5.22MB,28
2026-07-31 11:33:12,mapir-ffmpeg,0.18%,129.4MiB / 30.66GiB,0.41%,0B / 0B,0B / 1.51MB,33
2026-07-31 11:33:12,scovox,119.71%,1.368GiB / 30.66GiB,4.46%,0B / 0B,0B / 4.83MB,53
2026-07-31 11:33:12,nav2,8.17%,260MiB / 30.66GiB,0.83%,0B / 0B,53.2kB / 1.89MB,91
2026-07-31 11:33:16,trav_ros2,101.18%,394.9MiB / 30.66GiB,1.26%,0B / 0B,0B / 2.4MB,44
2026-07-31 11:33:16,docker-recorder-run-a32a177d4325,0.00%,10.3MiB / 30.66GiB,0.03%,0B / 0B,123kB / 9.45MB,1
2026-07-31 11:33:16,glim,87.02%,469.2MiB / 30.66GiB,1.49%,0B / 0B,0B / 11.7MB,35
2026-07-31 11:33:16,ouster,7.00%,120.4MiB / 30.66GiB,0.38%,0B / 0B,0B / 3.07MB,30
2026-07-31 11:33:16,openzen,2.29%,34.54MiB / 30.66GiB,0.11%,0B / 0B,0B / 2.15MB,20
2026-07-31 11:33:16,domain_bridge,0.38%,78.05MiB / 30.66GiB,0.25%,0B / 0B,111kB / 5.22MB,28
2026-07-31 11:33:16,mapir-ffmpeg,0.21%,129.9MiB / 30.66GiB,0.41%,0B / 0B,0B / 1.51MB,33
2026-07-31 11:33:16,scovox,113.74%,1.367GiB / 30.66GiB,4.46%,0B / 0B,0B / 4.83MB,53
2026-07-31 11:33:16,nav2,7.77%,260.2MiB / 30.66GiB,0.83%,0B / 0B,53.2kB / 1.89MB,91
2026-07-31 11:33:19,trav_ros2,101.16%,395.1MiB / 30.66GiB,1.26%,0B / 0B,0B / 2.4MB,44
2026-07-31 11:33:19,docker-recorder-run-a32a177d4325,0.00%,10.3MiB / 30.66GiB,0.03%,0B / 0B,123kB / 9.45MB,1
2026-07-31 11:33:19,glim,87.73%,468.9MiB / 30.66GiB,1.49%,0B / 0B,0B / 11.7MB,35
2026-07-31 11:33:19,ouster,7.16%,120.5MiB / 30.66GiB,0.38%,0B / 0B,0B / 3.07MB,30
2026-07-31 11:33:19,openzen,2.22%,34.3MiB / 30.66GiB,0.11%,0B / 0B,0B / 2.15MB,20
2026-07-31 11:33:19,domain_bridge,0.36%,77.93MiB / 30.66GiB,0.25%,0B / 0B,111kB / 5.22MB,28
2026-07-31 11:33:19,mapir-ffmpeg,0.10%,129.6MiB / 30.66GiB,0.41%,0B / 0B,0B / 1.51MB,33
2026-07-31 11:33:19,scovox,118.06%,1.368GiB / 30.66GiB,4.46%,0B / 0B,0B / 4.83MB,53
2026-07-31 11:33:19,nav2,7.26%,260.3MiB / 30.66GiB,0.83%,0B / 0B,53.2kB / 1.89MB,91
2026-07-31 11:33:22,trav_ros2,101.55%,395.8MiB / 30.66GiB,1.26%,0B / 0B,0B / 2.4MB,44
2026-07-31 11:33:22,docker-recorder-run-a32a177d4325,0.00%,10.3MiB / 30.66GiB,0.03%,0B / 0B,123kB / 9.45MB,1
2026-07-31 11:33:22,glim,86.63%,469.4MiB / 30.66GiB,1.49%,0B / 0B,0B / 11.7MB,35
2026-07-31 11:33:22,ouster,7.14%,120.2MiB / 30.66GiB,0.38%,0B / 0B,0B / 3.07MB,30
2026-07-31 11:33:22,openzen,2.39%,34.3MiB / 30.66GiB,0.11%,0B / 0B,0B / 2.15MB,20
2026-07-31 11:33:22,domain_bridge,0.61%,77.37MiB / 30.66GiB,0.25%,0B / 0B,111kB / 5.22MB,28
2026-07-31 11:33:22,mapir-ffmpeg,0.39%,130.4MiB / 30.66GiB,0.42%,0B / 0B,0B / 1.51MB,33
2026-07-31 11:33:22,scovox,114.79%,1.381GiB / 30.66GiB,4.50%,0B / 0B,0B / 4.83MB,53
2026-07-31 11:33:22,nav2,8.91%,261.4MiB / 30.66GiB,0.83%,0B / 0B,53.2kB / 1.89MB,91
2026-07-31 11:33:25,trav_ros2,101.64%,394.4MiB / 30.66GiB,1.26%,0B / 0B,0B / 2.4MB,44
2026-07-31 11:33:25,docker-recorder-run-a32a177d4325,0.00%,10.3MiB / 30.66GiB,0.03%,0B / 0B,123kB / 9.45MB,1
2026-07-31 11:33:25,glim,88.82%,469.1MiB / 30.66GiB,1.49%,0B / 0B,0B / 11.7MB,35
2026-07-31 11:33:25,ouster,6.77%,120.3MiB / 30.66GiB,0.38%,0B / 0B,0B / 3.07MB,30
2026-07-31 11:33:25,openzen,2.09%,34.05MiB / 30.66GiB,0.11%,0B / 0B,0B / 2.15MB,20
2026-07-31 11:33:25,domain_bridge,0.37%,78.4MiB / 30.66GiB,0.25%,0B / 0B,111kB / 5.22MB,28
2026-07-31 11:33:25,mapir-ffmpeg,0.10%,129.6MiB / 30.66GiB,0.41%,0B / 0B,0B / 1.51MB,33
2026-07-31 11:33:25,scovox,121.89%,1.374GiB / 30.66GiB,4.48%,0B / 0B,0B / 4.83MB,53
2026-07-31 11:33:25,nav2,7.49%,260.2MiB / 30.66GiB,0.83%,0B / 0B,53.2kB / 1.89MB,91
2026-07-31 11:33:28,trav_ros2,101.47%,395.6MiB / 30.66GiB,1.26%,0B / 0B,0B / 2.4MB,44
2026-07-31 11:33:28,docker-recorder-run-a32a177d4325,0.00%,10.3MiB / 30.66GiB,0.03%,0B / 0B,123kB / 9.45MB,1
2026-07-31 11:33:28,glim,91.91%,468.8MiB / 30.66GiB,1.49%,0B / 0B,0B / 11.7MB,35
2026-07-31 11:33:28,ouster,6.95%,120MiB / 30.66GiB,0.38%,0B / 0B,0B / 3.07MB,30
2026-07-31 11:33:28,openzen,2.29%,34.05MiB / 30.66GiB,0.11%,0B / 0B,0B / 2.15MB,20
2026-07-31 11:33:28,domain_bridge,1.03%,78.69MiB / 30.66GiB,0.25%,0B / 0B,111kB / 5.22MB,28
2026-07-31 11:33:28,mapir-ffmpeg,0.25%,129.4MiB / 30.66GiB,0.41%,0B / 0B,0B / 1.51MB,33
2026-07-31 11:33:28,scovox,114.54%,1.343GiB / 30.66GiB,4.38%,0B / 0B,0B / 4.83MB,53
2026-07-31 11:33:28,nav2,8.60%,261MiB / 30.66GiB,0.83%,0B / 0B,53.2kB / 1.89MB,91
2026-07-31 11:33:31,trav_ros2,102.14%,414.7MiB / 30.66GiB,1.32%,0B / 0B,0B / 2.4MB,44
2026-07-31 11:33:31,docker-recorder-run-a32a177d4325,0.00%,10.3MiB / 30.66GiB,0.03%,0B / 0B,123kB / 9.45MB,1
2026-07-31 11:33:31,glim,91.65%,468.9MiB / 30.66GiB,1.49%,0B / 0B,0B / 11.7MB,35
2026-07-31 11:33:31,ouster,7.34%,120.4MiB / 30.66GiB,0.38%,0B / 0B,0B / 3.07MB,30
2026-07-31 11:33:31,openzen,2.35%,34.29MiB / 30.66GiB,0.11%,0B / 0B,0B / 2.15MB,20
2026-07-31 11:33:31,domain_bridge,0.29%,78.12MiB / 30.66GiB,0.25%,0B / 0B,111kB / 5.22MB,28
2026-07-31 11:33:31,mapir-ffmpeg,0.20%,129.9MiB / 30.66GiB,0.41%,0B / 0B,0B / 1.51MB,33
2026-07-31 11:33:31,scovox,119.69%,1.353GiB / 30.66GiB,4.41%,0B / 0B,0B / 4.83MB,53
2026-07-31 11:33:31,nav2,7.03%,263.8MiB / 30.66GiB,0.84%,0B / 0B,53.2kB / 1.89MB,91
2026-07-31 11:33:34,trav_ros2,101.49%,395.7MiB / 30.66GiB,1.26%,0B / 0B,0B / 2.4MB,44
2026-07-31 11:33:34,docker-recorder-run-a32a177d4325,0.00%,10.3MiB / 30.66GiB,0.03%,0B / 0B,123kB / 9.45MB,1
2026-07-31 11:33:34,glim,85.26%,469.4MiB / 30.66GiB,1.49%,0B / 0B,0B / 11.7MB,35
2026-07-31 11:33:34,ouster,7.01%,119.8MiB / 30.66GiB,0.38%,0B / 0B,0B / 3.07MB,30
2026-07-31 11:33:34,openzen,2.19%,34.29MiB / 30.66GiB,0.11%,0B / 0B,0B / 2.15MB,20
2026-07-31 11:33:34,domain_bridge,0.37%,77.96MiB / 30.66GiB,0.25%,0B / 0B,111kB / 5.22MB,28
2026-07-31 11:33:34,mapir-ffmpeg,0.09%,129.4MiB / 30.66GiB,0.41%,0B / 0B,0B / 1.51MB,33
2026-07-31 11:33:34,scovox,119.24%,1.344GiB / 30.66GiB,4.38%,0B / 0B,0B / 4.83MB,53
2026-07-31 11:33:34,nav2,6.85%,263.6MiB / 30.66GiB,0.84%,0B / 0B,53.2kB / 1.89MB,91
2026-07-31 11:33:37,trav_ros2,101.51%,394.2MiB / 30.66GiB,1.26%,0B / 0B,0B / 2.4MB,44
2026-07-31 11:33:37,docker-recorder-run-a32a177d4325,0.00%,10.3MiB / 30.66GiB,0.03%,0B / 0B,123kB / 9.45MB,1
2026-07-31 11:33:37,glim,87.93%,469.2MiB / 30.66GiB,1.49%,0B / 0B,0B / 11.7MB,35
2026-07-31 11:33:37,ouster,6.78%,120.1MiB / 30.66GiB,0.38%,0B / 0B,0B / 3.07MB,30
2026-07-31 11:33:37,openzen,2.30%,34.05MiB / 30.66GiB,0.11%,0B / 0B,0B / 2.15MB,20
2026-07-31 11:33:37,domain_bridge,0.43%,78.87MiB / 30.66GiB,0.25%,0B / 0B,111kB / 5.22MB,28
2026-07-31 11:33:37,mapir-ffmpeg,0.08%,129.2MiB / 30.66GiB,0.41%,0B / 0B,0B / 1.52MB,33
2026-07-31 11:33:37,scovox,117.11%,1.352GiB / 30.66GiB,4.41%,0B / 0B,0B / 4.83MB,53
2026-07-31 11:33:37,nav2,7.33%,264.4MiB / 30.66GiB,0.84%,0B / 0B,53.2kB / 1.89MB,91
2026-07-31 11:33:40,trav_ros2,101.17%,395.3MiB / 30.66GiB,1.26%,0B / 0B,0B / 2.42MB,44
2026-07-31 11:33:40,docker-recorder-run-a32a177d4325,0.00%,10.3MiB / 30.66GiB,0.03%,0B / 0B,123kB / 9.45MB,1
2026-07-31 11:33:40,glim,89.92%,469.3MiB / 30.66GiB,1.49%,0B / 0B,0B / 11.7MB,35
2026-07-31 11:33:40,ouster,7.12%,120.3MiB / 30.66GiB,0.38%,0B / 0B,0B / 3.07MB,30
2026-07-31 11:33:40,openzen,2.29%,34.54MiB / 30.66GiB,0.11%,0B / 0B,0B / 2.15MB,20
2026-07-31 11:33:40,domain_bridge,0.58%,77.96MiB / 30.66GiB,0.25%,0B / 0B,111kB / 5.22MB,28
2026-07-31 11:33:40,mapir-ffmpeg,0.15%,129.6MiB / 30.66GiB,0.41%,0B / 0B,0B / 1.52MB,33
2026-07-31 11:33:40,scovox,126.08%,1.368GiB / 30.66GiB,4.46%,0B / 0B,0B / 4.86MB,53
2026-07-31 11:33:40,nav2,8.40%,264.6MiB / 30.66GiB,0.84%,0B / 0B,53.2kB / 1.89MB,91
2026-07-31 11:33:43,trav_ros2,101.08%,391.1MiB / 30.66GiB,1.25%,0B / 0B,0B / 2.42MB,44
2026-07-31 11:33:43,docker-recorder-run-a32a177d4325,0.00%,10.3MiB / 30.66GiB,0.03%,0B / 0B,123kB / 9.45MB,1
2026-07-31 11:33:43,glim,89.40%,468.6MiB / 30.66GiB,1.49%,0B / 0B,0B / 11.7MB,35
2026-07-31 11:33:43,ouster,6.94%,119.8MiB / 30.66GiB,0.38%,0B / 0B,0B / 3.07MB,30
2026-07-31 11:33:43,openzen,2.22%,34.05MiB / 30.66GiB,0.11%,0B / 0B,0B / 2.15MB,20
2026-07-31 11:33:43,domain_bridge,0.27%,77.86MiB / 30.66GiB,0.25%,0B / 0B,111kB / 5.22MB,28
2026-07-31 11:33:43,mapir-ffmpeg,0.22%,129.2MiB / 30.66GiB,0.41%,0B / 0B,0B / 1.52MB,33
2026-07-31 11:33:43,scovox,105.51%,1.352GiB / 30.66GiB,4.41%,0B / 0B,0B / 4.86MB,53
2026-07-31 11:33:43,nav2,8.13%,263.8MiB / 30.66GiB,0.84%,0B / 0B,53.2kB / 1.9MB,91
2026-07-31 11:33:46,trav_ros2,100.91%,389.5MiB / 30.66GiB,1.24%,0B / 0B,0B / 2.42MB,44
2026-07-31 11:33:46,docker-recorder-run-a32a177d4325,0.00%,10.3MiB / 30.66GiB,0.03%,0B / 0B,123kB / 9.45MB,1
2026-07-31 11:33:46,glim,87.99%,470.1MiB / 30.66GiB,1.50%,0B / 0B,0B / 11.7MB,35
2026-07-31 11:33:46,ouster,7.14%,120.8MiB / 30.66GiB,0.38%,0B / 0B,0B / 3.07MB,30
2026-07-31 11:33:46,openzen,2.47%,34.3MiB / 30.66GiB,0.11%,0B / 0B,0B / 2.15MB,20
2026-07-31 11:33:46,domain_bridge,0.55%,77.02MiB / 30.66GiB,0.25%,0B / 0B,111kB / 5.22MB,28
2026-07-31 11:33:46,mapir-ffmpeg,0.31%,130.6MiB / 30.66GiB,0.42%,0B / 0B,0B / 1.52MB,33
2026-07-31 11:33:46,scovox,126.16%,1.343GiB / 30.66GiB,4.38%,0B / 0B,0B / 4.86MB,53
2026-07-31 11:33:46,nav2,8.00%,264.1MiB / 30.66GiB,0.84%,0B / 0B,53.2kB / 1.9MB,91
2026-07-31 11:33:49,trav_ros2,101.28%,390.1MiB / 30.66GiB,1.24%,0B / 0B,0B / 2.42MB,44
2026-07-31 11:33:49,docker-recorder-run-a32a177d4325,0.00%,10.3MiB / 30.66GiB,0.03%,0B / 0B,123kB / 9.45MB,1
2026-07-31 11:33:49,glim,88.77%,469.3MiB / 30.66GiB,1.49%,0B / 0B,0B / 11.7MB,35
2026-07-31 11:33:49,ouster,6.79%,120.2MiB / 30.66GiB,0.38%,0B / 0B,0B / 3.07MB,30
2026-07-31 11:33:49,openzen,2.23%,34.05MiB / 30.66GiB,0.11%,0B / 0B,0B / 2.15MB,20
2026-07-31 11:33:49,domain_bridge,0.12%,76.69MiB / 30.66GiB,0.24%,0B / 0B,111kB / 5.22MB,28
2026-07-31 11:33:49,mapir-ffmpeg,0.11%,130.4MiB / 30.66GiB,0.42%,0B / 0B,0B / 1.52MB,33
2026-07-31 11:33:49,scovox,107.69%,1.368GiB / 30.66GiB,4.46%,0B / 0B,0B / 4.86MB,53
2026-07-31 11:33:49,nav2,7.89%,263.6MiB / 30.66GiB,0.84%,0B / 0B,53.2kB / 1.9MB,91
2026-07-31 11:33:52,trav_ros2,101.27%,395.9MiB / 30.66GiB,1.26%,0B / 0B,0B / 2.42MB,44
2026-07-31 11:33:52,docker-recorder-run-a32a177d4325,0.00%,10.3MiB / 30.66GiB,0.03%,0B / 0B,123kB / 9.45MB,1
2026-07-31 11:33:52,glim,87.02%,469.2MiB / 30.66GiB,1.49%,0B / 0B,0B / 11.7MB,35
2026-07-31 11:33:52,ouster,6.93%,120.1MiB / 30.66GiB,0.38%,0B / 0B,0B / 3.07MB,30
2026-07-31 11:33:52,openzen,2.04%,34.05MiB / 30.66GiB,0.11%,0B / 0B,0B / 2.15MB,20
2026-07-31 11:33:52,domain_bridge,0.25%,76.77MiB / 30.66GiB,0.24%,0B / 0B,111kB / 5.22MB,28
2026-07-31 11:33:52,mapir-ffmpeg,0.14%,129.9MiB / 30.66GiB,0.41%,0B / 0B,0B / 1.52MB,33
2026-07-31 11:33:52,scovox,117.85%,1.344GiB / 30.66GiB,4.38%,0B / 0B,0B / 4.86MB,53
2026-07-31 11:33:52,nav2,7.85%,263.5MiB / 30.66GiB,0.84%,0B / 0B,53.2kB / 1.9MB,91
2026-07-31 11:33:55,trav_ros2,101.59%,389.7MiB / 30.66GiB,1.24%,0B / 0B,0B / 2.42MB,44
2026-07-31 11:33:55,docker-recorder-run-a32a177d4325,0.00%,10.3MiB / 30.66GiB,0.03%,0B / 0B,123kB / 9.45MB,1
2026-07-31 11:33:55,glim,88.99%,469MiB / 30.66GiB,1.49%,0B / 0B,0B / 11.7MB,35
2026-07-31 11:33:55,ouster,6.96%,120.1MiB / 30.66GiB,0.38%,0B / 0B,0B / 3.07MB,30
2026-07-31 11:33:55,openzen,2.42%,34.05MiB / 30.66GiB,0.11%,0B / 0B,0B / 2.15MB,20
2026-07-31 11:33:55,domain_bridge,0.33%,77.5MiB / 30.66GiB,0.25%,0B / 0B,111kB / 5.22MB,28
2026-07-31 11:33:55,mapir-ffmpeg,0.22%,130.1MiB / 30.66GiB,0.41%,0B / 0B,0B / 1.52MB,33
2026-07-31 11:33:55,scovox,113.98%,1.379GiB / 30.66GiB,4.50%,0B / 0B,0B / 4.86MB,53
2026-07-31 11:33:55,nav2,7.46%,263.4MiB / 30.66GiB,0.84%,0B / 0B,53.2kB / 1.9MB,91
2026-07-31 11:33:59,trav_ros2,101.75%,384.8MiB / 30.66GiB,1.23%,0B / 0B,0B / 2.42MB,44
2026-07-31 11:33:59,docker-recorder-run-a32a177d4325,0.00%,10.3MiB / 30.66GiB,0.03%,0B / 0B,123kB / 9.45MB,1
2026-07-31 11:33:59,glim,88.10%,469.1MiB / 30.66GiB,1.49%,0B / 0B,0B / 11.7MB,35
2026-07-31 11:33:59,ouster,6.92%,120.1MiB / 30.66GiB,0.38%,0B / 0B,0B / 3.07MB,30
2026-07-31 11:33:59,openzen,2.13%,34.29MiB / 30.66GiB,0.11%,0B / 0B,0B / 2.15MB,20
2026-07-31 11:33:59,domain_bridge,0.26%,76.93MiB / 30.66GiB,0.24%,0B / 0B,111kB / 5.22MB,28
2026-07-31 11:33:59,mapir-ffmpeg,0.13%,129.9MiB / 30.66GiB,0.41%,0B / 0B,0B / 1.52MB,33
2026-07-31 11:33:59,scovox,114.01%,1.379GiB / 30.66GiB,4.50%,0B / 0B,0B / 4.86MB,53
2026-07-31 11:33:59,nav2,8.04%,264.2MiB / 30.66GiB,0.84%,0B / 0B,53.2kB / 1.9MB,91
2026-07-31 11:34:02,trav_ros2,102.17%,396.7MiB / 30.66GiB,1.26%,0B / 0B,0B / 2.42MB,44
2026-07-31 11:34:02,docker-recorder-run-a32a177d4325,0.00%,10.3MiB / 30.66GiB,0.03%,0B / 0B,123kB / 9.45MB,1
2026-07-31 11:34:02,glim,84.64%,469MiB / 30.66GiB,1.49%,0B / 0B,0B / 11.7MB,35
2026-07-31 11:34:02,ouster,7.22%,120.3MiB / 30.66GiB,0.38%,0B / 0B,0B / 3.07MB,30
2026-07-31 11:34:02,openzen,2.47%,34.29MiB / 30.66GiB,0.11%,0B / 0B,0B / 2.15MB,20
2026-07-31 11:34:02,domain_bridge,0.67%,78.34MiB / 30.66GiB,0.25%,0B / 0B,111kB / 5.22MB,28
2026-07-31 11:34:02,mapir-ffmpeg,0.38%,129.6MiB / 30.66GiB,0.41%,0B / 0B,0B / 1.52MB,33
2026-07-31 11:34:02,scovox,115.03%,1.38GiB / 30.66GiB,4.50%,0B / 0B,0B / 4.86MB,53
2026-07-31 11:34:02,nav2,6.81%,263.1MiB / 30.66GiB,0.84%,0B / 0B,53.2kB / 1.9MB,91
2026-07-31 11:34:05,trav_ros2,101.36%,394.7MiB / 30.66GiB,1.26%,0B / 0B,0B / 2.42MB,44
2026-07-31 11:34:05,docker-recorder-run-a32a177d4325,0.00%,10.3MiB / 30.66GiB,0.03%,0B / 0B,123kB / 9.45MB,1
2026-07-31 11:34:05,glim,91.27%,469.1MiB / 30.66GiB,1.49%,0B / 0B,0B / 11.7MB,35
2026-07-31 11:34:05,ouster,6.89%,120MiB / 30.66GiB,0.38%,0B / 0B,0B / 3.07MB,30
2026-07-31 11:34:05,openzen,2.29%,34.05MiB / 30.66GiB,0.11%,0B / 0B,0B / 2.15MB,20
2026-07-31 11:34:05,domain_bridge,0.38%,78.09MiB / 30.66GiB,0.25%,0B / 0B,111kB / 5.22MB,28
2026-07-31 11:34:05,mapir-ffmpeg,0.10%,129.9MiB / 30.66GiB,0.41%,0B / 0B,0B / 1.52MB,33
2026-07-31 11:34:05,scovox,116.81%,1.368GiB / 30.66GiB,4.46%,0B / 0B,0B / 4.86MB,53
2026-07-31 11:34:05,nav2,8.16%,263.4MiB / 30.66GiB,0.84%,0B / 0B,53.2kB / 1.9MB,91
2026-07-31 11:34:08,trav_ros2,101.34%,395.8MiB / 30.66GiB,1.26%,0B / 0B,0B / 2.42MB,44
2026-07-31 11:34:08,docker-recorder-run-a32a177d4325,0.00%,10.3MiB / 30.66GiB,0.03%,0B / 0B,123kB / 9.45MB,1
2026-07-31 11:34:08,glim,89.49%,469.3MiB / 30.66GiB,1.49%,0B / 0B,0B / 11.7MB,35
2026-07-31 11:34:08,ouster,7.00%,120.2MiB / 30.66GiB,0.38%,0B / 0B,0B / 3.07MB,30
2026-07-31 11:34:08,openzen,2.36%,34.3MiB / 30.66GiB,0.11%,0B / 0B,0B / 2.15MB,20
2026-07-31 11:34:08,domain_bridge,1.09%,78.48MiB / 30.66GiB,0.25%,0B / 0B,111kB / 5.22MB,28
2026-07-31 11:34:08,mapir-ffmpeg,0.23%,129.7MiB / 30.66GiB,0.41%,0B / 0B,0B / 1.52MB,33
2026-07-31 11:34:08,scovox,114.20%,1.343GiB / 30.66GiB,4.38%,0B / 0B,0B / 4.86MB,53
2026-07-31 11:34:08,nav2,8.06%,264MiB / 30.66GiB,0.84%,0B / 0B,53.2kB / 1.9MB,91
2026-07-31 11:34:11,trav_ros2,101.25%,396.6MiB / 30.66GiB,1.26%,0B / 0B,0B / 2.44MB,44
2026-07-31 11:34:11,docker-recorder-run-a32a177d4325,0.00%,10.3MiB / 30.66GiB,0.03%,0B / 0B,123kB / 9.45MB,1
2026-07-31 11:34:11,glim,90.02%,469.3MiB / 30.66GiB,1.49%,0B / 0B,0B / 11.7MB,35
2026-07-31 11:34:11,ouster,7.11%,120.3MiB / 30.66GiB,0.38%,0B / 0B,0B / 3.07MB,30
2026-07-31 11:34:11,openzen,2.34%,34.3MiB / 30.66GiB,0.11%,0B / 0B,0B / 2.15MB,20
2026-07-31 11:34:11,domain_bridge,0.21%,78.07MiB / 30.66GiB,0.25%,0B / 0B,111kB / 5.22MB,28
2026-07-31 11:34:11,mapir-ffmpeg,0.22%,130.1MiB / 30.66GiB,0.41%,0B / 0B,0B / 1.52MB,33
2026-07-31 11:34:11,scovox,117.33%,1.352GiB / 30.66GiB,4.41%,0B / 0B,0B / 4.86MB,53
2026-07-31 11:34:11,nav2,8.74%,264.4MiB / 30.66GiB,0.84%,0B / 0B,53.2kB / 1.9MB,91
2026-07-31 11:34:14,trav_ros2,100.72%,396.1MiB / 30.66GiB,1.26%,0B / 0B,0B / 2.44MB,44
2026-07-31 11:34:14,docker-recorder-run-a32a177d4325,0.00%,10.3MiB / 30.66GiB,0.03%,0B / 0B,123kB / 9.45MB,1
2026-07-31 11:34:14,glim,84.34%,468.8MiB / 30.66GiB,1.49%,0B / 0B,0B / 11.7MB,35
2026-07-31 11:34:14,ouster,6.77%,120.4MiB / 30.66GiB,0.38%,0B / 0B,0B / 3.07MB,30
2026-07-31 11:34:14,openzen,2.34%,34.31MiB / 30.66GiB,0.11%,0B / 0B,0B / 2.15MB,20
2026-07-31 11:34:14,domain_bridge,0.29%,78.22MiB / 30.66GiB,0.25%,0B / 0B,111kB / 5.22MB,28
2026-07-31 11:34:14,mapir-ffmpeg,0.08%,129.4MiB / 30.66GiB,0.41%,0B / 0B,0B / 1.52MB,33
2026-07-31 11:34:14,scovox,116.10%,1.342GiB / 30.66GiB,4.38%,0B / 0B,0B / 4.89MB,53
2026-07-31 11:34:14,nav2,7.35%,264.1MiB / 30.66GiB,0.84%,0B / 0B,53.2kB / 1.9MB,91
2026-07-31 11:34:17,trav_ros2,100.99%,395.7MiB / 30.66GiB,1.26%,0B / 0B,0B / 2.44MB,44
2026-07-31 11:34:17,docker-recorder-run-a32a177d4325,0.00%,10.3MiB / 30.66GiB,0.03%,0B / 0B,123kB / 9.45MB,1
2026-07-31 11:34:17,glim,89.75%,469.1MiB / 30.66GiB,1.49%,0B / 0B,0B / 11.7MB,35
2026-07-31 11:34:17,ouster,6.76%,119.8MiB / 30.66GiB,0.38%,0B / 0B,0B / 3.07MB,30
2026-07-31 11:34:17,openzen,2.34%,34.54MiB / 30.66GiB,0.11%,0B / 0B,0B / 2.15MB,20
2026-07-31 11:34:17,domain_bridge,0.42%,77.71MiB / 30.66GiB,0.25%,0B / 0B,111kB / 5.22MB,28
2026-07-31 11:34:17,mapir-ffmpeg,0.08%,129.6MiB / 30.66GiB,0.41%,0B / 0B,0B / 1.52MB,33
2026-07-31 11:34:17,scovox,118.26%,1.386GiB / 30.66GiB,4.52%,0B / 0B,0B / 4.89MB,53
2026-07-31 11:34:17,nav2,7.30%,264.6MiB / 30.66GiB,0.84%,0B / 0B,53.2kB / 1.92MB,91
2026-07-31 11:34:20,trav_ros2,101.61%,396.8MiB / 30.66GiB,1.26%,0B / 0B,0B / 2.44MB,44
2026-07-31 11:34:20,docker-recorder-run-a32a177d4325,0.00%,10.3MiB / 30.66GiB,0.03%,0B / 0B,123kB / 9.45MB,1
2026-07-31 11:34:20,glim,88.16%,470.1MiB / 30.66GiB,1.50%,0B / 0B,0B / 11.7MB,35
2026-07-31 11:34:20,ouster,7.54%,120.4MiB / 30.66GiB,0.38%,0B / 0B,0B / 3.07MB,30
2026-07-31 11:34:20,openzen,2.23%,34.05MiB / 30.66GiB,0.11%,0B / 0B,0B / 2.15MB,20
2026-07-31 11:34:20,domain_bridge,0.50%,77.86MiB / 30.66GiB,0.25%,0B / 0B,111kB / 5.22MB,28
2026-07-31 11:34:20,mapir-ffmpeg,0.16%,129.4MiB / 30.66GiB,0.41%,0B / 0B,0B / 1.52MB,33
2026-07-31 11:34:20,scovox,126.12%,1.358GiB / 30.66GiB,4.43%,0B / 0B,0B / 4.89MB,53
2026-07-31 11:34:20,nav2,8.07%,264MiB / 30.66GiB,0.84%,0B / 0B,53.2kB / 1.92MB,91
2026-07-31 11:34:23,trav_ros2,101.21%,389.5MiB / 30.66GiB,1.24%,0B / 0B,0B / 2.44MB,44
2026-07-31 11:34:23,docker-recorder-run-a32a177d4325,0.00%,10.3MiB / 30.66GiB,0.03%,0B / 0B,123kB / 9.45MB,1
2026-07-31 11:34:23,glim,88.54%,469.5MiB / 30.66GiB,1.50%,0B / 0B,0B / 11.7MB,35
2026-07-31 11:34:23,ouster,6.95%,120.4MiB / 30.66GiB,0.38%,0B / 0B,0B / 3.07MB,30
2026-07-31 11:34:23,openzen,2.46%,34.05MiB / 30.66GiB,0.11%,0B / 0B,0B / 2.15MB,20
2026-07-31 11:34:23,domain_bridge,0.27%,77MiB / 30.66GiB,0.25%,0B / 0B,111kB / 5.22MB,28
2026-07-31 11:34:23,mapir-ffmpeg,0.23%,129.4MiB / 30.66GiB,0.41%,0B / 0B,0B / 1.52MB,33
2026-07-31 11:34:23,scovox,105.87%,1.361GiB / 30.66GiB,4.44%,0B / 0B,0B / 4.89MB,53
2026-07-31 11:34:23,nav2,8.20%,264MiB / 30.66GiB,0.84%,0B / 0B,53.2kB / 1.92MB,91
2026-07-31 11:34:26,trav_ros2,101.70%,393.7MiB / 30.66GiB,1.25%,0B / 0B,0B / 2.44MB,44
2026-07-31 11:34:26,docker-recorder-run-a32a177d4325,0.00%,10.3MiB / 30.66GiB,0.03%,0B / 0B,123kB / 9.45MB,1
2026-07-31 11:34:26,glim,86.13%,469.6MiB / 30.66GiB,1.50%,0B / 0B,0B / 11.7MB,35
2026-07-31 11:34:26,ouster,7.18%,120.5MiB / 30.66GiB,0.38%,0B / 0B,0B / 3.07MB,30
2026-07-31 11:34:26,openzen,2.39%,34.05MiB / 30.66GiB,0.11%,0B / 0B,0B / 2.15MB,20
2026-07-31 11:34:26,domain_bridge,0.65%,78.53MiB / 30.66GiB,0.25%,0B / 0B,111kB / 5.22MB,28
2026-07-31 11:34:26,mapir-ffmpeg,0.33%,129.6MiB / 30.66GiB,0.41%,0B / 0B,0B / 1.52MB,33
2026-07-31 11:34:26,scovox,126.41%,1.351GiB / 30.66GiB,4.41%,0B / 0B,0B / 4.89MB,53
2026-07-31 11:34:26,nav2,8.35%,265MiB / 30.66GiB,0.84%,0B / 0B,53.2kB / 1.92MB,91
2026-07-31 11:34:29,trav_ros2,101.53%,389.9MiB / 30.66GiB,1.24%,0B / 0B,0B / 2.44MB,44
2026-07-31 11:34:29,docker-recorder-run-a32a177d4325,0.00%,10.3MiB / 30.66GiB,0.03%,0B / 0B,123kB / 9.45MB,1
2026-07-31 11:34:29,glim,87.03%,469.1MiB / 30.66GiB,1.49%,0B / 0B,0B / 11.7MB,35
2026-07-31 11:34:29,ouster,6.80%,120MiB / 30.66GiB,0.38%,0B / 0B,0B / 3.07MB,30
2026-07-31 11:34:29,openzen,2.15%,34.05MiB / 30.66GiB,0.11%,0B / 0B,0B / 2.15MB,20
2026-07-31 11:34:29,domain_bridge,0.14%,77.32MiB / 30.66GiB,0.25%,0B / 0B,111kB / 5.22MB,28
2026-07-31 11:34:29,mapir-ffmpeg,0.09%,129.4MiB / 30.66GiB,0.41%,0B / 0B,0B / 1.52MB,33
2026-07-31 11:34:29,scovox,108.39%,1.375GiB / 30.66GiB,4.49%,0B / 0B,0B / 4.89MB,53
2026-07-31 11:34:29,nav2,7.42%,263.3MiB / 30.66GiB,0.84%,0B / 0B,53.2kB / 1.92MB,91
2026-07-31 11:34:32,trav_ros2,101.83%,389.4MiB / 30.66GiB,1.24%,0B / 0B,0B / 2.44MB,44
2026-07-31 11:34:32,docker-recorder-run-a32a177d4325,0.00%,10.3MiB / 30.66GiB,0.03%,0B / 0B,123kB / 9.45MB,1
2026-07-31 11:34:32,glim,83.09%,469.7MiB / 30.66GiB,1.50%,0B / 0B,0B / 11.7MB,35
2026-07-31 11:34:32,ouster,7.08%,120.4MiB / 30.66GiB,0.38%,0B / 0B,0B / 3.07MB,30
2026-07-31 11:34:32,openzen,2.19%,34.05MiB / 30.66GiB,0.11%,0B / 0B,0B / 2.15MB,20
2026-07-31 11:34:32,domain_bridge,1.19%,78MiB / 30.66GiB,0.25%,0B / 0B,111kB / 5.22MB,28
2026-07-31 11:34:32,mapir-ffmpeg,0.11%,129.2MiB / 30.66GiB,0.41%,0B / 0B,0B / 1.52MB,33
2026-07-31 11:34:32,scovox,120.42%,1.355GiB / 30.66GiB,4.42%,0B / 0B,0B / 4.89MB,53
2026-07-31 11:34:32,nav2,8.33%,263.2MiB / 30.66GiB,0.84%,0B / 0B,53.2kB / 1.92MB,91
2026-07-31 11:34:35,trav_ros2,102.02%,396.6MiB / 30.66GiB,1.26%,0B / 0B,0B / 2.44MB,44
2026-07-31 11:34:35,docker-recorder-run-a32a177d4325,0.00%,10.3MiB / 30.66GiB,0.03%,0B / 0B,123kB / 9.45MB,1
2026-07-31 11:34:35,glim,98.57%,469.5MiB / 30.66GiB,1.50%,0B / 0B,0B / 11.7MB,35
2026-07-31 11:34:35,ouster,6.98%,120.8MiB / 30.66GiB,0.38%,0B / 0B,0B / 3.07MB,30
2026-07-31 11:34:35,openzen,2.34%,34.05MiB / 30.66GiB,0.11%,0B / 0B,0B / 2.15MB,20
2026-07-31 11:34:35,domain_bridge,0.34%,77.66MiB / 30.66GiB,0.25%,0B / 0B,111kB / 5.22MB,28
2026-07-31 11:34:35,mapir-ffmpeg,0.20%,129.7MiB / 30.66GiB,0.41%,0B / 0B,0B / 1.52MB,33
2026-07-31 11:34:35,scovox,114.86%,1.399GiB / 30.66GiB,4.56%,0B / 0B,0B / 4.89MB,53
2026-07-31 11:34:35,nav2,7.02%,264.3MiB / 30.66GiB,0.84%,0B / 0B,53.2kB / 1.92MB,91
2026-07-31 11:34:39,trav_ros2,101.26%,396.7MiB / 30.66GiB,1.26%,0B / 0B,0B / 2.44MB,44
2026-07-31 11:34:39,docker-recorder-run-a32a177d4325,0.00%,10.3MiB / 30.66GiB,0.03%,0B / 0B,123kB / 9.45MB,1
2026-07-31 11:34:39,glim,90.01%,469.4MiB / 30.66GiB,1.49%,0B / 0B,0B / 11.7MB,35
2026-07-31 11:34:39,ouster,7.17%,121.4MiB / 30.66GiB,0.39%,0B / 0B,0B / 3.07MB,30
2026-07-31 11:34:39,openzen,2.19%,34.05MiB / 30.66GiB,0.11%,0B / 0B,0B / 2.15MB,20
2026-07-31 11:34:39,domain_bridge,0.28%,77.9MiB / 30.66GiB,0.25%,0B / 0B,111kB / 5.22MB,28
2026-07-31 11:34:39,mapir-ffmpeg,0.15%,129.6MiB / 30.66GiB,0.41%,0B / 0B,0B / 1.52MB,33
2026-07-31 11:34:39,scovox,117.35%,1.375GiB / 30.66GiB,4.48%,0B / 0B,0B / 4.89MB,53
2026-07-31 11:34:39,nav2,7.72%,263.4MiB / 30.66GiB,0.84%,0B / 0B,53.2kB / 1.92MB,91
2026-07-31 11:34:42,trav_ros2,101.37%,392MiB / 30.66GiB,1.25%,0B / 0B,0B / 2.45MB,44
2026-07-31 11:34:42,docker-recorder-run-a32a177d4325,0.00%,10.3MiB / 30.66GiB,0.03%,0B / 0B,123kB / 9.45MB,1
2026-07-31 11:34:42,glim,92.05%,469.6MiB / 30.66GiB,1.50%,0B / 0B,0B / 11.7MB,35
2026-07-31 11:34:42,ouster,7.21%,120.6MiB / 30.66GiB,0.38%,0B / 0B,0B / 3.07MB,30
2026-07-31 11:34:42,openzen,2.57%,34.29MiB / 30.66GiB,0.11%,0B / 0B,0B / 2.15MB,20
2026-07-31 11:34:42,domain_bridge,0.78%,78.76MiB / 30.66GiB,0.25%,0B / 0B,111kB / 5.22MB,28
2026-07-31 11:34:42,mapir-ffmpeg,0.39%,129.6MiB / 30.66GiB,0.41%,0B / 0B,0B / 1.52MB,33
2026-07-31 11:34:42,scovox,118.05%,1.452GiB / 30.66GiB,4.73%,0B / 0B,0B / 4.89MB,53
2026-07-31 11:34:42,nav2,8.96%,264.9MiB / 30.66GiB,0.84%,0B / 0B,53.2kB / 1.92MB,91
2026-07-31 11:34:45,trav_ros2,101.09%,396.3MiB / 30.66GiB,1.26%,0B / 0B,0B / 2.45MB,44
2026-07-31 11:34:45,docker-recorder-run-a32a177d4325,0.00%,10.3MiB / 30.66GiB,0.03%,0B / 0B,123kB / 9.45MB,1
2026-07-31 11:34:45,glim,85.27%,468.9MiB / 30.66GiB,1.49%,0B / 0B,0B / 11.7MB,35
2026-07-31 11:34:45,ouster,7.45%,120.2MiB / 30.66GiB,0.38%,0B / 0B,0B / 3.07MB,30
2026-07-31 11:34:45,openzen,2.21%,34.05MiB / 30.66GiB,0.11%,0B / 0B,0B / 2.15MB,20
2026-07-31 11:34:45,domain_bridge,0.25%,79.12MiB / 30.66GiB,0.25%,0B / 0B,111kB / 5.22MB,28
2026-07-31 11:34:45,mapir-ffmpeg,0.09%,129.4MiB / 30.66GiB,0.41%,0B / 0B,0B / 1.52MB,33
2026-07-31 11:34:45,scovox,113.21%,1.361GiB / 30.66GiB,4.44%,0B / 0B,0B / 4.89MB,53
2026-07-31 11:34:45,nav2,8.03%,265.2MiB / 30.66GiB,0.84%,0B / 0B,53.2kB / 1.92MB,91
2026-07-31 11:34:48,trav_ros2,101.86%,396.7MiB / 30.66GiB,1.26%,0B / 0B,0B / 2.45MB,44
2026-07-31 11:34:48,docker-recorder-run-a32a177d4325,0.00%,10.3MiB / 30.66GiB,0.03%,0B / 0B,123kB / 9.45MB,1
2026-07-31 11:34:48,glim,85.21%,468.6MiB / 30.66GiB,1.49%,0B / 0B,0B / 11.7MB,35
2026-07-31 11:34:48,ouster,7.28%,120.8MiB / 30.66GiB,0.38%,0B / 0B,0B / 3.07MB,30
2026-07-31 11:34:48,openzen,2.33%,34.29MiB / 30.66GiB,0.11%,0B / 0B,0B / 2.15MB,20
2026-07-31 11:34:48,domain_bridge,1.05%,78.11MiB / 30.66GiB,0.25%,0B / 0B,111kB / 5.22MB,28
2026-07-31 11:34:48,mapir-ffmpeg,0.24%,129.6MiB / 30.66GiB,0.41%,0B / 0B,0B / 1.52MB,33
2026-07-31 11:34:48,scovox,107.58%,1.352GiB / 30.66GiB,4.41%,0B / 0B,0B / 4.89MB,53
2026-07-31 11:34:48,nav2,8.32%,263.8MiB / 30.66GiB,0.84%,0B / 0B,53.2kB / 1.92MB,91
2026-07-31 11:34:51,trav_ros2,101.72%,396.4MiB / 30.66GiB,1.26%,0B / 0B,0B / 2.45MB,44
2026-07-31 11:34:51,docker-recorder-run-a32a177d4325,0.00%,10.3MiB / 30.66GiB,0.03%,0B / 0B,123kB / 9.45MB,1
2026-07-31 11:34:51,glim,88.40%,469.2MiB / 30.66GiB,1.49%,0B / 0B,0B / 11.7MB,35
2026-07-31 11:34:51,ouster,7.52%,121MiB / 30.66GiB,0.39%,0B / 0B,0B / 3.07MB,30
2026-07-31 11:34:51,openzen,2.40%,34.54MiB / 30.66GiB,0.11%,0B / 0B,0B / 2.15MB,20
2026-07-31 11:34:51,domain_bridge,0.76%,78.1MiB / 30.66GiB,0.25%,0B / 0B,111kB / 5.22MB,28
2026-07-31 11:34:51,mapir-ffmpeg,0.41%,129.6MiB / 30.66GiB,0.41%,0B / 0B,0B / 1.52MB,33
2026-07-31 11:34:51,scovox,116.70%,1.361GiB / 30.66GiB,4.44%,0B / 0B,0B / 4.92MB,53
2026-07-31 11:34:51,nav2,9.25%,264.2MiB / 30.66GiB,0.84%,0B / 0B,53.2kB / 1.92MB,91
2026-07-31 11:34:54,trav_ros2,102.03%,396.7MiB / 30.66GiB,1.26%,0B / 0B,0B / 2.45MB,44
2026-07-31 11:34:54,docker-recorder-run-a32a177d4325,0.00%,10.3MiB / 30.66GiB,0.03%,0B / 0B,123kB / 9.45MB,1
2026-07-31 11:34:54,glim,89.79%,469.1MiB / 30.66GiB,1.49%,0B / 0B,0B / 11.7MB,35
2026-07-31 11:34:54,ouster,6.91%,120.1MiB / 30.66GiB,0.38%,0B / 0B,0B / 3.07MB,30
2026-07-31 11:34:54,openzen,2.14%,34.05MiB / 30.66GiB,0.11%,0B / 0B,0B / 2.15MB,20
2026-07-31 11:34:54,domain_bridge,0.25%,77.41MiB / 30.66GiB,0.25%,0B / 0B,111kB / 5.22MB,28
2026-07-31 11:34:54,mapir-ffmpeg,0.08%,129.4MiB / 30.66GiB,0.41%,0B / 0B,0B / 1.52MB,33
2026-07-31 11:34:54,scovox,114.74%,1.352GiB / 30.66GiB,4.41%,0B / 0B,0B / 4.92MB,53
2026-07-31 11:34:54,nav2,8.27%,264.2MiB / 30.66GiB,0.84%,0B / 0B,53.2kB / 1.93MB,91
2026-07-31 11:34:57,trav_ros2,101.70%,389.9MiB / 30.66GiB,1.24%,0B / 0B,0B / 2.45MB,44
2026-07-31 11:34:57,docker-recorder-run-a32a177d4325,0.00%,10.3MiB / 30.66GiB,0.03%,0B / 0B,123kB / 9.45MB,1
2026-07-31 11:34:57,glim,86.52%,469.3MiB / 30.66GiB,1.49%,0B / 0B,0B / 11.7MB,35
2026-07-31 11:34:57,ouster,6.97%,120.6MiB / 30.66GiB,0.38%,0B / 0B,0B / 3.07MB,30
2026-07-31 11:34:57,openzen,2.24%,34.05MiB / 30.66GiB,0.11%,0B / 0B,0B / 2.15MB,20
2026-07-31 11:34:57,domain_bridge,0.44%,78.3MiB / 30.66GiB,0.25%,0B / 0B,111kB / 5.22MB,28
2026-07-31 11:34:57,mapir-ffmpeg,0.09%,129.2MiB / 30.66GiB,0.41%,0B / 0B,0B / 1.52MB,33
2026-07-31 11:34:57,scovox,114.56%,1.361GiB / 30.66GiB,4.44%,0B / 0B,0B / 4.92MB,53
2026-07-31 11:34:57,nav2,8.09%,264.8MiB / 30.66GiB,0.84%,0B / 0B,53.2kB / 1.93MB,91
2026-07-31 11:35:00,trav_ros2,101.78%,389.5MiB / 30.66GiB,1.24%,0B / 0B,0B / 2.45MB,44
2026-07-31 11:35:00,docker-recorder-run-a32a177d4325,0.00%,10.3MiB / 30.66GiB,0.03%,0B / 0B,123kB / 9.45MB,1
2026-07-31 11:35:00,glim,85.42%,469.5MiB / 30.66GiB,1.50%,0B / 0B,0B / 11.7MB,35
2026-07-31 11:35:00,ouster,7.58%,120.9MiB / 30.66GiB,0.38%,0B / 0B,0B / 3.07MB,30
2026-07-31 11:35:00,openzen,2.39%,34.3MiB / 30.66GiB,0.11%,0B / 0B,0B / 2.15MB,20
2026-07-31 11:35:00,domain_bridge,0.42%,77.47MiB / 30.66GiB,0.25%,0B / 0B,111kB / 5.22MB,28
2026-07-31 11:35:00,mapir-ffmpeg,0.21%,129.6MiB / 30.66GiB,0.41%,0B / 0B,0B / 1.52MB,33
2026-07-31 11:35:00,scovox,115.32%,1.352GiB / 30.66GiB,4.41%,0B / 0B,0B / 4.92MB,53
2026-07-31 11:35:00,nav2,7.24%,264.2MiB / 30.66GiB,0.84%,0B / 0B,53.2kB / 1.93MB,91
2026-07-31 11:35:03,trav_ros2,101.75%,395.9MiB / 30.66GiB,1.26%,0B / 0B,0B / 2.45MB,44
2026-07-31 11:35:03,docker-recorder-run-a32a177d4325,0.00%,10.3MiB / 30.66GiB,0.03%,0B / 0B,123kB / 9.45MB,1
2026-07-31 11:35:03,glim,85.29%,468.7MiB / 30.66GiB,1.49%,0B / 0B,0B / 11.7MB,35
2026-07-31 11:35:03,ouster,7.17%,120.5MiB / 30.66GiB,0.38%,0B / 0B,0B / 3.07MB,30
2026-07-31 11:35:03,openzen,2.29%,34.05MiB / 30.66GiB,0.11%,0B / 0B,0B / 2.15MB,20
2026-07-31 11:35:03,domain_bridge,0.40%,77.52MiB / 30.66GiB,0.25%,0B / 0B,111kB / 5.22MB,28
2026-07-31 11:35:03,mapir-ffmpeg,0.24%,129.4MiB / 30.66GiB,0.41%,0B / 0B,0B / 1.52MB,33
2026-07-31 11:35:03,scovox,106.20%,1.381GiB / 30.66GiB,4.50%,0B / 0B,0B / 4.92MB,53
2026-07-31 11:35:03,nav2,7.21%,264.4MiB / 30.66GiB,0.84%,0B / 0B,53.2kB / 1.93MB,91
2026-07-31 11:35:06,trav_ros2,101.20%,396.8MiB / 30.66GiB,1.26%,0B / 0B,0B / 2.45MB,44
2026-07-31 11:35:06,docker-recorder-run-a32a177d4325,0.00%,10.3MiB / 30.66GiB,0.03%,0B / 0B,123kB / 9.45MB,1
2026-07-31 11:35:06,glim,86.42%,468.2MiB / 30.66GiB,1.49%,0B / 0B,0B / 11.7MB,35
2026-07-31 11:35:06,ouster,7.15%,120.8MiB / 30.66GiB,0.38%,0B / 0B,0B / 3.07MB,30
2026-07-31 11:35:06,openzen,2.35%,34.55MiB / 30.66GiB,0.11%,0B / 0B,0B / 2.15MB,20
2026-07-31 11:35:06,domain_bridge,0.52%,77.23MiB / 30.66GiB,0.25%,0B / 0B,111kB / 5.22MB,28
2026-07-31 11:35:06,mapir-ffmpeg,0.43%,129.6MiB / 30.66GiB,0.41%,0B / 0B,0B / 1.52MB,33
2026-07-31 11:35:06,scovox,111.38%,1.381GiB / 30.66GiB,4.51%,0B / 0B,0B / 4.92MB,53
2026-07-31 11:35:06,nav2,8.06%,264.9MiB / 30.66GiB,0.84%,0B / 0B,53.2kB / 1.93MB,91
2026-07-31 11:35:09,trav_ros2,101.58%,395.2MiB / 30.66GiB,1.26%,0B / 0B,0B / 2.45MB,44
2026-07-31 11:35:09,docker-recorder-run-a32a177d4325,0.00%,10.3MiB / 30.66GiB,0.03%,0B / 0B,123kB / 9.45MB,1
2026-07-31 11:35:09,glim,87.24%,470MiB / 30.66GiB,1.50%,0B / 0B,0B / 11.7MB,35
2026-07-31 11:35:09,ouster,7.09%,120MiB / 30.66GiB,0.38%,0B / 0B,0B / 3.07MB,30
2026-07-31 11:35:09,openzen,2.21%,34.29MiB / 30.66GiB,0.11%,0B / 0B,0B / 2.15MB,20
2026-07-31 11:35:09,domain_bridge,0.35%,78.02MiB / 30.66GiB,0.25%,0B / 0B,111kB / 5.22MB,28
2026-07-31 11:35:09,mapir-ffmpeg,0.10%,129.4MiB / 30.66GiB,0.41%,0B / 0B,0B / 1.52MB,33
2026-07-31 11:35:09,scovox,117.60%,1.376GiB / 30.66GiB,4.49%,0B / 0B,0B / 4.92MB,53
2026-07-31 11:35:09,nav2,8.08%,264.5MiB / 30.66GiB,0.84%,0B / 0B,53.2kB / 1.93MB,91
2026-07-31 11:35:12,trav_ros2,101.42%,395.8MiB / 30.66GiB,1.26%,0B / 0B,0B / 2.47MB,44
2026-07-31 11:35:12,docker-recorder-run-a32a177d4325,0.00%,10.3MiB / 30.66GiB,0.03%,0B / 0B,123kB / 9.45MB,1
2026-07-31 11:35:12,glim,88.44%,468.4MiB / 30.66GiB,1.49%,0B / 0B,0B / 11.7MB,35
2026-07-31 11:35:12,ouster,7.10%,120.5MiB / 30.66GiB,0.38%,0B / 0B,0B / 3.07MB,30
2026-07-31 11:35:12,openzen,2.40%,34.3MiB / 30.66GiB,0.11%,0B / 0B,0B / 2.15MB,20
2026-07-31 11:35:12,domain_bridge,1.53%,77.43MiB / 30.66GiB,0.25%,0B / 0B,111kB / 5.22MB,28
2026-07-31 11:35:12,mapir-ffmpeg,0.14%,129.9MiB / 30.66GiB,0.41%,0B / 0B,0B / 1.52MB,33
2026-07-31 11:35:12,scovox,116.29%,1.381GiB / 30.66GiB,4.50%,0B / 0B,0B / 4.92MB,53
2026-07-31 11:35:12,nav2,6.38%,264.7MiB / 30.66GiB,0.84%,0B / 0B,53.2kB / 1.93MB,91
2026-07-31 11:35:15,trav_ros2,101.29%,396.2MiB / 30.66GiB,1.26%,0B / 0B,0B / 2.47MB,44
2026-07-31 11:35:15,docker-recorder-run-a32a177d4325,0.00%,10.3MiB / 30.66GiB,0.03%,0B / 0B,123kB / 9.45MB,1
2026-07-31 11:35:15,glim,85.68%,469MiB / 30.66GiB,1.49%,0B / 0B,0B / 11.7MB,35
2026-07-31 11:35:15,ouster,7.13%,120.5MiB / 30.66GiB,0.38%,0B / 0B,0B / 3.07MB,30
2026-07-31 11:35:15,openzen,2.33%,34.53MiB / 30.66GiB,0.11%,0B / 0B,0B / 2.15MB,20
2026-07-31 11:35:15,domain_bridge,0.44%,77.58MiB / 30.66GiB,0.25%,0B / 0B,111kB / 5.22MB,28
2026-07-31 11:35:15,mapir-ffmpeg,0.31%,129.6MiB / 30.66GiB,0.41%,0B / 0B,0B / 1.52MB,33
2026-07-31 11:35:15,scovox,116.96%,1.388GiB / 30.66GiB,4.53%,0B / 0B,0B / 4.92MB,53
2026-07-31 11:35:15,nav2,8.60%,263.8MiB / 30.66GiB,0.84%,0B / 0B,53.2kB / 1.93MB,91
2026-07-31 11:35:19,trav_ros2,101.58%,395.8MiB / 30.66GiB,1.26%,0B / 0B,0B / 2.47MB,44
2026-07-31 11:35:19,docker-recorder-run-a32a177d4325,0.00%,10.3MiB / 30.66GiB,0.03%,0B / 0B,123kB / 9.45MB,1
2026-07-31 11:35:19,glim,87.16%,469.7MiB / 30.66GiB,1.50%,0B / 0B,0B / 11.7MB,35
2026-07-31 11:35:19,ouster,6.90%,120.6MiB / 30.66GiB,0.38%,0B / 0B,0B / 3.07MB,30
2026-07-31 11:35:19,openzen,2.39%,34.8MiB / 30.66GiB,0.11%,0B / 0B,0B / 2.15MB,20
2026-07-31 11:35:19,domain_bridge,0.20%,78.09MiB / 30.66GiB,0.25%,0B / 0B,111kB / 5.22MB,28
2026-07-31 11:35:19,mapir-ffmpeg,0.11%,130.4MiB / 30.66GiB,0.42%,0B / 0B,0B / 1.52MB,33
2026-07-31 11:35:19,scovox,105.18%,1.382GiB / 30.66GiB,4.51%,0B / 0B,0B / 4.92MB,53
2026-07-31 11:35:19,nav2,7.93%,264.2MiB / 30.66GiB,0.84%,0B / 0B,53.2kB / 1.93MB,91
2026-07-31 11:35:22,trav_ros2,101.78%,396.8MiB / 30.66GiB,1.26%,0B / 0B,0B / 2.47MB,44
2026-07-31 11:35:22,docker-recorder-run-a32a177d4325,0.00%,10.3MiB / 30.66GiB,0.03%,0B / 0B,123kB / 9.45MB,1
2026-07-31 11:35:22,glim,87.76%,469.9MiB / 30.66GiB,1.50%,0B / 0B,0B / 11.7MB,35
2026-07-31 11:35:22,ouster,7.24%,120.9MiB / 30.66GiB,0.39%,0B / 0B,0B / 3.07MB,30
2026-07-31 11:35:22,openzen,2.19%,34.78MiB / 30.66GiB,0.11%,0B / 0B,0B / 2.15MB,20
2026-07-31 11:35:22,domain_bridge,0.55%,77.57MiB / 30.66GiB,0.25%,0B / 0B,111kB / 5.22MB,28
2026-07-31 11:35:22,mapir-ffmpeg,0.42%,129.6MiB / 30.66GiB,0.41%,0B / 0B,0B / 1.53MB,33
2026-07-31 11:35:22,scovox,121.08%,1.387GiB / 30.66GiB,4.52%,0B / 0B,0B / 4.92MB,53
2026-07-31 11:35:22,nav2,9.03%,264.9MiB / 30.66GiB,0.84%,0B / 0B,53.2kB / 1.93MB,91
2026-07-31 11:35:25,trav_ros2,100.99%,391.1MiB / 30.66GiB,1.25%,0B / 0B,0B / 2.47MB,44
2026-07-31 11:35:25,docker-recorder-run-a32a177d4325,0.00%,10.3MiB / 30.66GiB,0.03%,0B / 0B,123kB / 9.45MB,1
2026-07-31 11:35:25,glim,86.16%,469.1MiB / 30.66GiB,1.49%,0B / 0B,0B / 11.7MB,35
2026-07-31 11:35:25,ouster,6.91%,120.9MiB / 30.66GiB,0.39%,0B / 0B,0B / 3.07MB,30
2026-07-31 11:35:25,openzen,2.33%,34.53MiB / 30.66GiB,0.11%,0B / 0B,0B / 2.15MB,20
2026-07-31 11:35:25,domain_bridge,0.50%,78MiB / 30.66GiB,0.25%,0B / 0B,111kB / 5.22MB,28
2026-07-31 11:35:25,mapir-ffmpeg,0.15%,130.4MiB / 30.66GiB,0.42%,0B / 0B,0B / 1.53MB,33
2026-07-31 11:35:25,scovox,109.69%,1.382GiB / 30.66GiB,4.51%,0B / 0B,0B / 4.94MB,53
2026-07-31 11:35:25,nav2,6.48%,264.1MiB / 30.66GiB,0.84%,0B / 0B,53.2kB / 1.93MB,91
2026-07-31 11:35:28,trav_ros2,101.63%,389.8MiB / 30.66GiB,1.24%,0B / 0B,0B / 2.47MB,44
2026-07-31 11:35:28,docker-recorder-run-a32a177d4325,0.00%,10.3MiB / 30.66GiB,0.03%,0B / 0B,123kB / 9.45MB,1
2026-07-31 11:35:28,glim,85.80%,469MiB / 30.66GiB,1.49%,0B / 0B,0B / 11.7MB,35
2026-07-31 11:35:28,ouster,6.93%,121MiB / 30.66GiB,0.39%,0B / 0B,0B / 3.07MB,30
2026-07-31 11:35:28,openzen,2.42%,34.05MiB / 30.66GiB,0.11%,0B / 0B,0B / 2.15MB,20
2026-07-31 11:35:28,domain_bridge,1.12%,78.26MiB / 30.66GiB,0.25%,0B / 0B,111kB / 5.22MB,28
2026-07-31 11:35:28,mapir-ffmpeg,0.26%,129.2MiB / 30.66GiB,0.41%,0B / 0B,0B / 1.53MB,33
2026-07-31 11:35:28,scovox,106.48%,1.405GiB / 30.66GiB,4.58%,0B / 0B,0B / 4.94MB,53
2026-07-31 11:35:28,nav2,8.30%,267.1MiB / 30.66GiB,0.85%,0B / 0B,53.2kB / 1.95MB,91
2026-07-31 11:35:31,trav_ros2,102.37%,390.5MiB / 30.66GiB,1.24%,0B / 0B,0B / 2.47MB,44
2026-07-31 11:35:31,docker-recorder-run-a32a177d4325,0.00%,10.3MiB / 30.66GiB,0.03%,0B / 0B,123kB / 9.45MB,1
2026-07-31 11:35:31,glim,88.09%,469.1MiB / 30.66GiB,1.49%,0B / 0B,0B / 11.7MB,35
2026-07-31 11:35:31,ouster,7.22%,120.5MiB / 30.66GiB,0.38%,0B / 0B,0B / 3.07MB,30
2026-07-31 11:35:31,openzen,2.39%,34.31MiB / 30.66GiB,0.11%,0B / 0B,0B / 2.15MB,20
2026-07-31 11:35:31,domain_bridge,0.38%,78.01MiB / 30.66GiB,0.25%,0B / 0B,111kB / 5.22MB,28
2026-07-31 11:35:31,mapir-ffmpeg,0.30%,130.2MiB / 30.66GiB,0.41%,0B / 0B,0B / 1.53MB,33
2026-07-31 11:35:31,scovox,116.96%,1.381GiB / 30.66GiB,4.51%,0B / 0B,0B / 4.94MB,53
2026-07-31 11:35:31,nav2,8.15%,268.1MiB / 30.66GiB,0.85%,0B / 0B,53.2kB / 1.95MB,91
2026-07-31 11:35:34,trav_ros2,101.89%,396.4MiB / 30.66GiB,1.26%,0B / 0B,0B / 2.47MB,44
2026-07-31 11:35:34,docker-recorder-run-a32a177d4325,0.00%,10.3MiB / 30.66GiB,0.03%,0B / 0B,123kB / 9.45MB,1
2026-07-31 11:35:34,glim,86.67%,469.6MiB / 30.66GiB,1.50%,0B / 0B,0B / 11.7MB,35
2026-07-31 11:35:34,ouster,7.04%,120.8MiB / 30.66GiB,0.38%,0B / 0B,0B / 3.07MB,30
2026-07-31 11:35:34,openzen,2.18%,34.05MiB / 30.66GiB,0.11%,0B / 0B,0B / 2.15MB,20
2026-07-31 11:35:34,domain_bridge,0.27%,77.3MiB / 30.66GiB,0.25%,0B / 0B,111kB / 5.22MB,28
2026-07-31 11:35:34,mapir-ffmpeg,0.06%,129.4MiB / 30.66GiB,0.41%,0B / 0B,0B / 1.53MB,33
2026-07-31 11:35:34,scovox,105.63%,1.357GiB / 30.66GiB,4.43%,0B / 0B,0B / 4.94MB,53
2026-07-31 11:35:34,nav2,8.02%,268.6MiB / 30.66GiB,0.86%,0B / 0B,53.2kB / 1.95MB,91
2026-07-31 11:35:37,trav_ros2,101.47%,389.7MiB / 30.66GiB,1.24%,0B / 0B,0B / 2.47MB,44
2026-07-31 11:35:37,docker-recorder-run-a32a177d4325,0.00%,10.3MiB / 30.66GiB,0.03%,0B / 0B,123kB / 9.45MB,1
2026-07-31 11:35:37,glim,91.62%,469.3MiB / 30.66GiB,1.49%,0B / 0B,0B / 11.7MB,35
2026-07-31 11:35:37,ouster,6.82%,121.3MiB / 30.66GiB,0.39%,0B / 0B,0B / 3.07MB,30
2026-07-31 11:35:37,openzen,2.16%,34.06MiB / 30.66GiB,0.11%,0B / 0B,0B / 2.15MB,20
2026-07-31 11:35:37,domain_bridge,0.38%,78.26MiB / 30.66GiB,0.25%,0B / 0B,111kB / 5.22MB,28
2026-07-31 11:35:37,mapir-ffmpeg,0.09%,129.4MiB / 30.66GiB,0.41%,0B / 0B,0B / 1.53MB,33
2026-07-31 11:35:37,scovox,105.20%,1.36GiB / 30.66GiB,4.44%,0B / 0B,0B / 4.94MB,53
2026-07-31 11:35:37,nav2,7.33%,268.6MiB / 30.66GiB,0.86%,0B / 0B,53.2kB / 1.95MB,91
2026-07-31 11:35:40,trav_ros2,101.61%,395.6MiB / 30.66GiB,1.26%,0B / 0B,0B / 2.47MB,44
2026-07-31 11:35:40,docker-recorder-run-a32a177d4325,0.00%,10.3MiB / 30.66GiB,0.03%,0B / 0B,123kB / 9.45MB,1
2026-07-31 11:35:40,glim,87.50%,469.1MiB / 30.66GiB,1.49%,0B / 0B,0B / 11.7MB,35
2026-07-31 11:35:40,ouster,7.59%,121.8MiB / 30.66GiB,0.39%,0B / 0B,0B / 3.07MB,30
2026-07-31 11:35:40,openzen,2.29%,34.05MiB / 30.66GiB,0.11%,0B / 0B,0B / 2.15MB,20
2026-07-31 11:35:40,domain_bridge,0.52%,78.3MiB / 30.66GiB,0.25%,0B / 0B,111kB / 5.22MB,28
2026-07-31 11:35:40,mapir-ffmpeg,0.21%,130.4MiB / 30.66GiB,0.42%,0B / 0B,0B / 1.53MB,33
2026-07-31 11:35:40,scovox,119.94%,1.358GiB / 30.66GiB,4.43%,0B / 0B,0B / 4.94MB,53
2026-07-31 11:35:40,nav2,7.11%,267.2MiB / 30.66GiB,0.85%,0B / 0B,53.2kB / 1.95MB,91
2026-07-31 11:35:43,trav_ros2,101.57%,396.3MiB / 30.66GiB,1.26%,0B / 0B,0B / 2.47MB,44
2026-07-31 11:35:43,docker-recorder-run-a32a177d4325,0.00%,10.3MiB / 30.66GiB,0.03%,0B / 0B,123kB / 9.45MB,1
2026-07-31 11:35:43,glim,84.70%,468.9MiB / 30.66GiB,1.49%,0B / 0B,0B / 11.7MB,35
2026-07-31 11:35:43,ouster,6.95%,120.6MiB / 30.66GiB,0.38%,0B / 0B,0B / 3.07MB,30
2026-07-31 11:35:43,openzen,2.26%,34.29MiB / 30.66GiB,0.11%,0B / 0B,0B / 2.15MB,20
2026-07-31 11:35:43,domain_bridge,0.33%,77.38MiB / 30.66GiB,0.25%,0B / 0B,111kB / 5.22MB,28
2026-07-31 11:35:43,mapir-ffmpeg,0.22%,130.6MiB / 30.66GiB,0.42%,0B / 0B,0B / 1.53MB,33
2026-07-31 11:35:43,scovox,115.91%,1.388GiB / 30.66GiB,4.53%,0B / 0B,0B / 4.94MB,53
2026-07-31 11:35:43,nav2,5.83%,267.7MiB / 30.66GiB,0.85%,0B / 0B,53.2kB / 1.95MB,91
2026-07-31 11:35:46,trav_ros2,101.56%,396.9MiB / 30.66GiB,1.26%,0B / 0B,0B / 2.49MB,44
2026-07-31 11:35:46,docker-recorder-run-a32a177d4325,0.00%,10.3MiB / 30.66GiB,0.03%,0B / 0B,123kB / 9.45MB,1
2026-07-31 11:35:46,glim,85.11%,468.6MiB / 30.66GiB,1.49%,0B / 0B,0B / 11.7MB,35
2026-07-31 11:35:46,ouster,7.29%,121.6MiB / 30.66GiB,0.39%,0B / 0B,0B / 3.07MB,30
2026-07-31 11:35:46,openzen,2.45%,34.78MiB / 30.66GiB,0.11%,0B / 0B,0B / 2.15MB,20
2026-07-31 11:35:46,domain_bridge,0.45%,76.97MiB / 30.66GiB,0.25%,0B / 0B,111kB / 5.22MB,28
2026-07-31 11:35:46,mapir-ffmpeg,0.40%,130.1MiB / 30.66GiB,0.41%,0B / 0B,0B / 1.53MB,33
2026-07-31 11:35:46,scovox,116.58%,1.36GiB / 30.66GiB,4.44%,0B / 0B,0B / 4.94MB,53
2026-07-31 11:35:46,nav2,7.44%,268.8MiB / 30.66GiB,0.86%,0B / 0B,53.2kB / 1.95MB,91
2026-07-31 11:35:49,trav_ros2,101.66%,396MiB / 30.66GiB,1.26%,0B / 0B,0B / 2.49MB,44
2026-07-31 11:35:49,docker-recorder-run-a32a177d4325,0.00%,10.3MiB / 30.66GiB,0.03%,0B / 0B,123kB / 9.45MB,1
2026-07-31 11:35:49,glim,88.23%,468.4MiB / 30.66GiB,1.49%,0B / 0B,0B / 11.7MB,35
2026-07-31 11:35:49,ouster,6.89%,120.4MiB / 30.66GiB,0.38%,0B / 0B,0B / 3.07MB,30
2026-07-31 11:35:49,openzen,2.30%,34.05MiB / 30.66GiB,0.11%,0B / 0B,0B / 2.15MB,20
2026-07-31 11:35:49,domain_bridge,0.20%,78.59MiB / 30.66GiB,0.25%,0B / 0B,111kB / 5.22MB,28
2026-07-31 11:35:49,mapir-ffmpeg,0.11%,129.6MiB / 30.66GiB,0.41%,0B / 0B,0B / 1.53MB,33
2026-07-31 11:35:49,scovox,117.73%,1.393GiB / 30.66GiB,4.54%,0B / 0B,0B / 4.94MB,53
2026-07-31 11:35:49,nav2,8.57%,266.9MiB / 30.66GiB,0.85%,0B / 0B,53.2kB / 1.95MB,91
2026-07-31 11:35:52,trav_ros2,101.91%,396.6MiB / 30.66GiB,1.26%,0B / 0B,0B / 2.49MB,44
2026-07-31 11:35:52,docker-recorder-run-a32a177d4325,0.00%,10.3MiB / 30.66GiB,0.03%,0B / 0B,123kB / 9.45MB,1
2026-07-31 11:35:52,glim,86.39%,469.5MiB / 30.66GiB,1.50%,0B / 0B,0B / 11.7MB,35
2026-07-31 11:35:52,ouster,7.01%,120.2MiB / 30.66GiB,0.38%,0B / 0B,0B / 3.07MB,30
2026-07-31 11:35:52,openzen,2.17%,34.05MiB / 30.66GiB,0.11%,0B / 0B,0B / 2.15MB,20
2026-07-31 11:35:52,domain_bridge,0.90%,78.09MiB / 30.66GiB,0.25%,0B / 0B,111kB / 5.22MB,28
2026-07-31 11:35:52,mapir-ffmpeg,0.12%,129.9MiB / 30.66GiB,0.41%,0B / 0B,0B / 1.53MB,33
2026-07-31 11:35:52,scovox,117.26%,1.361GiB / 30.66GiB,4.44%,0B / 0B,0B / 4.94MB,53
2026-07-31 11:35:52,nav2,8.18%,267.6MiB / 30.66GiB,0.85%,0B / 0B,53.2kB / 1.95MB,91
2026-07-31 11:35:55,trav_ros2,101.74%,395.3MiB / 30.66GiB,1.26%,0B / 0B,0B / 2.49MB,44
2026-07-31 11:35:55,docker-recorder-run-a32a177d4325,0.00%,10.3MiB / 30.66GiB,0.03%,0B / 0B,123kB / 9.45MB,1
2026-07-31 11:35:55,glim,87.97%,469.4MiB / 30.66GiB,1.49%,0B / 0B,0B / 11.7MB,35
2026-07-31 11:35:55,ouster,7.09%,120.5MiB / 30.66GiB,0.38%,0B / 0B,0B / 3.07MB,30
2026-07-31 11:35:55,openzen,2.45%,34.54MiB / 30.66GiB,0.11%,0B / 0B,0B / 2.15MB,20
2026-07-31 11:35:55,domain_bridge,0.46%,77.42MiB / 30.66GiB,0.25%,0B / 0B,111kB / 5.22MB,28
2026-07-31 11:35:55,mapir-ffmpeg,0.29%,130.6MiB / 30.66GiB,0.42%,0B / 0B,0B / 1.53MB,33
2026-07-31 11:35:55,scovox,117.16%,1.375GiB / 30.66GiB,4.48%,0B / 0B,0B / 4.94MB,53
2026-07-31 11:35:55,nav2,7.20%,267MiB / 30.66GiB,0.85%,0B / 0B,53.2kB / 1.95MB,91
2026-07-31 11:35:59,trav_ros2,102.33%,390.5MiB / 30.66GiB,1.24%,0B / 0B,0B / 2.49MB,44
2026-07-31 11:35:59,docker-recorder-run-a32a177d4325,0.00%,10.3MiB / 30.66GiB,0.03%,0B / 0B,123kB / 9.45MB,1
2026-07-31 11:35:59,glim,91.29%,469MiB / 30.66GiB,1.49%,0B / 0B,0B / 11.7MB,35
2026-07-31 11:35:59,ouster,7.00%,120.7MiB / 30.66GiB,0.38%,0B / 0B,0B / 3.07MB,30
2026-07-31 11:35:59,openzen,2.18%,34.29MiB / 30.66GiB,0.11%,0B / 0B,0B / 2.15MB,20
2026-07-31 11:35:59,domain_bridge,0.25%,77.41MiB / 30.66GiB,0.25%,0B / 0B,111kB / 5.22MB,28
2026-07-31 11:35:59,mapir-ffmpeg,0.09%,129.6MiB / 30.66GiB,0.41%,0B / 0B,0B / 1.54MB,33
2026-07-31 11:35:59,scovox,106.75%,1.372GiB / 30.66GiB,4.47%,0B / 0B,0B / 4.97MB,53
2026-07-31 11:35:59,nav2,8.43%,267.4MiB / 30.66GiB,0.85%,0B / 0B,53.2kB / 1.95MB,91
2026-07-31 11:36:02,trav_ros2,102.62%,396.7MiB / 30.66GiB,1.26%,0B / 0B,0B / 2.49MB,44
2026-07-31 11:36:02,docker-recorder-run-a32a177d4325,0.00%,10.3MiB / 30.66GiB,0.03%,0B / 0B,123kB / 9.45MB,1
2026-07-31 11:36:02,glim,103.52%,469.1MiB / 30.66GiB,1.49%,0B / 0B,0B / 11.7MB,35
2026-07-31 11:36:02,ouster,7.45%,119.9MiB / 30.66GiB,0.38%,0B / 0B,0B / 3.07MB,30
2026-07-31 11:36:02,openzen,2.67%,35.03MiB / 30.66GiB,0.11%,0B / 0B,0B / 2.15MB,20
2026-07-31 11:36:02,domain_bridge,0.57%,76.96MiB / 30.66GiB,0.25%,0B / 0B,111kB / 5.22MB,28
2026-07-31 11:36:02,mapir-ffmpeg,0.43%,129.4MiB / 30.66GiB,0.41%,0B / 0B,0B / 1.54MB,33
2026-07-31 11:36:02,scovox,107.17%,1.387GiB / 30.66GiB,4.52%,0B / 0B,0B / 4.97MB,53
2026-07-31 11:36:02,nav2,15.43%,268.8MiB / 30.66GiB,0.86%,0B / 0B,53.2kB / 1.96MB,93
2026-07-31 11:36:05,trav_ros2,101.69%,389.6MiB / 30.66GiB,1.24%,0B / 0B,0B / 2.49MB,44
2026-07-31 11:36:05,docker-recorder-run-a32a177d4325,0.00%,10.3MiB / 30.66GiB,0.03%,0B / 0B,123kB / 9.45MB,1
2026-07-31 11:36:05,glim,124.37%,471MiB / 30.66GiB,1.50%,0B / 0B,0B / 11.7MB,35
2026-07-31 11:36:05,ouster,7.06%,120.3MiB / 30.66GiB,0.38%,0B / 0B,0B / 3.07MB,30
2026-07-31 11:36:05,openzen,2.36%,34.05MiB / 30.66GiB,0.11%,0B / 0B,0B / 2.15MB,20
2026-07-31 11:36:05,domain_bridge,0.70%,78.09MiB / 30.66GiB,0.25%,0B / 0B,111kB / 5.22MB,28
2026-07-31 11:36:05,mapir-ffmpeg,0.14%,129.9MiB / 30.66GiB,0.41%,0B / 0B,0B / 1.54MB,33
2026-07-31 11:36:05,scovox,114.80%,1.381GiB / 30.66GiB,4.50%,0B / 0B,0B / 4.97MB,53
2026-07-31 11:36:05,nav2,49.28%,268.1MiB / 30.66GiB,0.85%,0B / 0B,53.2kB / 1.96MB,94
2026-07-31 11:36:08,trav_ros2,101.67%,390.9MiB / 30.66GiB,1.25%,0B / 0B,0B / 2.49MB,44
2026-07-31 11:36:08,docker-recorder-run-a32a177d4325,0.00%,10.3MiB / 30.66GiB,0.03%,0B / 0B,123kB / 9.45MB,1
2026-07-31 11:36:08,glim,126.49%,493.3MiB / 30.66GiB,1.57%,0B / 0B,0B / 11.7MB,35
2026-07-31 11:36:08,ouster,7.17%,120MiB / 30.66GiB,0.38%,0B / 0B,0B / 3.07MB,30
2026-07-31 11:36:08,openzen,2.55%,34.29MiB / 30.66GiB,0.11%,0B / 0B,0B / 2.15MB,20
2026-07-31 11:36:08,domain_bridge,1.41%,77.56MiB / 30.66GiB,0.25%,0B / 0B,111kB / 5.22MB,28
2026-07-31 11:36:08,mapir-ffmpeg,0.31%,129.2MiB / 30.66GiB,0.41%,0B / 0B,0B / 1.54MB,33
2026-07-31 11:36:08,scovox,118.84%,1.357GiB / 30.66GiB,4.42%,0B / 0B,0B / 4.97MB,53
2026-07-31 11:36:08,nav2,47.14%,268.4MiB / 30.66GiB,0.85%,0B / 0B,53.2kB / 1.96MB,93
2026-07-31 11:36:11,trav_ros2,101.19%,391MiB / 30.66GiB,1.25%,0B / 0B,0B / 2.49MB,44
2026-07-31 11:36:11,docker-recorder-run-a32a177d4325,0.00%,10.3MiB / 30.66GiB,0.03%,0B / 0B,123kB / 9.45MB,1
2026-07-31 11:36:11,glim,130.56%,495.4MiB / 30.66GiB,1.58%,0B / 0B,0B / 11.7MB,35
2026-07-31 11:36:11,ouster,7.14%,120.4MiB / 30.66GiB,0.38%,0B / 0B,0B / 3.07MB,30
2026-07-31 11:36:11,openzen,2.47%,34.54MiB / 30.66GiB,0.11%,0B / 0B,0B / 2.15MB,20
2026-07-31 11:36:11,domain_bridge,0.49%,77.86MiB / 30.66GiB,0.25%,0B / 0B,111kB / 5.22MB,28
2026-07-31 11:36:11,mapir-ffmpeg,0.31%,129.9MiB / 30.66GiB,0.41%,0B / 0B,0B / 1.54MB,33
2026-07-31 11:36:11,scovox,116.56%,1.392GiB / 30.66GiB,4.54%,0B / 0B,0B / 4.97MB,53
2026-07-31 11:36:11,nav2,15.16%,268.3MiB / 30.66GiB,0.85%,0B / 0B,53.2kB / 1.96MB,93
2026-07-31 11:36:14,trav_ros2,101.21%,390.4MiB / 30.66GiB,1.24%,0B / 0B,0B / 2.49MB,44
2026-07-31 11:36:14,docker-recorder-run-a32a177d4325,0.00%,10.3MiB / 30.66GiB,0.03%,0B / 0B,123kB / 9.45MB,1
2026-07-31 11:36:14,glim,102.96%,508.2MiB / 30.66GiB,1.62%,0B / 0B,0B / 11.7MB,35
2026-07-31 11:36:14,ouster,7.09%,120.2MiB / 30.66GiB,0.38%,0B / 0B,0B / 3.07MB,30
2026-07-31 11:36:14,openzen,2.09%,34.05MiB / 30.66GiB,0.11%,0B / 0B,0B / 2.15MB,20
2026-07-31 11:36:14,domain_bridge,0.41%,77.07MiB / 30.66GiB,0.25%,0B / 0B,111kB / 5.22MB,28
2026-07-31 11:36:14,mapir-ffmpeg,0.08%,130.2MiB / 30.66GiB,0.41%,0B / 0B,0B / 1.54MB,33
2026-07-31 11:36:14,scovox,116.00%,1.36GiB / 30.66GiB,4.43%,0B / 0B,0B / 4.97MB,53
2026-07-31 11:36:14,nav2,14.16%,268MiB / 30.66GiB,0.85%,0B / 0B,53.2kB / 1.96MB,91
2026-07-31 11:36:17,trav_ros2,101.66%,423.8MiB / 30.66GiB,1.35%,0B / 0B,0B / 2.5MB,44
2026-07-31 11:36:17,docker-recorder-run-a32a177d4325,0.00%,10.3MiB / 30.66GiB,0.03%,0B / 0B,123kB / 9.45MB,1
2026-07-31 11:36:17,glim,98.66%,508.8MiB / 30.66GiB,1.62%,0B / 0B,0B / 11.7MB,35
2026-07-31 11:36:17,ouster,6.87%,120.4MiB / 30.66GiB,0.38%,0B / 0B,0B / 3.07MB,30
2026-07-31 11:36:17,openzen,2.25%,34.05MiB / 30.66GiB,0.11%,0B / 0B,0B / 2.15MB,20
2026-07-31 11:36:17,domain_bridge,0.27%,78.19MiB / 30.66GiB,0.25%,0B / 0B,111kB / 5.22MB,28
2026-07-31 11:36:17,mapir-ffmpeg,0.10%,129.9MiB / 30.66GiB,0.41%,0B / 0B,0B / 1.54MB,33
2026-07-31 11:36:17,scovox,115.58%,1.394GiB / 30.66GiB,4.55%,0B / 0B,0B / 4.97MB,53
2026-07-31 11:36:17,nav2,7.27%,268.1MiB / 30.66GiB,0.85%,0B / 0B,53.2kB / 1.96MB,91
2026-07-31 11:36:20,trav_ros2,101.60%,396.3MiB / 30.66GiB,1.26%,0B / 0B,0B / 2.5MB,44
2026-07-31 11:36:20,docker-recorder-run-a32a177d4325,0.00%,10.3MiB / 30.66GiB,0.03%,0B / 0B,123kB / 9.45MB,1
2026-07-31 11:36:20,glim,95.22%,511.1MiB / 30.66GiB,1.63%,0B / 0B,0B / 11.7MB,35
2026-07-31 11:36:20,ouster,7.68%,120.5MiB / 30.66GiB,0.38%,0B / 0B,0B / 3.07MB,30
2026-07-31 11:36:20,openzen,2.36%,34.3MiB / 30.66GiB,0.11%,0B / 0B,0B / 2.15MB,20
2026-07-31 11:36:20,domain_bridge,1.06%,77.48MiB / 30.66GiB,0.25%,0B / 0B,111kB / 5.22MB,28
2026-07-31 11:36:20,mapir-ffmpeg,0.19%,130.4MiB / 30.66GiB,0.42%,0B / 0B,0B / 1.54MB,33
2026-07-31 11:36:20,scovox,117.50%,1.385GiB / 30.66GiB,4.52%,0B / 0B,0B / 4.97MB,53
2026-07-31 11:36:20,nav2,8.40%,268.6MiB / 30.66GiB,0.86%,0B / 0B,53.2kB / 1.96MB,91
2026-07-31 11:36:23,trav_ros2,102.07%,396.5MiB / 30.66GiB,1.26%,0B / 0B,0B / 2.5MB,44
2026-07-31 11:36:23,docker-recorder-run-a32a177d4325,0.00%,10.3MiB / 30.66GiB,0.03%,0B / 0B,123kB / 9.45MB,1
2026-07-31 11:36:23,glim,96.56%,511.2MiB / 30.66GiB,1.63%,0B / 0B,0B / 11.7MB,35
2026-07-31 11:36:23,ouster,7.05%,120.7MiB / 30.66GiB,0.38%,0B / 0B,0B / 3.07MB,30
2026-07-31 11:36:23,openzen,2.35%,34.3MiB / 30.66GiB,0.11%,0B / 0B,0B / 2.15MB,20
2026-07-31 11:36:23,domain_bridge,0.41%,77.21MiB / 30.66GiB,0.25%,0B / 0B,111kB / 5.22MB,28
2026-07-31 11:36:23,mapir-ffmpeg,0.30%,130.4MiB / 30.66GiB,0.42%,0B / 0B,0B / 1.54MB,33
2026-07-31 11:36:23,scovox,117.39%,1.372GiB / 30.66GiB,4.48%,0B / 0B,0B / 4.97MB,53
2026-07-31 11:36:23,nav2,7.77%,268.3MiB / 30.66GiB,0.85%,0B / 0B,53.2kB / 1.96MB,91
2026-07-31 11:36:26,trav_ros2,102.04%,396.8MiB / 30.66GiB,1.26%,0B / 0B,0B / 2.5MB,44
2026-07-31 11:36:26,docker-recorder-run-a32a177d4325,0.00%,10.3MiB / 30.66GiB,0.03%,0B / 0B,123kB / 9.45MB,1
2026-07-31 11:36:26,glim,95.46%,510.7MiB / 30.66GiB,1.63%,0B / 0B,0B / 11.7MB,35
2026-07-31 11:36:26,ouster,7.32%,120.6MiB / 30.66GiB,0.38%,0B / 0B,0B / 3.07MB,30
2026-07-31 11:36:26,openzen,2.37%,34.29MiB / 30.66GiB,0.11%,0B / 0B,0B / 2.15MB,20
2026-07-31 11:36:26,domain_bridge,0.81%,77.37MiB / 30.66GiB,0.25%,0B / 0B,111kB / 5.22MB,28
2026-07-31 11:36:26,mapir-ffmpeg,0.49%,130.2MiB / 30.66GiB,0.41%,0B / 0B,0B / 1.54MB,33
2026-07-31 11:36:26,scovox,117.61%,1.364GiB / 30.66GiB,4.45%,0B / 0B,0B / 4.97MB,53
2026-07-31 11:36:26,nav2,8.80%,268.2MiB / 30.66GiB,0.85%,0B / 0B,53.2kB / 1.96MB,91
2026-07-31 11:36:29,trav_ros2,101.78%,390.2MiB / 30.66GiB,1.24%,0B / 0B,0B / 2.5MB,44
2026-07-31 11:36:29,docker-recorder-run-a32a177d4325,0.00%,10.3MiB / 30.66GiB,0.03%,0B / 0B,123kB / 9.45MB,1
2026-07-31 11:36:29,glim,98.87%,493.1MiB / 30.66GiB,1.57%,0B / 0B,0B / 11.7MB,35
2026-07-31 11:36:29,ouster,6.92%,120.7MiB / 30.66GiB,0.38%,0B / 0B,0B / 3.07MB,30
2026-07-31 11:36:29,openzen,2.10%,34.53MiB / 30.66GiB,0.11%,0B / 0B,0B / 2.15MB,20
2026-07-31 11:36:29,domain_bridge,0.29%,77.44MiB / 30.66GiB,0.25%,0B / 0B,111kB / 5.22MB,28
2026-07-31 11:36:29,mapir-ffmpeg,0.13%,129.4MiB / 30.66GiB,0.41%,0B / 0B,0B / 1.54MB,33
2026-07-31 11:36:29,scovox,107.62%,1.401GiB / 30.66GiB,4.57%,0B / 0B,0B / 4.97MB,53
2026-07-31 11:36:29,nav2,6.23%,268MiB / 30.66GiB,0.85%,0B / 0B,53.2kB / 1.96MB,91
2026-07-31 11:36:32,trav_ros2,101.17%,395.8MiB / 30.66GiB,1.26%,0B / 0B,0B / 2.5MB,44
2026-07-31 11:36:32,docker-recorder-run-a32a177d4325,0.00%,10.3MiB / 30.66GiB,0.03%,0B / 0B,123kB / 9.45MB,1
2026-07-31 11:36:32,glim,95.50%,492.9MiB / 30.66GiB,1.57%,0B / 0B,0B / 11.7MB,35
2026-07-31 11:36:32,ouster,6.93%,119.8MiB / 30.66GiB,0.38%,0B / 0B,0B / 3.07MB,30
2026-07-31 11:36:32,openzen,2.22%,34.3MiB / 30.66GiB,0.11%,0B / 0B,0B / 2.15MB,20
2026-07-31 11:36:32,domain_bridge,0.97%,77.35MiB / 30.66GiB,0.25%,0B / 0B,111kB / 5.22MB,28
2026-07-31 11:36:32,mapir-ffmpeg,0.14%,129.4MiB / 30.66GiB,0.41%,0B / 0B,0B / 1.54MB,33
2026-07-31 11:36:32,scovox,106.42%,1.387GiB / 30.66GiB,4.52%,0B / 0B,0B / 4.97MB,53
2026-07-31 11:36:32,nav2,6.89%,268.4MiB / 30.66GiB,0.85%,0B / 0B,53.2kB / 1.96MB,91
2026-07-31 11:36:36,trav_ros2,101.37%,394.7MiB / 30.66GiB,1.26%,0B / 0B,0B / 2.5MB,44
2026-07-31 11:36:36,docker-recorder-run-a32a177d4325,0.00%,10.3MiB / 30.66GiB,0.03%,0B / 0B,123kB / 9.45MB,1
2026-07-31 11:36:36,glim,93.48%,495.6MiB / 30.66GiB,1.58%,0B / 0B,0B / 11.7MB,35
2026-07-31 11:36:36,ouster,7.10%,120.3MiB / 30.66GiB,0.38%,0B / 0B,0B / 3.07MB,30
2026-07-31 11:36:36,openzen,2.25%,34.55MiB / 30.66GiB,0.11%,0B / 0B,0B / 2.15MB,20
2026-07-31 11:36:36,domain_bridge,0.34%,76.84MiB / 30.66GiB,0.24%,0B / 0B,111kB / 5.22MB,28
2026-07-31 11:36:36,mapir-ffmpeg,0.31%,129.9MiB / 30.66GiB,0.41%,0B / 0B,0B / 1.54MB,33
2026-07-31 11:36:36,scovox,119.31%,1.397GiB / 30.66GiB,4.55%,0B / 0B,0B / 5MB,53
2026-07-31 11:36:36,nav2,8.62%,268.3MiB / 30.66GiB,0.85%,0B / 0B,53.2kB / 1.96MB,91
2026-07-31 11:36:39,trav_ros2,101.14%,396.8MiB / 30.66GiB,1.26%,0B / 0B,0B / 2.5MB,44
2026-07-31 11:36:39,docker-recorder-run-a32a177d4325,0.00%,10.3MiB / 30.66GiB,0.03%,0B / 0B,123kB / 9.45MB,1
2026-07-31 11:36:39,glim,94.30%,495.6MiB / 30.66GiB,1.58%,0B / 0B,0B / 11.7MB,35
2026-07-31 11:36:39,ouster,6.86%,119.9MiB / 30.66GiB,0.38%,0B / 0B,0B / 3.07MB,30
2026-07-31 11:36:39,openzen,2.13%,34.29MiB / 30.66GiB,0.11%,0B / 0B,0B / 2.15MB,20
2026-07-31 11:36:39,domain_bridge,0.38%,77.16MiB / 30.66GiB,0.25%,0B / 0B,111kB / 5.22MB,28
2026-07-31 11:36:39,mapir-ffmpeg,0.08%,129.6MiB / 30.66GiB,0.41%,0B / 0B,0B / 1.54MB,33
2026-07-31 11:36:39,scovox,116.83%,1.391GiB / 30.66GiB,4.54%,0B / 0B,0B / 5MB,53
2026-07-31 11:36:39,nav2,7.31%,268.8MiB / 30.66GiB,0.86%,0B / 0B,53.2kB / 1.98MB,91
2026-07-31 11:36:42,trav_ros2,100.95%,394.5MiB / 30.66GiB,1.26%,0B / 0B,0B / 2.5MB,44
2026-07-31 11:36:42,docker-recorder-run-a32a177d4325,0.00%,10.3MiB / 30.66GiB,0.03%,0B / 0B,123kB / 9.45MB,1
2026-07-31 11:36:42,glim,90.33%,495.2MiB / 30.66GiB,1.58%,0B / 0B,0B / 11.7MB,35
2026-07-31 11:36:42,ouster,7.13%,120.4MiB / 30.66GiB,0.38%,0B / 0B,0B / 3.07MB,30
2026-07-31 11:36:42,openzen,2.41%,34.53MiB / 30.66GiB,0.11%,0B / 0B,0B / 2.15MB,20
2026-07-31 11:36:42,domain_bridge,0.50%,77.81MiB / 30.66GiB,0.25%,0B / 0B,111kB / 5.22MB,28
2026-07-31 11:36:42,mapir-ffmpeg,0.43%,129.6MiB / 30.66GiB,0.41%,0B / 0B,0B / 1.54MB,33
2026-07-31 11:36:42,scovox,118.87%,1.415GiB / 30.66GiB,4.61%,0B / 0B,0B / 5MB,53
2026-07-31 11:36:42,nav2,8.89%,269.3MiB / 30.66GiB,0.86%,0B / 0B,53.2kB / 1.98MB,91
2026-07-31 11:36:45,trav_ros2,101.63%,390.1MiB / 30.66GiB,1.24%,0B / 0B,0B / 2.5MB,44
2026-07-31 11:36:45,docker-recorder-run-a32a177d4325,0.00%,10.3MiB / 30.66GiB,0.03%,0B / 0B,123kB / 9.45MB,1
2026-07-31 11:36:45,glim,100.51%,495.3MiB / 30.66GiB,1.58%,0B / 0B,0B / 11.7MB,35
2026-07-31 11:36:45,ouster,6.83%,120.2MiB / 30.66GiB,0.38%,0B / 0B,0B / 3.07MB,30
2026-07-31 11:36:45,openzen,2.16%,34.55MiB / 30.66GiB,0.11%,0B / 0B,0B / 2.15MB,20
2026-07-31 11:36:45,domain_bridge,0.15%,77.13MiB / 30.66GiB,0.25%,0B / 0B,111kB / 5.22MB,28
2026-07-31 11:36:45,mapir-ffmpeg,0.14%,130.1MiB / 30.66GiB,0.41%,0B / 0B,0B / 1.54MB,33
2026-07-31 11:36:45,scovox,105.56%,1.373GiB / 30.66GiB,4.48%,0B / 0B,0B / 5MB,53
2026-07-31 11:36:45,nav2,8.43%,268.3MiB / 30.66GiB,0.85%,0B / 0B,53.2kB / 1.98MB,91
2026-07-31 11:36:48,trav_ros2,101.49%,397.5MiB / 30.66GiB,1.27%,0B / 0B,0B / 2.52MB,44
2026-07-31 11:36:48,docker-recorder-run-a32a177d4325,0.00%,10.3MiB / 30.66GiB,0.03%,0B / 0B,123kB / 9.45MB,1
2026-07-31 11:36:48,glim,99.06%,499MiB / 30.66GiB,1.59%,0B / 0B,0B / 11.7MB,35
2026-07-31 11:36:48,ouster,7.22%,120MiB / 30.66GiB,0.38%,0B / 0B,0B / 3.07MB,30
2026-07-31 11:36:48,openzen,2.37%,34.53MiB / 30.66GiB,0.11%,0B / 0B,0B / 2.15MB,20
2026-07-31 11:36:48,domain_bridge,0.86%,78.59MiB / 30.66GiB,0.25%,0B / 0B,111kB / 5.22MB,28
2026-07-31 11:36:48,mapir-ffmpeg,0.28%,130.1MiB / 30.66GiB,0.41%,0B / 0B,0B / 1.54MB,33
2026-07-31 11:36:48,scovox,114.10%,1.365GiB / 30.66GiB,4.45%,0B / 0B,0B / 5MB,53
2026-07-31 11:36:48,nav2,6.88%,268.5MiB / 30.66GiB,0.86%,0B / 0B,53.2kB / 1.98MB,91
2026-07-31 11:36:51,trav_ros2,101.92%,397.1MiB / 30.66GiB,1.26%,0B / 0B,0B / 2.52MB,44
2026-07-31 11:36:51,docker-recorder-run-a32a177d4325,0.00%,10.3MiB / 30.66GiB,0.03%,0B / 0B,123kB / 9.45MB,1
2026-07-31 11:36:51,glim,95.51%,498.4MiB / 30.66GiB,1.59%,0B / 0B,0B / 11.7MB,35
2026-07-31 11:36:51,ouster,7.23%,120.9MiB / 30.66GiB,0.38%,0B / 0B,0B / 3.07MB,30
2026-07-31 11:36:51,openzen,2.44%,35.05MiB / 30.66GiB,0.11%,0B / 0B,0B / 2.15MB,20
2026-07-31 11:36:51,domain_bridge,0.23%,77.46MiB / 30.66GiB,0.25%,0B / 0B,111kB / 5.22MB,28
2026-07-31 11:36:51,mapir-ffmpeg,0.38%,130.5MiB / 30.66GiB,0.42%,0B / 0B,0B / 1.54MB,33
2026-07-31 11:36:51,scovox,120.42%,1.371GiB / 30.66GiB,4.47%,0B / 0B,0B / 5MB,53
2026-07-31 11:36:51,nav2,9.54%,268.9MiB / 30.66GiB,0.86%,0B / 0B,53.2kB / 1.98MB,91
2026-07-31 11:36:54,trav_ros2,101.75%,397.6MiB / 30.66GiB,1.27%,0B / 0B,0B / 2.52MB,44
2026-07-31 11:36:54,docker-recorder-run-a32a177d4325,0.00%,10.3MiB / 30.66GiB,0.03%,0B / 0B,123kB / 9.45MB,1
2026-07-31 11:36:54,glim,97.27%,503.1MiB / 30.66GiB,1.60%,0B / 0B,0B / 11.7MB,35
2026-07-31 11:36:54,ouster,6.93%,119.9MiB / 30.66GiB,0.38%,0B / 0B,0B / 3.07MB,30
2026-07-31 11:36:54,openzen,2.24%,34.55MiB / 30.66GiB,0.11%,0B / 0B,0B / 2.15MB,20
2026-07-31 11:36:54,domain_bridge,0.51%,77.27MiB / 30.66GiB,0.25%,0B / 0B,111kB / 5.22MB,28
2026-07-31 11:36:54,mapir-ffmpeg,0.12%,129.6MiB / 30.66GiB,0.41%,0B / 0B,0B / 1.54MB,33
2026-07-31 11:36:54,scovox,120.98%,1.363GiB / 30.66GiB,4.44%,0B / 0B,0B / 5MB,53
2026-07-31 11:36:54,nav2,7.41%,268.7MiB / 30.66GiB,0.86%,0B / 0B,53.2kB / 1.98MB,91
2026-07-31 11:36:57,trav_ros2,101.81%,397.3MiB / 30.66GiB,1.27%,0B / 0B,0B / 2.52MB,44
2026-07-31 11:36:57,docker-recorder-run-a32a177d4325,0.00%,10.3MiB / 30.66GiB,0.03%,0B / 0B,123kB / 9.45MB,1
2026-07-31 11:36:57,glim,97.32%,502.2MiB / 30.66GiB,1.60%,0B / 0B,0B / 11.7MB,35
2026-07-31 11:36:57,ouster,7.03%,119.8MiB / 30.66GiB,0.38%,0B / 0B,0B / 3.07MB,30
2026-07-31 11:36:57,openzen,2.53%,34.53MiB / 30.66GiB,0.11%,0B / 0B,0B / 2.15MB,20
2026-07-31 11:36:57,domain_bridge,0.49%,77.59MiB / 30.66GiB,0.25%,0B / 0B,111kB / 5.22MB,28
2026-07-31 11:36:57,mapir-ffmpeg,0.12%,129.9MiB / 30.66GiB,0.41%,0B / 0B,0B / 1.54MB,33
2026-07-31 11:36:57,scovox,114.27%,1.393GiB / 30.66GiB,4.54%,0B / 0B,0B / 5MB,53
2026-07-31 11:36:57,nav2,8.60%,268.6MiB / 30.66GiB,0.86%,0B / 0B,53.2kB / 1.98MB,91
2026-07-31 11:37:00,trav_ros2,101.68%,398.8MiB / 30.66GiB,1.27%,0B / 0B,0B / 2.52MB,44
2026-07-31 11:37:00,docker-recorder-run-a32a177d4325,0.00%,10.3MiB / 30.66GiB,0.03%,0B / 0B,123kB / 9.45MB,1
2026-07-31 11:37:00,glim,96.74%,501.5MiB / 30.66GiB,1.60%,0B / 0B,0B / 11.7MB,35
2026-07-31 11:37:00,ouster,7.12%,120.6MiB / 30.66GiB,0.38%,0B / 0B,0B / 3.07MB,30
2026-07-31 11:37:00,openzen,2.68%,34.82MiB / 30.66GiB,0.11%,0B / 0B,0B / 2.15MB,20
2026-07-31 11:37:00,domain_bridge,1.07%,77.87MiB / 30.66GiB,0.25%,0B / 0B,111kB / 5.22MB,28
2026-07-31 11:37:00,mapir-ffmpeg,0.28%,129.5MiB / 30.66GiB,0.41%,0B / 0B,0B / 1.54MB,33
2026-07-31 11:37:00,scovox,154.94%,1.363GiB / 30.66GiB,4.45%,0B / 0B,0B / 5MB,53
2026-07-31 11:37:00,nav2,8.06%,268MiB / 30.66GiB,0.85%,0B / 0B,53.2kB / 1.98MB,91
2026-07-31 11:37:03,trav_ros2,101.22%,397.4MiB / 30.66GiB,1.27%,0B / 0B,0B / 2.52MB,44
2026-07-31 11:37:03,docker-recorder-run-a32a177d4325,0.00%,10.3MiB / 30.66GiB,0.03%,0B / 0B,123kB / 9.45MB,1
2026-07-31 11:37:03,glim,126.28%,518MiB / 30.66GiB,1.65%,0B / 0B,0B / 11.7MB,35
2026-07-31 11:37:03,ouster,7.08%,119.9MiB / 30.66GiB,0.38%,0B / 0B,0B / 3.07MB,30
2026-07-31 11:37:03,openzen,2.39%,35.31MiB / 30.66GiB,0.11%,0B / 0B,0B / 2.15MB,20
2026-07-31 11:37:03,domain_bridge,1.40%,78.01MiB / 30.66GiB,0.25%,0B / 0B,111kB / 5.22MB,28
2026-07-31 11:37:03,mapir-ffmpeg,0.38%,130MiB / 30.66GiB,0.41%,0B / 0B,0B / 1.54MB,33
2026-07-31 11:37:03,scovox,105.23%,1.372GiB / 30.66GiB,4.47%,0B / 0B,0B / 5MB,53
2026-07-31 11:37:03,nav2,16.48%,268.1MiB / 30.66GiB,0.85%,0B / 0B,53.2kB / 1.98MB,93
2026-07-31 11:37:06,trav_ros2,100.97%,396.4MiB / 30.66GiB,1.26%,0B / 0B,0B / 2.52MB,44
2026-07-31 11:37:06,docker-recorder-run-a32a177d4325,0.00%,10.3MiB / 30.66GiB,0.03%,0B / 0B,123kB / 9.45MB,1
2026-07-31 11:37:06,glim,138.52%,518.3MiB / 30.66GiB,1.65%,0B / 0B,0B / 11.7MB,35
2026-07-31 11:37:06,ouster,7.09%,120.4MiB / 30.66GiB,0.38%,0B / 0B,0B / 3.07MB,30
2026-07-31 11:37:06,openzen,2.19%,35.04MiB / 30.66GiB,0.11%,0B / 0B,0B / 2.15MB,20
2026-07-31 11:37:06,domain_bridge,1.73%,78.11MiB / 30.66GiB,0.25%,0B / 0B,111kB / 5.22MB,28
2026-07-31 11:37:06,mapir-ffmpeg,0.38%,130.1MiB / 30.66GiB,0.41%,0B / 0B,0B / 1.54MB,33
2026-07-31 11:37:06,scovox,111.18%,1.371GiB / 30.66GiB,4.47%,0B / 0B,0B / 5MB,53
2026-07-31 11:37:06,nav2,16.83%,268.2MiB / 30.66GiB,0.85%,0B / 0B,53.2kB / 1.98MB,93
2026-07-31 11:37:09,trav_ros2,100.81%,390.6MiB / 30.66GiB,1.24%,0B / 0B,0B / 2.52MB,44
2026-07-31 11:37:09,docker-recorder-run-a32a177d4325,0.00%,10.3MiB / 30.66GiB,0.03%,0B / 0B,123kB / 9.45MB,1
2026-07-31 11:37:09,glim,119.03%,518MiB / 30.66GiB,1.65%,0B / 0B,0B / 11.7MB,35
2026-07-31 11:37:09,ouster,6.84%,120.3MiB / 30.66GiB,0.38%,0B / 0B,0B / 3.07MB,30
2026-07-31 11:37:09,openzen,2.29%,34.54MiB / 30.66GiB,0.11%,0B / 0B,0B / 2.15MB,20
2026-07-31 11:37:09,domain_bridge,0.13%,77.33MiB / 30.66GiB,0.25%,0B / 0B,111kB / 5.22MB,28
2026-07-31 11:37:09,mapir-ffmpeg,0.10%,130.6MiB / 30.66GiB,0.42%,0B / 0B,0B / 1.55MB,33
2026-07-31 11:37:09,scovox,105.16%,1.437GiB / 30.66GiB,4.69%,0B / 0B,0B / 5.03MB,53
2026-07-31 11:37:09,nav2,8.23%,268.7MiB / 30.66GiB,0.86%,0B / 0B,53.2kB / 1.98MB,91
2026-07-31 11:37:12,trav_ros2,101.02%,395.8MiB / 30.66GiB,1.26%,0B / 0B,0B / 2.52MB,44
2026-07-31 11:37:12,docker-recorder-run-a32a177d4325,0.00%,10.3MiB / 30.66GiB,0.03%,0B / 0B,123kB / 9.45MB,1
2026-07-31 11:37:12,glim,102.71%,518.1MiB / 30.66GiB,1.65%,0B / 0B,0B / 11.7MB,35
2026-07-31 11:37:12,ouster,7.34%,120.2MiB / 30.66GiB,0.38%,0B / 0B,0B / 3.07MB,30
2026-07-31 11:37:12,openzen,2.56%,35.01MiB / 30.66GiB,0.11%,0B / 0B,0B / 2.15MB,20
2026-07-31 11:37:12,domain_bridge,2.21%,77.72MiB / 30.66GiB,0.25%,0B / 0B,111kB / 5.22MB,28
2026-07-31 11:37:12,mapir-ffmpeg,0.41%,129.9MiB / 30.66GiB,0.41%,0B / 0B,0B / 1.55MB,33
2026-07-31 11:37:12,scovox,113.12%,1.385GiB / 30.66GiB,4.52%,0B / 0B,0B / 5.03MB,53
2026-07-31 11:37:12,nav2,8.75%,268.2MiB / 30.66GiB,0.85%,0B / 0B,53.2kB / 2MB,91
2026-07-31 11:37:15,trav_ros2,101.22%,398.1MiB / 30.66GiB,1.27%,0B / 0B,0B / 2.52MB,44
2026-07-31 11:37:15,docker-recorder-run-a32a177d4325,0.00%,10.3MiB / 30.66GiB,0.03%,0B / 0B,123kB / 9.45MB,1
2026-07-31 11:37:15,glim,103.73%,521.2MiB / 30.66GiB,1.66%,0B / 0B,0B / 11.7MB,35
2026-07-31 11:37:15,ouster,6.98%,120.2MiB / 30.66GiB,0.38%,0B / 0B,0B / 3.07MB,30
2026-07-31 11:37:15,openzen,2.38%,35.28MiB / 30.66GiB,0.11%,0B / 0B,0B / 2.15MB,20
2026-07-31 11:37:15,domain_bridge,0.39%,77.75MiB / 30.66GiB,0.25%,0B / 0B,111kB / 5.22MB,28
2026-07-31 11:37:15,mapir-ffmpeg,0.22%,129.9MiB / 30.66GiB,0.41%,0B / 0B,0B / 1.55MB,33
2026-07-31 11:37:15,scovox,105.84%,1.421GiB / 30.66GiB,4.64%,0B / 0B,0B / 5.03MB,53
2026-07-31 11:37:15,nav2,8.59%,267.6MiB / 30.66GiB,0.85%,0B / 0B,53.2kB / 2MB,91
2026-07-31 11:37:19,trav_ros2,101.09%,396.5MiB / 30.66GiB,1.26%,0B / 0B,0B / 2.54MB,44
2026-07-31 11:37:19,docker-recorder-run-a32a177d4325,0.00%,10.3MiB / 30.66GiB,0.03%,0B / 0B,123kB / 9.45MB,1
2026-07-31 11:37:19,glim,100.08%,520.2MiB / 30.66GiB,1.66%,0B / 0B,0B / 11.7MB,35
2026-07-31 11:37:19,ouster,6.80%,120.1MiB / 30.66GiB,0.38%,0B / 0B,0B / 3.07MB,30
2026-07-31 11:37:19,openzen,2.27%,34.54MiB / 30.66GiB,0.11%,0B / 0B,0B / 2.15MB,20
2026-07-31 11:37:19,domain_bridge,0.41%,77.79MiB / 30.66GiB,0.25%,0B / 0B,111kB / 5.22MB,28
2026-07-31 11:37:19,mapir-ffmpeg,0.07%,129.7MiB / 30.66GiB,0.41%,0B / 0B,0B / 1.55MB,33
2026-07-31 11:37:19,scovox,108.83%,1.407GiB / 30.66GiB,4.59%,0B / 0B,0B / 5.03MB,53
2026-07-31 11:37:19,nav2,7.67%,267.8MiB / 30.66GiB,0.85%,0B / 0B,53.2kB / 2MB,91
2026-07-31 11:37:22,trav_ros2,101.69%,396.6MiB / 30.66GiB,1.26%,0B / 0B,0B / 2.54MB,44
2026-07-31 11:37:22,docker-recorder-run-a32a177d4325,0.00%,10.3MiB / 30.66GiB,0.03%,0B / 0B,123kB / 9.45MB,1
2026-07-31 11:37:22,glim,106.70%,521MiB / 30.66GiB,1.66%,0B / 0B,0B / 11.7MB,35
2026-07-31 11:37:22,ouster,7.01%,120MiB / 30.66GiB,0.38%,0B / 0B,0B / 3.07MB,30
2026-07-31 11:37:22,openzen,2.39%,35.03MiB / 30.66GiB,0.11%,0B / 0B,0B / 2.15MB,20
2026-07-31 11:37:22,domain_bridge,0.74%,78.29MiB / 30.66GiB,0.25%,0B / 0B,111kB / 5.22MB,28
2026-07-31 11:37:22,mapir-ffmpeg,0.40%,129.4MiB / 30.66GiB,0.41%,0B / 0B,0B / 1.55MB,33
2026-07-31 11:37:22,scovox,109.86%,1.368GiB / 30.66GiB,4.46%,0B / 0B,0B / 5.03MB,53
2026-07-31 11:37:22,nav2,9.17%,268MiB / 30.66GiB,0.85%,0B / 0B,53.2kB / 2MB,91
2026-07-31 11:37:25,trav_ros2,101.45%,395.7MiB / 30.66GiB,1.26%,0B / 0B,0B / 2.54MB,44
2026-07-31 11:37:25,docker-recorder-run-a32a177d4325,0.00%,10.3MiB / 30.66GiB,0.03%,0B / 0B,123kB / 9.45MB,1
2026-07-31 11:37:25,glim,101.36%,521.2MiB / 30.66GiB,1.66%,0B / 0B,0B / 11.7MB,35
2026-07-31 11:37:25,ouster,6.89%,120.1MiB / 30.66GiB,0.38%,0B / 0B,0B / 3.07MB,30
2026-07-31 11:37:25,openzen,2.30%,34.54MiB / 30.66GiB,0.11%,0B / 0B,0B / 2.15MB,20
2026-07-31 11:37:25,domain_bridge,0.46%,77.78MiB / 30.66GiB,0.25%,0B / 0B,111kB / 5.22MB,28
2026-07-31 11:37:25,mapir-ffmpeg,0.07%,129.2MiB / 30.66GiB,0.41%,0B / 0B,0B / 1.55MB,33
2026-07-31 11:37:25,scovox,111.30%,1.387GiB / 30.66GiB,4.52%,0B / 0B,0B / 5.03MB,53
2026-07-31 11:37:25,nav2,7.89%,267MiB / 30.66GiB,0.85%,0B / 0B,53.2kB / 2MB,91
2026-07-31 11:37:28,trav_ros2,101.79%,396.3MiB / 30.66GiB,1.26%,0B / 0B,0B / 2.54MB,44
2026-07-31 11:37:28,docker-recorder-run-a32a177d4325,0.00%,10.3MiB / 30.66GiB,0.03%,0B / 0B,123kB / 9.45MB,1
2026-07-31 11:37:28,glim,103.13%,519.9MiB / 30.66GiB,1.66%,0B / 0B,0B / 11.7MB,35
2026-07-31 11:37:28,ouster,6.92%,120.3MiB / 30.66GiB,0.38%,0B / 0B,0B / 3.07MB,30
2026-07-31 11:37:28,openzen,2.26%,34.54MiB / 30.66GiB,0.11%,0B / 0B,0B / 2.15MB,20
2026-07-31 11:37:28,domain_bridge,0.92%,78.67MiB / 30.66GiB,0.25%,0B / 0B,111kB / 5.22MB,28
2026-07-31 11:37:28,mapir-ffmpeg,0.23%,129.2MiB / 30.66GiB,0.41%,0B / 0B,0B / 1.55MB,33
2026-07-31 11:37:28,scovox,106.41%,1.39GiB / 30.66GiB,4.53%,0B / 0B,0B / 5.03MB,53
2026-07-31 11:37:28,nav2,7.34%,267.5MiB / 30.66GiB,0.85%,0B / 0B,53.2kB / 2MB,91
2026-07-31 11:37:31,trav_ros2,101.36%,397.5MiB / 30.66GiB,1.27%,0B / 0B,0B / 2.54MB,44
2026-07-31 11:37:31,docker-recorder-run-a32a177d4325,0.00%,10.3MiB / 30.66GiB,0.03%,0B / 0B,123kB / 9.45MB,1
2026-07-31 11:37:31,glim,134.83%,521.2MiB / 30.66GiB,1.66%,0B / 0B,0B / 11.7MB,35
2026-07-31 11:37:31,ouster,7.04%,120MiB / 30.66GiB,0.38%,0B / 0B,0B / 3.07MB,30
2026-07-31 11:37:31,openzen,2.16%,34.3MiB / 30.66GiB,0.11%,0B / 0B,0B / 2.15MB,20
2026-07-31 11:37:31,domain_bridge,0.22%,77.86MiB / 30.66GiB,0.25%,0B / 0B,111kB / 5.22MB,28
2026-07-31 11:37:31,mapir-ffmpeg,0.23%,129.4MiB / 30.66GiB,0.41%,0B / 0B,0B / 1.55MB,33
2026-07-31 11:37:31,scovox,105.18%,1.447GiB / 30.66GiB,4.72%,0B / 0B,0B / 5.03MB,53
2026-07-31 11:37:31,nav2,16.23%,268MiB / 30.66GiB,0.85%,0B / 0B,53.2kB / 2MB,93
2026-07-31 11:37:34,trav_ros2,101.75%,397.5MiB / 30.66GiB,1.27%,0B / 0B,0B / 2.54MB,44
2026-07-31 11:37:34,docker-recorder-run-a32a177d4325,0.00%,10.3MiB / 30.66GiB,0.03%,0B / 0B,123kB / 9.45MB,1
2026-07-31 11:37:34,glim,136.90%,524.7MiB / 30.66GiB,1.67%,0B / 0B,0B / 11.7MB,35
2026-07-31 11:37:34,ouster,6.81%,120.1MiB / 30.66GiB,0.38%,0B / 0B,0B / 3.07MB,30
2026-07-31 11:37:34,openzen,2.20%,34.05MiB / 30.66GiB,0.11%,0B / 0B,0B / 2.15MB,20
2026-07-31 11:37:34,domain_bridge,0.41%,78.39MiB / 30.66GiB,0.25%,0B / 0B,111kB / 5.22MB,28
2026-07-31 11:37:34,mapir-ffmpeg,0.05%,129.2MiB / 30.66GiB,0.41%,0B / 0B,0B / 1.55MB,33
2026-07-31 11:37:34,scovox,110.89%,1.364GiB / 30.66GiB,4.45%,0B / 0B,0B / 5.03MB,53
2026-07-31 11:37:34,nav2,15.81%,272.1MiB / 30.66GiB,0.87%,0B / 0B,53.2kB / 2MB,93
2026-07-31 11:37:37,trav_ros2,101.13%,390.9MiB / 30.66GiB,1.24%,0B / 0B,0B / 2.54MB,44
2026-07-31 11:37:37,docker-recorder-run-a32a177d4325,0.00%,10.3MiB / 30.66GiB,0.03%,0B / 0B,123kB / 9.45MB,1
2026-07-31 11:37:37,glim,143.26%,526.7MiB / 30.66GiB,1.68%,0B / 0B,0B / 11.7MB,35
2026-07-31 11:37:37,ouster,6.96%,120.1MiB / 30.66GiB,0.38%,0B / 0B,0B / 3.07MB,30
2026-07-31 11:37:37,openzen,2.41%,34.05MiB / 30.66GiB,0.11%,0B / 0B,0B / 2.15MB,20
2026-07-31 11:37:37,domain_bridge,0.25%,78.48MiB / 30.66GiB,0.25%,0B / 0B,111kB / 5.22MB,28
2026-07-31 11:37:37,mapir-ffmpeg,0.08%,129.4MiB / 30.66GiB,0.41%,0B / 0B,0B / 1.55MB,33
2026-07-31 11:37:37,scovox,104.41%,1.443GiB / 30.66GiB,4.71%,0B / 0B,0B / 5.03MB,53
2026-07-31 11:37:37,nav2,16.62%,272MiB / 30.66GiB,0.87%,0B / 0B,53.2kB / 2MB,93
2026-07-31 11:37:40,trav_ros2,101.16%,391.7MiB / 30.66GiB,1.25%,0B / 0B,0B / 2.54MB,44
2026-07-31 11:37:40,docker-recorder-run-a32a177d4325,0.00%,10.3MiB / 30.66GiB,0.03%,0B / 0B,123kB / 9.45MB,1
2026-07-31 11:37:40,glim,140.95%,531.7MiB / 30.66GiB,1.69%,0B / 0B,0B / 11.7MB,35
2026-07-31 11:37:40,ouster,6.99%,120.6MiB / 30.66GiB,0.38%,0B / 0B,0B / 3.07MB,30
2026-07-31 11:37:40,openzen,2.22%,34.54MiB / 30.66GiB,0.11%,0B / 0B,0B / 2.15MB,20
2026-07-31 11:37:40,domain_bridge,0.49%,77.8MiB / 30.66GiB,0.25%,0B / 0B,111kB / 5.22MB,28
2026-07-31 11:37:40,mapir-ffmpeg,0.16%,129.4MiB / 30.66GiB,0.41%,0B / 0B,0B / 1.55MB,33
2026-07-31 11:37:40,scovox,111.19%,1.38GiB / 30.66GiB,4.50%,0B / 0B,0B / 5.03MB,53
2026-07-31 11:37:40,nav2,17.07%,271.6MiB / 30.66GiB,0.87%,0B / 0B,53.2kB / 2MB,93
2026-07-31 11:37:43,trav_ros2,101.20%,391.7MiB / 30.66GiB,1.25%,0B / 0B,0B / 2.54MB,44
2026-07-31 11:37:43,docker-recorder-run-a32a177d4325,0.00%,10.3MiB / 30.66GiB,0.03%,0B / 0B,123kB / 9.45MB,1
2026-07-31 11:37:43,glim,139.18%,550.9MiB / 30.66GiB,1.75%,0B / 0B,0B / 11.7MB,35
2026-07-31 11:37:43,ouster,7.02%,120.1MiB / 30.66GiB,0.38%,0B / 0B,0B / 3.07MB,30
2026-07-31 11:37:43,openzen,2.40%,34.54MiB / 30.66GiB,0.11%,0B / 0B,0B / 2.15MB,20
2026-07-31 11:37:43,domain_bridge,0.28%,77.48MiB / 30.66GiB,0.25%,0B / 0B,111kB / 5.22MB,28
2026-07-31 11:37:43,mapir-ffmpeg,0.24%,129.2MiB / 30.66GiB,0.41%,0B / 0B,0B / 1.55MB,33
2026-07-31 11:37:43,scovox,104.82%,1.413GiB / 30.66GiB,4.61%,0B / 0B,0B / 5.03MB,53
2026-07-31 11:37:43,nav2,15.90%,272.2MiB / 30.66GiB,0.87%,0B / 0B,53.2kB / 2MB,93
2026-07-31 11:37:46,trav_ros2,98.22%,392.9MiB / 30.66GiB,1.25%,0B / 0B,0B / 2.54MB,44
2026-07-31 11:37:46,docker-recorder-run-a32a177d4325,0.00%,10.3MiB / 30.66GiB,0.03%,0B / 0B,123kB / 9.45MB,1
2026-07-31 11:37:46,glim,137.03%,550.6MiB / 30.66GiB,1.75%,0B / 0B,0B / 11.7MB,35
2026-07-31 11:37:46,ouster,7.04%,120.1MiB / 30.66GiB,0.38%,0B / 0B,0B / 3.07MB,30
2026-07-31 11:37:46,openzen,2.40%,34.55MiB / 30.66GiB,0.11%,0B / 0B,0B / 2.15MB,20
2026-07-31 11:37:46,domain_bridge,0.62%,78.15MiB / 30.66GiB,0.25%,0B / 0B,111kB / 5.22MB,28
2026-07-31 11:37:46,mapir-ffmpeg,0.37%,129.4MiB / 30.66GiB,0.41%,0B / 0B,0B / 1.55MB,33
2026-07-31 11:37:46,scovox,106.33%,1.419GiB / 30.66GiB,4.63%,0B / 0B,0B / 5.05MB,53
2026-07-31 11:37:46,nav2,16.17%,272.1MiB / 30.66GiB,0.87%,0B / 0B,53.2kB / 2MB,93
2026-07-31 11:37:49,trav_ros2,98.23%,397.5MiB / 30.66GiB,1.27%,0B / 0B,0B / 2.55MB,44
2026-07-31 11:37:49,docker-recorder-run-a32a177d4325,0.00%,10.3MiB / 30.66GiB,0.03%,0B / 0B,123kB / 9.45MB,1
2026-07-31 11:37:49,glim,137.55%,538.9MiB / 30.66GiB,1.72%,0B / 0B,0B / 11.7MB,35
2026-07-31 11:37:49,ouster,6.69%,120MiB / 30.66GiB,0.38%,0B / 0B,0B / 3.07MB,30
2026-07-31 11:37:49,openzen,2.15%,34.05MiB / 30.66GiB,0.11%,0B / 0B,0B / 2.15MB,20
2026-07-31 11:37:49,domain_bridge,0.33%,77.18MiB / 30.66GiB,0.25%,0B / 0B,111kB / 5.22MB,28
2026-07-31 11:37:49,mapir-ffmpeg,0.09%,129.2MiB / 30.66GiB,0.41%,0B / 0B,0B / 1.55MB,33
2026-07-31 11:37:49,scovox,102.32%,1.404GiB / 30.66GiB,4.58%,0B / 0B,0B / 5.05MB,53
2026-07-31 11:37:49,nav2,14.75%,271.8MiB / 30.66GiB,0.87%,0B / 0B,53.2kB / 2.02MB,93
2026-07-31 11:37:52,trav_ros2,98.83%,397.4MiB / 30.66GiB,1.27%,0B / 0B,0B / 2.55MB,44
2026-07-31 11:37:52,docker-recorder-run-a32a177d4325,0.00%,10.3MiB / 30.66GiB,0.03%,0B / 0B,123kB / 9.45MB,1
2026-07-31 11:37:52,glim,141.67%,539.4MiB / 30.66GiB,1.72%,0B / 0B,0B / 11.7MB,35
2026-07-31 11:37:52,ouster,7.07%,120.1MiB / 30.66GiB,0.38%,0B / 0B,0B / 3.07MB,30
2026-07-31 11:37:52,openzen,2.24%,34.05MiB / 30.66GiB,0.11%,0B / 0B,0B / 2.15MB,20
2026-07-31 11:37:52,domain_bridge,1.21%,78.72MiB / 30.66GiB,0.25%,0B / 0B,111kB / 5.22MB,28
2026-07-31 11:37:52,mapir-ffmpeg,0.14%,129.2MiB / 30.66GiB,0.41%,0B / 0B,0B / 1.55MB,33
2026-07-31 11:37:52,scovox,107.83%,1.416GiB / 30.66GiB,4.62%,0B / 0B,0B / 5.05MB,53
2026-07-31 11:37:52,nav2,15.40%,271.9MiB / 30.66GiB,0.87%,0B / 0B,53.2kB / 2.02MB,91
2026-07-31 11:37:55,trav_ros2,100.41%,400.8MiB / 30.66GiB,1.28%,0B / 0B,0B / 2.55MB,44
2026-07-31 11:37:55,docker-recorder-run-a32a177d4325,0.00%,10.3MiB / 30.66GiB,0.03%,0B / 0B,123kB / 9.45MB,1
2026-07-31 11:37:55,glim,111.48%,538.5MiB / 30.66GiB,1.72%,0B / 0B,0B / 11.7MB,35
2026-07-31 11:37:55,ouster,6.96%,120MiB / 30.66GiB,0.38%,0B / 0B,0B / 3.07MB,30
2026-07-31 11:37:55,openzen,2.37%,34.29MiB / 30.66GiB,0.11%,0B / 0B,0B / 2.15MB,20
2026-07-31 11:37:55,domain_bridge,0.26%,77.43MiB / 30.66GiB,0.25%,0B / 0B,111kB / 5.22MB,28
2026-07-31 11:37:55,mapir-ffmpeg,0.23%,129.6MiB / 30.66GiB,0.41%,0B / 0B,0B / 1.55MB,33
2026-07-31 11:37:55,scovox,104.98%,1.43GiB / 30.66GiB,4.66%,0B / 0B,0B / 5.05MB,53
2026-07-31 11:37:55,nav2,7.54%,272MiB / 30.66GiB,0.87%,0B / 0B,53.2kB / 2.02MB,91
2026-07-31 11:37:59,trav_ros2,99.33%,397.3MiB / 30.66GiB,1.27%,0B / 0B,0B / 2.55MB,44
2026-07-31 11:37:59,docker-recorder-run-a32a177d4325,0.00%,10.3MiB / 30.66GiB,0.03%,0B / 0B,123kB / 9.45MB,1
2026-07-31 11:37:59,glim,101.49%,538.6MiB / 30.66GiB,1.72%,0B / 0B,0B / 11.7MB,35
2026-07-31 11:37:59,ouster,6.90%,120.6MiB / 30.66GiB,0.38%,0B / 0B,0B / 3.07MB,30
2026-07-31 11:37:59,openzen,2.25%,34.29MiB / 30.66GiB,0.11%,0B / 0B,0B / 2.15MB,20
2026-07-31 11:37:59,domain_bridge,0.31%,77.34MiB / 30.66GiB,0.25%,0B / 0B,111kB / 5.22MB,28
2026-07-31 11:37:59,mapir-ffmpeg,0.11%,129.6MiB / 30.66GiB,0.41%,0B / 0B,0B / 1.55MB,33
2026-07-31 11:37:59,scovox,106.07%,1.417GiB / 30.66GiB,4.62%,0B / 0B,0B / 5.05MB,53
2026-07-31 11:37:59,nav2,8.43%,272.1MiB / 30.66GiB,0.87%,0B / 0B,53.2kB / 2.02MB,91
2026-07-31 11:38:02,trav_ros2,99.60%,397.3MiB / 30.66GiB,1.27%,0B / 0B,0B / 2.55MB,44
2026-07-31 11:38:02,docker-recorder-run-a32a177d4325,0.00%,10.3MiB / 30.66GiB,0.03%,0B / 0B,123kB / 9.45MB,1
2026-07-31 11:38:02,glim,106.12%,538.3MiB / 30.66GiB,1.71%,0B / 0B,0B / 11.7MB,35
2026-07-31 11:38:02,ouster,7.17%,119.8MiB / 30.66GiB,0.38%,0B / 0B,0B / 3.07MB,30
2026-07-31 11:38:02,openzen,2.37%,34.05MiB / 30.66GiB,0.11%,0B / 0B,0B / 2.15MB,20
2026-07-31 11:38:02,domain_bridge,0.93%,78.43MiB / 30.66GiB,0.25%,0B / 0B,111kB / 5.22MB,28
2026-07-31 11:38:02,mapir-ffmpeg,0.37%,129.7MiB / 30.66GiB,0.41%,0B / 0B,0B / 1.55MB,33
2026-07-31 11:38:02,scovox,107.59%,1.375GiB / 30.66GiB,4.49%,0B / 0B,0B / 5.05MB,53
2026-07-31 11:38:02,nav2,8.43%,272.9MiB / 30.66GiB,0.87%,0B / 0B,53.2kB / 2.02MB,91
2026-07-31 11:38:05,trav_ros2,98.40%,462MiB / 30.66GiB,1.47%,0B / 0B,0B / 2.55MB,44
2026-07-31 11:38:05,docker-recorder-run-a32a177d4325,0.00%,10.3MiB / 30.66GiB,0.03%,0B / 0B,123kB / 9.45MB,1
2026-07-31 11:38:05,glim,108.68%,538MiB / 30.66GiB,1.71%,0B / 0B,0B / 11.7MB,35
2026-07-31 11:38:05,ouster,6.80%,120.7MiB / 30.66GiB,0.38%,0B / 0B,0B / 3.07MB,30
2026-07-31 11:38:05,openzen,2.04%,34.29MiB / 30.66GiB,0.11%,0B / 0B,0B / 2.15MB,20
2026-07-31 11:38:05,domain_bridge,0.44%,78.03MiB / 30.66GiB,0.25%,0B / 0B,111kB / 5.22MB,28
2026-07-31 11:38:05,mapir-ffmpeg,0.09%,129.2MiB / 30.66GiB,0.41%,0B / 0B,0B / 1.55MB,33
2026-07-31 11:38:05,scovox,107.46%,1.417GiB / 30.66GiB,4.62%,0B / 0B,0B / 5.05MB,53
2026-07-31 11:38:05,nav2,8.36%,272.1MiB / 30.66GiB,0.87%,0B / 0B,53.2kB / 2.02MB,91
2026-07-31 11:38:08,trav_ros2,100.56%,397MiB / 30.66GiB,1.26%,0B / 0B,0B / 2.55MB,44
2026-07-31 11:38:08,docker-recorder-run-a32a177d4325,0.00%,10.3MiB / 30.66GiB,0.03%,0B / 0B,123kB / 9.45MB,1
2026-07-31 11:38:08,glim,136.76%,538.4MiB / 30.66GiB,1.71%,0B / 0B,0B / 11.7MB,35
2026-07-31 11:38:08,ouster,7.58%,120.5MiB / 30.66GiB,0.38%,0B / 0B,0B / 3.07MB,30
2026-07-31 11:38:08,openzen,2.57%,34.92MiB / 30.66GiB,0.11%,0B / 0B,0B / 2.15MB,20
2026-07-31 11:38:08,domain_bridge,1.82%,78.17MiB / 30.66GiB,0.25%,0B / 0B,111kB / 5.22MB,28
2026-07-31 11:38:08,mapir-ffmpeg,0.70%,129.9MiB / 30.66GiB,0.41%,0B / 0B,0B / 1.55MB,33
2026-07-31 11:38:08,scovox,106.38%,1.43GiB / 30.66GiB,4.66%,0B / 0B,0B / 5.05MB,53
2026-07-31 11:38:08,nav2,8.75%,271.6MiB / 30.66GiB,0.86%,0B / 0B,53.2kB / 2.02MB,91
2026-07-31 11:38:11,trav_ros2,101.36%,392MiB / 30.66GiB,1.25%,0B / 0B,0B / 2.55MB,44
2026-07-31 11:38:11,docker-recorder-run-a32a177d4325,0.00%,10.3MiB / 30.66GiB,0.03%,0B / 0B,123kB / 9.45MB,1
2026-07-31 11:38:11,glim,107.60%,539.3MiB / 30.66GiB,1.72%,0B / 0B,0B / 11.7MB,35
2026-07-31 11:38:11,ouster,7.16%,120.3MiB / 30.66GiB,0.38%,0B / 0B,0B / 3.07MB,30
2026-07-31 11:38:11,openzen,2.16%,34.79MiB / 30.66GiB,0.11%,0B / 0B,0B / 2.15MB,20
2026-07-31 11:38:11,domain_bridge,0.41%,78.02MiB / 30.66GiB,0.25%,0B / 0B,111kB / 5.22MB,28
2026-07-31 11:38:11,mapir-ffmpeg,0.21%,130.1MiB / 30.66GiB,0.41%,0B / 0B,0B / 1.55MB,33
2026-07-31 11:38:11,scovox,109.05%,1.416GiB / 30.66GiB,4.62%,0B / 0B,0B / 5.05MB,53
2026-07-31 11:38:11,nav2,7.69%,272MiB / 30.66GiB,0.87%,0B / 0B,53.2kB / 2.02MB,91
2026-07-31 11:38:14,trav_ros2,101.38%,397.7MiB / 30.66GiB,1.27%,0B / 0B,0B / 2.55MB,44
2026-07-31 11:38:14,docker-recorder-run-a32a177d4325,0.00%,10.3MiB / 30.66GiB,0.03%,0B / 0B,123kB / 9.45MB,1
2026-07-31 11:38:14,glim,107.03%,538.1MiB / 30.66GiB,1.71%,0B / 0B,0B / 11.7MB,35
2026-07-31 11:38:14,ouster,6.93%,120.1MiB / 30.66GiB,0.38%,0B / 0B,0B / 3.07MB,30
2026-07-31 11:38:14,openzen,2.17%,34.8MiB / 30.66GiB,0.11%,0B / 0B,0B / 2.15MB,20
2026-07-31 11:38:14,domain_bridge,0.33%,78.21MiB / 30.66GiB,0.25%,0B / 0B,111kB / 5.22MB,28
2026-07-31 11:38:14,mapir-ffmpeg,0.09%,129.7MiB / 30.66GiB,0.41%,0B / 0B,0B / 1.55MB,33
2026-07-31 11:38:14,scovox,110.64%,1.391GiB / 30.66GiB,4.54%,0B / 0B,0B / 5.05MB,53
2026-07-31 11:38:14,nav2,8.17%,272.3MiB / 30.66GiB,0.87%,0B / 0B,53.2kB / 2.02MB,91
2026-07-31 11:38:17,trav_ros2,101.41%,396.7MiB / 30.66GiB,1.26%,0B / 0B,0B / 2.55MB,44
2026-07-31 11:38:17,docker-recorder-run-a32a177d4325,0.00%,10.3MiB / 30.66GiB,0.03%,0B / 0B,123kB / 9.45MB,1
2026-07-31 11:38:17,glim,145.95%,537.9MiB / 30.66GiB,1.71%,0B / 0B,0B / 11.7MB,35
2026-07-31 11:38:17,ouster,6.96%,120.2MiB / 30.66GiB,0.38%,0B / 0B,0B / 3.07MB,30
2026-07-31 11:38:17,openzen,2.11%,34.54MiB / 30.66GiB,0.11%,0B / 0B,0B / 2.15MB,20
2026-07-31 11:38:17,domain_bridge,0.31%,77.83MiB / 30.66GiB,0.25%,0B / 0B,111kB / 5.22MB,28
2026-07-31 11:38:17,mapir-ffmpeg,0.08%,129.6MiB / 30.66GiB,0.41%,0B / 0B,0B / 1.56MB,33
2026-07-31 11:38:17,scovox,104.83%,1.401GiB / 30.66GiB,4.57%,0B / 0B,0B / 5.05MB,53
2026-07-31 11:38:17,nav2,16.44%,272MiB / 30.66GiB,0.87%,0B / 0B,53.2kB / 2.02MB,93
2026-07-31 11:38:20,trav_ros2,101.56%,391.1MiB / 30.66GiB,1.25%,0B / 0B,0B / 2.57MB,44
2026-07-31 11:38:20,docker-recorder-run-a32a177d4325,0.00%,10.3MiB / 30.66GiB,0.03%,0B / 0B,123kB / 9.45MB,1
2026-07-31 11:38:20,glim,144.33%,538.1MiB / 30.66GiB,1.71%,0B / 0B,0B / 11.7MB,35
2026-07-31 11:38:20,ouster,7.17%,119.9MiB / 30.66GiB,0.38%,0B / 0B,0B / 3.07MB,30
2026-07-31 11:38:20,openzen,2.28%,34.3MiB / 30.66GiB,0.11%,0B / 0B,0B / 2.15MB,20
2026-07-31 11:38:20,domain_bridge,0.56%,77.46MiB / 30.66GiB,0.25%,0B / 0B,111kB / 5.22MB,28
2026-07-31 11:38:20,mapir-ffmpeg,0.16%,129.7MiB / 30.66GiB,0.41%,0B / 0B,0B / 1.56MB,33
2026-07-31 11:38:20,scovox,111.09%,1.393GiB / 30.66GiB,4.54%,0B / 0B,0B / 5.08MB,53
2026-07-31 11:38:20,nav2,16.26%,271.9MiB / 30.66GiB,0.87%,0B / 0B,53.2kB / 2.02MB,93
2026-07-31 11:38:23,trav_ros2,101.86%,397.8MiB / 30.66GiB,1.27%,0B / 0B,0B / 2.57MB,44
2026-07-31 11:38:23,docker-recorder-run-a32a177d4325,0.00%,10.3MiB / 30.66GiB,0.03%,0B / 0B,123kB / 9.45MB,1
2026-07-31 11:38:23,glim,130.70%,538.7MiB / 30.66GiB,1.72%,0B / 0B,0B / 11.7MB,35
2026-07-31 11:38:23,ouster,6.94%,120.4MiB / 30.66GiB,0.38%,0B / 0B,0B / 3.07MB,30
2026-07-31 11:38:23,openzen,2.37%,34.05MiB / 30.66GiB,0.11%,0B / 0B,0B / 2.15MB,20
2026-07-31 11:38:23,domain_bridge,0.28%,77.59MiB / 30.66GiB,0.25%,0B / 0B,111kB / 5.22MB,28
2026-07-31 11:38:23,mapir-ffmpeg,0.21%,129.7MiB / 30.66GiB,0.41%,0B / 0B,0B / 1.56MB,33
2026-07-31 11:38:23,scovox,105.45%,1.401GiB / 30.66GiB,4.57%,0B / 0B,0B / 5.08MB,53
2026-07-31 11:38:23,nav2,8.74%,271.9MiB / 30.66GiB,0.87%,0B / 0B,53.2kB / 2.04MB,93
2026-07-31 11:38:26,trav_ros2,101.30%,392.1MiB / 30.66GiB,1.25%,0B / 0B,0B / 2.57MB,44
2026-07-31 11:38:26,docker-recorder-run-a32a177d4325,0.00%,10.3MiB / 30.66GiB,0.03%,0B / 0B,123kB / 9.45MB,1
2026-07-31 11:38:26,glim,139.52%,538.6MiB / 30.66GiB,1.72%,0B / 0B,0B / 11.7MB,35
2026-07-31 11:38:26,ouster,7.18%,120.5MiB / 30.66GiB,0.38%,0B / 0B,0B / 3.07MB,30
2026-07-31 11:38:26,openzen,2.29%,34.05MiB / 30.66GiB,0.11%,0B / 0B,0B / 2.15MB,20
2026-07-31 11:38:26,domain_bridge,0.65%,77.71MiB / 30.66GiB,0.25%,0B / 0B,111kB / 5.22MB,28
2026-07-31 11:38:26,mapir-ffmpeg,0.33%,129.9MiB / 30.66GiB,0.41%,0B / 0B,0B / 1.56MB,33
2026-07-31 11:38:26,scovox,111.15%,1.395GiB / 30.66GiB,4.55%,0B / 0B,0B / 5.08MB,53
2026-07-31 11:38:26,nav2,9.08%,272.3MiB / 30.66GiB,0.87%,0B / 0B,53.2kB / 2.04MB,93
2026-07-31 11:38:29,trav_ros2,100.95%,396.9MiB / 30.66GiB,1.26%,0B / 0B,0B / 2.57MB,44
2026-07-31 11:38:29,docker-recorder-run-a32a177d4325,0.00%,10.3MiB / 30.66GiB,0.03%,0B / 0B,123kB / 9.45MB,1
2026-07-31 11:38:29,glim,144.01%,539.3MiB / 30.66GiB,1.72%,0B / 0B,0B / 11.7MB,35
2026-07-31 11:38:29,ouster,6.97%,120.2MiB / 30.66GiB,0.38%,0B / 0B,0B / 3.07MB,30
2026-07-31 11:38:29,openzen,2.29%,34.05MiB / 30.66GiB,0.11%,0B / 0B,0B / 2.15MB,20
2026-07-31 11:38:29,domain_bridge,0.17%,77.53MiB / 30.66GiB,0.25%,0B / 0B,111kB / 5.22MB,28
2026-07-31 11:38:29,mapir-ffmpeg,0.09%,129.9MiB / 30.66GiB,0.41%,0B / 0B,0B / 1.56MB,33
2026-07-31 11:38:29,scovox,105.12%,1.411GiB / 30.66GiB,4.60%,0B / 0B,0B / 5.08MB,53
2026-07-31 11:38:29,nav2,9.41%,272MiB / 30.66GiB,0.87%,0B / 0B,53.2kB / 2.04MB,93
2026-07-31 11:38:32,trav_ros2,101.38%,383.8MiB / 30.66GiB,1.22%,0B / 0B,0B / 2.57MB,44
2026-07-31 11:38:32,docker-recorder-run-a32a177d4325,0.00%,10.3MiB / 30.66GiB,0.03%,0B / 0B,123kB / 9.45MB,1
2026-07-31 11:38:32,glim,125.13%,538.2MiB / 30.66GiB,1.71%,0B / 0B,0B / 11.7MB,35
2026-07-31 11:38:32,ouster,6.96%,119.7MiB / 30.66GiB,0.38%,0B / 0B,0B / 3.07MB,30
2026-07-31 11:38:32,openzen,2.34%,34.05MiB / 30.66GiB,0.11%,0B / 0B,0B / 2.15MB,20
2026-07-31 11:38:32,domain_bridge,1.13%,77.95MiB / 30.66GiB,0.25%,0B / 0B,111kB / 5.22MB,28
2026-07-31 11:38:32,mapir-ffmpeg,0.10%,129.2MiB / 30.66GiB,0.41%,0B / 0B,0B / 1.56MB,33
2026-07-31 11:38:32,scovox,109.53%,1.426GiB / 30.66GiB,4.65%,0B / 0B,0B / 5.08MB,53
2026-07-31 11:38:32,nav2,8.70%,271.7MiB / 30.66GiB,0.87%,0B / 0B,53.2kB / 2.04MB,93
2026-07-31 11:38:35,trav_ros2,100.62%,400.1MiB / 30.66GiB,1.27%,0B / 0B,0B / 2.57MB,44
2026-07-31 11:38:35,docker-recorder-run-a32a177d4325,0.00%,10.3MiB / 30.66GiB,0.03%,0B / 0B,123kB / 9.45MB,1
2026-07-31 11:38:35,glim,104.23%,538.2MiB / 30.66GiB,1.71%,0B / 0B,0B / 11.7MB,35
2026-07-31 11:38:35,ouster,7.25%,120.2MiB / 30.66GiB,0.38%,0B / 0B,0B / 3.07MB,30
2026-07-31 11:38:35,openzen,2.36%,34.3MiB / 30.66GiB,0.11%,0B / 0B,0B / 2.15MB,20
2026-07-31 11:38:35,domain_bridge,0.34%,77.55MiB / 30.66GiB,0.25%,0B / 0B,111kB / 5.22MB,28
2026-07-31 11:38:35,mapir-ffmpeg,0.23%,130.2MiB / 30.66GiB,0.41%,0B / 0B,0B / 1.56MB,33
2026-07-31 11:38:35,scovox,105.71%,1.44GiB / 30.66GiB,4.70%,0B / 0B,0B / 5.08MB,53
2026-07-31 11:38:35,nav2,9.76%,272.1MiB / 30.66GiB,0.87%,0B / 0B,53.2kB / 2.04MB,93
2026-07-31 11:38:39,trav_ros2,101.14%,393MiB / 30.66GiB,1.25%,0B / 0B,0B / 2.57MB,44
2026-07-31 11:38:39,docker-recorder-run-a32a177d4325,0.00%,10.3MiB / 30.66GiB,0.03%,0B / 0B,123kB / 9.45MB,1
2026-07-31 11:38:39,glim,134.18%,538.2MiB / 30.66GiB,1.71%,0B / 0B,0B / 11.7MB,35
2026-07-31 11:38:39,ouster,6.94%,119.6MiB / 30.66GiB,0.38%,0B / 0B,0B / 3.07MB,30
2026-07-31 11:38:39,openzen,2.44%,34.05MiB / 30.66GiB,0.11%,0B / 0B,0B / 2.15MB,20
2026-07-31 11:38:39,domain_bridge,0.40%,77.02MiB / 30.66GiB,0.25%,0B / 0B,111kB / 5.22MB,28
2026-07-31 11:38:39,mapir-ffmpeg,0.09%,129.9MiB / 30.66GiB,0.41%,0B / 0B,0B / 1.56MB,33
2026-07-31 11:38:39,scovox,108.22%,1.427GiB / 30.66GiB,4.65%,0B / 0B,0B / 5.08MB,53
2026-07-31 11:38:39,nav2,14.74%,272.7MiB / 30.66GiB,0.87%,0B / 0B,53.2kB / 2.04MB,93
2026-07-31 11:38:42,trav_ros2,101.54%,398.2MiB / 30.66GiB,1.27%,0B / 0B,0B / 2.57MB,44
2026-07-31 11:38:42,docker-recorder-run-a32a177d4325,0.00%,10.3MiB / 30.66GiB,0.03%,0B / 0B,123kB / 9.45MB,1
2026-07-31 11:38:42,glim,133.77%,538.1MiB / 30.66GiB,1.71%,0B / 0B,0B / 11.7MB,35
2026-07-31 11:38:42,ouster,7.30%,120.1MiB / 30.66GiB,0.38%,0B / 0B,0B / 3.07MB,30
2026-07-31 11:38:42,openzen,2.48%,34.3MiB / 30.66GiB,0.11%,0B / 0B,0B / 2.15MB,20
2026-07-31 11:38:42,domain_bridge,0.72%,78.49MiB / 30.66GiB,0.25%,0B / 0B,111kB / 5.22MB,28
2026-07-31 11:38:42,mapir-ffmpeg,0.40%,129.9MiB / 30.66GiB,0.41%,0B / 0B,0B / 1.56MB,33
2026-07-31 11:38:42,scovox,109.92%,1.385GiB / 30.66GiB,4.52%,0B / 0B,0B / 5.08MB,53
2026-07-31 11:38:42,nav2,16.15%,273.1MiB / 30.66GiB,0.87%,0B / 0B,53.2kB / 2.04MB,93
2026-07-31 11:38:45,trav_ros2,101.81%,397.9MiB / 30.66GiB,1.27%,0B / 0B,0B / 2.57MB,44
2026-07-31 11:38:45,docker-recorder-run-a32a177d4325,0.00%,10.3MiB / 30.66GiB,0.03%,0B / 0B,123kB / 9.45MB,1
2026-07-31 11:38:45,glim,143.59%,539MiB / 30.66GiB,1.72%,0B / 0B,0B / 11.7MB,35
2026-07-31 11:38:45,ouster,6.98%,120.6MiB / 30.66GiB,0.38%,0B / 0B,0B / 3.07MB,30
2026-07-31 11:38:45,openzen,2.13%,34.05MiB / 30.66GiB,0.11%,0B / 0B,0B / 2.15MB,20
2026-07-31 11:38:45,domain_bridge,0.33%,77.86MiB / 30.66GiB,0.25%,0B / 0B,111kB / 5.22MB,28
2026-07-31 11:38:45,mapir-ffmpeg,0.08%,129.2MiB / 30.66GiB,0.41%,0B / 0B,0B / 1.56MB,33
2026-07-31 11:38:45,scovox,110.85%,1.416GiB / 30.66GiB,4.62%,0B / 0B,0B / 5.08MB,53
2026-07-31 11:38:45,nav2,16.59%,272.2MiB / 30.66GiB,0.87%,0B / 0B,53.2kB / 2.04MB,93
2026-07-31 11:38:48,trav_ros2,102.06%,412.4MiB / 30.66GiB,1.31%,0B / 0B,0B / 2.57MB,44
2026-07-31 11:38:48,docker-recorder-run-a32a177d4325,0.00%,10.3MiB / 30.66GiB,0.03%,0B / 0B,123kB / 9.45MB,1
2026-07-31 11:38:48,glim,142.15%,538.4MiB / 30.66GiB,1.71%,0B / 0B,0B / 11.7MB,35
2026-07-31 11:38:48,ouster,7.20%,121MiB / 30.66GiB,0.39%,0B / 0B,0B / 3.07MB,30
2026-07-31 11:38:48,openzen,2.20%,34.05MiB / 30.66GiB,0.11%,0B / 0B,0B / 2.15MB,20
2026-07-31 11:38:48,domain_bridge,0.96%,78.03MiB / 30.66GiB,0.25%,0B / 0B,111kB / 5.22MB,28
2026-07-31 11:38:48,mapir-ffmpeg,0.28%,129.4MiB / 30.66GiB,0.41%,0B / 0B,0B / 1.56MB,33
2026-07-31 11:38:48,scovox,107.17%,1.481GiB / 30.66GiB,4.83%,0B / 0B,0B / 5.08MB,53
2026-07-31 11:38:48,nav2,14.48%,274.8MiB / 30.66GiB,0.88%,0B / 0B,53.2kB / 2.04MB,94
2026-07-31 11:38:51,trav_ros2,102.08%,396.3MiB / 30.66GiB,1.26%,0B / 0B,0B / 2.58MB,44
2026-07-31 11:38:51,docker-recorder-run-a32a177d4325,0.00%,10.3MiB / 30.66GiB,0.03%,0B / 0B,123kB / 9.45MB,1
2026-07-31 11:38:51,glim,138.89%,538.5MiB / 30.66GiB,1.71%,0B / 0B,0B / 11.7MB,35
2026-07-31 11:38:51,ouster,7.50%,120.4MiB / 30.66GiB,0.38%,0B / 0B,0B / 3.07MB,30
2026-07-31 11:38:51,openzen,2.28%,34.28MiB / 30.66GiB,0.11%,0B / 0B,0B / 2.15MB,20
2026-07-31 11:38:51,domain_bridge,0.39%,77.8MiB / 30.66GiB,0.25%,0B / 0B,111kB / 5.22MB,28
2026-07-31 11:38:51,mapir-ffmpeg,0.21%,129.9MiB / 30.66GiB,0.41%,0B / 0B,0B / 1.56MB,33
2026-07-31 11:38:51,scovox,108.98%,1.432GiB / 30.66GiB,4.67%,0B / 0B,0B / 5.08MB,53
2026-07-31 11:38:51,nav2,15.81%,272.3MiB / 30.66GiB,0.87%,0B / 0B,53.2kB / 2.04MB,93
2026-07-31 11:38:54,trav_ros2,102.11%,397.2MiB / 30.66GiB,1.26%,0B / 0B,0B / 2.58MB,44
2026-07-31 11:38:54,docker-recorder-run-a32a177d4325,0.00%,10.3MiB / 30.66GiB,0.03%,0B / 0B,123kB / 9.45MB,1
2026-07-31 11:38:54,glim,135.27%,538.2MiB / 30.66GiB,1.71%,0B / 0B,0B / 11.7MB,35
2026-07-31 11:38:54,ouster,7.00%,120MiB / 30.66GiB,0.38%,0B / 0B,0B / 3.07MB,30
2026-07-31 11:38:54,openzen,2.14%,34.3MiB / 30.66GiB,0.11%,0B / 0B,0B / 2.15MB,20
2026-07-31 11:38:54,domain_bridge,0.32%,77.55MiB / 30.66GiB,0.25%,0B / 0B,111kB / 5.22MB,28
2026-07-31 11:38:54,mapir-ffmpeg,0.10%,129.7MiB / 30.66GiB,0.41%,0B / 0B,0B / 1.56MB,33
2026-07-31 11:38:54,scovox,110.80%,1.402GiB / 30.66GiB,4.57%,0B / 0B,0B / 5.11MB,53
2026-07-31 11:38:54,nav2,15.63%,271.9MiB / 30.66GiB,0.87%,0B / 0B,53.2kB / 2.04MB,93
2026-07-31 11:38:57,trav_ros2,101.68%,396.8MiB / 30.66GiB,1.26%,0B / 0B,0B / 2.58MB,44
2026-07-31 11:38:57,docker-recorder-run-a32a177d4325,0.00%,10.3MiB / 30.66GiB,0.03%,0B / 0B,123kB / 9.45MB,1
2026-07-31 11:38:57,glim,141.21%,538.9MiB / 30.66GiB,1.72%,0B / 0B,0B / 11.7MB,35
2026-07-31 11:38:57,ouster,6.86%,119.9MiB / 30.66GiB,0.38%,0B / 0B,0B / 3.07MB,30
2026-07-31 11:38:57,openzen,2.37%,34.77MiB / 30.66GiB,0.11%,0B / 0B,0B / 2.15MB,20
2026-07-31 11:38:57,domain_bridge,0.33%,77.77MiB / 30.66GiB,0.25%,0B / 0B,111kB / 5.22MB,28
2026-07-31 11:38:57,mapir-ffmpeg,0.08%,129.4MiB / 30.66GiB,0.41%,0B / 0B,0B / 1.56MB,33
2026-07-31 11:38:57,scovox,105.14%,1.409GiB / 30.66GiB,4.60%,0B / 0B,0B / 5.11MB,53
2026-07-31 11:38:57,nav2,15.50%,272MiB / 30.66GiB,0.87%,0B / 0B,53.2kB / 2.04MB,93
2026-07-31 11:39:00,trav_ros2,101.31%,397.6MiB / 30.66GiB,1.27%,0B / 0B,0B / 2.58MB,44
2026-07-31 11:39:00,docker-recorder-run-a32a177d4325,0.00%,10.3MiB / 30.66GiB,0.03%,0B / 0B,123kB / 9.45MB,1
2026-07-31 11:39:00,glim,135.19%,539.3MiB / 30.66GiB,1.72%,0B / 0B,0B / 11.7MB,35
2026-07-31 11:39:00,ouster,7.13%,120.5MiB / 30.66GiB,0.38%,0B / 0B,0B / 3.07MB,30
2026-07-31 11:39:00,openzen,2.27%,34.53MiB / 30.66GiB,0.11%,0B / 0B,0B / 2.15MB,20
2026-07-31 11:39:00,domain_bridge,0.51%,77.86MiB / 30.66GiB,0.25%,0B / 0B,111kB / 5.22MB,28
2026-07-31 11:39:00,mapir-ffmpeg,0.16%,129.2MiB / 30.66GiB,0.41%,0B / 0B,0B / 1.56MB,33
2026-07-31 11:39:00,scovox,108.87%,1.401GiB / 30.66GiB,4.57%,0B / 0B,0B / 5.11MB,53
2026-07-31 11:39:00,nav2,16.74%,272MiB / 30.66GiB,0.87%,0B / 0B,53.2kB / 2.07MB,93
2026-07-31 11:39:03,trav_ros2,101.55%,391.4MiB / 30.66GiB,1.25%,0B / 0B,0B / 2.58MB,44
2026-07-31 11:39:03,docker-recorder-run-a32a177d4325,0.00%,10.3MiB / 30.66GiB,0.03%,0B / 0B,123kB / 9.45MB,1
2026-07-31 11:39:03,glim,133.02%,538.5MiB / 30.66GiB,1.71%,0B / 0B,0B / 11.7MB,35
2026-07-31 11:39:03,ouster,7.15%,120.5MiB / 30.66GiB,0.38%,0B / 0B,0B / 3.07MB,30
2026-07-31 11:39:03,openzen,2.23%,34.28MiB / 30.66GiB,0.11%,0B / 0B,0B / 2.15MB,20
2026-07-31 11:39:03,domain_bridge,0.27%,77.11MiB / 30.66GiB,0.25%,0B / 0B,111kB / 5.22MB,28
2026-07-31 11:39:03,mapir-ffmpeg,0.20%,129.7MiB / 30.66GiB,0.41%,0B / 0B,0B / 1.56MB,33
2026-07-31 11:39:03,scovox,108.82%,1.411GiB / 30.66GiB,4.60%,0B / 0B,0B / 5.11MB,53
2026-07-31 11:39:03,nav2,15.16%,272.4MiB / 30.66GiB,0.87%,0B / 0B,53.2kB / 2.07MB,93
2026-07-31 11:39:06,trav_ros2,101.51%,398.8MiB / 30.66GiB,1.27%,0B / 0B,0B / 2.58MB,44
2026-07-31 11:39:06,docker-recorder-run-a32a177d4325,0.00%,10.3MiB / 30.66GiB,0.03%,0B / 0B,123kB / 9.45MB,1
2026-07-31 11:39:06,glim,136.87%,538.3MiB / 30.66GiB,1.71%,0B / 0B,0B / 11.7MB,35
2026-07-31 11:39:06,ouster,7.43%,120.5MiB / 30.66GiB,0.38%,0B / 0B,0B / 3.07MB,30
2026-07-31 11:39:06,openzen,2.24%,34.28MiB / 30.66GiB,0.11%,0B / 0B,0B / 2.15MB,20
2026-07-31 11:39:06,domain_bridge,0.48%,78.26MiB / 30.66GiB,0.25%,0B / 0B,111kB / 5.22MB,28
2026-07-31 11:39:06,mapir-ffmpeg,0.35%,130.1MiB / 30.66GiB,0.41%,0B / 0B,0B / 1.56MB,33
2026-07-31 11:39:06,scovox,110.95%,1.401GiB / 30.66GiB,4.57%,0B / 0B,0B / 5.11MB,53
2026-07-31 11:39:06,nav2,17.23%,273.4MiB / 30.66GiB,0.87%,0B / 0B,53.2kB / 2.07MB,93
2026-07-31 11:39:09,trav_ros2,101.72%,392.6MiB / 30.66GiB,1.25%,0B / 0B,0B / 2.58MB,44
2026-07-31 11:39:09,docker-recorder-run-a32a177d4325,0.00%,10.3MiB / 30.66GiB,0.03%,0B / 0B,123kB / 9.45MB,1
2026-07-31 11:39:09,glim,138.83%,548.9MiB / 30.66GiB,1.75%,0B / 0B,0B / 11.7MB,35
2026-07-31 11:39:09,ouster,6.89%,120.7MiB / 30.66GiB,0.38%,0B / 0B,0B / 3.07MB,30
2026-07-31 11:39:09,openzen,2.14%,34.28MiB / 30.66GiB,0.11%,0B / 0B,0B / 2.15MB,20
2026-07-31 11:39:09,domain_bridge,0.11%,77.62MiB / 30.66GiB,0.25%,0B / 0B,111kB / 5.22MB,28
2026-07-31 11:39:09,mapir-ffmpeg,0.09%,129.4MiB / 30.66GiB,0.41%,0B / 0B,0B / 1.56MB,33
2026-07-31 11:39:09,scovox,106.29%,1.438GiB / 30.66GiB,4.69%,0B / 0B,0B / 5.11MB,53
2026-07-31 11:39:09,nav2,16.81%,272.6MiB / 30.66GiB,0.87%,0B / 0B,53.2kB / 2.07MB,93
2026-07-31 11:39:12,trav_ros2,101.71%,393.6MiB / 30.66GiB,1.25%,0B / 0B,0B / 2.58MB,44
2026-07-31 11:39:12,docker-recorder-run-a32a177d4325,0.00%,10.3MiB / 30.66GiB,0.03%,0B / 0B,123kB / 9.45MB,1
2026-07-31 11:39:12,glim,143.22%,548.5MiB / 30.66GiB,1.75%,0B / 0B,0B / 11.7MB,35
2026-07-31 11:39:12,ouster,7.27%,120.9MiB / 30.66GiB,0.39%,0B / 0B,0B / 3.07MB,30
2026-07-31 11:39:12,openzen,2.24%,34.28MiB / 30.66GiB,0.11%,0B / 0B,0B / 2.15MB,20
2026-07-31 11:39:12,domain_bridge,1.13%,78.34MiB / 30.66GiB,0.25%,0B / 0B,111kB / 5.22MB,28
2026-07-31 11:39:12,mapir-ffmpeg,0.27%,129.7MiB / 30.66GiB,0.41%,0B / 0B,0B / 1.56MB,33
2026-07-31 11:39:12,scovox,110.45%,1.401GiB / 30.66GiB,4.57%,0B / 0B,0B / 5.11MB,53
2026-07-31 11:39:12,nav2,15.26%,271.2MiB / 30.66GiB,0.86%,0B / 0B,53.2kB / 2.07MB,93
2026-07-31 11:39:16,trav_ros2,101.89%,393.6MiB / 30.66GiB,1.25%,0B / 0B,0B / 2.58MB,44
2026-07-31 11:39:16,docker-recorder-run-a32a177d4325,0.00%,10.3MiB / 30.66GiB,0.03%,0B / 0B,123kB / 9.45MB,1
2026-07-31 11:39:16,glim,126.63%,548.1MiB / 30.66GiB,1.75%,0B / 0B,0B / 11.7MB,35
2026-07-31 11:39:16,ouster,7.33%,120.9MiB / 30.66GiB,0.39%,0B / 0B,0B / 3.07MB,30
2026-07-31 11:39:16,openzen,2.55%,34.28MiB / 30.66GiB,0.11%,0B / 0B,0B / 2.15MB,20
2026-07-31 11:39:16,domain_bridge,0.36%,77.23MiB / 30.66GiB,0.25%,0B / 0B,111kB / 5.22MB,28
2026-07-31 11:39:16,mapir-ffmpeg,0.24%,129.4MiB / 30.66GiB,0.41%,0B / 0B,0B / 1.56MB,33
2026-07-31 11:39:16,scovox,106.76%,1.437GiB / 30.66GiB,4.68%,0B / 0B,0B / 5.11MB,53
2026-07-31 11:39:16,nav2,17.77%,272.6MiB / 30.66GiB,0.87%,0B / 0B,53.2kB / 2.07MB,93
2026-07-31 11:39:19,trav_ros2,101.77%,396.9MiB / 30.66GiB,1.26%,0B / 0B,0B / 2.58MB,44
2026-07-31 11:39:19,docker-recorder-run-a32a177d4325,0.00%,10.3MiB / 30.66GiB,0.03%,0B / 0B,123kB / 9.45MB,1
2026-07-31 11:39:19,glim,131.47%,548.3MiB / 30.66GiB,1.75%,0B / 0B,0B / 11.7MB,35
2026-07-31 11:39:19,ouster,6.88%,120.7MiB / 30.66GiB,0.38%,0B / 0B,0B / 3.07MB,30
2026-07-31 11:39:19,openzen,2.45%,34.77MiB / 30.66GiB,0.11%,0B / 0B,0B / 2.15MB,20
2026-07-31 11:39:19,domain_bridge,0.35%,77.58MiB / 30.66GiB,0.25%,0B / 0B,111kB / 5.22MB,28
2026-07-31 11:39:19,mapir-ffmpeg,0.09%,130.1MiB / 30.66GiB,0.41%,0B / 0B,0B / 1.56MB,33
2026-07-31 11:39:19,scovox,109.32%,1.43GiB / 30.66GiB,4.66%,0B / 0B,0B / 5.11MB,53
2026-07-31 11:39:19,nav2,16.64%,271.8MiB / 30.66GiB,0.87%,0B / 0B,53.2kB / 2.07MB,93
2026-07-31 11:39:22,trav_ros2,102.14%,397.8MiB / 30.66GiB,1.27%,0B / 0B,0B / 2.58MB,44
2026-07-31 11:39:22,docker-recorder-run-a32a177d4325,0.00%,10.3MiB / 30.66GiB,0.03%,0B / 0B,123kB / 9.45MB,1
2026-07-31 11:39:22,glim,146.30%,548.9MiB / 30.66GiB,1.75%,0B / 0B,0B / 11.7MB,35
2026-07-31 11:39:22,ouster,7.06%,120.5MiB / 30.66GiB,0.38%,0B / 0B,0B / 3.07MB,30
2026-07-31 11:39:22,openzen,2.41%,34.77MiB / 30.66GiB,0.11%,0B / 0B,0B / 2.15MB,20
2026-07-31 11:39:22,domain_bridge,0.48%,77.61MiB / 30.66GiB,0.25%,0B / 0B,111kB / 5.22MB,28
2026-07-31 11:39:22,mapir-ffmpeg,0.39%,129.2MiB / 30.66GiB,0.41%,0B / 0B,0B / 1.56MB,33
2026-07-31 11:39:22,scovox,107.00%,1.425GiB / 30.66GiB,4.65%,0B / 0B,0B / 5.11MB,53
2026-07-31 11:39:22,nav2,17.70%,271MiB / 30.66GiB,0.86%,0B / 0B,53.2kB / 2.07MB,93
2026-07-31 11:39:25,trav_ros2,101.82%,397.3MiB / 30.66GiB,1.27%,0B / 0B,0B / 2.6MB,44
2026-07-31 11:39:25,docker-recorder-run-a32a177d4325,0.00%,10.3MiB / 30.66GiB,0.03%,0B / 0B,123kB / 9.45MB,1
2026-07-31 11:39:25,glim,129.64%,531.5MiB / 30.66GiB,1.69%,0B / 0B,0B / 11.7MB,35
2026-07-31 11:39:25,ouster,7.13%,120.4MiB / 30.66GiB,0.38%,0B / 0B,0B / 3.07MB,30
2026-07-31 11:39:25,openzen,2.20%,34.52MiB / 30.66GiB,0.11%,0B / 0B,0B / 2.15MB,20
2026-07-31 11:39:25,domain_bridge,0.37%,77.45MiB / 30.66GiB,0.25%,0B / 0B,111kB / 5.22MB,28
2026-07-31 11:39:25,mapir-ffmpeg,0.09%,129.2MiB / 30.66GiB,0.41%,0B / 0B,0B / 1.56MB,33
2026-07-31 11:39:25,scovox,109.57%,1.431GiB / 30.66GiB,4.67%,0B / 0B,0B / 5.11MB,53
2026-07-31 11:39:25,nav2,16.23%,272.8MiB / 30.66GiB,0.87%,0B / 0B,53.2kB / 2.07MB,93
2026-07-31 11:39:28,trav_ros2,101.08%,397.5MiB / 30.66GiB,1.27%,0B / 0B,0B / 2.6MB,44
2026-07-31 11:39:28,docker-recorder-run-a32a177d4325,0.00%,10.3MiB / 30.66GiB,0.03%,0B / 0B,123kB / 9.45MB,1
2026-07-31 11:39:28,glim,147.39%,532MiB / 30.66GiB,1.69%,0B / 0B,0B / 11.7MB,35
2026-07-31 11:39:28,ouster,7.18%,120.4MiB / 30.66GiB,0.38%,0B / 0B,0B / 3.07MB,30
2026-07-31 11:39:28,openzen,2.30%,34.52MiB / 30.66GiB,0.11%,0B / 0B,0B / 2.15MB,20
2026-07-31 11:39:28,domain_bridge,0.96%,78.69MiB / 30.66GiB,0.25%,0B / 0B,111kB / 5.22MB,28
2026-07-31 11:39:28,mapir-ffmpeg,0.28%,130.1MiB / 30.66GiB,0.41%,0B / 0B,0B / 1.57MB,33
2026-07-31 11:39:28,scovox,110.67%,1.401GiB / 30.66GiB,4.57%,0B / 0B,0B / 5.11MB,53
2026-07-31 11:39:28,nav2,16.87%,271.9MiB / 30.66GiB,0.87%,0B / 0B,53.2kB / 2.07MB,93
2026-07-31 11:39:31,trav_ros2,101.49%,398.5MiB / 30.66GiB,1.27%,0B / 0B,0B / 2.6MB,44
2026-07-31 11:39:31,docker-recorder-run-a32a177d4325,0.00%,10.3MiB / 30.66GiB,0.03%,0B / 0B,123kB / 9.45MB,1
2026-07-31 11:39:31,glim,143.94%,557.8MiB / 30.66GiB,1.78%,0B / 0B,0B / 11.7MB,35
2026-07-31 11:39:31,ouster,6.95%,120.2MiB / 30.66GiB,0.38%,0B / 0B,0B / 3.07MB,30
2026-07-31 11:39:31,openzen,2.39%,34.54MiB / 30.66GiB,0.11%,0B / 0B,0B / 2.15MB,20
2026-07-31 11:39:31,domain_bridge,0.24%,78.63MiB / 30.66GiB,0.25%,0B / 0B,111kB / 5.22MB,28
2026-07-31 11:39:31,mapir-ffmpeg,0.17%,129.9MiB / 30.66GiB,0.41%,0B / 0B,0B / 1.57MB,33
2026-07-31 11:39:31,scovox,107.91%,1.41GiB / 30.66GiB,4.60%,0B / 0B,0B / 5.13MB,53
2026-07-31 11:39:31,nav2,16.72%,272.7MiB / 30.66GiB,0.87%,0B / 0B,53.2kB / 2.07MB,93
2026-07-31 11:39:34,trav_ros2,101.08%,397.7MiB / 30.66GiB,1.27%,0B / 0B,0B / 2.6MB,44
2026-07-31 11:39:34,docker-recorder-run-a32a177d4325,0.00%,10.3MiB / 30.66GiB,0.03%,0B / 0B,123kB / 9.45MB,1
2026-07-31 11:39:34,glim,142.07%,571.4MiB / 30.66GiB,1.82%,0B / 0B,0B / 11.7MB,35
2026-07-31 11:39:34,ouster,6.93%,120.1MiB / 30.66GiB,0.38%,0B / 0B,0B / 3.07MB,30
2026-07-31 11:39:34,openzen,2.31%,34.28MiB / 30.66GiB,0.11%,0B / 0B,0B / 2.15MB,20
2026-07-31 11:39:34,domain_bridge,0.34%,77.56MiB / 30.66GiB,0.25%,0B / 0B,111kB / 5.22MB,28
2026-07-31 11:39:34,mapir-ffmpeg,0.06%,129.2MiB / 30.66GiB,0.41%,0B / 0B,0B / 1.57MB,33
2026-07-31 11:39:34,scovox,109.34%,1.402GiB / 30.66GiB,4.57%,0B / 0B,0B / 5.13MB,53
2026-07-31 11:39:34,nav2,17.08%,272.4MiB / 30.66GiB,0.87%,0B / 0B,53.2kB / 2.09MB,93
2026-07-31 11:39:37,trav_ros2,100.81%,398.5MiB / 30.66GiB,1.27%,0B / 0B,0B / 2.6MB,44
2026-07-31 11:39:37,docker-recorder-run-a32a177d4325,0.00%,10.3MiB / 30.66GiB,0.03%,0B / 0B,123kB / 9.45MB,1
2026-07-31 11:39:37,glim,142.82%,572MiB / 30.66GiB,1.82%,0B / 0B,0B / 11.7MB,35
2026-07-31 11:39:37,ouster,6.80%,120.1MiB / 30.66GiB,0.38%,0B / 0B,0B / 3.07MB,30
2026-07-31 11:39:37,openzen,2.38%,34.28MiB / 30.66GiB,0.11%,0B / 0B,0B / 2.15MB,20
2026-07-31 11:39:37,domain_bridge,0.29%,78.69MiB / 30.66GiB,0.25%,0B / 0B,111kB / 5.22MB,28
2026-07-31 11:39:37,mapir-ffmpeg,0.09%,129.2MiB / 30.66GiB,0.41%,0B / 0B,0B / 1.57MB,33
2026-07-31 11:39:37,scovox,104.01%,1.414GiB / 30.66GiB,4.61%,0B / 0B,0B / 5.13MB,53
2026-07-31 11:39:37,nav2,15.89%,272MiB / 30.66GiB,0.87%,0B / 0B,53.2kB / 2.09MB,93
2026-07-31 11:39:40,trav_ros2,101.79%,396.8MiB / 30.66GiB,1.26%,0B / 0B,0B / 2.6MB,44
2026-07-31 11:39:40,docker-recorder-run-a32a177d4325,0.00%,10.3MiB / 30.66GiB,0.03%,0B / 0B,123kB / 9.45MB,1
2026-07-31 11:39:40,glim,135.54%,577.2MiB / 30.66GiB,1.84%,0B / 0B,0B / 11.7MB,35
2026-07-31 11:39:40,ouster,7.05%,120MiB / 30.66GiB,0.38%,0B / 0B,0B / 3.07MB,30
2026-07-31 11:39:40,openzen,2.22%,34.53MiB / 30.66GiB,0.11%,0B / 0B,0B / 2.15MB,20
2026-07-31 11:39:40,domain_bridge,0.61%,77.99MiB / 30.66GiB,0.25%,0B / 0B,111kB / 5.22MB,28
2026-07-31 11:39:40,mapir-ffmpeg,0.18%,129.7MiB / 30.66GiB,0.41%,0B / 0B,0B / 1.57MB,33
2026-07-31 11:39:40,scovox,111.67%,1.408GiB / 30.66GiB,4.59%,0B / 0B,0B / 5.13MB,53
2026-07-31 11:39:40,nav2,17.18%,272.1MiB / 30.66GiB,0.87%,0B / 0B,53.2kB / 2.09MB,93
2026-07-31 11:39:43,trav_ros2,101.57%,392.3MiB / 30.66GiB,1.25%,0B / 0B,0B / 2.6MB,44
2026-07-31 11:39:43,docker-recorder-run-a32a177d4325,0.00%,10.3MiB / 30.66GiB,0.03%,0B / 0B,123kB / 9.45MB,1
2026-07-31 11:39:43,glim,125.35%,571.5MiB / 30.66GiB,1.82%,0B / 0B,0B / 11.8MB,35
2026-07-31 11:39:43,ouster,7.47%,120.2MiB / 30.66GiB,0.38%,0B / 0B,0B / 3.07MB,30
2026-07-31 11:39:43,openzen,2.21%,34.78MiB / 30.66GiB,0.11%,0B / 0B,0B / 2.15MB,20
2026-07-31 11:39:43,domain_bridge,0.34%,77.57MiB / 30.66GiB,0.25%,0B / 0B,111kB / 5.22MB,28
2026-07-31 11:39:43,mapir-ffmpeg,0.21%,130.4MiB / 30.66GiB,0.42%,0B / 0B,0B / 1.57MB,33
2026-07-31 11:39:43,scovox,105.55%,1.467GiB / 30.66GiB,4.79%,0B / 0B,0B / 5.13MB,53
2026-07-31 11:39:43,nav2,17.25%,272.4MiB / 30.66GiB,0.87%,0B / 0B,53.2kB / 2.09MB,93
2026-07-31 11:39:46,trav_ros2,102.13%,444.1MiB / 30.66GiB,1.41%,0B / 0B,0B / 2.6MB,44
2026-07-31 11:39:46,docker-recorder-run-a32a177d4325,0.00%,10.3MiB / 30.66GiB,0.03%,0B / 0B,123kB / 9.45MB,1
2026-07-31 11:39:46,glim,149.00%,573.1MiB / 30.66GiB,1.83%,0B / 0B,0B / 11.8MB,35
2026-07-31 11:39:46,ouster,7.21%,120.4MiB / 30.66GiB,0.38%,0B / 0B,0B / 3.07MB,30
2026-07-31 11:39:46,openzen,2.27%,34.79MiB / 30.66GiB,0.11%,0B / 0B,0B / 2.15MB,20
2026-07-31 11:39:46,domain_bridge,0.61%,77MiB / 30.66GiB,0.25%,0B / 0B,111kB / 5.22MB,28
2026-07-31 11:39:46,mapir-ffmpeg,0.37%,129.9MiB / 30.66GiB,0.41%,0B / 0B,0B / 1.57MB,33
2026-07-31 11:39:46,scovox,108.88%,1.411GiB / 30.66GiB,4.60%,0B / 0B,0B / 5.13MB,53
2026-07-31 11:39:46,nav2,16.34%,272.9MiB / 30.66GiB,0.87%,0B / 0B,53.2kB / 2.09MB,93
2026-07-31 11:39:49,trav_ros2,102.03%,397.4MiB / 30.66GiB,1.27%,0B / 0B,0B / 2.6MB,44
2026-07-31 11:39:49,docker-recorder-run-a32a177d4325,0.00%,10.3MiB / 30.66GiB,0.03%,0B / 0B,123kB / 9.45MB,1
2026-07-31 11:39:49,glim,133.77%,579.6MiB / 30.66GiB,1.85%,0B / 0B,0B / 11.8MB,35
2026-07-31 11:39:49,ouster,6.85%,119.8MiB / 30.66GiB,0.38%,0B / 0B,0B / 3.07MB,30
2026-07-31 11:39:49,openzen,2.34%,34.29MiB / 30.66GiB,0.11%,0B / 0B,0B / 2.15MB,20
2026-07-31 11:39:49,domain_bridge,0.20%,77.61MiB / 30.66GiB,0.25%,0B / 0B,111kB / 5.22MB,28
2026-07-31 11:39:49,mapir-ffmpeg,0.09%,129.4MiB / 30.66GiB,0.41%,0B / 0B,0B / 1.57MB,33
2026-07-31 11:39:49,scovox,106.20%,1.421GiB / 30.66GiB,4.63%,0B / 0B,0B / 5.13MB,53
2026-07-31 11:39:49,nav2,8.43%,272.3MiB / 30.66GiB,0.87%,0B / 0B,53.2kB / 2.09MB,93
2026-07-31 11:39:52,trav_ros2,101.65%,391.4MiB / 30.66GiB,1.25%,0B / 0B,0B / 2.6MB,44
2026-07-31 11:39:52,docker-recorder-run-a32a177d4325,0.00%,10.3MiB / 30.66GiB,0.03%,0B / 0B,123kB / 9.45MB,1
2026-07-31 11:39:52,glim,142.38%,579.6MiB / 30.66GiB,1.85%,0B / 0B,0B / 11.8MB,35
2026-07-31 11:39:52,ouster,7.01%,120.2MiB / 30.66GiB,0.38%,0B / 0B,0B / 3.07MB,30
2026-07-31 11:39:52,openzen,2.39%,34.28MiB / 30.66GiB,0.11%,0B / 0B,0B / 2.15MB,20
2026-07-31 11:39:52,domain_bridge,1.05%,78.18MiB / 30.66GiB,0.25%,0B / 0B,111kB / 5.22MB,28
2026-07-31 11:39:52,mapir-ffmpeg,0.12%,130.1MiB / 30.66GiB,0.41%,0B / 0B,0B / 1.57MB,33
2026-07-31 11:39:52,scovox,108.29%,1.436GiB / 30.66GiB,4.68%,0B / 0B,0B / 5.13MB,53
2026-07-31 11:39:52,nav2,9.01%,271.9MiB / 30.66GiB,0.87%,0B / 0B,53.2kB / 2.09MB,93
2026-07-31 11:39:56,trav_ros2,102.04%,397.3MiB / 30.66GiB,1.27%,0B / 0B,0B / 2.62MB,44
2026-07-31 11:39:56,docker-recorder-run-a32a177d4325,0.00%,10.3MiB / 30.66GiB,0.03%,0B / 0B,123kB / 9.45MB,1
2026-07-31 11:39:56,glim,142.77%,579.4MiB / 30.66GiB,1.85%,0B / 0B,0B / 11.8MB,35
2026-07-31 11:39:56,ouster,7.01%,120.2MiB / 30.66GiB,0.38%,0B / 0B,0B / 3.07MB,30
2026-07-31 11:39:56,openzen,2.33%,34.53MiB / 30.66GiB,0.11%,0B / 0B,0B / 2.15MB,20
2026-07-31 11:39:56,domain_bridge,0.40%,77.18MiB / 30.66GiB,0.25%,0B / 0B,111kB / 5.22MB,28
2026-07-31 11:39:56,mapir-ffmpeg,0.25%,130.2MiB / 30.66GiB,0.41%,0B / 0B,0B / 1.57MB,33
2026-07-31 11:39:56,scovox,107.48%,1.434GiB / 30.66GiB,4.68%,0B / 0B,0B / 5.13MB,53
2026-07-31 11:39:56,nav2,15.37%,272.1MiB / 30.66GiB,0.87%,0B / 0B,53.2kB / 2.09MB,93
2026-07-31 11:39:59,trav_ros2,101.30%,397.2MiB / 30.66GiB,1.26%,0B / 0B,0B / 2.62MB,44
2026-07-31 11:39:59,docker-recorder-run-a32a177d4325,0.00%,10.3MiB / 30.66GiB,0.03%,0B / 0B,123kB / 9.45MB,1
2026-07-31 11:39:59,glim,148.05%,579.3MiB / 30.66GiB,1.85%,0B / 0B,0B / 11.8MB,35
2026-07-31 11:39:59,ouster,6.92%,120MiB / 30.66GiB,0.38%,0B / 0B,0B / 3.07MB,30
2026-07-31 11:39:59,openzen,2.30%,34.52MiB / 30.66GiB,0.11%,0B / 0B,0B / 2.15MB,20
2026-07-31 11:39:59,domain_bridge,0.31%,77.62MiB / 30.66GiB,0.25%,0B / 0B,111kB / 5.22MB,28
2026-07-31 11:39:59,mapir-ffmpeg,0.10%,129.7MiB / 30.66GiB,0.41%,0B / 0B,0B / 1.57MB,33
2026-07-31 11:39:59,scovox,108.70%,1.412GiB / 30.66GiB,4.60%,0B / 0B,0B / 5.13MB,53
2026-07-31 11:39:59,nav2,16.08%,272.3MiB / 30.66GiB,0.87%,0B / 0B,53.2kB / 2.09MB,93
2026-07-31 11:40:02,trav_ros2,101.67%,397.5MiB / 30.66GiB,1.27%,0B / 0B,0B / 2.62MB,44
2026-07-31 11:40:02,docker-recorder-run-a32a177d4325,0.00%,10.3MiB / 30.66GiB,0.03%,0B / 0B,123kB / 9.45MB,1
2026-07-31 11:40:02,glim,132.68%,579.6MiB / 30.66GiB,1.85%,0B / 0B,0B / 11.8MB,35
2026-07-31 11:40:02,ouster,7.10%,120.2MiB / 30.66GiB,0.38%,0B / 0B,0B / 3.07MB,30
2026-07-31 11:40:02,openzen,2.53%,35.27MiB / 30.66GiB,0.11%,0B / 0B,0B / 2.15MB,20
2026-07-31 11:40:02,domain_bridge,0.72%,77.88MiB / 30.66GiB,0.25%,0B / 0B,111kB / 5.22MB,28
2026-07-31 11:40:02,mapir-ffmpeg,0.46%,129.4MiB / 30.66GiB,0.41%,0B / 0B,0B / 1.57MB,33
2026-07-31 11:40:02,scovox,109.61%,1.405GiB / 30.66GiB,4.58%,0B / 0B,0B / 5.13MB,53
2026-07-31 11:40:02,nav2,17.12%,272.3MiB / 30.66GiB,0.87%,0B / 0B,53.2kB / 2.09MB,93
2026-07-31 11:40:05,trav_ros2,100.86%,397.2MiB / 30.66GiB,1.27%,0B / 0B,0B / 2.62MB,44
2026-07-31 11:40:05,docker-recorder-run-a32a177d4325,0.00%,10.3MiB / 30.66GiB,0.03%,0B / 0B,123kB / 9.45MB,1
2026-07-31 11:40:05,glim,127.82%,563.4MiB / 30.66GiB,1.79%,0B / 0B,0B / 11.8MB,35
2026-07-31 11:40:05,ouster,7.23%,119.9MiB / 30.66GiB,0.38%,0B / 0B,0B / 3.07MB,30
2026-07-31 11:40:05,openzen,2.00%,34.05MiB / 30.66GiB,0.11%,0B / 0B,0B / 2.15MB,20
2026-07-31 11:40:05,domain_bridge,0.17%,77.38MiB / 30.66GiB,0.25%,0B / 0B,111kB / 5.22MB,28
2026-07-31 11:40:05,mapir-ffmpeg,0.07%,129.4MiB / 30.66GiB,0.41%,0B / 0B,0B / 1.57MB,33
2026-07-31 11:40:05,scovox,106.85%,1.437GiB / 30.66GiB,4.69%,0B / 0B,0B / 5.16MB,53
2026-07-31 11:40:05,nav2,15.94%,271.5MiB / 30.66GiB,0.86%,0B / 0B,53.2kB / 2.09MB,93
2026-07-31 11:40:08,trav_ros2,101.31%,398.1MiB / 30.66GiB,1.27%,0B / 0B,0B / 2.62MB,44
2026-07-31 11:40:08,docker-recorder-run-a32a177d4325,0.00%,10.3MiB / 30.66GiB,0.03%,0B / 0B,123kB / 9.45MB,1
2026-07-31 11:40:08,glim,120.41%,563.7MiB / 30.66GiB,1.80%,0B / 0B,0B / 11.8MB,35
2026-07-31 11:40:08,ouster,7.12%,120.1MiB / 30.66GiB,0.38%,0B / 0B,0B / 3.07MB,30
2026-07-31 11:40:08,openzen,2.20%,34.05MiB / 30.66GiB,0.11%,0B / 0B,0B / 2.15MB,20
2026-07-31 11:40:08,domain_bridge,1.13%,78.14MiB / 30.66GiB,0.25%,0B / 0B,111kB / 5.22MB,28
2026-07-31 11:40:08,mapir-ffmpeg,0.27%,129.7MiB / 30.66GiB,0.41%,0B / 0B,0B / 1.57MB,33
2026-07-31 11:40:08,scovox,108.08%,1.405GiB / 30.66GiB,4.58%,0B / 0B,0B / 5.16MB,53
2026-07-31 11:40:08,nav2,16.55%,271.4MiB / 30.66GiB,0.86%,0B / 0B,53.2kB / 2.11MB,93
2026-07-31 11:40:11,trav_ros2,101.32%,397.6MiB / 30.66GiB,1.27%,0B / 0B,0B / 2.62MB,44
2026-07-31 11:40:11,docker-recorder-run-a32a177d4325,0.00%,10.3MiB / 30.66GiB,0.03%,0B / 0B,123kB / 9.45MB,1
2026-07-31 11:40:11,glim,110.36%,563.1MiB / 30.66GiB,1.79%,0B / 0B,0B / 11.8MB,35
2026-07-31 11:40:11,ouster,6.93%,120.4MiB / 30.66GiB,0.38%,0B / 0B,0B / 3.07MB,30
2026-07-31 11:40:11,openzen,2.24%,34.31MiB / 30.66GiB,0.11%,0B / 0B,0B / 2.15MB,20
2026-07-31 11:40:11,domain_bridge,0.21%,77.4MiB / 30.66GiB,0.25%,0B / 0B,111kB / 5.22MB,28
2026-07-31 11:40:11,mapir-ffmpeg,0.12%,129.4MiB / 30.66GiB,0.41%,0B / 0B,0B / 1.57MB,33
2026-07-31 11:40:11,scovox,104.64%,1.437GiB / 30.66GiB,4.69%,0B / 0B,0B / 5.16MB,53
2026-07-31 11:40:11,nav2,16.41%,272.4MiB / 30.66GiB,0.87%,0B / 0B,53.2kB / 2.11MB,93
2026-07-31 11:40:14,trav_ros2,101.21%,398MiB / 30.66GiB,1.27%,0B / 0B,0B / 2.62MB,44
2026-07-31 11:40:14,docker-recorder-run-a32a177d4325,0.00%,10.3MiB / 30.66GiB,0.03%,0B / 0B,123kB / 9.45MB,1
2026-07-31 11:40:14,glim,117.49%,562.9MiB / 30.66GiB,1.79%,0B / 0B,0B / 11.8MB,35
2026-07-31 11:40:14,ouster,6.84%,120MiB / 30.66GiB,0.38%,0B / 0B,0B / 3.07MB,30
2026-07-31 11:40:14,openzen,2.25%,34.3MiB / 30.66GiB,0.11%,0B / 0B,0B / 2.15MB,20
2026-07-31 11:40:14,domain_bridge,0.13%,77.8MiB / 30.66GiB,0.25%,0B / 0B,111kB / 5.22MB,28
2026-07-31 11:40:14,mapir-ffmpeg,0.09%,129.2MiB / 30.66GiB,0.41%,0B / 0B,0B / 1.57MB,33
2026-07-31 11:40:14,scovox,110.52%,1.405GiB / 30.66GiB,4.58%,0B / 0B,0B / 5.16MB,53
2026-07-31 11:40:14,nav2,17.11%,272.2MiB / 30.66GiB,0.87%,0B / 0B,53.2kB / 2.11MB,93
2026-07-31 11:40:17,trav_ros2,101.82%,399.5MiB / 30.66GiB,1.27%,0B / 0B,0B / 2.62MB,44
2026-07-31 11:40:17,docker-recorder-run-a32a177d4325,0.00%,10.3MiB / 30.66GiB,0.03%,0B / 0B,123kB / 9.45MB,1
2026-07-31 11:40:17,glim,118.08%,562.5MiB / 30.66GiB,1.79%,0B / 0B,0B / 11.8MB,35
2026-07-31 11:40:17,ouster,7.58%,119.7MiB / 30.66GiB,0.38%,0B / 0B,0B / 3.07MB,30
2026-07-31 11:40:17,openzen,2.52%,34.05MiB / 30.66GiB,0.11%,0B / 0B,0B / 2.15MB,20
2026-07-31 11:40:17,domain_bridge,1.04%,78.55MiB / 30.66GiB,0.25%,0B / 0B,111kB / 5.22MB,28
2026-07-31 11:40:17,mapir-ffmpeg,0.26%,129.2MiB / 30.66GiB,0.41%,0B / 0B,0B / 1.57MB,33
2026-07-31 11:40:17,scovox,104.25%,1.42GiB / 30.66GiB,4.63%,0B / 0B,0B / 5.16MB,53
2026-07-31 11:40:17,nav2,15.87%,271.7MiB / 30.66GiB,0.87%,0B / 0B,53.2kB / 2.11MB,93
2026-07-31 11:40:20,trav_ros2,102.86%,397.6MiB / 30.66GiB,1.27%,0B / 0B,0B / 2.63MB,44
2026-07-31 11:40:20,docker-recorder-run-a32a177d4325,79.63%,57.82MiB / 30.66GiB,0.18%,0B / 0B,127kB / 29.7MB,15
2026-07-31 11:40:20,glim,119.84%,562.6MiB / 30.66GiB,1.79%,0B / 0B,0B / 11.8MB,35
2026-07-31 11:40:20,ouster,10.73%,120.3MiB / 30.66GiB,0.38%,0B / 0B,0B / 3.07MB,30
2026-07-31 11:40:20,openzen,4.49%,35.01MiB / 30.66GiB,0.11%,0B / 0B,0B / 2.15MB,20
2026-07-31 11:40:20,domain_bridge,8.84%,77.54MiB / 30.66GiB,0.25%,0B / 0B,111kB / 5.22MB,28
2026-07-31 11:40:20,mapir-ffmpeg,3.45%,131.4MiB / 30.66GiB,0.42%,0B / 0B,0B / 1.58MB,33
2026-07-31 11:40:20,scovox,118.28%,1.412GiB / 30.66GiB,4.60%,0B / 0B,0B / 5.18MB,53
2026-07-31 11:40:20,nav2,15.10%,272.7MiB / 30.66GiB,0.87%,0B / 0B,53.2kB / 2.11MB,93
2026-07-31 11:40:23,trav_ros2,101.82%,399.1MiB / 30.66GiB,1.27%,0B / 0B,0B / 2.64MB,44
2026-07-31 11:40:23,glim,117.94%,565.9MiB / 30.66GiB,1.80%,0B / 0B,0B / 11.8MB,35
2026-07-31 11:40:23,ouster,7.27%,120.5MiB / 30.66GiB,0.38%,0B / 0B,0B / 3.07MB,30
2026-07-31 11:40:23,openzen,2.59%,34.53MiB / 30.66GiB,0.11%,0B / 0B,0B / 2.15MB,20
2026-07-31 11:40:23,domain_bridge,0.40%,77.16MiB / 30.66GiB,0.25%,0B / 0B,111kB / 5.22MB,28
2026-07-31 11:40:23,scovox,105.55%,1.432GiB / 30.66GiB,4.67%,0B / 0B,0B / 5.18MB,53
2026-07-31 11:40:23,nav2,17.28%,273.1MiB / 30.66GiB,0.87%,0B / 0B,53.2kB / 2.14MB,93
2026-07-31 11:40:26,trav_ros2,100.93%,400.3MiB / 30.66GiB,1.27%,0B / 0B,0B / 2.64MB,44
2026-07-31 11:40:26,glim,142.33%,566.2MiB / 30.66GiB,1.80%,0B / 0B,0B / 11.8MB,35
2026-07-31 11:40:26,ouster,7.95%,120.9MiB / 30.66GiB,0.39%,0B / 0B,0B / 3.07MB,30
2026-07-31 11:40:26,openzen,2.76%,35.28MiB / 30.66GiB,0.11%,0B / 0B,0B / 2.15MB,20
2026-07-31 11:40:26,domain_bridge,1.37%,78.52MiB / 30.66GiB,0.25%,0B / 0B,111kB / 5.22MB,28
2026-07-31 11:40:26,scovox,110.26%,1.436GiB / 30.66GiB,4.68%,0B / 0B,0B / 5.18MB,53
2026-07-31 11:40:26,nav2,10.94%,274.4MiB / 30.66GiB,0.87%,0B / 0B,53.2kB / 2.14MB,93
2026-07-31 11:40:29,trav_ros2,101.05%,397.6MiB / 30.66GiB,1.27%,0B / 0B,0B / 2.64MB,44
2026-07-31 11:40:29,glim,111.49%,566.8MiB / 30.66GiB,1.81%,0B / 0B,0B / 11.8MB,35
2026-07-31 11:40:29,ouster,7.19%,121.2MiB / 30.66GiB,0.39%,0B / 0B,0B / 3.07MB,30
2026-07-31 11:40:29,openzen,2.29%,34.54MiB / 30.66GiB,0.11%,0B / 0B,0B / 2.15MB,20
2026-07-31 11:40:29,domain_bridge,0.87%,78.11MiB / 30.66GiB,0.25%,0B / 0B,111kB / 5.22MB,28
2026-07-31 11:40:29,scovox,106.48%,1.438GiB / 30.66GiB,4.69%,0B / 0B,0B / 5.18MB,53
2026-07-31 11:40:29,nav2,10.58%,273.8MiB / 30.66GiB,0.87%,0B / 0B,53.2kB / 2.14MB,93
2026-07-31 11:40:32,scovox,107.01%,1.429GiB / 30.66GiB,4.66%,0B / 0B,0B / 5.18MB,53
