Timestamp,Name,CPU_Perc,Mem_Usage,Mem_Perc,Net_IO,Block_IO,PIDs
2026-07-31 11:56:27,ouster,100.54%,47.82MiB / 30.66GiB,0.15%,0B / 0B,0B / 1.28MB,13
2026-07-31 11:56:27,scovox,138.11%,38.04MiB / 30.66GiB,0.12%,0B / 0B,0B / 688kB,4
2026-07-31 11:56:27,domain_bridge,197.13%,41.68MiB / 30.66GiB,0.13%,0B / 0B,0B / 111kB,10
2026-07-31 11:56:27,openzen,20.70%,32.38MiB / 30.66GiB,0.10%,0B / 0B,0B / 2.14MB,20
2026-07-31 11:56:27,mapir-ffmpeg,103.14%,124.2MiB / 30.66GiB,0.40%,0B / 0B,0B / 909kB,32
2026-07-31 11:56:27,realsense,102.19%,34.82MiB / 30.66GiB,0.11%,0B / 0B,0B / 197kB,3
2026-07-31 11:56:27,nav2,46.84%,110.9MiB / 30.66GiB,0.35%,0B / 0B,0B / 1.13MB,90
2026-07-31 11:56:27,glim,99.46%,81.95MiB / 30.66GiB,0.26%,0B / 0B,0B / 11MB,20
2026-07-31 11:56:27,docker-recorder-run-d1d94bfeaf81,84.93%,27.06MiB / 30.66GiB,0.09%,0B / 0B,0B / 0B,2
2026-07-31 11:56:32,docker-recorder-run-d1d94bfeaf81,69.22%,41.3MiB / 30.66GiB,0.13%,0B / 0B,0B / 0B,16
2026-07-31 11:56:32,glim,118.98%,153.8MiB / 30.66GiB,0.49%,0B / 0B,0B / 11MB,35
2026-07-31 11:56:32,ouster,8.47%,116.3MiB / 30.66GiB,0.37%,0B / 0B,0B / 2.9MB,29
2026-07-31 11:56:32,scovox,9.28%,155.1MiB / 30.66GiB,0.49%,0B / 0B,0B / 1.02MB,53
2026-07-31 11:56:32,domain_bridge,135.98%,47.55MiB / 30.66GiB,0.15%,0B / 0B,0B / 766kB,7
2026-07-31 11:56:32,openzen,4.30%,31.65MiB / 30.66GiB,0.10%,0B / 0B,0B / 2.14MB,20
2026-07-31 11:56:32,mapir-ffmpeg,31.29%,165.7MiB / 30.66GiB,0.53%,0B / 0B,0B / 1.27MB,33
2026-07-31 11:56:32,realsense,18.72%,90.91MiB / 30.66GiB,0.29%,0B / 0B,0B / 2.29MB,33
2026-07-31 11:56:32,nav2,1.60%,118.7MiB / 30.66GiB,0.38%,0B / 0B,0B / 1.13MB,91
2026-07-31 11:56:35,docker-recorder-run-d1d94bfeaf81,161.15%,40.01MiB / 30.66GiB,0.13%,0B / 0B,0B / 0B,11
2026-07-31 11:56:35,glim,99.98%,263.3MiB / 30.66GiB,0.84%,0B / 0B,0B / 11MB,35
2026-07-31 11:56:35,ouster,6.89%,116.9MiB / 30.66GiB,0.37%,0B / 0B,0B / 2.9MB,29
2026-07-31 11:56:35,scovox,60.42%,259.6MiB / 30.66GiB,0.83%,0B / 0B,0B / 1.02MB,53
2026-07-31 11:56:35,domain_bridge,42.19%,55.98MiB / 30.66GiB,0.18%,0B / 0B,0B / 831kB,6
2026-07-31 11:56:35,openzen,3.43%,32.22MiB / 30.66GiB,0.10%,0B / 0B,0B / 2.14MB,20
2026-07-31 11:56:35,mapir-ffmpeg,28.96%,166MiB / 30.66GiB,0.53%,0B / 0B,0B / 1.27MB,33
2026-07-31 11:56:35,realsense,16.73%,90.66MiB / 30.66GiB,0.29%,0B / 0B,0B / 2.29MB,33
2026-07-31 11:56:35,nav2,5.16%,120.4MiB / 30.66GiB,0.38%,0B / 0B,0B / 1.13MB,92
2026-07-31 11:56:38,docker-recorder-run-d1d94bfeaf81,101.30%,42.66MiB / 30.66GiB,0.14%,0B / 0B,28.7kB / 61.4kB,11
2026-07-31 11:56:38,glim,129.94%,296.4MiB / 30.66GiB,0.94%,0B / 0B,0B / 11MB,35
2026-07-31 11:56:38,ouster,6.94%,116.1MiB / 30.66GiB,0.37%,0B / 0B,0B / 2.9MB,29
2026-07-31 11:56:38,scovox,114.74%,522.1MiB / 30.66GiB,1.66%,0B / 0B,0B / 1.02MB,53
2026-07-31 11:56:38,domain_bridge,101.99%,51.35MiB / 30.66GiB,0.16%,0B / 0B,0B / 905kB,4
2026-07-31 11:56:38,openzen,3.53%,31.54MiB / 30.66GiB,0.10%,0B / 0B,0B / 2.14MB,20
2026-07-31 11:56:38,mapir-ffmpeg,28.74%,165.6MiB / 30.66GiB,0.53%,0B / 0B,0B / 1.27MB,33
2026-07-31 11:56:38,realsense,17.04%,91.2MiB / 30.66GiB,0.29%,0B / 0B,0B / 2.29MB,33
2026-07-31 11:56:38,nav2,5.69%,119.1MiB / 30.66GiB,0.38%,0B / 0B,0B / 1.13MB,92
2026-07-31 11:56:41,docker-recorder-run-d1d94bfeaf81,131.51%,43.98MiB / 30.66GiB,0.14%,0B / 0B,160kB / 61.4kB,11
2026-07-31 11:56:41,glim,101.41%,304.9MiB / 30.66GiB,0.97%,0B / 0B,0B / 11MB,35
2026-07-31 11:56:41,ouster,7.70%,117.4MiB / 30.66GiB,0.37%,0B / 0B,0B / 2.9MB,29
2026-07-31 11:56:41,scovox,108.46%,573.7MiB / 30.66GiB,1.83%,0B / 0B,0B / 1.02MB,53
2026-07-31 11:56:41,domain_bridge,71.09%,47.75MiB / 30.66GiB,0.15%,0B / 0B,0B / 930kB,28
2026-07-31 11:56:41,openzen,3.81%,33.11MiB / 30.66GiB,0.11%,0B / 0B,0B / 2.14MB,20
2026-07-31 11:56:41,mapir-ffmpeg,29.21%,167MiB / 30.66GiB,0.53%,0B / 0B,0B / 1.27MB,33
2026-07-31 11:56:41,realsense,17.50%,91.04MiB / 30.66GiB,0.29%,0B / 0B,0B / 2.29MB,33
2026-07-31 11:56:41,nav2,5.18%,119.3MiB / 30.66GiB,0.38%,0B / 0B,0B / 1.13MB,92
2026-07-31 11:56:44,docker-recorder-run-d1d94bfeaf81,67.72%,10.99MiB / 30.66GiB,0.04%,0B / 0B,160kB / 233kB,2
2026-07-31 11:56:44,glim,93.88%,305.2MiB / 30.66GiB,0.97%,0B / 0B,0B / 11MB,35
2026-07-31 11:56:44,ouster,6.55%,117.3MiB / 30.66GiB,0.37%,0B / 0B,0B / 2.9MB,29
2026-07-31 11:56:44,scovox,124.40%,603.8MiB / 30.66GiB,1.92%,0B / 0B,0B / 1.02MB,53
2026-07-31 11:56:44,domain_bridge,0.44%,54.85MiB / 30.66GiB,0.17%,0B / 0B,0B / 930kB,28
2026-07-31 11:56:44,openzen,3.36%,32.14MiB / 30.66GiB,0.10%,0B / 0B,0B / 2.14MB,20
2026-07-31 11:56:44,mapir-ffmpeg,28.11%,166.1MiB / 30.66GiB,0.53%,0B / 0B,0B / 1.27MB,33
2026-07-31 11:56:44,realsense,16.80%,91.57MiB / 30.66GiB,0.29%,0B / 0B,0B / 2.29MB,33
2026-07-31 11:56:44,nav2,5.29%,120MiB / 30.66GiB,0.38%,0B / 0B,0B / 1.13MB,92
2026-07-31 11:56:47,docker-recorder-run-d1d94bfeaf81,0.00%,10.52MiB / 30.66GiB,0.03%,0B / 0B,160kB / 9.45MB,2
2026-07-31 11:56:47,glim,95.98%,312.7MiB / 30.66GiB,1.00%,0B / 0B,0B / 11.6MB,35
2026-07-31 11:56:47,ouster,6.12%,116.4MiB / 30.66GiB,0.37%,0B / 0B,0B / 2.91MB,29
2026-07-31 11:56:47,scovox,115.91%,588.7MiB / 30.66GiB,1.88%,0B / 0B,0B / 3.51MB,53
2026-07-31 11:56:47,domain_bridge,0.98%,73.15MiB / 30.66GiB,0.23%,0B / 0B,0B / 5.07MB,28
2026-07-31 11:56:47,openzen,2.99%,31.45MiB / 30.66GiB,0.10%,0B / 0B,0B / 2.15MB,20
2026-07-31 11:56:47,mapir-ffmpeg,27.68%,165.9MiB / 30.66GiB,0.53%,0B / 0B,0B / 1.28MB,33
2026-07-31 11:56:47,realsense,16.58%,90.89MiB / 30.66GiB,0.29%,0B / 0B,0B / 3.28MB,33
2026-07-31 11:56:47,nav2,6.16%,119.8MiB / 30.66GiB,0.38%,0B / 0B,0B / 1.18MB,92
2026-07-31 11:56:47,trav_ros2,100.76%,38.83MiB / 30.66GiB,0.12%,0B / 0B,0B / 61.4kB,3
2026-07-31 11:56:51,docker-recorder-run-d1d94bfeaf81,0.00%,10.52MiB / 30.66GiB,0.03%,0B / 0B,160kB / 9.45MB,2
2026-07-31 11:56:51,glim,89.45%,329.3MiB / 30.66GiB,1.05%,0B / 0B,0B / 11.6MB,35
2026-07-31 11:56:51,ouster,7.33%,117.2MiB / 30.66GiB,0.37%,0B / 0B,0B / 2.91MB,29
2026-07-31 11:56:51,scovox,116.20%,590.4MiB / 30.66GiB,1.88%,0B / 0B,0B / 3.52MB,53
2026-07-31 11:56:51,domain_bridge,1.38%,74.28MiB / 30.66GiB,0.24%,0B / 0B,0B / 5.07MB,28
2026-07-31 11:56:51,openzen,2.59%,32.34MiB / 30.66GiB,0.10%,0B / 0B,0B / 2.15MB,20
2026-07-31 11:56:51,mapir-ffmpeg,28.44%,166.8MiB / 30.66GiB,0.53%,0B / 0B,0B / 1.28MB,33
2026-07-31 11:56:51,realsense,16.79%,91.33MiB / 30.66GiB,0.29%,0B / 0B,0B / 3.28MB,33
2026-07-31 11:56:51,nav2,5.49%,122.6MiB / 30.66GiB,0.39%,0B / 0B,0B / 1.18MB,92
2026-07-31 11:56:54,docker-recorder-run-d1d94bfeaf81,0.65%,10.62MiB / 30.66GiB,0.03%,0B / 0B,160kB / 9.45MB,1
2026-07-31 11:56:54,glim,89.98%,335.4MiB / 30.66GiB,1.07%,0B / 0B,0B / 11.6MB,35
2026-07-31 11:56:54,ouster,7.20%,117.1MiB / 30.66GiB,0.37%,0B / 0B,0B / 2.91MB,29
2026-07-31 11:56:54,scovox,106.36%,645.1MiB / 30.66GiB,2.05%,0B / 0B,0B / 3.52MB,53
2026-07-31 11:56:54,domain_bridge,0.79%,74.89MiB / 30.66GiB,0.24%,0B / 0B,0B / 5.07MB,28
2026-07-31 11:56:54,openzen,2.70%,31.89MiB / 30.66GiB,0.10%,0B / 0B,0B / 2.15MB,20
2026-07-31 11:56:54,mapir-ffmpeg,29.16%,166.6MiB / 30.66GiB,0.53%,0B / 0B,0B / 1.28MB,33
2026-07-31 11:56:54,realsense,16.88%,92.1MiB / 30.66GiB,0.29%,0B / 0B,0B / 3.28MB,33
2026-07-31 11:56:54,nav2,6.12%,121.6MiB / 30.66GiB,0.39%,0B / 0B,0B / 1.18MB,92
2026-07-31 11:56:57,docker-recorder-run-d1d94bfeaf81,0.00%,10.32MiB / 30.66GiB,0.03%,0B / 0B,160kB / 9.45MB,1
2026-07-31 11:56:57,glim,90.22%,346.9MiB / 30.66GiB,1.10%,0B / 0B,0B / 11.6MB,35
2026-07-31 11:56:57,ouster,7.03%,117.3MiB / 30.66GiB,0.37%,0B / 0B,0B / 2.91MB,29
2026-07-31 11:56:57,scovox,118.01%,638.8MiB / 30.66GiB,2.03%,0B / 0B,0B / 3.52MB,53
2026-07-31 11:56:57,domain_bridge,2.88%,75.9MiB / 30.66GiB,0.24%,0B / 0B,0B / 5.07MB,28
2026-07-31 11:56:57,openzen,2.84%,32.14MiB / 30.66GiB,0.10%,0B / 0B,0B / 2.15MB,20
2026-07-31 11:56:57,mapir-ffmpeg,28.90%,166.6MiB / 30.66GiB,0.53%,0B / 0B,0B / 1.28MB,33
2026-07-31 11:56:57,realsense,16.99%,91.37MiB / 30.66GiB,0.29%,0B / 0B,0B / 3.28MB,33
2026-07-31 11:56:57,nav2,7.03%,122MiB / 30.66GiB,0.39%,0B / 0B,0B / 1.18MB,92
2026-07-31 11:56:57,trav_ros2,94.72%,113.3MiB / 30.66GiB,0.36%,0B / 0B,0B / 8.19kB,44
2026-07-31 11:57:01,trav_ros2,37.47%,128.5MiB / 30.66GiB,0.41%,0B / 0B,0B / 8.19kB,44
2026-07-31 11:57:01,docker-recorder-run-d1d94bfeaf81,0.00%,10.32MiB / 30.66GiB,0.03%,0B / 0B,160kB / 9.45MB,1
2026-07-31 11:57:01,glim,95.19%,335.8MiB / 30.66GiB,1.07%,0B / 0B,0B / 11.6MB,35
2026-07-31 11:57:01,ouster,7.61%,119MiB / 30.66GiB,0.38%,0B / 0B,0B / 2.91MB,29
2026-07-31 11:57:01,scovox,117.58%,640.4MiB / 30.66GiB,2.04%,0B / 0B,0B / 3.52MB,53
2026-07-31 11:57:01,domain_bridge,1.41%,74.88MiB / 30.66GiB,0.24%,0B / 0B,0B / 5.07MB,28
2026-07-31 11:57:01,openzen,2.81%,32.92MiB / 30.66GiB,0.10%,0B / 0B,0B / 2.15MB,20
2026-07-31 11:57:01,mapir-ffmpeg,28.42%,168.4MiB / 30.66GiB,0.54%,0B / 0B,0B / 1.28MB,33
2026-07-31 11:57:01,realsense,17.08%,92.58MiB / 30.66GiB,0.29%,0B / 0B,0B / 3.28MB,33
2026-07-31 11:57:01,nav2,7.66%,126.2MiB / 30.66GiB,0.40%,0B / 0B,0B / 1.18MB,92
2026-07-31 11:57:05,trav_ros2,36.97%,129.5MiB / 30.66GiB,0.41%,0B / 0B,0B / 8.19kB,44
2026-07-31 11:57:05,docker-recorder-run-d1d94bfeaf81,0.00%,10.32MiB / 30.66GiB,0.03%,0B / 0B,160kB / 9.45MB,1
2026-07-31 11:57:05,glim,90.19%,336.3MiB / 30.66GiB,1.07%,0B / 0B,0B / 11.6MB,35
2026-07-31 11:57:05,ouster,7.64%,118.9MiB / 30.66GiB,0.38%,0B / 0B,0B / 2.91MB,29
2026-07-31 11:57:05,scovox,105.81%,663.7MiB / 30.66GiB,2.11%,0B / 0B,0B / 3.52MB,53
2026-07-31 11:57:05,domain_bridge,0.33%,74.92MiB / 30.66GiB,0.24%,0B / 0B,0B / 5.07MB,28
2026-07-31 11:57:05,openzen,2.60%,32.44MiB / 30.66GiB,0.10%,0B / 0B,0B / 2.15MB,20
2026-07-31 11:57:05,mapir-ffmpeg,28.12%,167.7MiB / 30.66GiB,0.53%,0B / 0B,0B / 1.28MB,33
2026-07-31 11:57:05,realsense,17.13%,91.86MiB / 30.66GiB,0.29%,0B / 0B,0B / 3.28MB,33
2026-07-31 11:57:05,nav2,5.71%,124.8MiB / 30.66GiB,0.40%,0B / 0B,0B / 1.18MB,92
2026-07-31 11:57:08,trav_ros2,36.78%,129.2MiB / 30.66GiB,0.41%,0B / 0B,0B / 8.19kB,44
2026-07-31 11:57:08,docker-recorder-run-d1d94bfeaf81,0.00%,10.32MiB / 30.66GiB,0.03%,0B / 0B,160kB / 9.45MB,1
2026-07-31 11:57:08,glim,89.79%,336.4MiB / 30.66GiB,1.07%,0B / 0B,0B / 11.6MB,35
2026-07-31 11:57:08,ouster,7.26%,119.2MiB / 30.66GiB,0.38%,0B / 0B,0B / 2.91MB,29
2026-07-31 11:57:08,scovox,107.78%,620.7MiB / 30.66GiB,1.98%,0B / 0B,0B / 3.52MB,53
2026-07-31 11:57:08,domain_bridge,0.46%,75.38MiB / 30.66GiB,0.24%,0B / 0B,0B / 5.07MB,28
2026-07-31 11:57:08,openzen,2.84%,33.45MiB / 30.66GiB,0.11%,0B / 0B,0B / 2.15MB,20
2026-07-31 11:57:08,mapir-ffmpeg,28.39%,168.3MiB / 30.66GiB,0.54%,0B / 0B,0B / 1.28MB,33
2026-07-31 11:57:08,realsense,16.96%,92.14MiB / 30.66GiB,0.29%,0B / 0B,0B / 3.28MB,33
2026-07-31 11:57:08,nav2,7.03%,126.4MiB / 30.66GiB,0.40%,0B / 0B,0B / 1.18MB,92
2026-07-31 11:57:11,trav_ros2,36.70%,129.7MiB / 30.66GiB,0.41%,0B / 0B,0B / 8.19kB,44
2026-07-31 11:57:11,docker-recorder-run-d1d94bfeaf81,0.00%,10.32MiB / 30.66GiB,0.03%,0B / 0B,160kB / 9.45MB,1
2026-07-31 11:57:11,glim,94.56%,340.7MiB / 30.66GiB,1.09%,0B / 0B,0B / 11.6MB,35
2026-07-31 11:57:11,ouster,7.18%,119.3MiB / 30.66GiB,0.38%,0B / 0B,0B / 2.91MB,29
2026-07-31 11:57:11,scovox,108.18%,611.1MiB / 30.66GiB,1.95%,0B / 0B,0B / 3.52MB,53
2026-07-31 11:57:11,domain_bridge,0.34%,75.14MiB / 30.66GiB,0.24%,0B / 0B,0B / 5.07MB,28
2026-07-31 11:57:11,openzen,2.86%,32.75MiB / 30.66GiB,0.10%,0B / 0B,0B / 2.15MB,20
2026-07-31 11:57:11,mapir-ffmpeg,28.16%,167.9MiB / 30.66GiB,0.53%,0B / 0B,0B / 1.28MB,33
2026-07-31 11:57:11,realsense,17.04%,91.93MiB / 30.66GiB,0.29%,0B / 0B,0B / 3.28MB,33
2026-07-31 11:57:11,nav2,6.13%,126.2MiB / 30.66GiB,0.40%,0B / 0B,0B / 1.18MB,92
2026-07-31 11:57:14,trav_ros2,36.36%,130.1MiB / 30.66GiB,0.41%,0B / 0B,0B / 8.19kB,44
2026-07-31 11:57:14,docker-recorder-run-d1d94bfeaf81,0.00%,10.32MiB / 30.66GiB,0.03%,0B / 0B,160kB / 9.45MB,1
2026-07-31 11:57:14,glim,95.38%,340.9MiB / 30.66GiB,1.09%,0B / 0B,0B / 11.6MB,35
2026-07-31 11:57:14,ouster,7.11%,119MiB / 30.66GiB,0.38%,0B / 0B,0B / 2.91MB,29
2026-07-31 11:57:14,scovox,116.66%,642.4MiB / 30.66GiB,2.05%,0B / 0B,0B / 3.52MB,53
2026-07-31 11:57:14,domain_bridge,1.61%,75.61MiB / 30.66GiB,0.24%,0B / 0B,0B / 5.07MB,28
2026-07-31 11:57:14,openzen,2.59%,32.51MiB / 30.66GiB,0.10%,0B / 0B,0B / 2.15MB,20
2026-07-31 11:57:14,mapir-ffmpeg,28.78%,167.6MiB / 30.66GiB,0.53%,0B / 0B,0B / 1.28MB,33
2026-07-31 11:57:14,realsense,17.42%,91.94MiB / 30.66GiB,0.29%,0B / 0B,0B / 3.28MB,33
2026-07-31 11:57:14,nav2,6.16%,126.5MiB / 30.66GiB,0.40%,0B / 0B,0B / 1.18MB,92
2026-07-31 11:57:17,trav_ros2,37.94%,129.6MiB / 30.66GiB,0.41%,0B / 0B,0B / 8.19kB,44
2026-07-31 11:57:17,docker-recorder-run-d1d94bfeaf81,0.00%,10.32MiB / 30.66GiB,0.03%,0B / 0B,160kB / 9.45MB,1
2026-07-31 11:57:17,glim,91.94%,347.4MiB / 30.66GiB,1.11%,0B / 0B,0B / 11.6MB,35
2026-07-31 11:57:17,ouster,7.22%,119.4MiB / 30.66GiB,0.38%,0B / 0B,0B / 2.91MB,29
2026-07-31 11:57:17,scovox,105.44%,663.9MiB / 30.66GiB,2.11%,0B / 0B,0B / 3.52MB,53
2026-07-31 11:57:17,domain_bridge,0.53%,75.5MiB / 30.66GiB,0.24%,0B / 0B,0B / 5.07MB,28
2026-07-31 11:57:17,openzen,2.58%,32.82MiB / 30.66GiB,0.10%,0B / 0B,0B / 2.15MB,20
2026-07-31 11:57:17,mapir-ffmpeg,28.16%,168.2MiB / 30.66GiB,0.54%,0B / 0B,0B / 1.28MB,33
2026-07-31 11:57:17,realsense,16.57%,92.23MiB / 30.66GiB,0.29%,0B / 0B,0B / 3.28MB,33
2026-07-31 11:57:17,nav2,6.06%,127.3MiB / 30.66GiB,0.41%,0B / 0B,0B / 1.18MB,92
2026-07-31 11:57:20,trav_ros2,37.16%,135.5MiB / 30.66GiB,0.43%,0B / 0B,0B / 8.19kB,44
2026-07-31 11:57:20,docker-recorder-run-d1d94bfeaf81,0.00%,10.32MiB / 30.66GiB,0.03%,0B / 0B,160kB / 9.45MB,1
2026-07-31 11:57:20,glim,106.05%,372.4MiB / 30.66GiB,1.19%,0B / 0B,0B / 11.6MB,35
2026-07-31 11:57:20,ouster,7.48%,119MiB / 30.66GiB,0.38%,0B / 0B,0B / 2.91MB,29
2026-07-31 11:57:20,scovox,104.75%,620.4MiB / 30.66GiB,1.98%,0B / 0B,0B / 3.52MB,53
2026-07-31 11:57:20,domain_bridge,0.56%,75.46MiB / 30.66GiB,0.24%,0B / 0B,0B / 5.07MB,28
2026-07-31 11:57:20,openzen,2.54%,32.82MiB / 30.66GiB,0.10%,0B / 0B,0B / 2.15MB,20
2026-07-31 11:57:20,mapir-ffmpeg,28.67%,168MiB / 30.66GiB,0.54%,0B / 0B,0B / 1.28MB,33
2026-07-31 11:57:20,realsense,16.90%,92.5MiB / 30.66GiB,0.29%,0B / 0B,0B / 3.28MB,33
2026-07-31 11:57:20,nav2,14.15%,129.6MiB / 30.66GiB,0.41%,0B / 0B,0B / 1.18MB,94
2026-07-31 11:57:23,trav_ros2,37.15%,130.9MiB / 30.66GiB,0.42%,0B / 0B,0B / 8.19kB,44
2026-07-31 11:57:23,docker-recorder-run-d1d94bfeaf81,0.00%,10.32MiB / 30.66GiB,0.03%,0B / 0B,160kB / 9.45MB,1
2026-07-31 11:57:23,glim,108.83%,397MiB / 30.66GiB,1.26%,0B / 0B,0B / 11.6MB,35
2026-07-31 11:57:23,ouster,7.98%,119.5MiB / 30.66GiB,0.38%,0B / 0B,0B / 2.91MB,29
2026-07-31 11:57:23,scovox,113.48%,594.6MiB / 30.66GiB,1.89%,0B / 0B,0B / 3.52MB,53
2026-07-31 11:57:23,domain_bridge,1.38%,74.87MiB / 30.66GiB,0.24%,0B / 0B,0B / 5.07MB,28
2026-07-31 11:57:23,openzen,2.67%,32.87MiB / 30.66GiB,0.10%,0B / 0B,0B / 2.15MB,20
2026-07-31 11:57:23,mapir-ffmpeg,28.94%,169.6MiB / 30.66GiB,0.54%,0B / 0B,0B / 1.29MB,33
2026-07-31 11:57:23,realsense,16.64%,92.78MiB / 30.66GiB,0.30%,0B / 0B,0B / 3.28MB,33
2026-07-31 11:57:23,nav2,14.45%,130MiB / 30.66GiB,0.41%,0B / 0B,0B / 1.18MB,94
2026-07-31 11:57:26,trav_ros2,36.48%,130.8MiB / 30.66GiB,0.42%,0B / 0B,0B / 8.19kB,44
2026-07-31 11:57:26,docker-recorder-run-d1d94bfeaf81,0.00%,10.32MiB / 30.66GiB,0.03%,0B / 0B,160kB / 9.45MB,1
2026-07-31 11:57:26,glim,117.66%,409.2MiB / 30.66GiB,1.30%,0B / 0B,0B / 11.6MB,35
2026-07-31 11:57:26,ouster,7.11%,118.9MiB / 30.66GiB,0.38%,0B / 0B,0B / 2.91MB,29
2026-07-31 11:57:26,scovox,105.06%,620.6MiB / 30.66GiB,1.98%,0B / 0B,0B / 3.55MB,53
2026-07-31 11:57:26,domain_bridge,0.24%,75.33MiB / 30.66GiB,0.24%,0B / 0B,0B / 5.07MB,28
2026-07-31 11:57:26,openzen,2.54%,32.91MiB / 30.66GiB,0.10%,0B / 0B,0B / 2.15MB,20
2026-07-31 11:57:26,mapir-ffmpeg,28.99%,169.2MiB / 30.66GiB,0.54%,0B / 0B,0B / 1.29MB,33
2026-07-31 11:57:26,realsense,16.80%,92.59MiB / 30.66GiB,0.29%,0B / 0B,0B / 3.28MB,33
2026-07-31 11:57:26,nav2,14.45%,130.1MiB / 30.66GiB,0.41%,0B / 0B,0B / 1.18MB,94
2026-07-31 11:57:29,trav_ros2,35.52%,130.8MiB / 30.66GiB,0.42%,0B / 0B,0B / 188kB,44
2026-07-31 11:57:29,docker-recorder-run-d1d94bfeaf81,0.00%,10.32MiB / 30.66GiB,0.03%,0B / 0B,160kB / 9.45MB,1
2026-07-31 11:57:29,glim,124.11%,412.8MiB / 30.66GiB,1.31%,0B / 0B,0B / 11.6MB,35
2026-07-31 11:57:29,ouster,7.12%,118.8MiB / 30.66GiB,0.38%,0B / 0B,0B / 2.91MB,29
2026-07-31 11:57:29,scovox,116.06%,645.8MiB / 30.66GiB,2.06%,0B / 0B,0B / 3.55MB,53
2026-07-31 11:57:29,domain_bridge,1.49%,76.46MiB / 30.66GiB,0.24%,0B / 0B,0B / 5.07MB,28
2026-07-31 11:57:29,openzen,2.58%,32.91MiB / 30.66GiB,0.10%,0B / 0B,0B / 2.15MB,20
2026-07-31 11:57:29,mapir-ffmpeg,29.41%,168.4MiB / 30.66GiB,0.54%,0B / 0B,0B / 1.29MB,33
2026-07-31 11:57:29,realsense,16.19%,91.84MiB / 30.66GiB,0.29%,0B / 0B,0B / 3.28MB,33
2026-07-31 11:57:29,nav2,14.23%,130.2MiB / 30.66GiB,0.41%,0B / 0B,0B / 1.2MB,94
2026-07-31 11:57:32,trav_ros2,36.25%,130.1MiB / 30.66GiB,0.41%,0B / 0B,0B / 188kB,44
2026-07-31 11:57:32,docker-recorder-run-d1d94bfeaf81,0.00%,10.32MiB / 30.66GiB,0.03%,0B / 0B,160kB / 9.45MB,1
2026-07-31 11:57:32,glim,111.21%,413.6MiB / 30.66GiB,1.32%,0B / 0B,0B / 11.6MB,35
2026-07-31 11:57:32,ouster,7.21%,119.4MiB / 30.66GiB,0.38%,0B / 0B,0B / 2.91MB,29
2026-07-31 11:57:32,scovox,105.70%,625.7MiB / 30.66GiB,1.99%,0B / 0B,0B / 3.55MB,53
2026-07-31 11:57:32,domain_bridge,0.62%,75.77MiB / 30.66GiB,0.24%,0B / 0B,0B / 5.07MB,28
2026-07-31 11:57:32,openzen,2.75%,33.2MiB / 30.66GiB,0.11%,0B / 0B,0B / 2.15MB,20
2026-07-31 11:57:32,mapir-ffmpeg,28.34%,168.5MiB / 30.66GiB,0.54%,0B / 0B,0B / 1.29MB,33
2026-07-31 11:57:32,realsense,16.45%,92.13MiB / 30.66GiB,0.29%,0B / 0B,0B / 3.28MB,33
2026-07-31 11:57:32,nav2,14.85%,130.1MiB / 30.66GiB,0.41%,0B / 0B,0B / 1.23MB,94
2026-07-31 11:57:35,trav_ros2,35.55%,130.2MiB / 30.66GiB,0.41%,0B / 0B,0B / 283kB,44
2026-07-31 11:57:35,docker-recorder-run-d1d94bfeaf81,0.00%,10.32MiB / 30.66GiB,0.03%,0B / 0B,160kB / 9.45MB,1
2026-07-31 11:57:35,glim,121.68%,421.2MiB / 30.66GiB,1.34%,0B / 0B,0B / 11.6MB,35
2026-07-31 11:57:35,ouster,7.05%,119.4MiB / 30.66GiB,0.38%,0B / 0B,0B / 2.91MB,29
2026-07-31 11:57:35,scovox,114.76%,650.1MiB / 30.66GiB,2.07%,0B / 0B,0B / 3.55MB,53
2026-07-31 11:57:35,domain_bridge,0.76%,75.51MiB / 30.66GiB,0.24%,0B / 0B,0B / 5.07MB,28
2026-07-31 11:57:35,openzen,2.54%,32.75MiB / 30.66GiB,0.10%,0B / 0B,0B / 2.15MB,20
2026-07-31 11:57:35,mapir-ffmpeg,28.49%,168.1MiB / 30.66GiB,0.54%,0B / 0B,0B / 1.29MB,33
2026-07-31 11:57:35,realsense,16.92%,91.91MiB / 30.66GiB,0.29%,0B / 0B,0B / 3.28MB,33
2026-07-31 11:57:35,nav2,14.10%,129.8MiB / 30.66GiB,0.41%,0B / 0B,0B / 1.23MB,94
2026-07-31 11:57:38,trav_ros2,36.12%,131MiB / 30.66GiB,0.42%,0B / 0B,0B / 291kB,44
2026-07-31 11:57:38,docker-recorder-run-d1d94bfeaf81,0.00%,10.32MiB / 30.66GiB,0.03%,0B / 0B,160kB / 9.45MB,1
2026-07-31 11:57:38,glim,142.84%,435.4MiB / 30.66GiB,1.39%,0B / 0B,0B / 11.6MB,35
2026-07-31 11:57:38,ouster,7.39%,118.7MiB / 30.66GiB,0.38%,0B / 0B,0B / 2.91MB,29
2026-07-31 11:57:38,scovox,106.83%,656.1MiB / 30.66GiB,2.09%,0B / 0B,0B / 3.55MB,53
2026-07-31 11:57:38,domain_bridge,0.71%,75.34MiB / 30.66GiB,0.24%,0B / 0B,0B / 5.07MB,28
2026-07-31 11:57:38,openzen,3.03%,33.01MiB / 30.66GiB,0.11%,0B / 0B,0B / 2.15MB,20
2026-07-31 11:57:38,mapir-ffmpeg,28.72%,168.9MiB / 30.66GiB,0.54%,0B / 0B,0B / 1.29MB,33
2026-07-31 11:57:38,realsense,16.91%,92.43MiB / 30.66GiB,0.29%,0B / 0B,0B / 3.28MB,33
2026-07-31 11:57:38,nav2,14.20%,129.9MiB / 30.66GiB,0.41%,0B / 0B,0B / 1.23MB,94
2026-07-31 11:57:42,trav_ros2,36.21%,131.4MiB / 30.66GiB,0.42%,0B / 0B,0B / 291kB,44
2026-07-31 11:57:42,docker-recorder-run-d1d94bfeaf81,0.00%,10.32MiB / 30.66GiB,0.03%,0B / 0B,160kB / 9.45MB,1
2026-07-31 11:57:42,glim,141.58%,441.9MiB / 30.66GiB,1.41%,0B / 0B,0B / 11.6MB,35
2026-07-31 11:57:42,ouster,7.21%,119.2MiB / 30.66GiB,0.38%,0B / 0B,0B / 2.91MB,29
2026-07-31 11:57:42,scovox,113.75%,658MiB / 30.66GiB,2.10%,0B / 0B,0B / 3.55MB,53
2026-07-31 11:57:42,domain_bridge,0.90%,74.84MiB / 30.66GiB,0.24%,0B / 0B,0B / 5.07MB,28
2026-07-31 11:57:42,openzen,2.76%,33.05MiB / 30.66GiB,0.11%,0B / 0B,0B / 2.15MB,20
2026-07-31 11:57:42,mapir-ffmpeg,29.21%,168.9MiB / 30.66GiB,0.54%,0B / 0B,0B / 1.29MB,33
2026-07-31 11:57:42,realsense,16.55%,91.98MiB / 30.66GiB,0.29%,0B / 0B,0B / 3.28MB,33
2026-07-31 11:57:42,nav2,14.27%,130.8MiB / 30.66GiB,0.42%,0B / 0B,0B / 1.23MB,94
2026-07-31 11:57:45,trav_ros2,36.37%,130.5MiB / 30.66GiB,0.42%,0B / 0B,0B / 291kB,44
2026-07-31 11:57:45,docker-recorder-run-d1d94bfeaf81,0.00%,10.32MiB / 30.66GiB,0.03%,0B / 0B,160kB / 9.45MB,1
2026-07-31 11:57:45,glim,132.10%,443.2MiB / 30.66GiB,1.41%,0B / 0B,0B / 11.6MB,35
2026-07-31 11:57:45,ouster,7.34%,119.1MiB / 30.66GiB,0.38%,0B / 0B,0B / 2.91MB,29
2026-07-31 11:57:45,scovox,116.11%,672.5MiB / 30.66GiB,2.14%,0B / 0B,0B / 3.55MB,53
2026-07-31 11:57:45,domain_bridge,0.08%,75.31MiB / 30.66GiB,0.24%,0B / 0B,0B / 5.07MB,28
2026-07-31 11:57:45,openzen,2.73%,32.8MiB / 30.66GiB,0.10%,0B / 0B,0B / 2.15MB,20
2026-07-31 11:57:45,mapir-ffmpeg,27.86%,168.5MiB / 30.66GiB,0.54%,0B / 0B,0B / 1.29MB,33
2026-07-31 11:57:45,realsense,16.91%,92.23MiB / 30.66GiB,0.29%,0B / 0B,0B / 3.28MB,33
2026-07-31 11:57:45,nav2,13.71%,130.2MiB / 30.66GiB,0.41%,0B / 0B,0B / 1.23MB,94
2026-07-31 11:57:48,trav_ros2,37.11%,139.6MiB / 30.66GiB,0.44%,0B / 0B,0B / 291kB,44
2026-07-31 11:57:48,docker-recorder-run-d1d94bfeaf81,0.00%,10.32MiB / 30.66GiB,0.03%,0B / 0B,160kB / 9.45MB,1
2026-07-31 11:57:48,glim,135.04%,447.2MiB / 30.66GiB,1.42%,0B / 0B,0B / 11.6MB,35
2026-07-31 11:57:48,ouster,7.43%,118.9MiB / 30.66GiB,0.38%,0B / 0B,0B / 2.91MB,29
2026-07-31 11:57:48,scovox,104.60%,649.7MiB / 30.66GiB,2.07%,0B / 0B,0B / 3.55MB,53
2026-07-31 11:57:48,domain_bridge,0.43%,75.36MiB / 30.66GiB,0.24%,0B / 0B,0B / 5.07MB,28
2026-07-31 11:57:48,openzen,2.75%,32.72MiB / 30.66GiB,0.10%,0B / 0B,0B / 2.15MB,20
2026-07-31 11:57:48,mapir-ffmpeg,28.56%,168.4MiB / 30.66GiB,0.54%,0B / 0B,0B / 1.29MB,33
2026-07-31 11:57:48,realsense,16.92%,92.77MiB / 30.66GiB,0.30%,0B / 0B,0B / 3.28MB,33
2026-07-31 11:57:48,nav2,15.00%,130.9MiB / 30.66GiB,0.42%,0B / 0B,0B / 1.23MB,94
2026-07-31 11:57:51,trav_ros2,36.82%,131.3MiB / 30.66GiB,0.42%,0B / 0B,0B / 291kB,44
2026-07-31 11:57:51,docker-recorder-run-d1d94bfeaf81,0.00%,10.32MiB / 30.66GiB,0.03%,0B / 0B,160kB / 9.45MB,1
2026-07-31 11:57:51,glim,132.90%,453.1MiB / 30.66GiB,1.44%,0B / 0B,0B / 11.6MB,35
2026-07-31 11:57:51,ouster,7.15%,118.5MiB / 30.66GiB,0.38%,0B / 0B,0B / 2.91MB,29
2026-07-31 11:57:51,scovox,114.91%,683.4MiB / 30.66GiB,2.18%,0B / 0B,0B / 3.55MB,53
2026-07-31 11:57:51,domain_bridge,0.75%,75.85MiB / 30.66GiB,0.24%,0B / 0B,0B / 5.07MB,28
2026-07-31 11:57:51,openzen,2.80%,32MiB / 30.66GiB,0.10%,0B / 0B,0B / 2.15MB,20
2026-07-31 11:57:51,mapir-ffmpeg,28.17%,167.5MiB / 30.66GiB,0.53%,0B / 0B,0B / 1.29MB,33
2026-07-31 11:57:51,realsense,16.98%,91.43MiB / 30.66GiB,0.29%,0B / 0B,0B / 3.28MB,33
2026-07-31 11:57:51,nav2,13.80%,130.6MiB / 30.66GiB,0.42%,0B / 0B,0B / 1.23MB,94
2026-07-31 11:57:54,trav_ros2,37.63%,131.8MiB / 30.66GiB,0.42%,0B / 0B,0B / 291kB,44
2026-07-31 11:57:54,docker-recorder-run-d1d94bfeaf81,0.00%,10.32MiB / 30.66GiB,0.03%,0B / 0B,160kB / 9.45MB,1
2026-07-31 11:57:54,glim,134.75%,460.9MiB / 30.66GiB,1.47%,0B / 0B,0B / 11.6MB,35
2026-07-31 11:57:54,ouster,7.27%,118.6MiB / 30.66GiB,0.38%,0B / 0B,0B / 2.91MB,29
2026-07-31 11:57:54,scovox,105.35%,663.9MiB / 30.66GiB,2.11%,0B / 0B,0B / 3.55MB,53
2026-07-31 11:57:54,domain_bridge,0.48%,75.66MiB / 30.66GiB,0.24%,0B / 0B,0B / 5.07MB,28
2026-07-31 11:57:54,openzen,2.83%,32.75MiB / 30.66GiB,0.10%,0B / 0B,0B / 2.15MB,20
2026-07-31 11:57:54,mapir-ffmpeg,28.75%,167.8MiB / 30.66GiB,0.53%,0B / 0B,0B / 1.29MB,33
2026-07-31 11:57:54,realsense,17.06%,91.44MiB / 30.66GiB,0.29%,0B / 0B,0B / 3.28MB,33
2026-07-31 11:57:54,nav2,14.20%,130.1MiB / 30.66GiB,0.41%,0B / 0B,0B / 1.23MB,94
2026-07-31 11:57:57,trav_ros2,38.40%,131.8MiB / 30.66GiB,0.42%,0B / 0B,0B / 291kB,44
2026-07-31 11:57:57,docker-recorder-run-d1d94bfeaf81,0.00%,10.32MiB / 30.66GiB,0.03%,0B / 0B,160kB / 9.45MB,1
2026-07-31 11:57:57,glim,136.33%,476.8MiB / 30.66GiB,1.52%,0B / 0B,0B / 11.6MB,35
2026-07-31 11:57:57,ouster,7.68%,118.6MiB / 30.66GiB,0.38%,0B / 0B,0B / 2.91MB,29
2026-07-31 11:57:57,scovox,118.20%,729.1MiB / 30.66GiB,2.32%,0B / 0B,0B / 3.55MB,53
2026-07-31 11:57:57,domain_bridge,1.30%,75.95MiB / 30.66GiB,0.24%,0B / 0B,0B / 5.07MB,28
2026-07-31 11:57:57,openzen,2.97%,32.32MiB / 30.66GiB,0.10%,0B / 0B,0B / 2.15MB,20
2026-07-31 11:57:57,mapir-ffmpeg,28.24%,168.4MiB / 30.66GiB,0.54%,0B / 0B,0B / 1.29MB,33
2026-07-31 11:57:57,realsense,17.04%,92.47MiB / 30.66GiB,0.29%,0B / 0B,0B / 3.28MB,33
2026-07-31 11:57:57,nav2,14.15%,130.1MiB / 30.66GiB,0.41%,0B / 0B,0B / 1.23MB,94
2026-07-31 11:58:00,trav_ros2,41.55%,132.9MiB / 30.66GiB,0.42%,0B / 0B,0B / 291kB,44
2026-07-31 11:58:00,docker-recorder-run-d1d94bfeaf81,0.00%,10.32MiB / 30.66GiB,0.03%,0B / 0B,160kB / 9.45MB,1
2026-07-31 11:58:00,glim,150.78%,480.1MiB / 30.66GiB,1.53%,0B / 0B,0B / 11.6MB,35
2026-07-31 11:58:00,ouster,7.33%,119MiB / 30.66GiB,0.38%,0B / 0B,0B / 2.91MB,29
2026-07-31 11:58:00,scovox,105.33%,741.8MiB / 30.66GiB,2.36%,0B / 0B,0B / 3.58MB,53
2026-07-31 11:58:00,domain_bridge,0.43%,75.94MiB / 30.66GiB,0.24%,0B / 0B,0B / 5.07MB,28
2026-07-31 11:58:00,openzen,2.90%,32.08MiB / 30.66GiB,0.10%,0B / 0B,0B / 2.15MB,20
2026-07-31 11:58:00,mapir-ffmpeg,27.94%,167.7MiB / 30.66GiB,0.53%,0B / 0B,0B / 1.31MB,33
2026-07-31 11:58:00,realsense,16.39%,91.75MiB / 30.66GiB,0.29%,0B / 0B,0B / 3.28MB,33
2026-07-31 11:58:00,nav2,13.60%,131MiB / 30.66GiB,0.42%,0B / 0B,0B / 1.23MB,94
2026-07-31 11:58:03,trav_ros2,42.27%,133.3MiB / 30.66GiB,0.42%,0B / 0B,0B / 291kB,44
2026-07-31 11:58:03,docker-recorder-run-d1d94bfeaf81,0.00%,10.32MiB / 30.66GiB,0.03%,0B / 0B,160kB / 9.45MB,1
2026-07-31 11:58:03,glim,121.90%,480.1MiB / 30.66GiB,1.53%,0B / 0B,0B / 11.6MB,35
2026-07-31 11:58:03,ouster,7.78%,118.9MiB / 30.66GiB,0.38%,0B / 0B,0B / 2.91MB,29
2026-07-31 11:58:03,scovox,118.33%,791.2MiB / 30.66GiB,2.52%,0B / 0B,0B / 3.58MB,53
2026-07-31 11:58:03,domain_bridge,1.30%,75.68MiB / 30.66GiB,0.24%,0B / 0B,0B / 5.07MB,28
2026-07-31 11:58:03,openzen,2.87%,32.61MiB / 30.66GiB,0.10%,0B / 0B,0B / 2.15MB,20
2026-07-31 11:58:03,mapir-ffmpeg,29.76%,168.9MiB / 30.66GiB,0.54%,0B / 0B,0B / 1.31MB,33
2026-07-31 11:58:03,realsense,16.84%,91.79MiB / 30.66GiB,0.29%,0B / 0B,0B / 3.28MB,33
2026-07-31 11:58:03,nav2,6.51%,131.4MiB / 30.66GiB,0.42%,0B / 0B,0B / 1.27MB,92
2026-07-31 11:58:06,trav_ros2,41.08%,133.8MiB / 30.66GiB,0.43%,0B / 0B,0B / 369kB,44
2026-07-31 11:58:06,docker-recorder-run-d1d94bfeaf81,0.00%,10.32MiB / 30.66GiB,0.03%,0B / 0B,160kB / 9.45MB,1
2026-07-31 11:58:06,glim,123.14%,480MiB / 30.66GiB,1.53%,0B / 0B,0B / 11.6MB,35
2026-07-31 11:58:06,ouster,7.74%,118.7MiB / 30.66GiB,0.38%,0B / 0B,0B / 2.91MB,29
2026-07-31 11:58:06,scovox,106.09%,768.2MiB / 30.66GiB,2.45%,0B / 0B,0B / 3.58MB,53
2026-07-31 11:58:06,domain_bridge,0.20%,75.57MiB / 30.66GiB,0.24%,0B / 0B,0B / 5.07MB,28
2026-07-31 11:58:06,openzen,2.76%,32.15MiB / 30.66GiB,0.10%,0B / 0B,0B / 2.15MB,20
2026-07-31 11:58:06,mapir-ffmpeg,29.18%,168.5MiB / 30.66GiB,0.54%,0B / 0B,0B / 1.31MB,33
2026-07-31 11:58:06,realsense,16.63%,91.82MiB / 30.66GiB,0.29%,0B / 0B,0B / 3.28MB,33
2026-07-31 11:58:06,nav2,6.07%,130.8MiB / 30.66GiB,0.42%,0B / 0B,0B / 1.27MB,92
2026-07-31 11:58:09,trav_ros2,41.07%,133.9MiB / 30.66GiB,0.43%,0B / 0B,0B / 369kB,44
2026-07-31 11:58:09,docker-recorder-run-d1d94bfeaf81,0.00%,10.32MiB / 30.66GiB,0.03%,0B / 0B,160kB / 9.45MB,1
2026-07-31 11:58:09,glim,115.51%,480MiB / 30.66GiB,1.53%,0B / 0B,0B / 11.6MB,35
2026-07-31 11:58:09,ouster,7.16%,118.4MiB / 30.66GiB,0.38%,0B / 0B,0B / 2.91MB,29
2026-07-31 11:58:09,scovox,114.29%,757.8MiB / 30.66GiB,2.41%,0B / 0B,0B / 3.58MB,53
2026-07-31 11:58:09,domain_bridge,1.50%,76.09MiB / 30.66GiB,0.24%,0B / 0B,0B / 5.07MB,28
2026-07-31 11:58:09,openzen,2.75%,32.16MiB / 30.66GiB,0.10%,0B / 0B,0B / 2.15MB,20
2026-07-31 11:58:09,mapir-ffmpeg,28.67%,167.8MiB / 30.66GiB,0.53%,0B / 0B,0B / 1.31MB,33
2026-07-31 11:58:09,realsense,16.24%,91.82MiB / 30.66GiB,0.29%,0B / 0B,0B / 3.28MB,33
2026-07-31 11:58:09,nav2,6.19%,132MiB / 30.66GiB,0.42%,0B / 0B,0B / 1.29MB,92
2026-07-31 11:58:12,trav_ros2,40.20%,134.3MiB / 30.66GiB,0.43%,0B / 0B,0B / 369kB,44
2026-07-31 11:58:12,docker-recorder-run-d1d94bfeaf81,0.00%,10.32MiB / 30.66GiB,0.03%,0B / 0B,160kB / 9.45MB,1
2026-07-31 11:58:12,glim,113.96%,479.9MiB / 30.66GiB,1.53%,0B / 0B,0B / 11.6MB,35
2026-07-31 11:58:12,ouster,7.13%,119.1MiB / 30.66GiB,0.38%,0B / 0B,0B / 2.91MB,29
2026-07-31 11:58:12,scovox,105.52%,770.4MiB / 30.66GiB,2.45%,0B / 0B,0B / 3.58MB,53
2026-07-31 11:58:12,domain_bridge,0.49%,75.93MiB / 30.66GiB,0.24%,0B / 0B,0B / 5.07MB,28
2026-07-31 11:58:12,openzen,2.79%,32.69MiB / 30.66GiB,0.10%,0B / 0B,0B / 2.15MB,20
2026-07-31 11:58:12,mapir-ffmpeg,28.88%,168.9MiB / 30.66GiB,0.54%,0B / 0B,0B / 1.31MB,33
2026-07-31 11:58:12,realsense,15.87%,91.87MiB / 30.66GiB,0.29%,0B / 0B,0B / 3.28MB,33
2026-07-31 11:58:12,nav2,5.99%,132.2MiB / 30.66GiB,0.42%,0B / 0B,0B / 1.29MB,92
2026-07-31 11:58:15,trav_ros2,41.31%,134.6MiB / 30.66GiB,0.43%,0B / 0B,0B / 369kB,44
2026-07-31 11:58:15,docker-recorder-run-d1d94bfeaf81,0.00%,10.32MiB / 30.66GiB,0.03%,0B / 0B,160kB / 9.45MB,1
2026-07-31 11:58:15,glim,112.02%,480.2MiB / 30.66GiB,1.53%,0B / 0B,0B / 11.6MB,35
2026-07-31 11:58:15,ouster,7.11%,119MiB / 30.66GiB,0.38%,0B / 0B,0B / 2.91MB,29
2026-07-31 11:58:15,scovox,113.47%,765.2MiB / 30.66GiB,2.44%,0B / 0B,0B / 3.58MB,53
2026-07-31 11:58:15,domain_bridge,0.76%,77.27MiB / 30.66GiB,0.25%,0B / 0B,0B / 5.07MB,28
2026-07-31 11:58:15,openzen,2.68%,32.22MiB / 30.66GiB,0.10%,0B / 0B,0B / 2.15MB,20
2026-07-31 11:58:15,mapir-ffmpeg,28.56%,168MiB / 30.66GiB,0.53%,0B / 0B,0B / 1.31MB,33
2026-07-31 11:58:15,realsense,16.33%,91.41MiB / 30.66GiB,0.29%,0B / 0B,0B / 3.28MB,33
2026-07-31 11:58:15,nav2,6.08%,129.9MiB / 30.66GiB,0.41%,0B / 0B,0B / 1.29MB,92
2026-07-31 11:58:19,trav_ros2,40.83%,134.7MiB / 30.66GiB,0.43%,0B / 0B,0B / 369kB,44
2026-07-31 11:58:19,docker-recorder-run-d1d94bfeaf81,0.00%,10.32MiB / 30.66GiB,0.03%,0B / 0B,160kB / 9.45MB,1
2026-07-31 11:58:19,glim,111.15%,479.9MiB / 30.66GiB,1.53%,0B / 0B,0B / 11.6MB,35
2026-07-31 11:58:19,ouster,7.68%,118.7MiB / 30.66GiB,0.38%,0B / 0B,0B / 2.91MB,29
2026-07-31 11:58:19,scovox,111.03%,748.8MiB / 30.66GiB,2.38%,0B / 0B,0B / 3.58MB,53
2026-07-31 11:58:19,domain_bridge,1.01%,76.64MiB / 30.66GiB,0.24%,0B / 0B,0B / 5.07MB,28
2026-07-31 11:58:19,openzen,2.83%,32.5MiB / 30.66GiB,0.10%,0B / 0B,0B / 2.15MB,20
2026-07-31 11:58:19,mapir-ffmpeg,28.26%,169.2MiB / 30.66GiB,0.54%,0B / 0B,0B / 1.31MB,33
2026-07-31 11:58:19,realsense,16.19%,91.68MiB / 30.66GiB,0.29%,0B / 0B,0B / 3.28MB,33
2026-07-31 11:58:19,nav2,6.74%,130.2MiB / 30.66GiB,0.41%,0B / 0B,0B / 1.29MB,92
2026-07-31 11:58:22,docker-recorder-run-d1d94bfeaf81,0.00%,10.32MiB / 30.66GiB,0.03%,0B / 0B,160kB / 9.45MB,1
2026-07-31 11:58:22,glim,108.37%,480.4MiB / 30.66GiB,1.53%,0B / 0B,0B / 11.6MB,35
2026-07-31 11:58:22,ouster,7.41%,118.9MiB / 30.66GiB,0.38%,0B / 0B,0B / 2.91MB,29
2026-07-31 11:58:22,scovox,114.76%,768.6MiB / 30.66GiB,2.45%,0B / 0B,0B / 3.59MB,53
2026-07-31 11:58:22,domain_bridge,1.67%,75.83MiB / 30.66GiB,0.24%,0B / 0B,0B / 5.07MB,28
2026-07-31 11:58:22,openzen,2.82%,32.3MiB / 30.66GiB,0.10%,0B / 0B,0B / 2.15MB,20
2026-07-31 11:58:22,mapir-ffmpeg,28.99%,168.6MiB / 30.66GiB,0.54%,0B / 0B,0B / 1.31MB,33
2026-07-31 11:58:22,realsense,16.11%,91.98MiB / 30.66GiB,0.29%,0B / 0B,0B / 3.28MB,33
2026-07-31 11:58:22,nav2,5.91%,128.4MiB / 30.66GiB,0.41%,0B / 0B,0B / 1.32MB,92
2026-07-31 11:58:25,docker-recorder-run-d1d94bfeaf81,78.60%,63.87MiB / 30.66GiB,0.20%,0B / 0B,160kB / 24.8MB,17
2026-07-31 11:58:25,glim,115.90%,479.4MiB / 30.66GiB,1.53%,0B / 0B,0B / 11.6MB,35
2026-07-31 11:58:25,ouster,9.73%,119.6MiB / 30.66GiB,0.38%,0B / 0B,0B / 2.91MB,29
2026-07-31 11:58:25,scovox,112.34%,820MiB / 30.66GiB,2.61%,0B / 0B,0B / 3.6MB,53
2026-07-31 11:58:25,domain_bridge,6.18%,76.45MiB / 30.66GiB,0.24%,0B / 0B,0B / 5.07MB,28
2026-07-31 11:58:25,openzen,2.77%,32.56MiB / 30.66GiB,0.10%,0B / 0B,0B / 2.15MB,20
2026-07-31 11:58:25,mapir-ffmpeg,28.80%,168.6MiB / 30.66GiB,0.54%,0B / 0B,0B / 1.31MB,33
2026-07-31 11:58:25,realsense,16.00%,91.72MiB / 30.66GiB,0.29%,0B / 0B,0B / 3.28MB,33
2026-07-31 11:58:25,nav2,5.03%,127.5MiB / 30.66GiB,0.41%,0B / 0B,0B / 1.32MB,92
2026-07-31 11:58:28,glim,117.29%,479.6MiB / 30.66GiB,1.53%,0B / 0B,0B / 11.6MB,35
2026-07-31 11:58:28,ouster,7.93%,121MiB / 30.66GiB,0.39%,0B / 0B,0B / 2.91MB,29
2026-07-31 11:58:28,scovox,106.59%,779.9MiB / 30.66GiB,2.48%,0B / 0B,0B / 3.6MB,53
2026-07-31 11:58:28,domain_bridge,0.90%,76.76MiB / 30.66GiB,0.24%,0B / 0B,0B / 5.07MB,28
2026-07-31 11:58:28,openzen,2.64%,33.39MiB / 30.66GiB,0.11%,0B / 0B,0B / 2.15MB,20
2026-07-31 11:58:28,nav2,5.83%,128.6MiB / 30.66GiB,0.41%,0B / 0B,0B / 1.33MB,92
2026-07-31 11:58:31,glim,114.97%,480.6MiB / 30.66GiB,1.53%,0B / 0B,0B / 11.6MB,35
2026-07-31 11:58:31,ouster,6.79%,120.2MiB / 30.66GiB,0.38%,0B / 0B,0B / 2.91MB,29
2026-07-31 11:58:31,scovox,111.09%,767.7MiB / 30.66GiB,2.44%,0B / 0B,0B / 3.6MB,53
2026-07-31 11:58:31,domain_bridge,0.81%,76.57MiB / 30.66GiB,0.24%,0B / 0B,0B / 5.07MB,28
2026-07-31 11:58:31,openzen,2.47%,33.21MiB / 30.66GiB,0.11%,0B / 0B,0B / 2.15MB,20
2026-07-31 11:58:31,nav2,5.80%,128MiB / 30.66GiB,0.41%,0B / 0B,0B / 1.33MB,92
2026-07-31 11:58:34,glim,119.84%,479.7MiB / 30.66GiB,1.53%,0B / 0B,0B / 11.6MB,35
2026-07-31 11:58:34,ouster,7.01%,120.2MiB / 30.66GiB,0.38%,0B / 0B,0B / 2.91MB,29
2026-07-31 11:58:34,scovox,106.49%,780.6MiB / 30.66GiB,2.49%,0B / 0B,0B / 3.6MB,53
2026-07-31 11:58:34,domain_bridge,1.52%,77.75MiB / 30.66GiB,0.25%,0B / 0B,0B / 5.07MB,28
2026-07-31 11:58:34,openzen,2.53%,32.71MiB / 30.66GiB,0.10%,0B / 0B,0B / 2.15MB,20
2026-07-31 11:58:34,nav2,4.69%,128MiB / 30.66GiB,0.41%,0B / 0B,0B / 1.33MB,92
2026-07-31 11:59:34,realsense,138.51%,40.65MiB / 30.66GiB,0.13%,0B / 0B,0B / 274kB,5
2026-07-31 11:59:34,ouster,51.33%,112MiB / 30.66GiB,0.36%,0B / 0B,0B / 1.43MB,29
2026-07-31 11:59:34,openzen,4.00%,30.66MiB / 30.66GiB,0.10%,0B / 0B,0B / 2.14MB,20
2026-07-31 11:59:34,domain_bridge,203.11%,43.42MiB / 30.66GiB,0.14%,0B / 0B,0B / 152kB,12
2026-07-31 11:59:34,mapir-ffmpeg,59.60%,125.5MiB / 30.66GiB,0.40%,0B / 0B,0B / 758kB,32
2026-07-31 11:59:34,scovox,108.36%,39.59MiB / 30.66GiB,0.13%,0B / 0B,0B / 713kB,5
2026-07-31 11:59:34,nav2,99.05%,105.6MiB / 30.66GiB,0.34%,0B / 0B,0B / 1.13MB,90
2026-07-31 11:59:34,glim,122.56%,37.26MiB / 30.66GiB,0.12%,0B / 0B,0B / 98.3kB,3
2026-07-31 11:59:37,docker-recorder-run-c8b70270da36,67.77%,63.84MiB / 30.66GiB,0.20%,0B / 0B,0B / 0B,19
2026-07-31 11:59:37,glim,46.76%,90.16MiB / 30.66GiB,0.29%,0B / 0B,0B / 11MB,20
2026-07-31 11:59:37,realsense,16.22%,91.64MiB / 30.66GiB,0.29%,0B / 0B,0B / 2.32MB,33
2026-07-31 11:59:37,ouster,6.88%,117MiB / 30.66GiB,0.37%,0B / 0B,0B / 3.05MB,29
2026-07-31 11:59:37,openzen,2.96%,32.4MiB / 30.66GiB,0.10%,0B / 0B,0B / 2.14MB,20
2026-07-31 11:59:37,domain_bridge,136.16%,42.19MiB / 30.66GiB,0.13%,0B / 0B,0B / 745kB,7
2026-07-31 11:59:37,mapir-ffmpeg,28.46%,166.6MiB / 30.66GiB,0.53%,0B / 0B,0B / 1.27MB,33
2026-07-31 11:59:37,scovox,6.96%,151.4MiB / 30.66GiB,0.48%,0B / 0B,0B / 1.04MB,53
2026-07-31 11:59:37,nav2,1.68%,117.6MiB / 30.66GiB,0.37%,0B / 0B,0B / 1.13MB,90
2026-07-31 11:59:40,docker-recorder-run-c8b70270da36,119.08%,40.35MiB / 30.66GiB,0.13%,0B / 0B,0B / 0B,11
2026-07-31 11:59:40,glim,83.42%,200.6MiB / 30.66GiB,0.64%,0B / 0B,0B / 11MB,35
2026-07-31 11:59:40,realsense,16.38%,91.26MiB / 30.66GiB,0.29%,0B / 0B,0B / 2.32MB,33
2026-07-31 11:59:40,ouster,6.74%,116.2MiB / 30.66GiB,0.37%,0B / 0B,0B / 3.05MB,29
2026-07-31 11:59:40,openzen,3.16%,31.98MiB / 30.66GiB,0.10%,0B / 0B,0B / 2.14MB,20
2026-07-31 11:59:40,domain_bridge,84.63%,49.5MiB / 30.66GiB,0.16%,0B / 0B,0B / 872kB,10
2026-07-31 11:59:40,mapir-ffmpeg,28.29%,165.5MiB / 30.66GiB,0.53%,0B / 0B,0B / 1.27MB,33
2026-07-31 11:59:40,scovox,7.91%,130.8MiB / 30.66GiB,0.42%,0B / 0B,0B / 1.04MB,53
2026-07-31 11:59:40,nav2,5.00%,121.6MiB / 30.66GiB,0.39%,0B / 0B,0B / 1.13MB,92
2026-07-31 11:59:43,docker-recorder-run-c8b70270da36,105.57%,39.45MiB / 30.66GiB,0.13%,0B / 0B,0B / 0B,11
2026-07-31 11:59:43,glim,80.75%,284.5MiB / 30.66GiB,0.91%,0B / 0B,0B / 11MB,35
2026-07-31 11:59:43,realsense,16.68%,90.83MiB / 30.66GiB,0.29%,0B / 0B,0B / 2.32MB,33
2026-07-31 11:59:43,ouster,7.16%,116.1MiB / 30.66GiB,0.37%,0B / 0B,0B / 3.05MB,29
2026-07-31 11:59:43,openzen,3.48%,31.61MiB / 30.66GiB,0.10%,0B / 0B,0B / 2.14MB,20
2026-07-31 11:59:43,domain_bridge,98.72%,55.77MiB / 30.66GiB,0.18%,0B / 0B,0B / 909kB,4
2026-07-31 11:59:43,mapir-ffmpeg,29.43%,165.9MiB / 30.66GiB,0.53%,0B / 0B,0B / 1.27MB,33
2026-07-31 11:59:43,scovox,108.74%,358.4MiB / 30.66GiB,1.14%,0B / 0B,0B / 1.04MB,53
2026-07-31 11:59:43,nav2,6.02%,120MiB / 30.66GiB,0.38%,0B / 0B,0B / 1.13MB,92
2026-07-31 11:59:46,docker-recorder-run-c8b70270da36,120.13%,44.59MiB / 30.66GiB,0.14%,0B / 0B,0B / 61.4kB,11
2026-07-31 11:59:46,glim,77.57%,293.2MiB / 30.66GiB,0.93%,0B / 0B,0B / 11MB,35
2026-07-31 11:59:46,realsense,17.65%,90.95MiB / 30.66GiB,0.29%,0B / 0B,0B / 2.32MB,33
2026-07-31 11:59:46,ouster,8.02%,117.4MiB / 30.66GiB,0.37%,0B / 0B,0B / 3.05MB,29
2026-07-31 11:59:46,openzen,4.22%,32.49MiB / 30.66GiB,0.10%,0B / 0B,0B / 2.14MB,20
2026-07-31 11:59:46,domain_bridge,85.07%,46.68MiB / 30.66GiB,0.15%,0B / 0B,0B / 909kB,28
2026-07-31 11:59:46,mapir-ffmpeg,29.99%,167.4MiB / 30.66GiB,0.53%,0B / 0B,0B / 1.27MB,33
2026-07-31 11:59:46,scovox,120.59%,480.8MiB / 30.66GiB,1.53%,0B / 0B,0B / 1.04MB,53
2026-07-31 11:59:46,nav2,5.23%,119.6MiB / 30.66GiB,0.38%,0B / 0B,0B / 1.13MB,92
2026-07-31 11:59:49,docker-recorder-run-c8b70270da36,203.47%,45.18MiB / 30.66GiB,0.14%,0B / 0B,0B / 123kB,11
2026-07-31 11:59:49,glim,79.17%,303.8MiB / 30.66GiB,0.97%,0B / 0B,0B / 11MB,35
2026-07-31 11:59:49,realsense,16.82%,91.23MiB / 30.66GiB,0.29%,0B / 0B,0B / 2.32MB,33
2026-07-31 11:59:49,ouster,7.21%,116.6MiB / 30.66GiB,0.37%,0B / 0B,0B / 3.05MB,29
2026-07-31 11:59:49,openzen,3.71%,31.84MiB / 30.66GiB,0.10%,0B / 0B,0B / 2.14MB,20
2026-07-31 11:59:49,domain_bridge,0.66%,50.17MiB / 30.66GiB,0.16%,0B / 0B,0B / 909kB,28
2026-07-31 11:59:49,mapir-ffmpeg,29.56%,167.2MiB / 30.66GiB,0.53%,0B / 0B,0B / 1.27MB,33
2026-07-31 11:59:49,scovox,107.45%,522.8MiB / 30.66GiB,1.67%,0B / 0B,0B / 1.04MB,53
2026-07-31 11:59:49,nav2,5.60%,120.3MiB / 30.66GiB,0.38%,0B / 0B,0B / 1.13MB,92
2026-07-31 11:59:52,docker-recorder-run-c8b70270da36,0.00%,10.66MiB / 30.66GiB,0.03%,0B / 0B,0B / 233kB,2
2026-07-31 11:59:52,glim,80.91%,309.9MiB / 30.66GiB,0.99%,0B / 0B,0B / 11MB,35
2026-07-31 11:59:52,realsense,16.00%,91MiB / 30.66GiB,0.29%,0B / 0B,0B / 2.32MB,33
2026-07-31 11:59:52,ouster,6.82%,116.4MiB / 30.66GiB,0.37%,0B / 0B,0B / 3.05MB,29
2026-07-31 11:59:52,openzen,3.35%,31.86MiB / 30.66GiB,0.10%,0B / 0B,0B / 2.14MB,20
2026-07-31 11:59:52,domain_bridge,0.57%,53.68MiB / 30.66GiB,0.17%,0B / 0B,0B / 909kB,28
2026-07-31 11:59:52,mapir-ffmpeg,28.94%,166.1MiB / 30.66GiB,0.53%,0B / 0B,0B / 1.27MB,33
2026-07-31 11:59:52,scovox,113.65%,513.1MiB / 30.66GiB,1.63%,0B / 0B,0B / 1.04MB,53
2026-07-31 11:59:52,nav2,5.17%,119.7MiB / 30.66GiB,0.38%,0B / 0B,0B / 1.13MB,92
2026-07-31 11:59:56,docker-recorder-run-c8b70270da36,0.00%,10.66MiB / 30.66GiB,0.03%,0B / 0B,0B / 233kB,2
2026-07-31 11:59:56,glim,77.58%,309.7MiB / 30.66GiB,0.99%,0B / 0B,0B / 11MB,35
2026-07-31 11:59:56,realsense,16.11%,91.01MiB / 30.66GiB,0.29%,0B / 0B,0B / 2.32MB,33
2026-07-31 11:59:56,ouster,6.76%,116.6MiB / 30.66GiB,0.37%,0B / 0B,0B / 3.05MB,29
2026-07-31 11:59:56,openzen,3.27%,31.38MiB / 30.66GiB,0.10%,0B / 0B,0B / 2.14MB,20
2026-07-31 11:59:56,domain_bridge,0.39%,55.18MiB / 30.66GiB,0.18%,0B / 0B,0B / 909kB,28
2026-07-31 11:59:56,mapir-ffmpeg,28.03%,165.6MiB / 30.66GiB,0.53%,0B / 0B,0B / 1.27MB,33
2026-07-31 11:59:56,scovox,106.50%,523.3MiB / 30.66GiB,1.67%,0B / 0B,0B / 1.04MB,53
2026-07-31 11:59:56,nav2,5.44%,120.1MiB / 30.66GiB,0.38%,0B / 0B,0B / 1.13MB,92
2026-07-31 11:59:59,docker-recorder-run-c8b70270da36,0.00%,10.5MiB / 30.66GiB,0.03%,0B / 0B,0B / 9.45MB,2
2026-07-31 11:59:59,glim,72.98%,314.3MiB / 30.66GiB,1.00%,0B / 0B,0B / 11.6MB,35
2026-07-31 11:59:59,realsense,16.29%,90.81MiB / 30.66GiB,0.29%,0B / 0B,0B / 3.32MB,33
2026-07-31 11:59:59,ouster,6.38%,116.6MiB / 30.66GiB,0.37%,0B / 0B,0B / 3.05MB,29
2026-07-31 11:59:59,openzen,3.30%,31.42MiB / 30.66GiB,0.10%,0B / 0B,0B / 2.15MB,20
2026-07-31 11:59:59,domain_bridge,0.19%,54.66MiB / 30.66GiB,0.17%,0B / 0B,0B / 5.05MB,28
2026-07-31 11:59:59,mapir-ffmpeg,28.95%,165.9MiB / 30.66GiB,0.53%,0B / 0B,0B / 1.28MB,33
2026-07-31 11:59:59,scovox,105.81%,509.6MiB / 30.66GiB,1.62%,0B / 0B,0B / 3.53MB,53
2026-07-31 11:59:59,nav2,6.84%,120.1MiB / 30.66GiB,0.38%,0B / 0B,0B / 1.18MB,92
2026-07-31 11:59:59,trav_ros2,102.32%,17.13MiB / 30.66GiB,0.05%,0B / 0B,0B / 98.3kB,2
2026-07-31 12:00:03,trav_ros2,35.75%,133.3MiB / 30.66GiB,0.42%,0B / 0B,0B / 98.3kB,44
2026-07-31 12:00:03,docker-recorder-run-c8b70270da36,0.00%,10.3MiB / 30.66GiB,0.03%,0B / 0B,0B / 9.45MB,1
2026-07-31 12:00:03,glim,76.08%,325.4MiB / 30.66GiB,1.04%,0B / 0B,0B / 11.6MB,35
2026-07-31 12:00:03,realsense,16.01%,91.46MiB / 30.66GiB,0.29%,0B / 0B,0B / 3.32MB,33
2026-07-31 12:00:03,ouster,7.39%,118MiB / 30.66GiB,0.38%,0B / 0B,0B / 3.05MB,29
2026-07-31 12:00:03,openzen,3.31%,32.05MiB / 30.66GiB,0.10%,0B / 0B,0B / 2.15MB,20
2026-07-31 12:00:03,domain_bridge,0.90%,56.43MiB / 30.66GiB,0.18%,0B / 0B,0B / 5.05MB,28
2026-07-31 12:00:03,mapir-ffmpeg,28.23%,167MiB / 30.66GiB,0.53%,0B / 0B,0B / 1.28MB,33
2026-07-31 12:00:03,scovox,105.28%,495.1MiB / 30.66GiB,1.58%,0B / 0B,0B / 3.53MB,53
2026-07-31 12:00:03,nav2,6.64%,123MiB / 30.66GiB,0.39%,0B / 0B,0B / 1.18MB,92
2026-07-31 12:00:06,trav_ros2,35.84%,132.4MiB / 30.66GiB,0.42%,0B / 0B,0B / 98.3kB,44
2026-07-31 12:00:06,docker-recorder-run-c8b70270da36,0.00%,10.3MiB / 30.66GiB,0.03%,0B / 0B,0B / 9.45MB,1
2026-07-31 12:00:06,glim,77.32%,324.4MiB / 30.66GiB,1.03%,0B / 0B,0B / 11.6MB,35
2026-07-31 12:00:06,realsense,16.64%,92MiB / 30.66GiB,0.29%,0B / 0B,0B / 3.32MB,33
2026-07-31 12:00:06,ouster,7.72%,117.7MiB / 30.66GiB,0.37%,0B / 0B,0B / 3.05MB,29
2026-07-31 12:00:06,openzen,3.01%,32.59MiB / 30.66GiB,0.10%,0B / 0B,0B / 2.15MB,20
2026-07-31 12:00:06,domain_bridge,0.76%,56.39MiB / 30.66GiB,0.18%,0B / 0B,0B / 5.05MB,28
2026-07-31 12:00:06,mapir-ffmpeg,29.92%,167.1MiB / 30.66GiB,0.53%,0B / 0B,0B / 1.28MB,33
2026-07-31 12:00:06,scovox,106.29%,525.3MiB / 30.66GiB,1.67%,0B / 0B,0B / 3.53MB,53
2026-07-31 12:00:06,nav2,7.41%,123.7MiB / 30.66GiB,0.39%,0B / 0B,0B / 1.18MB,92
2026-07-31 12:00:09,trav_ros2,35.45%,134.3MiB / 30.66GiB,0.43%,0B / 0B,0B / 98.3kB,44
2026-07-31 12:00:09,docker-recorder-run-c8b70270da36,0.00%,10.3MiB / 30.66GiB,0.03%,0B / 0B,0B / 9.45MB,1
2026-07-31 12:00:09,glim,106.68%,342.4MiB / 30.66GiB,1.09%,0B / 0B,0B / 11.6MB,35
2026-07-31 12:00:09,realsense,16.05%,91.54MiB / 30.66GiB,0.29%,0B / 0B,0B / 3.32MB,33
2026-07-31 12:00:09,ouster,7.12%,117.1MiB / 30.66GiB,0.37%,0B / 0B,0B / 3.05MB,29
2026-07-31 12:00:09,openzen,2.73%,32.12MiB / 30.66GiB,0.10%,0B / 0B,0B / 2.15MB,20
2026-07-31 12:00:09,domain_bridge,0.45%,56.91MiB / 30.66GiB,0.18%,0B / 0B,0B / 5.05MB,28
2026-07-31 12:00:09,mapir-ffmpeg,29.08%,166.9MiB / 30.66GiB,0.53%,0B / 0B,0B / 1.28MB,33
2026-07-31 12:00:09,scovox,104.48%,495.8MiB / 30.66GiB,1.58%,0B / 0B,0B / 3.53MB,53
2026-07-31 12:00:09,nav2,10.31%,126.6MiB / 30.66GiB,0.40%,0B / 0B,0B / 1.18MB,94
2026-07-31 12:00:12,trav_ros2,37.03%,133.1MiB / 30.66GiB,0.42%,0B / 0B,0B / 98.3kB,44
2026-07-31 12:00:12,docker-recorder-run-c8b70270da36,0.00%,10.3MiB / 30.66GiB,0.03%,0B / 0B,0B / 9.45MB,1
2026-07-31 12:00:12,glim,123.60%,370.6MiB / 30.66GiB,1.18%,0B / 0B,0B / 11.6MB,35
2026-07-31 12:00:12,realsense,16.27%,91.55MiB / 30.66GiB,0.29%,0B / 0B,0B / 3.32MB,33
2026-07-31 12:00:12,ouster,7.04%,117.3MiB / 30.66GiB,0.37%,0B / 0B,0B / 3.05MB,29
2026-07-31 12:00:12,openzen,2.57%,32.12MiB / 30.66GiB,0.10%,0B / 0B,0B / 2.15MB,20
2026-07-31 12:00:12,domain_bridge,1.76%,57.91MiB / 30.66GiB,0.18%,0B / 0B,0B / 5.05MB,28
2026-07-31 12:00:12,mapir-ffmpeg,28.94%,166.6MiB / 30.66GiB,0.53%,0B / 0B,0B / 1.28MB,33
2026-07-31 12:00:12,scovox,113.50%,489.6MiB / 30.66GiB,1.56%,0B / 0B,0B / 3.53MB,53
2026-07-31 12:00:12,nav2,14.82%,126.4MiB / 30.66GiB,0.40%,0B / 0B,0B / 1.18MB,94
2026-07-31 12:00:15,trav_ros2,34.97%,134.1MiB / 30.66GiB,0.43%,0B / 0B,0B / 98.3kB,44
2026-07-31 12:00:15,docker-recorder-run-c8b70270da36,0.00%,10.3MiB / 30.66GiB,0.03%,0B / 0B,0B / 9.45MB,1
2026-07-31 12:00:15,glim,122.00%,382.9MiB / 30.66GiB,1.22%,0B / 0B,0B / 11.6MB,35
2026-07-31 12:00:15,realsense,16.35%,91.6MiB / 30.66GiB,0.29%,0B / 0B,0B / 3.32MB,33
2026-07-31 12:00:15,ouster,7.60%,117.4MiB / 30.66GiB,0.37%,0B / 0B,0B / 3.05MB,29
2026-07-31 12:00:15,openzen,2.55%,32.42MiB / 30.66GiB,0.10%,0B / 0B,0B / 2.15MB,20
2026-07-31 12:00:15,domain_bridge,0.17%,63.09MiB / 30.66GiB,0.20%,0B / 0B,0B / 5.05MB,28
2026-07-31 12:00:15,mapir-ffmpeg,28.37%,167.5MiB / 30.66GiB,0.53%,0B / 0B,0B / 1.28MB,33
2026-07-31 12:00:15,scovox,104.48%,516.3MiB / 30.66GiB,1.64%,0B / 0B,0B / 3.53MB,53
2026-07-31 12:00:15,nav2,14.74%,126.4MiB / 30.66GiB,0.40%,0B / 0B,0B / 1.18MB,94
2026-07-31 12:00:18,trav_ros2,34.41%,134.6MiB / 30.66GiB,0.43%,0B / 0B,0B / 98.3kB,44
2026-07-31 12:00:18,docker-recorder-run-c8b70270da36,0.00%,10.3MiB / 30.66GiB,0.03%,0B / 0B,0B / 9.45MB,1
2026-07-31 12:00:18,glim,131.52%,383MiB / 30.66GiB,1.22%,0B / 0B,0B / 11.6MB,35
2026-07-31 12:00:18,realsense,17.12%,91.61MiB / 30.66GiB,0.29%,0B / 0B,0B / 3.32MB,33
2026-07-31 12:00:18,ouster,7.58%,117.5MiB / 30.66GiB,0.37%,0B / 0B,0B / 3.05MB,29
2026-07-31 12:00:18,openzen,2.67%,32.2MiB / 30.66GiB,0.10%,0B / 0B,0B / 2.15MB,20
2026-07-31 12:00:18,domain_bridge,1.23%,63.45MiB / 30.66GiB,0.20%,0B / 0B,0B / 5.05MB,28
2026-07-31 12:00:18,mapir-ffmpeg,28.80%,167.5MiB / 30.66GiB,0.53%,0B / 0B,0B / 1.28MB,33
2026-07-31 12:00:18,scovox,110.36%,517.1MiB / 30.66GiB,1.65%,0B / 0B,0B / 3.53MB,53
2026-07-31 12:00:18,nav2,14.59%,126.2MiB / 30.66GiB,0.40%,0B / 0B,0B / 1.18MB,94
2026-07-31 12:00:21,trav_ros2,35.58%,133.9MiB / 30.66GiB,0.43%,0B / 0B,0B / 98.3kB,44
2026-07-31 12:00:21,docker-recorder-run-c8b70270da36,0.00%,10.3MiB / 30.66GiB,0.03%,0B / 0B,0B / 9.45MB,1
2026-07-31 12:00:21,glim,140.94%,383.2MiB / 30.66GiB,1.22%,0B / 0B,0B / 11.6MB,35
2026-07-31 12:00:21,realsense,17.67%,92.14MiB / 30.66GiB,0.29%,0B / 0B,0B / 3.32MB,33
2026-07-31 12:00:21,ouster,7.89%,117.4MiB / 30.66GiB,0.37%,0B / 0B,0B / 3.05MB,29
2026-07-31 12:00:21,openzen,2.94%,32.71MiB / 30.66GiB,0.10%,0B / 0B,0B / 2.15MB,20
2026-07-31 12:00:21,domain_bridge,0.70%,56.55MiB / 30.66GiB,0.18%,0B / 0B,0B / 5.05MB,28
2026-07-31 12:00:21,mapir-ffmpeg,29.54%,167.6MiB / 30.66GiB,0.53%,0B / 0B,0B / 1.28MB,33
2026-07-31 12:00:21,scovox,106.44%,562MiB / 30.66GiB,1.79%,0B / 0B,0B / 3.53MB,53
2026-07-31 12:00:21,nav2,16.00%,126.6MiB / 30.66GiB,0.40%,0B / 0B,0B / 1.18MB,94
2026-07-31 12:00:24,trav_ros2,35.63%,135.2MiB / 30.66GiB,0.43%,0B / 0B,0B / 98.3kB,44
2026-07-31 12:00:24,docker-recorder-run-c8b70270da36,0.00%,10.3MiB / 30.66GiB,0.03%,0B / 0B,0B / 9.45MB,1
2026-07-31 12:00:24,glim,138.65%,383.1MiB / 30.66GiB,1.22%,0B / 0B,0B / 11.6MB,35
2026-07-31 12:00:24,realsense,18.11%,91.69MiB / 30.66GiB,0.29%,0B / 0B,0B / 3.32MB,33
2026-07-31 12:00:24,ouster,7.39%,117.7MiB / 30.66GiB,0.37%,0B / 0B,0B / 3.05MB,29
2026-07-31 12:00:24,openzen,2.70%,32.27MiB / 30.66GiB,0.10%,0B / 0B,0B / 2.15MB,20
2026-07-31 12:00:24,domain_bridge,1.99%,56.45MiB / 30.66GiB,0.18%,0B / 0B,0B / 5.05MB,28
2026-07-31 12:00:24,mapir-ffmpeg,29.17%,167.9MiB / 30.66GiB,0.53%,0B / 0B,0B / 1.28MB,33
2026-07-31 12:00:24,scovox,115.10%,587.5MiB / 30.66GiB,1.87%,0B / 0B,0B / 3.53MB,53
2026-07-31 12:00:24,nav2,15.20%,127.3MiB / 30.66GiB,0.41%,0B / 0B,0B / 1.18MB,94
2026-07-31 12:00:27,trav_ros2,35.37%,133.9MiB / 30.66GiB,0.43%,0B / 0B,0B / 98.3kB,44
2026-07-31 12:00:27,docker-recorder-run-c8b70270da36,0.00%,10.3MiB / 30.66GiB,0.03%,0B / 0B,0B / 9.45MB,1
2026-07-31 12:00:27,glim,144.04%,383.3MiB / 30.66GiB,1.22%,0B / 0B,0B / 11.6MB,35
2026-07-31 12:00:27,realsense,17.46%,91.7MiB / 30.66GiB,0.29%,0B / 0B,0B / 3.32MB,33
2026-07-31 12:00:27,ouster,7.14%,118MiB / 30.66GiB,0.38%,0B / 0B,0B / 3.05MB,29
2026-07-31 12:00:27,openzen,2.61%,32.03MiB / 30.66GiB,0.10%,0B / 0B,0B / 2.15MB,20
2026-07-31 12:00:27,domain_bridge,0.32%,57.88MiB / 30.66GiB,0.18%,0B / 0B,0B / 5.05MB,28
2026-07-31 12:00:27,mapir-ffmpeg,28.44%,167.2MiB / 30.66GiB,0.53%,0B / 0B,0B / 1.28MB,33
2026-07-31 12:00:27,scovox,105.25%,624.4MiB / 30.66GiB,1.99%,0B / 0B,0B / 3.53MB,53
2026-07-31 12:00:27,nav2,15.00%,127.1MiB / 30.66GiB,0.40%,0B / 0B,0B / 1.18MB,94
2026-07-31 12:00:31,trav_ros2,36.46%,134.2MiB / 30.66GiB,0.43%,0B / 0B,0B / 98.3kB,44
2026-07-31 12:00:31,docker-recorder-run-c8b70270da36,0.00%,10.3MiB / 30.66GiB,0.03%,0B / 0B,0B / 9.45MB,1
2026-07-31 12:00:31,glim,140.47%,382.8MiB / 30.66GiB,1.22%,0B / 0B,0B / 11.6MB,35
2026-07-31 12:00:31,realsense,17.79%,91.74MiB / 30.66GiB,0.29%,0B / 0B,0B / 3.32MB,33
2026-07-31 12:00:31,ouster,7.43%,117.8MiB / 30.66GiB,0.38%,0B / 0B,0B / 3.05MB,29
2026-07-31 12:00:31,openzen,2.72%,32.81MiB / 30.66GiB,0.10%,0B / 0B,0B / 2.15MB,20
2026-07-31 12:00:31,domain_bridge,2.35%,60.94MiB / 30.66GiB,0.19%,0B / 0B,0B / 5.05MB,28
2026-07-31 12:00:31,mapir-ffmpeg,28.99%,167.5MiB / 30.66GiB,0.53%,0B / 0B,0B / 1.29MB,33
2026-07-31 12:00:31,scovox,115.18%,628.7MiB / 30.66GiB,2.00%,0B / 0B,0B / 3.53MB,53
2026-07-31 12:00:31,nav2,15.67%,128MiB / 30.66GiB,0.41%,0B / 0B,0B / 1.2MB,94
2026-07-31 12:00:34,trav_ros2,38.38%,135.8MiB / 30.66GiB,0.43%,0B / 0B,0B / 1.63MB,44
2026-07-31 12:00:34,docker-recorder-run-c8b70270da36,0.00%,10.3MiB / 30.66GiB,0.03%,0B / 0B,0B / 9.45MB,1
2026-07-31 12:00:34,glim,137.10%,383.2MiB / 30.66GiB,1.22%,0B / 0B,0B / 11.6MB,35
2026-07-31 12:00:34,realsense,16.98%,91.77MiB / 30.66GiB,0.29%,0B / 0B,0B / 3.32MB,33
2026-07-31 12:00:34,ouster,7.30%,118MiB / 30.66GiB,0.38%,0B / 0B,0B / 3.05MB,29
2026-07-31 12:00:34,openzen,2.70%,32.34MiB / 30.66GiB,0.10%,0B / 0B,0B / 2.15MB,20
2026-07-31 12:00:34,domain_bridge,0.14%,57.55MiB / 30.66GiB,0.18%,0B / 0B,0B / 5.05MB,28
2026-07-31 12:00:34,mapir-ffmpeg,28.37%,167.3MiB / 30.66GiB,0.53%,0B / 0B,0B / 1.29MB,33
2026-07-31 12:00:34,scovox,105.93%,632.2MiB / 30.66GiB,2.01%,0B / 0B,0B / 3.56MB,53
2026-07-31 12:00:34,nav2,14.87%,126.8MiB / 30.66GiB,0.40%,0B / 0B,0B / 1.2MB,94
2026-07-31 12:00:37,trav_ros2,38.71%,135.7MiB / 30.66GiB,0.43%,0B / 0B,0B / 1.64MB,44
2026-07-31 12:00:37,docker-recorder-run-c8b70270da36,0.00%,10.3MiB / 30.66GiB,0.03%,0B / 0B,0B / 9.45MB,1
2026-07-31 12:00:37,glim,139.09%,378.1MiB / 30.66GiB,1.20%,0B / 0B,0B / 11.6MB,35
2026-07-31 12:00:37,realsense,17.08%,91.52MiB / 30.66GiB,0.29%,0B / 0B,0B / 3.32MB,33
2026-07-31 12:00:37,ouster,7.37%,118MiB / 30.66GiB,0.38%,0B / 0B,0B / 3.05MB,29
2026-07-31 12:00:37,openzen,2.90%,32.11MiB / 30.66GiB,0.10%,0B / 0B,0B / 2.15MB,20
2026-07-31 12:00:37,domain_bridge,0.19%,57.72MiB / 30.66GiB,0.18%,0B / 0B,0B / 5.05MB,28
2026-07-31 12:00:37,mapir-ffmpeg,28.70%,167.1MiB / 30.66GiB,0.53%,0B / 0B,0B / 1.29MB,33
2026-07-31 12:00:37,scovox,107.80%,641MiB / 30.66GiB,2.04%,0B / 0B,0B / 3.56MB,53
2026-07-31 12:00:37,nav2,15.15%,127.3MiB / 30.66GiB,0.41%,0B / 0B,0B / 1.22MB,94
2026-07-31 12:00:40,trav_ros2,38.79%,131.4MiB / 30.66GiB,0.42%,0B / 0B,0B / 1.64MB,44
2026-07-31 12:00:40,docker-recorder-run-c8b70270da36,0.00%,10.3MiB / 30.66GiB,0.03%,0B / 0B,0B / 9.45MB,1
2026-07-31 12:00:40,glim,139.23%,379.6MiB / 30.66GiB,1.21%,0B / 0B,0B / 11.6MB,35
2026-07-31 12:00:40,realsense,17.15%,91.83MiB / 30.66GiB,0.29%,0B / 0B,0B / 3.32MB,33
2026-07-31 12:00:40,ouster,7.45%,117.9MiB / 30.66GiB,0.38%,0B / 0B,0B / 3.05MB,29
2026-07-31 12:00:40,openzen,2.85%,32.65MiB / 30.66GiB,0.10%,0B / 0B,0B / 2.15MB,20
2026-07-31 12:00:40,domain_bridge,2.36%,58.35MiB / 30.66GiB,0.19%,0B / 0B,0B / 5.05MB,28
2026-07-31 12:00:40,mapir-ffmpeg,28.31%,167.7MiB / 30.66GiB,0.53%,0B / 0B,0B / 1.29MB,33
2026-07-31 12:00:40,scovox,114.73%,637.6MiB / 30.66GiB,2.03%,0B / 0B,0B / 3.56MB,53
2026-07-31 12:00:40,nav2,14.62%,127MiB / 30.66GiB,0.40%,0B / 0B,0B / 1.23MB,94
2026-07-31 12:00:43,trav_ros2,38.64%,136.3MiB / 30.66GiB,0.43%,0B / 0B,0B / 1.64MB,44
2026-07-31 12:00:43,docker-recorder-run-c8b70270da36,0.00%,10.3MiB / 30.66GiB,0.03%,0B / 0B,0B / 9.45MB,1
2026-07-31 12:00:43,glim,136.94%,382.4MiB / 30.66GiB,1.22%,0B / 0B,0B / 11.6MB,35
2026-07-31 12:00:43,realsense,17.47%,91.6MiB / 30.66GiB,0.29%,0B / 0B,0B / 3.32MB,33
2026-07-31 12:00:43,ouster,7.65%,118.2MiB / 30.66GiB,0.38%,0B / 0B,0B / 3.05MB,29
2026-07-31 12:00:43,openzen,2.88%,32.67MiB / 30.66GiB,0.10%,0B / 0B,0B / 2.15MB,20
2026-07-31 12:00:43,domain_bridge,4.11%,58.07MiB / 30.66GiB,0.18%,0B / 0B,0B / 5.05MB,28
2026-07-31 12:00:43,mapir-ffmpeg,28.59%,167.2MiB / 30.66GiB,0.53%,0B / 0B,0B / 1.29MB,33
2026-07-31 12:00:43,scovox,117.03%,663.4MiB / 30.66GiB,2.11%,0B / 0B,0B / 3.56MB,53
2026-07-31 12:00:43,nav2,14.72%,127.3MiB / 30.66GiB,0.41%,0B / 0B,0B / 1.23MB,94
2026-07-31 12:00:46,trav_ros2,37.92%,136.2MiB / 30.66GiB,0.43%,0B / 0B,0B / 1.64MB,44
2026-07-31 12:00:46,docker-recorder-run-c8b70270da36,0.00%,10.3MiB / 30.66GiB,0.03%,0B / 0B,0B / 9.45MB,1
2026-07-31 12:00:46,glim,121.14%,382.3MiB / 30.66GiB,1.22%,0B / 0B,0B / 11.6MB,35
2026-07-31 12:00:46,realsense,16.93%,91.89MiB / 30.66GiB,0.29%,0B / 0B,0B / 3.32MB,33
2026-07-31 12:00:46,ouster,7.45%,118.3MiB / 30.66GiB,0.38%,0B / 0B,0B / 3.05MB,29
2026-07-31 12:00:46,openzen,2.85%,32.71MiB / 30.66GiB,0.10%,0B / 0B,0B / 2.15MB,20
2026-07-31 12:00:46,domain_bridge,2.03%,57.13MiB / 30.66GiB,0.18%,0B / 0B,0B / 5.05MB,28
2026-07-31 12:00:46,mapir-ffmpeg,28.99%,167.9MiB / 30.66GiB,0.53%,0B / 0B,0B / 1.29MB,33
2026-07-31 12:00:46,scovox,114.58%,653.9MiB / 30.66GiB,2.08%,0B / 0B,0B / 3.56MB,53
2026-07-31 12:00:46,nav2,14.72%,127.8MiB / 30.66GiB,0.41%,0B / 0B,0B / 1.23MB,94
2026-07-31 12:00:49,trav_ros2,39.86%,135.3MiB / 30.66GiB,0.43%,0B / 0B,0B / 1.64MB,44
2026-07-31 12:00:49,docker-recorder-run-c8b70270da36,0.00%,10.3MiB / 30.66GiB,0.03%,0B / 0B,0B / 9.45MB,1
2026-07-31 12:00:49,glim,122.57%,386.5MiB / 30.66GiB,1.23%,0B / 0B,0B / 11.6MB,35
2026-07-31 12:00:49,realsense,16.67%,91.67MiB / 30.66GiB,0.29%,0B / 0B,0B / 3.32MB,33
2026-07-31 12:00:49,ouster,7.73%,118.1MiB / 30.66GiB,0.38%,0B / 0B,0B / 3.05MB,29
2026-07-31 12:00:49,openzen,2.68%,32.24MiB / 30.66GiB,0.10%,0B / 0B,0B / 2.15MB,20
2026-07-31 12:00:49,domain_bridge,0.29%,66.55MiB / 30.66GiB,0.21%,0B / 0B,0B / 5.05MB,28
2026-07-31 12:00:49,mapir-ffmpeg,28.20%,168.1MiB / 30.66GiB,0.54%,0B / 0B,0B / 1.29MB,33
2026-07-31 12:00:49,scovox,113.85%,657.2MiB / 30.66GiB,2.09%,0B / 0B,0B / 3.56MB,53
2026-07-31 12:00:49,nav2,14.76%,127.5MiB / 30.66GiB,0.41%,0B / 0B,0B / 1.23MB,94
2026-07-31 12:00:52,trav_ros2,39.31%,135.9MiB / 30.66GiB,0.43%,0B / 0B,0B / 1.64MB,44
2026-07-31 12:00:52,docker-recorder-run-c8b70270da36,0.00%,10.3MiB / 30.66GiB,0.03%,0B / 0B,0B / 9.45MB,1
2026-07-31 12:00:52,glim,135.86%,386.8MiB / 30.66GiB,1.23%,0B / 0B,0B / 11.6MB,35
2026-07-31 12:00:52,realsense,17.03%,91.92MiB / 30.66GiB,0.29%,0B / 0B,0B / 3.32MB,33
2026-07-31 12:00:52,ouster,7.19%,118.3MiB / 30.66GiB,0.38%,0B / 0B,0B / 3.05MB,29
2026-07-31 12:00:52,openzen,2.46%,32.25MiB / 30.66GiB,0.10%,0B / 0B,0B / 2.15MB,20
2026-07-31 12:00:52,domain_bridge,2.00%,58.12MiB / 30.66GiB,0.19%,0B / 0B,0B / 5.05MB,28
2026-07-31 12:00:52,mapir-ffmpeg,29.84%,167.9MiB / 30.66GiB,0.53%,0B / 0B,0B / 1.29MB,33
2026-07-31 12:00:52,scovox,113.82%,659.5MiB / 30.66GiB,2.10%,0B / 0B,0B / 3.56MB,53
2026-07-31 12:00:52,nav2,14.61%,127.3MiB / 30.66GiB,0.41%,0B / 0B,0B / 1.23MB,94
2026-07-31 12:00:55,trav_ros2,39.21%,136.1MiB / 30.66GiB,0.43%,0B / 0B,0B / 1.64MB,44
2026-07-31 12:00:55,docker-recorder-run-c8b70270da36,0.00%,10.3MiB / 30.66GiB,0.03%,0B / 0B,0B / 9.45MB,1
2026-07-31 12:00:55,glim,132.63%,385.9MiB / 30.66GiB,1.23%,0B / 0B,0B / 11.6MB,35
2026-07-31 12:00:55,realsense,16.91%,92.46MiB / 30.66GiB,0.29%,0B / 0B,0B / 3.32MB,33
2026-07-31 12:00:55,ouster,7.20%,118.5MiB / 30.66GiB,0.38%,0B / 0B,0B / 3.05MB,29
2026-07-31 12:00:55,openzen,2.68%,32.55MiB / 30.66GiB,0.10%,0B / 0B,0B / 2.15MB,20
2026-07-31 12:00:55,domain_bridge,0.39%,65.01MiB / 30.66GiB,0.21%,0B / 0B,0B / 5.05MB,28
2026-07-31 12:00:55,mapir-ffmpeg,29.15%,168.2MiB / 30.66GiB,0.54%,0B / 0B,0B / 1.29MB,33
2026-07-31 12:00:55,scovox,106.23%,656.5MiB / 30.66GiB,2.09%,0B / 0B,0B / 3.56MB,53
2026-07-31 12:00:55,nav2,14.97%,126.9MiB / 30.66GiB,0.40%,0B / 0B,0B / 1.23MB,94
2026-07-31 12:00:58,trav_ros2,40.30%,137.2MiB / 30.66GiB,0.44%,0B / 0B,0B / 1.64MB,44
2026-07-31 12:00:58,docker-recorder-run-c8b70270da36,0.00%,10.3MiB / 30.66GiB,0.03%,0B / 0B,0B / 9.45MB,1
2026-07-31 12:00:58,glim,132.78%,402.7MiB / 30.66GiB,1.28%,0B / 0B,0B / 11.6MB,35
2026-07-31 12:00:58,realsense,16.11%,91.75MiB / 30.66GiB,0.29%,0B / 0B,0B / 3.32MB,33
2026-07-31 12:00:58,ouster,7.23%,118.2MiB / 30.66GiB,0.38%,0B / 0B,0B / 3.05MB,29
2026-07-31 12:00:58,openzen,2.74%,32.57MiB / 30.66GiB,0.10%,0B / 0B,0B / 2.15MB,20
2026-07-31 12:00:58,domain_bridge,0.99%,66.8MiB / 30.66GiB,0.21%,0B / 0B,0B / 5.05MB,28
2026-07-31 12:00:58,mapir-ffmpeg,29.50%,168.7MiB / 30.66GiB,0.54%,0B / 0B,0B / 1.29MB,33
2026-07-31 12:00:58,scovox,113.29%,683.2MiB / 30.66GiB,2.18%,0B / 0B,0B / 3.56MB,53
2026-07-31 12:00:58,nav2,14.76%,127.6MiB / 30.66GiB,0.41%,0B / 0B,0B / 1.23MB,94
2026-07-31 12:01:01,trav_ros2,40.31%,136.4MiB / 30.66GiB,0.43%,0B / 0B,0B / 1.72MB,44
2026-07-31 12:01:01,docker-recorder-run-c8b70270da36,0.00%,10.3MiB / 30.66GiB,0.03%,0B / 0B,0B / 9.45MB,1
2026-07-31 12:01:01,glim,143.02%,408.5MiB / 30.66GiB,1.30%,0B / 0B,0B / 11.6MB,35
2026-07-31 12:01:01,realsense,16.33%,92.28MiB / 30.66GiB,0.29%,0B / 0B,0B / 3.32MB,33
2026-07-31 12:01:01,ouster,7.52%,117.3MiB / 30.66GiB,0.37%,0B / 0B,0B / 3.05MB,29
2026-07-31 12:01:01,openzen,2.85%,31.97MiB / 30.66GiB,0.10%,0B / 0B,0B / 2.15MB,20
2026-07-31 12:01:01,domain_bridge,0.85%,57.27MiB / 30.66GiB,0.18%,0B / 0B,0B / 5.05MB,28
2026-07-31 12:01:01,mapir-ffmpeg,29.01%,167.2MiB / 30.66GiB,0.53%,0B / 0B,0B / 1.29MB,33
2026-07-31 12:01:01,scovox,106.47%,711.2MiB / 30.66GiB,2.27%,0B / 0B,0B / 3.56MB,53
2026-07-31 12:01:01,nav2,15.85%,128MiB / 30.66GiB,0.41%,0B / 0B,0B / 1.23MB,94
2026-07-31 12:01:04,trav_ros2,41.57%,138MiB / 30.66GiB,0.44%,0B / 0B,0B / 1.72MB,44
2026-07-31 12:01:04,docker-recorder-run-c8b70270da36,0.00%,10.3MiB / 30.66GiB,0.03%,0B / 0B,0B / 9.45MB,1
2026-07-31 12:01:04,glim,146.39%,422.2MiB / 30.66GiB,1.34%,0B / 0B,0B / 11.6MB,35
2026-07-31 12:01:04,realsense,16.39%,91.44MiB / 30.66GiB,0.29%,0B / 0B,0B / 3.32MB,33
2026-07-31 12:01:04,ouster,7.30%,118MiB / 30.66GiB,0.38%,0B / 0B,0B / 3.05MB,29
2026-07-31 12:01:04,openzen,2.86%,32.01MiB / 30.66GiB,0.10%,0B / 0B,0B / 2.15MB,20
2026-07-31 12:01:04,domain_bridge,1.36%,64.91MiB / 30.66GiB,0.21%,0B / 0B,0B / 5.05MB,28
2026-07-31 12:01:04,mapir-ffmpeg,28.93%,166.8MiB / 30.66GiB,0.53%,0B / 0B,0B / 1.3MB,33
2026-07-31 12:01:04,scovox,114.42%,671.8MiB / 30.66GiB,2.14%,0B / 0B,0B / 3.56MB,53
2026-07-31 12:01:04,nav2,14.98%,127.4MiB / 30.66GiB,0.41%,0B / 0B,0B / 1.26MB,94
2026-07-31 12:01:08,trav_ros2,41.12%,133.3MiB / 30.66GiB,0.42%,0B / 0B,0B / 1.72MB,44
2026-07-31 12:01:08,docker-recorder-run-c8b70270da36,0.00%,10.3MiB / 30.66GiB,0.03%,0B / 0B,0B / 9.45MB,1
2026-07-31 12:01:08,glim,143.41%,451.7MiB / 30.66GiB,1.44%,0B / 0B,0B / 11.6MB,35
2026-07-31 12:01:08,realsense,16.73%,91.2MiB / 30.66GiB,0.29%,0B / 0B,0B / 3.32MB,33
2026-07-31 12:01:08,ouster,7.77%,117.5MiB / 30.66GiB,0.37%,0B / 0B,0B / 3.05MB,29
2026-07-31 12:01:08,openzen,2.66%,31.77MiB / 30.66GiB,0.10%,0B / 0B,0B / 2.15MB,20
2026-07-31 12:01:08,domain_bridge,0.35%,65.68MiB / 30.66GiB,0.21%,0B / 0B,0B / 5.05MB,28
2026-07-31 12:01:08,mapir-ffmpeg,27.95%,167MiB / 30.66GiB,0.53%,0B / 0B,0B / 1.3MB,33
2026-07-31 12:01:08,scovox,105.13%,694MiB / 30.66GiB,2.21%,0B / 0B,0B / 3.58MB,53
2026-07-31 12:01:08,nav2,14.53%,127.2MiB / 30.66GiB,0.41%,0B / 0B,0B / 1.26MB,94
2026-07-31 12:01:11,trav_ros2,41.56%,135.9MiB / 30.66GiB,0.43%,0B / 0B,0B / 1.72MB,44
2026-07-31 12:01:11,docker-recorder-run-c8b70270da36,0.00%,10.3MiB / 30.66GiB,0.03%,0B / 0B,0B / 9.45MB,1
2026-07-31 12:01:11,glim,132.32%,454.2MiB / 30.66GiB,1.45%,0B / 0B,0B / 11.6MB,35
2026-07-31 12:01:11,realsense,17.46%,91.5MiB / 30.66GiB,0.29%,0B / 0B,0B / 3.32MB,33
2026-07-31 12:01:11,ouster,7.47%,117.8MiB / 30.66GiB,0.38%,0B / 0B,0B / 3.05MB,29
2026-07-31 12:01:11,openzen,2.88%,32.3MiB / 30.66GiB,0.10%,0B / 0B,0B / 2.15MB,20
2026-07-31 12:01:11,domain_bridge,0.23%,65.39MiB / 30.66GiB,0.21%,0B / 0B,0B / 5.05MB,28
2026-07-31 12:01:11,mapir-ffmpeg,28.35%,167.9MiB / 30.66GiB,0.53%,0B / 0B,0B / 1.3MB,33
2026-07-31 12:01:11,scovox,104.75%,708MiB / 30.66GiB,2.25%,0B / 0B,0B / 3.58MB,53
2026-07-31 12:01:11,nav2,15.83%,127.4MiB / 30.66GiB,0.41%,0B / 0B,0B / 1.29MB,94
2026-07-31 12:01:14,trav_ros2,41.41%,137.9MiB / 30.66GiB,0.44%,0B / 0B,0B / 1.72MB,44
2026-07-31 12:01:14,docker-recorder-run-c8b70270da36,0.00%,10.3MiB / 30.66GiB,0.03%,0B / 0B,0B / 9.45MB,1
2026-07-31 12:01:14,glim,133.74%,465.1MiB / 30.66GiB,1.48%,0B / 0B,0B / 11.6MB,35
2026-07-31 12:01:14,realsense,16.99%,91.27MiB / 30.66GiB,0.29%,0B / 0B,0B / 3.32MB,33
2026-07-31 12:01:14,ouster,7.13%,117.8MiB / 30.66GiB,0.38%,0B / 0B,0B / 3.05MB,29
2026-07-31 12:01:14,openzen,2.61%,32.33MiB / 30.66GiB,0.10%,0B / 0B,0B / 2.15MB,20
2026-07-31 12:01:14,domain_bridge,0.54%,65.21MiB / 30.66GiB,0.21%,0B / 0B,0B / 5.05MB,28
2026-07-31 12:01:14,mapir-ffmpeg,29.30%,167.9MiB / 30.66GiB,0.53%,0B / 0B,0B / 1.3MB,33
2026-07-31 12:01:14,scovox,105.85%,669.7MiB / 30.66GiB,2.13%,0B / 0B,0B / 3.58MB,53
2026-07-31 12:01:14,nav2,14.58%,127.9MiB / 30.66GiB,0.41%,0B / 0B,0B / 1.29MB,94
2026-07-31 12:01:17,trav_ros2,42.41%,137.2MiB / 30.66GiB,0.44%,0B / 0B,0B / 1.72MB,44
2026-07-31 12:01:17,docker-recorder-run-c8b70270da36,0.00%,10.3MiB / 30.66GiB,0.03%,0B / 0B,0B / 9.45MB,1
2026-07-31 12:01:17,glim,136.70%,465.2MiB / 30.66GiB,1.48%,0B / 0B,0B / 11.6MB,35
2026-07-31 12:01:17,realsense,16.68%,91.28MiB / 30.66GiB,0.29%,0B / 0B,0B / 3.32MB,33
2026-07-31 12:01:17,ouster,7.42%,118.3MiB / 30.66GiB,0.38%,0B / 0B,0B / 3.05MB,29
2026-07-31 12:01:17,openzen,2.76%,32.83MiB / 30.66GiB,0.10%,0B / 0B,0B / 2.15MB,20
2026-07-31 12:01:17,domain_bridge,0.66%,65.39MiB / 30.66GiB,0.21%,0B / 0B,0B / 5.05MB,28
2026-07-31 12:01:17,mapir-ffmpeg,28.86%,167.5MiB / 30.66GiB,0.53%,0B / 0B,0B / 1.3MB,33
2026-07-31 12:01:17,scovox,105.49%,682.8MiB / 30.66GiB,2.17%,0B / 0B,0B / 3.58MB,53
2026-07-31 12:01:17,nav2,14.92%,127.3MiB / 30.66GiB,0.41%,0B / 0B,0B / 1.29MB,94
2026-07-31 12:01:20,trav_ros2,45.37%,137.2MiB / 30.66GiB,0.44%,0B / 0B,0B / 1.72MB,44
2026-07-31 12:01:20,docker-recorder-run-c8b70270da36,0.00%,10.3MiB / 30.66GiB,0.03%,0B / 0B,0B / 9.45MB,1
2026-07-31 12:01:20,glim,142.02%,440.8MiB / 30.66GiB,1.40%,0B / 0B,0B / 11.6MB,35
2026-07-31 12:01:20,realsense,17.03%,91.57MiB / 30.66GiB,0.29%,0B / 0B,0B / 3.32MB,33
2026-07-31 12:01:20,ouster,7.36%,117.8MiB / 30.66GiB,0.38%,0B / 0B,0B / 3.05MB,29
2026-07-31 12:01:20,openzen,2.79%,31.66MiB / 30.66GiB,0.10%,0B / 0B,0B / 2.15MB,20
2026-07-31 12:01:20,domain_bridge,0.94%,65.68MiB / 30.66GiB,0.21%,0B / 0B,0B / 5.05MB,28
2026-07-31 12:01:20,mapir-ffmpeg,28.37%,167.3MiB / 30.66GiB,0.53%,0B / 0B,0B / 1.3MB,33
2026-07-31 12:01:20,scovox,112.38%,670MiB / 30.66GiB,2.13%,0B / 0B,0B / 3.58MB,53
2026-07-31 12:01:20,nav2,14.80%,127.6MiB / 30.66GiB,0.41%,0B / 0B,0B / 1.29MB,94
2026-07-31 12:01:23,trav_ros2,49.99%,138.4MiB / 30.66GiB,0.44%,0B / 0B,0B / 1.72MB,44
2026-07-31 12:01:23,docker-recorder-run-c8b70270da36,0.00%,10.3MiB / 30.66GiB,0.03%,0B / 0B,0B / 9.45MB,1
2026-07-31 12:01:23,glim,144.31%,441.5MiB / 30.66GiB,1.41%,0B / 0B,0B / 11.6MB,35
2026-07-31 12:01:23,realsense,17.00%,91.1MiB / 30.66GiB,0.29%,0B / 0B,0B / 3.32MB,33
2026-07-31 12:01:23,ouster,7.15%,117.7MiB / 30.66GiB,0.37%,0B / 0B,0B / 3.05MB,29
2026-07-31 12:01:23,openzen,2.77%,31.67MiB / 30.66GiB,0.10%,0B / 0B,0B / 2.15MB,20
2026-07-31 12:01:23,domain_bridge,0.92%,66.64MiB / 30.66GiB,0.21%,0B / 0B,0B / 5.05MB,28
2026-07-31 12:01:23,mapir-ffmpeg,28.23%,167.3MiB / 30.66GiB,0.53%,0B / 0B,0B / 1.3MB,33
2026-07-31 12:01:23,scovox,105.11%,681.4MiB / 30.66GiB,2.17%,0B / 0B,0B / 3.58MB,53
2026-07-31 12:01:23,nav2,14.59%,128.1MiB / 30.66GiB,0.41%,0B / 0B,0B / 1.29MB,94
2026-07-31 12:01:26,trav_ros2,72.94%,139.6MiB / 30.66GiB,0.44%,0B / 0B,0B / 1.72MB,44
2026-07-31 12:01:26,docker-recorder-run-c8b70270da36,0.00%,10.3MiB / 30.66GiB,0.03%,0B / 0B,0B / 9.45MB,1
2026-07-31 12:01:26,glim,134.86%,441.4MiB / 30.66GiB,1.41%,0B / 0B,0B / 11.6MB,35
2026-07-31 12:01:26,realsense,17.17%,91.41MiB / 30.66GiB,0.29%,0B / 0B,0B / 3.32MB,33
2026-07-31 12:01:26,ouster,7.28%,118.7MiB / 30.66GiB,0.38%,0B / 0B,0B / 3.05MB,29
2026-07-31 12:01:26,openzen,2.58%,32.45MiB / 30.66GiB,0.10%,0B / 0B,0B / 2.15MB,20
2026-07-31 12:01:26,domain_bridge,0.82%,65.28MiB / 30.66GiB,0.21%,0B / 0B,0B / 5.05MB,28
2026-07-31 12:01:26,mapir-ffmpeg,28.10%,168.2MiB / 30.66GiB,0.54%,0B / 0B,0B / 1.3MB,33
2026-07-31 12:01:26,scovox,113.46%,670.1MiB / 30.66GiB,2.13%,0B / 0B,0B / 3.58MB,53
2026-07-31 12:01:26,nav2,15.86%,130.4MiB / 30.66GiB,0.42%,0B / 0B,0B / 1.29MB,94
2026-07-31 12:01:29,trav_ros2,62.29%,141.3MiB / 30.66GiB,0.45%,0B / 0B,0B / 1.72MB,44
2026-07-31 12:01:29,docker-recorder-run-c8b70270da36,0.00%,10.3MiB / 30.66GiB,0.03%,0B / 0B,0B / 9.45MB,1
2026-07-31 12:01:29,glim,140.16%,442.3MiB / 30.66GiB,1.41%,0B / 0B,0B / 11.6MB,35
2026-07-31 12:01:29,realsense,16.85%,91.42MiB / 30.66GiB,0.29%,0B / 0B,0B / 3.32MB,33
2026-07-31 12:01:29,ouster,7.26%,117.6MiB / 30.66GiB,0.37%,0B / 0B,0B / 3.05MB,29
2026-07-31 12:01:29,openzen,2.80%,31.74MiB / 30.66GiB,0.10%,0B / 0B,0B / 2.15MB,20
2026-07-31 12:01:29,domain_bridge,0.33%,65.33MiB / 30.66GiB,0.21%,0B / 0B,0B / 5.05MB,28
2026-07-31 12:01:29,mapir-ffmpeg,28.49%,167.7MiB / 30.66GiB,0.53%,0B / 0B,0B / 1.3MB,33
2026-07-31 12:01:29,scovox,105.58%,688.7MiB / 30.66GiB,2.19%,0B / 0B,0B / 3.58MB,53
2026-07-31 12:01:29,nav2,15.36%,127.6MiB / 30.66GiB,0.41%,0B / 0B,0B / 1.29MB,94
2026-07-31 12:01:32,trav_ros2,61.98%,141.3MiB / 30.66GiB,0.45%,0B / 0B,0B / 1.72MB,44
2026-07-31 12:01:32,docker-recorder-run-c8b70270da36,0.00%,10.3MiB / 30.66GiB,0.03%,0B / 0B,0B / 9.45MB,1
2026-07-31 12:01:32,glim,146.41%,441.8MiB / 30.66GiB,1.41%,0B / 0B,0B / 11.6MB,35
2026-07-31 12:01:32,realsense,16.78%,91.42MiB / 30.66GiB,0.29%,0B / 0B,0B / 3.32MB,33
2026-07-31 12:01:32,ouster,6.94%,117.7MiB / 30.66GiB,0.37%,0B / 0B,0B / 3.05MB,29
2026-07-31 12:01:32,openzen,2.48%,31.75MiB / 30.66GiB,0.10%,0B / 0B,0B / 2.15MB,20
2026-07-31 12:01:32,domain_bridge,0.26%,66.27MiB / 30.66GiB,0.21%,0B / 0B,0B / 5.05MB,28
2026-07-31 12:01:32,mapir-ffmpeg,27.80%,167.2MiB / 30.66GiB,0.53%,0B / 0B,0B / 1.3MB,33
2026-07-31 12:01:32,scovox,56.15%,670.6MiB / 30.66GiB,2.14%,0B / 0B,0B / 3.58MB,53
2026-07-31 12:01:32,nav2,14.75%,127.7MiB / 30.66GiB,0.41%,0B / 0B,0B / 1.29MB,94
2026-07-31 12:01:35,trav_ros2,74.62%,142.1MiB / 30.66GiB,0.45%,0B / 0B,0B / 1.8MB,44
2026-07-31 12:01:35,docker-recorder-run-c8b70270da36,0.00%,10.3MiB / 30.66GiB,0.03%,0B / 0B,0B / 9.45MB,1
2026-07-31 12:01:35,glim,142.71%,455.3MiB / 30.66GiB,1.45%,0B / 0B,0B / 11.6MB,35
2026-07-31 12:01:35,realsense,17.34%,91.95MiB / 30.66GiB,0.29%,0B / 0B,0B / 3.32MB,33
2026-07-31 12:01:35,ouster,7.09%,118.3MiB / 30.66GiB,0.38%,0B / 0B,0B / 3.05MB,29
2026-07-31 12:01:35,openzen,2.63%,32.3MiB / 30.66GiB,0.10%,0B / 0B,0B / 2.15MB,20
2026-07-31 12:01:35,domain_bridge,0.71%,65.6MiB / 30.66GiB,0.21%,0B / 0B,0B / 5.05MB,28
2026-07-31 12:01:35,mapir-ffmpeg,28.80%,168.1MiB / 30.66GiB,0.54%,0B / 0B,0B / 1.3MB,33
2026-07-31 12:01:35,scovox,106.47%,705.4MiB / 30.66GiB,2.25%,0B / 0B,0B / 3.58MB,53
2026-07-31 12:01:35,nav2,15.30%,127.4MiB / 30.66GiB,0.41%,0B / 0B,0B / 1.29MB,94
2026-07-31 12:01:38,trav_ros2,76.00%,138.9MiB / 30.66GiB,0.44%,0B / 0B,0B / 1.8MB,44
2026-07-31 12:01:38,docker-recorder-run-c8b70270da36,0.00%,10.3MiB / 30.66GiB,0.03%,0B / 0B,0B / 9.45MB,1
2026-07-31 12:01:38,glim,146.11%,455.6MiB / 30.66GiB,1.45%,0B / 0B,0B / 11.6MB,35
2026-07-31 12:01:38,realsense,16.39%,91.48MiB / 30.66GiB,0.29%,0B / 0B,0B / 3.32MB,33
2026-07-31 12:01:38,ouster,7.60%,118.4MiB / 30.66GiB,0.38%,0B / 0B,0B / 3.05MB,29
2026-07-31 12:01:38,openzen,2.75%,32.32MiB / 30.66GiB,0.10%,0B / 0B,0B / 2.15MB,20
2026-07-31 12:01:38,domain_bridge,1.16%,67.02MiB / 30.66GiB,0.21%,0B / 0B,0B / 5.05MB,28
2026-07-31 12:01:38,mapir-ffmpeg,27.95%,168.1MiB / 30.66GiB,0.54%,0B / 0B,0B / 1.3MB,33
2026-07-31 12:01:38,scovox,111.25%,730.5MiB / 30.66GiB,2.33%,0B / 0B,0B / 3.58MB,53
2026-07-31 12:01:38,nav2,15.59%,127.4MiB / 30.66GiB,0.41%,0B / 0B,0B / 1.29MB,94
2026-07-31 12:01:42,docker-recorder-run-c8b70270da36,0.00%,10.3MiB / 30.66GiB,0.03%,0B / 0B,0B / 9.45MB,1
2026-07-31 12:01:42,glim,142.24%,456.5MiB / 30.66GiB,1.45%,0B / 0B,0B / 11.6MB,35
2026-07-31 12:01:42,realsense,16.99%,91.29MiB / 30.66GiB,0.29%,0B / 0B,0B / 3.32MB,33
2026-07-31 12:01:42,ouster,8.41%,119.4MiB / 30.66GiB,0.38%,0B / 0B,0B / 3.05MB,29
2026-07-31 12:01:42,openzen,3.31%,32.36MiB / 30.66GiB,0.10%,0B / 0B,0B / 2.15MB,20
2026-07-31 12:01:42,domain_bridge,1.86%,64.96MiB / 30.66GiB,0.21%,0B / 0B,0B / 5.05MB,28
2026-07-31 12:01:42,mapir-ffmpeg,29.97%,168.2MiB / 30.66GiB,0.54%,0B / 0B,0B / 1.31MB,33
2026-07-31 12:01:42,scovox,108.27%,736.2MiB / 30.66GiB,2.34%,0B / 0B,0B / 3.61MB,53
2026-07-31 12:01:42,nav2,16.60%,128.3MiB / 30.66GiB,0.41%,0B / 0B,0B / 1.34MB,94
2026-07-31 12:01:45,docker-recorder-run-c8b70270da36,62.92%,11.71MiB / 30.66GiB,0.04%,0B / 0B,250kB / 10MB,2
2026-07-31 12:01:45,glim,144.78%,477.1MiB / 30.66GiB,1.52%,0B / 0B,0B / 11.6MB,35
2026-07-31 12:01:45,realsense,20.49%,95.66MiB / 30.66GiB,0.30%,0B / 0B,0B / 3.33MB,33
2026-07-31 12:01:45,ouster,8.48%,119.4MiB / 30.66GiB,0.38%,0B / 0B,0B / 3.05MB,29
2026-07-31 12:01:45,openzen,4.42%,33.1MiB / 30.66GiB,0.11%,0B / 0B,0B / 2.15MB,20
2026-07-31 12:01:45,domain_bridge,2.75%,57.72MiB / 30.66GiB,0.18%,0B / 0B,0B / 5.05MB,28
2026-07-31 12:01:45,mapir-ffmpeg,90.24%,427MiB / 30.66GiB,1.36%,0B / 0B,0B / 1.32MB,40
2026-07-31 12:01:45,scovox,119.95%,721.7MiB / 30.66GiB,2.30%,0B / 0B,0B / 3.61MB,53
2026-07-31 12:01:45,nav2,14.35%,128.5MiB / 30.66GiB,0.41%,0B / 0B,0B / 1.34MB,94
2026-07-31 12:01:48,glim,137.27%,481.9MiB / 30.66GiB,1.53%,0B / 0B,0B / 11.6MB,35
2026-07-31 12:01:48,ouster,6.91%,118.4MiB / 30.66GiB,0.38%,0B / 0B,0B / 3.05MB,29
2026-07-31 12:01:48,openzen,3.47%,32.39MiB / 30.66GiB,0.10%,0B / 0B,0B / 2.15MB,20
2026-07-31 12:01:48,domain_bridge,8.26%,68.69MiB / 30.66GiB,0.22%,0B / 0B,0B / 5.05MB,28
2026-07-31 12:01:48,scovox,171.99%,816MiB / 30.66GiB,2.60%,0B / 0B,0B / 3.62MB,53
2026-07-31 12:01:48,nav2,15.44%,130.4MiB / 30.66GiB,0.42%,0B / 0B,0B / 1.36MB,94
2026-07-31 12:01:51,glim,110.36%,492.6MiB / 30.66GiB,1.57%,0B / 0B,0B / 11.6MB,35
2026-07-31 12:01:51,ouster,7.42%,120.3MiB / 30.66GiB,0.38%,0B / 0B,0B / 3.05MB,29
2026-07-31 12:01:51,openzen,3.09%,32.95MiB / 30.66GiB,0.10%,0B / 0B,0B / 2.15MB,20
2026-07-31 12:01:51,domain_bridge,0.77%,69.64MiB / 30.66GiB,0.22%,0B / 0B,0B / 5.05MB,28
2026-07-31 12:01:51,scovox,106.21%,810MiB / 30.66GiB,2.58%,0B / 0B,0B / 3.62MB,53
2026-07-31 12:01:51,nav2,14.14%,131MiB / 30.66GiB,0.42%,0B / 0B,0B / 1.36MB,94
2026-07-31 12:01:54,glim,106.07%,492.4MiB / 30.66GiB,1.57%,0B / 0B,0B / 11.6MB,35
2026-07-31 12:01:54,ouster,6.92%,119.2MiB / 30.66GiB,0.38%,0B / 0B,0B / 3.05MB,29
2026-07-31 12:01:54,openzen,3.05%,32.73MiB / 30.66GiB,0.10%,0B / 0B,0B / 2.15MB,20
2026-07-31 12:01:54,domain_bridge,0.65%,70.91MiB / 30.66GiB,0.23%,0B / 0B,0B / 5.05MB,28
2026-07-31 12:01:54,scovox,111.49%,801.3MiB / 30.66GiB,2.55%,0B / 0B,0B / 3.62MB,53
2026-07-31 12:01:54,nav2,13.85%,130MiB / 30.66GiB,0.41%,0B / 0B,0B / 1.36MB,94
2026-07-31 12:03:23,realsense,137.65%,14.59MiB / 30.66GiB,0.05%,0B / 0B,0B / 2.29MB,2
2026-07-31 12:03:23,ouster,32.19%,112.6MiB / 30.66GiB,0.36%,0B / 0B,0B / 3.07MB,30
2026-07-31 12:03:23,openzen,3.09%,30.83MiB / 30.66GiB,0.10%,0B / 0B,0B / 2.14MB,20
2026-07-31 12:03:23,mapir-ffmpeg,26.60%,125.2MiB / 30.66GiB,0.40%,0B / 0B,0B / 1.3MB,32
2026-07-31 12:03:23,scovox,108.71%,40.63MiB / 30.66GiB,0.13%,0B / 0B,0B / 999kB,7
2026-07-31 12:03:23,domain_bridge,196.35%,44.37MiB / 30.66GiB,0.14%,0B / 0B,0B / 770kB,10
2026-07-31 12:03:23,nav2,4.96%,111.7MiB / 30.66GiB,0.36%,0B / 0B,0B / 1.13MB,89
2026-07-31 12:03:23,glim,120.02%,12.95MiB / 30.66GiB,0.04%,0B / 0B,0B / 11MB,2
2026-07-31 12:03:23,docker-recorder-run-4beec1549b44,85.34%,13.35MiB / 30.66GiB,0.04%,0B / 0B,0B / 0B,2
2026-07-31 12:03:28,docker-recorder-run-4beec1549b44,101.25%,45.03MiB / 30.66GiB,0.14%,0B / 0B,0B / 0B,18
2026-07-31 12:03:28,glim,77.64%,137.1MiB / 30.66GiB,0.44%,0B / 0B,0B / 11MB,35
2026-07-31 12:03:28,realsense,17.62%,91.23MiB / 30.66GiB,0.29%,0B / 0B,0B / 2.29MB,33
2026-07-31 12:03:28,ouster,8.34%,116.7MiB / 30.66GiB,0.37%,0B / 0B,0B / 3.07MB,30
2026-07-31 12:03:28,openzen,3.97%,31.45MiB / 30.66GiB,0.10%,0B / 0B,0B / 2.14MB,20
2026-07-31 12:03:28,mapir-ffmpeg,30.64%,166.2MiB / 30.66GiB,0.53%,0B / 0B,0B / 1.3MB,33
2026-07-31 12:03:28,scovox,9.47%,148.7MiB / 30.66GiB,0.47%,0B / 0B,0B / 1.07MB,53
2026-07-31 12:03:28,domain_bridge,100.97%,42.05MiB / 30.66GiB,0.13%,0B / 0B,0B / 770kB,7
2026-07-31 12:03:28,nav2,11.62%,121.6MiB / 30.66GiB,0.39%,0B / 0B,0B / 1.13MB,91
2026-07-31 12:03:31,docker-recorder-run-4beec1549b44,122.07%,41.88MiB / 30.66GiB,0.13%,0B / 0B,0B / 0B,11
2026-07-31 12:03:31,glim,79.74%,242.2MiB / 30.66GiB,0.77%,0B / 0B,0B / 11MB,35
2026-07-31 12:03:31,realsense,17.01%,91.32MiB / 30.66GiB,0.29%,0B / 0B,0B / 2.29MB,33
2026-07-31 12:03:31,ouster,6.82%,116.2MiB / 30.66GiB,0.37%,0B / 0B,0B / 3.07MB,30
2026-07-31 12:03:31,openzen,3.23%,31.48MiB / 30.66GiB,0.10%,0B / 0B,0B / 2.14MB,20
2026-07-31 12:03:31,mapir-ffmpeg,28.36%,165.8MiB / 30.66GiB,0.53%,0B / 0B,0B / 1.3MB,33
2026-07-31 12:03:31,scovox,27.74%,202.3MiB / 30.66GiB,0.64%,0B / 0B,0B / 1.07MB,53
2026-07-31 12:03:31,domain_bridge,78.90%,54.98MiB / 30.66GiB,0.18%,0B / 0B,0B / 897kB,9
2026-07-31 12:03:31,nav2,5.26%,121.3MiB / 30.66GiB,0.39%,0B / 0B,0B / 1.13MB,91
2026-07-31 12:03:34,docker-recorder-run-4beec1549b44,115.86%,58.04MiB / 30.66GiB,0.18%,0B / 0B,0B / 61.4kB,15
2026-07-31 12:03:34,glim,76.19%,291.2MiB / 30.66GiB,0.93%,0B / 0B,0B / 11MB,35
2026-07-31 12:03:34,realsense,17.23%,90.65MiB / 30.66GiB,0.29%,0B / 0B,0B / 2.29MB,33
2026-07-31 12:03:34,ouster,7.10%,116.5MiB / 30.66GiB,0.37%,0B / 0B,0B / 3.07MB,30
2026-07-31 12:03:34,openzen,3.32%,32.03MiB / 30.66GiB,0.10%,0B / 0B,0B / 2.14MB,20
2026-07-31 12:03:34,mapir-ffmpeg,29.75%,165.9MiB / 30.66GiB,0.53%,0B / 0B,0B / 1.3MB,33
2026-07-31 12:03:34,scovox,126.40%,511.9MiB / 30.66GiB,1.63%,0B / 0B,0B / 1.07MB,53
2026-07-31 12:03:34,domain_bridge,85.05%,54.18MiB / 30.66GiB,0.17%,0B / 0B,0B / 934kB,4
2026-07-31 12:03:34,nav2,5.14%,120.6MiB / 30.66GiB,0.38%,0B / 0B,0B / 1.13MB,91
2026-07-31 12:03:37,docker-recorder-run-4beec1549b44,182.93%,42.06MiB / 30.66GiB,0.13%,0B / 0B,0B / 61.4kB,11
2026-07-31 12:03:37,glim,76.81%,296.8MiB / 30.66GiB,0.95%,0B / 0B,0B / 11MB,35
2026-07-31 12:03:37,realsense,17.94%,91.91MiB / 30.66GiB,0.29%,0B / 0B,0B / 2.29MB,33
2026-07-31 12:03:37,ouster,7.94%,116.7MiB / 30.66GiB,0.37%,0B / 0B,0B / 3.07MB,30
2026-07-31 12:03:37,openzen,4.06%,31.64MiB / 30.66GiB,0.10%,0B / 0B,0B / 2.14MB,20
2026-07-31 12:03:37,mapir-ffmpeg,29.84%,167.4MiB / 30.66GiB,0.53%,0B / 0B,0B / 1.3MB,33
2026-07-31 12:03:37,scovox,107.49%,571.2MiB / 30.66GiB,1.82%,0B / 0B,0B / 1.07MB,53
2026-07-31 12:03:37,domain_bridge,18.48%,48.22MiB / 30.66GiB,0.15%,0B / 0B,0B / 934kB,28
2026-07-31 12:03:37,nav2,7.48%,121.1MiB / 30.66GiB,0.39%,0B / 0B,0B / 1.13MB,91
2026-07-31 12:03:40,docker-recorder-run-4beec1549b44,78.06%,10.72MiB / 30.66GiB,0.03%,0B / 0B,0B / 233kB,2
2026-07-31 12:03:40,glim,74.05%,302.5MiB / 30.66GiB,0.96%,0B / 0B,0B / 11MB,35
2026-07-31 12:03:40,realsense,16.45%,91.52MiB / 30.66GiB,0.29%,0B / 0B,0B / 2.29MB,33
2026-07-31 12:03:40,ouster,6.53%,116.4MiB / 30.66GiB,0.37%,0B / 0B,0B / 3.07MB,30
2026-07-31 12:03:40,openzen,3.17%,31.67MiB / 30.66GiB,0.10%,0B / 0B,0B / 2.14MB,20
2026-07-31 12:03:40,mapir-ffmpeg,27.33%,167MiB / 30.66GiB,0.53%,0B / 0B,0B / 1.3MB,33
2026-07-31 12:03:40,scovox,114.43%,571.2MiB / 30.66GiB,1.82%,0B / 0B,0B / 1.07MB,53
2026-07-31 12:03:40,domain_bridge,1.77%,56.55MiB / 30.66GiB,0.18%,0B / 0B,0B / 934kB,28
2026-07-31 12:03:40,nav2,4.71%,120.2MiB / 30.66GiB,0.38%,0B / 0B,0B / 1.13MB,91
2026-07-31 12:03:43,docker-recorder-run-4beec1549b44,0.00%,10.52MiB / 30.66GiB,0.03%,0B / 0B,0B / 233kB,2
2026-07-31 12:03:43,glim,74.40%,309.5MiB / 30.66GiB,0.99%,0B / 0B,0B / 11MB,35
2026-07-31 12:03:43,realsense,16.72%,91.57MiB / 30.66GiB,0.29%,0B / 0B,0B / 2.29MB,33
2026-07-31 12:03:43,ouster,6.60%,116.5MiB / 30.66GiB,0.37%,0B / 0B,0B / 3.07MB,30
2026-07-31 12:03:43,openzen,3.13%,31.46MiB / 30.66GiB,0.10%,0B / 0B,0B / 2.14MB,20
2026-07-31 12:03:43,mapir-ffmpeg,28.90%,166.6MiB / 30.66GiB,0.53%,0B / 0B,0B / 1.3MB,33
2026-07-31 12:03:43,scovox,102.26%,540.7MiB / 30.66GiB,1.72%,0B / 0B,0B / 1.07MB,53
2026-07-31 12:03:43,domain_bridge,0.18%,57.59MiB / 30.66GiB,0.18%,0B / 0B,0B / 934kB,28
2026-07-31 12:03:43,nav2,4.68%,120MiB / 30.66GiB,0.38%,0B / 0B,0B / 1.13MB,91
2026-07-31 12:03:46,docker-recorder-run-4beec1549b44,0.00%,10.52MiB / 30.66GiB,0.03%,0B / 0B,0B / 233kB,2
2026-07-31 12:03:46,glim,76.20%,312.9MiB / 30.66GiB,1.00%,0B / 0B,0B / 11MB,35
2026-07-31 12:03:46,realsense,16.74%,91.32MiB / 30.66GiB,0.29%,0B / 0B,0B / 2.29MB,33
2026-07-31 12:03:46,ouster,6.68%,116.6MiB / 30.66GiB,0.37%,0B / 0B,0B / 3.07MB,30
2026-07-31 12:03:46,openzen,3.16%,31.96MiB / 30.66GiB,0.10%,0B / 0B,0B / 2.14MB,20
2026-07-31 12:03:46,mapir-ffmpeg,26.58%,166.3MiB / 30.66GiB,0.53%,0B / 0B,0B / 1.3MB,33
2026-07-31 12:03:46,scovox,100.68%,545MiB / 30.66GiB,1.74%,0B / 0B,0B / 1.07MB,53
2026-07-31 12:03:46,domain_bridge,0.48%,57.25MiB / 30.66GiB,0.18%,0B / 0B,0B / 934kB,28
2026-07-31 12:03:46,nav2,5.08%,121.2MiB / 30.66GiB,0.39%,0B / 0B,0B / 1.13MB,91
2026-07-31 12:03:49,docker-recorder-run-4beec1549b44,0.00%,10.52MiB / 30.66GiB,0.03%,0B / 0B,0B / 233kB,2
2026-07-31 12:03:49,glim,76.88%,318.6MiB / 30.66GiB,1.01%,0B / 0B,0B / 11MB,35
2026-07-31 12:03:49,realsense,16.59%,91.38MiB / 30.66GiB,0.29%,0B / 0B,0B / 2.29MB,33
2026-07-31 12:03:49,ouster,6.76%,116.8MiB / 30.66GiB,0.37%,0B / 0B,0B / 3.07MB,30
2026-07-31 12:03:49,openzen,3.17%,32.5MiB / 30.66GiB,0.10%,0B / 0B,0B / 2.14MB,20
2026-07-31 12:03:49,mapir-ffmpeg,26.90%,166.7MiB / 30.66GiB,0.53%,0B / 0B,0B / 1.3MB,33
2026-07-31 12:03:49,scovox,111.85%,526.4MiB / 30.66GiB,1.68%,0B / 0B,0B / 1.07MB,53
2026-07-31 12:03:49,domain_bridge,2.23%,57.41MiB / 30.66GiB,0.18%,0B / 0B,0B / 934kB,28
2026-07-31 12:03:49,nav2,4.74%,120.7MiB / 30.66GiB,0.38%,0B / 0B,0B / 1.13MB,91
2026-07-31 12:03:52,docker-recorder-run-4beec1549b44,0.00%,10.31MiB / 30.66GiB,0.03%,0B / 0B,0B / 233kB,1
2026-07-31 12:03:52,glim,76.38%,319MiB / 30.66GiB,1.02%,0B / 0B,0B / 11MB,35
2026-07-31 12:03:52,realsense,17.17%,90.9MiB / 30.66GiB,0.29%,0B / 0B,0B / 2.29MB,33
2026-07-31 12:03:52,ouster,6.80%,116.9MiB / 30.66GiB,0.37%,0B / 0B,0B / 3.07MB,30
2026-07-31 12:03:52,openzen,3.46%,31.53MiB / 30.66GiB,0.10%,0B / 0B,0B / 2.14MB,20
2026-07-31 12:03:52,mapir-ffmpeg,27.47%,165.7MiB / 30.66GiB,0.53%,0B / 0B,0B / 1.3MB,33
2026-07-31 12:03:52,scovox,102.44%,542.7MiB / 30.66GiB,1.73%,0B / 0B,0B / 1.07MB,53
2026-07-31 12:03:52,domain_bridge,0.99%,57.95MiB / 30.66GiB,0.18%,0B / 0B,0B / 934kB,28
2026-07-31 12:03:52,nav2,4.61%,120.4MiB / 30.66GiB,0.38%,0B / 0B,0B / 1.13MB,91
2026-07-31 12:03:55,docker-recorder-run-4beec1549b44,0.00%,10.31MiB / 30.66GiB,0.03%,0B / 0B,0B / 233kB,1
2026-07-31 12:03:55,glim,72.44%,319MiB / 30.66GiB,1.02%,0B / 0B,0B / 11.6MB,35
2026-07-31 12:03:55,realsense,16.14%,90.93MiB / 30.66GiB,0.29%,0B / 0B,0B / 3.28MB,33
2026-07-31 12:03:55,ouster,6.65%,117.1MiB / 30.66GiB,0.37%,0B / 0B,0B / 3.07MB,30
2026-07-31 12:03:55,openzen,3.20%,32.04MiB / 30.66GiB,0.10%,0B / 0B,0B / 2.14MB,20
2026-07-31 12:03:55,mapir-ffmpeg,27.65%,166.3MiB / 30.66GiB,0.53%,0B / 0B,0B / 1.3MB,33
2026-07-31 12:03:55,scovox,112.79%,519.2MiB / 30.66GiB,1.65%,0B / 0B,0B / 3.54MB,53
2026-07-31 12:03:55,domain_bridge,2.05%,57.66MiB / 30.66GiB,0.18%,0B / 0B,0B / 1.19MB,28
2026-07-31 12:03:55,nav2,5.27%,121.8MiB / 30.66GiB,0.39%,0B / 0B,0B / 1.13MB,91
2026-07-31 12:03:58,docker-recorder-run-4beec1549b44,0.00%,10.31MiB / 30.66GiB,0.03%,0B / 0B,0B / 233kB,1
2026-07-31 12:03:58,glim,76.08%,320.9MiB / 30.66GiB,1.02%,0B / 0B,0B / 11.6MB,35
2026-07-31 12:03:58,realsense,17.05%,90.96MiB / 30.66GiB,0.29%,0B / 0B,0B / 3.28MB,33
2026-07-31 12:03:58,ouster,6.81%,116.5MiB / 30.66GiB,0.37%,0B / 0B,0B / 3.07MB,30
2026-07-31 12:03:58,openzen,3.45%,32.08MiB / 30.66GiB,0.10%,0B / 0B,0B / 2.15MB,20
2026-07-31 12:03:58,mapir-ffmpeg,28.07%,166.1MiB / 30.66GiB,0.53%,0B / 0B,0B / 1.3MB,33
2026-07-31 12:03:58,scovox,104.33%,573.2MiB / 30.66GiB,1.83%,0B / 0B,0B / 3.54MB,53
2026-07-31 12:03:58,domain_bridge,0.19%,59.86MiB / 30.66GiB,0.19%,0B / 0B,0B / 1.19MB,28
2026-07-31 12:03:58,nav2,4.98%,121.5MiB / 30.66GiB,0.39%,0B / 0B,0B / 1.15MB,91
2026-07-31 12:04:01,docker-recorder-run-4beec1549b44,0.00%,10.31MiB / 30.66GiB,0.03%,0B / 0B,0B / 9.45MB,1
2026-07-31 12:04:01,glim,75.35%,331MiB / 30.66GiB,1.05%,0B / 0B,0B / 11.6MB,35
2026-07-31 12:04:01,realsense,16.74%,90.97MiB / 30.66GiB,0.29%,0B / 0B,0B / 3.28MB,33
2026-07-31 12:04:01,ouster,6.21%,116.5MiB / 30.66GiB,0.37%,0B / 0B,0B / 3.07MB,30
2026-07-31 12:04:01,openzen,2.83%,31.59MiB / 30.66GiB,0.10%,0B / 0B,0B / 2.15MB,20
2026-07-31 12:04:01,mapir-ffmpeg,28.57%,165.9MiB / 30.66GiB,0.53%,0B / 0B,0B / 1.32MB,33
2026-07-31 12:04:01,scovox,107.92%,553MiB / 30.66GiB,1.76%,0B / 0B,0B / 3.58MB,53
2026-07-31 12:04:01,domain_bridge,0.58%,59.48MiB / 30.66GiB,0.19%,0B / 0B,0B / 5.07MB,28
2026-07-31 12:04:01,nav2,5.66%,120.7MiB / 30.66GiB,0.38%,0B / 0B,0B / 1.18MB,91
2026-07-31 12:04:01,trav_ros2,101.02%,39.89MiB / 30.66GiB,0.13%,0B / 0B,0B / 61.4kB,6
2026-07-31 12:04:04,trav_ros2,34.40%,130.9MiB / 30.66GiB,0.42%,0B / 0B,0B / 98.3kB,44
2026-07-31 12:04:04,docker-recorder-run-4beec1549b44,0.00%,10.31MiB / 30.66GiB,0.03%,0B / 0B,0B / 9.45MB,1
2026-07-31 12:04:04,glim,76.45%,339.3MiB / 30.66GiB,1.08%,0B / 0B,0B / 11.6MB,35
2026-07-31 12:04:04,realsense,17.59%,91.39MiB / 30.66GiB,0.29%,0B / 0B,0B / 3.28MB,33
2026-07-31 12:04:04,ouster,7.50%,117.8MiB / 30.66GiB,0.38%,0B / 0B,0B / 3.07MB,30
2026-07-31 12:04:04,openzen,3.30%,32.27MiB / 30.66GiB,0.10%,0B / 0B,0B / 2.15MB,20
2026-07-31 12:04:04,mapir-ffmpeg,29.31%,167.9MiB / 30.66GiB,0.53%,0B / 0B,0B / 1.32MB,33
2026-07-31 12:04:04,scovox,104.68%,573.9MiB / 30.66GiB,1.83%,0B / 0B,0B / 3.58MB,53
2026-07-31 12:04:04,domain_bridge,0.45%,57.48MiB / 30.66GiB,0.18%,0B / 0B,0B / 5.07MB,28
2026-07-31 12:04:04,nav2,5.76%,123.2MiB / 30.66GiB,0.39%,0B / 0B,0B / 1.18MB,91
2026-07-31 12:04:08,trav_ros2,35.14%,130.1MiB / 30.66GiB,0.41%,0B / 0B,0B / 98.3kB,44
2026-07-31 12:04:08,docker-recorder-run-4beec1549b44,0.00%,10.31MiB / 30.66GiB,0.03%,0B / 0B,0B / 9.45MB,1
2026-07-31 12:04:08,glim,78.76%,343.9MiB / 30.66GiB,1.10%,0B / 0B,0B / 11.6MB,35
2026-07-31 12:04:08,realsense,17.49%,91.66MiB / 30.66GiB,0.29%,0B / 0B,0B / 3.28MB,33
2026-07-31 12:04:08,ouster,7.14%,117.9MiB / 30.66GiB,0.38%,0B / 0B,0B / 3.07MB,30
2026-07-31 12:04:08,openzen,3.20%,32.27MiB / 30.66GiB,0.10%,0B / 0B,0B / 2.15MB,20
2026-07-31 12:04:08,mapir-ffmpeg,29.53%,167.5MiB / 30.66GiB,0.53%,0B / 0B,0B / 1.32MB,33
2026-07-31 12:04:08,scovox,116.86%,566.5MiB / 30.66GiB,1.80%,0B / 0B,0B / 3.58MB,53
2026-07-31 12:04:08,domain_bridge,2.35%,58.03MiB / 30.66GiB,0.18%,0B / 0B,0B / 5.07MB,28
2026-07-31 12:04:08,nav2,5.54%,123.9MiB / 30.66GiB,0.39%,0B / 0B,0B / 1.18MB,91
2026-07-31 12:04:11,trav_ros2,35.84%,132.2MiB / 30.66GiB,0.42%,0B / 0B,0B / 98.3kB,44
2026-07-31 12:04:11,docker-recorder-run-4beec1549b44,0.00%,10.31MiB / 30.66GiB,0.03%,0B / 0B,0B / 9.45MB,1
2026-07-31 12:04:11,glim,79.43%,344.1MiB / 30.66GiB,1.10%,0B / 0B,0B / 11.6MB,35
2026-07-31 12:04:11,realsense,17.67%,91.21MiB / 30.66GiB,0.29%,0B / 0B,0B / 3.28MB,33
2026-07-31 12:04:11,ouster,7.95%,118.5MiB / 30.66GiB,0.38%,0B / 0B,0B / 3.07MB,30
2026-07-31 12:04:11,openzen,3.38%,32.55MiB / 30.66GiB,0.10%,0B / 0B,0B / 2.15MB,20
2026-07-31 12:04:11,mapir-ffmpeg,29.76%,167.8MiB / 30.66GiB,0.53%,0B / 0B,0B / 1.32MB,33
2026-07-31 12:04:11,scovox,106.58%,581.6MiB / 30.66GiB,1.85%,0B / 0B,0B / 3.58MB,53
2026-07-31 12:04:11,domain_bridge,0.80%,60.47MiB / 30.66GiB,0.19%,0B / 0B,0B / 5.07MB,28
2026-07-31 12:04:11,nav2,5.61%,124.1MiB / 30.66GiB,0.40%,0B / 0B,0B / 1.18MB,91
2026-07-31 12:04:14,trav_ros2,36.19%,133.8MiB / 30.66GiB,0.43%,0B / 0B,0B / 98.3kB,44
2026-07-31 12:04:14,docker-recorder-run-4beec1549b44,0.00%,10.31MiB / 30.66GiB,0.03%,0B / 0B,0B / 9.45MB,1
2026-07-31 12:04:14,glim,79.99%,347.5MiB / 30.66GiB,1.11%,0B / 0B,0B / 11.6MB,35
2026-07-31 12:04:14,realsense,17.02%,91.76MiB / 30.66GiB,0.29%,0B / 0B,0B / 3.28MB,33
2026-07-31 12:04:14,ouster,7.72%,118.1MiB / 30.66GiB,0.38%,0B / 0B,0B / 3.07MB,30
2026-07-31 12:04:14,openzen,2.96%,32.34MiB / 30.66GiB,0.10%,0B / 0B,0B / 2.15MB,20
2026-07-31 12:04:14,mapir-ffmpeg,29.27%,166.9MiB / 30.66GiB,0.53%,0B / 0B,0B / 1.32MB,33
2026-07-31 12:04:14,scovox,110.42%,568.7MiB / 30.66GiB,1.81%,0B / 0B,0B / 3.58MB,53
2026-07-31 12:04:14,domain_bridge,0.90%,60.87MiB / 30.66GiB,0.19%,0B / 0B,0B / 5.07MB,28
2026-07-31 12:04:14,nav2,5.77%,124.9MiB / 30.66GiB,0.40%,0B / 0B,0B / 1.18MB,91
2026-07-31 12:04:17,trav_ros2,35.94%,132.5MiB / 30.66GiB,0.42%,0B / 0B,0B / 98.3kB,44
2026-07-31 12:04:17,docker-recorder-run-4beec1549b44,0.00%,10.31MiB / 30.66GiB,0.03%,0B / 0B,0B / 9.45MB,1
2026-07-31 12:04:17,glim,125.34%,375.9MiB / 30.66GiB,1.20%,0B / 0B,0B / 11.6MB,35
2026-07-31 12:04:17,realsense,17.11%,91.25MiB / 30.66GiB,0.29%,0B / 0B,0B / 3.28MB,33
2026-07-31 12:04:17,ouster,7.36%,117.6MiB / 30.66GiB,0.37%,0B / 0B,0B / 3.07MB,30
2026-07-31 12:04:17,openzen,2.63%,32.11MiB / 30.66GiB,0.10%,0B / 0B,0B / 2.15MB,20
2026-07-31 12:04:17,mapir-ffmpeg,28.76%,166.9MiB / 30.66GiB,0.53%,0B / 0B,0B / 1.32MB,33
2026-07-31 12:04:17,scovox,117.86%,540.7MiB / 30.66GiB,1.72%,0B / 0B,0B / 3.58MB,53
2026-07-31 12:04:17,domain_bridge,3.00%,60.25MiB / 30.66GiB,0.19%,0B / 0B,0B / 5.07MB,28
2026-07-31 12:04:17,nav2,13.97%,127.4MiB / 30.66GiB,0.41%,0B / 0B,0B / 1.18MB,93
2026-07-31 12:04:20,trav_ros2,35.27%,133.1MiB / 30.66GiB,0.42%,0B / 0B,0B / 98.3kB,44
2026-07-31 12:04:20,docker-recorder-run-4beec1549b44,0.00%,10.31MiB / 30.66GiB,0.03%,0B / 0B,0B / 9.45MB,1
2026-07-31 12:04:20,glim,136.35%,398.9MiB / 30.66GiB,1.27%,0B / 0B,0B / 11.6MB,35
2026-07-31 12:04:20,realsense,16.95%,92.03MiB / 30.66GiB,0.29%,0B / 0B,0B / 3.28MB,33
2026-07-31 12:04:20,ouster,7.37%,117.9MiB / 30.66GiB,0.38%,0B / 0B,0B / 3.07MB,30
2026-07-31 12:04:20,openzen,2.82%,32.64MiB / 30.66GiB,0.10%,0B / 0B,0B / 2.15MB,20
2026-07-31 12:04:20,mapir-ffmpeg,28.35%,167.2MiB / 30.66GiB,0.53%,0B / 0B,0B / 1.32MB,33
2026-07-31 12:04:20,scovox,104.73%,644.8MiB / 30.66GiB,2.05%,0B / 0B,0B / 3.58MB,53
2026-07-31 12:04:20,domain_bridge,0.31%,68.82MiB / 30.66GiB,0.22%,0B / 0B,0B / 5.07MB,28
2026-07-31 12:04:20,nav2,15.59%,127.9MiB / 30.66GiB,0.41%,0B / 0B,0B / 1.18MB,93
2026-07-31 12:04:23,trav_ros2,37.29%,130.3MiB / 30.66GiB,0.41%,0B / 0B,0B / 98.3kB,44
2026-07-31 12:04:23,docker-recorder-run-4beec1549b44,0.00%,10.31MiB / 30.66GiB,0.03%,0B / 0B,0B / 9.45MB,1
2026-07-31 12:04:23,glim,139.20%,412.7MiB / 30.66GiB,1.31%,0B / 0B,0B / 11.6MB,35
2026-07-31 12:04:23,realsense,17.11%,91.57MiB / 30.66GiB,0.29%,0B / 0B,0B / 3.28MB,33
2026-07-31 12:04:23,ouster,7.71%,118MiB / 30.66GiB,0.38%,0B / 0B,0B / 3.07MB,30
2026-07-31 12:04:23,openzen,2.69%,32.68MiB / 30.66GiB,0.10%,0B / 0B,0B / 2.15MB,20
2026-07-31 12:04:23,mapir-ffmpeg,29.56%,167.5MiB / 30.66GiB,0.53%,0B / 0B,0B / 1.32MB,33
2026-07-31 12:04:23,scovox,105.09%,663.4MiB / 30.66GiB,2.11%,0B / 0B,0B / 3.58MB,53
2026-07-31 12:04:23,domain_bridge,0.07%,61.38MiB / 30.66GiB,0.20%,0B / 0B,0B / 5.07MB,28
2026-07-31 12:04:23,nav2,14.36%,127.5MiB / 30.66GiB,0.41%,0B / 0B,0B / 1.18MB,93
2026-07-31 12:04:26,trav_ros2,37.78%,134.9MiB / 30.66GiB,0.43%,0B / 0B,0B / 98.3kB,44
2026-07-31 12:04:26,docker-recorder-run-4beec1549b44,0.00%,10.31MiB / 30.66GiB,0.03%,0B / 0B,0B / 9.45MB,1
2026-07-31 12:04:26,glim,96.00%,411.9MiB / 30.66GiB,1.31%,0B / 0B,0B / 11.6MB,35
2026-07-31 12:04:26,realsense,17.47%,91.83MiB / 30.66GiB,0.29%,0B / 0B,0B / 3.28MB,33
2026-07-31 12:04:26,ouster,7.55%,118.3MiB / 30.66GiB,0.38%,0B / 0B,0B / 3.07MB,30
2026-07-31 12:04:26,openzen,2.94%,32.91MiB / 30.66GiB,0.10%,0B / 0B,0B / 2.15MB,20
2026-07-31 12:04:26,mapir-ffmpeg,28.44%,167.1MiB / 30.66GiB,0.53%,0B / 0B,0B / 1.32MB,33
2026-07-31 12:04:26,scovox,119.69%,724.1MiB / 30.66GiB,2.31%,0B / 0B,0B / 3.58MB,53
2026-07-31 12:04:26,domain_bridge,3.15%,59.96MiB / 30.66GiB,0.19%,0B / 0B,0B / 5.07MB,28
2026-07-31 12:04:26,nav2,5.50%,127.6MiB / 30.66GiB,0.41%,0B / 0B,0B / 1.18MB,91
2026-07-31 12:04:29,trav_ros2,38.37%,134.8MiB / 30.66GiB,0.43%,0B / 0B,0B / 98.3kB,44
2026-07-31 12:04:29,docker-recorder-run-4beec1549b44,0.00%,10.31MiB / 30.66GiB,0.03%,0B / 0B,0B / 9.45MB,1
2026-07-31 12:04:29,glim,119.13%,406.4MiB / 30.66GiB,1.29%,0B / 0B,0B / 11.6MB,35
2026-07-31 12:04:29,realsense,17.55%,91.4MiB / 30.66GiB,0.29%,0B / 0B,0B / 3.28MB,33
2026-07-31 12:04:29,ouster,7.64%,118.5MiB / 30.66GiB,0.38%,0B / 0B,0B / 3.07MB,30
2026-07-31 12:04:29,openzen,2.99%,32.48MiB / 30.66GiB,0.10%,0B / 0B,0B / 2.15MB,20
2026-07-31 12:04:29,mapir-ffmpeg,29.34%,168.2MiB / 30.66GiB,0.54%,0B / 0B,0B / 1.32MB,33
2026-07-31 12:04:29,scovox,114.68%,700.8MiB / 30.66GiB,2.23%,0B / 0B,0B / 3.58MB,53
2026-07-31 12:04:29,domain_bridge,0.99%,68.37MiB / 30.66GiB,0.22%,0B / 0B,0B / 5.07MB,28
2026-07-31 12:04:29,nav2,11.54%,127MiB / 30.66GiB,0.40%,0B / 0B,0B / 1.18MB,93
2026-07-31 12:04:32,trav_ros2,37.58%,135.1MiB / 30.66GiB,0.43%,0B / 0B,0B / 246kB,44
2026-07-31 12:04:32,docker-recorder-run-4beec1549b44,0.00%,10.31MiB / 30.66GiB,0.03%,0B / 0B,0B / 9.45MB,1
2026-07-31 12:04:32,glim,135.85%,421.7MiB / 30.66GiB,1.34%,0B / 0B,0B / 11.6MB,35
2026-07-31 12:04:32,realsense,16.85%,91.65MiB / 30.66GiB,0.29%,0B / 0B,0B / 3.28MB,33
2026-07-31 12:04:32,ouster,7.59%,118.3MiB / 30.66GiB,0.38%,0B / 0B,0B / 3.07MB,30
2026-07-31 12:04:32,openzen,2.76%,32.26MiB / 30.66GiB,0.10%,0B / 0B,0B / 2.15MB,20
2026-07-31 12:04:32,mapir-ffmpeg,28.26%,167.7MiB / 30.66GiB,0.53%,0B / 0B,0B / 1.32MB,33
2026-07-31 12:04:32,scovox,104.48%,727.4MiB / 30.66GiB,2.32%,0B / 0B,0B / 3.58MB,53
2026-07-31 12:04:32,domain_bridge,1.05%,60.81MiB / 30.66GiB,0.19%,0B / 0B,0B / 5.07MB,28
2026-07-31 12:04:32,nav2,13.90%,126.9MiB / 30.66GiB,0.40%,0B / 0B,0B / 1.18MB,93
2026-07-31 12:04:35,trav_ros2,36.98%,136MiB / 30.66GiB,0.43%,0B / 0B,0B / 246kB,44
2026-07-31 12:04:35,docker-recorder-run-4beec1549b44,0.00%,10.31MiB / 30.66GiB,0.03%,0B / 0B,0B / 9.45MB,1
2026-07-31 12:04:35,glim,136.60%,430.7MiB / 30.66GiB,1.37%,0B / 0B,0B / 11.6MB,35
2026-07-31 12:04:35,realsense,17.26%,91.68MiB / 30.66GiB,0.29%,0B / 0B,0B / 3.28MB,33
2026-07-31 12:04:35,ouster,8.04%,118.9MiB / 30.66GiB,0.38%,0B / 0B,0B / 3.07MB,30
2026-07-31 12:04:35,openzen,2.79%,32.29MiB / 30.66GiB,0.10%,0B / 0B,0B / 2.15MB,20
2026-07-31 12:04:35,mapir-ffmpeg,29.23%,168MiB / 30.66GiB,0.54%,0B / 0B,0B / 1.33MB,33
2026-07-31 12:04:35,scovox,117.69%,686.8MiB / 30.66GiB,2.19%,0B / 0B,0B / 3.6MB,53
2026-07-31 12:04:35,domain_bridge,1.76%,59.55MiB / 30.66GiB,0.19%,0B / 0B,0B / 5.07MB,28
2026-07-31 12:04:35,nav2,13.63%,128.5MiB / 30.66GiB,0.41%,0B / 0B,0B / 1.21MB,93
2026-07-31 12:04:39,trav_ros2,37.43%,135.1MiB / 30.66GiB,0.43%,0B / 0B,0B / 1.64MB,44
2026-07-31 12:04:39,docker-recorder-run-4beec1549b44,0.00%,10.31MiB / 30.66GiB,0.03%,0B / 0B,0B / 9.45MB,1
2026-07-31 12:04:39,glim,138.85%,429.3MiB / 30.66GiB,1.37%,0B / 0B,0B / 11.6MB,35
2026-07-31 12:04:39,realsense,18.02%,91.98MiB / 30.66GiB,0.29%,0B / 0B,0B / 3.28MB,33
2026-07-31 12:04:39,ouster,7.34%,118.3MiB / 30.66GiB,0.38%,0B / 0B,0B / 3.07MB,30
2026-07-31 12:04:39,openzen,2.95%,32.58MiB / 30.66GiB,0.10%,0B / 0B,0B / 2.15MB,20
2026-07-31 12:04:39,mapir-ffmpeg,28.30%,167.6MiB / 30.66GiB,0.53%,0B / 0B,0B / 1.33MB,33
2026-07-31 12:04:39,scovox,104.22%,772.2MiB / 30.66GiB,2.46%,0B / 0B,0B / 3.6MB,53
2026-07-31 12:04:39,domain_bridge,0.21%,59.54MiB / 30.66GiB,0.19%,0B / 0B,0B / 5.07MB,28
2026-07-31 12:04:39,nav2,13.57%,128.4MiB / 30.66GiB,0.41%,0B / 0B,0B / 1.21MB,93
2026-07-31 12:04:42,trav_ros2,44.97%,135.9MiB / 30.66GiB,0.43%,0B / 0B,0B / 1.65MB,44
2026-07-31 12:04:42,docker-recorder-run-4beec1549b44,0.00%,10.31MiB / 30.66GiB,0.03%,0B / 0B,0B / 9.45MB,1
2026-07-31 12:04:42,glim,145.28%,410.1MiB / 30.66GiB,1.31%,0B / 0B,0B / 11.6MB,35
2026-07-31 12:04:42,realsense,17.11%,91.74MiB / 30.66GiB,0.29%,0B / 0B,0B / 3.28MB,33
2026-07-31 12:04:42,ouster,7.51%,118.6MiB / 30.66GiB,0.38%,0B / 0B,0B / 3.07MB,30
2026-07-31 12:04:42,openzen,2.88%,32.34MiB / 30.66GiB,0.10%,0B / 0B,0B / 2.15MB,20
2026-07-31 12:04:42,mapir-ffmpeg,29.02%,167.4MiB / 30.66GiB,0.53%,0B / 0B,0B / 1.33MB,33
2026-07-31 12:04:42,scovox,118.20%,752MiB / 30.66GiB,2.40%,0B / 0B,0B / 3.6MB,53
2026-07-31 12:04:42,domain_bridge,1.84%,60.36MiB / 30.66GiB,0.19%,0B / 0B,0B / 5.07MB,28
2026-07-31 12:04:42,nav2,13.17%,128.4MiB / 30.66GiB,0.41%,0B / 0B,0B / 1.23MB,93
2026-07-31 12:04:45,trav_ros2,44.50%,136.2MiB / 30.66GiB,0.43%,0B / 0B,0B / 1.65MB,44
2026-07-31 12:04:45,docker-recorder-run-4beec1549b44,0.00%,10.31MiB / 30.66GiB,0.03%,0B / 0B,0B / 9.45MB,1
2026-07-31 12:04:45,glim,144.35%,442.6MiB / 30.66GiB,1.41%,0B / 0B,0B / 11.6MB,35
2026-07-31 12:04:45,realsense,16.88%,92.03MiB / 30.66GiB,0.29%,0B / 0B,0B / 3.28MB,33
2026-07-31 12:04:45,ouster,7.63%,118.3MiB / 30.66GiB,0.38%,0B / 0B,0B / 3.07MB,30
2026-07-31 12:04:45,openzen,3.13%,33.12MiB / 30.66GiB,0.11%,0B / 0B,0B / 2.15MB,20
2026-07-31 12:04:45,mapir-ffmpeg,28.37%,168.4MiB / 30.66GiB,0.54%,0B / 0B,0B / 1.33MB,33
2026-07-31 12:04:45,scovox,111.21%,759.8MiB / 30.66GiB,2.42%,0B / 0B,0B / 3.6MB,53
2026-07-31 12:04:45,domain_bridge,1.71%,59.68MiB / 30.66GiB,0.19%,0B / 0B,0B / 5.07MB,28
2026-07-31 12:04:45,nav2,13.26%,127.9MiB / 30.66GiB,0.41%,0B / 0B,0B / 1.23MB,93
2026-07-31 12:04:48,trav_ros2,49.92%,136.5MiB / 30.66GiB,0.43%,0B / 0B,0B / 1.65MB,44
2026-07-31 12:04:48,docker-recorder-run-4beec1549b44,0.00%,10.31MiB / 30.66GiB,0.03%,0B / 0B,0B / 9.45MB,1
2026-07-31 12:04:48,glim,145.90%,462.8MiB / 30.66GiB,1.47%,0B / 0B,0B / 11.6MB,35
2026-07-31 12:04:48,realsense,17.84%,91.8MiB / 30.66GiB,0.29%,0B / 0B,0B / 3.28MB,33
2026-07-31 12:04:48,ouster,7.36%,118.3MiB / 30.66GiB,0.38%,0B / 0B,0B / 3.07MB,30
2026-07-31 12:04:48,openzen,2.76%,32.9MiB / 30.66GiB,0.10%,0B / 0B,0B / 2.15MB,20
2026-07-31 12:04:48,mapir-ffmpeg,28.87%,168MiB / 30.66GiB,0.54%,0B / 0B,0B / 1.33MB,33
2026-07-31 12:04:48,scovox,108.48%,808.6MiB / 30.66GiB,2.58%,0B / 0B,0B / 3.6MB,53
2026-07-31 12:04:48,domain_bridge,0.50%,60.45MiB / 30.66GiB,0.19%,0B / 0B,0B / 5.07MB,28
2026-07-31 12:04:48,nav2,13.11%,128.1MiB / 30.66GiB,0.41%,0B / 0B,0B / 1.23MB,93
2026-07-31 12:04:51,trav_ros2,59.78%,138.9MiB / 30.66GiB,0.44%,0B / 0B,0B / 1.65MB,44
2026-07-31 12:04:51,docker-recorder-run-4beec1549b44,0.00%,10.31MiB / 30.66GiB,0.03%,0B / 0B,0B / 9.45MB,1
2026-07-31 12:04:51,glim,148.16%,463.3MiB / 30.66GiB,1.48%,0B / 0B,0B / 11.6MB,35
2026-07-31 12:04:51,realsense,18.05%,92.33MiB / 30.66GiB,0.29%,0B / 0B,0B / 3.28MB,33
2026-07-31 12:04:51,ouster,7.84%,118.1MiB / 30.66GiB,0.38%,0B / 0B,0B / 3.07MB,30
2026-07-31 12:04:51,openzen,3.25%,32.06MiB / 30.66GiB,0.10%,0B / 0B,0B / 2.15MB,20
2026-07-31 12:04:51,mapir-ffmpeg,29.77%,167.7MiB / 30.66GiB,0.53%,0B / 0B,0B / 1.33MB,33
2026-07-31 12:04:51,scovox,115.82%,779.7MiB / 30.66GiB,2.48%,0B / 0B,0B / 3.6MB,53
2026-07-31 12:04:51,domain_bridge,2.20%,68.27MiB / 30.66GiB,0.22%,0B / 0B,0B / 5.07MB,28
2026-07-31 12:04:51,nav2,14.73%,127.8MiB / 30.66GiB,0.41%,0B / 0B,0B / 1.24MB,93
2026-07-31 12:04:54,trav_ros2,77.24%,139.1MiB / 30.66GiB,0.44%,0B / 0B,0B / 1.65MB,44
2026-07-31 12:04:54,docker-recorder-run-4beec1549b44,0.00%,10.31MiB / 30.66GiB,0.03%,0B / 0B,0B / 9.45MB,1
2026-07-31 12:04:54,glim,150.31%,436.6MiB / 30.66GiB,1.39%,0B / 0B,0B / 11.6MB,35
2026-07-31 12:04:54,realsense,17.69%,91.25MiB / 30.66GiB,0.29%,0B / 0B,0B / 3.28MB,33
2026-07-31 12:04:54,ouster,7.15%,118.2MiB / 30.66GiB,0.38%,0B / 0B,0B / 3.07MB,30
2026-07-31 12:04:54,openzen,2.79%,31.61MiB / 30.66GiB,0.10%,0B / 0B,0B / 2.15MB,20
2026-07-31 12:04:54,mapir-ffmpeg,29.52%,167.5MiB / 30.66GiB,0.53%,0B / 0B,0B / 1.33MB,33
2026-07-31 12:04:54,scovox,106.91%,806.4MiB / 30.66GiB,2.57%,0B / 0B,0B / 3.6MB,53
2026-07-31 12:04:54,domain_bridge,0.22%,70.05MiB / 30.66GiB,0.22%,0B / 0B,0B / 5.07MB,28
2026-07-31 12:04:54,nav2,13.96%,128.1MiB / 30.66GiB,0.41%,0B / 0B,0B / 1.24MB,93
2026-07-31 12:04:57,trav_ros2,80.90%,140.2MiB / 30.66GiB,0.45%,0B / 0B,0B / 1.65MB,44
2026-07-31 12:04:57,docker-recorder-run-4beec1549b44,0.00%,10.31MiB / 30.66GiB,0.03%,0B / 0B,0B / 9.45MB,1
2026-07-31 12:04:57,glim,142.27%,437.4MiB / 30.66GiB,1.39%,0B / 0B,0B / 11.6MB,35
2026-07-31 12:04:57,realsense,16.53%,91.26MiB / 30.66GiB,0.29%,0B / 0B,0B / 3.28MB,33
2026-07-31 12:04:57,ouster,7.20%,117.6MiB / 30.66GiB,0.37%,0B / 0B,0B / 3.07MB,30
2026-07-31 12:04:57,openzen,2.51%,31.86MiB / 30.66GiB,0.10%,0B / 0B,0B / 2.15MB,20
2026-07-31 12:04:57,mapir-ffmpeg,29.18%,167.3MiB / 30.66GiB,0.53%,0B / 0B,0B / 1.33MB,33
2026-07-31 12:04:57,scovox,111.64%,778.9MiB / 30.66GiB,2.48%,0B / 0B,0B / 3.6MB,53
2026-07-31 12:04:57,domain_bridge,0.83%,69.86MiB / 30.66GiB,0.22%,0B / 0B,0B / 5.07MB,28
2026-07-31 12:04:57,nav2,13.87%,127.8MiB / 30.66GiB,0.41%,0B / 0B,0B / 1.24MB,93
2026-07-31 12:05:00,trav_ros2,98.31%,140.7MiB / 30.66GiB,0.45%,0B / 0B,0B / 1.65MB,44
2026-07-31 12:05:00,docker-recorder-run-4beec1549b44,0.00%,10.31MiB / 30.66GiB,0.03%,0B / 0B,0B / 9.45MB,1
2026-07-31 12:05:00,glim,152.95%,445.9MiB / 30.66GiB,1.42%,0B / 0B,0B / 11.6MB,35
2026-07-31 12:05:00,realsense,16.89%,91.04MiB / 30.66GiB,0.29%,0B / 0B,0B / 3.28MB,33
2026-07-31 12:05:00,ouster,7.27%,117.8MiB / 30.66GiB,0.38%,0B / 0B,0B / 3.07MB,30
2026-07-31 12:05:00,openzen,2.71%,31.89MiB / 30.66GiB,0.10%,0B / 0B,0B / 2.15MB,20
2026-07-31 12:05:00,mapir-ffmpeg,28.99%,168.1MiB / 30.66GiB,0.54%,0B / 0B,0B / 1.33MB,33
2026-07-31 12:05:00,scovox,104.66%,793.7MiB / 30.66GiB,2.53%,0B / 0B,0B / 3.6MB,53
2026-07-31 12:05:00,domain_bridge,0.30%,68.95MiB / 30.66GiB,0.22%,0B / 0B,0B / 5.07MB,28
2026-07-31 12:05:00,nav2,14.35%,127.3MiB / 30.66GiB,0.41%,0B / 0B,0B / 1.24MB,93
2026-07-31 12:05:03,trav_ros2,85.18%,141.7MiB / 30.66GiB,0.45%,0B / 0B,0B / 1.65MB,44
2026-07-31 12:05:03,docker-recorder-run-4beec1549b44,0.00%,10.31MiB / 30.66GiB,0.03%,0B / 0B,0B / 9.45MB,1
2026-07-31 12:05:03,glim,147.82%,483.8MiB / 30.66GiB,1.54%,0B / 0B,0B / 11.6MB,35
2026-07-31 12:05:03,realsense,17.36%,90.83MiB / 30.66GiB,0.29%,0B / 0B,0B / 3.28MB,33
2026-07-31 12:05:03,ouster,7.18%,118.5MiB / 30.66GiB,0.38%,0B / 0B,0B / 3.07MB,30
2026-07-31 12:05:03,openzen,2.43%,31.68MiB / 30.66GiB,0.10%,0B / 0B,0B / 2.15MB,20
2026-07-31 12:05:03,mapir-ffmpeg,28.65%,167.7MiB / 30.66GiB,0.53%,0B / 0B,0B / 1.33MB,33
2026-07-31 12:05:03,scovox,112.84%,800.6MiB / 30.66GiB,2.55%,0B / 0B,0B / 3.6MB,53
2026-07-31 12:05:03,domain_bridge,1.00%,58.95MiB / 30.66GiB,0.19%,0B / 0B,0B / 5.07MB,28
2026-07-31 12:05:03,nav2,14.04%,127.8MiB / 30.66GiB,0.41%,0B / 0B,0B / 1.24MB,93
2026-07-31 12:05:06,trav_ros2,75.22%,141.7MiB / 30.66GiB,0.45%,0B / 0B,0B / 1.65MB,44
2026-07-31 12:05:06,docker-recorder-run-4beec1549b44,0.00%,10.31MiB / 30.66GiB,0.03%,0B / 0B,0B / 9.45MB,1
2026-07-31 12:05:06,glim,155.05%,486.2MiB / 30.66GiB,1.55%,0B / 0B,0B / 11.6MB,35
2026-07-31 12:05:06,realsense,16.50%,90.86MiB / 30.66GiB,0.29%,0B / 0B,0B / 3.28MB,33
2026-07-31 12:05:06,ouster,7.47%,118MiB / 30.66GiB,0.38%,0B / 0B,0B / 3.07MB,30
2026-07-31 12:05:06,openzen,3.01%,32.19MiB / 30.66GiB,0.10%,0B / 0B,0B / 2.15MB,20
2026-07-31 12:05:06,mapir-ffmpeg,28.64%,167.7MiB / 30.66GiB,0.53%,0B / 0B,0B / 1.33MB,33
2026-07-31 12:05:06,scovox,104.11%,813.1MiB / 30.66GiB,2.59%,0B / 0B,0B / 3.6MB,53
2026-07-31 12:05:06,domain_bridge,0.64%,66.65MiB / 30.66GiB,0.21%,0B / 0B,0B / 5.07MB,28
2026-07-31 12:05:06,nav2,13.98%,128.6MiB / 30.66GiB,0.41%,0B / 0B,0B / 1.24MB,93
2026-07-31 12:05:09,trav_ros2,100.41%,141.9MiB / 30.66GiB,0.45%,0B / 0B,0B / 1.73MB,44
2026-07-31 12:05:09,docker-recorder-run-4beec1549b44,0.00%,10.31MiB / 30.66GiB,0.03%,0B / 0B,0B / 9.45MB,1
2026-07-31 12:05:09,glim,154.00%,498.4MiB / 30.66GiB,1.59%,0B / 0B,0B / 11.6MB,35
2026-07-31 12:05:09,realsense,17.61%,91.4MiB / 30.66GiB,0.29%,0B / 0B,0B / 3.28MB,33
2026-07-31 12:05:09,ouster,7.16%,118.2MiB / 30.66GiB,0.38%,0B / 0B,0B / 3.07MB,30
2026-07-31 12:05:09,openzen,2.83%,31.75MiB / 30.66GiB,0.10%,0B / 0B,0B / 2.15MB,20
2026-07-31 12:05:09,mapir-ffmpeg,28.06%,167.3MiB / 30.66GiB,0.53%,0B / 0B,0B / 1.34MB,33
2026-07-31 12:05:09,scovox,114.08%,797.9MiB / 30.66GiB,2.54%,0B / 0B,0B / 3.6MB,53
2026-07-31 12:05:09,domain_bridge,0.91%,68.89MiB / 30.66GiB,0.22%,0B / 0B,0B / 5.07MB,28
2026-07-31 12:05:09,nav2,14.15%,128.5MiB / 30.66GiB,0.41%,0B / 0B,0B / 1.24MB,93
2026-07-31 12:05:13,trav_ros2,100.38%,144.6MiB / 30.66GiB,0.46%,0B / 0B,0B / 1.73MB,44
2026-07-31 12:05:13,docker-recorder-run-4beec1549b44,0.00%,10.3MiB / 30.66GiB,0.03%,0B / 0B,0B / 9.45MB,1
2026-07-31 12:05:13,glim,150.80%,479.2MiB / 30.66GiB,1.53%,0B / 0B,0B / 11.6MB,35
2026-07-31 12:05:13,realsense,16.63%,91.16MiB / 30.66GiB,0.29%,0B / 0B,0B / 3.28MB,33
2026-07-31 12:05:13,ouster,7.05%,118MiB / 30.66GiB,0.38%,0B / 0B,0B / 3.07MB,30
2026-07-31 12:05:13,openzen,2.72%,32MiB / 30.66GiB,0.10%,0B / 0B,0B / 2.15MB,20
2026-07-31 12:05:13,mapir-ffmpeg,27.85%,167.6MiB / 30.66GiB,0.53%,0B / 0B,0B / 1.34MB,33
2026-07-31 12:05:13,scovox,103.81%,835.6MiB / 30.66GiB,2.66%,0B / 0B,0B / 3.63MB,53
2026-07-31 12:05:13,domain_bridge,0.86%,68.98MiB / 30.66GiB,0.22%,0B / 0B,0B / 5.07MB,28
2026-07-31 12:05:13,nav2,14.46%,128.1MiB / 30.66GiB,0.41%,0B / 0B,0B / 1.26MB,93
2026-07-31 12:05:16,trav_ros2,100.81%,144.4MiB / 30.66GiB,0.46%,0B / 0B,0B / 1.73MB,44
2026-07-31 12:05:16,docker-recorder-run-4beec1549b44,0.00%,10.3MiB / 30.66GiB,0.03%,0B / 0B,0B / 9.45MB,1
2026-07-31 12:05:16,glim,156.43%,491.2MiB / 30.66GiB,1.56%,0B / 0B,0B / 11.6MB,35
2026-07-31 12:05:16,realsense,17.17%,91.2MiB / 30.66GiB,0.29%,0B / 0B,0B / 3.28MB,33
2026-07-31 12:05:16,ouster,7.05%,118.2MiB / 30.66GiB,0.38%,0B / 0B,0B / 3.07MB,30
2026-07-31 12:05:16,openzen,2.75%,32.04MiB / 30.66GiB,0.10%,0B / 0B,0B / 2.15MB,20
2026-07-31 12:05:16,mapir-ffmpeg,29.02%,167.4MiB / 30.66GiB,0.53%,0B / 0B,0B / 1.34MB,33
2026-07-31 12:05:16,scovox,112.68%,827.5MiB / 30.66GiB,2.64%,0B / 0B,0B / 3.63MB,53
2026-07-31 12:05:16,domain_bridge,0.81%,69.1MiB / 30.66GiB,0.22%,0B / 0B,0B / 5.07MB,28
2026-07-31 12:05:16,nav2,15.32%,129.4MiB / 30.66GiB,0.41%,0B / 0B,0B / 1.29MB,93
2026-07-31 12:05:19,trav_ros2,101.20%,145.3MiB / 30.66GiB,0.46%,0B / 0B,0B / 1.73MB,44
2026-07-31 12:05:19,docker-recorder-run-4beec1549b44,0.00%,10.3MiB / 30.66GiB,0.03%,0B / 0B,0B / 9.45MB,1
2026-07-31 12:05:19,glim,158.29%,519.9MiB / 30.66GiB,1.66%,0B / 0B,0B / 11.6MB,35
2026-07-31 12:05:19,realsense,17.03%,91.48MiB / 30.66GiB,0.29%,0B / 0B,0B / 3.28MB,33
2026-07-31 12:05:19,ouster,7.34%,118.9MiB / 30.66GiB,0.38%,0B / 0B,0B / 3.07MB,30
2026-07-31 12:05:19,openzen,2.58%,31.83MiB / 30.66GiB,0.10%,0B / 0B,0B / 2.15MB,20
2026-07-31 12:05:19,mapir-ffmpeg,28.39%,167.5MiB / 30.66GiB,0.53%,0B / 0B,0B / 1.34MB,33
2026-07-31 12:05:19,scovox,112.06%,790.7MiB / 30.66GiB,2.52%,0B / 0B,0B / 3.63MB,53
2026-07-31 12:05:19,domain_bridge,0.58%,69.16MiB / 30.66GiB,0.22%,0B / 0B,0B / 5.07MB,28
2026-07-31 12:05:19,nav2,14.93%,129.1MiB / 30.66GiB,0.41%,0B / 0B,0B / 1.29MB,93
2026-07-31 12:05:22,trav_ros2,101.30%,144.7MiB / 30.66GiB,0.46%,0B / 0B,0B / 1.73MB,44
2026-07-31 12:05:22,docker-recorder-run-4beec1549b44,0.00%,10.3MiB / 30.66GiB,0.03%,0B / 0B,0B / 9.45MB,1
2026-07-31 12:05:22,glim,151.28%,503.4MiB / 30.66GiB,1.60%,0B / 0B,0B / 11.6MB,35
2026-07-31 12:05:22,realsense,17.53%,91.24MiB / 30.66GiB,0.29%,0B / 0B,0B / 3.28MB,33
2026-07-31 12:05:22,ouster,7.15%,118.4MiB / 30.66GiB,0.38%,0B / 0B,0B / 3.07MB,30
2026-07-31 12:05:22,openzen,2.86%,31.83MiB / 30.66GiB,0.10%,0B / 0B,0B / 2.15MB,20
2026-07-31 12:05:22,mapir-ffmpeg,28.14%,167.7MiB / 30.66GiB,0.53%,0B / 0B,0B / 1.34MB,33
2026-07-31 12:05:22,scovox,113.47%,829.2MiB / 30.66GiB,2.64%,0B / 0B,0B / 3.63MB,53
2026-07-31 12:05:22,domain_bridge,0.81%,69.06MiB / 30.66GiB,0.22%,0B / 0B,0B / 5.07MB,28
2026-07-31 12:05:22,nav2,14.65%,129MiB / 30.66GiB,0.41%,0B / 0B,0B / 1.29MB,93
2026-07-31 12:05:25,trav_ros2,101.60%,146MiB / 30.66GiB,0.47%,0B / 0B,0B / 1.73MB,44
2026-07-31 12:05:25,docker-recorder-run-4beec1549b44,0.00%,10.3MiB / 30.66GiB,0.03%,0B / 0B,0B / 9.45MB,1
2026-07-31 12:05:25,glim,156.37%,477.9MiB / 30.66GiB,1.52%,0B / 0B,0B / 11.6MB,35
2026-07-31 12:05:25,realsense,17.43%,91.29MiB / 30.66GiB,0.29%,0B / 0B,0B / 3.28MB,33
2026-07-31 12:05:25,ouster,7.23%,119.1MiB / 30.66GiB,0.38%,0B / 0B,0B / 3.07MB,30
2026-07-31 12:05:25,openzen,2.97%,32.38MiB / 30.66GiB,0.10%,0B / 0B,0B / 2.15MB,20
2026-07-31 12:05:25,mapir-ffmpeg,28.25%,167.9MiB / 30.66GiB,0.53%,0B / 0B,0B / 1.34MB,33
2026-07-31 12:05:25,scovox,105.30%,838.5MiB / 30.66GiB,2.67%,0B / 0B,0B / 3.63MB,53
2026-07-31 12:05:25,domain_bridge,0.57%,69.96MiB / 30.66GiB,0.22%,0B / 0B,0B / 5.07MB,28
2026-07-31 12:05:25,nav2,14.78%,129.1MiB / 30.66GiB,0.41%,0B / 0B,0B / 1.29MB,93
2026-07-31 12:05:28,trav_ros2,101.66%,145.5MiB / 30.66GiB,0.46%,0B / 0B,0B / 1.73MB,44
2026-07-31 12:05:28,docker-recorder-run-4beec1549b44,0.00%,10.3MiB / 30.66GiB,0.03%,0B / 0B,0B / 9.45MB,1
2026-07-31 12:05:28,glim,134.69%,483.9MiB / 30.66GiB,1.54%,0B / 0B,0B / 11.6MB,35
2026-07-31 12:05:28,realsense,16.71%,91.3MiB / 30.66GiB,0.29%,0B / 0B,0B / 3.28MB,33
2026-07-31 12:05:28,ouster,7.35%,118.6MiB / 30.66GiB,0.38%,0B / 0B,0B / 3.07MB,30
2026-07-31 12:05:28,openzen,2.89%,32.39MiB / 30.66GiB,0.10%,0B / 0B,0B / 2.15MB,20
2026-07-31 12:05:28,mapir-ffmpeg,28.93%,167.9MiB / 30.66GiB,0.53%,0B / 0B,0B / 1.34MB,33
2026-07-31 12:05:28,scovox,114.37%,827.7MiB / 30.66GiB,2.64%,0B / 0B,0B / 3.63MB,53
2026-07-31 12:05:28,domain_bridge,1.57%,70.47MiB / 30.66GiB,0.22%,0B / 0B,0B / 5.07MB,28
2026-07-31 12:05:28,nav2,14.77%,128.5MiB / 30.66GiB,0.41%,0B / 0B,0B / 1.29MB,93
2026-07-31 12:05:31,trav_ros2,101.17%,142.3MiB / 30.66GiB,0.45%,0B / 0B,0B / 1.73MB,44
2026-07-31 12:05:31,docker-recorder-run-4beec1549b44,0.00%,10.3MiB / 30.66GiB,0.03%,0B / 0B,0B / 9.45MB,1
2026-07-31 12:05:31,glim,118.42%,504.4MiB / 30.66GiB,1.61%,0B / 0B,0B / 11.7MB,35
2026-07-31 12:05:31,realsense,17.05%,91.31MiB / 30.66GiB,0.29%,0B / 0B,0B / 3.28MB,33
2026-07-31 12:05:31,ouster,7.42%,119MiB / 30.66GiB,0.38%,0B / 0B,0B / 3.07MB,30
2026-07-31 12:05:31,openzen,2.87%,32.19MiB / 30.66GiB,0.10%,0B / 0B,0B / 2.15MB,20
2026-07-31 12:05:31,mapir-ffmpeg,28.71%,168.9MiB / 30.66GiB,0.54%,0B / 0B,0B / 1.34MB,33
2026-07-31 12:05:31,scovox,113.81%,796.7MiB / 30.66GiB,2.54%,0B / 0B,0B / 3.63MB,53
2026-07-31 12:05:31,domain_bridge,0.93%,69.22MiB / 30.66GiB,0.22%,0B / 0B,0B / 5.07MB,28
2026-07-31 12:05:31,nav2,15.37%,129.7MiB / 30.66GiB,0.41%,0B / 0B,0B / 1.29MB,93
2026-07-31 12:05:34,trav_ros2,101.11%,146.6MiB / 30.66GiB,0.47%,0B / 0B,0B / 1.73MB,44
2026-07-31 12:05:34,docker-recorder-run-4beec1549b44,0.00%,10.3MiB / 30.66GiB,0.03%,0B / 0B,0B / 9.45MB,1
2026-07-31 12:05:34,glim,151.61%,516.2MiB / 30.66GiB,1.64%,0B / 0B,0B / 11.7MB,35
2026-07-31 12:05:34,realsense,17.14%,91.62MiB / 30.66GiB,0.29%,0B / 0B,0B / 3.28MB,33
2026-07-31 12:05:34,ouster,7.47%,118.6MiB / 30.66GiB,0.38%,0B / 0B,0B / 3.07MB,30
2026-07-31 12:05:34,openzen,2.83%,32MiB / 30.66GiB,0.10%,0B / 0B,0B / 2.15MB,20
2026-07-31 12:05:34,mapir-ffmpeg,28.51%,167.8MiB / 30.66GiB,0.53%,0B / 0B,0B / 1.34MB,33
2026-07-31 12:05:34,scovox,104.87%,807.2MiB / 30.66GiB,2.57%,0B / 0B,0B / 3.63MB,53
2026-07-31 12:05:34,domain_bridge,0.19%,69.64MiB / 30.66GiB,0.22%,0B / 0B,0B / 5.07MB,28
2026-07-31 12:05:34,nav2,14.86%,129.4MiB / 30.66GiB,0.41%,0B / 0B,0B / 1.29MB,93
2026-07-31 12:05:37,trav_ros2,100.61%,146.5MiB / 30.66GiB,0.47%,0B / 0B,0B / 1.73MB,44
2026-07-31 12:05:37,docker-recorder-run-4beec1549b44,0.00%,10.3MiB / 30.66GiB,0.03%,0B / 0B,0B / 9.45MB,1
2026-07-31 12:05:37,glim,145.39%,499MiB / 30.66GiB,1.59%,0B / 0B,0B / 11.7MB,35
2026-07-31 12:05:37,realsense,17.05%,91.38MiB / 30.66GiB,0.29%,0B / 0B,0B / 3.28MB,33
2026-07-31 12:05:37,ouster,7.16%,118.6MiB / 30.66GiB,0.38%,0B / 0B,0B / 3.07MB,30
2026-07-31 12:05:37,openzen,2.74%,32.48MiB / 30.66GiB,0.10%,0B / 0B,0B / 2.15MB,20
2026-07-31 12:05:37,mapir-ffmpeg,28.72%,168MiB / 30.66GiB,0.54%,0B / 0B,0B / 1.34MB,33
2026-07-31 12:05:37,scovox,111.71%,796.4MiB / 30.66GiB,2.54%,0B / 0B,0B / 3.63MB,53
2026-07-31 12:05:37,domain_bridge,0.72%,69.74MiB / 30.66GiB,0.22%,0B / 0B,0B / 5.07MB,28
2026-07-31 12:05:37,nav2,14.66%,129.7MiB / 30.66GiB,0.41%,0B / 0B,0B / 1.29MB,93
2026-07-31 12:05:40,trav_ros2,100.96%,147.1MiB / 30.66GiB,0.47%,0B / 0B,0B / 1.81MB,44
2026-07-31 12:05:40,docker-recorder-run-4beec1549b44,0.00%,10.3MiB / 30.66GiB,0.03%,0B / 0B,0B / 9.45MB,1
2026-07-31 12:05:40,glim,152.60%,499.2MiB / 30.66GiB,1.59%,0B / 0B,0B / 11.7MB,35
2026-07-31 12:05:40,realsense,17.28%,91.43MiB / 30.66GiB,0.29%,0B / 0B,0B / 3.28MB,33
2026-07-31 12:05:40,ouster,7.66%,118.8MiB / 30.66GiB,0.38%,0B / 0B,0B / 3.07MB,30
2026-07-31 12:05:40,openzen,2.44%,32.27MiB / 30.66GiB,0.10%,0B / 0B,0B / 2.15MB,20
2026-07-31 12:05:40,mapir-ffmpeg,29.09%,167.9MiB / 30.66GiB,0.53%,0B / 0B,0B / 1.34MB,33
2026-07-31 12:05:40,scovox,6.53%,773.2MiB / 30.66GiB,2.46%,0B / 0B,0B / 3.63MB,53
2026-07-31 12:05:40,domain_bridge,0.40%,69.12MiB / 30.66GiB,0.22%,0B / 0B,0B / 5.07MB,28
2026-07-31 12:05:40,nav2,13.98%,129.7MiB / 30.66GiB,0.41%,0B / 0B,0B / 1.29MB,93
2026-07-31 12:05:44,trav_ros2,100.59%,147.6MiB / 30.66GiB,0.47%,0B / 0B,0B / 1.81MB,44
2026-07-31 12:05:44,docker-recorder-run-4beec1549b44,0.00%,10.3MiB / 30.66GiB,0.03%,0B / 0B,0B / 9.45MB,1
2026-07-31 12:05:44,glim,155.03%,520.9MiB / 30.66GiB,1.66%,0B / 0B,0B / 11.7MB,35
2026-07-31 12:05:44,realsense,17.48%,91.2MiB / 30.66GiB,0.29%,0B / 0B,0B / 3.28MB,33
2026-07-31 12:05:44,ouster,7.16%,118.5MiB / 30.66GiB,0.38%,0B / 0B,0B / 3.07MB,30
2026-07-31 12:05:44,openzen,2.64%,32.3MiB / 30.66GiB,0.10%,0B / 0B,0B / 2.15MB,20
2026-07-31 12:05:44,mapir-ffmpeg,28.92%,168.4MiB / 30.66GiB,0.54%,0B / 0B,0B / 1.36MB,33
2026-07-31 12:05:44,scovox,108.97%,791.3MiB / 30.66GiB,2.52%,0B / 0B,0B / 3.63MB,53
2026-07-31 12:05:44,domain_bridge,0.55%,69.49MiB / 30.66GiB,0.22%,0B / 0B,0B / 5.07MB,28
2026-07-31 12:05:44,nav2,14.91%,130.2MiB / 30.66GiB,0.41%,0B / 0B,0B / 1.29MB,93
2026-07-31 12:05:47,trav_ros2,101.22%,153.1MiB / 30.66GiB,0.49%,0B / 0B,0B / 1.81MB,44
2026-07-31 12:05:47,docker-recorder-run-4beec1549b44,0.00%,10.3MiB / 30.66GiB,0.03%,0B / 0B,0B / 9.45MB,1
2026-07-31 12:05:47,glim,152.94%,512.6MiB / 30.66GiB,1.63%,0B / 0B,0B / 11.7MB,35
2026-07-31 12:05:47,realsense,17.39%,91.23MiB / 30.66GiB,0.29%,0B / 0B,0B / 3.28MB,33
2026-07-31 12:05:47,ouster,7.57%,119.1MiB / 30.66GiB,0.38%,0B / 0B,0B / 3.07MB,30
2026-07-31 12:05:47,openzen,2.99%,33.07MiB / 30.66GiB,0.11%,0B / 0B,0B / 2.15MB,20
2026-07-31 12:05:47,mapir-ffmpeg,29.43%,169MiB / 30.66GiB,0.54%,0B / 0B,0B / 1.36MB,33
2026-07-31 12:05:47,scovox,105.39%,801.2MiB / 30.66GiB,2.55%,0B / 0B,0B / 3.65MB,53
2026-07-31 12:05:47,domain_bridge,0.88%,69.62MiB / 30.66GiB,0.22%,0B / 0B,0B / 5.07MB,28
2026-07-31 12:05:47,nav2,15.73%,129.5MiB / 30.66GiB,0.41%,0B / 0B,0B / 1.32MB,93
2026-07-31 12:05:50,trav_ros2,101.13%,148.3MiB / 30.66GiB,0.47%,0B / 0B,0B / 1.81MB,44
2026-07-31 12:05:50,docker-recorder-run-4beec1549b44,0.00%,10.3MiB / 30.66GiB,0.03%,0B / 0B,0B / 9.45MB,1
2026-07-31 12:05:50,glim,150.60%,516.2MiB / 30.66GiB,1.64%,0B / 0B,0B / 11.7MB,35
2026-07-31 12:05:50,realsense,17.09%,92MiB / 30.66GiB,0.29%,0B / 0B,0B / 3.28MB,33
2026-07-31 12:05:50,ouster,7.14%,119MiB / 30.66GiB,0.38%,0B / 0B,0B / 3.07MB,30
2026-07-31 12:05:50,openzen,2.82%,32.35MiB / 30.66GiB,0.10%,0B / 0B,0B / 2.15MB,20
2026-07-31 12:05:50,mapir-ffmpeg,28.56%,168.8MiB / 30.66GiB,0.54%,0B / 0B,0B / 1.36MB,33
2026-07-31 12:05:50,scovox,112.67%,801.8MiB / 30.66GiB,2.55%,0B / 0B,0B / 3.65MB,53
2026-07-31 12:05:50,domain_bridge,0.73%,69.37MiB / 30.66GiB,0.22%,0B / 0B,0B / 5.07MB,28
2026-07-31 12:05:50,nav2,15.17%,128.9MiB / 30.66GiB,0.41%,0B / 0B,0B / 1.32MB,93
2026-07-31 12:05:53,trav_ros2,101.36%,156.2MiB / 30.66GiB,0.50%,0B / 0B,0B / 1.81MB,44
2026-07-31 12:05:53,docker-recorder-run-4beec1549b44,0.00%,10.3MiB / 30.66GiB,0.03%,0B / 0B,0B / 9.45MB,1
2026-07-31 12:05:53,glim,143.36%,532.3MiB / 30.66GiB,1.70%,0B / 0B,0B / 11.7MB,35
2026-07-31 12:05:53,realsense,16.44%,91.76MiB / 30.66GiB,0.29%,0B / 0B,0B / 3.28MB,33
2026-07-31 12:05:53,ouster,7.07%,118.9MiB / 30.66GiB,0.38%,0B / 0B,0B / 3.07MB,30
2026-07-31 12:05:53,openzen,2.79%,32.38MiB / 30.66GiB,0.10%,0B / 0B,0B / 2.15MB,20
2026-07-31 12:05:53,mapir-ffmpeg,28.55%,167.8MiB / 30.66GiB,0.53%,0B / 0B,0B / 1.36MB,33
2026-07-31 12:05:53,scovox,104.83%,851.1MiB / 30.66GiB,2.71%,0B / 0B,0B / 3.65MB,53
2026-07-31 12:05:53,domain_bridge,0.72%,69.79MiB / 30.66GiB,0.22%,0B / 0B,0B / 5.07MB,28
2026-07-31 12:05:53,nav2,15.15%,128.4MiB / 30.66GiB,0.41%,0B / 0B,0B / 1.35MB,93
2026-07-31 12:05:56,trav_ros2,101.14%,155.1MiB / 30.66GiB,0.49%,0B / 0B,0B / 1.81MB,44
2026-07-31 12:05:56,docker-recorder-run-4beec1549b44,0.00%,10.3MiB / 30.66GiB,0.03%,0B / 0B,0B / 9.45MB,1
2026-07-31 12:05:56,glim,149.81%,532.6MiB / 30.66GiB,1.70%,0B / 0B,0B / 11.7MB,35
2026-07-31 12:05:56,realsense,17.09%,92.05MiB / 30.66GiB,0.29%,0B / 0B,0B / 3.28MB,33
2026-07-31 12:05:56,ouster,7.27%,118.8MiB / 30.66GiB,0.38%,0B / 0B,0B / 3.07MB,30
2026-07-31 12:05:56,openzen,2.71%,32.42MiB / 30.66GiB,0.10%,0B / 0B,0B / 2.15MB,20
2026-07-31 12:05:56,mapir-ffmpeg,29.25%,168.2MiB / 30.66GiB,0.54%,0B / 0B,0B / 1.36MB,33
2026-07-31 12:05:56,scovox,114.90%,859.2MiB / 30.66GiB,2.74%,0B / 0B,0B / 3.65MB,53
2026-07-31 12:05:56,domain_bridge,0.92%,70.02MiB / 30.66GiB,0.22%,0B / 0B,0B / 5.07MB,28
2026-07-31 12:05:56,nav2,14.57%,126.9MiB / 30.66GiB,0.40%,0B / 0B,0B / 1.35MB,93
2026-07-31 12:05:59,trav_ros2,101.49%,151.5MiB / 30.66GiB,0.48%,0B / 0B,0B / 1.81MB,44
2026-07-31 12:05:59,docker-recorder-run-4beec1549b44,0.00%,10.3MiB / 30.66GiB,0.03%,0B / 0B,0B / 9.45MB,1
2026-07-31 12:05:59,glim,155.93%,536.4MiB / 30.66GiB,1.71%,0B / 0B,0B / 11.7MB,35
2026-07-31 12:05:59,realsense,16.90%,91.34MiB / 30.66GiB,0.29%,0B / 0B,0B / 3.28MB,33
2026-07-31 12:05:59,ouster,7.01%,118.9MiB / 30.66GiB,0.38%,0B / 0B,0B / 3.07MB,30
2026-07-31 12:05:59,openzen,2.52%,32.2MiB / 30.66GiB,0.10%,0B / 0B,0B / 2.15MB,20
2026-07-31 12:05:59,mapir-ffmpeg,28.09%,168MiB / 30.66GiB,0.54%,0B / 0B,0B / 1.36MB,33
2026-07-31 12:05:59,scovox,22.73%,799.8MiB / 30.66GiB,2.55%,0B / 0B,0B / 3.65MB,53
2026-07-31 12:05:59,domain_bridge,0.16%,69.81MiB / 30.66GiB,0.22%,0B / 0B,0B / 5.07MB,28
2026-07-31 12:05:59,nav2,14.04%,126.8MiB / 30.66GiB,0.40%,0B / 0B,0B / 1.35MB,93
2026-07-31 12:06:02,trav_ros2,100.94%,148.5MiB / 30.66GiB,0.47%,0B / 0B,0B / 1.81MB,44
2026-07-31 12:06:02,docker-recorder-run-4beec1549b44,0.00%,10.3MiB / 30.66GiB,0.03%,0B / 0B,0B / 9.45MB,1
2026-07-31 12:06:02,glim,162.92%,536.5MiB / 30.66GiB,1.71%,0B / 0B,0B / 11.7MB,35
2026-07-31 12:06:02,realsense,17.28%,91.6MiB / 30.66GiB,0.29%,0B / 0B,0B / 3.28MB,33
2026-07-31 12:06:02,ouster,7.28%,119.4MiB / 30.66GiB,0.38%,0B / 0B,0B / 3.07MB,30
2026-07-31 12:06:02,openzen,2.89%,32.96MiB / 30.66GiB,0.10%,0B / 0B,0B / 2.15MB,20
2026-07-31 12:06:02,mapir-ffmpeg,28.62%,168.5MiB / 30.66GiB,0.54%,0B / 0B,0B / 1.36MB,33
2026-07-31 12:06:02,scovox,104.71%,857.1MiB / 30.66GiB,2.73%,0B / 0B,0B / 3.65MB,53
2026-07-31 12:06:02,domain_bridge,0.57%,70.2MiB / 30.66GiB,0.22%,0B / 0B,0B / 5.07MB,28
2026-07-31 12:06:02,nav2,16.05%,127MiB / 30.66GiB,0.40%,0B / 0B,0B / 1.35MB,93
2026-07-31 12:06:05,trav_ros2,100.11%,153.8MiB / 30.66GiB,0.49%,0B / 0B,0B / 1.81MB,44
2026-07-31 12:06:05,docker-recorder-run-4beec1549b44,0.00%,10.3MiB / 30.66GiB,0.03%,0B / 0B,0B / 9.45MB,1
2026-07-31 12:06:05,glim,153.05%,535.6MiB / 30.66GiB,1.71%,0B / 0B,0B / 11.7MB,35
2026-07-31 12:06:05,realsense,16.59%,92.15MiB / 30.66GiB,0.29%,0B / 0B,0B / 3.28MB,33
2026-07-31 12:06:05,ouster,7.44%,119.4MiB / 30.66GiB,0.38%,0B / 0B,0B / 3.07MB,30
2026-07-31 12:06:05,openzen,2.88%,32.27MiB / 30.66GiB,0.10%,0B / 0B,0B / 2.15MB,20
2026-07-31 12:06:05,mapir-ffmpeg,28.46%,168.1MiB / 30.66GiB,0.54%,0B / 0B,0B / 1.36MB,33
2026-07-31 12:06:05,scovox,109.57%,828.6MiB / 30.66GiB,2.64%,0B / 0B,0B / 3.65MB,53
2026-07-31 12:06:05,domain_bridge,0.88%,69.61MiB / 30.66GiB,0.22%,0B / 0B,0B / 5.07MB,28
2026-07-31 12:06:05,nav2,15.71%,126.2MiB / 30.66GiB,0.40%,0B / 0B,0B / 1.36MB,93
2026-07-31 12:06:08,trav_ros2,101.33%,152.6MiB / 30.66GiB,0.49%,0B / 0B,0B / 1.81MB,44
2026-07-31 12:06:08,docker-recorder-run-4beec1549b44,0.00%,10.3MiB / 30.66GiB,0.03%,0B / 0B,0B / 9.45MB,1
2026-07-31 12:06:08,glim,158.24%,540.2MiB / 30.66GiB,1.72%,0B / 0B,0B / 11.7MB,35
2026-07-31 12:06:08,realsense,17.39%,91.42MiB / 30.66GiB,0.29%,0B / 0B,0B / 3.28MB,33
2026-07-31 12:06:08,ouster,7.31%,119.6MiB / 30.66GiB,0.38%,0B / 0B,0B / 3.07MB,30
2026-07-31 12:06:08,openzen,2.80%,32.28MiB / 30.66GiB,0.10%,0B / 0B,0B / 2.15MB,20
2026-07-31 12:06:08,mapir-ffmpeg,28.16%,168.1MiB / 30.66GiB,0.54%,0B / 0B,0B / 1.36MB,33
2026-07-31 12:06:08,scovox,104.82%,852.6MiB / 30.66GiB,2.72%,0B / 0B,0B / 3.65MB,53
2026-07-31 12:06:08,domain_bridge,0.89%,70.93MiB / 30.66GiB,0.23%,0B / 0B,0B / 5.07MB,28
2026-07-31 12:06:08,nav2,15.78%,126.5MiB / 30.66GiB,0.40%,0B / 0B,0B / 1.36MB,93
2026-07-31 12:06:11,docker-recorder-run-4beec1549b44,0.00%,10.3MiB / 30.66GiB,0.03%,0B / 0B,0B / 9.45MB,1
2026-07-31 12:06:11,glim,159.03%,539.8MiB / 30.66GiB,1.72%,0B / 0B,0B / 11.7MB,35
2026-07-31 12:06:11,realsense,17.11%,91.69MiB / 30.66GiB,0.29%,0B / 0B,0B / 3.28MB,33
2026-07-31 12:06:11,ouster,8.22%,119.8MiB / 30.66GiB,0.38%,0B / 0B,0B / 3.07MB,30
2026-07-31 12:06:11,openzen,3.03%,33.57MiB / 30.66GiB,0.11%,0B / 0B,0B / 2.15MB,20
2026-07-31 12:06:11,mapir-ffmpeg,29.35%,169.5MiB / 30.66GiB,0.54%,0B / 0B,0B / 1.36MB,33
2026-07-31 12:06:11,scovox,113.94%,849.8MiB / 30.66GiB,2.71%,0B / 0B,0B / 3.67MB,53
2026-07-31 12:06:11,domain_bridge,1.55%,69.3MiB / 30.66GiB,0.22%,0B / 0B,0B / 5.07MB,28
2026-07-31 12:06:11,nav2,15.08%,127.5MiB / 30.66GiB,0.41%,0B / 0B,0B / 1.4MB,93
2026-07-31 12:06:15,glim,151.64%,539.1MiB / 30.66GiB,1.72%,0B / 0B,0B / 11.7MB,35
2026-07-31 12:06:15,ouster,7.16%,119.8MiB / 30.66GiB,0.38%,0B / 0B,0B / 3.07MB,30
2026-07-31 12:06:15,openzen,3.02%,32.97MiB / 30.66GiB,0.11%,0B / 0B,0B / 2.15MB,20
2026-07-31 12:06:15,mapir-ffmpeg,26.20%,8.297MiB / 30.66GiB,0.03%,0B / 0B,0B / 1.37MB,3
2026-07-31 12:06:15,scovox,106.84%,893.3MiB / 30.66GiB,2.84%,0B / 0B,0B / 3.69MB,53
2026-07-31 12:06:15,domain_bridge,0.55%,69.84MiB / 30.66GiB,0.22%,0B / 0B,0B / 5.07MB,28
2026-07-31 12:06:15,nav2,20.95%,127.8MiB / 30.66GiB,0.41%,0B / 0B,0B / 1.41MB,93
2026-07-31 12:06:18,glim,146.39%,540MiB / 30.66GiB,1.72%,0B / 0B,0B / 11.7MB,35
2026-07-31 12:06:18,ouster,7.08%,119.9MiB / 30.66GiB,0.38%,0B / 0B,0B / 3.07MB,30
2026-07-31 12:06:18,openzen,2.43%,33.24MiB / 30.66GiB,0.11%,0B / 0B,0B / 2.15MB,20
2026-07-31 12:06:18,scovox,113.43%,885.7MiB / 30.66GiB,2.82%,0B / 0B,0B / 3.69MB,53
2026-07-31 12:06:18,domain_bridge,1.21%,71.42MiB / 30.66GiB,0.23%,0B / 0B,0B / 5.07MB,28
2026-07-31 12:06:18,nav2,12.87%,126.6MiB / 30.66GiB,0.40%,0B / 0B,0B / 1.41MB,93
2026-07-31 12:06:21,glim,147.53%,539.8MiB / 30.66GiB,1.72%,0B / 0B,0B / 11.7MB,35
2026-07-31 12:06:21,ouster,7.27%,120.1MiB / 30.66GiB,0.38%,0B / 0B,0B / 3.07MB,30
2026-07-31 12:06:21,openzen,2.61%,33.8MiB / 30.66GiB,0.11%,0B / 0B,0B / 2.15MB,20
2026-07-31 12:06:21,scovox,106.77%,881.1MiB / 30.66GiB,2.81%,0B / 0B,0B / 3.69MB,53
2026-07-31 12:06:21,domain_bridge,0.67%,70.68MiB / 30.66GiB,0.23%,0B / 0B,0B / 5.07MB,28
2026-07-31 12:06:21,nav2,13.74%,128.2MiB / 30.66GiB,0.41%,0B / 0B,0B / 1.41MB,93
2026-07-31 12:06:24,glim,139.65%,540.6MiB / 30.66GiB,1.72%,0B / 0B,0B / 11.7MB,35
2026-07-31 12:06:24,ouster,7.25%,120.8MiB / 30.66GiB,0.38%,0B / 0B,0B / 3.07MB,30
2026-07-31 12:06:24,openzen,2.78%,32.82MiB / 30.66GiB,0.10%,0B / 0B,0B / 2.15MB,20
2026-07-31 12:06:24,scovox,111.15%,864.2MiB / 30.66GiB,2.75%,0B / 0B,0B / 3.69MB,53
2026-07-31 12:06:24,domain_bridge,1.42%,71.48MiB / 30.66GiB,0.23%,0B / 0B,0B / 5.07MB,28
2026-07-31 12:06:24,nav2,14.32%,128.7MiB / 30.66GiB,0.41%,0B / 0B,0B / 1.41MB,93
2026-07-31 12:07:56,ouster,58.60%,110.9MiB / 30.66GiB,0.35%,0B / 0B,0B / 1.38MB,30
2026-07-31 12:07:56,scovox,108.11%,38.47MiB / 30.66GiB,0.12%,0B / 0B,0B / 717kB,5
2026-07-31 12:07:56,mapir-ffmpeg,52.40%,124.3MiB / 30.66GiB,0.40%,0B / 0B,0B / 766kB,32
2026-07-31 12:07:56,realsense,137.65%,43.02MiB / 30.66GiB,0.14%,0B / 0B,0B / 225kB,7
2026-07-31 12:07:56,nav2,15.90%,111.7MiB / 30.66GiB,0.36%,0B / 0B,0B / 1.13MB,90
2026-07-31 12:07:56,domain_bridge,201.66%,40.53MiB / 30.66GiB,0.13%,0B / 0B,0B / 111kB,8
2026-07-31 12:07:56,openzen,4.30%,32.28MiB / 30.66GiB,0.10%,0B / 0B,0B / 2.14MB,20
2026-07-31 12:07:56,glim,121.47%,36.81MiB / 30.66GiB,0.12%,0B / 0B,0B / 49.2kB,4
2026-07-31 12:07:59,docker-recorder-run-d4618acf6366,102.16%,55.95MiB / 30.66GiB,0.18%,0B / 0B,0B / 0B,19
2026-07-31 12:07:59,glim,46.89%,88.44MiB / 30.66GiB,0.28%,0B / 0B,0B / 11MB,20
2026-07-31 12:07:59,ouster,6.78%,117.4MiB / 30.66GiB,0.37%,0B / 0B,0B / 3MB,30
2026-07-31 12:07:59,scovox,7.20%,151MiB / 30.66GiB,0.48%,0B / 0B,0B / 1.04MB,53
2026-07-31 12:07:59,mapir-ffmpeg,28.73%,166.9MiB / 30.66GiB,0.53%,0B / 0B,0B / 1.27MB,33
2026-07-31 12:07:59,realsense,17.56%,91.96MiB / 30.66GiB,0.29%,0B / 0B,0B / 2.29MB,33
2026-07-31 12:07:59,nav2,0.79%,117.7MiB / 30.66GiB,0.37%,0B / 0B,0B / 1.13MB,90
2026-07-31 12:07:59,domain_bridge,101.61%,42.18MiB / 30.66GiB,0.13%,0B / 0B,0B / 692kB,10
2026-07-31 12:07:59,openzen,4.11%,33.14MiB / 30.66GiB,0.11%,0B / 0B,0B / 2.14MB,20
2026-07-31 12:08:02,docker-recorder-run-d4618acf6366,101.50%,39.86MiB / 30.66GiB,0.13%,0B / 0B,0B / 0B,11
2026-07-31 12:08:02,glim,79.30%,200.4MiB / 30.66GiB,0.64%,0B / 0B,0B / 11MB,35
2026-07-31 12:08:02,ouster,6.67%,116MiB / 30.66GiB,0.37%,0B / 0B,0B / 3MB,30
2026-07-31 12:08:02,scovox,8.78%,135.3MiB / 30.66GiB,0.43%,0B / 0B,0B / 1.04MB,53
2026-07-31 12:08:02,mapir-ffmpeg,28.88%,165.2MiB / 30.66GiB,0.53%,0B / 0B,0B / 1.27MB,33
2026-07-31 12:08:02,realsense,17.48%,91.41MiB / 30.66GiB,0.29%,0B / 0B,0B / 2.29MB,33
2026-07-31 12:08:02,nav2,4.44%,120.6MiB / 30.66GiB,0.38%,0B / 0B,0B / 1.13MB,92
2026-07-31 12:08:02,domain_bridge,101.39%,40.38MiB / 30.66GiB,0.13%,0B / 0B,0B / 815kB,5
2026-07-31 12:08:02,openzen,3.26%,31.19MiB / 30.66GiB,0.10%,0B / 0B,0B / 2.14MB,20
2026-07-31 12:08:05,docker-recorder-run-d4618acf6366,139.19%,44.15MiB / 30.66GiB,0.14%,0B / 0B,0B / 61.4kB,15
2026-07-31 12:08:05,glim,82.90%,286.1MiB / 30.66GiB,0.91%,0B / 0B,0B / 11MB,35
2026-07-31 12:08:05,ouster,7.03%,116.3MiB / 30.66GiB,0.37%,0B / 0B,0B / 3MB,30
2026-07-31 12:08:05,scovox,108.30%,338.6MiB / 30.66GiB,1.08%,0B / 0B,0B / 1.04MB,53
2026-07-31 12:08:05,mapir-ffmpeg,28.58%,165.6MiB / 30.66GiB,0.53%,0B / 0B,0B / 1.27MB,33
2026-07-31 12:08:05,realsense,17.76%,91.2MiB / 30.66GiB,0.29%,0B / 0B,0B / 2.29MB,33
2026-07-31 12:08:05,nav2,5.96%,119.4MiB / 30.66GiB,0.38%,0B / 0B,0B / 1.13MB,92
2026-07-31 12:08:05,domain_bridge,65.36%,52.38MiB / 30.66GiB,0.17%,0B / 0B,0B / 827kB,6
2026-07-31 12:08:05,openzen,3.82%,31.49MiB / 30.66GiB,0.10%,0B / 0B,0B / 2.14MB,20
2026-07-31 12:08:08,docker-recorder-run-d4618acf6366,116.09%,45.52MiB / 30.66GiB,0.14%,0B / 0B,0B / 61.4kB,15
2026-07-31 12:08:08,glim,75.13%,290MiB / 30.66GiB,0.92%,0B / 0B,0B / 11MB,35
2026-07-31 12:08:08,ouster,7.35%,116.4MiB / 30.66GiB,0.37%,0B / 0B,0B / 3MB,30
2026-07-31 12:08:08,scovox,106.32%,475.7MiB / 30.66GiB,1.52%,0B / 0B,0B / 1.04MB,53
2026-07-31 12:08:08,mapir-ffmpeg,28.62%,165.2MiB / 30.66GiB,0.53%,0B / 0B,0B / 1.27MB,33
2026-07-31 12:08:08,realsense,17.35%,91.22MiB / 30.66GiB,0.29%,0B / 0B,0B / 2.29MB,33
2026-07-31 12:08:08,nav2,5.22%,119MiB / 30.66GiB,0.38%,0B / 0B,0B / 1.13MB,92
2026-07-31 12:08:08,domain_bridge,87.82%,15.72MiB / 30.66GiB,0.05%,0B / 0B,0B / 864kB,2
2026-07-31 12:08:08,openzen,3.62%,31.25MiB / 30.66GiB,0.10%,0B / 0B,0B / 2.14MB,20
2026-07-31 12:08:10,docker-recorder-run-d4618acf6366,172.27%,44.41MiB / 30.66GiB,0.14%,0B / 0B,0B / 61.4kB,11
2026-07-31 12:08:10,glim,78.44%,292.7MiB / 30.66GiB,0.93%,0B / 0B,0B / 11MB,35
2026-07-31 12:08:10,ouster,7.20%,116.5MiB / 30.66GiB,0.37%,0B / 0B,0B / 3MB,30
2026-07-31 12:08:10,scovox,122.71%,469.7MiB / 30.66GiB,1.50%,0B / 0B,0B / 1.04MB,53
2026-07-31 12:08:10,mapir-ffmpeg,28.48%,166.1MiB / 30.66GiB,0.53%,0B / 0B,0B / 1.27MB,33
2026-07-31 12:08:10,realsense,17.69%,91.3MiB / 30.66GiB,0.29%,0B / 0B,0B / 2.29MB,33
2026-07-31 12:08:10,nav2,5.02%,119.8MiB / 30.66GiB,0.38%,0B / 0B,0B / 1.13MB,92
2026-07-31 12:08:10,domain_bridge,2.14%,49.85MiB / 30.66GiB,0.16%,0B / 0B,0B / 864kB,28
2026-07-31 12:08:10,openzen,3.71%,31.86MiB / 30.66GiB,0.10%,0B / 0B,0B / 2.14MB,20
2026-07-31 12:08:13,docker-recorder-run-d4618acf6366,0.00%,10.78MiB / 30.66GiB,0.03%,0B / 0B,0B / 9.45MB,2
2026-07-31 12:08:13,glim,76.00%,303.4MiB / 30.66GiB,0.97%,0B / 0B,0B / 11.6MB,35
2026-07-31 12:08:13,ouster,6.63%,116.8MiB / 30.66GiB,0.37%,0B / 0B,0B / 3MB,30
2026-07-31 12:08:13,scovox,107.06%,505.6MiB / 30.66GiB,1.61%,0B / 0B,0B / 3.53MB,53
2026-07-31 12:08:13,mapir-ffmpeg,28.56%,165.9MiB / 30.66GiB,0.53%,0B / 0B,0B / 1.28MB,33
2026-07-31 12:08:13,realsense,17.80%,91.39MiB / 30.66GiB,0.29%,0B / 0B,0B / 3.28MB,33
2026-07-31 12:08:13,nav2,6.79%,119.8MiB / 30.66GiB,0.38%,0B / 0B,0B / 1.17MB,92
2026-07-31 12:08:13,domain_bridge,0.57%,53.05MiB / 30.66GiB,0.17%,0B / 0B,0B / 5MB,28
2026-07-31 12:08:13,openzen,3.37%,32.15MiB / 30.66GiB,0.10%,0B / 0B,0B / 2.15MB,20
2026-07-31 12:08:13,trav_ros2,102.37%,42.73MiB / 30.66GiB,0.14%,0B / 0B,0B / 61.4kB,8
2026-07-31 12:08:16,trav_ros2,0.77%,55.97MiB / 30.66GiB,0.18%,0B / 0B,0B / 98.3kB,31
2026-07-31 12:08:16,docker-recorder-run-d4618acf6366,0.00%,10.51MiB / 30.66GiB,0.03%,0B / 0B,0B / 9.45MB,2
2026-07-31 12:08:16,glim,76.24%,308.6MiB / 30.66GiB,0.98%,0B / 0B,0B / 11.6MB,35
2026-07-31 12:08:16,ouster,7.23%,117.6MiB / 30.66GiB,0.37%,0B / 0B,0B / 3MB,30
2026-07-31 12:08:16,scovox,114.43%,505.9MiB / 30.66GiB,1.61%,0B / 0B,0B / 3.53MB,53
2026-07-31 12:08:16,mapir-ffmpeg,29.34%,167.3MiB / 30.66GiB,0.53%,0B / 0B,0B / 1.28MB,33
2026-07-31 12:08:16,realsense,17.16%,91.79MiB / 30.66GiB,0.29%,0B / 0B,0B / 3.28MB,33
2026-07-31 12:08:16,nav2,4.97%,121.8MiB / 30.66GiB,0.39%,0B / 0B,0B / 1.17MB,92
2026-07-31 12:08:16,domain_bridge,2.52%,55.32MiB / 30.66GiB,0.18%,0B / 0B,0B / 5MB,28
2026-07-31 12:08:16,openzen,3.18%,32.04MiB / 30.66GiB,0.10%,0B / 0B,0B / 2.15MB,20
2026-07-31 12:08:20,trav_ros2,0.95%,54.95MiB / 30.66GiB,0.17%,0B / 0B,0B / 98.3kB,31
2026-07-31 12:08:20,docker-recorder-run-d4618acf6366,0.00%,10.51MiB / 30.66GiB,0.03%,0B / 0B,0B / 9.45MB,2
2026-07-31 12:08:20,glim,77.84%,309.2MiB / 30.66GiB,0.98%,0B / 0B,0B / 11.6MB,35
2026-07-31 12:08:20,ouster,7.49%,117.4MiB / 30.66GiB,0.37%,0B / 0B,0B / 3MB,30
2026-07-31 12:08:20,scovox,115.04%,506MiB / 30.66GiB,1.61%,0B / 0B,0B / 3.53MB,53
2026-07-31 12:08:20,mapir-ffmpeg,29.59%,166.9MiB / 30.66GiB,0.53%,0B / 0B,0B / 1.28MB,33
2026-07-31 12:08:20,realsense,17.47%,91.58MiB / 30.66GiB,0.29%,0B / 0B,0B / 3.28MB,33
2026-07-31 12:08:20,nav2,6.04%,122.9MiB / 30.66GiB,0.39%,0B / 0B,0B / 1.17MB,92
2026-07-31 12:08:20,domain_bridge,1.66%,58.62MiB / 30.66GiB,0.19%,0B / 0B,0B / 5MB,28
2026-07-31 12:08:20,openzen,3.35%,32.3MiB / 30.66GiB,0.10%,0B / 0B,0B / 2.15MB,20
2026-07-31 12:08:23,docker-recorder-run-d4618acf6366,0.50%,10.64MiB / 30.66GiB,0.03%,0B / 0B,0B / 9.45MB,1
2026-07-31 12:08:23,glim,79.89%,315.2MiB / 30.66GiB,1.00%,0B / 0B,0B / 11.6MB,35
2026-07-31 12:08:23,ouster,6.99%,116.9MiB / 30.66GiB,0.37%,0B / 0B,0B / 3MB,30
2026-07-31 12:08:23,scovox,107.49%,507.1MiB / 30.66GiB,1.62%,0B / 0B,0B / 3.54MB,53
2026-07-31 12:08:23,mapir-ffmpeg,28.71%,166.5MiB / 30.66GiB,0.53%,0B / 0B,0B / 1.28MB,33
2026-07-31 12:08:23,realsense,17.65%,92.11MiB / 30.66GiB,0.29%,0B / 0B,0B / 3.28MB,33
2026-07-31 12:08:23,nav2,7.12%,122.5MiB / 30.66GiB,0.39%,0B / 0B,0B / 1.18MB,92
2026-07-31 12:08:23,domain_bridge,0.71%,54.48MiB / 30.66GiB,0.17%,0B / 0B,0B / 5MB,28
2026-07-31 12:08:23,openzen,3.73%,31.86MiB / 30.66GiB,0.10%,0B / 0B,0B / 2.15MB,20
2026-07-31 12:08:23,trav_ros2,101.93%,14.69MiB / 30.66GiB,0.05%,0B / 0B,0B / 8.19kB,2
2026-07-31 12:08:26,docker-recorder-run-d4618acf6366,0.00%,10.3MiB / 30.66GiB,0.03%,0B / 0B,0B / 9.45MB,1
2026-07-31 12:08:26,glim,76.84%,320.5MiB / 30.66GiB,1.02%,0B / 0B,0B / 11.6MB,35
2026-07-31 12:08:26,ouster,7.01%,118.2MiB / 30.66GiB,0.38%,0B / 0B,0B / 3MB,30
2026-07-31 12:08:26,scovox,109.16%,469MiB / 30.66GiB,1.49%,0B / 0B,0B / 3.55MB,53
2026-07-31 12:08:26,mapir-ffmpeg,29.19%,167.8MiB / 30.66GiB,0.53%,0B / 0B,0B / 1.29MB,33
2026-07-31 12:08:26,realsense,17.12%,91.9MiB / 30.66GiB,0.29%,0B / 0B,0B / 3.28MB,33
2026-07-31 12:08:26,nav2,4.96%,124.5MiB / 30.66GiB,0.40%,0B / 0B,0B / 1.19MB,92
2026-07-31 12:08:26,domain_bridge,2.16%,59.25MiB / 30.66GiB,0.19%,0B / 0B,0B / 5MB,28
2026-07-31 12:08:26,openzen,3.02%,32.29MiB / 30.66GiB,0.10%,0B / 0B,0B / 2.15MB,20
2026-07-31 12:08:29,docker-recorder-run-d4618acf6366,0.00%,10.3MiB / 30.66GiB,0.03%,0B / 0B,0B / 9.45MB,1
2026-07-31 12:08:29,glim,78.18%,320.7MiB / 30.66GiB,1.02%,0B / 0B,0B / 11.6MB,35
2026-07-31 12:08:29,ouster,8.00%,120MiB / 30.66GiB,0.38%,0B / 0B,0B / 3MB,30
2026-07-31 12:08:29,scovox,107.70%,487.6MiB / 30.66GiB,1.55%,0B / 0B,0B / 3.55MB,53
2026-07-31 12:08:29,mapir-ffmpeg,29.15%,169MiB / 30.66GiB,0.54%,0B / 0B,0B / 1.29MB,33
2026-07-31 12:08:29,realsense,17.61%,92.23MiB / 30.66GiB,0.29%,0B / 0B,0B / 3.28MB,33
2026-07-31 12:08:29,nav2,6.97%,124.9MiB / 30.66GiB,0.40%,0B / 0B,0B / 1.19MB,92
2026-07-31 12:08:29,domain_bridge,1.23%,55.37MiB / 30.66GiB,0.18%,0B / 0B,0B / 5MB,28
2026-07-31 12:08:29,openzen,3.53%,33.78MiB / 30.66GiB,0.11%,0B / 0B,0B / 2.15MB,20
2026-07-31 12:08:32,trav_ros2,54.39%,127MiB / 30.66GiB,0.40%,0B / 0B,0B / 8.19kB,44
2026-07-31 12:08:32,docker-recorder-run-d4618acf6366,0.00%,10.3MiB / 30.66GiB,0.03%,0B / 0B,0B / 9.45MB,1
2026-07-31 12:08:32,glim,79.95%,321.2MiB / 30.66GiB,1.02%,0B / 0B,0B / 11.6MB,35
2026-07-31 12:08:32,ouster,10.24%,118.4MiB / 30.66GiB,0.38%,0B / 0B,0B / 3MB,30
2026-07-31 12:08:32,scovox,121.95%,475.8MiB / 30.66GiB,1.52%,0B / 0B,0B / 3.55MB,53
2026-07-31 12:08:32,mapir-ffmpeg,31.87%,169.2MiB / 30.66GiB,0.54%,0B / 0B,0B / 1.29MB,33
2026-07-31 12:08:32,realsense,19.20%,93.54MiB / 30.66GiB,0.30%,0B / 0B,0B / 3.28MB,33
2026-07-31 12:08:32,nav2,12.17%,126.6MiB / 30.66GiB,0.40%,0B / 0B,0B / 1.19MB,92
2026-07-31 12:08:32,domain_bridge,8.16%,55.64MiB / 30.66GiB,0.18%,0B / 0B,0B / 5MB,28
2026-07-31 12:08:32,openzen,3.12%,32.91MiB / 30.66GiB,0.10%,0B / 0B,0B / 2.15MB,20
2026-07-31 12:08:35,trav_ros2,37.19%,128MiB / 30.66GiB,0.41%,0B / 0B,0B / 8.19kB,44
2026-07-31 12:08:35,docker-recorder-run-d4618acf6366,0.00%,10.3MiB / 30.66GiB,0.03%,0B / 0B,0B / 9.45MB,1
2026-07-31 12:08:35,glim,78.69%,321.4MiB / 30.66GiB,1.02%,0B / 0B,0B / 11.6MB,35
2026-07-31 12:08:35,ouster,7.52%,118.3MiB / 30.66GiB,0.38%,0B / 0B,0B / 3MB,30
2026-07-31 12:08:35,scovox,107.05%,517MiB / 30.66GiB,1.65%,0B / 0B,0B / 3.55MB,53
2026-07-31 12:08:35,mapir-ffmpeg,28.63%,169MiB / 30.66GiB,0.54%,0B / 0B,0B / 1.29MB,33
2026-07-31 12:08:35,realsense,17.96%,91.87MiB / 30.66GiB,0.29%,0B / 0B,0B / 3.28MB,33
2026-07-31 12:08:35,nav2,6.68%,126MiB / 30.66GiB,0.40%,0B / 0B,0B / 1.19MB,92
2026-07-31 12:08:35,domain_bridge,1.60%,58.66MiB / 30.66GiB,0.19%,0B / 0B,0B / 5MB,28
2026-07-31 12:08:35,openzen,3.37%,33.47MiB / 30.66GiB,0.11%,0B / 0B,0B / 2.15MB,20
2026-07-31 12:08:38,trav_ros2,36.78%,129.4MiB / 30.66GiB,0.41%,0B / 0B,0B / 8.19kB,44
2026-07-31 12:08:38,docker-recorder-run-d4618acf6366,0.00%,10.3MiB / 30.66GiB,0.03%,0B / 0B,0B / 9.45MB,1
2026-07-31 12:08:38,glim,78.84%,328.7MiB / 30.66GiB,1.05%,0B / 0B,0B / 11.6MB,35
2026-07-31 12:08:38,ouster,7.25%,118.7MiB / 30.66GiB,0.38%,0B / 0B,0B / 3MB,30
2026-07-31 12:08:38,scovox,110.46%,504.4MiB / 30.66GiB,1.61%,0B / 0B,0B / 3.55MB,53
2026-07-31 12:08:38,mapir-ffmpeg,28.69%,167.6MiB / 30.66GiB,0.53%,0B / 0B,0B / 1.29MB,33
2026-07-31 12:08:38,realsense,17.22%,92.14MiB / 30.66GiB,0.29%,0B / 0B,0B / 3.28MB,33
2026-07-31 12:08:38,nav2,5.85%,127.1MiB / 30.66GiB,0.40%,0B / 0B,0B / 1.19MB,92
2026-07-31 12:08:38,domain_bridge,0.67%,57.36MiB / 30.66GiB,0.18%,0B / 0B,0B / 5MB,28
2026-07-31 12:08:38,openzen,3.20%,33.03MiB / 30.66GiB,0.11%,0B / 0B,0B / 2.15MB,20
2026-07-31 12:08:41,trav_ros2,36.55%,130MiB / 30.66GiB,0.41%,0B / 0B,0B / 8.19kB,44
2026-07-31 12:08:41,docker-recorder-run-d4618acf6366,0.00%,10.3MiB / 30.66GiB,0.03%,0B / 0B,0B / 9.45MB,1
2026-07-31 12:08:41,glim,77.58%,334.8MiB / 30.66GiB,1.07%,0B / 0B,0B / 11.6MB,35
2026-07-31 12:08:41,ouster,7.28%,118.7MiB / 30.66GiB,0.38%,0B / 0B,0B / 3MB,30
2026-07-31 12:08:41,scovox,106.01%,488.3MiB / 30.66GiB,1.56%,0B / 0B,0B / 3.55MB,53
2026-07-31 12:08:41,mapir-ffmpeg,28.53%,167.6MiB / 30.66GiB,0.53%,0B / 0B,0B / 1.29MB,33
2026-07-31 12:08:41,realsense,17.55%,92.17MiB / 30.66GiB,0.29%,0B / 0B,0B / 3.28MB,33
2026-07-31 12:08:41,nav2,6.01%,127.1MiB / 30.66GiB,0.40%,0B / 0B,0B / 1.19MB,92
2026-07-31 12:08:41,domain_bridge,0.99%,56.35MiB / 30.66GiB,0.18%,0B / 0B,0B / 5MB,28
2026-07-31 12:08:41,openzen,3.25%,33.04MiB / 30.66GiB,0.11%,0B / 0B,0B / 2.15MB,20
2026-07-31 12:08:44,trav_ros2,36.13%,130.6MiB / 30.66GiB,0.42%,0B / 0B,0B / 8.19kB,44
2026-07-31 12:08:44,docker-recorder-run-d4618acf6366,0.00%,10.3MiB / 30.66GiB,0.03%,0B / 0B,0B / 9.45MB,1
2026-07-31 12:08:44,glim,119.19%,349.7MiB / 30.66GiB,1.11%,0B / 0B,0B / 11.6MB,35
2026-07-31 12:08:44,ouster,7.41%,118.5MiB / 30.66GiB,0.38%,0B / 0B,0B / 3MB,30
2026-07-31 12:08:44,scovox,107.75%,510MiB / 30.66GiB,1.62%,0B / 0B,0B / 3.55MB,53
2026-07-31 12:08:44,mapir-ffmpeg,28.71%,168.7MiB / 30.66GiB,0.54%,0B / 0B,0B / 1.29MB,33
2026-07-31 12:08:44,realsense,17.33%,92.44MiB / 30.66GiB,0.29%,0B / 0B,0B / 3.28MB,33
2026-07-31 12:08:44,nav2,14.02%,129.2MiB / 30.66GiB,0.41%,0B / 0B,0B / 1.19MB,94
2026-07-31 12:08:44,domain_bridge,0.40%,57.21MiB / 30.66GiB,0.18%,0B / 0B,0B / 5MB,28
2026-07-31 12:08:44,openzen,2.56%,32.82MiB / 30.66GiB,0.10%,0B / 0B,0B / 2.15MB,20
2026-07-31 12:08:48,trav_ros2,35.84%,130.8MiB / 30.66GiB,0.42%,0B / 0B,0B / 8.19kB,44
2026-07-31 12:08:48,docker-recorder-run-d4618acf6366,0.00%,10.3MiB / 30.66GiB,0.03%,0B / 0B,0B / 9.45MB,1
2026-07-31 12:08:48,glim,135.23%,372.8MiB / 30.66GiB,1.19%,0B / 0B,0B / 11.6MB,35
2026-07-31 12:08:48,ouster,7.32%,118.6MiB / 30.66GiB,0.38%,0B / 0B,0B / 3MB,30
2026-07-31 12:08:48,scovox,106.00%,542.1MiB / 30.66GiB,1.73%,0B / 0B,0B / 3.55MB,53
2026-07-31 12:08:48,mapir-ffmpeg,28.79%,168.2MiB / 30.66GiB,0.54%,0B / 0B,0B / 1.29MB,33
2026-07-31 12:08:48,realsense,17.31%,92.49MiB / 30.66GiB,0.29%,0B / 0B,0B / 3.28MB,33
2026-07-31 12:08:48,nav2,14.22%,129MiB / 30.66GiB,0.41%,0B / 0B,0B / 1.19MB,94
2026-07-31 12:08:48,domain_bridge,0.55%,57.36MiB / 30.66GiB,0.18%,0B / 0B,0B / 5MB,28
2026-07-31 12:08:48,openzen,2.70%,32.62MiB / 30.66GiB,0.10%,0B / 0B,0B / 2.15MB,20
2026-07-31 12:08:51,trav_ros2,35.86%,130.2MiB / 30.66GiB,0.41%,0B / 0B,0B / 8.19kB,44
2026-07-31 12:08:51,docker-recorder-run-d4618acf6366,0.00%,10.3MiB / 30.66GiB,0.03%,0B / 0B,0B / 9.45MB,1
2026-07-31 12:08:51,glim,137.10%,380.2MiB / 30.66GiB,1.21%,0B / 0B,0B / 11.6MB,35
2026-07-31 12:08:51,ouster,7.41%,118.5MiB / 30.66GiB,0.38%,0B / 0B,0B / 3MB,30
2026-07-31 12:08:51,scovox,105.55%,573.5MiB / 30.66GiB,1.83%,0B / 0B,0B / 3.55MB,53
2026-07-31 12:08:51,mapir-ffmpeg,28.22%,168.3MiB / 30.66GiB,0.54%,0B / 0B,0B / 1.29MB,33
2026-07-31 12:08:51,realsense,17.17%,92MiB / 30.66GiB,0.29%,0B / 0B,0B / 3.28MB,33
2026-07-31 12:08:51,nav2,13.88%,130.3MiB / 30.66GiB,0.42%,0B / 0B,0B / 1.19MB,94
2026-07-31 12:08:51,domain_bridge,0.33%,63.3MiB / 30.66GiB,0.20%,0B / 0B,0B / 5MB,28
2026-07-31 12:08:51,openzen,2.67%,32.62MiB / 30.66GiB,0.10%,0B / 0B,0B / 2.15MB,20
2026-07-31 12:08:54,trav_ros2,35.90%,131.4MiB / 30.66GiB,0.42%,0B / 0B,0B / 8.19kB,44
2026-07-31 12:08:54,docker-recorder-run-d4618acf6366,0.00%,10.3MiB / 30.66GiB,0.03%,0B / 0B,0B / 9.45MB,1
2026-07-31 12:08:54,glim,141.13%,401.5MiB / 30.66GiB,1.28%,0B / 0B,0B / 11.6MB,35
2026-07-31 12:08:54,ouster,7.64%,118.7MiB / 30.66GiB,0.38%,0B / 0B,0B / 3MB,30
2026-07-31 12:08:54,scovox,119.40%,558.1MiB / 30.66GiB,1.78%,0B / 0B,0B / 3.55MB,53
2026-07-31 12:08:54,mapir-ffmpeg,28.78%,167.9MiB / 30.66GiB,0.53%,0B / 0B,0B / 1.29MB,33
2026-07-31 12:08:54,realsense,17.18%,93.04MiB / 30.66GiB,0.30%,0B / 0B,0B / 3.28MB,33
2026-07-31 12:08:54,nav2,14.49%,128.9MiB / 30.66GiB,0.41%,0B / 0B,0B / 1.19MB,94
2026-07-31 12:08:54,domain_bridge,2.65%,57.1MiB / 30.66GiB,0.18%,0B / 0B,0B / 5MB,28
2026-07-31 12:08:54,openzen,2.75%,32.66MiB / 30.66GiB,0.10%,0B / 0B,0B / 2.15MB,20
2026-07-31 12:08:57,trav_ros2,37.58%,131.3MiB / 30.66GiB,0.42%,0B / 0B,0B / 8.19kB,44
2026-07-31 12:08:57,docker-recorder-run-d4618acf6366,0.00%,10.3MiB / 30.66GiB,0.03%,0B / 0B,0B / 9.45MB,1
2026-07-31 12:08:57,glim,142.98%,421.2MiB / 30.66GiB,1.34%,0B / 0B,0B / 11.6MB,35
2026-07-31 12:08:57,ouster,8.02%,118.9MiB / 30.66GiB,0.38%,0B / 0B,0B / 3MB,30
2026-07-31 12:08:57,scovox,122.75%,628.8MiB / 30.66GiB,2.00%,0B / 0B,0B / 3.55MB,53
2026-07-31 12:08:57,mapir-ffmpeg,29.25%,167.9MiB / 30.66GiB,0.53%,0B / 0B,0B / 1.3MB,33
2026-07-31 12:08:57,realsense,17.27%,92.57MiB / 30.66GiB,0.29%,0B / 0B,0B / 3.28MB,33
2026-07-31 12:08:57,nav2,13.84%,128.9MiB / 30.66GiB,0.41%,0B / 0B,0B / 1.19MB,94
2026-07-31 12:08:57,domain_bridge,3.43%,58.42MiB / 30.66GiB,0.19%,0B / 0B,0B / 5MB,28
2026-07-31 12:08:57,openzen,2.62%,32.7MiB / 30.66GiB,0.10%,0B / 0B,0B / 2.15MB,20
2026-07-31 12:09:00,trav_ros2,37.42%,130.8MiB / 30.66GiB,0.42%,0B / 0B,0B / 8.19kB,44
2026-07-31 12:09:00,docker-recorder-run-d4618acf6366,0.00%,10.3MiB / 30.66GiB,0.03%,0B / 0B,0B / 9.45MB,1
2026-07-31 12:09:00,glim,130.36%,420.3MiB / 30.66GiB,1.34%,0B / 0B,0B / 11.6MB,35
2026-07-31 12:09:00,ouster,8.02%,119.5MiB / 30.66GiB,0.38%,0B / 0B,0B / 3MB,30
2026-07-31 12:09:00,scovox,122.26%,689.5MiB / 30.66GiB,2.20%,0B / 0B,0B / 3.58MB,53
2026-07-31 12:09:00,mapir-ffmpeg,28.04%,168MiB / 30.66GiB,0.53%,0B / 0B,0B / 1.3MB,33
2026-07-31 12:09:00,realsense,17.30%,92.59MiB / 30.66GiB,0.29%,0B / 0B,0B / 3.28MB,33
2026-07-31 12:09:00,nav2,14.03%,130.2MiB / 30.66GiB,0.41%,0B / 0B,0B / 1.19MB,94
2026-07-31 12:09:00,domain_bridge,3.22%,57.3MiB / 30.66GiB,0.18%,0B / 0B,0B / 5MB,28
2026-07-31 12:09:00,openzen,2.63%,32.97MiB / 30.66GiB,0.10%,0B / 0B,0B / 2.15MB,20
2026-07-31 12:09:03,trav_ros2,36.91%,131.8MiB / 30.66GiB,0.42%,0B / 0B,0B / 188kB,44
2026-07-31 12:09:03,docker-recorder-run-d4618acf6366,0.00%,10.3MiB / 30.66GiB,0.03%,0B / 0B,0B / 9.45MB,1
2026-07-31 12:09:03,glim,149.10%,420.9MiB / 30.66GiB,1.34%,0B / 0B,0B / 11.6MB,35
2026-07-31 12:09:03,ouster,7.76%,120.1MiB / 30.66GiB,0.38%,0B / 0B,0B / 3MB,30
2026-07-31 12:09:03,scovox,105.59%,792.7MiB / 30.66GiB,2.52%,0B / 0B,0B / 3.58MB,53
2026-07-31 12:09:03,mapir-ffmpeg,29.25%,168.1MiB / 30.66GiB,0.54%,0B / 0B,0B / 1.3MB,33
2026-07-31 12:09:03,realsense,17.70%,92.14MiB / 30.66GiB,0.29%,0B / 0B,0B / 3.28MB,33
2026-07-31 12:09:03,nav2,13.79%,129.5MiB / 30.66GiB,0.41%,0B / 0B,0B / 1.21MB,94
2026-07-31 12:09:03,domain_bridge,0.14%,66.29MiB / 30.66GiB,0.21%,0B / 0B,0B / 5MB,28
2026-07-31 12:09:03,openzen,2.78%,33.49MiB / 30.66GiB,0.11%,0B / 0B,0B / 2.15MB,20
2026-07-31 12:09:06,trav_ros2,38.42%,132MiB / 30.66GiB,0.42%,0B / 0B,0B / 283kB,44
2026-07-31 12:09:06,docker-recorder-run-d4618acf6366,0.00%,10.3MiB / 30.66GiB,0.03%,0B / 0B,0B / 9.45MB,1
2026-07-31 12:09:06,glim,144.28%,421.6MiB / 30.66GiB,1.34%,0B / 0B,0B / 11.6MB,35
2026-07-31 12:09:06,ouster,7.74%,119.5MiB / 30.66GiB,0.38%,0B / 0B,0B / 3MB,30
2026-07-31 12:09:06,scovox,118.31%,769.4MiB / 30.66GiB,2.45%,0B / 0B,0B / 3.58MB,53
2026-07-31 12:09:06,mapir-ffmpeg,28.99%,168.3MiB / 30.66GiB,0.54%,0B / 0B,0B / 1.3MB,33
2026-07-31 12:09:06,realsense,17.27%,92.15MiB / 30.66GiB,0.29%,0B / 0B,0B / 3.28MB,33
2026-07-31 12:09:06,nav2,13.73%,129.7MiB / 30.66GiB,0.41%,0B / 0B,0B / 1.24MB,94
2026-07-31 12:09:06,domain_bridge,2.65%,61.37MiB / 30.66GiB,0.20%,0B / 0B,0B / 5MB,28
2026-07-31 12:09:06,openzen,2.58%,32.77MiB / 30.66GiB,0.10%,0B / 0B,0B / 2.15MB,20
2026-07-31 12:09:09,trav_ros2,41.43%,132.9MiB / 30.66GiB,0.42%,0B / 0B,0B / 283kB,44
2026-07-31 12:09:09,docker-recorder-run-d4618acf6366,0.00%,10.3MiB / 30.66GiB,0.03%,0B / 0B,0B / 9.45MB,1
2026-07-31 12:09:09,glim,149.83%,420.8MiB / 30.66GiB,1.34%,0B / 0B,0B / 11.6MB,35
2026-07-31 12:09:09,ouster,7.52%,119.1MiB / 30.66GiB,0.38%,0B / 0B,0B / 3MB,30
2026-07-31 12:09:09,scovox,106.41%,772.4MiB / 30.66GiB,2.46%,0B / 0B,0B / 3.58MB,53
2026-07-31 12:09:09,mapir-ffmpeg,28.99%,167.8MiB / 30.66GiB,0.53%,0B / 0B,0B / 1.3MB,33
2026-07-31 12:09:09,realsense,17.74%,92.45MiB / 30.66GiB,0.29%,0B / 0B,0B / 3.28MB,33
2026-07-31 12:09:09,nav2,14.10%,130MiB / 30.66GiB,0.41%,0B / 0B,0B / 1.24MB,94
2026-07-31 12:09:09,domain_bridge,0.68%,60.57MiB / 30.66GiB,0.19%,0B / 0B,0B / 5MB,28
2026-07-31 12:09:09,openzen,2.73%,32.69MiB / 30.66GiB,0.10%,0B / 0B,0B / 2.15MB,20
2026-07-31 12:09:12,trav_ros2,45.79%,133.4MiB / 30.66GiB,0.42%,0B / 0B,0B / 291kB,44
2026-07-31 12:09:12,docker-recorder-run-d4618acf6366,0.00%,10.3MiB / 30.66GiB,0.03%,0B / 0B,0B / 9.45MB,1
2026-07-31 12:09:12,glim,120.10%,433.9MiB / 30.66GiB,1.38%,0B / 0B,0B / 11.6MB,35
2026-07-31 12:09:12,ouster,7.36%,118.4MiB / 30.66GiB,0.38%,0B / 0B,0B / 3MB,30
2026-07-31 12:09:12,scovox,115.93%,787.2MiB / 30.66GiB,2.51%,0B / 0B,0B / 3.58MB,53
2026-07-31 12:09:12,mapir-ffmpeg,29.10%,167.6MiB / 30.66GiB,0.53%,0B / 0B,0B / 1.3MB,33
2026-07-31 12:09:12,realsense,17.50%,92.33MiB / 30.66GiB,0.29%,0B / 0B,0B / 3.28MB,33
2026-07-31 12:09:12,nav2,5.95%,129.7MiB / 30.66GiB,0.41%,0B / 0B,0B / 1.24MB,92
2026-07-31 12:09:12,domain_bridge,2.28%,72.22MiB / 30.66GiB,0.23%,0B / 0B,0B / 5MB,28
2026-07-31 12:09:12,openzen,2.45%,32.21MiB / 30.66GiB,0.10%,0B / 0B,0B / 2.15MB,20
2026-07-31 12:09:15,trav_ros2,46.07%,132.7MiB / 30.66GiB,0.42%,0B / 0B,0B / 291kB,44
2026-07-31 12:09:15,docker-recorder-run-d4618acf6366,0.00%,10.3MiB / 30.66GiB,0.03%,0B / 0B,0B / 9.45MB,1
2026-07-31 12:09:15,glim,121.14%,435.4MiB / 30.66GiB,1.39%,0B / 0B,0B / 11.6MB,35
2026-07-31 12:09:15,ouster,7.85%,118.7MiB / 30.66GiB,0.38%,0B / 0B,0B / 3MB,30
2026-07-31 12:09:15,scovox,106.17%,789.1MiB / 30.66GiB,2.51%,0B / 0B,0B / 3.58MB,53
2026-07-31 12:09:15,mapir-ffmpeg,28.32%,167.3MiB / 30.66GiB,0.53%,0B / 0B,0B / 1.3MB,33
2026-07-31 12:09:15,realsense,17.45%,91.86MiB / 30.66GiB,0.29%,0B / 0B,0B / 3.28MB,33
2026-07-31 12:09:15,nav2,6.72%,130.9MiB / 30.66GiB,0.42%,0B / 0B,0B / 1.24MB,92
2026-07-31 12:09:15,domain_bridge,0.71%,61.64MiB / 30.66GiB,0.20%,0B / 0B,0B / 5MB,28
2026-07-31 12:09:15,openzen,2.51%,31.97MiB / 30.66GiB,0.10%,0B / 0B,0B / 2.15MB,20
2026-07-31 12:09:19,trav_ros2,46.48%,133.1MiB / 30.66GiB,0.42%,0B / 0B,0B / 291kB,44
2026-07-31 12:09:19,docker-recorder-run-d4618acf6366,0.00%,10.3MiB / 30.66GiB,0.03%,0B / 0B,0B / 9.45MB,1
2026-07-31 12:09:19,glim,116.51%,426.5MiB / 30.66GiB,1.36%,0B / 0B,0B / 11.6MB,35
2026-07-31 12:09:19,ouster,7.36%,118.9MiB / 30.66GiB,0.38%,0B / 0B,0B / 3MB,30
2026-07-31 12:09:19,scovox,105.64%,777.4MiB / 30.66GiB,2.48%,0B / 0B,0B / 3.58MB,53
2026-07-31 12:09:19,mapir-ffmpeg,28.51%,167.7MiB / 30.66GiB,0.53%,0B / 0B,0B / 1.3MB,33
2026-07-31 12:09:19,realsense,17.26%,92.19MiB / 30.66GiB,0.29%,0B / 0B,0B / 3.28MB,33
2026-07-31 12:09:19,nav2,6.03%,130.1MiB / 30.66GiB,0.41%,0B / 0B,0B / 1.24MB,92
2026-07-31 12:09:19,domain_bridge,0.21%,69.8MiB / 30.66GiB,0.22%,0B / 0B,0B / 5MB,28
2026-07-31 12:09:19,openzen,2.51%,32.04MiB / 30.66GiB,0.10%,0B / 0B,0B / 2.15MB,20
2026-07-31 12:09:22,trav_ros2,47.13%,132.6MiB / 30.66GiB,0.42%,0B / 0B,0B / 291kB,44
2026-07-31 12:09:22,docker-recorder-run-d4618acf6366,0.00%,10.3MiB / 30.66GiB,0.03%,0B / 0B,0B / 9.45MB,1
2026-07-31 12:09:22,glim,144.90%,429.3MiB / 30.66GiB,1.37%,0B / 0B,0B / 11.6MB,35
2026-07-31 12:09:22,ouster,7.03%,118.6MiB / 30.66GiB,0.38%,0B / 0B,0B / 3MB,30
2026-07-31 12:09:22,scovox,113.22%,759.6MiB / 30.66GiB,2.42%,0B / 0B,0B / 3.58MB,53
2026-07-31 12:09:22,mapir-ffmpeg,29.28%,167.5MiB / 30.66GiB,0.53%,0B / 0B,0B / 1.3MB,33
2026-07-31 12:09:22,realsense,17.35%,91.68MiB / 30.66GiB,0.29%,0B / 0B,0B / 3.28MB,33
2026-07-31 12:09:22,nav2,14.15%,130.9MiB / 30.66GiB,0.42%,0B / 0B,0B / 1.24MB,94
2026-07-31 12:09:22,domain_bridge,0.78%,68.84MiB / 30.66GiB,0.22%,0B / 0B,0B / 5MB,28
2026-07-31 12:09:22,openzen,2.63%,32.05MiB / 30.66GiB,0.10%,0B / 0B,0B / 2.15MB,20
2026-07-31 12:09:25,trav_ros2,47.37%,133MiB / 30.66GiB,0.42%,0B / 0B,0B / 291kB,44
2026-07-31 12:09:25,docker-recorder-run-d4618acf6366,0.00%,10.3MiB / 30.66GiB,0.03%,0B / 0B,0B / 9.45MB,1
2026-07-31 12:09:25,glim,148.50%,471.8MiB / 30.66GiB,1.50%,0B / 0B,0B / 11.6MB,35
2026-07-31 12:09:25,ouster,7.42%,119.1MiB / 30.66GiB,0.38%,0B / 0B,0B / 3MB,30
2026-07-31 12:09:25,scovox,106.78%,766.3MiB / 30.66GiB,2.44%,0B / 0B,0B / 3.58MB,53
2026-07-31 12:09:25,mapir-ffmpeg,28.93%,167.6MiB / 30.66GiB,0.53%,0B / 0B,0B / 1.3MB,33
2026-07-31 12:09:25,realsense,17.49%,91.71MiB / 30.66GiB,0.29%,0B / 0B,0B / 3.28MB,33
2026-07-31 12:09:25,nav2,14.68%,130.8MiB / 30.66GiB,0.42%,0B / 0B,0B / 1.24MB,94
2026-07-31 12:09:25,domain_bridge,0.31%,60.19MiB / 30.66GiB,0.19%,0B / 0B,0B / 5MB,28
2026-07-31 12:09:25,openzen,2.87%,32.57MiB / 30.66GiB,0.10%,0B / 0B,0B / 2.15MB,20
2026-07-31 12:09:28,trav_ros2,44.60%,134.9MiB / 30.66GiB,0.43%,0B / 0B,0B / 291kB,44
2026-07-31 12:09:28,docker-recorder-run-d4618acf6366,0.00%,10.3MiB / 30.66GiB,0.03%,0B / 0B,0B / 9.45MB,1
2026-07-31 12:09:28,glim,144.46%,475.5MiB / 30.66GiB,1.51%,0B / 0B,0B / 11.6MB,35
2026-07-31 12:09:28,ouster,7.20%,119MiB / 30.66GiB,0.38%,0B / 0B,0B / 3MB,30
2026-07-31 12:09:28,scovox,106.10%,805.5MiB / 30.66GiB,2.57%,0B / 0B,0B / 3.58MB,53
2026-07-31 12:09:28,mapir-ffmpeg,28.74%,168.1MiB / 30.66GiB,0.54%,0B / 0B,0B / 1.3MB,33
2026-07-31 12:09:28,realsense,17.75%,91.99MiB / 30.66GiB,0.29%,0B / 0B,0B / 3.28MB,33
2026-07-31 12:09:28,nav2,9.74%,130.2MiB / 30.66GiB,0.41%,0B / 0B,0B / 1.24MB,92
2026-07-31 12:09:28,domain_bridge,0.54%,70.14MiB / 30.66GiB,0.22%,0B / 0B,0B / 5MB,28
2026-07-31 12:09:28,openzen,2.79%,32.61MiB / 30.66GiB,0.10%,0B / 0B,0B / 2.15MB,20
2026-07-31 12:09:31,trav_ros2,44.24%,138.1MiB / 30.66GiB,0.44%,0B / 0B,0B / 291kB,44
2026-07-31 12:09:31,docker-recorder-run-d4618acf6366,0.00%,10.3MiB / 30.66GiB,0.03%,0B / 0B,0B / 9.45MB,1
2026-07-31 12:09:31,glim,115.69%,479.8MiB / 30.66GiB,1.53%,0B / 0B,0B / 11.6MB,35
2026-07-31 12:09:31,ouster,7.53%,118.6MiB / 30.66GiB,0.38%,0B / 0B,0B / 3MB,30
2026-07-31 12:09:31,scovox,106.51%,793.1MiB / 30.66GiB,2.53%,0B / 0B,0B / 3.58MB,53
2026-07-31 12:09:31,mapir-ffmpeg,28.62%,167.7MiB / 30.66GiB,0.53%,0B / 0B,0B / 1.3MB,33
2026-07-31 12:09:31,realsense,17.04%,92.02MiB / 30.66GiB,0.29%,0B / 0B,0B / 3.28MB,33
2026-07-31 12:09:31,nav2,6.62%,131.5MiB / 30.66GiB,0.42%,0B / 0B,0B / 1.24MB,92
2026-07-31 12:09:31,domain_bridge,0.45%,65.95MiB / 30.66GiB,0.21%,0B / 0B,0B / 5MB,28
2026-07-31 12:09:31,openzen,2.72%,33.63MiB / 30.66GiB,0.11%,0B / 0B,0B / 2.15MB,20
2026-07-31 12:09:34,trav_ros2,44.33%,134.5MiB / 30.66GiB,0.43%,0B / 0B,0B / 291kB,44
2026-07-31 12:09:34,docker-recorder-run-d4618acf6366,0.00%,10.3MiB / 30.66GiB,0.03%,0B / 0B,0B / 9.45MB,1
2026-07-31 12:09:34,glim,106.89%,480.8MiB / 30.66GiB,1.53%,0B / 0B,0B / 11.6MB,35
2026-07-31 12:09:34,ouster,7.23%,118.9MiB / 30.66GiB,0.38%,0B / 0B,0B / 3MB,30
2026-07-31 12:09:34,scovox,111.26%,804.4MiB / 30.66GiB,2.56%,0B / 0B,0B / 3.61MB,53
2026-07-31 12:09:34,mapir-ffmpeg,28.72%,168MiB / 30.66GiB,0.54%,0B / 0B,0B / 1.31MB,33
2026-07-31 12:09:34,realsense,17.38%,92.3MiB / 30.66GiB,0.29%,0B / 0B,0B / 3.28MB,33
2026-07-31 12:09:34,nav2,6.06%,130.6MiB / 30.66GiB,0.42%,0B / 0B,0B / 1.24MB,92
2026-07-31 12:09:34,domain_bridge,0.82%,68.11MiB / 30.66GiB,0.22%,0B / 0B,0B / 5MB,28
2026-07-31 12:09:34,openzen,2.59%,32.92MiB / 30.66GiB,0.10%,0B / 0B,0B / 2.15MB,20
2026-07-31 12:09:37,trav_ros2,44.79%,134.3MiB / 30.66GiB,0.43%,0B / 0B,0B / 373kB,44
2026-07-31 12:09:37,docker-recorder-run-d4618acf6366,0.00%,10.3MiB / 30.66GiB,0.03%,0B / 0B,0B / 9.45MB,1
2026-07-31 12:09:37,glim,106.75%,479.9MiB / 30.66GiB,1.53%,0B / 0B,0B / 11.6MB,35
2026-07-31 12:09:37,ouster,7.20%,118.5MiB / 30.66GiB,0.38%,0B / 0B,0B / 3MB,30
2026-07-31 12:09:37,scovox,105.58%,812.7MiB / 30.66GiB,2.59%,0B / 0B,0B / 3.61MB,53
2026-07-31 12:09:37,mapir-ffmpeg,28.49%,168.1MiB / 30.66GiB,0.54%,0B / 0B,0B / 1.31MB,33
2026-07-31 12:09:37,realsense,17.21%,92.32MiB / 30.66GiB,0.29%,0B / 0B,0B / 3.28MB,33
2026-07-31 12:09:37,nav2,5.99%,131.2MiB / 30.66GiB,0.42%,0B / 0B,0B / 1.27MB,92
2026-07-31 12:09:37,domain_bridge,0.91%,68.34MiB / 30.66GiB,0.22%,0B / 0B,0B / 5MB,28
2026-07-31 12:09:37,openzen,2.53%,32.2MiB / 30.66GiB,0.10%,0B / 0B,0B / 2.15MB,20
2026-07-31 12:09:40,trav_ros2,44.49%,133.8MiB / 30.66GiB,0.43%,0B / 0B,0B / 373kB,44
2026-07-31 12:09:40,docker-recorder-run-d4618acf6366,0.00%,10.3MiB / 30.66GiB,0.03%,0B / 0B,0B / 9.45MB,1
2026-07-31 12:09:40,glim,110.25%,480.4MiB / 30.66GiB,1.53%,0B / 0B,0B / 11.6MB,35
2026-07-31 12:09:40,ouster,7.38%,119.8MiB / 30.66GiB,0.38%,0B / 0B,0B / 3MB,30
2026-07-31 12:09:40,scovox,111.68%,805MiB / 30.66GiB,2.56%,0B / 0B,0B / 3.61MB,53
2026-07-31 12:09:40,mapir-ffmpeg,28.94%,168.8MiB / 30.66GiB,0.54%,0B / 0B,0B / 1.31MB,33
2026-07-31 12:09:40,realsense,17.14%,92.1MiB / 30.66GiB,0.29%,0B / 0B,0B / 3.28MB,33
2026-07-31 12:09:40,nav2,6.00%,130.9MiB / 30.66GiB,0.42%,0B / 0B,0B / 1.27MB,92
2026-07-31 12:09:40,domain_bridge,0.71%,67.36MiB / 30.66GiB,0.21%,0B / 0B,0B / 5MB,28
2026-07-31 12:09:40,openzen,2.56%,32.71MiB / 30.66GiB,0.10%,0B / 0B,0B / 2.15MB,20
2026-07-31 12:09:43,trav_ros2,44.99%,134.7MiB / 30.66GiB,0.43%,0B / 0B,0B / 373kB,44
2026-07-31 12:09:43,docker-recorder-run-d4618acf6366,0.00%,10.3MiB / 30.66GiB,0.03%,0B / 0B,0B / 9.45MB,1
2026-07-31 12:09:43,glim,109.02%,480.6MiB / 30.66GiB,1.53%,0B / 0B,0B / 11.6MB,35
2026-07-31 12:09:43,ouster,7.42%,119.1MiB / 30.66GiB,0.38%,0B / 0B,0B / 3MB,30
2026-07-31 12:09:43,scovox,105.20%,813.7MiB / 30.66GiB,2.59%,0B / 0B,0B / 3.61MB,53
2026-07-31 12:09:43,mapir-ffmpeg,28.82%,168.7MiB / 30.66GiB,0.54%,0B / 0B,0B / 1.31MB,33
2026-07-31 12:09:43,realsense,17.34%,92.14MiB / 30.66GiB,0.29%,0B / 0B,0B / 3.28MB,33
2026-07-31 12:09:43,nav2,6.02%,130.5MiB / 30.66GiB,0.42%,0B / 0B,0B / 1.3MB,92
2026-07-31 12:09:43,domain_bridge,0.29%,67.72MiB / 30.66GiB,0.22%,0B / 0B,0B / 5MB,28
2026-07-31 12:09:43,openzen,2.59%,32.27MiB / 30.66GiB,0.10%,0B / 0B,0B / 2.15MB,20
2026-07-31 12:09:46,trav_ros2,43.67%,134.9MiB / 30.66GiB,0.43%,0B / 0B,0B / 373kB,44
2026-07-31 12:09:46,docker-recorder-run-d4618acf6366,0.00%,10.3MiB / 30.66GiB,0.03%,0B / 0B,0B / 9.45MB,1
2026-07-31 12:09:46,glim,109.13%,480.3MiB / 30.66GiB,1.53%,0B / 0B,0B / 11.6MB,35
2026-07-31 12:09:46,ouster,7.93%,119.2MiB / 30.66GiB,0.38%,0B / 0B,0B / 3MB,30
2026-07-31 12:09:46,scovox,104.93%,813.9MiB / 30.66GiB,2.59%,0B / 0B,0B / 3.61MB,53
2026-07-31 12:09:46,mapir-ffmpeg,28.81%,168.2MiB / 30.66GiB,0.54%,0B / 0B,0B / 1.31MB,33
2026-07-31 12:09:46,realsense,17.15%,92.15MiB / 30.66GiB,0.29%,0B / 0B,0B / 3.28MB,33
2026-07-31 12:09:46,nav2,5.90%,130.1MiB / 30.66GiB,0.41%,0B / 0B,0B / 1.3MB,92
2026-07-31 12:09:46,domain_bridge,0.20%,68.41MiB / 30.66GiB,0.22%,0B / 0B,0B / 5MB,28
2026-07-31 12:09:46,openzen,2.50%,32.52MiB / 30.66GiB,0.10%,0B / 0B,0B / 2.15MB,20
2026-07-31 12:09:50,trav_ros2,44.87%,133.8MiB / 30.66GiB,0.43%,0B / 0B,0B / 373kB,44
2026-07-31 12:09:50,docker-recorder-run-d4618acf6366,0.00%,10.3MiB / 30.66GiB,0.03%,0B / 0B,0B / 9.45MB,1
2026-07-31 12:09:50,glim,146.43%,479.8MiB / 30.66GiB,1.53%,0B / 0B,0B / 11.6MB,35
2026-07-31 12:09:50,ouster,7.96%,118.9MiB / 30.66GiB,0.38%,0B / 0B,0B / 3MB,30
2026-07-31 12:09:50,scovox,111.21%,760.1MiB / 30.66GiB,2.42%,0B / 0B,0B / 3.61MB,53
2026-07-31 12:09:50,mapir-ffmpeg,28.79%,168.8MiB / 30.66GiB,0.54%,0B / 0B,0B / 1.31MB,33
2026-07-31 12:09:50,realsense,17.70%,92.2MiB / 30.66GiB,0.29%,0B / 0B,0B / 3.28MB,33
2026-07-31 12:09:50,nav2,6.58%,129.4MiB / 30.66GiB,0.41%,0B / 0B,0B / 1.3MB,92
2026-07-31 12:09:50,domain_bridge,0.79%,67.75MiB / 30.66GiB,0.22%,0B / 0B,0B / 5MB,28
2026-07-31 12:09:50,openzen,2.94%,32.58MiB / 30.66GiB,0.10%,0B / 0B,0B / 2.15MB,20
2026-07-31 12:09:53,trav_ros2,49.49%,134.7MiB / 30.66GiB,0.43%,0B / 0B,0B / 373kB,44
2026-07-31 12:09:53,docker-recorder-run-d4618acf6366,0.00%,10.3MiB / 30.66GiB,0.03%,0B / 0B,0B / 9.45MB,1
2026-07-31 12:09:53,glim,144.69%,479.5MiB / 30.66GiB,1.53%,0B / 0B,0B / 11.6MB,35
2026-07-31 12:09:53,ouster,7.43%,118.8MiB / 30.66GiB,0.38%,0B / 0B,0B / 3MB,30
2026-07-31 12:09:53,scovox,114.22%,803.9MiB / 30.66GiB,2.56%,0B / 0B,0B / 3.61MB,53
2026-07-31 12:09:53,mapir-ffmpeg,28.72%,168.6MiB / 30.66GiB,0.54%,0B / 0B,0B / 1.31MB,33
2026-07-31 12:09:53,realsense,17.34%,91.73MiB / 30.66GiB,0.29%,0B / 0B,0B / 3.28MB,33
2026-07-31 12:09:53,nav2,6.15%,129.8MiB / 30.66GiB,0.41%,0B / 0B,0B / 1.3MB,92
2026-07-31 12:09:53,domain_bridge,1.35%,68.98MiB / 30.66GiB,0.22%,0B / 0B,0B / 5MB,28
2026-07-31 12:09:53,openzen,2.73%,32.59MiB / 30.66GiB,0.10%,0B / 0B,0B / 2.15MB,20
2026-07-31 12:09:56,trav_ros2,63.13%,140.4MiB / 30.66GiB,0.45%,0B / 0B,0B / 373kB,44
2026-07-31 12:09:56,docker-recorder-run-d4618acf6366,0.00%,10.3MiB / 30.66GiB,0.03%,0B / 0B,0B / 9.45MB,1
2026-07-31 12:09:56,glim,138.63%,480MiB / 30.66GiB,1.53%,0B / 0B,0B / 11.6MB,35
2026-07-31 12:09:56,ouster,8.20%,119.6MiB / 30.66GiB,0.38%,0B / 0B,0B / 3MB,30
2026-07-31 12:09:56,scovox,116.22%,786.3MiB / 30.66GiB,2.50%,0B / 0B,0B / 3.61MB,53
2026-07-31 12:09:56,mapir-ffmpeg,29.25%,168.4MiB / 30.66GiB,0.54%,0B / 0B,0B / 1.31MB,33
2026-07-31 12:09:56,realsense,17.15%,91.99MiB / 30.66GiB,0.29%,0B / 0B,0B / 3.28MB,33
2026-07-31 12:09:56,nav2,6.64%,130MiB / 30.66GiB,0.41%,0B / 0B,0B / 1.3MB,92
2026-07-31 12:09:56,domain_bridge,1.07%,69.46MiB / 30.66GiB,0.22%,0B / 0B,0B / 5MB,28
2026-07-31 12:09:56,openzen,2.79%,33.1MiB / 30.66GiB,0.11%,0B / 0B,0B / 2.15MB,20
2026-07-31 12:09:59,trav_ros2,68.20%,136.1MiB / 30.66GiB,0.43%,0B / 0B,0B / 373kB,44
2026-07-31 12:09:59,docker-recorder-run-d4618acf6366,0.00%,10.3MiB / 30.66GiB,0.03%,0B / 0B,0B / 9.45MB,1
2026-07-31 12:09:59,glim,147.84%,480.2MiB / 30.66GiB,1.53%,0B / 0B,0B / 11.6MB,35
2026-07-31 12:09:59,ouster,7.95%,119.8MiB / 30.66GiB,0.38%,0B / 0B,0B / 3MB,30
2026-07-31 12:09:59,scovox,116.74%,827.3MiB / 30.66GiB,2.63%,0B / 0B,0B / 3.61MB,53
2026-07-31 12:09:59,mapir-ffmpeg,28.41%,168.2MiB / 30.66GiB,0.54%,0B / 0B,0B / 1.31MB,33
2026-07-31 12:09:59,realsense,17.70%,91.8MiB / 30.66GiB,0.29%,0B / 0B,0B / 3.28MB,33
2026-07-31 12:09:59,nav2,6.56%,128.1MiB / 30.66GiB,0.41%,0B / 0B,0B / 1.3MB,92
2026-07-31 12:09:59,domain_bridge,1.35%,60.73MiB / 30.66GiB,0.19%,0B / 0B,0B / 5MB,28
2026-07-31 12:09:59,openzen,2.69%,32.41MiB / 30.66GiB,0.10%,0B / 0B,0B / 2.15MB,20
2026-07-31 12:10:02,trav_ros2,68.70%,132.6MiB / 30.66GiB,0.42%,0B / 0B,0B / 373kB,44
2026-07-31 12:10:02,docker-recorder-run-d4618acf6366,0.00%,10.3MiB / 30.66GiB,0.03%,0B / 0B,0B / 9.45MB,1
2026-07-31 12:10:02,glim,140.44%,480.5MiB / 30.66GiB,1.53%,0B / 0B,0B / 11.6MB,35
2026-07-31 12:10:02,ouster,7.86%,119.2MiB / 30.66GiB,0.38%,0B / 0B,0B / 3MB,30
2026-07-31 12:10:02,scovox,112.56%,801.6MiB / 30.66GiB,2.55%,0B / 0B,0B / 3.61MB,53
2026-07-31 12:10:02,mapir-ffmpeg,28.16%,168.2MiB / 30.66GiB,0.54%,0B / 0B,0B / 1.31MB,33
2026-07-31 12:10:02,realsense,17.10%,92.3MiB / 30.66GiB,0.29%,0B / 0B,0B / 3.28MB,33
2026-07-31 12:10:02,nav2,5.92%,127.8MiB / 30.66GiB,0.41%,0B / 0B,0B / 1.3MB,92
2026-07-31 12:10:02,domain_bridge,0.74%,69.19MiB / 30.66GiB,0.22%,0B / 0B,0B / 5MB,28
2026-07-31 12:10:02,openzen,2.73%,32.42MiB / 30.66GiB,0.10%,0B / 0B,0B / 2.15MB,20
2026-07-31 12:10:05,trav_ros2,67.70%,135.8MiB / 30.66GiB,0.43%,0B / 0B,0B / 373kB,44
2026-07-31 12:10:05,docker-recorder-run-d4618acf6366,0.00%,10.3MiB / 30.66GiB,0.03%,0B / 0B,0B / 9.45MB,1
2026-07-31 12:10:05,glim,146.27%,480.2MiB / 30.66GiB,1.53%,0B / 0B,0B / 11.6MB,35
2026-07-31 12:10:05,ouster,7.57%,119.4MiB / 30.66GiB,0.38%,0B / 0B,0B / 3MB,30
2026-07-31 12:10:05,scovox,106.07%,799.8MiB / 30.66GiB,2.55%,0B / 0B,0B / 3.61MB,53
2026-07-31 12:10:05,mapir-ffmpeg,28.31%,169.3MiB / 30.66GiB,0.54%,0B / 0B,0B / 1.31MB,33
2026-07-31 12:10:05,realsense,16.98%,92.33MiB / 30.66GiB,0.29%,0B / 0B,0B / 3.28MB,33
2026-07-31 12:10:05,nav2,6.42%,127.1MiB / 30.66GiB,0.40%,0B / 0B,0B / 1.3MB,92
2026-07-31 12:10:05,domain_bridge,0.52%,68.97MiB / 30.66GiB,0.22%,0B / 0B,0B / 5MB,28
2026-07-31 12:10:05,openzen,2.65%,32.95MiB / 30.66GiB,0.10%,0B / 0B,0B / 2.15MB,20
2026-07-31 12:10:08,trav_ros2,68.94%,138.2MiB / 30.66GiB,0.44%,0B / 0B,0B / 455kB,44
2026-07-31 12:10:08,docker-recorder-run-d4618acf6366,0.00%,10.3MiB / 30.66GiB,0.03%,0B / 0B,0B / 9.45MB,1
2026-07-31 12:10:08,glim,147.77%,480.3MiB / 30.66GiB,1.53%,0B / 0B,0B / 11.6MB,35
2026-07-31 12:10:08,ouster,7.29%,119.6MiB / 30.66GiB,0.38%,0B / 0B,0B / 3MB,30
2026-07-31 12:10:08,scovox,114.84%,796.7MiB / 30.66GiB,2.54%,0B / 0B,0B / 3.64MB,53
2026-07-31 12:10:08,mapir-ffmpeg,28.57%,168.9MiB / 30.66GiB,0.54%,0B / 0B,0B / 1.32MB,33
2026-07-31 12:10:08,realsense,17.26%,92.61MiB / 30.66GiB,0.29%,0B / 0B,0B / 3.28MB,33
2026-07-31 12:10:08,nav2,6.17%,127.1MiB / 30.66GiB,0.40%,0B / 0B,0B / 1.3MB,92
2026-07-31 12:10:08,domain_bridge,1.12%,69.38MiB / 30.66GiB,0.22%,0B / 0B,0B / 5MB,28
2026-07-31 12:10:08,openzen,2.80%,32.49MiB / 30.66GiB,0.10%,0B / 0B,0B / 2.15MB,20
2026-07-31 12:10:11,trav_ros2,73.20%,142.6MiB / 30.66GiB,0.45%,0B / 0B,0B / 455kB,44
2026-07-31 12:10:11,docker-recorder-run-d4618acf6366,0.00%,10.3MiB / 30.66GiB,0.03%,0B / 0B,0B / 9.45MB,1
2026-07-31 12:10:11,glim,149.75%,480.4MiB / 30.66GiB,1.53%,0B / 0B,0B / 11.6MB,35
2026-07-31 12:10:11,ouster,7.42%,119.4MiB / 30.66GiB,0.38%,0B / 0B,0B / 3MB,30
2026-07-31 12:10:11,scovox,106.13%,830.8MiB / 30.66GiB,2.65%,0B / 0B,0B / 3.64MB,53
2026-07-31 12:10:11,mapir-ffmpeg,28.50%,169.2MiB / 30.66GiB,0.54%,0B / 0B,0B / 1.32MB,33
2026-07-31 12:10:11,realsense,16.99%,91.9MiB / 30.66GiB,0.29%,0B / 0B,0B / 3.28MB,33
2026-07-31 12:10:11,nav2,6.95%,127.7MiB / 30.66GiB,0.41%,0B / 0B,0B / 1.3MB,92
2026-07-31 12:10:11,domain_bridge,0.59%,69.39MiB / 30.66GiB,0.22%,0B / 0B,0B / 5MB,28
2026-07-31 12:10:11,openzen,3.13%,32.77MiB / 30.66GiB,0.10%,0B / 0B,0B / 2.15MB,20
2026-07-31 12:10:14,trav_ros2,74.78%,137.4MiB / 30.66GiB,0.44%,0B / 0B,0B / 455kB,44
2026-07-31 12:10:14,docker-recorder-run-d4618acf6366,0.00%,10.3MiB / 30.66GiB,0.03%,0B / 0B,0B / 9.45MB,1
2026-07-31 12:10:14,glim,143.63%,480.9MiB / 30.66GiB,1.53%,0B / 0B,0B / 11.6MB,35
2026-07-31 12:10:14,ouster,7.09%,119.5MiB / 30.66GiB,0.38%,0B / 0B,0B / 3MB,30
2026-07-31 12:10:14,scovox,110.89%,819.9MiB / 30.66GiB,2.61%,0B / 0B,0B / 3.64MB,53
2026-07-31 12:10:14,mapir-ffmpeg,28.77%,168.8MiB / 30.66GiB,0.54%,0B / 0B,0B / 1.32MB,33
2026-07-31 12:10:14,realsense,16.56%,92.45MiB / 30.66GiB,0.29%,0B / 0B,0B / 3.28MB,33
2026-07-31 12:10:14,nav2,6.35%,127.4MiB / 30.66GiB,0.41%,0B / 0B,0B / 1.33MB,92
2026-07-31 12:10:14,domain_bridge,1.56%,67.14MiB / 30.66GiB,0.21%,0B / 0B,0B / 5MB,28
2026-07-31 12:10:14,openzen,2.60%,32.55MiB / 30.66GiB,0.10%,0B / 0B,0B / 2.15MB,20
2026-07-31 12:10:17,trav_ros2,70.79%,137.9MiB / 30.66GiB,0.44%,0B / 0B,0B / 455kB,44
2026-07-31 12:10:17,docker-recorder-run-d4618acf6366,0.00%,10.3MiB / 30.66GiB,0.03%,0B / 0B,0B / 9.45MB,1
2026-07-31 12:10:17,glim,139.60%,480.4MiB / 30.66GiB,1.53%,0B / 0B,0B / 11.6MB,35
2026-07-31 12:10:17,ouster,7.29%,120.1MiB / 30.66GiB,0.38%,0B / 0B,0B / 3MB,30
2026-07-31 12:10:17,scovox,105.54%,835.7MiB / 30.66GiB,2.66%,0B / 0B,0B / 3.64MB,53
2026-07-31 12:10:17,mapir-ffmpeg,29.03%,169MiB / 30.66GiB,0.54%,0B / 0B,0B / 1.32MB,33
2026-07-31 12:10:17,realsense,17.02%,92.69MiB / 30.66GiB,0.30%,0B / 0B,0B / 3.28MB,33
2026-07-31 12:10:17,nav2,6.02%,127.1MiB / 30.66GiB,0.40%,0B / 0B,0B / 1.35MB,92
2026-07-31 12:10:17,domain_bridge,1.31%,70.02MiB / 30.66GiB,0.22%,0B / 0B,0B / 5MB,28
2026-07-31 12:10:17,openzen,2.61%,32.82MiB / 30.66GiB,0.10%,0B / 0B,0B / 2.15MB,20
2026-07-31 12:10:21,trav_ros2,71.01%,137.1MiB / 30.66GiB,0.44%,0B / 0B,0B / 455kB,44
2026-07-31 12:10:21,docker-recorder-run-d4618acf6366,0.00%,10.3MiB / 30.66GiB,0.03%,0B / 0B,0B / 9.45MB,1
2026-07-31 12:10:21,glim,121.20%,480.6MiB / 30.66GiB,1.53%,0B / 0B,0B / 11.6MB,35
2026-07-31 12:10:21,ouster,7.21%,120.3MiB / 30.66GiB,0.38%,0B / 0B,0B / 3MB,30
2026-07-31 12:10:21,scovox,111.25%,831.8MiB / 30.66GiB,2.65%,0B / 0B,0B / 3.64MB,53
2026-07-31 12:10:21,mapir-ffmpeg,27.92%,169.4MiB / 30.66GiB,0.54%,0B / 0B,0B / 1.32MB,33
2026-07-31 12:10:21,realsense,16.98%,91.98MiB / 30.66GiB,0.29%,0B / 0B,0B / 3.28MB,33
2026-07-31 12:10:21,nav2,6.08%,127.8MiB / 30.66GiB,0.41%,0B / 0B,0B / 1.35MB,92
2026-07-31 12:10:21,domain_bridge,0.70%,68.92MiB / 30.66GiB,0.22%,0B / 0B,0B / 5MB,28
2026-07-31 12:10:21,openzen,2.66%,32.84MiB / 30.66GiB,0.10%,0B / 0B,0B / 2.15MB,20
2026-07-31 12:10:24,trav_ros2,76.58%,139.2MiB / 30.66GiB,0.44%,0B / 0B,0B / 455kB,44
2026-07-31 12:10:24,docker-recorder-run-d4618acf6366,0.00%,10.3MiB / 30.66GiB,0.03%,0B / 0B,0B / 9.45MB,1
2026-07-31 12:10:24,glim,121.69%,481MiB / 30.66GiB,1.53%,0B / 0B,0B / 11.6MB,35
2026-07-31 12:10:24,ouster,7.27%,119.6MiB / 30.66GiB,0.38%,0B / 0B,0B / 3MB,30
2026-07-31 12:10:24,scovox,110.52%,795MiB / 30.66GiB,2.53%,0B / 0B,0B / 3.64MB,53
2026-07-31 12:10:24,mapir-ffmpeg,27.79%,168.9MiB / 30.66GiB,0.54%,0B / 0B,0B / 1.32MB,33
2026-07-31 12:10:24,realsense,16.74%,92.5MiB / 30.66GiB,0.29%,0B / 0B,0B / 3.28MB,33
2026-07-31 12:10:24,nav2,6.42%,127.7MiB / 30.66GiB,0.41%,0B / 0B,0B / 1.35MB,92
2026-07-31 12:10:24,domain_bridge,1.02%,69.11MiB / 30.66GiB,0.22%,0B / 0B,0B / 5MB,28
2026-07-31 12:10:24,openzen,2.65%,33.37MiB / 30.66GiB,0.11%,0B / 0B,0B / 2.15MB,20
2026-07-31 12:10:27,trav_ros2,78.03%,138.3MiB / 30.66GiB,0.44%,0B / 0B,0B / 455kB,44
2026-07-31 12:10:27,docker-recorder-run-d4618acf6366,0.00%,10.3MiB / 30.66GiB,0.03%,0B / 0B,0B / 9.45MB,1
2026-07-31 12:10:27,glim,116.17%,480.3MiB / 30.66GiB,1.53%,0B / 0B,0B / 11.6MB,35
2026-07-31 12:10:27,ouster,7.45%,119.4MiB / 30.66GiB,0.38%,0B / 0B,0B / 3MB,30
2026-07-31 12:10:27,scovox,106.03%,817.6MiB / 30.66GiB,2.60%,0B / 0B,0B / 3.64MB,53
2026-07-31 12:10:27,mapir-ffmpeg,28.11%,169MiB / 30.66GiB,0.54%,0B / 0B,0B / 1.32MB,33
2026-07-31 12:10:27,realsense,16.86%,93.02MiB / 30.66GiB,0.30%,0B / 0B,0B / 3.28MB,33
2026-07-31 12:10:27,nav2,7.05%,130MiB / 30.66GiB,0.41%,0B / 0B,0B / 1.35MB,92
2026-07-31 12:10:27,domain_bridge,0.52%,69.23MiB / 30.66GiB,0.22%,0B / 0B,0B / 5MB,28
2026-07-31 12:10:27,openzen,2.67%,33.15MiB / 30.66GiB,0.11%,0B / 0B,0B / 2.15MB,20
2026-07-31 12:10:30,trav_ros2,76.17%,138.3MiB / 30.66GiB,0.44%,0B / 0B,0B / 455kB,44
2026-07-31 12:10:30,docker-recorder-run-d4618acf6366,0.00%,10.3MiB / 30.66GiB,0.03%,0B / 0B,0B / 9.45MB,1
2026-07-31 12:10:30,glim,118.50%,480.4MiB / 30.66GiB,1.53%,0B / 0B,0B / 11.6MB,35
2026-07-31 12:10:30,ouster,7.34%,119.8MiB / 30.66GiB,0.38%,0B / 0B,0B / 3MB,30
2026-07-31 12:10:30,scovox,114.17%,795.9MiB / 30.66GiB,2.53%,0B / 0B,0B / 3.64MB,53
2026-07-31 12:10:30,mapir-ffmpeg,28.24%,169.3MiB / 30.66GiB,0.54%,0B / 0B,0B / 1.32MB,33
2026-07-31 12:10:30,realsense,16.66%,92.34MiB / 30.66GiB,0.29%,0B / 0B,0B / 3.28MB,33
2026-07-31 12:10:30,nav2,6.55%,127.9MiB / 30.66GiB,0.41%,0B / 0B,0B / 1.35MB,92
2026-07-31 12:10:30,domain_bridge,0.90%,69.2MiB / 30.66GiB,0.22%,0B / 0B,0B / 5MB,28
2026-07-31 12:10:30,openzen,2.74%,33.42MiB / 30.66GiB,0.11%,0B / 0B,0B / 2.15MB,20
2026-07-31 12:10:33,trav_ros2,75.41%,134.4MiB / 30.66GiB,0.43%,0B / 0B,0B / 455kB,44
2026-07-31 12:10:33,docker-recorder-run-d4618acf6366,0.00%,10.3MiB / 30.66GiB,0.03%,0B / 0B,0B / 9.45MB,1
2026-07-31 12:10:33,glim,128.31%,481.2MiB / 30.66GiB,1.53%,0B / 0B,0B / 11.6MB,35
2026-07-31 12:10:33,ouster,7.88%,119.5MiB / 30.66GiB,0.38%,0B / 0B,0B / 3MB,30
2026-07-31 12:10:33,scovox,104.84%,831MiB / 30.66GiB,2.65%,0B / 0B,0B / 3.64MB,53
2026-07-31 12:10:33,mapir-ffmpeg,28.39%,169.1MiB / 30.66GiB,0.54%,0B / 0B,0B / 1.32MB,33
2026-07-31 12:10:33,realsense,8.05%,92.58MiB / 30.66GiB,0.29%,0B / 0B,0B / 3.28MB,33
2026-07-31 12:10:33,nav2,6.39%,128.3MiB / 30.66GiB,0.41%,0B / 0B,0B / 1.35MB,92
2026-07-31 12:10:33,domain_bridge,0.94%,70.05MiB / 30.66GiB,0.22%,0B / 0B,0B / 5MB,28
2026-07-31 12:10:33,openzen,2.84%,33.2MiB / 30.66GiB,0.11%,0B / 0B,0B / 2.15MB,20
2026-07-31 12:10:36,trav_ros2,79.91%,137.9MiB / 30.66GiB,0.44%,0B / 0B,0B / 455kB,44
2026-07-31 12:10:36,docker-recorder-run-d4618acf6366,0.00%,10.3MiB / 30.66GiB,0.03%,0B / 0B,0B / 9.45MB,1
2026-07-31 12:10:36,glim,123.29%,480.1MiB / 30.66GiB,1.53%,0B / 0B,0B / 11.6MB,35
2026-07-31 12:10:36,ouster,8.02%,120.6MiB / 30.66GiB,0.38%,0B / 0B,0B / 3MB,30
2026-07-31 12:10:36,scovox,113.38%,806.2MiB / 30.66GiB,2.57%,0B / 0B,0B / 3.64MB,53
2026-07-31 12:10:36,mapir-ffmpeg,28.51%,170.1MiB / 30.66GiB,0.54%,0B / 0B,0B / 1.32MB,33
2026-07-31 12:10:36,realsense,16.09%,92.61MiB / 30.66GiB,0.29%,0B / 0B,0B / 3.28MB,33
2026-07-31 12:10:36,nav2,6.63%,128.4MiB / 30.66GiB,0.41%,0B / 0B,0B / 1.35MB,92
2026-07-31 12:10:36,domain_bridge,1.00%,70.09MiB / 30.66GiB,0.22%,0B / 0B,0B / 5MB,28
2026-07-31 12:10:36,openzen,2.67%,32.98MiB / 30.66GiB,0.11%,0B / 0B,0B / 2.15MB,20
2026-07-31 12:10:39,trav_ros2,78.91%,138.2MiB / 30.66GiB,0.44%,0B / 0B,0B / 532kB,44
2026-07-31 12:10:39,docker-recorder-run-d4618acf6366,0.00%,10.3MiB / 30.66GiB,0.03%,0B / 0B,0B / 9.45MB,1
2026-07-31 12:10:39,glim,139.98%,480.6MiB / 30.66GiB,1.53%,0B / 0B,0B / 11.6MB,35
2026-07-31 12:10:39,ouster,7.33%,119.8MiB / 30.66GiB,0.38%,0B / 0B,0B / 3MB,30
2026-07-31 12:10:39,scovox,105.04%,832.3MiB / 30.66GiB,2.65%,0B / 0B,0B / 3.64MB,53
2026-07-31 12:10:39,mapir-ffmpeg,27.72%,169.2MiB / 30.66GiB,0.54%,0B / 0B,0B / 1.32MB,33
2026-07-31 12:10:39,realsense,8.19%,92.4MiB / 30.66GiB,0.29%,0B / 0B,0B / 3.28MB,33
2026-07-31 12:10:39,nav2,6.63%,128.8MiB / 30.66GiB,0.41%,0B / 0B,0B / 1.35MB,92
2026-07-31 12:10:39,domain_bridge,0.10%,69.2MiB / 30.66GiB,0.22%,0B / 0B,0B / 5MB,28
2026-07-31 12:10:39,openzen,2.87%,33.02MiB / 30.66GiB,0.11%,0B / 0B,0B / 2.15MB,20
2026-07-31 12:10:42,trav_ros2,78.19%,137.8MiB / 30.66GiB,0.44%,0B / 0B,0B / 532kB,44
2026-07-31 12:10:42,docker-recorder-run-d4618acf6366,0.00%,10.3MiB / 30.66GiB,0.03%,0B / 0B,0B / 9.45MB,1
2026-07-31 12:10:42,glim,122.95%,481.2MiB / 30.66GiB,1.53%,0B / 0B,0B / 11.6MB,35
2026-07-31 12:10:42,ouster,7.13%,119.7MiB / 30.66GiB,0.38%,0B / 0B,0B / 3MB,30
2026-07-31 12:10:42,scovox,111.38%,807.6MiB / 30.66GiB,2.57%,0B / 0B,0B / 3.64MB,53
2026-07-31 12:10:42,mapir-ffmpeg,28.20%,169.2MiB / 30.66GiB,0.54%,0B / 0B,0B / 1.34MB,33
2026-07-31 12:10:42,realsense,16.39%,92.43MiB / 30.66GiB,0.29%,0B / 0B,0B / 3.28MB,33
2026-07-31 12:10:42,nav2,6.44%,128.6MiB / 30.66GiB,0.41%,0B / 0B,0B / 1.35MB,92
2026-07-31 12:10:42,domain_bridge,0.69%,70.29MiB / 30.66GiB,0.22%,0B / 0B,0B / 5MB,28
2026-07-31 12:10:42,openzen,2.68%,33.27MiB / 30.66GiB,0.11%,0B / 0B,0B / 2.15MB,20
2026-07-31 12:10:45,trav_ros2,76.52%,138MiB / 30.66GiB,0.44%,0B / 0B,0B / 532kB,44
2026-07-31 12:10:45,docker-recorder-run-d4618acf6366,0.00%,10.3MiB / 30.66GiB,0.03%,0B / 0B,0B / 9.45MB,1
2026-07-31 12:10:45,glim,122.66%,480.1MiB / 30.66GiB,1.53%,0B / 0B,0B / 11.6MB,35
2026-07-31 12:10:45,ouster,7.70%,120.2MiB / 30.66GiB,0.38%,0B / 0B,0B / 3MB,30
2026-07-31 12:10:45,scovox,106.60%,843.7MiB / 30.66GiB,2.69%,0B / 0B,0B / 3.67MB,53
2026-07-31 12:10:45,mapir-ffmpeg,29.13%,169.8MiB / 30.66GiB,0.54%,0B / 0B,0B / 1.34MB,33
2026-07-31 12:10:45,realsense,17.04%,93.23MiB / 30.66GiB,0.30%,0B / 0B,0B / 3.28MB,33
2026-07-31 12:10:45,nav2,6.80%,129.1MiB / 30.66GiB,0.41%,0B / 0B,0B / 1.35MB,92
2026-07-31 12:10:45,domain_bridge,0.63%,69.07MiB / 30.66GiB,0.22%,0B / 0B,0B / 5MB,28
2026-07-31 12:10:45,openzen,2.78%,33.34MiB / 30.66GiB,0.11%,0B / 0B,0B / 2.15MB,20
2026-07-31 12:10:48,trav_ros2,77.40%,138.6MiB / 30.66GiB,0.44%,0B / 0B,0B / 532kB,44
2026-07-31 12:10:48,docker-recorder-run-d4618acf6366,0.00%,10.3MiB / 30.66GiB,0.03%,0B / 0B,0B / 9.45MB,1
2026-07-31 12:10:48,glim,118.31%,480.8MiB / 30.66GiB,1.53%,0B / 0B,0B / 11.6MB,35
2026-07-31 12:10:48,ouster,7.43%,120.1MiB / 30.66GiB,0.38%,0B / 0B,0B / 3MB,30
2026-07-31 12:10:48,scovox,111.01%,830.3MiB / 30.66GiB,2.64%,0B / 0B,0B / 3.67MB,53
2026-07-31 12:10:48,mapir-ffmpeg,28.82%,169.1MiB / 30.66GiB,0.54%,0B / 0B,0B / 1.34MB,33
2026-07-31 12:10:48,realsense,16.74%,92.75MiB / 30.66GiB,0.30%,0B / 0B,0B / 3.28MB,33
2026-07-31 12:10:48,nav2,6.52%,128.6MiB / 30.66GiB,0.41%,0B / 0B,0B / 1.38MB,92
2026-07-31 12:10:48,domain_bridge,0.75%,70.21MiB / 30.66GiB,0.22%,0B / 0B,0B / 5MB,28
2026-07-31 12:10:48,openzen,2.61%,33.1MiB / 30.66GiB,0.11%,0B / 0B,0B / 2.15MB,20
2026-07-31 12:10:52,trav_ros2,75.51%,138MiB / 30.66GiB,0.44%,0B / 0B,0B / 532kB,44
2026-07-31 12:10:52,docker-recorder-run-d4618acf6366,0.00%,10.3MiB / 30.66GiB,0.03%,0B / 0B,0B / 9.45MB,1
2026-07-31 12:10:52,glim,118.19%,480.1MiB / 30.66GiB,1.53%,0B / 0B,0B / 11.6MB,35
2026-07-31 12:10:52,ouster,7.63%,120.5MiB / 30.66GiB,0.38%,0B / 0B,0B / 3MB,30
2026-07-31 12:10:52,scovox,106.27%,839.4MiB / 30.66GiB,2.67%,0B / 0B,0B / 3.67MB,53
2026-07-31 12:10:52,mapir-ffmpeg,28.67%,169.3MiB / 30.66GiB,0.54%,0B / 0B,0B / 1.34MB,33
2026-07-31 12:10:52,realsense,16.53%,92.54MiB / 30.66GiB,0.29%,0B / 0B,0B / 3.28MB,33
2026-07-31 12:10:52,nav2,7.04%,129.7MiB / 30.66GiB,0.41%,0B / 0B,0B / 1.38MB,92
2026-07-31 12:10:52,domain_bridge,0.72%,69.69MiB / 30.66GiB,0.22%,0B / 0B,0B / 5MB,28
2026-07-31 12:10:52,openzen,2.68%,33.36MiB / 30.66GiB,0.11%,0B / 0B,0B / 2.15MB,20
2026-07-31 12:10:55,trav_ros2,77.27%,138.2MiB / 30.66GiB,0.44%,0B / 0B,0B / 532kB,44
2026-07-31 12:10:55,docker-recorder-run-d4618acf6366,0.00%,10.3MiB / 30.66GiB,0.03%,0B / 0B,0B / 9.45MB,1
2026-07-31 12:10:55,glim,120.48%,480.7MiB / 30.66GiB,1.53%,0B / 0B,0B / 11.6MB,35
2026-07-31 12:10:55,ouster,7.21%,120.4MiB / 30.66GiB,0.38%,0B / 0B,0B / 3MB,30
2026-07-31 12:10:55,scovox,105.65%,811.6MiB / 30.66GiB,2.58%,0B / 0B,0B / 3.67MB,53
2026-07-31 12:10:55,mapir-ffmpeg,28.97%,169.4MiB / 30.66GiB,0.54%,0B / 0B,0B / 1.34MB,33
2026-07-31 12:10:55,realsense,17.10%,92.81MiB / 30.66GiB,0.30%,0B / 0B,0B / 3.28MB,33
2026-07-31 12:10:55,nav2,6.44%,129.1MiB / 30.66GiB,0.41%,0B / 0B,0B / 1.4MB,92
2026-07-31 12:10:55,domain_bridge,0.10%,70.39MiB / 30.66GiB,0.22%,0B / 0B,0B / 5MB,28
2026-07-31 12:10:55,openzen,2.61%,33.16MiB / 30.66GiB,0.11%,0B / 0B,0B / 2.15MB,20
2026-07-31 12:10:58,trav_ros2,80.36%,138.4MiB / 30.66GiB,0.44%,0B / 0B,0B / 532kB,44
2026-07-31 12:10:58,docker-recorder-run-d4618acf6366,0.00%,10.3MiB / 30.66GiB,0.03%,0B / 0B,0B / 9.45MB,1
2026-07-31 12:10:58,glim,121.48%,480.5MiB / 30.66GiB,1.53%,0B / 0B,0B / 11.6MB,35
2026-07-31 12:10:58,ouster,7.25%,120.1MiB / 30.66GiB,0.38%,0B / 0B,0B / 3MB,30
2026-07-31 12:10:58,scovox,110.03%,794.2MiB / 30.66GiB,2.53%,0B / 0B,0B / 3.67MB,53
2026-07-31 12:10:58,mapir-ffmpeg,29.44%,169.4MiB / 30.66GiB,0.54%,0B / 0B,0B / 1.34MB,33
2026-07-31 12:10:58,realsense,16.73%,92.59MiB / 30.66GiB,0.29%,0B / 0B,0B / 3.28MB,33
2026-07-31 12:10:58,nav2,6.30%,129.3MiB / 30.66GiB,0.41%,0B / 0B,0B / 1.4MB,92
2026-07-31 12:10:58,domain_bridge,0.60%,71.17MiB / 30.66GiB,0.23%,0B / 0B,0B / 5MB,28
2026-07-31 12:10:58,openzen,2.63%,33.19MiB / 30.66GiB,0.11%,0B / 0B,0B / 2.15MB,20
2026-07-31 12:11:01,trav_ros2,82.33%,138.1MiB / 30.66GiB,0.44%,0B / 0B,0B / 532kB,44
2026-07-31 12:11:01,docker-recorder-run-d4618acf6366,0.00%,10.3MiB / 30.66GiB,0.03%,0B / 0B,0B / 9.45MB,1
2026-07-31 12:11:01,glim,123.15%,481MiB / 30.66GiB,1.53%,0B / 0B,0B / 11.6MB,35
2026-07-31 12:11:01,ouster,7.69%,120.4MiB / 30.66GiB,0.38%,0B / 0B,0B / 3MB,30
2026-07-31 12:11:01,scovox,105.15%,835MiB / 30.66GiB,2.66%,0B / 0B,0B / 3.67MB,53
2026-07-31 12:11:01,mapir-ffmpeg,29.09%,170.2MiB / 30.66GiB,0.54%,0B / 0B,0B / 1.34MB,33
2026-07-31 12:11:01,realsense,16.62%,92.88MiB / 30.66GiB,0.30%,0B / 0B,0B / 3.28MB,33
2026-07-31 12:11:01,nav2,6.71%,129.3MiB / 30.66GiB,0.41%,0B / 0B,0B / 1.4MB,92
2026-07-31 12:11:01,domain_bridge,0.40%,70.18MiB / 30.66GiB,0.22%,0B / 0B,0B / 5MB,28
2026-07-31 12:11:01,openzen,2.90%,33.97MiB / 30.66GiB,0.11%,0B / 0B,0B / 2.15MB,20
2026-07-31 12:11:04,trav_ros2,78.52%,138.7MiB / 30.66GiB,0.44%,0B / 0B,0B / 532kB,44
2026-07-31 12:11:04,docker-recorder-run-d4618acf6366,0.00%,10.3MiB / 30.66GiB,0.03%,0B / 0B,0B / 9.45MB,1
2026-07-31 12:11:04,glim,115.01%,481MiB / 30.66GiB,1.53%,0B / 0B,0B / 11.6MB,35
2026-07-31 12:11:04,ouster,7.14%,120.2MiB / 30.66GiB,0.38%,0B / 0B,0B / 3MB,30
2026-07-31 12:11:04,scovox,111.78%,788.7MiB / 30.66GiB,2.51%,0B / 0B,0B / 3.67MB,53
2026-07-31 12:11:04,mapir-ffmpeg,28.67%,169.2MiB / 30.66GiB,0.54%,0B / 0B,0B / 1.34MB,33
2026-07-31 12:11:04,realsense,16.99%,92.66MiB / 30.66GiB,0.30%,0B / 0B,0B / 3.28MB,33
2026-07-31 12:11:04,nav2,6.39%,129.8MiB / 30.66GiB,0.41%,0B / 0B,0B / 1.4MB,92
2026-07-31 12:11:04,domain_bridge,0.73%,69.31MiB / 30.66GiB,0.22%,0B / 0B,0B / 5MB,28
2026-07-31 12:11:04,openzen,2.66%,33.25MiB / 30.66GiB,0.11%,0B / 0B,0B / 2.15MB,20
2026-07-31 12:11:07,trav_ros2,81.64%,138.5MiB / 30.66GiB,0.44%,0B / 0B,0B / 532kB,44
2026-07-31 12:11:07,docker-recorder-run-d4618acf6366,0.00%,10.3MiB / 30.66GiB,0.03%,0B / 0B,0B / 9.45MB,1
2026-07-31 12:11:07,glim,121.32%,481.5MiB / 30.66GiB,1.53%,0B / 0B,0B / 11.6MB,35
2026-07-31 12:11:07,ouster,7.94%,120.3MiB / 30.66GiB,0.38%,0B / 0B,0B / 3MB,30
2026-07-31 12:11:07,scovox,105.59%,834.8MiB / 30.66GiB,2.66%,0B / 0B,0B / 3.67MB,53
2026-07-31 12:11:07,mapir-ffmpeg,29.06%,169.7MiB / 30.66GiB,0.54%,0B / 0B,0B / 1.34MB,33
2026-07-31 12:11:07,realsense,16.82%,92.68MiB / 30.66GiB,0.30%,0B / 0B,0B / 3.28MB,33
2026-07-31 12:11:07,nav2,7.08%,131.3MiB / 30.66GiB,0.42%,0B / 0B,0B / 1.4MB,92
2026-07-31 12:11:07,domain_bridge,0.48%,69.45MiB / 30.66GiB,0.22%,0B / 0B,0B / 5MB,28
2026-07-31 12:11:07,openzen,2.46%,33.02MiB / 30.66GiB,0.11%,0B / 0B,0B / 2.15MB,20
2026-07-31 12:11:10,trav_ros2,80.98%,138.9MiB / 30.66GiB,0.44%,0B / 0B,0B / 614kB,44
2026-07-31 12:11:10,docker-recorder-run-d4618acf6366,0.00%,10.3MiB / 30.66GiB,0.03%,0B / 0B,0B / 9.45MB,1
2026-07-31 12:11:10,glim,116.80%,480.7MiB / 30.66GiB,1.53%,0B / 0B,0B / 11.6MB,35
2026-07-31 12:11:10,ouster,7.38%,120.4MiB / 30.66GiB,0.38%,0B / 0B,0B / 3MB,30
2026-07-31 12:11:10,scovox,109.78%,812.8MiB / 30.66GiB,2.59%,0B / 0B,0B / 3.67MB,53
2026-07-31 12:11:10,mapir-ffmpeg,29.21%,170.2MiB / 30.66GiB,0.54%,0B / 0B,0B / 1.34MB,33
2026-07-31 12:11:10,realsense,16.35%,93.47MiB / 30.66GiB,0.30%,0B / 0B,0B / 3.28MB,33
2026-07-31 12:11:10,nav2,6.59%,130.2MiB / 30.66GiB,0.41%,0B / 0B,0B / 1.4MB,92
2026-07-31 12:11:10,domain_bridge,0.56%,69.64MiB / 30.66GiB,0.22%,0B / 0B,0B / 5MB,28
2026-07-31 12:11:10,openzen,2.59%,33.55MiB / 30.66GiB,0.11%,0B / 0B,0B / 2.15MB,20
2026-07-31 12:11:13,trav_ros2,78.76%,138.4MiB / 30.66GiB,0.44%,0B / 0B,0B / 614kB,44
2026-07-31 12:11:13,docker-recorder-run-d4618acf6366,0.00%,10.3MiB / 30.66GiB,0.03%,0B / 0B,0B / 9.45MB,1
2026-07-31 12:11:13,glim,110.80%,480.6MiB / 30.66GiB,1.53%,0B / 0B,0B / 11.6MB,35
2026-07-31 12:11:13,ouster,7.77%,120.1MiB / 30.66GiB,0.38%,0B / 0B,0B / 3MB,30
2026-07-31 12:11:13,scovox,105.37%,839.6MiB / 30.66GiB,2.67%,0B / 0B,0B / 3.67MB,53
2026-07-31 12:11:13,mapir-ffmpeg,29.22%,169.3MiB / 30.66GiB,0.54%,0B / 0B,0B / 1.34MB,33
2026-07-31 12:11:13,realsense,16.66%,92.49MiB / 30.66GiB,0.29%,0B / 0B,0B / 3.28MB,33
2026-07-31 12:11:13,nav2,6.40%,130.5MiB / 30.66GiB,0.42%,0B / 0B,0B / 1.4MB,92
2026-07-31 12:11:13,domain_bridge,0.90%,71.35MiB / 30.66GiB,0.23%,0B / 0B,0B / 5MB,28
2026-07-31 12:11:13,openzen,2.43%,33.32MiB / 30.66GiB,0.11%,0B / 0B,0B / 2.15MB,20
2026-07-31 12:11:16,trav_ros2,77.67%,138MiB / 30.66GiB,0.44%,0B / 0B,0B / 614kB,44
2026-07-31 12:11:16,docker-recorder-run-d4618acf6366,0.00%,10.3MiB / 30.66GiB,0.03%,0B / 0B,0B / 9.45MB,1
2026-07-31 12:11:16,glim,115.16%,481.7MiB / 30.66GiB,1.53%,0B / 0B,0B / 11.6MB,35
2026-07-31 12:11:16,ouster,7.84%,121.3MiB / 30.66GiB,0.39%,0B / 0B,0B / 3MB,30
2026-07-31 12:11:16,scovox,110.11%,835.5MiB / 30.66GiB,2.66%,0B / 0B,0B / 3.67MB,53
2026-07-31 12:11:16,mapir-ffmpeg,28.61%,170.1MiB / 30.66GiB,0.54%,0B / 0B,0B / 1.35MB,33
2026-07-31 12:11:16,realsense,16.45%,93.01MiB / 30.66GiB,0.30%,0B / 0B,0B / 3.28MB,33
2026-07-31 12:11:16,nav2,6.36%,129.9MiB / 30.66GiB,0.41%,0B / 0B,0B / 1.4MB,92
2026-07-31 12:11:16,domain_bridge,0.58%,70.49MiB / 30.66GiB,0.22%,0B / 0B,0B / 5MB,28
2026-07-31 12:11:16,openzen,2.53%,33.36MiB / 30.66GiB,0.11%,0B / 0B,0B / 2.15MB,20
2026-07-31 12:11:19,trav_ros2,77.94%,139.8MiB / 30.66GiB,0.45%,0B / 0B,0B / 614kB,44
2026-07-31 12:11:19,docker-recorder-run-d4618acf6366,0.00%,10.3MiB / 30.66GiB,0.03%,0B / 0B,0B / 9.45MB,1
2026-07-31 12:11:19,glim,119.87%,480.5MiB / 30.66GiB,1.53%,0B / 0B,0B / 11.6MB,35
2026-07-31 12:11:19,ouster,7.70%,119.9MiB / 30.66GiB,0.38%,0B / 0B,0B / 3MB,30
2026-07-31 12:11:19,scovox,105.97%,840.1MiB / 30.66GiB,2.68%,0B / 0B,0B / 3.7MB,53
2026-07-31 12:11:19,mapir-ffmpeg,28.49%,169.9MiB / 30.66GiB,0.54%,0B / 0B,0B / 1.35MB,33
2026-07-31 12:11:19,realsense,16.41%,93.3MiB / 30.66GiB,0.30%,0B / 0B,0B / 3.28MB,33
2026-07-31 12:11:19,nav2,6.35%,130.4MiB / 30.66GiB,0.42%,0B / 0B,0B / 1.4MB,92
2026-07-31 12:11:19,domain_bridge,0.38%,69.91MiB / 30.66GiB,0.22%,0B / 0B,0B / 5MB,28
2026-07-31 12:11:19,openzen,2.52%,33.41MiB / 30.66GiB,0.11%,0B / 0B,0B / 2.15MB,20
2026-07-31 12:11:23,trav_ros2,77.62%,138.3MiB / 30.66GiB,0.44%,0B / 0B,0B / 614kB,44
2026-07-31 12:11:23,docker-recorder-run-d4618acf6366,0.00%,10.3MiB / 30.66GiB,0.03%,0B / 0B,0B / 9.45MB,1
2026-07-31 12:11:23,glim,119.00%,480.6MiB / 30.66GiB,1.53%,0B / 0B,0B / 11.6MB,35
2026-07-31 12:11:23,ouster,7.71%,120.2MiB / 30.66GiB,0.38%,0B / 0B,0B / 3MB,30
2026-07-31 12:11:23,scovox,108.61%,835.6MiB / 30.66GiB,2.66%,0B / 0B,0B / 3.7MB,53
2026-07-31 12:11:23,mapir-ffmpeg,28.75%,169.8MiB / 30.66GiB,0.54%,0B / 0B,0B / 1.35MB,33
2026-07-31 12:11:23,realsense,16.76%,92.82MiB / 30.66GiB,0.30%,0B / 0B,0B / 3.28MB,33
2026-07-31 12:11:23,nav2,6.34%,131MiB / 30.66GiB,0.42%,0B / 0B,0B / 1.4MB,92
2026-07-31 12:11:23,domain_bridge,0.41%,70.16MiB / 30.66GiB,0.22%,0B / 0B,0B / 5MB,28
2026-07-31 12:11:23,openzen,2.55%,33.41MiB / 30.66GiB,0.11%,0B / 0B,0B / 2.15MB,20
2026-07-31 12:11:26,trav_ros2,77.93%,138.8MiB / 30.66GiB,0.44%,0B / 0B,0B / 614kB,44
2026-07-31 12:11:26,docker-recorder-run-d4618acf6366,0.00%,10.3MiB / 30.66GiB,0.03%,0B / 0B,0B / 9.45MB,1
2026-07-31 12:11:26,glim,117.22%,480.3MiB / 30.66GiB,1.53%,0B / 0B,0B / 11.6MB,35
2026-07-31 12:11:26,ouster,7.87%,120.3MiB / 30.66GiB,0.38%,0B / 0B,0B / 3MB,30
2026-07-31 12:11:26,scovox,107.49%,840.3MiB / 30.66GiB,2.68%,0B / 0B,0B / 3.7MB,53
2026-07-31 12:11:26,mapir-ffmpeg,29.67%,170.4MiB / 30.66GiB,0.54%,0B / 0B,0B / 1.35MB,33
2026-07-31 12:11:26,realsense,17.31%,92.64MiB / 30.66GiB,0.30%,0B / 0B,0B / 3.28MB,33
2026-07-31 12:11:26,nav2,7.08%,131.3MiB / 30.66GiB,0.42%,0B / 0B,0B / 1.43MB,92
2026-07-31 12:11:26,domain_bridge,0.52%,70.05MiB / 30.66GiB,0.22%,0B / 0B,0B / 5MB,28
2026-07-31 12:11:26,openzen,2.74%,33.47MiB / 30.66GiB,0.11%,0B / 0B,0B / 2.15MB,20
2026-07-31 12:11:29,trav_ros2,76.77%,138.8MiB / 30.66GiB,0.44%,0B / 0B,0B / 614kB,44
2026-07-31 12:11:29,docker-recorder-run-d4618acf6366,0.00%,10.3MiB / 30.66GiB,0.03%,0B / 0B,0B / 9.45MB,1
2026-07-31 12:11:29,glim,121.54%,480.8MiB / 30.66GiB,1.53%,0B / 0B,0B / 11.6MB,35
2026-07-31 12:11:29,ouster,7.91%,120.4MiB / 30.66GiB,0.38%,0B / 0B,0B / 3MB,30
2026-07-31 12:11:29,scovox,107.98%,835.5MiB / 30.66GiB,2.66%,0B / 0B,0B / 3.7MB,53
2026-07-31 12:11:29,mapir-ffmpeg,29.63%,170.2MiB / 30.66GiB,0.54%,0B / 0B,0B / 1.35MB,33
2026-07-31 12:11:29,realsense,16.98%,93.13MiB / 30.66GiB,0.30%,0B / 0B,0B / 3.28MB,33
2026-07-31 12:11:29,nav2,6.66%,131.8MiB / 30.66GiB,0.42%,0B / 0B,0B / 1.43MB,92
2026-07-31 12:11:29,domain_bridge,0.92%,71.98MiB / 30.66GiB,0.23%,0B / 0B,0B / 5MB,28
2026-07-31 12:11:29,openzen,2.65%,33.47MiB / 30.66GiB,0.11%,0B / 0B,0B / 2.15MB,20
2026-07-31 12:11:32,trav_ros2,76.62%,139.9MiB / 30.66GiB,0.45%,0B / 0B,0B / 614kB,44
2026-07-31 12:11:32,docker-recorder-run-d4618acf6366,0.00%,10.3MiB / 30.66GiB,0.03%,0B / 0B,0B / 9.45MB,1
2026-07-31 12:11:32,glim,116.68%,481MiB / 30.66GiB,1.53%,0B / 0B,0B / 11.6MB,35
2026-07-31 12:11:32,ouster,8.35%,120.6MiB / 30.66GiB,0.38%,0B / 0B,0B / 3MB,30
2026-07-31 12:11:32,scovox,109.76%,801.8MiB / 30.66GiB,2.55%,0B / 0B,0B / 3.7MB,53
2026-07-31 12:11:32,mapir-ffmpeg,30.54%,170.5MiB / 30.66GiB,0.54%,0B / 0B,0B / 1.35MB,33
2026-07-31 12:11:32,realsense,17.28%,93.66MiB / 30.66GiB,0.30%,0B / 0B,0B / 3.28MB,33
2026-07-31 12:11:32,nav2,6.70%,131.8MiB / 30.66GiB,0.42%,0B / 0B,0B / 1.46MB,92
2026-07-31 12:11:32,domain_bridge,0.57%,70.45MiB / 30.66GiB,0.22%,0B / 0B,0B / 5MB,28
2026-07-31 12:11:32,openzen,2.83%,33.73MiB / 30.66GiB,0.11%,0B / 0B,0B / 2.15MB,20
2026-07-31 12:11:35,trav_ros2,74.87%,139.1MiB / 30.66GiB,0.44%,0B / 0B,0B / 614kB,44
2026-07-31 12:11:35,docker-recorder-run-d4618acf6366,0.00%,10.3MiB / 30.66GiB,0.03%,0B / 0B,0B / 9.45MB,1
2026-07-31 12:11:35,glim,119.24%,480.8MiB / 30.66GiB,1.53%,0B / 0B,0B / 11.6MB,35
2026-07-31 12:11:35,ouster,7.57%,120.9MiB / 30.66GiB,0.39%,0B / 0B,0B / 3MB,30
2026-07-31 12:11:35,scovox,106.44%,810.6MiB / 30.66GiB,2.58%,0B / 0B,0B / 3.7MB,53
2026-07-31 12:11:35,mapir-ffmpeg,28.96%,169.8MiB / 30.66GiB,0.54%,0B / 0B,0B / 1.35MB,33
2026-07-31 12:11:35,realsense,16.90%,93.22MiB / 30.66GiB,0.30%,0B / 0B,0B / 3.28MB,33
2026-07-31 12:11:35,nav2,6.38%,131.2MiB / 30.66GiB,0.42%,0B / 0B,0B / 1.46MB,92
2026-07-31 12:11:35,domain_bridge,0.07%,69.75MiB / 30.66GiB,0.22%,0B / 0B,0B / 5MB,28
2026-07-31 12:11:35,openzen,2.57%,33.54MiB / 30.66GiB,0.11%,0B / 0B,0B / 2.15MB,20
2026-07-31 12:11:38,trav_ros2,79.34%,138.7MiB / 30.66GiB,0.44%,0B / 0B,0B / 614kB,44
2026-07-31 12:11:38,docker-recorder-run-d4618acf6366,0.00%,10.3MiB / 30.66GiB,0.03%,0B / 0B,0B / 9.45MB,1
2026-07-31 12:11:38,glim,121.42%,480.3MiB / 30.66GiB,1.53%,0B / 0B,0B / 11.6MB,35
2026-07-31 12:11:38,ouster,7.20%,120.9MiB / 30.66GiB,0.38%,0B / 0B,0B / 3MB,30
2026-07-31 12:11:38,scovox,108.90%,796.6MiB / 30.66GiB,2.54%,0B / 0B,0B / 3.7MB,53
2026-07-31 12:11:38,mapir-ffmpeg,28.29%,169.5MiB / 30.66GiB,0.54%,0B / 0B,0B / 1.35MB,33
2026-07-31 12:11:38,realsense,16.74%,92.97MiB / 30.66GiB,0.30%,0B / 0B,0B / 3.28MB,33
2026-07-31 12:11:38,nav2,6.38%,131.7MiB / 30.66GiB,0.42%,0B / 0B,0B / 1.46MB,92
2026-07-31 12:11:38,domain_bridge,0.57%,70.63MiB / 30.66GiB,0.22%,0B / 0B,0B / 5MB,28
2026-07-31 12:11:38,openzen,2.60%,33.31MiB / 30.66GiB,0.11%,0B / 0B,0B / 2.15MB,20
2026-07-31 12:11:41,trav_ros2,79.77%,139.2MiB / 30.66GiB,0.44%,0B / 0B,0B / 696kB,44
2026-07-31 12:11:41,docker-recorder-run-d4618acf6366,0.00%,10.3MiB / 30.66GiB,0.03%,0B / 0B,0B / 9.45MB,1
2026-07-31 12:11:41,glim,118.55%,481.2MiB / 30.66GiB,1.53%,0B / 0B,0B / 11.6MB,35
2026-07-31 12:11:41,ouster,7.52%,120.7MiB / 30.66GiB,0.38%,0B / 0B,0B / 3MB,30
2026-07-31 12:11:41,scovox,106.39%,833.7MiB / 30.66GiB,2.66%,0B / 0B,0B / 3.7MB,53
2026-07-31 12:11:41,mapir-ffmpeg,28.84%,169.8MiB / 30.66GiB,0.54%,0B / 0B,0B / 1.35MB,33
2026-07-31 12:11:41,realsense,17.44%,93.25MiB / 30.66GiB,0.30%,0B / 0B,0B / 3.28MB,33
2026-07-31 12:11:41,nav2,6.93%,131.5MiB / 30.66GiB,0.42%,0B / 0B,0B / 1.46MB,92
2026-07-31 12:11:41,domain_bridge,0.54%,69.6MiB / 30.66GiB,0.22%,0B / 0B,0B / 5MB,28
2026-07-31 12:11:41,openzen,2.56%,33.82MiB / 30.66GiB,0.11%,0B / 0B,0B / 2.15MB,20
2026-07-31 12:11:44,trav_ros2,81.74%,139.1MiB / 30.66GiB,0.44%,0B / 0B,0B / 696kB,44
2026-07-31 12:11:44,docker-recorder-run-d4618acf6366,0.00%,10.3MiB / 30.66GiB,0.03%,0B / 0B,0B / 9.45MB,1
2026-07-31 12:11:44,glim,118.34%,481.4MiB / 30.66GiB,1.53%,0B / 0B,0B / 11.6MB,35
2026-07-31 12:11:44,ouster,7.17%,120.7MiB / 30.66GiB,0.38%,0B / 0B,0B / 3MB,30
2026-07-31 12:11:44,scovox,109.27%,814.2MiB / 30.66GiB,2.59%,0B / 0B,0B / 3.7MB,53
2026-07-31 12:11:44,mapir-ffmpeg,28.82%,170.3MiB / 30.66GiB,0.54%,0B / 0B,0B / 1.35MB,33
2026-07-31 12:11:44,realsense,16.62%,93.28MiB / 30.66GiB,0.30%,0B / 0B,0B / 3.28MB,33
2026-07-31 12:11:44,nav2,6.52%,132MiB / 30.66GiB,0.42%,0B / 0B,0B / 1.46MB,92
2026-07-31 12:11:44,domain_bridge,0.62%,70.29MiB / 30.66GiB,0.22%,0B / 0B,0B / 5MB,28
2026-07-31 12:11:44,openzen,2.66%,33.37MiB / 30.66GiB,0.11%,0B / 0B,0B / 2.15MB,20
2026-07-31 12:11:47,trav_ros2,77.00%,138MiB / 30.66GiB,0.44%,0B / 0B,0B / 696kB,44
2026-07-31 12:11:47,docker-recorder-run-d4618acf6366,0.00%,10.3MiB / 30.66GiB,0.03%,0B / 0B,0B / 9.45MB,1
2026-07-31 12:11:47,glim,117.30%,480.2MiB / 30.66GiB,1.53%,0B / 0B,0B / 11.6MB,35
2026-07-31 12:11:47,ouster,7.46%,121.3MiB / 30.66GiB,0.39%,0B / 0B,0B / 3MB,30
2026-07-31 12:11:47,scovox,106.25%,816.8MiB / 30.66GiB,2.60%,0B / 0B,0B / 3.7MB,53
2026-07-31 12:11:47,mapir-ffmpeg,28.90%,170.8MiB / 30.66GiB,0.54%,0B / 0B,0B / 1.35MB,33
2026-07-31 12:11:47,realsense,17.09%,93.31MiB / 30.66GiB,0.30%,0B / 0B,0B / 3.28MB,33
2026-07-31 12:11:47,nav2,7.08%,132.8MiB / 30.66GiB,0.42%,0B / 0B,0B / 1.46MB,92
2026-07-31 12:11:47,domain_bridge,0.56%,70.19MiB / 30.66GiB,0.22%,0B / 0B,0B / 5MB,28
2026-07-31 12:11:47,openzen,2.51%,33.38MiB / 30.66GiB,0.11%,0B / 0B,0B / 2.15MB,20
2026-07-31 12:11:50,trav_ros2,73.32%,134.7MiB / 30.66GiB,0.43%,0B / 0B,0B / 696kB,44
2026-07-31 12:11:50,docker-recorder-run-d4618acf6366,0.00%,10.3MiB / 30.66GiB,0.03%,0B / 0B,0B / 9.45MB,1
2026-07-31 12:11:50,glim,117.78%,480.6MiB / 30.66GiB,1.53%,0B / 0B,0B / 11.6MB,35
2026-07-31 12:11:50,ouster,7.16%,120.7MiB / 30.66GiB,0.38%,0B / 0B,0B / 3MB,30
2026-07-31 12:11:50,scovox,108.79%,829MiB / 30.66GiB,2.64%,0B / 0B,0B / 3.7MB,53
2026-07-31 12:11:50,mapir-ffmpeg,29.19%,170.9MiB / 30.66GiB,0.54%,0B / 0B,0B / 1.35MB,33
2026-07-31 12:11:50,realsense,17.20%,93.1MiB / 30.66GiB,0.30%,0B / 0B,0B / 3.28MB,33
2026-07-31 12:11:50,nav2,6.32%,132.3MiB / 30.66GiB,0.42%,0B / 0B,0B / 1.46MB,92
2026-07-31 12:11:50,domain_bridge,0.47%,69.95MiB / 30.66GiB,0.22%,0B / 0B,0B / 5MB,28
2026-07-31 12:11:50,openzen,2.61%,34.17MiB / 30.66GiB,0.11%,0B / 0B,0B / 2.15MB,20
2026-07-31 12:11:54,trav_ros2,72.94%,137.9MiB / 30.66GiB,0.44%,0B / 0B,0B / 696kB,44
2026-07-31 12:11:54,docker-recorder-run-d4618acf6366,0.00%,10.3MiB / 30.66GiB,0.03%,0B / 0B,0B / 9.45MB,1
2026-07-31 12:11:54,glim,117.36%,479.9MiB / 30.66GiB,1.53%,0B / 0B,0B / 11.6MB,35
2026-07-31 12:11:54,ouster,7.21%,120.4MiB / 30.66GiB,0.38%,0B / 0B,0B / 3MB,30
2026-07-31 12:11:54,scovox,109.03%,798MiB / 30.66GiB,2.54%,0B / 0B,0B / 3.73MB,53
2026-07-31 12:11:54,mapir-ffmpeg,29.28%,169.9MiB / 30.66GiB,0.54%,0B / 0B,0B / 1.36MB,33
2026-07-31 12:11:54,realsense,17.08%,92.87MiB / 30.66GiB,0.30%,0B / 0B,0B / 3.28MB,33
2026-07-31 12:11:54,nav2,6.24%,132MiB / 30.66GiB,0.42%,0B / 0B,0B / 1.46MB,92
2026-07-31 12:11:54,domain_bridge,0.92%,71.48MiB / 30.66GiB,0.23%,0B / 0B,0B / 5MB,28
2026-07-31 12:11:54,openzen,2.51%,33.69MiB / 30.66GiB,0.11%,0B / 0B,0B / 2.15MB,20
2026-07-31 12:11:57,trav_ros2,73.12%,138.7MiB / 30.66GiB,0.44%,0B / 0B,0B / 696kB,44
2026-07-31 12:11:57,docker-recorder-run-d4618acf6366,0.00%,10.3MiB / 30.66GiB,0.03%,0B / 0B,0B / 9.45MB,1
2026-07-31 12:11:57,glim,116.02%,480.8MiB / 30.66GiB,1.53%,0B / 0B,0B / 11.6MB,35
2026-07-31 12:11:57,ouster,7.32%,120.6MiB / 30.66GiB,0.38%,0B / 0B,0B / 3MB,30
2026-07-31 12:11:57,scovox,108.94%,850.6MiB / 30.66GiB,2.71%,0B / 0B,0B / 3.73MB,53
2026-07-31 12:11:57,mapir-ffmpeg,28.73%,171.2MiB / 30.66GiB,0.55%,0B / 0B,0B / 1.36MB,33
2026-07-31 12:11:57,realsense,17.23%,93.14MiB / 30.66GiB,0.30%,0B / 0B,0B / 3.28MB,33
2026-07-31 12:11:57,nav2,6.23%,132.8MiB / 30.66GiB,0.42%,0B / 0B,0B / 1.46MB,92
2026-07-31 12:11:57,domain_bridge,0.25%,71.12MiB / 30.66GiB,0.23%,0B / 0B,0B / 5MB,28
2026-07-31 12:11:57,openzen,2.61%,34.69MiB / 30.66GiB,0.11%,0B / 0B,0B / 2.15MB,20
2026-07-31 12:12:00,trav_ros2,75.09%,139.9MiB / 30.66GiB,0.45%,0B / 0B,0B / 696kB,44
2026-07-31 12:12:00,docker-recorder-run-d4618acf6366,0.00%,10.3MiB / 30.66GiB,0.03%,0B / 0B,0B / 9.45MB,1
2026-07-31 12:12:00,glim,113.42%,480MiB / 30.66GiB,1.53%,0B / 0B,0B / 11.6MB,35
2026-07-31 12:12:00,ouster,7.80%,120.9MiB / 30.66GiB,0.38%,0B / 0B,0B / 3MB,30
2026-07-31 12:12:00,scovox,105.77%,851.4MiB / 30.66GiB,2.71%,0B / 0B,0B / 3.73MB,53
2026-07-31 12:12:00,mapir-ffmpeg,28.63%,170.2MiB / 30.66GiB,0.54%,0B / 0B,0B / 1.36MB,33
2026-07-31 12:12:00,realsense,16.51%,92.94MiB / 30.66GiB,0.30%,0B / 0B,0B / 3.28MB,33
2026-07-31 12:12:00,nav2,6.57%,132.6MiB / 30.66GiB,0.42%,0B / 0B,0B / 1.52MB,92
2026-07-31 12:12:00,domain_bridge,1.08%,70.25MiB / 30.66GiB,0.22%,0B / 0B,0B / 5MB,28
2026-07-31 12:12:00,openzen,2.63%,34.02MiB / 30.66GiB,0.11%,0B / 0B,0B / 2.15MB,20
2026-07-31 12:12:03,trav_ros2,74.47%,138.4MiB / 30.66GiB,0.44%,0B / 0B,0B / 696kB,44
2026-07-31 12:12:03,docker-recorder-run-d4618acf6366,0.00%,10.3MiB / 30.66GiB,0.03%,0B / 0B,0B / 9.45MB,1
2026-07-31 12:12:03,glim,118.97%,480.5MiB / 30.66GiB,1.53%,0B / 0B,0B / 11.6MB,35
2026-07-31 12:12:03,ouster,7.39%,120.4MiB / 30.66GiB,0.38%,0B / 0B,0B / 3MB,30
2026-07-31 12:12:03,scovox,105.45%,807.6MiB / 30.66GiB,2.57%,0B / 0B,0B / 3.73MB,53
2026-07-31 12:12:03,mapir-ffmpeg,28.36%,170MiB / 30.66GiB,0.54%,0B / 0B,0B / 1.36MB,33
2026-07-31 12:12:03,realsense,16.71%,93.45MiB / 30.66GiB,0.30%,0B / 0B,0B / 3.28MB,33
2026-07-31 12:12:03,nav2,6.82%,132.9MiB / 30.66GiB,0.42%,0B / 0B,0B / 1.52MB,92
2026-07-31 12:12:03,domain_bridge,0.62%,71.47MiB / 30.66GiB,0.23%,0B / 0B,0B / 5MB,28
2026-07-31 12:12:03,openzen,2.78%,34.04MiB / 30.66GiB,0.11%,0B / 0B,0B / 2.15MB,20
2026-07-31 12:12:06,trav_ros2,73.63%,138.8MiB / 30.66GiB,0.44%,0B / 0B,0B / 696kB,44
2026-07-31 12:12:06,docker-recorder-run-d4618acf6366,0.00%,10.3MiB / 30.66GiB,0.03%,0B / 0B,0B / 9.45MB,1
2026-07-31 12:12:06,glim,113.39%,480.3MiB / 30.66GiB,1.53%,0B / 0B,0B / 11.6MB,35
2026-07-31 12:12:06,ouster,7.59%,120.8MiB / 30.66GiB,0.38%,0B / 0B,0B / 3MB,30
2026-07-31 12:12:06,scovox,109.60%,801.7MiB / 30.66GiB,2.55%,0B / 0B,0B / 3.73MB,53
2026-07-31 12:12:06,mapir-ffmpeg,28.59%,170.8MiB / 30.66GiB,0.54%,0B / 0B,0B / 1.36MB,33
2026-07-31 12:12:06,realsense,16.53%,93.98MiB / 30.66GiB,0.30%,0B / 0B,0B / 3.28MB,33
2026-07-31 12:12:06,nav2,6.55%,132.4MiB / 30.66GiB,0.42%,0B / 0B,0B / 1.52MB,92
2026-07-31 12:12:06,domain_bridge,0.61%,70.63MiB / 30.66GiB,0.22%,0B / 0B,0B / 5MB,28
2026-07-31 12:12:06,openzen,2.60%,33.86MiB / 30.66GiB,0.11%,0B / 0B,0B / 2.15MB,20
2026-07-31 12:12:09,trav_ros2,73.88%,143.2MiB / 30.66GiB,0.46%,0B / 0B,0B / 696kB,44
2026-07-31 12:12:09,docker-recorder-run-d4618acf6366,0.00%,10.3MiB / 30.66GiB,0.03%,0B / 0B,0B / 9.45MB,1
2026-07-31 12:12:09,glim,116.29%,479.9MiB / 30.66GiB,1.53%,0B / 0B,0B / 11.6MB,35
2026-07-31 12:12:09,ouster,7.51%,120.6MiB / 30.66GiB,0.38%,0B / 0B,0B / 3MB,30
2026-07-31 12:12:09,scovox,104.58%,808.5MiB / 30.66GiB,2.57%,0B / 0B,0B / 3.73MB,53
2026-07-31 12:12:09,mapir-ffmpeg,28.73%,170.1MiB / 30.66GiB,0.54%,0B / 0B,0B / 1.36MB,33
2026-07-31 12:12:09,realsense,16.64%,93.52MiB / 30.66GiB,0.30%,0B / 0B,0B / 3.28MB,33
2026-07-31 12:12:09,nav2,6.41%,132.8MiB / 30.66GiB,0.42%,0B / 0B,0B / 1.52MB,92
2026-07-31 12:12:09,domain_bridge,0.93%,71.3MiB / 30.66GiB,0.23%,0B / 0B,0B / 5MB,28
2026-07-31 12:12:09,openzen,2.59%,34.09MiB / 30.66GiB,0.11%,0B / 0B,0B / 2.15MB,20
2026-07-31 12:12:12,trav_ros2,74.61%,139MiB / 30.66GiB,0.44%,0B / 0B,0B / 778kB,44
2026-07-31 12:12:12,docker-recorder-run-d4618acf6366,0.00%,10.3MiB / 30.66GiB,0.03%,0B / 0B,0B / 9.45MB,1
2026-07-31 12:12:12,glim,112.09%,481.4MiB / 30.66GiB,1.53%,0B / 0B,0B / 11.6MB,35
2026-07-31 12:12:12,ouster,7.68%,121.2MiB / 30.66GiB,0.39%,0B / 0B,0B / 3MB,30
2026-07-31 12:12:12,scovox,108.82%,802.1MiB / 30.66GiB,2.55%,0B / 0B,0B / 3.73MB,53
2026-07-31 12:12:12,mapir-ffmpeg,28.81%,170.6MiB / 30.66GiB,0.54%,0B / 0B,0B / 1.36MB,33
2026-07-31 12:12:12,realsense,16.69%,93.3MiB / 30.66GiB,0.30%,0B / 0B,0B / 3.28MB,33
2026-07-31 12:12:12,nav2,6.42%,133.8MiB / 30.66GiB,0.43%,0B / 0B,0B / 1.52MB,92
2026-07-31 12:12:12,domain_bridge,0.52%,70.22MiB / 30.66GiB,0.22%,0B / 0B,0B / 5MB,28
2026-07-31 12:12:12,openzen,2.54%,34.11MiB / 30.66GiB,0.11%,0B / 0B,0B / 2.15MB,20
2026-07-31 12:12:15,trav_ros2,75.44%,139.3MiB / 30.66GiB,0.44%,0B / 0B,0B / 778kB,44
2026-07-31 12:12:15,docker-recorder-run-d4618acf6366,0.00%,10.3MiB / 30.66GiB,0.03%,0B / 0B,0B / 9.45MB,1
2026-07-31 12:12:15,glim,132.73%,480.2MiB / 30.66GiB,1.53%,0B / 0B,0B / 11.6MB,35
2026-07-31 12:12:15,ouster,7.51%,120.5MiB / 30.66GiB,0.38%,0B / 0B,0B / 3MB,30
2026-07-31 12:12:15,scovox,105.61%,836.3MiB / 30.66GiB,2.66%,0B / 0B,0B / 3.73MB,53
2026-07-31 12:12:15,mapir-ffmpeg,28.59%,170.4MiB / 30.66GiB,0.54%,0B / 0B,0B / 1.36MB,33
2026-07-31 12:12:15,realsense,16.72%,93.33MiB / 30.66GiB,0.30%,0B / 0B,0B / 3.28MB,33
2026-07-31 12:12:15,nav2,6.48%,134MiB / 30.66GiB,0.43%,0B / 0B,0B / 1.52MB,92
2026-07-31 12:12:15,domain_bridge,0.15%,70.06MiB / 30.66GiB,0.22%,0B / 0B,0B / 5MB,28
2026-07-31 12:12:15,openzen,2.51%,33.66MiB / 30.66GiB,0.11%,0B / 0B,0B / 2.15MB,20
2026-07-31 12:12:18,trav_ros2,76.01%,139.1MiB / 30.66GiB,0.44%,0B / 0B,0B / 778kB,44
2026-07-31 12:12:18,docker-recorder-run-d4618acf6366,0.00%,10.3MiB / 30.66GiB,0.03%,0B / 0B,0B / 9.45MB,1
2026-07-31 12:12:18,glim,136.73%,480.8MiB / 30.66GiB,1.53%,0B / 0B,0B / 11.6MB,35
2026-07-31 12:12:18,ouster,7.61%,121.2MiB / 30.66GiB,0.39%,0B / 0B,0B / 3MB,30
2026-07-31 12:12:18,scovox,110.83%,798.8MiB / 30.66GiB,2.54%,0B / 0B,0B / 3.73MB,53
2026-07-31 12:12:18,mapir-ffmpeg,29.55%,169.9MiB / 30.66GiB,0.54%,0B / 0B,0B / 1.36MB,33
2026-07-31 12:12:18,realsense,17.29%,93.35MiB / 30.66GiB,0.30%,0B / 0B,0B / 3.28MB,33
2026-07-31 12:12:18,nav2,6.33%,133.6MiB / 30.66GiB,0.43%,0B / 0B,0B / 1.52MB,92
2026-07-31 12:12:18,domain_bridge,0.70%,71.39MiB / 30.66GiB,0.23%,0B / 0B,0B / 5MB,28
2026-07-31 12:12:18,openzen,2.46%,33.67MiB / 30.66GiB,0.11%,0B / 0B,0B / 2.15MB,20
2026-07-31 12:12:21,trav_ros2,77.25%,139.3MiB / 30.66GiB,0.44%,0B / 0B,0B / 778kB,44
2026-07-31 12:12:21,docker-recorder-run-d4618acf6366,0.00%,10.3MiB / 30.66GiB,0.03%,0B / 0B,0B / 9.45MB,1
2026-07-31 12:12:21,glim,117.85%,480.9MiB / 30.66GiB,1.53%,0B / 0B,0B / 11.6MB,35
2026-07-31 12:12:21,ouster,8.38%,120.6MiB / 30.66GiB,0.38%,0B / 0B,0B / 3MB,30
2026-07-31 12:12:21,scovox,109.41%,829.8MiB / 30.66GiB,2.64%,0B / 0B,0B / 3.73MB,53
2026-07-31 12:12:21,mapir-ffmpeg,29.50%,169.9MiB / 30.66GiB,0.54%,0B / 0B,0B / 1.36MB,33
2026-07-31 12:12:21,realsense,17.24%,93.65MiB / 30.66GiB,0.30%,0B / 0B,0B / 3.28MB,33
2026-07-31 12:12:21,nav2,6.81%,134.8MiB / 30.66GiB,0.43%,0B / 0B,0B / 1.52MB,92
2026-07-31 12:12:21,domain_bridge,0.77%,70.73MiB / 30.66GiB,0.23%,0B / 0B,0B / 5MB,28
2026-07-31 12:12:21,openzen,2.71%,33.93MiB / 30.66GiB,0.11%,0B / 0B,0B / 2.15MB,20
2026-07-31 12:12:25,trav_ros2,79.27%,138.9MiB / 30.66GiB,0.44%,0B / 0B,0B / 778kB,44
2026-07-31 12:12:25,docker-recorder-run-d4618acf6366,0.00%,10.3MiB / 30.66GiB,0.03%,0B / 0B,0B / 9.45MB,1
2026-07-31 12:12:25,glim,120.89%,480.1MiB / 30.66GiB,1.53%,0B / 0B,0B / 11.6MB,35
2026-07-31 12:12:25,ouster,7.88%,120.9MiB / 30.66GiB,0.39%,0B / 0B,0B / 3MB,30
2026-07-31 12:12:25,scovox,110.01%,830.1MiB / 30.66GiB,2.64%,0B / 0B,0B / 3.73MB,53
2026-07-31 12:12:25,mapir-ffmpeg,28.77%,169.9MiB / 30.66GiB,0.54%,0B / 0B,0B / 1.36MB,33
2026-07-31 12:12:25,realsense,16.89%,93.66MiB / 30.66GiB,0.30%,0B / 0B,0B / 3.28MB,33
2026-07-31 12:12:25,nav2,6.42%,133.6MiB / 30.66GiB,0.43%,0B / 0B,0B / 1.52MB,92
2026-07-31 12:12:25,domain_bridge,0.76%,71.62MiB / 30.66GiB,0.23%,0B / 0B,0B / 5MB,28
2026-07-31 12:12:25,openzen,2.56%,33.93MiB / 30.66GiB,0.11%,0B / 0B,0B / 2.15MB,20
2026-07-31 12:12:28,trav_ros2,82.47%,139.9MiB / 30.66GiB,0.45%,0B / 0B,0B / 778kB,44
2026-07-31 12:12:28,docker-recorder-run-d4618acf6366,0.00%,10.3MiB / 30.66GiB,0.03%,0B / 0B,0B / 9.45MB,1
2026-07-31 12:12:28,glim,119.00%,480MiB / 30.66GiB,1.53%,0B / 0B,0B / 11.6MB,35
2026-07-31 12:12:28,ouster,7.65%,121.1MiB / 30.66GiB,0.39%,0B / 0B,0B / 3MB,30
2026-07-31 12:12:28,scovox,110.23%,798.9MiB / 30.66GiB,2.54%,0B / 0B,0B / 3.73MB,53
2026-07-31 12:12:28,mapir-ffmpeg,29.80%,170.4MiB / 30.66GiB,0.54%,0B / 0B,0B / 1.37MB,33
2026-07-31 12:12:28,realsense,17.04%,93.93MiB / 30.66GiB,0.30%,0B / 0B,0B / 3.28MB,33
2026-07-31 12:12:28,nav2,7.24%,134.8MiB / 30.66GiB,0.43%,0B / 0B,0B / 1.52MB,92
2026-07-31 12:12:28,domain_bridge,0.82%,71.13MiB / 30.66GiB,0.23%,0B / 0B,0B / 5MB,28
2026-07-31 12:12:28,openzen,2.88%,34.19MiB / 30.66GiB,0.11%,0B / 0B,0B / 2.15MB,20
2026-07-31 12:12:31,trav_ros2,79.75%,138.7MiB / 30.66GiB,0.44%,0B / 0B,0B / 778kB,44
2026-07-31 12:12:31,docker-recorder-run-d4618acf6366,0.00%,10.3MiB / 30.66GiB,0.03%,0B / 0B,0B / 9.45MB,1
2026-07-31 12:12:31,glim,114.60%,480.4MiB / 30.66GiB,1.53%,0B / 0B,0B / 11.6MB,35
2026-07-31 12:12:31,ouster,7.54%,120.7MiB / 30.66GiB,0.38%,0B / 0B,0B / 3MB,30
2026-07-31 12:12:31,scovox,105.40%,808.5MiB / 30.66GiB,2.57%,0B / 0B,0B / 3.76MB,53
2026-07-31 12:12:31,mapir-ffmpeg,28.78%,169.9MiB / 30.66GiB,0.54%,0B / 0B,0B / 1.37MB,33
2026-07-31 12:12:31,realsense,16.69%,93.73MiB / 30.66GiB,0.30%,0B / 0B,0B / 3.28MB,33
2026-07-31 12:12:31,nav2,6.34%,134.5MiB / 30.66GiB,0.43%,0B / 0B,0B / 1.52MB,92
2026-07-31 12:12:31,domain_bridge,0.12%,70.09MiB / 30.66GiB,0.22%,0B / 0B,0B / 5MB,28
2026-07-31 12:12:31,openzen,2.69%,33.93MiB / 30.66GiB,0.11%,0B / 0B,0B / 2.15MB,20
2026-07-31 12:12:34,trav_ros2,80.26%,139MiB / 30.66GiB,0.44%,0B / 0B,0B / 778kB,44
2026-07-31 12:12:34,docker-recorder-run-d4618acf6366,0.00%,10.3MiB / 30.66GiB,0.03%,0B / 0B,0B / 9.45MB,1
2026-07-31 12:12:34,glim,115.53%,481MiB / 30.66GiB,1.53%,0B / 0B,0B / 11.6MB,35
2026-07-31 12:12:34,ouster,7.42%,120.5MiB / 30.66GiB,0.38%,0B / 0B,0B / 3MB,30
2026-07-31 12:12:34,scovox,105.19%,848.3MiB / 30.66GiB,2.70%,0B / 0B,0B / 3.76MB,53
2026-07-31 12:12:34,mapir-ffmpeg,29.81%,169.9MiB / 30.66GiB,0.54%,0B / 0B,0B / 1.37MB,33
2026-07-31 12:12:34,realsense,16.61%,93.5MiB / 30.66GiB,0.30%,0B / 0B,0B / 3.28MB,33
2026-07-31 12:12:34,nav2,6.24%,134.6MiB / 30.66GiB,0.43%,0B / 0B,0B / 1.52MB,92
2026-07-31 12:12:34,domain_bridge,0.28%,71.74MiB / 30.66GiB,0.23%,0B / 0B,0B / 5MB,28
2026-07-31 12:12:34,openzen,2.60%,33.68MiB / 30.66GiB,0.11%,0B / 0B,0B / 2.15MB,20
2026-07-31 12:12:37,trav_ros2,78.28%,139.2MiB / 30.66GiB,0.44%,0B / 0B,0B / 778kB,44
2026-07-31 12:12:37,docker-recorder-run-d4618acf6366,0.00%,10.3MiB / 30.66GiB,0.03%,0B / 0B,0B / 9.45MB,1
2026-07-31 12:12:37,glim,115.32%,480.2MiB / 30.66GiB,1.53%,0B / 0B,0B / 11.6MB,35
2026-07-31 12:12:37,ouster,7.62%,121.2MiB / 30.66GiB,0.39%,0B / 0B,0B / 3MB,30
2026-07-31 12:12:37,scovox,105.30%,807.8MiB / 30.66GiB,2.57%,0B / 0B,0B / 3.76MB,53
2026-07-31 12:12:37,mapir-ffmpeg,29.17%,169.9MiB / 30.66GiB,0.54%,0B / 0B,0B / 1.37MB,33
2026-07-31 12:12:37,realsense,16.67%,93.54MiB / 30.66GiB,0.30%,0B / 0B,0B / 3.28MB,33
2026-07-31 12:12:37,nav2,6.72%,134.5MiB / 30.66GiB,0.43%,0B / 0B,0B / 1.56MB,92
2026-07-31 12:12:37,domain_bridge,0.36%,70.43MiB / 30.66GiB,0.22%,0B / 0B,0B / 5MB,28
2026-07-31 12:12:37,openzen,2.86%,33.93MiB / 30.66GiB,0.11%,0B / 0B,0B / 2.15MB,20
2026-07-31 12:12:40,trav_ros2,82.18%,139.7MiB / 30.66GiB,0.45%,0B / 0B,0B / 778kB,44
2026-07-31 12:12:40,docker-recorder-run-d4618acf6366,0.00%,10.3MiB / 30.66GiB,0.03%,0B / 0B,0B / 9.45MB,1
2026-07-31 12:12:40,glim,113.81%,481.1MiB / 30.66GiB,1.53%,0B / 0B,0B / 11.6MB,35
2026-07-31 12:12:40,ouster,7.31%,120.9MiB / 30.66GiB,0.39%,0B / 0B,0B / 3MB,30
2026-07-31 12:12:40,scovox,108.99%,798.7MiB / 30.66GiB,2.54%,0B / 0B,0B / 3.76MB,53
2026-07-31 12:12:40,mapir-ffmpeg,29.53%,170.6MiB / 30.66GiB,0.54%,0B / 0B,0B / 1.37MB,33
2026-07-31 12:12:40,realsense,16.58%,93.81MiB / 30.66GiB,0.30%,0B / 0B,0B / 3.28MB,33
2026-07-31 12:12:40,nav2,6.59%,134.8MiB / 30.66GiB,0.43%,0B / 0B,0B / 1.56MB,92
2026-07-31 12:12:40,domain_bridge,0.38%,69.95MiB / 30.66GiB,0.22%,0B / 0B,0B / 5MB,28
2026-07-31 12:12:40,openzen,2.68%,33.68MiB / 30.66GiB,0.11%,0B / 0B,0B / 2.15MB,20
2026-07-31 12:12:43,trav_ros2,84.11%,139MiB / 30.66GiB,0.44%,0B / 0B,0B / 860kB,44
2026-07-31 12:12:43,docker-recorder-run-d4618acf6366,0.00%,10.3MiB / 30.66GiB,0.03%,0B / 0B,0B / 9.45MB,1
2026-07-31 12:12:43,glim,115.22%,480.3MiB / 30.66GiB,1.53%,0B / 0B,0B / 11.6MB,35
2026-07-31 12:12:43,ouster,7.95%,120.9MiB / 30.66GiB,0.39%,0B / 0B,0B / 3MB,30
2026-07-31 12:12:43,scovox,105.96%,822.3MiB / 30.66GiB,2.62%,0B / 0B,0B / 3.76MB,53
2026-07-31 12:12:43,mapir-ffmpeg,29.87%,170.6MiB / 30.66GiB,0.54%,0B / 0B,0B / 1.37MB,33
2026-07-31 12:12:43,realsense,16.77%,93.82MiB / 30.66GiB,0.30%,0B / 0B,0B / 3.28MB,33
2026-07-31 12:12:43,nav2,7.31%,135.5MiB / 30.66GiB,0.43%,0B / 0B,0B / 1.56MB,92
2026-07-31 12:12:43,domain_bridge,0.53%,71.5MiB / 30.66GiB,0.23%,0B / 0B,0B / 5MB,28
2026-07-31 12:12:43,openzen,2.79%,34.43MiB / 30.66GiB,0.11%,0B / 0B,0B / 2.15MB,20
2026-07-31 12:12:46,trav_ros2,84.25%,139.3MiB / 30.66GiB,0.44%,0B / 0B,0B / 860kB,44
2026-07-31 12:12:46,docker-recorder-run-d4618acf6366,0.00%,10.3MiB / 30.66GiB,0.03%,0B / 0B,0B / 9.45MB,1
2026-07-31 12:12:46,glim,111.70%,479.7MiB / 30.66GiB,1.53%,0B / 0B,0B / 11.6MB,35
2026-07-31 12:12:46,ouster,7.93%,121.7MiB / 30.66GiB,0.39%,0B / 0B,0B / 3MB,30
2026-07-31 12:12:46,scovox,107.76%,830.9MiB / 30.66GiB,2.65%,0B / 0B,0B / 3.76MB,53
2026-07-31 12:12:46,mapir-ffmpeg,28.71%,170.4MiB / 30.66GiB,0.54%,0B / 0B,0B / 1.37MB,33
2026-07-31 12:12:46,realsense,16.34%,93.62MiB / 30.66GiB,0.30%,0B / 0B,0B / 3.28MB,33
2026-07-31 12:12:46,nav2,6.44%,135.4MiB / 30.66GiB,0.43%,0B / 0B,0B / 1.56MB,92
2026-07-31 12:12:46,domain_bridge,0.39%,70.02MiB / 30.66GiB,0.22%,0B / 0B,0B / 5MB,28
2026-07-31 12:12:46,openzen,2.57%,34.4MiB / 30.66GiB,0.11%,0B / 0B,0B / 2.15MB,20
2026-07-31 12:12:49,trav_ros2,84.53%,139.5MiB / 30.66GiB,0.44%,0B / 0B,0B / 860kB,44
2026-07-31 12:12:49,docker-recorder-run-d4618acf6366,0.00%,10.3MiB / 30.66GiB,0.03%,0B / 0B,0B / 9.45MB,1
2026-07-31 12:12:49,glim,119.26%,480.5MiB / 30.66GiB,1.53%,0B / 0B,0B / 11.6MB,35
2026-07-31 12:12:49,ouster,7.53%,121.3MiB / 30.66GiB,0.39%,0B / 0B,0B / 3MB,30
2026-07-31 12:12:49,scovox,105.89%,836.5MiB / 30.66GiB,2.66%,0B / 0B,0B / 3.76MB,53
2026-07-31 12:12:49,mapir-ffmpeg,29.06%,170.1MiB / 30.66GiB,0.54%,0B / 0B,0B / 1.37MB,33
2026-07-31 12:12:49,realsense,16.70%,93.39MiB / 30.66GiB,0.30%,0B / 0B,0B / 3.28MB,33
2026-07-31 12:12:49,nav2,6.67%,135MiB / 30.66GiB,0.43%,0B / 0B,0B / 1.56MB,92
2026-07-31 12:12:49,domain_bridge,0.88%,71.78MiB / 30.66GiB,0.23%,0B / 0B,0B / 5MB,28
2026-07-31 12:12:49,openzen,2.59%,33.93MiB / 30.66GiB,0.11%,0B / 0B,0B / 2.15MB,20
2026-07-31 12:12:52,trav_ros2,86.06%,139MiB / 30.66GiB,0.44%,0B / 0B,0B / 860kB,44
2026-07-31 12:12:52,docker-recorder-run-d4618acf6366,0.00%,10.3MiB / 30.66GiB,0.03%,0B / 0B,0B / 9.45MB,1
2026-07-31 12:12:52,glim,132.40%,480.8MiB / 30.66GiB,1.53%,0B / 0B,0B / 11.6MB,35
2026-07-31 12:12:52,ouster,7.74%,121.1MiB / 30.66GiB,0.39%,0B / 0B,0B / 3MB,30
2026-07-31 12:12:52,scovox,105.58%,808.5MiB / 30.66GiB,2.57%,0B / 0B,0B / 3.76MB,53
2026-07-31 12:12:52,mapir-ffmpeg,28.82%,171.1MiB / 30.66GiB,0.55%,0B / 0B,0B / 1.37MB,33
2026-07-31 12:12:52,realsense,16.74%,94.17MiB / 30.66GiB,0.30%,0B / 0B,0B / 3.28MB,33
2026-07-31 12:12:52,nav2,6.44%,136MiB / 30.66GiB,0.43%,0B / 0B,0B / 1.56MB,92
2026-07-31 12:12:52,domain_bridge,0.31%,70.73MiB / 30.66GiB,0.23%,0B / 0B,0B / 5MB,28
2026-07-31 12:12:52,openzen,2.54%,33.68MiB / 30.66GiB,0.11%,0B / 0B,0B / 2.15MB,20
2026-07-31 12:12:56,trav_ros2,92.55%,144.5MiB / 30.66GiB,0.46%,0B / 0B,0B / 860kB,44
2026-07-31 12:12:56,docker-recorder-run-d4618acf6366,0.00%,10.3MiB / 30.66GiB,0.03%,0B / 0B,0B / 9.45MB,1
2026-07-31 12:12:56,glim,134.90%,480.7MiB / 30.66GiB,1.53%,0B / 0B,0B / 11.6MB,35
2026-07-31 12:12:56,ouster,7.80%,121.1MiB / 30.66GiB,0.39%,0B / 0B,0B / 3MB,30
2026-07-31 12:12:56,scovox,105.91%,836.4MiB / 30.66GiB,2.66%,0B / 0B,0B / 3.76MB,53
2026-07-31 12:12:56,mapir-ffmpeg,28.84%,170.4MiB / 30.66GiB,0.54%,0B / 0B,0B / 1.37MB,33
2026-07-31 12:12:56,realsense,16.64%,93.96MiB / 30.66GiB,0.30%,0B / 0B,0B / 3.28MB,33
2026-07-31 12:12:56,nav2,6.73%,136.3MiB / 30.66GiB,0.43%,0B / 0B,0B / 1.56MB,92
2026-07-31 12:12:56,domain_bridge,0.42%,70.92MiB / 30.66GiB,0.23%,0B / 0B,0B / 5MB,28
2026-07-31 12:12:56,openzen,2.57%,33.68MiB / 30.66GiB,0.11%,0B / 0B,0B / 2.15MB,20
2026-07-31 12:12:59,trav_ros2,101.51%,140.7MiB / 30.66GiB,0.45%,0B / 0B,0B / 860kB,44
2026-07-31 12:12:59,docker-recorder-run-d4618acf6366,0.00%,10.3MiB / 30.66GiB,0.03%,0B / 0B,0B / 9.45MB,1
2026-07-31 12:12:59,glim,119.80%,481.8MiB / 30.66GiB,1.53%,0B / 0B,0B / 11.7MB,35
2026-07-31 12:12:59,ouster,7.37%,121MiB / 30.66GiB,0.39%,0B / 0B,0B / 3MB,30
2026-07-31 12:12:59,scovox,105.52%,840.6MiB / 30.66GiB,2.68%,0B / 0B,0B / 3.76MB,53
2026-07-31 12:12:59,mapir-ffmpeg,28.69%,169.9MiB / 30.66GiB,0.54%,0B / 0B,0B / 1.37MB,33
2026-07-31 12:12:59,realsense,16.26%,93.72MiB / 30.66GiB,0.30%,0B / 0B,0B / 3.28MB,33
2026-07-31 12:12:59,nav2,6.75%,137MiB / 30.66GiB,0.44%,0B / 0B,0B / 1.56MB,92
2026-07-31 12:12:59,domain_bridge,0.27%,71.67MiB / 30.66GiB,0.23%,0B / 0B,0B / 5MB,28
2026-07-31 12:12:59,openzen,2.67%,33.68MiB / 30.66GiB,0.11%,0B / 0B,0B / 2.15MB,20
2026-07-31 12:13:02,trav_ros2,101.58%,144.8MiB / 30.66GiB,0.46%,0B / 0B,0B / 860kB,44
2026-07-31 12:13:02,docker-recorder-run-d4618acf6366,0.00%,10.3MiB / 30.66GiB,0.03%,0B / 0B,0B / 9.45MB,1
2026-07-31 12:13:02,glim,138.24%,481MiB / 30.66GiB,1.53%,0B / 0B,0B / 11.7MB,35
2026-07-31 12:13:02,ouster,7.51%,120.9MiB / 30.66GiB,0.39%,0B / 0B,0B / 3MB,30
2026-07-31 12:13:02,scovox,106.59%,792.7MiB / 30.66GiB,2.52%,0B / 0B,0B / 3.76MB,53
2026-07-31 12:13:02,mapir-ffmpeg,29.31%,170.6MiB / 30.66GiB,0.54%,0B / 0B,0B / 1.38MB,33
2026-07-31 12:13:02,realsense,17.11%,93.79MiB / 30.66GiB,0.30%,0B / 0B,0B / 3.28MB,33
2026-07-31 12:13:02,nav2,7.34%,136MiB / 30.66GiB,0.43%,0B / 0B,0B / 1.56MB,92
2026-07-31 12:13:02,domain_bridge,0.57%,71.14MiB / 30.66GiB,0.23%,0B / 0B,0B / 5MB,28
2026-07-31 12:13:02,openzen,2.63%,33.93MiB / 30.66GiB,0.11%,0B / 0B,0B / 2.15MB,20
2026-07-31 12:13:05,trav_ros2,101.87%,141.4MiB / 30.66GiB,0.45%,0B / 0B,0B / 860kB,44
2026-07-31 12:13:05,docker-recorder-run-d4618acf6366,0.00%,10.3MiB / 30.66GiB,0.03%,0B / 0B,0B / 9.45MB,1
2026-07-31 12:13:05,glim,147.24%,481.3MiB / 30.66GiB,1.53%,0B / 0B,0B / 11.7MB,35
2026-07-31 12:13:05,ouster,7.35%,121.1MiB / 30.66GiB,0.39%,0B / 0B,0B / 3MB,30
2026-07-31 12:13:05,scovox,104.93%,832.3MiB / 30.66GiB,2.65%,0B / 0B,0B / 3.78MB,53
2026-07-31 12:13:05,mapir-ffmpeg,29.20%,169.9MiB / 30.66GiB,0.54%,0B / 0B,0B / 1.38MB,33
2026-07-31 12:13:05,realsense,17.51%,93.54MiB / 30.66GiB,0.30%,0B / 0B,0B / 3.28MB,33
2026-07-31 12:13:05,nav2,6.94%,136.7MiB / 30.66GiB,0.44%,0B / 0B,0B / 1.56MB,92
2026-07-31 12:13:05,domain_bridge,0.83%,71.5MiB / 30.66GiB,0.23%,0B / 0B,0B / 5MB,28
2026-07-31 12:13:05,openzen,2.49%,33.71MiB / 30.66GiB,0.11%,0B / 0B,0B / 2.15MB,20
2026-07-31 12:13:08,trav_ros2,101.26%,148.7MiB / 30.66GiB,0.47%,0B / 0B,0B / 860kB,44
2026-07-31 12:13:08,docker-recorder-run-d4618acf6366,0.00%,10.3MiB / 30.66GiB,0.03%,0B / 0B,0B / 9.45MB,1
2026-07-31 12:13:08,glim,137.33%,481.7MiB / 30.66GiB,1.53%,0B / 0B,0B / 11.7MB,35
2026-07-31 12:13:08,ouster,7.77%,121.8MiB / 30.66GiB,0.39%,0B / 0B,0B / 3MB,30
2026-07-31 12:13:08,scovox,108.05%,827.3MiB / 30.66GiB,2.63%,0B / 0B,0B / 3.78MB,53
2026-07-31 12:13:08,mapir-ffmpeg,29.14%,170.4MiB / 30.66GiB,0.54%,0B / 0B,0B / 1.38MB,33
2026-07-31 12:13:08,realsense,13.71%,93.81MiB / 30.66GiB,0.30%,0B / 0B,0B / 3.28MB,33
2026-07-31 12:13:08,nav2,7.14%,137MiB / 30.66GiB,0.44%,0B / 0B,0B / 1.56MB,92
2026-07-31 12:13:08,domain_bridge,0.64%,71.04MiB / 30.66GiB,0.23%,0B / 0B,0B / 5MB,28
2026-07-31 12:13:08,openzen,2.63%,34.2MiB / 30.66GiB,0.11%,0B / 0B,0B / 2.15MB,20
2026-07-31 12:13:11,trav_ros2,101.57%,141.9MiB / 30.66GiB,0.45%,0B / 0B,0B / 860kB,44
2026-07-31 12:13:11,docker-recorder-run-d4618acf6366,0.00%,10.3MiB / 30.66GiB,0.03%,0B / 0B,0B / 9.45MB,1
2026-07-31 12:13:11,glim,119.85%,482.1MiB / 30.66GiB,1.54%,0B / 0B,0B / 11.7MB,35
2026-07-31 12:13:11,ouster,7.48%,121.4MiB / 30.66GiB,0.39%,0B / 0B,0B / 3MB,30
2026-07-31 12:13:11,scovox,105.23%,839.8MiB / 30.66GiB,2.67%,0B / 0B,0B / 3.78MB,53
2026-07-31 12:13:11,mapir-ffmpeg,27.88%,170.1MiB / 30.66GiB,0.54%,0B / 0B,0B / 1.38MB,33
2026-07-31 12:13:11,realsense,11.63%,93.86MiB / 30.66GiB,0.30%,0B / 0B,0B / 3.28MB,33
2026-07-31 12:13:11,nav2,6.73%,136.8MiB / 30.66GiB,0.44%,0B / 0B,0B / 1.62MB,92
2026-07-31 12:13:11,domain_bridge,0.08%,70.99MiB / 30.66GiB,0.23%,0B / 0B,0B / 5MB,28
2026-07-31 12:13:11,openzen,2.57%,33.93MiB / 30.66GiB,0.11%,0B / 0B,0B / 2.15MB,20
2026-07-31 12:13:14,trav_ros2,102.25%,142.9MiB / 30.66GiB,0.46%,0B / 0B,0B / 942kB,44
2026-07-31 12:13:14,docker-recorder-run-d4618acf6366,0.00%,10.3MiB / 30.66GiB,0.03%,0B / 0B,0B / 9.45MB,1
2026-07-31 12:13:14,glim,120.77%,482.3MiB / 30.66GiB,1.54%,0B / 0B,0B / 11.7MB,35
2026-07-31 12:13:14,ouster,7.46%,121.3MiB / 30.66GiB,0.39%,0B / 0B,0B / 3MB,30
2026-07-31 12:13:14,scovox,112.62%,828.5MiB / 30.66GiB,2.64%,0B / 0B,0B / 3.78MB,53
2026-07-31 12:13:14,mapir-ffmpeg,28.91%,169.9MiB / 30.66GiB,0.54%,0B / 0B,0B / 1.38MB,33
2026-07-31 12:13:14,realsense,15.93%,94.11MiB / 30.66GiB,0.30%,0B / 0B,0B / 3.28MB,33
2026-07-31 12:13:14,nav2,7.00%,136.8MiB / 30.66GiB,0.44%,0B / 0B,0B / 1.62MB,92
2026-07-31 12:13:14,domain_bridge,0.53%,71.62MiB / 30.66GiB,0.23%,0B / 0B,0B / 5MB,28
2026-07-31 12:13:14,openzen,2.59%,33.93MiB / 30.66GiB,0.11%,0B / 0B,0B / 2.15MB,20
2026-07-31 12:13:17,trav_ros2,102.01%,143.4MiB / 30.66GiB,0.46%,0B / 0B,0B / 942kB,44
2026-07-31 12:13:17,docker-recorder-run-d4618acf6366,0.00%,10.3MiB / 30.66GiB,0.03%,0B / 0B,0B / 9.45MB,1
2026-07-31 12:13:17,glim,115.83%,481.5MiB / 30.66GiB,1.53%,0B / 0B,0B / 11.7MB,35
2026-07-31 12:13:17,ouster,7.67%,121.5MiB / 30.66GiB,0.39%,0B / 0B,0B / 3MB,30
2026-07-31 12:13:17,scovox,106.81%,845.8MiB / 30.66GiB,2.69%,0B / 0B,0B / 3.78MB,53
2026-07-31 12:13:17,mapir-ffmpeg,29.13%,169.9MiB / 30.66GiB,0.54%,0B / 0B,0B / 1.38MB,33
2026-07-31 12:13:17,realsense,17.20%,94.16MiB / 30.66GiB,0.30%,0B / 0B,0B / 3.28MB,33
2026-07-31 12:13:17,nav2,7.66%,136.8MiB / 30.66GiB,0.44%,0B / 0B,0B / 1.62MB,92
2026-07-31 12:13:17,domain_bridge,0.61%,71.18MiB / 30.66GiB,0.23%,0B / 0B,0B / 5MB,28
2026-07-31 12:13:17,openzen,2.79%,34.41MiB / 30.66GiB,0.11%,0B / 0B,0B / 2.15MB,20
2026-07-31 12:13:20,trav_ros2,102.29%,152.1MiB / 30.66GiB,0.48%,0B / 0B,0B / 942kB,44
2026-07-31 12:13:20,docker-recorder-run-d4618acf6366,0.00%,10.3MiB / 30.66GiB,0.03%,0B / 0B,0B / 9.45MB,1
2026-07-31 12:13:20,glim,117.77%,482.4MiB / 30.66GiB,1.54%,0B / 0B,0B / 11.7MB,35
2026-07-31 12:13:20,ouster,7.46%,121.2MiB / 30.66GiB,0.39%,0B / 0B,0B / 3MB,30
2026-07-31 12:13:20,scovox,109.38%,840.9MiB / 30.66GiB,2.68%,0B / 0B,0B / 3.78MB,53
2026-07-31 12:13:20,mapir-ffmpeg,29.12%,170.4MiB / 30.66GiB,0.54%,0B / 0B,0B / 1.38MB,33
2026-07-31 12:13:20,realsense,17.27%,93.69MiB / 30.66GiB,0.30%,0B / 0B,0B / 3.28MB,33
2026-07-31 12:13:20,nav2,7.07%,136.8MiB / 30.66GiB,0.44%,0B / 0B,0B / 1.62MB,92
2026-07-31 12:13:20,domain_bridge,0.56%,71.07MiB / 30.66GiB,0.23%,0B / 0B,0B / 5MB,28
2026-07-31 12:13:20,openzen,2.54%,34.42MiB / 30.66GiB,0.11%,0B / 0B,0B / 2.15MB,20
2026-07-31 12:13:23,trav_ros2,102.23%,143.9MiB / 30.66GiB,0.46%,0B / 0B,0B / 942kB,44
2026-07-31 12:13:23,docker-recorder-run-d4618acf6366,0.00%,10.3MiB / 30.66GiB,0.03%,0B / 0B,0B / 9.45MB,1
2026-07-31 12:13:23,glim,116.49%,482MiB / 30.66GiB,1.53%,0B / 0B,0B / 11.7MB,35
2026-07-31 12:13:23,ouster,8.23%,121.9MiB / 30.66GiB,0.39%,0B / 0B,0B / 3MB,30
2026-07-31 12:13:23,scovox,107.95%,797.9MiB / 30.66GiB,2.54%,0B / 0B,0B / 3.78MB,53
2026-07-31 12:13:23,mapir-ffmpeg,30.26%,170.6MiB / 30.66GiB,0.54%,0B / 0B,0B / 1.38MB,33
2026-07-31 12:13:23,realsense,16.66%,93.96MiB / 30.66GiB,0.30%,0B / 0B,0B / 3.28MB,33
2026-07-31 12:13:23,nav2,7.79%,137.9MiB / 30.66GiB,0.44%,0B / 0B,0B / 1.62MB,92
2026-07-31 12:13:23,domain_bridge,0.92%,70.95MiB / 30.66GiB,0.23%,0B / 0B,0B / 5MB,28
2026-07-31 12:13:23,openzen,2.66%,34.18MiB / 30.66GiB,0.11%,0B / 0B,0B / 2.15MB,20
2026-07-31 12:13:27,trav_ros2,101.92%,143.5MiB / 30.66GiB,0.46%,0B / 0B,0B / 942kB,44
2026-07-31 12:13:27,docker-recorder-run-d4618acf6366,0.00%,10.3MiB / 30.66GiB,0.03%,0B / 0B,0B / 9.45MB,1
2026-07-31 12:13:27,glim,113.24%,481.9MiB / 30.66GiB,1.53%,0B / 0B,0B / 11.7MB,35
2026-07-31 12:13:27,ouster,7.77%,121.3MiB / 30.66GiB,0.39%,0B / 0B,0B / 3MB,30
2026-07-31 12:13:27,scovox,105.33%,841.6MiB / 30.66GiB,2.68%,0B / 0B,0B / 3.78MB,53
2026-07-31 12:13:27,mapir-ffmpeg,29.84%,170.2MiB / 30.66GiB,0.54%,0B / 0B,0B / 1.38MB,33
2026-07-31 12:13:27,realsense,16.50%,94.49MiB / 30.66GiB,0.30%,0B / 0B,0B / 3.28MB,33
2026-07-31 12:13:27,nav2,7.03%,136.7MiB / 30.66GiB,0.44%,0B / 0B,0B / 1.62MB,92
2026-07-31 12:13:27,domain_bridge,0.20%,71.26MiB / 30.66GiB,0.23%,0B / 0B,0B / 5MB,28
2026-07-31 12:13:27,openzen,2.56%,34.67MiB / 30.66GiB,0.11%,0B / 0B,0B / 2.15MB,20
2026-07-31 12:13:30,trav_ros2,100.94%,143.7MiB / 30.66GiB,0.46%,0B / 0B,0B / 942kB,44
2026-07-31 12:13:30,docker-recorder-run-d4618acf6366,0.00%,10.3MiB / 30.66GiB,0.03%,0B / 0B,0B / 9.45MB,1
2026-07-31 12:13:30,glim,116.07%,481.6MiB / 30.66GiB,1.53%,0B / 0B,0B / 11.7MB,35
2026-07-31 12:13:30,ouster,7.18%,120.8MiB / 30.66GiB,0.38%,0B / 0B,0B / 3MB,30
2026-07-31 12:13:30,scovox,108.05%,797.9MiB / 30.66GiB,2.54%,0B / 0B,0B / 3.78MB,53
2026-07-31 12:13:30,mapir-ffmpeg,28.82%,169.9MiB / 30.66GiB,0.54%,0B / 0B,0B / 1.38MB,33
2026-07-31 12:13:30,realsense,16.30%,94.5MiB / 30.66GiB,0.30%,0B / 0B,0B / 3.28MB,33
2026-07-31 12:13:30,nav2,6.97%,136.7MiB / 30.66GiB,0.44%,0B / 0B,0B / 1.62MB,92
2026-07-31 12:13:30,domain_bridge,0.67%,71.07MiB / 30.66GiB,0.23%,0B / 0B,0B / 5MB,28
2026-07-31 12:13:30,openzen,2.51%,33.93MiB / 30.66GiB,0.11%,0B / 0B,0B / 2.15MB,20
2026-07-31 12:13:33,trav_ros2,101.60%,144MiB / 30.66GiB,0.46%,0B / 0B,0B / 942kB,44
2026-07-31 12:13:33,docker-recorder-run-d4618acf6366,0.00%,10.3MiB / 30.66GiB,0.03%,0B / 0B,0B / 9.45MB,1
2026-07-31 12:13:33,glim,114.42%,481.5MiB / 30.66GiB,1.53%,0B / 0B,0B / 11.7MB,35
2026-07-31 12:13:33,ouster,7.40%,121.1MiB / 30.66GiB,0.39%,0B / 0B,0B / 3MB,30
2026-07-31 12:13:33,scovox,108.42%,840MiB / 30.66GiB,2.68%,0B / 0B,0B / 3.78MB,53
2026-07-31 12:13:33,mapir-ffmpeg,29.00%,169.9MiB / 30.66GiB,0.54%,0B / 0B,0B / 1.38MB,33
2026-07-31 12:13:33,realsense,16.79%,94.3MiB / 30.66GiB,0.30%,0B / 0B,0B / 3.28MB,33
2026-07-31 12:13:33,nav2,7.04%,137.9MiB / 30.66GiB,0.44%,0B / 0B,0B / 1.62MB,92
2026-07-31 12:13:33,domain_bridge,0.61%,71.46MiB / 30.66GiB,0.23%,0B / 0B,0B / 5MB,28
2026-07-31 12:13:33,openzen,2.50%,34.17MiB / 30.66GiB,0.11%,0B / 0B,0B / 2.15MB,20
2026-07-31 12:13:36,trav_ros2,101.39%,144.2MiB / 30.66GiB,0.46%,0B / 0B,0B / 942kB,44
2026-07-31 12:13:36,docker-recorder-run-d4618acf6366,0.00%,10.3MiB / 30.66GiB,0.03%,0B / 0B,0B / 9.45MB,1
2026-07-31 12:13:36,glim,113.22%,482.2MiB / 30.66GiB,1.54%,0B / 0B,0B / 11.7MB,35
2026-07-31 12:13:36,ouster,7.42%,121.1MiB / 30.66GiB,0.39%,0B / 0B,0B / 3MB,30
2026-07-31 12:13:36,scovox,108.84%,797.7MiB / 30.66GiB,2.54%,0B / 0B,0B / 3.78MB,53
2026-07-31 12:13:36,mapir-ffmpeg,28.86%,170.2MiB / 30.66GiB,0.54%,0B / 0B,0B / 1.38MB,33
2026-07-31 12:13:36,realsense,16.87%,94.57MiB / 30.66GiB,0.30%,0B / 0B,0B / 3.28MB,33
2026-07-31 12:13:36,nav2,6.91%,137.2MiB / 30.66GiB,0.44%,0B / 0B,0B / 1.62MB,92
2026-07-31 12:13:36,domain_bridge,0.70%,71MiB / 30.66GiB,0.23%,0B / 0B,0B / 5MB,28
2026-07-31 12:13:36,openzen,2.50%,34.42MiB / 30.66GiB,0.11%,0B / 0B,0B / 2.15MB,20
2026-07-31 12:13:39,trav_ros2,101.60%,143.1MiB / 30.66GiB,0.46%,0B / 0B,0B / 942kB,44
2026-07-31 12:13:39,docker-recorder-run-d4618acf6366,0.00%,10.3MiB / 30.66GiB,0.03%,0B / 0B,0B / 9.45MB,1
2026-07-31 12:13:39,glim,115.23%,481.9MiB / 30.66GiB,1.53%,0B / 0B,0B / 11.7MB,35
2026-07-31 12:13:39,ouster,7.59%,120.7MiB / 30.66GiB,0.38%,0B / 0B,0B / 3MB,30
2026-07-31 12:13:39,scovox,105.12%,840.8MiB / 30.66GiB,2.68%,0B / 0B,0B / 3.82MB,53
2026-07-31 12:13:39,mapir-ffmpeg,28.83%,169.9MiB / 30.66GiB,0.54%,0B / 0B,0B / 1.4MB,33
2026-07-31 12:13:39,realsense,16.41%,94.34MiB / 30.66GiB,0.30%,0B / 0B,0B / 3.28MB,33
2026-07-31 12:13:39,nav2,7.37%,138.4MiB / 30.66GiB,0.44%,0B / 0B,0B / 1.62MB,92
2026-07-31 12:13:39,domain_bridge,0.58%,71.39MiB / 30.66GiB,0.23%,0B / 0B,0B / 5MB,28
2026-07-31 12:13:39,openzen,2.45%,34.18MiB / 30.66GiB,0.11%,0B / 0B,0B / 2.15MB,20
2026-07-31 12:13:42,trav_ros2,99.76%,143.8MiB / 30.66GiB,0.46%,0B / 0B,0B / 942kB,44
2026-07-31 12:13:42,docker-recorder-run-d4618acf6366,0.00%,10.3MiB / 30.66GiB,0.03%,0B / 0B,0B / 9.45MB,1
2026-07-31 12:13:42,glim,112.00%,481.5MiB / 30.66GiB,1.53%,0B / 0B,0B / 11.7MB,35
2026-07-31 12:13:42,ouster,7.38%,121.4MiB / 30.66GiB,0.39%,0B / 0B,0B / 3MB,30
2026-07-31 12:13:42,scovox,105.52%,798.4MiB / 30.66GiB,2.54%,0B / 0B,0B / 3.82MB,53
2026-07-31 12:13:42,mapir-ffmpeg,28.37%,170.2MiB / 30.66GiB,0.54%,0B / 0B,0B / 1.4MB,33
2026-07-31 12:13:42,realsense,16.38%,94.16MiB / 30.66GiB,0.30%,0B / 0B,0B / 3.28MB,33
2026-07-31 12:13:42,nav2,7.04%,137.7MiB / 30.66GiB,0.44%,0B / 0B,0B / 1.62MB,92
2026-07-31 12:13:42,domain_bridge,0.60%,70.62MiB / 30.66GiB,0.22%,0B / 0B,0B / 5MB,28
2026-07-31 12:13:42,openzen,2.48%,33.94MiB / 30.66GiB,0.11%,0B / 0B,0B / 2.15MB,20
2026-07-31 12:13:45,trav_ros2,101.81%,144.2MiB / 30.66GiB,0.46%,0B / 0B,0B / 1.02MB,44
2026-07-31 12:13:45,docker-recorder-run-d4618acf6366,0.00%,10.3MiB / 30.66GiB,0.03%,0B / 0B,0B / 9.45MB,1
2026-07-31 12:13:45,glim,115.54%,482.2MiB / 30.66GiB,1.54%,0B / 0B,0B / 11.7MB,35
2026-07-31 12:13:45,ouster,7.65%,121.3MiB / 30.66GiB,0.39%,0B / 0B,0B / 3MB,30
2026-07-31 12:13:45,scovox,105.51%,819.5MiB / 30.66GiB,2.61%,0B / 0B,0B / 3.82MB,53
2026-07-31 12:13:45,mapir-ffmpeg,28.95%,170.4MiB / 30.66GiB,0.54%,0B / 0B,0B / 1.4MB,33
2026-07-31 12:13:45,realsense,16.67%,94.16MiB / 30.66GiB,0.30%,0B / 0B,0B / 3.28MB,33
2026-07-31 12:13:45,nav2,7.33%,137.3MiB / 30.66GiB,0.44%,0B / 0B,0B / 1.62MB,92
2026-07-31 12:13:45,domain_bridge,0.94%,71.08MiB / 30.66GiB,0.23%,0B / 0B,0B / 5MB,28
2026-07-31 12:13:45,openzen,2.51%,33.93MiB / 30.66GiB,0.11%,0B / 0B,0B / 2.15MB,20
2026-07-31 12:13:48,trav_ros2,101.99%,143.9MiB / 30.66GiB,0.46%,0B / 0B,0B / 1.02MB,44
2026-07-31 12:13:48,docker-recorder-run-d4618acf6366,0.00%,10.3MiB / 30.66GiB,0.03%,0B / 0B,0B / 9.45MB,1
2026-07-31 12:13:48,glim,122.85%,482.2MiB / 30.66GiB,1.54%,0B / 0B,0B / 11.7MB,35
2026-07-31 12:13:48,ouster,7.77%,121.7MiB / 30.66GiB,0.39%,0B / 0B,0B / 3MB,30
2026-07-31 12:13:48,scovox,108.26%,818.1MiB / 30.66GiB,2.61%,0B / 0B,0B / 3.82MB,53
2026-07-31 12:13:48,mapir-ffmpeg,29.74%,170.4MiB / 30.66GiB,0.54%,0B / 0B,0B / 1.4MB,33
2026-07-31 12:13:48,realsense,17.03%,94.69MiB / 30.66GiB,0.30%,0B / 0B,0B / 3.28MB,33
2026-07-31 12:13:48,nav2,7.22%,138.1MiB / 30.66GiB,0.44%,0B / 0B,0B / 1.67MB,92
2026-07-31 12:13:48,domain_bridge,0.60%,70.94MiB / 30.66GiB,0.23%,0B / 0B,0B / 5MB,28
2026-07-31 12:13:48,openzen,2.64%,33.93MiB / 30.66GiB,0.11%,0B / 0B,0B / 2.15MB,20
2026-07-31 12:13:51,trav_ros2,102.03%,145MiB / 30.66GiB,0.46%,0B / 0B,0B / 1.02MB,44
2026-07-31 12:13:51,docker-recorder-run-d4618acf6366,0.00%,10.3MiB / 30.66GiB,0.03%,0B / 0B,0B / 9.45MB,1
2026-07-31 12:13:51,glim,116.10%,481.6MiB / 30.66GiB,1.53%,0B / 0B,0B / 11.7MB,35
2026-07-31 12:13:51,ouster,7.93%,120.8MiB / 30.66GiB,0.38%,0B / 0B,0B / 3MB,30
2026-07-31 12:13:51,scovox,106.02%,842.1MiB / 30.66GiB,2.68%,0B / 0B,0B / 3.82MB,53
2026-07-31 12:13:51,mapir-ffmpeg,30.94%,170.4MiB / 30.66GiB,0.54%,0B / 0B,0B / 1.4MB,33
2026-07-31 12:13:51,realsense,17.32%,94.23MiB / 30.66GiB,0.30%,0B / 0B,0B / 3.28MB,33
2026-07-31 12:13:51,nav2,7.03%,137.6MiB / 30.66GiB,0.44%,0B / 0B,0B / 1.67MB,92
2026-07-31 12:13:51,domain_bridge,0.32%,70.4MiB / 30.66GiB,0.22%,0B / 0B,0B / 5MB,28
2026-07-31 12:13:51,openzen,2.59%,34.17MiB / 30.66GiB,0.11%,0B / 0B,0B / 2.15MB,20
2026-07-31 12:13:54,trav_ros2,102.02%,144.1MiB / 30.66GiB,0.46%,0B / 0B,0B / 1.02MB,44
2026-07-31 12:13:54,docker-recorder-run-d4618acf6366,0.00%,10.3MiB / 30.66GiB,0.03%,0B / 0B,0B / 9.45MB,1
2026-07-31 12:13:54,glim,126.06%,481.7MiB / 30.66GiB,1.53%,0B / 0B,0B / 11.7MB,35
2026-07-31 12:13:54,ouster,8.00%,120.4MiB / 30.66GiB,0.38%,0B / 0B,0B / 3MB,30
2026-07-31 12:13:54,scovox,107.07%,841.4MiB / 30.66GiB,2.68%,0B / 0B,0B / 3.82MB,53
2026-07-31 12:13:54,mapir-ffmpeg,30.42%,170.1MiB / 30.66GiB,0.54%,0B / 0B,0B / 1.4MB,33
2026-07-31 12:13:54,realsense,17.21%,93.98MiB / 30.66GiB,0.30%,0B / 0B,0B / 3.28MB,33
2026-07-31 12:13:54,nav2,7.07%,136.7MiB / 30.66GiB,0.44%,0B / 0B,0B / 1.67MB,92
2026-07-31 12:13:54,domain_bridge,0.39%,71.6MiB / 30.66GiB,0.23%,0B / 0B,0B / 5MB,28
2026-07-31 12:13:54,openzen,2.47%,33.93MiB / 30.66GiB,0.11%,0B / 0B,0B / 2.15MB,20
2026-07-31 12:13:58,trav_ros2,102.27%,144.7MiB / 30.66GiB,0.46%,0B / 0B,0B / 1.02MB,44
2026-07-31 12:13:58,docker-recorder-run-d4618acf6366,0.00%,10.3MiB / 30.66GiB,0.03%,0B / 0B,0B / 9.45MB,1
2026-07-31 12:13:58,glim,119.02%,482MiB / 30.66GiB,1.54%,0B / 0B,0B / 11.7MB,35
2026-07-31 12:13:58,ouster,8.41%,121.1MiB / 30.66GiB,0.39%,0B / 0B,0B / 3MB,30
2026-07-31 12:13:58,scovox,106.91%,799.6MiB / 30.66GiB,2.55%,0B / 0B,0B / 3.82MB,53
2026-07-31 12:13:58,mapir-ffmpeg,30.43%,169.9MiB / 30.66GiB,0.54%,0B / 0B,0B / 1.4MB,33
2026-07-31 12:13:58,realsense,17.24%,94.58MiB / 30.66GiB,0.30%,0B / 0B,0B / 3.28MB,33
2026-07-31 12:13:58,nav2,7.47%,137.8MiB / 30.66GiB,0.44%,0B / 0B,0B / 1.67MB,92
2026-07-31 12:13:58,domain_bridge,0.89%,70.87MiB / 30.66GiB,0.23%,0B / 0B,0B / 5MB,28
2026-07-31 12:13:58,openzen,2.76%,34.16MiB / 30.66GiB,0.11%,0B / 0B,0B / 2.15MB,20
2026-07-31 12:14:01,trav_ros2,101.04%,144.4MiB / 30.66GiB,0.46%,0B / 0B,0B / 1.02MB,44
2026-07-31 12:14:01,docker-recorder-run-d4618acf6366,0.00%,10.3MiB / 30.66GiB,0.03%,0B / 0B,0B / 9.45MB,1
2026-07-31 12:14:01,glim,118.63%,482.1MiB / 30.66GiB,1.54%,0B / 0B,0B / 11.7MB,35
2026-07-31 12:14:01,ouster,7.66%,120.7MiB / 30.66GiB,0.38%,0B / 0B,0B / 3MB,30
2026-07-31 12:14:01,scovox,104.32%,842MiB / 30.66GiB,2.68%,0B / 0B,0B / 3.82MB,53
2026-07-31 12:14:01,mapir-ffmpeg,29.63%,170.4MiB / 30.66GiB,0.54%,0B / 0B,0B / 1.4MB,33
2026-07-31 12:14:01,realsense,16.59%,94.58MiB / 30.66GiB,0.30%,0B / 0B,0B / 3.28MB,33
2026-07-31 12:14:01,nav2,7.26%,137.1MiB / 30.66GiB,0.44%,0B / 0B,0B / 1.67MB,92
2026-07-31 12:14:01,domain_bridge,0.74%,71.64MiB / 30.66GiB,0.23%,0B / 0B,0B / 5MB,28
2026-07-31 12:14:01,openzen,2.67%,33.92MiB / 30.66GiB,0.11%,0B / 0B,0B / 2.15MB,20
2026-07-31 12:14:04,trav_ros2,101.10%,144.5MiB / 30.66GiB,0.46%,0B / 0B,0B / 1.02MB,44
2026-07-31 12:14:04,docker-recorder-run-d4618acf6366,0.00%,10.3MiB / 30.66GiB,0.03%,0B / 0B,0B / 9.45MB,1
2026-07-31 12:14:04,glim,117.87%,481.5MiB / 30.66GiB,1.53%,0B / 0B,0B / 11.7MB,35
2026-07-31 12:14:04,ouster,8.34%,121.8MiB / 30.66GiB,0.39%,0B / 0B,0B / 3MB,30
2026-07-31 12:14:04,scovox,104.79%,841.8MiB / 30.66GiB,2.68%,0B / 0B,0B / 3.82MB,53
2026-07-31 12:14:04,mapir-ffmpeg,29.76%,170.4MiB / 30.66GiB,0.54%,0B / 0B,0B / 1.4MB,33
2026-07-31 12:14:04,realsense,17.17%,94.58MiB / 30.66GiB,0.30%,0B / 0B,0B / 3.28MB,33
2026-07-31 12:14:04,nav2,7.53%,137.9MiB / 30.66GiB,0.44%,0B / 0B,0B / 1.67MB,92
2026-07-31 12:14:04,domain_bridge,0.82%,70.97MiB / 30.66GiB,0.23%,0B / 0B,0B / 5MB,28
2026-07-31 12:14:04,openzen,2.83%,33.92MiB / 30.66GiB,0.11%,0B / 0B,0B / 2.15MB,20
2026-07-31 12:14:07,trav_ros2,101.48%,145.8MiB / 30.66GiB,0.46%,0B / 0B,0B / 1.02MB,44
2026-07-31 12:14:07,docker-recorder-run-d4618acf6366,0.00%,10.3MiB / 30.66GiB,0.03%,0B / 0B,0B / 9.45MB,1
2026-07-31 12:14:07,glim,116.65%,481.4MiB / 30.66GiB,1.53%,0B / 0B,0B / 11.7MB,35
2026-07-31 12:14:07,ouster,8.08%,120.8MiB / 30.66GiB,0.38%,0B / 0B,0B / 3MB,30
2026-07-31 12:14:07,scovox,104.57%,842.7MiB / 30.66GiB,2.68%,0B / 0B,0B / 3.82MB,53
2026-07-31 12:14:07,mapir-ffmpeg,29.67%,169.9MiB / 30.66GiB,0.54%,0B / 0B,0B / 1.4MB,33
2026-07-31 12:14:07,realsense,16.66%,95.09MiB / 30.66GiB,0.30%,0B / 0B,0B / 3.28MB,33
2026-07-31 12:14:07,nav2,6.88%,137.3MiB / 30.66GiB,0.44%,0B / 0B,0B / 1.67MB,92
2026-07-31 12:14:07,domain_bridge,0.07%,70.88MiB / 30.66GiB,0.23%,0B / 0B,0B / 5MB,28
2026-07-31 12:14:07,openzen,2.72%,34.16MiB / 30.66GiB,0.11%,0B / 0B,0B / 2.15MB,20
2026-07-31 12:14:10,trav_ros2,101.56%,144.5MiB / 30.66GiB,0.46%,0B / 0B,0B / 1.02MB,44
2026-07-31 12:14:10,docker-recorder-run-d4618acf6366,0.00%,10.3MiB / 30.66GiB,0.03%,0B / 0B,0B / 9.45MB,1
2026-07-31 12:14:10,glim,115.68%,481.3MiB / 30.66GiB,1.53%,0B / 0B,0B / 11.7MB,35
2026-07-31 12:14:10,ouster,8.05%,121MiB / 30.66GiB,0.39%,0B / 0B,0B / 3MB,30
2026-07-31 12:14:10,scovox,107.37%,798.7MiB / 30.66GiB,2.54%,0B / 0B,0B / 3.82MB,53
2026-07-31 12:14:10,mapir-ffmpeg,28.88%,170.4MiB / 30.66GiB,0.54%,0B / 0B,0B / 1.4MB,33
2026-07-31 12:14:10,realsense,16.27%,94.83MiB / 30.66GiB,0.30%,0B / 0B,0B / 3.28MB,33
2026-07-31 12:14:10,nav2,6.85%,137.6MiB / 30.66GiB,0.44%,0B / 0B,0B / 1.67MB,92
2026-07-31 12:14:10,domain_bridge,0.98%,71.57MiB / 30.66GiB,0.23%,0B / 0B,0B / 5MB,28
2026-07-31 12:14:10,openzen,2.62%,33.92MiB / 30.66GiB,0.11%,0B / 0B,0B / 2.15MB,20
2026-07-31 12:14:13,trav_ros2,101.95%,139.8MiB / 30.66GiB,0.45%,0B / 0B,0B / 1.02MB,44
2026-07-31 12:14:13,docker-recorder-run-d4618acf6366,0.00%,10.3MiB / 30.66GiB,0.03%,0B / 0B,0B / 9.45MB,1
2026-07-31 12:14:13,glim,114.94%,482MiB / 30.66GiB,1.53%,0B / 0B,0B / 11.7MB,35
2026-07-31 12:14:13,ouster,7.78%,121.3MiB / 30.66GiB,0.39%,0B / 0B,0B / 3MB,30
2026-07-31 12:14:13,scovox,105.67%,817.4MiB / 30.66GiB,2.60%,0B / 0B,0B / 3.85MB,53
2026-07-31 12:14:13,mapir-ffmpeg,29.23%,169.9MiB / 30.66GiB,0.54%,0B / 0B,0B / 1.41MB,33
2026-07-31 12:14:13,realsense,17.19%,95.32MiB / 30.66GiB,0.30%,0B / 0B,0B / 3.28MB,33
2026-07-31 12:14:13,nav2,7.46%,137.2MiB / 30.66GiB,0.44%,0B / 0B,0B / 1.67MB,92
2026-07-31 12:14:13,domain_bridge,0.56%,70.84MiB / 30.66GiB,0.23%,0B / 0B,0B / 5MB,28
2026-07-31 12:14:13,openzen,2.61%,33.92MiB / 30.66GiB,0.11%,0B / 0B,0B / 2.15MB,20
2026-07-31 12:14:16,trav_ros2,101.84%,144MiB / 30.66GiB,0.46%,0B / 0B,0B / 1.1MB,44
2026-07-31 12:14:16,docker-recorder-run-d4618acf6366,0.00%,10.3MiB / 30.66GiB,0.03%,0B / 0B,0B / 9.45MB,1
2026-07-31 12:14:16,glim,112.56%,481.8MiB / 30.66GiB,1.53%,0B / 0B,0B / 11.7MB,35
2026-07-31 12:14:16,ouster,8.11%,121.1MiB / 30.66GiB,0.39%,0B / 0B,0B / 3MB,30
2026-07-31 12:14:16,scovox,108.07%,817.8MiB / 30.66GiB,2.60%,0B / 0B,0B / 3.85MB,53
2026-07-31 12:14:16,mapir-ffmpeg,29.78%,170.1MiB / 30.66GiB,0.54%,0B / 0B,0B / 1.41MB,33
2026-07-31 12:14:16,realsense,16.43%,94.82MiB / 30.66GiB,0.30%,0B / 0B,0B / 3.28MB,33
2026-07-31 12:14:16,nav2,7.16%,137.1MiB / 30.66GiB,0.44%,0B / 0B,0B / 1.67MB,92
2026-07-31 12:14:16,domain_bridge,0.69%,71.1MiB / 30.66GiB,0.23%,0B / 0B,0B / 5MB,28
2026-07-31 12:14:16,openzen,2.57%,34.17MiB / 30.66GiB,0.11%,0B / 0B,0B / 2.15MB,20
2026-07-31 12:14:19,trav_ros2,101.53%,143.4MiB / 30.66GiB,0.46%,0B / 0B,0B / 1.1MB,44
2026-07-31 12:14:19,docker-recorder-run-d4618acf6366,0.00%,10.3MiB / 30.66GiB,0.03%,0B / 0B,0B / 9.45MB,1
2026-07-31 12:14:19,glim,114.48%,481.5MiB / 30.66GiB,1.53%,0B / 0B,0B / 11.7MB,35
2026-07-31 12:14:19,ouster,8.16%,121.1MiB / 30.66GiB,0.39%,0B / 0B,0B / 3MB,30
2026-07-31 12:14:19,scovox,105.76%,819.5MiB / 30.66GiB,2.61%,0B / 0B,0B / 3.85MB,53
2026-07-31 12:14:19,mapir-ffmpeg,29.52%,170.4MiB / 30.66GiB,0.54%,0B / 0B,0B / 1.41MB,33
2026-07-31 12:14:19,realsense,16.66%,94.58MiB / 30.66GiB,0.30%,0B / 0B,0B / 3.28MB,33
2026-07-31 12:14:19,nav2,7.73%,137.7MiB / 30.66GiB,0.44%,0B / 0B,0B / 1.67MB,92
2026-07-31 12:14:19,domain_bridge,0.81%,71.55MiB / 30.66GiB,0.23%,0B / 0B,0B / 5MB,28
2026-07-31 12:14:19,openzen,2.57%,33.92MiB / 30.66GiB,0.11%,0B / 0B,0B / 2.15MB,20
2026-07-31 12:14:22,trav_ros2,102.13%,144.1MiB / 30.66GiB,0.46%,0B / 0B,0B / 1.1MB,44
2026-07-31 12:14:22,docker-recorder-run-d4618acf6366,0.00%,10.3MiB / 30.66GiB,0.03%,0B / 0B,0B / 9.45MB,1
2026-07-31 12:14:22,glim,113.64%,482.3MiB / 30.66GiB,1.54%,0B / 0B,0B / 11.7MB,35
2026-07-31 12:14:22,ouster,8.22%,121.1MiB / 30.66GiB,0.39%,0B / 0B,0B / 3MB,30
2026-07-31 12:14:22,scovox,108.46%,785.1MiB / 30.66GiB,2.50%,0B / 0B,0B / 3.85MB,53
2026-07-31 12:14:22,mapir-ffmpeg,29.27%,170.1MiB / 30.66GiB,0.54%,0B / 0B,0B / 1.41MB,33
2026-07-31 12:14:22,realsense,17.08%,95.07MiB / 30.66GiB,0.30%,0B / 0B,0B / 3.28MB,33
2026-07-31 12:14:22,nav2,7.03%,136.7MiB / 30.66GiB,0.44%,0B / 0B,0B / 1.72MB,92
2026-07-31 12:14:22,domain_bridge,0.39%,71.02MiB / 30.66GiB,0.23%,0B / 0B,0B / 5MB,28
2026-07-31 12:14:22,openzen,2.80%,34.16MiB / 30.66GiB,0.11%,0B / 0B,0B / 2.15MB,20
2026-07-31 12:14:25,trav_ros2,102.05%,144MiB / 30.66GiB,0.46%,0B / 0B,0B / 1.1MB,44
2026-07-31 12:14:25,docker-recorder-run-d4618acf6366,0.00%,10.3MiB / 30.66GiB,0.03%,0B / 0B,0B / 9.45MB,1
2026-07-31 12:14:25,glim,116.99%,481.5MiB / 30.66GiB,1.53%,0B / 0B,0B / 11.7MB,35
2026-07-31 12:14:25,ouster,7.59%,120.5MiB / 30.66GiB,0.38%,0B / 0B,0B / 3MB,30
2026-07-31 12:14:25,scovox,108.90%,780.9MiB / 30.66GiB,2.49%,0B / 0B,0B / 3.85MB,53
2026-07-31 12:14:25,mapir-ffmpeg,29.22%,170.4MiB / 30.66GiB,0.54%,0B / 0B,0B / 1.41MB,33
2026-07-31 12:14:25,realsense,16.77%,94.83MiB / 30.66GiB,0.30%,0B / 0B,0B / 3.28MB,33
2026-07-31 12:14:25,nav2,7.05%,137MiB / 30.66GiB,0.44%,0B / 0B,0B / 1.72MB,92
2026-07-31 12:14:25,domain_bridge,3.21%,71.79MiB / 30.66GiB,0.23%,0B / 0B,0B / 5MB,28
2026-07-31 12:14:25,openzen,2.69%,33.92MiB / 30.66GiB,0.11%,0B / 0B,0B / 2.15MB,20
2026-07-31 12:14:29,trav_ros2,101.84%,151.5MiB / 30.66GiB,0.48%,0B / 0B,0B / 1.1MB,44
2026-07-31 12:14:29,docker-recorder-run-d4618acf6366,0.00%,10.3MiB / 30.66GiB,0.03%,0B / 0B,0B / 9.45MB,1
2026-07-31 12:14:29,glim,112.39%,481.5MiB / 30.66GiB,1.53%,0B / 0B,0B / 11.7MB,35
2026-07-31 12:14:29,ouster,7.63%,121.2MiB / 30.66GiB,0.39%,0B / 0B,0B / 3MB,30
2026-07-31 12:14:29,scovox,107.63%,820.4MiB / 30.66GiB,2.61%,0B / 0B,0B / 3.85MB,53
2026-07-31 12:14:29,mapir-ffmpeg,28.79%,169.9MiB / 30.66GiB,0.54%,0B / 0B,0B / 1.41MB,33
2026-07-31 12:14:29,realsense,16.64%,94.58MiB / 30.66GiB,0.30%,0B / 0B,0B / 3.28MB,33
2026-07-31 12:14:29,nav2,6.77%,138.1MiB / 30.66GiB,0.44%,0B / 0B,0B / 1.72MB,92
2026-07-31 12:14:29,domain_bridge,1.02%,73.72MiB / 30.66GiB,0.23%,0B / 0B,0B / 5MB,28
2026-07-31 12:14:29,openzen,2.54%,34.41MiB / 30.66GiB,0.11%,0B / 0B,0B / 2.15MB,20
2026-07-31 12:14:32,trav_ros2,101.46%,144.1MiB / 30.66GiB,0.46%,0B / 0B,0B / 1.1MB,44
2026-07-31 12:14:32,docker-recorder-run-d4618acf6366,0.00%,10.3MiB / 30.66GiB,0.03%,0B / 0B,0B / 9.45MB,1
2026-07-31 12:14:32,glim,111.60%,482MiB / 30.66GiB,1.54%,0B / 0B,0B / 11.7MB,35
2026-07-31 12:14:32,ouster,8.20%,120.9MiB / 30.66GiB,0.39%,0B / 0B,0B / 3MB,30
2026-07-31 12:14:32,scovox,105.18%,845.1MiB / 30.66GiB,2.69%,0B / 0B,0B / 3.85MB,53
2026-07-31 12:14:32,mapir-ffmpeg,29.50%,169.9MiB / 30.66GiB,0.54%,0B / 0B,0B / 1.41MB,33
2026-07-31 12:14:32,realsense,17.04%,95.07MiB / 30.66GiB,0.30%,0B / 0B,0B / 3.28MB,33
2026-07-31 12:14:32,nav2,7.08%,136.5MiB / 30.66GiB,0.43%,0B / 0B,0B / 1.72MB,92
2026-07-31 12:14:32,domain_bridge,11.14%,73.18MiB / 30.66GiB,0.23%,0B / 0B,0B / 5MB,28
2026-07-31 12:14:32,openzen,2.56%,34.16MiB / 30.66GiB,0.11%,0B / 0B,0B / 2.15MB,20
2026-07-31 12:14:35,trav_ros2,101.69%,143.1MiB / 30.66GiB,0.46%,0B / 0B,0B / 1.1MB,44
2026-07-31 12:14:35,docker-recorder-run-d4618acf6366,0.00%,10.3MiB / 30.66GiB,0.03%,0B / 0B,0B / 9.45MB,1
2026-07-31 12:14:35,glim,115.33%,482.1MiB / 30.66GiB,1.54%,0B / 0B,0B / 11.7MB,35
2026-07-31 12:14:35,ouster,8.33%,120.9MiB / 30.66GiB,0.38%,0B / 0B,0B / 3MB,30
2026-07-31 12:14:35,scovox,105.41%,823.5MiB / 30.66GiB,2.62%,0B / 0B,0B / 3.85MB,53
2026-07-31 12:14:35,mapir-ffmpeg,29.33%,169.9MiB / 30.66GiB,0.54%,0B / 0B,0B / 1.41MB,33
2026-07-31 12:14:35,realsense,16.75%,94.58MiB / 30.66GiB,0.30%,0B / 0B,0B / 3.28MB,33
2026-07-31 12:14:35,nav2,7.80%,137.9MiB / 30.66GiB,0.44%,0B / 0B,0B / 1.72MB,92
2026-07-31 12:14:35,domain_bridge,1.06%,73.96MiB / 30.66GiB,0.24%,0B / 0B,0B / 5MB,28
2026-07-31 12:14:35,openzen,2.41%,33.92MiB / 30.66GiB,0.11%,0B / 0B,0B / 2.15MB,20
2026-07-31 12:14:38,trav_ros2,101.48%,143.7MiB / 30.66GiB,0.46%,0B / 0B,0B / 1.1MB,44
2026-07-31 12:14:38,docker-recorder-run-d4618acf6366,0.00%,10.3MiB / 30.66GiB,0.03%,0B / 0B,0B / 9.45MB,1
2026-07-31 12:14:38,glim,114.78%,482MiB / 30.66GiB,1.53%,0B / 0B,0B / 11.7MB,35
2026-07-31 12:14:38,ouster,8.05%,120.9MiB / 30.66GiB,0.39%,0B / 0B,0B / 3MB,30
2026-07-31 12:14:38,scovox,107.53%,820.7MiB / 30.66GiB,2.61%,0B / 0B,0B / 3.85MB,53
2026-07-31 12:14:38,mapir-ffmpeg,30.46%,170.1MiB / 30.66GiB,0.54%,0B / 0B,0B / 1.41MB,33
2026-07-31 12:14:38,realsense,17.22%,94.84MiB / 30.66GiB,0.30%,0B / 0B,0B / 3.28MB,33
2026-07-31 12:14:38,nav2,7.30%,137.1MiB / 30.66GiB,0.44%,0B / 0B,0B / 1.72MB,92
2026-07-31 12:14:38,domain_bridge,6.85%,73.92MiB / 30.66GiB,0.24%,0B / 0B,0B / 5MB,28
2026-07-31 12:14:38,openzen,2.52%,33.92MiB / 30.66GiB,0.11%,0B / 0B,0B / 2.15MB,20
2026-07-31 12:14:41,trav_ros2,101.85%,148.9MiB / 30.66GiB,0.47%,0B / 0B,0B / 1.1MB,44
2026-07-31 12:14:41,docker-recorder-run-d4618acf6366,0.00%,10.3MiB / 30.66GiB,0.03%,0B / 0B,0B / 9.45MB,1
2026-07-31 12:14:41,glim,117.49%,482MiB / 30.66GiB,1.54%,0B / 0B,0B / 11.7MB,35
2026-07-31 12:14:41,ouster,8.01%,120.6MiB / 30.66GiB,0.38%,0B / 0B,0B / 3MB,30
2026-07-31 12:14:41,scovox,106.84%,799.6MiB / 30.66GiB,2.55%,0B / 0B,0B / 3.85MB,53
2026-07-31 12:14:41,mapir-ffmpeg,29.38%,170.1MiB / 30.66GiB,0.54%,0B / 0B,0B / 1.41MB,33
2026-07-31 12:14:41,realsense,17.29%,94.83MiB / 30.66GiB,0.30%,0B / 0B,0B / 3.28MB,33
2026-07-31 12:14:41,nav2,7.03%,137.4MiB / 30.66GiB,0.44%,0B / 0B,0B / 1.72MB,92
2026-07-31 12:14:41,domain_bridge,2.74%,74.22MiB / 30.66GiB,0.24%,0B / 0B,0B / 5MB,28
2026-07-31 12:14:41,openzen,2.47%,34.17MiB / 30.66GiB,0.11%,0B / 0B,0B / 2.15MB,20
2026-07-31 12:14:44,trav_ros2,102.33%,147.6MiB / 30.66GiB,0.47%,0B / 0B,0B / 1.1MB,44
2026-07-31 12:14:44,docker-recorder-run-d4618acf6366,0.00%,10.3MiB / 30.66GiB,0.03%,0B / 0B,0B / 9.45MB,1
2026-07-31 12:14:44,glim,121.84%,481.9MiB / 30.66GiB,1.53%,0B / 0B,0B / 11.7MB,35
2026-07-31 12:14:44,ouster,7.81%,121.4MiB / 30.66GiB,0.39%,0B / 0B,0B / 3MB,30
2026-07-31 12:14:44,scovox,107.59%,815.1MiB / 30.66GiB,2.60%,0B / 0B,0B / 3.85MB,53
2026-07-31 12:14:44,mapir-ffmpeg,29.53%,171.8MiB / 30.66GiB,0.55%,0B / 0B,0B / 1.41MB,33
2026-07-31 12:14:44,realsense,17.25%,94.61MiB / 30.66GiB,0.30%,0B / 0B,0B / 3.28MB,33
2026-07-31 12:14:44,nav2,7.27%,137MiB / 30.66GiB,0.44%,0B / 0B,0B / 1.72MB,92
2026-07-31 12:14:44,domain_bridge,2.38%,73.96MiB / 30.66GiB,0.24%,0B / 0B,0B / 5MB,28
2026-07-31 12:14:44,openzen,2.50%,33.93MiB / 30.66GiB,0.11%,0B / 0B,0B / 2.15MB,20
2026-07-31 12:14:47,trav_ros2,102.16%,145.6MiB / 30.66GiB,0.46%,0B / 0B,0B / 1.18MB,44
2026-07-31 12:14:47,docker-recorder-run-d4618acf6366,0.00%,10.3MiB / 30.66GiB,0.03%,0B / 0B,0B / 9.45MB,1
2026-07-31 12:14:47,glim,113.71%,482.4MiB / 30.66GiB,1.54%,0B / 0B,0B / 11.7MB,35
2026-07-31 12:14:47,ouster,7.52%,121.1MiB / 30.66GiB,0.39%,0B / 0B,0B / 3MB,30
2026-07-31 12:14:47,scovox,105.81%,845.1MiB / 30.66GiB,2.69%,0B / 0B,0B / 3.85MB,53
2026-07-31 12:14:47,mapir-ffmpeg,29.15%,170.4MiB / 30.66GiB,0.54%,0B / 0B,0B / 1.42MB,33
2026-07-31 12:14:47,realsense,17.26%,95.07MiB / 30.66GiB,0.30%,0B / 0B,0B / 3.28MB,33
2026-07-31 12:14:47,nav2,7.05%,136.7MiB / 30.66GiB,0.44%,0B / 0B,0B / 1.72MB,92
2026-07-31 12:14:47,domain_bridge,0.75%,74.33MiB / 30.66GiB,0.24%,0B / 0B,0B / 5MB,28
2026-07-31 12:14:47,openzen,2.57%,34.17MiB / 30.66GiB,0.11%,0B / 0B,0B / 2.15MB,20
2026-07-31 12:14:50,trav_ros2,102.37%,149.3MiB / 30.66GiB,0.48%,0B / 0B,0B / 1.18MB,44
2026-07-31 12:14:50,docker-recorder-run-d4618acf6366,0.00%,10.3MiB / 30.66GiB,0.03%,0B / 0B,0B / 9.45MB,1
2026-07-31 12:14:50,glim,116.50%,481.9MiB / 30.66GiB,1.53%,0B / 0B,0B / 11.7MB,35
2026-07-31 12:14:50,ouster,7.62%,120.9MiB / 30.66GiB,0.38%,0B / 0B,0B / 3MB,30
2026-07-31 12:14:50,scovox,108.07%,833.6MiB / 30.66GiB,2.65%,0B / 0B,0B / 3.88MB,53
2026-07-31 12:14:50,mapir-ffmpeg,29.39%,170.7MiB / 30.66GiB,0.54%,0B / 0B,0B / 1.42MB,33
2026-07-31 12:14:50,realsense,16.80%,95.09MiB / 30.66GiB,0.30%,0B / 0B,0B / 3.28MB,33
2026-07-31 12:14:50,nav2,7.02%,137MiB / 30.66GiB,0.44%,0B / 0B,0B / 1.72MB,92
2026-07-31 12:14:50,domain_bridge,1.89%,75.08MiB / 30.66GiB,0.24%,0B / 0B,0B / 5MB,28
2026-07-31 12:14:50,openzen,2.78%,33.96MiB / 30.66GiB,0.11%,0B / 0B,0B / 2.15MB,20
2026-07-31 12:14:53,trav_ros2,102.31%,152MiB / 30.66GiB,0.48%,0B / 0B,0B / 1.18MB,44
2026-07-31 12:14:53,docker-recorder-run-d4618acf6366,0.00%,10.3MiB / 30.66GiB,0.03%,0B / 0B,0B / 9.45MB,1
2026-07-31 12:14:53,glim,119.49%,481.5MiB / 30.66GiB,1.53%,0B / 0B,0B / 11.7MB,35
2026-07-31 12:14:53,ouster,7.64%,121.6MiB / 30.66GiB,0.39%,0B / 0B,0B / 3MB,30
2026-07-31 12:14:53,scovox,108.69%,862.6MiB / 30.66GiB,2.75%,0B / 0B,0B / 3.88MB,53
2026-07-31 12:14:53,mapir-ffmpeg,30.04%,170.4MiB / 30.66GiB,0.54%,0B / 0B,0B / 1.42MB,33
2026-07-31 12:14:53,realsense,16.66%,95.09MiB / 30.66GiB,0.30%,0B / 0B,0B / 3.28MB,33
2026-07-31 12:14:53,nav2,7.55%,137.1MiB / 30.66GiB,0.44%,0B / 0B,0B / 1.72MB,92
2026-07-31 12:14:53,domain_bridge,0.88%,74.02MiB / 30.66GiB,0.24%,0B / 0B,0B / 5MB,28
2026-07-31 12:14:53,openzen,2.82%,33.69MiB / 30.66GiB,0.11%,0B / 0B,0B / 2.15MB,20
2026-07-31 12:14:56,trav_ros2,102.44%,140.3MiB / 30.66GiB,0.45%,0B / 0B,0B / 1.18MB,44
2026-07-31 12:14:56,docker-recorder-run-d4618acf6366,0.00%,10.3MiB / 30.66GiB,0.03%,0B / 0B,0B / 9.45MB,1
2026-07-31 12:14:56,glim,113.88%,482.3MiB / 30.66GiB,1.54%,0B / 0B,0B / 11.7MB,35
2026-07-31 12:14:56,ouster,7.49%,121MiB / 30.66GiB,0.39%,0B / 0B,0B / 3MB,30
2026-07-31 12:14:56,scovox,126.20%,910.2MiB / 30.66GiB,2.90%,0B / 0B,0B / 3.88MB,53
2026-07-31 12:14:56,mapir-ffmpeg,29.30%,170.1MiB / 30.66GiB,0.54%,0B / 0B,0B / 1.42MB,33
2026-07-31 12:14:56,realsense,16.54%,94.58MiB / 30.66GiB,0.30%,0B / 0B,0B / 3.28MB,33
2026-07-31 12:14:56,nav2,7.28%,137MiB / 30.66GiB,0.44%,0B / 0B,0B / 1.77MB,92
2026-07-31 12:14:56,domain_bridge,0.83%,74.48MiB / 30.66GiB,0.24%,0B / 0B,0B / 5MB,28
2026-07-31 12:14:56,openzen,2.61%,33.68MiB / 30.66GiB,0.11%,0B / 0B,0B / 2.15MB,20
2026-07-31 12:15:00,trav_ros2,101.56%,143.2MiB / 30.66GiB,0.46%,0B / 0B,0B / 1.18MB,44
2026-07-31 12:15:00,docker-recorder-run-d4618acf6366,0.00%,10.3MiB / 30.66GiB,0.03%,0B / 0B,0B / 9.45MB,1
2026-07-31 12:15:00,glim,118.24%,482MiB / 30.66GiB,1.54%,0B / 0B,0B / 11.7MB,35
2026-07-31 12:15:00,ouster,7.98%,121.3MiB / 30.66GiB,0.39%,0B / 0B,0B / 3MB,30
2026-07-31 12:15:00,scovox,106.72%,923.9MiB / 30.66GiB,2.94%,0B / 0B,0B / 3.88MB,53
2026-07-31 12:15:00,mapir-ffmpeg,30.01%,170.6MiB / 30.66GiB,0.54%,0B / 0B,0B / 1.42MB,33
2026-07-31 12:15:00,realsense,16.74%,94.83MiB / 30.66GiB,0.30%,0B / 0B,0B / 3.28MB,33
2026-07-31 12:15:00,nav2,8.09%,137MiB / 30.66GiB,0.44%,0B / 0B,0B / 1.77MB,92
2026-07-31 12:15:00,domain_bridge,1.35%,74.07MiB / 30.66GiB,0.24%,0B / 0B,0B / 5MB,28
2026-07-31 12:15:00,openzen,2.83%,34.67MiB / 30.66GiB,0.11%,0B / 0B,0B / 2.15MB,20
2026-07-31 12:15:03,trav_ros2,101.70%,148.1MiB / 30.66GiB,0.47%,0B / 0B,0B / 1.18MB,44
2026-07-31 12:15:03,docker-recorder-run-d4618acf6366,0.00%,10.3MiB / 30.66GiB,0.03%,0B / 0B,0B / 9.45MB,1
2026-07-31 12:15:03,glim,119.59%,481.6MiB / 30.66GiB,1.53%,0B / 0B,0B / 11.7MB,35
2026-07-31 12:15:03,ouster,7.50%,121.1MiB / 30.66GiB,0.39%,0B / 0B,0B / 3MB,30
2026-07-31 12:15:03,scovox,106.03%,888.2MiB / 30.66GiB,2.83%,0B / 0B,0B / 3.88MB,53
2026-07-31 12:15:03,mapir-ffmpeg,28.72%,170.4MiB / 30.66GiB,0.54%,0B / 0B,0B / 1.42MB,33
2026-07-31 12:15:03,realsense,16.99%,95.31MiB / 30.66GiB,0.30%,0B / 0B,0B / 3.28MB,33
2026-07-31 12:15:03,nav2,6.95%,136.4MiB / 30.66GiB,0.43%,0B / 0B,0B / 1.77MB,92
2026-07-31 12:15:03,domain_bridge,0.59%,74.42MiB / 30.66GiB,0.24%,0B / 0B,0B / 5.02MB,28
2026-07-31 12:15:03,openzen,2.69%,33.68MiB / 30.66GiB,0.11%,0B / 0B,0B / 2.15MB,20
2026-07-31 12:15:06,trav_ros2,101.41%,143.5MiB / 30.66GiB,0.46%,0B / 0B,0B / 1.18MB,44
2026-07-31 12:15:06,docker-recorder-run-d4618acf6366,0.00%,10.3MiB / 30.66GiB,0.03%,0B / 0B,0B / 9.45MB,1
2026-07-31 12:15:06,glim,115.15%,481.4MiB / 30.66GiB,1.53%,0B / 0B,0B / 11.7MB,35
2026-07-31 12:15:06,ouster,7.63%,120.9MiB / 30.66GiB,0.39%,0B / 0B,0B / 3MB,30
2026-07-31 12:15:06,scovox,107.26%,890MiB / 30.66GiB,2.83%,0B / 0B,0B / 3.88MB,53
2026-07-31 12:15:06,mapir-ffmpeg,28.76%,170.4MiB / 30.66GiB,0.54%,0B / 0B,0B / 1.42MB,33
2026-07-31 12:15:06,realsense,16.48%,94.83MiB / 30.66GiB,0.30%,0B / 0B,0B / 3.28MB,33
2026-07-31 12:15:06,nav2,6.97%,136.5MiB / 30.66GiB,0.43%,0B / 0B,0B / 1.77MB,92
2026-07-31 12:15:06,domain_bridge,1.00%,74.79MiB / 30.66GiB,0.24%,0B / 0B,0B / 5.02MB,28
2026-07-31 12:15:06,openzen,2.53%,33.68MiB / 30.66GiB,0.11%,0B / 0B,0B / 2.15MB,20
2026-07-31 12:15:09,trav_ros2,0.79%,144MiB / 30.66GiB,0.46%,0B / 0B,0B / 1.18MB,44
2026-07-31 12:15:09,docker-recorder-run-d4618acf6366,0.00%,10.3MiB / 30.66GiB,0.03%,0B / 0B,0B / 9.45MB,1
2026-07-31 12:15:09,glim,9.43%,480.7MiB / 30.66GiB,1.53%,0B / 0B,0B / 11.7MB,35
2026-07-31 12:15:09,ouster,0.67%,120.8MiB / 30.66GiB,0.38%,0B / 0B,0B / 3MB,30
2026-07-31 12:15:09,scovox,103.94%,926.6MiB / 30.66GiB,2.95%,0B / 0B,0B / 3.88MB,53
2026-07-31 12:15:09,mapir-ffmpeg,28.93%,171.1MiB / 30.66GiB,0.55%,0B / 0B,0B / 1.42MB,33
2026-07-31 12:15:09,realsense,16.34%,95.08MiB / 30.66GiB,0.30%,0B / 0B,0B / 3.28MB,33
2026-07-31 12:15:09,nav2,4.49%,137.9MiB / 30.66GiB,0.44%,0B / 0B,0B / 1.77MB,92
2026-07-31 12:15:09,domain_bridge,0.79%,74.05MiB / 30.66GiB,0.24%,0B / 0B,0B / 5.02MB,28
2026-07-31 12:15:09,openzen,2.25%,34.44MiB / 30.66GiB,0.11%,0B / 0B,0B / 2.15MB,20
2026-07-31 12:15:12,trav_ros2,0.86%,144.2MiB / 30.66GiB,0.46%,0B / 0B,0B / 1.18MB,44
2026-07-31 12:15:12,docker-recorder-run-d4618acf6366,0.00%,10.3MiB / 30.66GiB,0.03%,0B / 0B,0B / 9.45MB,1
2026-07-31 12:15:12,glim,9.17%,481MiB / 30.66GiB,1.53%,0B / 0B,0B / 11.7MB,35
2026-07-31 12:15:12,ouster,0.57%,120.3MiB / 30.66GiB,0.38%,0B / 0B,0B / 3MB,30
2026-07-31 12:15:12,scovox,88.10%,894.6MiB / 30.66GiB,2.85%,0B / 0B,0B / 3.88MB,53
2026-07-31 12:15:12,mapir-ffmpeg,28.23%,170.9MiB / 30.66GiB,0.54%,0B / 0B,0B / 1.42MB,33
2026-07-31 12:15:12,realsense,16.38%,95.32MiB / 30.66GiB,0.30%,0B / 0B,0B / 3.28MB,33
2026-07-31 12:15:12,nav2,4.34%,137.3MiB / 30.66GiB,0.44%,0B / 0B,0B / 1.77MB,92
2026-07-31 12:15:12,domain_bridge,0.90%,74.74MiB / 30.66GiB,0.24%,0B / 0B,0B / 5.02MB,28
2026-07-31 12:15:12,openzen,2.33%,33.92MiB / 30.66GiB,0.11%,0B / 0B,0B / 2.15MB,20
2026-07-31 12:15:15,trav_ros2,0.76%,144.2MiB / 30.66GiB,0.46%,0B / 0B,0B / 1.18MB,44
2026-07-31 12:15:15,docker-recorder-run-d4618acf6366,0.00%,10.3MiB / 30.66GiB,0.03%,0B / 0B,0B / 9.45MB,1
2026-07-31 12:15:15,glim,9.98%,480.3MiB / 30.66GiB,1.53%,0B / 0B,0B / 11.7MB,35
2026-07-31 12:15:15,ouster,0.55%,121.3MiB / 30.66GiB,0.39%,0B / 0B,0B / 3MB,30
2026-07-31 12:15:15,scovox,20.63%,893.7MiB / 30.66GiB,2.85%,0B / 0B,0B / 3.88MB,53
2026-07-31 12:15:15,mapir-ffmpeg,28.43%,170.2MiB / 30.66GiB,0.54%,0B / 0B,0B / 1.42MB,33
2026-07-31 12:15:15,realsense,15.79%,96.06MiB / 30.66GiB,0.31%,0B / 0B,0B / 3.28MB,33
2026-07-31 12:15:15,nav2,4.84%,137.7MiB / 30.66GiB,0.44%,0B / 0B,0B / 1.77MB,92
2026-07-31 12:15:15,domain_bridge,1.53%,74.83MiB / 30.66GiB,0.24%,0B / 0B,0B / 5.02MB,28
2026-07-31 12:15:15,openzen,1.92%,33.68MiB / 30.66GiB,0.11%,0B / 0B,0B / 2.15MB,20
2026-07-31 12:15:18,trav_ros2,0.58%,143.7MiB / 30.66GiB,0.46%,0B / 0B,0B / 1.25MB,44
2026-07-31 12:15:18,docker-recorder-run-d4618acf6366,0.00%,10.3MiB / 30.66GiB,0.03%,0B / 0B,0B / 9.45MB,1
2026-07-31 12:15:18,glim,10.03%,480.6MiB / 30.66GiB,1.53%,0B / 0B,0B / 11.7MB,35
2026-07-31 12:15:18,ouster,0.49%,121.1MiB / 30.66GiB,0.39%,0B / 0B,0B / 3MB,30
2026-07-31 12:15:18,scovox,4.68%,893.8MiB / 30.66GiB,2.85%,0B / 0B,0B / 3.88MB,53
2026-07-31 12:15:18,mapir-ffmpeg,28.72%,170.5MiB / 30.66GiB,0.54%,0B / 0B,0B / 1.42MB,33
2026-07-31 12:15:18,realsense,15.91%,96.07MiB / 30.66GiB,0.31%,0B / 0B,0B / 3.28MB,33
2026-07-31 12:15:18,nav2,3.95%,137.5MiB / 30.66GiB,0.44%,0B / 0B,0B / 1.77MB,92
2026-07-31 12:15:18,domain_bridge,0.92%,74.64MiB / 30.66GiB,0.24%,0B / 0B,0B / 5.02MB,28
2026-07-31 12:15:18,openzen,1.98%,33.93MiB / 30.66GiB,0.11%,0B / 0B,0B / 2.15MB,20
2026-07-31 12:15:21,trav_ros2,96.58%,179.5MiB / 30.66GiB,0.57%,0B / 0B,0B / 1.25MB,44
2026-07-31 12:15:21,docker-recorder-run-d4618acf6366,0.00%,10.3MiB / 30.66GiB,0.03%,0B / 0B,0B / 9.45MB,1
2026-07-31 12:15:21,glim,44.38%,490.4MiB / 30.66GiB,1.56%,0B / 0B,0B / 11.7MB,35
2026-07-31 12:15:21,ouster,7.33%,121MiB / 30.66GiB,0.39%,0B / 0B,0B / 3MB,30
2026-07-31 12:15:21,scovox,6.99%,912.8MiB / 30.66GiB,2.91%,0B / 0B,0B / 3.88MB,53
2026-07-31 12:15:21,mapir-ffmpeg,29.52%,169.9MiB / 30.66GiB,0.54%,0B / 0B,0B / 1.42MB,33
2026-07-31 12:15:21,realsense,16.26%,94.58MiB / 30.66GiB,0.30%,0B / 0B,0B / 3.28MB,33
2026-07-31 12:15:21,nav2,5.47%,136.6MiB / 30.66GiB,0.43%,0B / 0B,0B / 1.77MB,92
2026-07-31 12:15:21,domain_bridge,2.37%,74.82MiB / 30.66GiB,0.24%,0B / 0B,0B / 5.02MB,28
2026-07-31 12:15:21,openzen,2.32%,33.92MiB / 30.66GiB,0.11%,0B / 0B,0B / 2.15MB,20
2026-07-31 12:15:24,trav_ros2,61.45%,124MiB / 30.66GiB,0.40%,0B / 0B,0B / 1.25MB,30
2026-07-31 12:15:24,docker-recorder-run-d4618acf6366,0.00%,10.3MiB / 30.66GiB,0.03%,0B / 0B,0B / 9.45MB,1
2026-07-31 12:15:24,glim,155.33%,514.8MiB / 30.66GiB,1.64%,0B / 0B,77.8kB / 11.7MB,35
2026-07-31 12:15:24,ouster,4.87%,122.1MiB / 30.66GiB,0.39%,0B / 0B,0B / 3MB,30
2026-07-31 12:15:24,scovox,19.28%,893MiB / 30.66GiB,2.84%,0B / 0B,0B / 3.9MB,53
2026-07-31 12:15:24,mapir-ffmpeg,30.76%,170.4MiB / 30.66GiB,0.54%,0B / 0B,0B / 1.43MB,33
2026-07-31 12:15:24,realsense,17.17%,94.58MiB / 30.66GiB,0.30%,0B / 0B,0B / 3.28MB,33
2026-07-31 12:15:24,nav2,6.99%,138.2MiB / 30.66GiB,0.44%,0B / 0B,0B / 1.77MB,92
2026-07-31 12:15:24,domain_bridge,0.64%,75.02MiB / 30.66GiB,0.24%,0B / 0B,0B / 5.02MB,28
2026-07-31 12:15:24,openzen,2.55%,33.93MiB / 30.66GiB,0.11%,0B / 0B,0B / 2.15MB,20
2026-07-31 12:15:27,trav_ros2,29.19%,124.3MiB / 30.66GiB,0.40%,0B / 0B,0B / 1.25MB,30
2026-07-31 12:15:27,docker-recorder-run-d4618acf6366,0.00%,10.3MiB / 30.66GiB,0.03%,0B / 0B,0B / 9.45MB,1
2026-07-31 12:15:27,glim,99.73%,514.6MiB / 30.66GiB,1.64%,0B / 0B,77.8kB / 11.7MB,35
2026-07-31 12:15:27,ouster,8.21%,120.9MiB / 30.66GiB,0.39%,0B / 0B,0B / 3MB,30
2026-07-31 12:15:27,scovox,123.85%,987.8MiB / 30.66GiB,3.15%,0B / 0B,0B / 3.9MB,53
2026-07-31 12:15:27,mapir-ffmpeg,29.31%,170.6MiB / 30.66GiB,0.54%,0B / 0B,0B / 1.43MB,33
2026-07-31 12:15:27,realsense,17.09%,95.33MiB / 30.66GiB,0.30%,0B / 0B,0B / 3.28MB,33
2026-07-31 12:15:27,nav2,5.61%,137.2MiB / 30.66GiB,0.44%,0B / 0B,0B / 1.77MB,92
2026-07-31 12:15:27,domain_bridge,0.49%,74.01MiB / 30.66GiB,0.24%,0B / 0B,0B / 5.02MB,28
2026-07-31 12:15:27,openzen,2.74%,33.93MiB / 30.66GiB,0.11%,0B / 0B,0B / 2.15MB,20
2026-07-31 12:15:30,trav_ros2,29.42%,122.7MiB / 30.66GiB,0.39%,0B / 0B,0B / 1.25MB,30
2026-07-31 12:15:30,docker-recorder-run-d4618acf6366,0.00%,10.3MiB / 30.66GiB,0.03%,0B / 0B,0B / 9.45MB,1
2026-07-31 12:15:30,glim,98.35%,514.2MiB / 30.66GiB,1.64%,0B / 0B,77.8kB / 11.7MB,35
2026-07-31 12:15:30,ouster,7.91%,121.2MiB / 30.66GiB,0.39%,0B / 0B,0B / 3MB,30
2026-07-31 12:15:30,scovox,106.29%,1010MiB / 30.66GiB,3.22%,0B / 0B,0B / 3.9MB,53
2026-07-31 12:15:30,mapir-ffmpeg,28.84%,170.4MiB / 30.66GiB,0.54%,0B / 0B,0B / 1.43MB,33
2026-07-31 12:15:30,realsense,16.85%,95.08MiB / 30.66GiB,0.30%,0B / 0B,0B / 3.28MB,33
2026-07-31 12:15:30,nav2,5.40%,137.3MiB / 30.66GiB,0.44%,0B / 0B,0B / 1.77MB,92
2026-07-31 12:15:30,domain_bridge,0.81%,74.64MiB / 30.66GiB,0.24%,0B / 0B,0B / 5.02MB,28
2026-07-31 12:15:30,openzen,2.79%,33.69MiB / 30.66GiB,0.11%,0B / 0B,0B / 2.15MB,20
2026-07-31 12:15:34,trav_ros2,6.82%,123.2MiB / 30.66GiB,0.39%,0B / 0B,0B / 1.25MB,30
2026-07-31 12:15:34,docker-recorder-run-d4618acf6366,0.00%,10.3MiB / 30.66GiB,0.03%,0B / 0B,0B / 9.45MB,1
2026-07-31 12:15:34,glim,26.17%,515MiB / 30.66GiB,1.64%,0B / 0B,77.8kB / 11.7MB,35
2026-07-31 12:15:34,ouster,2.28%,121.1MiB / 30.66GiB,0.39%,0B / 0B,0B / 3MB,30
2026-07-31 12:15:34,scovox,107.22%,970.7MiB / 30.66GiB,3.09%,0B / 0B,0B / 3.9MB,53
2026-07-31 12:15:34,mapir-ffmpeg,28.67%,170.6MiB / 30.66GiB,0.54%,0B / 0B,0B / 1.43MB,33
2026-07-31 12:15:34,realsense,16.75%,95.57MiB / 30.66GiB,0.30%,0B / 0B,0B / 3.28MB,33
2026-07-31 12:15:34,nav2,5.51%,137MiB / 30.66GiB,0.44%,0B / 0B,0B / 1.8MB,92
2026-07-31 12:15:34,domain_bridge,1.02%,74.36MiB / 30.66GiB,0.24%,0B / 0B,0B / 5.02MB,28
2026-07-31 12:15:34,openzen,2.63%,34.18MiB / 30.66GiB,0.11%,0B / 0B,0B / 2.15MB,20
2026-07-31 12:15:37,trav_ros2,0.43%,124MiB / 30.66GiB,0.39%,0B / 0B,0B / 1.25MB,30
2026-07-31 12:15:37,docker-recorder-run-d4618acf6366,0.00%,10.3MiB / 30.66GiB,0.03%,0B / 0B,0B / 9.45MB,1
2026-07-31 12:15:37,glim,9.56%,513.5MiB / 30.66GiB,1.64%,0B / 0B,77.8kB / 11.7MB,35
2026-07-31 12:15:37,ouster,0.61%,121MiB / 30.66GiB,0.39%,0B / 0B,0B / 3MB,30
2026-07-31 12:15:37,scovox,102.36%,979.1MiB / 30.66GiB,3.12%,0B / 0B,0B / 3.9MB,53
2026-07-31 12:15:37,mapir-ffmpeg,29.33%,170.9MiB / 30.66GiB,0.54%,0B / 0B,0B / 1.43MB,33
2026-07-31 12:15:37,realsense,16.01%,95.32MiB / 30.66GiB,0.30%,0B / 0B,0B / 3.28MB,33
2026-07-31 12:15:37,nav2,4.24%,137.4MiB / 30.66GiB,0.44%,0B / 0B,0B / 1.8MB,92
2026-07-31 12:15:37,domain_bridge,0.98%,75.31MiB / 30.66GiB,0.24%,0B / 0B,0B / 5.02MB,28
2026-07-31 12:15:37,openzen,2.31%,34.18MiB / 30.66GiB,0.11%,0B / 0B,0B / 2.15MB,20
2026-07-31 12:15:40,trav_ros2,0.48%,122.5MiB / 30.66GiB,0.39%,0B / 0B,0B / 1.25MB,30
2026-07-31 12:15:40,docker-recorder-run-d4618acf6366,0.00%,10.3MiB / 30.66GiB,0.03%,0B / 0B,0B / 9.45MB,1
2026-07-31 12:15:40,glim,9.34%,513.1MiB / 30.66GiB,1.63%,0B / 0B,77.8kB / 11.7MB,35
2026-07-31 12:15:40,ouster,0.57%,121.1MiB / 30.66GiB,0.39%,0B / 0B,0B / 3MB,30
2026-07-31 12:15:40,scovox,16.18%,936.6MiB / 30.66GiB,2.98%,0B / 0B,0B / 3.9MB,53
2026-07-31 12:15:40,mapir-ffmpeg,28.32%,170.9MiB / 30.66GiB,0.54%,0B / 0B,0B / 1.43MB,33
2026-07-31 12:15:40,realsense,15.61%,95.09MiB / 30.66GiB,0.30%,0B / 0B,0B / 3.28MB,33
2026-07-31 12:15:40,nav2,4.32%,137.5MiB / 30.66GiB,0.44%,0B / 0B,0B / 1.8MB,92
2026-07-31 12:15:40,domain_bridge,0.88%,74.8MiB / 30.66GiB,0.24%,0B / 0B,0B / 5.02MB,28
2026-07-31 12:15:40,openzen,2.16%,35.44MiB / 30.66GiB,0.11%,0B / 0B,0B / 2.15MB,20
2026-07-31 12:15:43,trav_ros2,0.30%,122MiB / 30.66GiB,0.39%,0B / 0B,0B / 1.25MB,30
2026-07-31 12:15:43,docker-recorder-run-d4618acf6366,0.00%,10.3MiB / 30.66GiB,0.03%,0B / 0B,0B / 9.45MB,1
2026-07-31 12:15:43,glim,9.38%,513.8MiB / 30.66GiB,1.64%,0B / 0B,77.8kB / 11.7MB,35
2026-07-31 12:15:43,ouster,0.39%,120.8MiB / 30.66GiB,0.38%,0B / 0B,0B / 3MB,30
2026-07-31 12:15:43,scovox,5.24%,937.4MiB / 30.66GiB,2.99%,0B / 0B,0B / 3.9MB,53
2026-07-31 12:15:43,mapir-ffmpeg,28.07%,169.9MiB / 30.66GiB,0.54%,0B / 0B,0B / 1.43MB,33
2026-07-31 12:15:43,realsense,15.64%,95.09MiB / 30.66GiB,0.30%,0B / 0B,0B / 3.28MB,33
2026-07-31 12:15:43,nav2,3.62%,137MiB / 30.66GiB,0.44%,0B / 0B,0B / 1.8MB,92
2026-07-31 12:15:43,domain_bridge,0.38%,75.7MiB / 30.66GiB,0.24%,0B / 0B,0B / 5.02MB,28
2026-07-31 12:15:43,openzen,2.00%,34.17MiB / 30.66GiB,0.11%,0B / 0B,0B / 2.15MB,20
2026-07-31 12:15:46,trav_ros2,0.31%,122.8MiB / 30.66GiB,0.39%,0B / 0B,0B / 1.25MB,30
2026-07-31 12:15:46,docker-recorder-run-d4618acf6366,0.00%,10.3MiB / 30.66GiB,0.03%,0B / 0B,0B / 9.45MB,1
2026-07-31 12:15:46,glim,9.85%,513.1MiB / 30.66GiB,1.63%,0B / 0B,77.8kB / 11.7MB,35
2026-07-31 12:15:46,ouster,0.28%,120.6MiB / 30.66GiB,0.38%,0B / 0B,0B / 3MB,30
2026-07-31 12:15:46,scovox,3.20%,936.8MiB / 30.66GiB,2.98%,0B / 0B,0B / 3.9MB,53
2026-07-31 12:15:46,mapir-ffmpeg,28.88%,170.4MiB / 30.66GiB,0.54%,0B / 0B,0B / 1.43MB,33
2026-07-31 12:15:46,realsense,15.06%,95.08MiB / 30.66GiB,0.30%,0B / 0B,0B / 3.28MB,33
2026-07-31 12:15:46,nav2,3.52%,138.3MiB / 30.66GiB,0.44%,0B / 0B,0B / 1.8MB,92
2026-07-31 12:15:46,domain_bridge,0.59%,75.05MiB / 30.66GiB,0.24%,0B / 0B,0B / 5.02MB,28
2026-07-31 12:15:46,openzen,1.90%,34.66MiB / 30.66GiB,0.11%,0B / 0B,0B / 2.15MB,20
2026-07-31 12:15:49,trav_ros2,0.48%,122.7MiB / 30.66GiB,0.39%,0B / 0B,0B / 1.28MB,30
2026-07-31 12:15:49,docker-recorder-run-d4618acf6366,0.00%,10.3MiB / 30.66GiB,0.03%,0B / 0B,0B / 9.45MB,1
2026-07-31 12:15:49,glim,10.38%,513.4MiB / 30.66GiB,1.63%,0B / 0B,77.8kB / 11.7MB,35
2026-07-31 12:15:49,ouster,0.49%,121MiB / 30.66GiB,0.39%,0B / 0B,0B / 3MB,30
2026-07-31 12:15:49,scovox,17.53%,936.6MiB / 30.66GiB,2.98%,0B / 0B,0B / 3.9MB,53
2026-07-31 12:15:49,mapir-ffmpeg,28.58%,170.9MiB / 30.66GiB,0.54%,0B / 0B,0B / 1.43MB,33
2026-07-31 12:15:49,realsense,16.32%,95.11MiB / 30.66GiB,0.30%,0B / 0B,0B / 3.28MB,33
2026-07-31 12:15:49,nav2,4.13%,137.6MiB / 30.66GiB,0.44%,0B / 0B,0B / 1.8MB,92
2026-07-31 12:15:49,domain_bridge,1.06%,74.7MiB / 30.66GiB,0.24%,0B / 0B,0B / 5.02MB,28
2026-07-31 12:15:49,openzen,1.96%,33.97MiB / 30.66GiB,0.11%,0B / 0B,0B / 2.15MB,20
2026-07-31 12:15:52,trav_ros2,0.52%,123.5MiB / 30.66GiB,0.39%,0B / 0B,0B / 1.28MB,30
2026-07-31 12:15:52,docker-recorder-run-d4618acf6366,0.00%,10.3MiB / 30.66GiB,0.03%,0B / 0B,0B / 9.45MB,1
2026-07-31 12:15:52,glim,9.52%,513.5MiB / 30.66GiB,1.64%,0B / 0B,77.8kB / 11.7MB,35
2026-07-31 12:15:52,ouster,0.42%,120.8MiB / 30.66GiB,0.38%,0B / 0B,0B / 3MB,30
2026-07-31 12:15:52,scovox,11.76%,990.5MiB / 30.66GiB,3.15%,0B / 0B,0B / 3.9MB,53
2026-07-31 12:15:52,mapir-ffmpeg,27.82%,170.1MiB / 30.66GiB,0.54%,0B / 0B,0B / 1.43MB,33
2026-07-31 12:15:52,realsense,15.84%,95.36MiB / 30.66GiB,0.30%,0B / 0B,0B / 3.28MB,33
2026-07-31 12:15:52,nav2,3.78%,137MiB / 30.66GiB,0.44%,0B / 0B,0B / 1.8MB,92
2026-07-31 12:15:52,domain_bridge,0.56%,75.06MiB / 30.66GiB,0.24%,0B / 0B,0B / 5.02MB,28
2026-07-31 12:15:52,openzen,2.09%,33.96MiB / 30.66GiB,0.11%,0B / 0B,0B / 2.15MB,20
2026-07-31 12:15:55,trav_ros2,0.59%,123MiB / 30.66GiB,0.39%,0B / 0B,0B / 1.28MB,30
2026-07-31 12:15:55,docker-recorder-run-d4618acf6366,0.00%,10.3MiB / 30.66GiB,0.03%,0B / 0B,0B / 9.45MB,1
2026-07-31 12:15:55,glim,22.86%,514.1MiB / 30.66GiB,1.64%,0B / 0B,77.8kB / 11.7MB,35
2026-07-31 12:15:55,ouster,0.57%,121.3MiB / 30.66GiB,0.39%,0B / 0B,0B / 3MB,30
2026-07-31 12:15:55,scovox,4.97%,990.5MiB / 30.66GiB,3.15%,0B / 0B,0B / 3.9MB,53
2026-07-31 12:15:55,mapir-ffmpeg,28.43%,170.9MiB / 30.66GiB,0.54%,0B / 0B,0B / 1.43MB,33
2026-07-31 12:15:55,realsense,15.99%,95.33MiB / 30.66GiB,0.30%,0B / 0B,0B / 3.28MB,33
2026-07-31 12:15:55,nav2,4.79%,137.2MiB / 30.66GiB,0.44%,0B / 0B,0B / 1.8MB,92
2026-07-31 12:15:55,domain_bridge,1.34%,74.54MiB / 30.66GiB,0.24%,0B / 0B,0B / 5.02MB,28
2026-07-31 12:15:55,openzen,2.04%,33.71MiB / 30.66GiB,0.11%,0B / 0B,0B / 2.15MB,20
2026-07-31 12:15:58,trav_ros2,0.32%,122.3MiB / 30.66GiB,0.39%,0B / 0B,0B / 1.29MB,30
2026-07-31 12:15:58,docker-recorder-run-d4618acf6366,0.00%,10.3MiB / 30.66GiB,0.03%,0B / 0B,0B / 9.45MB,1
2026-07-31 12:15:58,glim,9.06%,512.9MiB / 30.66GiB,1.63%,0B / 0B,77.8kB / 11.7MB,35
2026-07-31 12:15:58,ouster,0.40%,121.1MiB / 30.66GiB,0.39%,0B / 0B,0B / 3MB,30
2026-07-31 12:15:58,scovox,2.84%,990.8MiB / 30.66GiB,3.16%,0B / 0B,0B / 3.92MB,53
2026-07-31 12:15:58,mapir-ffmpeg,27.91%,170.7MiB / 30.66GiB,0.54%,0B / 0B,0B / 1.45MB,33
2026-07-31 12:15:58,realsense,16.25%,95.59MiB / 30.66GiB,0.30%,0B / 0B,0B / 3.28MB,33
2026-07-31 12:15:58,nav2,3.68%,137MiB / 30.66GiB,0.44%,0B / 0B,0B / 1.8MB,92
2026-07-31 12:15:58,domain_bridge,0.36%,74.76MiB / 30.66GiB,0.24%,0B / 0B,0B / 5.02MB,28
2026-07-31 12:15:58,openzen,1.90%,33.94MiB / 30.66GiB,0.11%,0B / 0B,0B / 2.15MB,20
2026-07-31 12:16:01,trav_ros2,29.90%,123.1MiB / 30.66GiB,0.39%,0B / 0B,0B / 1.29MB,30
2026-07-31 12:16:01,docker-recorder-run-d4618acf6366,0.00%,10.3MiB / 30.66GiB,0.03%,0B / 0B,0B / 9.45MB,1
2026-07-31 12:16:01,glim,88.61%,514.3MiB / 30.66GiB,1.64%,0B / 0B,77.8kB / 11.7MB,35
2026-07-31 12:16:01,ouster,7.40%,121.4MiB / 30.66GiB,0.39%,0B / 0B,0B / 3MB,30
2026-07-31 12:16:01,scovox,6.23%,990.9MiB / 30.66GiB,3.16%,0B / 0B,0B / 3.92MB,53
2026-07-31 12:16:01,mapir-ffmpeg,28.62%,170.2MiB / 30.66GiB,0.54%,0B / 0B,0B / 1.45MB,33
2026-07-31 12:16:01,realsense,16.19%,94.83MiB / 30.66GiB,0.30%,0B / 0B,0B / 3.28MB,33
2026-07-31 12:16:01,nav2,5.06%,137.2MiB / 30.66GiB,0.44%,0B / 0B,0B / 1.8MB,92
2026-07-31 12:16:01,domain_bridge,1.72%,74.74MiB / 30.66GiB,0.24%,0B / 0B,0B / 5.02MB,28
2026-07-31 12:16:01,openzen,2.28%,33.93MiB / 30.66GiB,0.11%,0B / 0B,0B / 2.15MB,20
2026-07-31 12:16:04,trav_ros2,28.52%,122.4MiB / 30.66GiB,0.39%,0B / 0B,0B / 1.29MB,30
2026-07-31 12:16:04,docker-recorder-run-d4618acf6366,0.00%,10.3MiB / 30.66GiB,0.03%,0B / 0B,0B / 9.45MB,1
2026-07-31 12:16:04,glim,99.53%,514.4MiB / 30.66GiB,1.64%,0B / 0B,77.8kB / 11.7MB,35
2026-07-31 12:16:04,ouster,7.68%,121.2MiB / 30.66GiB,0.39%,0B / 0B,0B / 3MB,30
2026-07-31 12:16:04,scovox,118.84%,1.106GiB / 30.66GiB,3.61%,0B / 0B,0B / 3.92MB,53
2026-07-31 12:16:04,mapir-ffmpeg,28.86%,170.4MiB / 30.66GiB,0.54%,0B / 0B,0B / 1.45MB,33
2026-07-31 12:16:04,realsense,17.16%,94.83MiB / 30.66GiB,0.30%,0B / 0B,0B / 3.28MB,33
2026-07-31 12:16:04,nav2,5.41%,137.1MiB / 30.66GiB,0.44%,0B / 0B,0B / 1.8MB,92
2026-07-31 12:16:04,domain_bridge,0.42%,74.61MiB / 30.66GiB,0.24%,0B / 0B,0B / 5.02MB,28
2026-07-31 12:16:04,openzen,2.69%,33.93MiB / 30.66GiB,0.11%,0B / 0B,0B / 2.15MB,20
2026-07-31 12:16:08,trav_ros2,22.56%,124.1MiB / 30.66GiB,0.40%,0B / 0B,0B / 1.29MB,30
2026-07-31 12:16:08,docker-recorder-run-d4618acf6366,0.00%,10.3MiB / 30.66GiB,0.03%,0B / 0B,0B / 9.45MB,1
2026-07-31 12:16:08,glim,71.44%,514.5MiB / 30.66GiB,1.64%,0B / 0B,77.8kB / 11.7MB,35
2026-07-31 12:16:08,ouster,6.13%,121MiB / 30.66GiB,0.39%,0B / 0B,0B / 3MB,30
2026-07-31 12:16:08,scovox,104.22%,1.129GiB / 30.66GiB,3.68%,0B / 0B,0B / 3.92MB,53
2026-07-31 12:16:08,mapir-ffmpeg,29.08%,169.9MiB / 30.66GiB,0.54%,0B / 0B,0B / 1.45MB,33
2026-07-31 12:16:08,realsense,16.63%,94.83MiB / 30.66GiB,0.30%,0B / 0B,0B / 3.28MB,33
2026-07-31 12:16:08,nav2,5.13%,136.8MiB / 30.66GiB,0.44%,0B / 0B,0B / 1.82MB,92
2026-07-31 12:16:08,domain_bridge,0.57%,74.28MiB / 30.66GiB,0.24%,0B / 0B,0B / 5.02MB,28
2026-07-31 12:16:08,openzen,2.47%,33.68MiB / 30.66GiB,0.11%,0B / 0B,0B / 2.15MB,20
2026-07-31 12:16:11,trav_ros2,28.76%,122.6MiB / 30.66GiB,0.39%,0B / 0B,0B / 1.29MB,30
2026-07-31 12:16:11,docker-recorder-run-d4618acf6366,0.00%,10.3MiB / 30.66GiB,0.03%,0B / 0B,0B / 9.45MB,1
2026-07-31 12:16:11,glim,98.74%,514.5MiB / 30.66GiB,1.64%,0B / 0B,77.8kB / 11.7MB,35
2026-07-31 12:16:11,ouster,7.90%,120.9MiB / 30.66GiB,0.39%,0B / 0B,0B / 3MB,30
2026-07-31 12:16:11,scovox,104.28%,1.083GiB / 30.66GiB,3.53%,0B / 0B,0B / 3.92MB,53
2026-07-31 12:16:11,mapir-ffmpeg,29.68%,169.9MiB / 30.66GiB,0.54%,0B / 0B,0B / 1.45MB,33
2026-07-31 12:16:11,realsense,16.75%,95.07MiB / 30.66GiB,0.30%,0B / 0B,0B / 3.28MB,33
2026-07-31 12:16:11,nav2,5.44%,138.1MiB / 30.66GiB,0.44%,0B / 0B,0B / 1.82MB,92
2026-07-31 12:16:11,domain_bridge,0.97%,74.62MiB / 30.66GiB,0.24%,0B / 0B,0B / 5.02MB,28
2026-07-31 12:16:11,openzen,2.64%,33.93MiB / 30.66GiB,0.11%,0B / 0B,0B / 2.15MB,20
2026-07-31 12:16:14,trav_ros2,0.54%,122.6MiB / 30.66GiB,0.39%,0B / 0B,0B / 1.29MB,30
2026-07-31 12:16:14,docker-recorder-run-d4618acf6366,0.00%,10.3MiB / 30.66GiB,0.03%,0B / 0B,0B / 9.45MB,1
2026-07-31 12:16:14,glim,9.31%,514.3MiB / 30.66GiB,1.64%,0B / 0B,77.8kB / 11.7MB,35
2026-07-31 12:16:14,ouster,0.66%,121.2MiB / 30.66GiB,0.39%,0B / 0B,0B / 3MB,30
2026-07-31 12:16:14,scovox,105.43%,1.084GiB / 30.66GiB,3.53%,0B / 0B,0B / 3.92MB,53
2026-07-31 12:16:14,mapir-ffmpeg,28.99%,170.9MiB / 30.66GiB,0.54%,0B / 0B,0B / 1.45MB,33
2026-07-31 12:16:14,realsense,16.15%,95.58MiB / 30.66GiB,0.30%,0B / 0B,0B / 3.28MB,33
2026-07-31 12:16:14,nav2,4.77%,136.8MiB / 30.66GiB,0.44%,0B / 0B,0B / 1.82MB,92
2026-07-31 12:16:14,domain_bridge,0.76%,75.75MiB / 30.66GiB,0.24%,0B / 0B,0B / 5.02MB,28
2026-07-31 12:16:14,openzen,2.13%,33.95MiB / 30.66GiB,0.11%,0B / 0B,0B / 2.15MB,20
2026-07-31 12:16:17,trav_ros2,0.41%,123.1MiB / 30.66GiB,0.39%,0B / 0B,0B / 1.33MB,30
2026-07-31 12:16:17,docker-recorder-run-d4618acf6366,0.00%,10.3MiB / 30.66GiB,0.03%,0B / 0B,0B / 9.45MB,1
2026-07-31 12:16:17,glim,9.48%,513.8MiB / 30.66GiB,1.64%,0B / 0B,77.8kB / 11.7MB,35
2026-07-31 12:16:17,ouster,0.54%,120.6MiB / 30.66GiB,0.38%,0B / 0B,0B / 3MB,30
2026-07-31 12:16:17,scovox,92.74%,1.077GiB / 30.66GiB,3.51%,0B / 0B,0B / 3.92MB,53
2026-07-31 12:16:17,mapir-ffmpeg,28.79%,170.4MiB / 30.66GiB,0.54%,0B / 0B,0B / 1.45MB,33
2026-07-31 12:16:17,realsense,16.24%,95.34MiB / 30.66GiB,0.30%,0B / 0B,0B / 3.28MB,33
2026-07-31 12:16:17,nav2,4.34%,138.1MiB / 30.66GiB,0.44%,0B / 0B,0B / 1.82MB,92
2026-07-31 12:16:17,domain_bridge,0.90%,75.93MiB / 30.66GiB,0.24%,0B / 0B,0B / 5.02MB,28
2026-07-31 12:16:17,openzen,2.15%,33.93MiB / 30.66GiB,0.11%,0B / 0B,0B / 2.15MB,20
2026-07-31 12:16:20,trav_ros2,3.13%,123.2MiB / 30.66GiB,0.39%,0B / 0B,0B / 1.33MB,30
2026-07-31 12:16:20,docker-recorder-run-d4618acf6366,0.00%,10.3MiB / 30.66GiB,0.03%,0B / 0B,0B / 9.45MB,1
2026-07-31 12:16:20,glim,17.38%,513.4MiB / 30.66GiB,1.64%,0B / 0B,77.8kB / 11.7MB,35
2026-07-31 12:16:20,ouster,1.12%,121.3MiB / 30.66GiB,0.39%,0B / 0B,0B / 3MB,30
2026-07-31 12:16:20,scovox,21.51%,1.041GiB / 30.66GiB,3.40%,0B / 0B,0B / 3.92MB,53
2026-07-31 12:16:20,mapir-ffmpeg,28.25%,170.4MiB / 30.66GiB,0.54%,0B / 0B,0B / 1.45MB,33
2026-07-31 12:16:20,realsense,15.92%,94.62MiB / 30.66GiB,0.30%,0B / 0B,0B / 3.28MB,33
2026-07-31 12:16:20,nav2,4.15%,137.5MiB / 30.66GiB,0.44%,0B / 0B,0B / 1.82MB,92
2026-07-31 12:16:20,domain_bridge,0.62%,75.06MiB / 30.66GiB,0.24%,0B / 0B,0B / 5.02MB,28
2026-07-31 12:16:20,openzen,2.17%,34.41MiB / 30.66GiB,0.11%,0B / 0B,0B / 2.15MB,20
2026-07-31 12:16:23,trav_ros2,22.96%,158.8MiB / 30.66GiB,0.51%,0B / 0B,0B / 1.33MB,30
2026-07-31 12:16:23,docker-recorder-run-d4618acf6366,0.00%,10.3MiB / 30.66GiB,0.03%,0B / 0B,0B / 9.45MB,1
2026-07-31 12:16:23,glim,46.88%,514.1MiB / 30.66GiB,1.64%,0B / 0B,77.8kB / 11.7MB,35
2026-07-31 12:16:23,ouster,7.30%,121.1MiB / 30.66GiB,0.39%,0B / 0B,0B / 3MB,30
2026-07-31 12:16:23,scovox,3.90%,1.059GiB / 30.66GiB,3.45%,0B / 0B,0B / 3.92MB,53
2026-07-31 12:16:23,mapir-ffmpeg,28.54%,170.4MiB / 30.66GiB,0.54%,0B / 0B,0B / 1.45MB,33
2026-07-31 12:16:23,realsense,15.90%,94.82MiB / 30.66GiB,0.30%,0B / 0B,0B / 3.28MB,33
2026-07-31 12:16:23,nav2,4.62%,137.3MiB / 30.66GiB,0.44%,0B / 0B,0B / 1.82MB,92
2026-07-31 12:16:23,domain_bridge,0.30%,74.94MiB / 30.66GiB,0.24%,0B / 0B,0B / 5.02MB,28
2026-07-31 12:16:23,openzen,2.25%,33.68MiB / 30.66GiB,0.11%,0B / 0B,0B / 2.15MB,20
2026-07-31 12:16:26,trav_ros2,30.20%,123.3MiB / 30.66GiB,0.39%,0B / 0B,0B / 1.33MB,30
2026-07-31 12:16:26,docker-recorder-run-d4618acf6366,0.00%,10.3MiB / 30.66GiB,0.03%,0B / 0B,0B / 9.45MB,1
2026-07-31 12:16:26,glim,104.53%,498.4MiB / 30.66GiB,1.59%,0B / 0B,77.8kB / 11.7MB,35
2026-07-31 12:16:26,ouster,7.53%,120.8MiB / 30.66GiB,0.38%,0B / 0B,0B / 3MB,30
2026-07-31 12:16:26,scovox,64.63%,1.092GiB / 30.66GiB,3.56%,0B / 0B,0B / 3.92MB,53
2026-07-31 12:16:26,mapir-ffmpeg,28.57%,170.4MiB / 30.66GiB,0.54%,0B / 0B,0B / 1.45MB,33
2026-07-31 12:16:26,realsense,16.75%,95.08MiB / 30.66GiB,0.30%,0B / 0B,0B / 3.28MB,33
2026-07-31 12:16:26,nav2,5.29%,136.6MiB / 30.66GiB,0.44%,0B / 0B,0B / 1.82MB,92
2026-07-31 12:16:26,domain_bridge,1.32%,74.43MiB / 30.66GiB,0.24%,0B / 0B,0B / 5.02MB,28
2026-07-31 12:16:26,openzen,2.34%,34.18MiB / 30.66GiB,0.11%,0B / 0B,0B / 2.15MB,20
2026-07-31 12:16:29,trav_ros2,15.03%,122.3MiB / 30.66GiB,0.39%,0B / 0B,0B / 1.33MB,30
2026-07-31 12:16:29,docker-recorder-run-d4618acf6366,0.00%,10.3MiB / 30.66GiB,0.03%,0B / 0B,0B / 9.45MB,1
2026-07-31 12:16:29,glim,54.52%,497.8MiB / 30.66GiB,1.59%,0B / 0B,77.8kB / 11.8MB,35
2026-07-31 12:16:29,ouster,3.72%,120.8MiB / 30.66GiB,0.38%,0B / 0B,0B / 3MB,30
2026-07-31 12:16:29,scovox,105.43%,1.148GiB / 30.66GiB,3.74%,0B / 0B,0B / 3.92MB,53
2026-07-31 12:16:29,mapir-ffmpeg,28.58%,170.1MiB / 30.66GiB,0.54%,0B / 0B,0B / 1.45MB,33
2026-07-31 12:16:29,realsense,16.94%,95.34MiB / 30.66GiB,0.30%,0B / 0B,0B / 3.28MB,33
2026-07-31 12:16:29,nav2,5.26%,137.1MiB / 30.66GiB,0.44%,0B / 0B,0B / 1.82MB,92
2026-07-31 12:16:29,domain_bridge,0.71%,74.49MiB / 30.66GiB,0.24%,0B / 0B,0B / 5.02MB,28
2026-07-31 12:16:29,openzen,2.71%,33.68MiB / 30.66GiB,0.11%,0B / 0B,0B / 2.15MB,20
2026-07-31 12:16:32,trav_ros2,0.38%,122.9MiB / 30.66GiB,0.39%,0B / 0B,0B / 1.33MB,30
2026-07-31 12:16:32,docker-recorder-run-d4618acf6366,0.00%,10.3MiB / 30.66GiB,0.03%,0B / 0B,0B / 9.45MB,1
2026-07-31 12:16:32,glim,9.18%,496.9MiB / 30.66GiB,1.58%,0B / 0B,77.8kB / 11.8MB,35
2026-07-31 12:16:32,ouster,0.43%,120.3MiB / 30.66GiB,0.38%,0B / 0B,0B / 3MB,30
2026-07-31 12:16:32,scovox,103.07%,1.131GiB / 30.66GiB,3.69%,0B / 0B,0B / 3.92MB,53
2026-07-31 12:16:32,mapir-ffmpeg,29.21%,170.4MiB / 30.66GiB,0.54%,0B / 0B,0B / 1.46MB,33
2026-07-31 12:16:32,realsense,16.52%,95.14MiB / 30.66GiB,0.30%,0B / 0B,0B / 3.28MB,33
2026-07-31 12:16:32,nav2,4.34%,136.7MiB / 30.66GiB,0.44%,0B / 0B,0B / 1.82MB,92
2026-07-31 12:16:32,domain_bridge,0.31%,74.21MiB / 30.66GiB,0.24%,0B / 0B,0B / 5.02MB,28
2026-07-31 12:16:32,openzen,2.51%,33.94MiB / 30.66GiB,0.11%,0B / 0B,0B / 2.15MB,20
2026-07-31 12:16:35,trav_ros2,23.27%,143MiB / 30.66GiB,0.46%,0B / 0B,0B / 1.33MB,30
2026-07-31 12:16:35,docker-recorder-run-d4618acf6366,0.00%,10.3MiB / 30.66GiB,0.03%,0B / 0B,0B / 9.45MB,1
2026-07-31 12:16:35,glim,45.95%,497.4MiB / 30.66GiB,1.58%,0B / 0B,77.8kB / 11.8MB,35
2026-07-31 12:16:35,ouster,8.52%,121MiB / 30.66GiB,0.39%,0B / 0B,0B / 3MB,30
2026-07-31 12:16:35,scovox,18.17%,1.126GiB / 30.66GiB,3.67%,0B / 0B,0B / 3.94MB,53
2026-07-31 12:16:35,mapir-ffmpeg,29.68%,171.3MiB / 30.66GiB,0.55%,0B / 0B,0B / 1.46MB,33
2026-07-31 12:16:35,realsense,16.11%,95.31MiB / 30.66GiB,0.30%,0B / 0B,0B / 3.28MB,33
2026-07-31 12:16:35,nav2,5.82%,137.5MiB / 30.66GiB,0.44%,0B / 0B,0B / 1.82MB,92
2026-07-31 12:16:35,domain_bridge,1.24%,74.43MiB / 30.66GiB,0.24%,0B / 0B,0B / 5.02MB,28
2026-07-31 12:16:35,openzen,2.44%,33.7MiB / 30.66GiB,0.11%,0B / 0B,0B / 2.15MB,20
2026-07-31 12:16:39,trav_ros2,26.22%,122.3MiB / 30.66GiB,0.39%,0B / 0B,0B / 1.33MB,30
2026-07-31 12:16:39,docker-recorder-run-d4618acf6366,0.00%,10.3MiB / 30.66GiB,0.03%,0B / 0B,0B / 9.45MB,1
2026-07-31 12:16:39,glim,9.56%,497.7MiB / 30.66GiB,1.59%,0B / 0B,77.8kB / 11.8MB,35
2026-07-31 12:16:39,ouster,0.36%,120.9MiB / 30.66GiB,0.38%,0B / 0B,0B / 3MB,30
2026-07-31 12:16:39,scovox,3.47%,1.108GiB / 30.66GiB,3.61%,0B / 0B,0B / 3.94MB,53
2026-07-31 12:16:39,mapir-ffmpeg,28.48%,170.7MiB / 30.66GiB,0.54%,0B / 0B,0B / 1.46MB,33
2026-07-31 12:16:39,realsense,15.61%,95.09MiB / 30.66GiB,0.30%,0B / 0B,0B / 3.28MB,33
2026-07-31 12:16:39,nav2,3.74%,136.4MiB / 30.66GiB,0.43%,0B / 0B,0B / 1.82MB,92
2026-07-31 12:16:39,domain_bridge,0.55%,74.37MiB / 30.66GiB,0.24%,0B / 0B,0B / 5.02MB,28
2026-07-31 12:16:39,openzen,2.13%,33.71MiB / 30.66GiB,0.11%,0B / 0B,0B / 2.15MB,20
2026-07-31 12:16:42,trav_ros2,0.34%,122.9MiB / 30.66GiB,0.39%,0B / 0B,0B / 1.33MB,30
2026-07-31 12:16:42,docker-recorder-run-d4618acf6366,0.00%,10.3MiB / 30.66GiB,0.03%,0B / 0B,0B / 9.45MB,1
2026-07-31 12:16:42,glim,10.20%,497.2MiB / 30.66GiB,1.58%,0B / 0B,77.8kB / 11.8MB,35
2026-07-31 12:16:42,ouster,0.33%,120.7MiB / 30.66GiB,0.38%,0B / 0B,0B / 3MB,30
2026-07-31 12:16:42,scovox,3.62%,1.108GiB / 30.66GiB,3.61%,0B / 0B,0B / 3.94MB,53
2026-07-31 12:16:42,mapir-ffmpeg,27.56%,170.4MiB / 30.66GiB,0.54%,0B / 0B,0B / 1.46MB,33
2026-07-31 12:16:42,realsense,15.88%,95.32MiB / 30.66GiB,0.30%,0B / 0B,0B / 3.28MB,33
2026-07-31 12:16:42,nav2,3.66%,136.8MiB / 30.66GiB,0.44%,0B / 0B,0B / 1.84MB,92
2026-07-31 12:16:42,domain_bridge,0.96%,75.52MiB / 30.66GiB,0.24%,0B / 0B,0B / 5.02MB,28
2026-07-31 12:16:42,openzen,1.90%,33.7MiB / 30.66GiB,0.11%,0B / 0B,0B / 2.15MB,20
2026-07-31 12:16:45,trav_ros2,23.58%,153.1MiB / 30.66GiB,0.49%,0B / 0B,0B / 1.33MB,30
2026-07-31 12:16:45,docker-recorder-run-d4618acf6366,0.00%,10.3MiB / 30.66GiB,0.03%,0B / 0B,0B / 9.45MB,1
2026-07-31 12:16:45,glim,101.62%,497.9MiB / 30.66GiB,1.59%,0B / 0B,77.8kB / 11.8MB,35
2026-07-31 12:16:45,ouster,7.60%,121.4MiB / 30.66GiB,0.39%,0B / 0B,0B / 3MB,30
2026-07-31 12:16:45,scovox,3.85%,1.146GiB / 30.66GiB,3.74%,0B / 0B,0B / 3.94MB,53
2026-07-31 12:16:45,mapir-ffmpeg,28.62%,170.1MiB / 30.66GiB,0.54%,0B / 0B,0B / 1.46MB,33
2026-07-31 12:16:45,realsense,16.44%,94.59MiB / 30.66GiB,0.30%,0B / 0B,0B / 3.28MB,33
2026-07-31 12:16:45,nav2,5.65%,137.3MiB / 30.66GiB,0.44%,0B / 0B,0B / 1.84MB,92
2026-07-31 12:16:45,domain_bridge,0.58%,74.64MiB / 30.66GiB,0.24%,0B / 0B,0B / 5.02MB,28
2026-07-31 12:16:45,openzen,2.39%,34.21MiB / 30.66GiB,0.11%,0B / 0B,0B / 2.15MB,20
2026-07-31 12:16:48,trav_ros2,29.52%,124MiB / 30.66GiB,0.39%,0B / 0B,0B / 1.33MB,30
2026-07-31 12:16:48,docker-recorder-run-d4618acf6366,0.00%,10.3MiB / 30.66GiB,0.03%,0B / 0B,0B / 9.45MB,1
2026-07-31 12:16:48,glim,102.16%,498.2MiB / 30.66GiB,1.59%,0B / 0B,77.8kB / 11.8MB,35
2026-07-31 12:16:48,ouster,7.74%,120.7MiB / 30.66GiB,0.38%,0B / 0B,0B / 3MB,30
2026-07-31 12:16:48,scovox,106.30%,1.189GiB / 30.66GiB,3.88%,0B / 0B,0B / 3.94MB,53
2026-07-31 12:16:48,mapir-ffmpeg,28.88%,170.1MiB / 30.66GiB,0.54%,0B / 0B,0B / 1.46MB,33
2026-07-31 12:16:48,realsense,16.74%,94.83MiB / 30.66GiB,0.30%,0B / 0B,0B / 3.28MB,33
2026-07-31 12:16:48,nav2,5.35%,137.3MiB / 30.66GiB,0.44%,0B / 0B,0B / 1.84MB,92
2026-07-31 12:16:48,domain_bridge,0.53%,74.79MiB / 30.66GiB,0.24%,0B / 0B,0B / 5.02MB,28
2026-07-31 12:16:48,openzen,2.67%,33.68MiB / 30.66GiB,0.11%,0B / 0B,0B / 2.15MB,20
2026-07-31 12:16:51,trav_ros2,15.04%,122.4MiB / 30.66GiB,0.39%,0B / 0B,0B / 1.39MB,30
2026-07-31 12:16:51,docker-recorder-run-d4618acf6366,0.00%,10.3MiB / 30.66GiB,0.03%,0B / 0B,0B / 9.45MB,1
2026-07-31 12:16:51,glim,54.48%,497.4MiB / 30.66GiB,1.58%,0B / 0B,77.8kB / 11.8MB,35
2026-07-31 12:16:51,ouster,4.34%,120.3MiB / 30.66GiB,0.38%,0B / 0B,0B / 3MB,30
2026-07-31 12:16:51,scovox,106.08%,1.215GiB / 30.66GiB,3.96%,0B / 0B,0B / 3.94MB,53
2026-07-31 12:16:51,mapir-ffmpeg,28.57%,169.9MiB / 30.66GiB,0.54%,0B / 0B,0B / 1.46MB,33
2026-07-31 12:16:51,realsense,16.70%,94.83MiB / 30.66GiB,0.30%,0B / 0B,0B / 3.28MB,33
2026-07-31 12:16:51,nav2,6.01%,139MiB / 30.66GiB,0.44%,0B / 0B,0B / 1.84MB,92
2026-07-31 12:16:51,domain_bridge,1.56%,74.15MiB / 30.66GiB,0.24%,0B / 0B,0B / 5.02MB,28
2026-07-31 12:16:51,openzen,2.59%,34.18MiB / 30.66GiB,0.11%,0B / 0B,0B / 2.15MB,20
2026-07-31 12:16:54,trav_ros2,0.48%,122MiB / 30.66GiB,0.39%,0B / 0B,0B / 1.39MB,30
2026-07-31 12:16:54,docker-recorder-run-d4618acf6366,0.00%,10.3MiB / 30.66GiB,0.03%,0B / 0B,0B / 9.45MB,1
2026-07-31 12:16:54,glim,9.82%,497.1MiB / 30.66GiB,1.58%,0B / 0B,77.8kB / 11.8MB,35
2026-07-31 12:16:54,ouster,0.58%,121.5MiB / 30.66GiB,0.39%,0B / 0B,0B / 3MB,30
2026-07-31 12:16:54,scovox,104.78%,1.212GiB / 30.66GiB,3.95%,0B / 0B,0B / 3.94MB,53
2026-07-31 12:16:54,mapir-ffmpeg,29.95%,170.5MiB / 30.66GiB,0.54%,0B / 0B,0B / 1.46MB,33
2026-07-31 12:16:54,realsense,16.69%,94.84MiB / 30.66GiB,0.30%,0B / 0B,0B / 3.28MB,33
2026-07-31 12:16:54,nav2,4.42%,137MiB / 30.66GiB,0.44%,0B / 0B,0B / 1.84MB,92
2026-07-31 12:16:54,domain_bridge,0.64%,74.32MiB / 30.66GiB,0.24%,0B / 0B,0B / 5.02MB,28
2026-07-31 12:16:54,openzen,2.20%,34.18MiB / 30.66GiB,0.11%,0B / 0B,0B / 2.15MB,20
2026-07-31 12:16:57,trav_ros2,25.91%,147.2MiB / 30.66GiB,0.47%,0B / 0B,0B / 1.39MB,30
2026-07-31 12:16:57,docker-recorder-run-d4618acf6366,0.00%,10.3MiB / 30.66GiB,0.03%,0B / 0B,0B / 9.45MB,1
2026-07-31 12:16:57,glim,96.26%,497.7MiB / 30.66GiB,1.59%,0B / 0B,77.8kB / 11.8MB,35
2026-07-31 12:16:57,ouster,7.70%,121.9MiB / 30.66GiB,0.39%,0B / 0B,0B / 3MB,30
2026-07-31 12:16:57,scovox,7.44%,1.181GiB / 30.66GiB,3.85%,0B / 0B,0B / 3.94MB,53
2026-07-31 12:16:57,mapir-ffmpeg,29.42%,170MiB / 30.66GiB,0.54%,0B / 0B,0B / 1.46MB,33
2026-07-31 12:16:57,realsense,16.64%,94.61MiB / 30.66GiB,0.30%,0B / 0B,0B / 3.28MB,33
2026-07-31 12:16:57,nav2,5.28%,136.8MiB / 30.66GiB,0.44%,0B / 0B,0B / 1.84MB,92
2026-07-31 12:16:57,domain_bridge,1.55%,75.31MiB / 30.66GiB,0.24%,0B / 0B,0B / 5.02MB,28
2026-07-31 12:16:57,openzen,2.45%,34.17MiB / 30.66GiB,0.11%,0B / 0B,0B / 2.15MB,20
2026-07-31 12:17:00,trav_ros2,31.70%,123.2MiB / 30.66GiB,0.39%,0B / 0B,0B / 1.39MB,30
2026-07-31 12:17:00,docker-recorder-run-d4618acf6366,0.00%,10.3MiB / 30.66GiB,0.03%,0B / 0B,0B / 9.45MB,1
2026-07-31 12:17:00,glim,103.12%,498.8MiB / 30.66GiB,1.59%,0B / 0B,77.8kB / 11.8MB,35
2026-07-31 12:17:00,ouster,8.75%,122.3MiB / 30.66GiB,0.39%,0B / 0B,0B / 3MB,30
2026-07-31 12:17:00,scovox,97.64%,1.265GiB / 30.66GiB,4.13%,0B / 0B,0B / 3.94MB,53
2026-07-31 12:17:00,mapir-ffmpeg,29.48%,170.7MiB / 30.66GiB,0.54%,0B / 0B,0B / 1.46MB,33
2026-07-31 12:17:00,realsense,16.99%,94.87MiB / 30.66GiB,0.30%,0B / 0B,0B / 3.28MB,33
2026-07-31 12:17:00,nav2,5.57%,137.2MiB / 30.66GiB,0.44%,0B / 0B,0B / 1.84MB,92
2026-07-31 12:17:00,domain_bridge,0.51%,74.91MiB / 30.66GiB,0.24%,0B / 0B,0B / 5.02MB,28
2026-07-31 12:17:00,openzen,2.54%,34.42MiB / 30.66GiB,0.11%,0B / 0B,0B / 2.15MB,20
2026-07-31 12:17:03,trav_ros2,18.38%,124MiB / 30.66GiB,0.39%,0B / 0B,0B / 1.39MB,30
2026-07-31 12:17:03,docker-recorder-run-d4618acf6366,0.00%,10.3MiB / 30.66GiB,0.03%,0B / 0B,0B / 9.45MB,1
2026-07-31 12:17:03,glim,65.32%,497.4MiB / 30.66GiB,1.58%,0B / 0B,77.8kB / 11.8MB,35
2026-07-31 12:17:03,ouster,5.51%,120.5MiB / 30.66GiB,0.38%,0B / 0B,0B / 3MB,30
2026-07-31 12:17:03,scovox,104.54%,1.283GiB / 30.66GiB,4.18%,0B / 0B,0B / 3.94MB,53
2026-07-31 12:17:03,mapir-ffmpeg,29.73%,170.3MiB / 30.66GiB,0.54%,0B / 0B,0B / 1.46MB,33
2026-07-31 12:17:03,realsense,16.72%,94.86MiB / 30.66GiB,0.30%,0B / 0B,0B / 3.28MB,33
2026-07-31 12:17:03,nav2,5.00%,137.2MiB / 30.66GiB,0.44%,0B / 0B,0B / 1.84MB,92
2026-07-31 12:17:03,domain_bridge,0.39%,74.5MiB / 30.66GiB,0.24%,0B / 0B,0B / 5.02MB,28
2026-07-31 12:17:03,openzen,2.59%,34.42MiB / 30.66GiB,0.11%,0B / 0B,0B / 2.15MB,20
2026-07-31 12:17:06,trav_ros2,0.41%,122.5MiB / 30.66GiB,0.39%,0B / 0B,0B / 1.39MB,30
2026-07-31 12:17:06,docker-recorder-run-d4618acf6366,0.00%,10.3MiB / 30.66GiB,0.03%,0B / 0B,0B / 9.45MB,1
2026-07-31 12:17:06,glim,9.39%,497.6MiB / 30.66GiB,1.58%,0B / 0B,77.8kB / 11.8MB,35
2026-07-31 12:17:06,ouster,0.59%,120.6MiB / 30.66GiB,0.38%,0B / 0B,0B / 3MB,30
2026-07-31 12:17:06,scovox,102.63%,1.29GiB / 30.66GiB,4.21%,0B / 0B,0B / 3.94MB,53
2026-07-31 12:17:06,mapir-ffmpeg,28.45%,170.1MiB / 30.66GiB,0.54%,0B / 0B,0B / 1.47MB,33
2026-07-31 12:17:06,realsense,16.38%,94.63MiB / 30.66GiB,0.30%,0B / 0B,0B / 3.28MB,33
2026-07-31 12:17:06,nav2,4.28%,137.7MiB / 30.66GiB,0.44%,0B / 0B,0B / 1.84MB,92
2026-07-31 12:17:06,domain_bridge,0.45%,76.06MiB / 30.66GiB,0.24%,0B / 0B,0B / 5.02MB,28
2026-07-31 12:17:06,openzen,2.10%,34.66MiB / 30.66GiB,0.11%,0B / 0B,0B / 2.15MB,20
2026-07-31 12:17:09,trav_ros2,30.00%,147.3MiB / 30.66GiB,0.47%,0B / 0B,0B / 1.39MB,30
2026-07-31 12:17:09,docker-recorder-run-d4618acf6366,0.00%,10.3MiB / 30.66GiB,0.03%,0B / 0B,0B / 9.45MB,1
2026-07-31 12:17:09,glim,110.46%,497.2MiB / 30.66GiB,1.58%,0B / 0B,77.8kB / 11.8MB,35
2026-07-31 12:17:09,ouster,7.91%,121.2MiB / 30.66GiB,0.39%,0B / 0B,0B / 3MB,30
2026-07-31 12:17:09,scovox,36.91%,1.228GiB / 30.66GiB,4.01%,0B / 0B,0B / 3.96MB,53
2026-07-31 12:17:09,mapir-ffmpeg,29.90%,170.8MiB / 30.66GiB,0.54%,0B / 0B,0B / 1.47MB,33
2026-07-31 12:17:09,realsense,16.73%,94.86MiB / 30.66GiB,0.30%,0B / 0B,0B / 3.28MB,33
2026-07-31 12:17:09,nav2,6.52%,138MiB / 30.66GiB,0.44%,0B / 0B,0B / 1.84MB,92
2026-07-31 12:17:09,domain_bridge,0.90%,75.02MiB / 30.66GiB,0.24%,0B / 0B,0B / 5.02MB,28
2026-07-31 12:17:09,openzen,2.66%,33.93MiB / 30.66GiB,0.11%,0B / 0B,0B / 2.15MB,20
2026-07-31 12:17:13,trav_ros2,30.31%,122.6MiB / 30.66GiB,0.39%,0B / 0B,0B / 1.39MB,30
2026-07-31 12:17:13,docker-recorder-run-d4618acf6366,0.00%,10.3MiB / 30.66GiB,0.03%,0B / 0B,0B / 9.45MB,1
2026-07-31 12:17:13,glim,104.44%,498.6MiB / 30.66GiB,1.59%,0B / 0B,77.8kB / 11.8MB,35
2026-07-31 12:17:13,ouster,7.61%,120.7MiB / 30.66GiB,0.38%,0B / 0B,0B / 3MB,30
2026-07-31 12:17:13,scovox,112.88%,1.276GiB / 30.66GiB,4.16%,0B / 0B,0B / 3.96MB,53
2026-07-31 12:17:13,mapir-ffmpeg,29.33%,170.3MiB / 30.66GiB,0.54%,0B / 0B,0B / 1.47MB,33
2026-07-31 12:17:13,realsense,16.70%,95.11MiB / 30.66GiB,0.30%,0B / 0B,0B / 3.28MB,33
2026-07-31 12:17:13,nav2,5.49%,137.6MiB / 30.66GiB,0.44%,0B / 0B,0B / 1.84MB,92
2026-07-31 12:17:13,domain_bridge,0.62%,76.25MiB / 30.66GiB,0.24%,0B / 0B,0B / 5.02MB,28
2026-07-31 12:17:13,openzen,2.62%,33.68MiB / 30.66GiB,0.11%,0B / 0B,0B / 2.15MB,20
2026-07-31 12:17:16,trav_ros2,30.16%,122.3MiB / 30.66GiB,0.39%,0B / 0B,0B / 1.39MB,30
2026-07-31 12:17:16,docker-recorder-run-d4618acf6366,0.00%,10.3MiB / 30.66GiB,0.03%,0B / 0B,0B / 9.45MB,1
2026-07-31 12:17:16,glim,105.85%,498.2MiB / 30.66GiB,1.59%,0B / 0B,77.8kB / 11.8MB,35
2026-07-31 12:17:16,ouster,8.02%,121MiB / 30.66GiB,0.39%,0B / 0B,0B / 3MB,30
2026-07-31 12:17:16,scovox,106.56%,1.276GiB / 30.66GiB,4.16%,0B / 0B,0B / 3.96MB,53
2026-07-31 12:17:16,mapir-ffmpeg,29.97%,171.1MiB / 30.66GiB,0.54%,0B / 0B,0B / 1.47MB,33
2026-07-31 12:17:16,realsense,16.96%,94.87MiB / 30.66GiB,0.30%,0B / 0B,0B / 3.28MB,33
2026-07-31 12:17:16,nav2,6.30%,137MiB / 30.66GiB,0.44%,0B / 0B,0B / 1.86MB,92
2026-07-31 12:17:16,domain_bridge,1.05%,75.55MiB / 30.66GiB,0.24%,0B / 0B,0B / 5.02MB,28
2026-07-31 12:17:16,openzen,2.92%,33.93MiB / 30.66GiB,0.11%,0B / 0B,0B / 2.15MB,20
2026-07-31 12:17:19,trav_ros2,30.30%,123.7MiB / 30.66GiB,0.39%,0B / 0B,0B / 1.39MB,30
2026-07-31 12:17:19,docker-recorder-run-d4618acf6366,0.00%,10.3MiB / 30.66GiB,0.03%,0B / 0B,0B / 9.45MB,1
2026-07-31 12:17:19,glim,100.15%,498.5MiB / 30.66GiB,1.59%,0B / 0B,77.8kB / 11.8MB,35
2026-07-31 12:17:19,ouster,7.59%,121MiB / 30.66GiB,0.39%,0B / 0B,0B / 3MB,30
2026-07-31 12:17:19,scovox,105.77%,1.309GiB / 30.66GiB,4.27%,0B / 0B,0B / 3.96MB,53
2026-07-31 12:17:19,mapir-ffmpeg,29.28%,170.2MiB / 30.66GiB,0.54%,0B / 0B,0B / 1.47MB,33
2026-07-31 12:17:19,realsense,16.74%,94.86MiB / 30.66GiB,0.30%,0B / 0B,0B / 3.28MB,33
2026-07-31 12:17:19,nav2,5.24%,137.5MiB / 30.66GiB,0.44%,0B / 0B,0B / 1.86MB,92
2026-07-31 12:17:19,domain_bridge,0.22%,75.18MiB / 30.66GiB,0.24%,0B / 0B,0B / 5.02MB,28
2026-07-31 12:17:19,openzen,2.62%,33.68MiB / 30.66GiB,0.11%,0B / 0B,0B / 2.15MB,20
2026-07-31 12:17:22,trav_ros2,30.95%,123MiB / 30.66GiB,0.39%,0B / 0B,0B / 1.39MB,30
2026-07-31 12:17:22,docker-recorder-run-d4618acf6366,0.00%,10.3MiB / 30.66GiB,0.03%,0B / 0B,0B / 9.45MB,1
2026-07-31 12:17:22,glim,101.69%,497.9MiB / 30.66GiB,1.59%,0B / 0B,77.8kB / 11.8MB,35
2026-07-31 12:17:22,ouster,7.82%,121MiB / 30.66GiB,0.39%,0B / 0B,0B / 3MB,30
2026-07-31 12:17:22,scovox,114.72%,1.309GiB / 30.66GiB,4.27%,0B / 0B,0B / 3.96MB,53
2026-07-31 12:17:22,mapir-ffmpeg,29.41%,170.9MiB / 30.66GiB,0.54%,0B / 0B,0B / 1.47MB,33
2026-07-31 12:17:22,realsense,17.19%,94.62MiB / 30.66GiB,0.30%,0B / 0B,0B / 3.28MB,33
2026-07-31 12:17:22,nav2,5.36%,137.3MiB / 30.66GiB,0.44%,0B / 0B,0B / 1.86MB,92
2026-07-31 12:17:22,domain_bridge,0.93%,75.46MiB / 30.66GiB,0.24%,0B / 0B,0B / 5.02MB,28
2026-07-31 12:17:22,openzen,2.66%,33.68MiB / 30.66GiB,0.11%,0B / 0B,0B / 2.15MB,20
2026-07-31 12:17:25,trav_ros2,31.10%,122.1MiB / 30.66GiB,0.39%,0B / 0B,0B / 1.39MB,30
2026-07-31 12:17:25,docker-recorder-run-d4618acf6366,0.00%,10.3MiB / 30.66GiB,0.03%,0B / 0B,0B / 9.45MB,1
2026-07-31 12:17:25,glim,97.50%,498.1MiB / 30.66GiB,1.59%,0B / 0B,77.8kB / 11.8MB,35
2026-07-31 12:17:25,ouster,8.36%,121.1MiB / 30.66GiB,0.39%,0B / 0B,0B / 3MB,30
2026-07-31 12:17:25,scovox,106.28%,1.285GiB / 30.66GiB,4.19%,0B / 0B,0B / 3.96MB,53
2026-07-31 12:17:25,mapir-ffmpeg,28.86%,170.7MiB / 30.66GiB,0.54%,0B / 0B,0B / 1.47MB,33
2026-07-31 12:17:25,realsense,16.90%,94.89MiB / 30.66GiB,0.30%,0B / 0B,0B / 3.28MB,33
2026-07-31 12:17:25,nav2,5.80%,136.8MiB / 30.66GiB,0.44%,0B / 0B,0B / 1.86MB,92
2026-07-31 12:17:25,domain_bridge,0.60%,75.57MiB / 30.66GiB,0.24%,0B / 0B,0B / 5.02MB,28
2026-07-31 12:17:25,openzen,2.65%,33.93MiB / 30.66GiB,0.11%,0B / 0B,0B / 2.15MB,20
2026-07-31 12:17:28,trav_ros2,30.49%,125.3MiB / 30.66GiB,0.40%,0B / 0B,0B / 1.46MB,30
2026-07-31 12:17:28,docker-recorder-run-d4618acf6366,0.00%,10.3MiB / 30.66GiB,0.03%,0B / 0B,0B / 9.45MB,1
2026-07-31 12:17:28,glim,99.63%,498.2MiB / 30.66GiB,1.59%,0B / 0B,77.8kB / 11.8MB,35
2026-07-31 12:17:28,ouster,8.29%,120.6MiB / 30.66GiB,0.38%,0B / 0B,0B / 3MB,30
2026-07-31 12:17:28,scovox,105.87%,1.28GiB / 30.66GiB,4.17%,0B / 0B,0B / 3.96MB,53
2026-07-31 12:17:28,mapir-ffmpeg,29.83%,170.5MiB / 30.66GiB,0.54%,0B / 0B,0B / 1.47MB,33
2026-07-31 12:17:28,realsense,16.70%,94.62MiB / 30.66GiB,0.30%,0B / 0B,0B / 3.28MB,33
2026-07-31 12:17:28,nav2,5.56%,137.5MiB / 30.66GiB,0.44%,0B / 0B,0B / 1.86MB,92
2026-07-31 12:17:28,domain_bridge,0.81%,75.49MiB / 30.66GiB,0.24%,0B / 0B,0B / 5.02MB,28
2026-07-31 12:17:28,openzen,2.63%,33.68MiB / 30.66GiB,0.11%,0B / 0B,0B / 2.15MB,20
2026-07-31 12:17:31,trav_ros2,30.44%,130.8MiB / 30.66GiB,0.42%,0B / 0B,0B / 1.46MB,30
2026-07-31 12:17:31,docker-recorder-run-d4618acf6366,0.00%,10.3MiB / 30.66GiB,0.03%,0B / 0B,0B / 9.45MB,1
2026-07-31 12:17:31,glim,99.46%,497.6MiB / 30.66GiB,1.58%,0B / 0B,77.8kB / 11.8MB,35
2026-07-31 12:17:31,ouster,7.99%,120.6MiB / 30.66GiB,0.38%,0B / 0B,0B / 3MB,30
2026-07-31 12:17:31,scovox,106.34%,1.319GiB / 30.66GiB,4.30%,0B / 0B,0B / 3.96MB,53
2026-07-31 12:17:31,mapir-ffmpeg,29.38%,170.8MiB / 30.66GiB,0.54%,0B / 0B,0B / 1.47MB,33
2026-07-31 12:17:31,realsense,16.88%,94.62MiB / 30.66GiB,0.30%,0B / 0B,0B / 3.28MB,33
2026-07-31 12:17:31,nav2,6.07%,137.4MiB / 30.66GiB,0.44%,0B / 0B,0B / 1.86MB,92
2026-07-31 12:17:31,domain_bridge,1.07%,75.52MiB / 30.66GiB,0.24%,0B / 0B,0B / 5.02MB,28
2026-07-31 12:17:31,openzen,2.93%,34.69MiB / 30.66GiB,0.11%,0B / 0B,0B / 2.15MB,20
2026-07-31 12:17:34,trav_ros2,29.59%,123.1MiB / 30.66GiB,0.39%,0B / 0B,0B / 1.46MB,30
2026-07-31 12:17:34,docker-recorder-run-d4618acf6366,0.00%,10.3MiB / 30.66GiB,0.03%,0B / 0B,0B / 9.45MB,1
2026-07-31 12:17:34,glim,98.17%,498.1MiB / 30.66GiB,1.59%,0B / 0B,77.8kB / 11.8MB,35
2026-07-31 12:17:34,ouster,8.23%,121.2MiB / 30.66GiB,0.39%,0B / 0B,0B / 3MB,30
2026-07-31 12:17:34,scovox,105.62%,1.315GiB / 30.66GiB,4.29%,0B / 0B,0B / 3.96MB,53
2026-07-31 12:17:34,mapir-ffmpeg,28.96%,171.1MiB / 30.66GiB,0.54%,0B / 0B,0B / 1.47MB,33
2026-07-31 12:17:34,realsense,17.08%,95.12MiB / 30.66GiB,0.30%,0B / 0B,0B / 3.28MB,33
2026-07-31 12:17:34,nav2,5.40%,137.2MiB / 30.66GiB,0.44%,0B / 0B,0B / 1.86MB,92
2026-07-31 12:17:34,domain_bridge,0.55%,75.03MiB / 30.66GiB,0.24%,0B / 0B,0B / 5.02MB,28
2026-07-31 12:17:34,openzen,2.58%,33.69MiB / 30.66GiB,0.11%,0B / 0B,0B / 2.15MB,20
2026-07-31 12:17:37,trav_ros2,29.88%,123.7MiB / 30.66GiB,0.39%,0B / 0B,0B / 1.46MB,30
2026-07-31 12:17:37,docker-recorder-run-d4618acf6366,0.00%,10.3MiB / 30.66GiB,0.03%,0B / 0B,0B / 9.45MB,1
2026-07-31 12:17:37,glim,98.71%,498MiB / 30.66GiB,1.59%,0B / 0B,77.8kB / 11.8MB,35
2026-07-31 12:17:37,ouster,8.37%,120.9MiB / 30.66GiB,0.39%,0B / 0B,0B / 3MB,30
2026-07-31 12:17:37,scovox,105.56%,1.325GiB / 30.66GiB,4.32%,0B / 0B,0B / 3.96MB,53
2026-07-31 12:17:37,mapir-ffmpeg,29.27%,170.3MiB / 30.66GiB,0.54%,0B / 0B,0B / 1.47MB,33
2026-07-31 12:17:37,realsense,16.93%,94.62MiB / 30.66GiB,0.30%,0B / 0B,0B / 3.28MB,33
2026-07-31 12:17:37,nav2,5.41%,137.1MiB / 30.66GiB,0.44%,0B / 0B,0B / 1.86MB,92
2026-07-31 12:17:37,domain_bridge,1.52%,75.14MiB / 30.66GiB,0.24%,0B / 0B,0B / 5.02MB,28
2026-07-31 12:17:37,openzen,2.65%,33.68MiB / 30.66GiB,0.11%,0B / 0B,0B / 2.15MB,20
2026-07-31 12:17:40,trav_ros2,30.03%,122.5MiB / 30.66GiB,0.39%,0B / 0B,0B / 1.46MB,30
2026-07-31 12:17:40,docker-recorder-run-d4618acf6366,0.00%,10.3MiB / 30.66GiB,0.03%,0B / 0B,0B / 9.45MB,1
2026-07-31 12:17:40,glim,100.13%,498.3MiB / 30.66GiB,1.59%,0B / 0B,77.8kB / 11.9MB,35
2026-07-31 12:17:40,ouster,8.59%,121.4MiB / 30.66GiB,0.39%,0B / 0B,0B / 3MB,30
2026-07-31 12:17:40,scovox,105.42%,1.318GiB / 30.66GiB,4.30%,0B / 0B,0B / 3.96MB,53
2026-07-31 12:17:40,mapir-ffmpeg,29.59%,170.9MiB / 30.66GiB,0.54%,0B / 0B,0B / 1.47MB,33
2026-07-31 12:17:40,realsense,17.33%,94.62MiB / 30.66GiB,0.30%,0B / 0B,0B / 3.28MB,33
2026-07-31 12:17:40,nav2,5.57%,137.8MiB / 30.66GiB,0.44%,0B / 0B,0B / 1.86MB,92
2026-07-31 12:17:40,domain_bridge,0.46%,74.63MiB / 30.66GiB,0.24%,0B / 0B,0B / 5.02MB,28
2026-07-31 12:17:40,openzen,2.71%,34.2MiB / 30.66GiB,0.11%,0B / 0B,0B / 2.15MB,20
2026-07-31 12:17:44,trav_ros2,29.46%,123.6MiB / 30.66GiB,0.39%,0B / 0B,0B / 1.46MB,30
2026-07-31 12:17:44,docker-recorder-run-d4618acf6366,0.00%,10.3MiB / 30.66GiB,0.03%,0B / 0B,0B / 9.45MB,1
2026-07-31 12:17:44,glim,99.42%,497.3MiB / 30.66GiB,1.58%,0B / 0B,77.8kB / 11.9MB,35
2026-07-31 12:17:44,ouster,7.89%,121.1MiB / 30.66GiB,0.39%,0B / 0B,0B / 3MB,30
2026-07-31 12:17:44,scovox,113.38%,1.285GiB / 30.66GiB,4.19%,0B / 0B,0B / 3.99MB,53
2026-07-31 12:17:44,mapir-ffmpeg,29.68%,170.4MiB / 30.66GiB,0.54%,0B / 0B,0B / 1.48MB,33
2026-07-31 12:17:44,realsense,17.27%,95.59MiB / 30.66GiB,0.30%,0B / 0B,0B / 3.28MB,33
2026-07-31 12:17:44,nav2,5.61%,137MiB / 30.66GiB,0.44%,0B / 0B,0B / 1.86MB,92
2026-07-31 12:17:44,domain_bridge,0.53%,74.84MiB / 30.66GiB,0.24%,0B / 0B,0B / 5.02MB,28
2026-07-31 12:17:44,openzen,2.72%,33.93MiB / 30.66GiB,0.11%,0B / 0B,0B / 2.15MB,20
2026-07-31 12:17:47,trav_ros2,29.75%,122.2MiB / 30.66GiB,0.39%,0B / 0B,0B / 1.46MB,30
2026-07-31 12:17:47,docker-recorder-run-d4618acf6366,0.00%,10.3MiB / 30.66GiB,0.03%,0B / 0B,0B / 9.45MB,1
2026-07-31 12:17:47,glim,101.13%,498MiB / 30.66GiB,1.59%,0B / 0B,77.8kB / 11.9MB,35
2026-07-31 12:17:47,ouster,8.01%,120.6MiB / 30.66GiB,0.38%,0B / 0B,0B / 3MB,30
2026-07-31 12:17:47,scovox,105.57%,1.318GiB / 30.66GiB,4.30%,0B / 0B,0B / 3.99MB,53
2026-07-31 12:17:47,mapir-ffmpeg,29.84%,170.4MiB / 30.66GiB,0.54%,0B / 0B,0B / 1.48MB,33
2026-07-31 12:17:47,realsense,17.13%,95.61MiB / 30.66GiB,0.30%,0B / 0B,0B / 3.28MB,33
2026-07-31 12:17:47,nav2,5.55%,138.5MiB / 30.66GiB,0.44%,0B / 0B,0B / 1.86MB,92
2026-07-31 12:17:47,domain_bridge,0.39%,75.06MiB / 30.66GiB,0.24%,0B / 0B,0B / 5.02MB,28
2026-07-31 12:17:47,openzen,2.49%,34.18MiB / 30.66GiB,0.11%,0B / 0B,0B / 2.15MB,20
2026-07-31 12:17:50,trav_ros2,29.87%,123.7MiB / 30.66GiB,0.39%,0B / 0B,0B / 1.46MB,30
2026-07-31 12:17:50,docker-recorder-run-d4618acf6366,0.00%,10.3MiB / 30.66GiB,0.03%,0B / 0B,0B / 9.45MB,1
2026-07-31 12:17:50,glim,105.32%,497.1MiB / 30.66GiB,1.58%,0B / 0B,77.8kB / 11.9MB,35
2026-07-31 12:17:50,ouster,8.05%,120.7MiB / 30.66GiB,0.38%,0B / 0B,0B / 3MB,30
2026-07-31 12:17:50,scovox,107.22%,1.285GiB / 30.66GiB,4.19%,0B / 0B,0B / 3.99MB,53
2026-07-31 12:17:50,mapir-ffmpeg,29.11%,171.2MiB / 30.66GiB,0.55%,0B / 0B,0B / 1.48MB,33
2026-07-31 12:17:50,realsense,17.25%,95.14MiB / 30.66GiB,0.30%,0B / 0B,0B / 3.28MB,33
2026-07-31 12:17:50,nav2,5.84%,137.7MiB / 30.66GiB,0.44%,0B / 0B,0B / 1.86MB,92
2026-07-31 12:17:50,domain_bridge,0.75%,74.63MiB / 30.66GiB,0.24%,0B / 0B,0B / 5.02MB,28
2026-07-31 12:17:50,openzen,2.73%,33.91MiB / 30.66GiB,0.11%,0B / 0B,0B / 2.15MB,20
2026-07-31 12:17:53,trav_ros2,29.86%,123.3MiB / 30.66GiB,0.39%,0B / 0B,0B / 1.46MB,30
2026-07-31 12:17:53,docker-recorder-run-d4618acf6366,0.00%,10.3MiB / 30.66GiB,0.03%,0B / 0B,0B / 9.45MB,1
2026-07-31 12:17:53,glim,104.48%,497.4MiB / 30.66GiB,1.58%,0B / 0B,77.8kB / 11.9MB,35
2026-07-31 12:17:53,ouster,7.79%,121MiB / 30.66GiB,0.39%,0B / 0B,0B / 3MB,30
2026-07-31 12:17:53,scovox,106.09%,1.293GiB / 30.66GiB,4.22%,0B / 0B,0B / 3.99MB,53
2026-07-31 12:17:53,mapir-ffmpeg,29.13%,170.7MiB / 30.66GiB,0.54%,0B / 0B,0B / 1.48MB,33
2026-07-31 12:17:53,realsense,17.43%,94.87MiB / 30.66GiB,0.30%,0B / 0B,0B / 3.28MB,33
2026-07-31 12:17:53,nav2,5.46%,136.8MiB / 30.66GiB,0.44%,0B / 0B,0B / 1.88MB,92
2026-07-31 12:17:53,domain_bridge,1.38%,76.79MiB / 30.66GiB,0.24%,0B / 0B,0B / 5.02MB,28
2026-07-31 12:17:53,openzen,2.85%,33.68MiB / 30.66GiB,0.11%,0B / 0B,0B / 2.15MB,20
2026-07-31 12:17:56,trav_ros2,29.84%,122.4MiB / 30.66GiB,0.39%,0B / 0B,0B / 1.46MB,30
2026-07-31 12:17:56,docker-recorder-run-d4618acf6366,0.00%,10.3MiB / 30.66GiB,0.03%,0B / 0B,0B / 9.45MB,1
2026-07-31 12:17:56,glim,99.32%,497.7MiB / 30.66GiB,1.59%,0B / 0B,77.8kB / 11.9MB,35
2026-07-31 12:17:56,ouster,8.01%,121.3MiB / 30.66GiB,0.39%,0B / 0B,0B / 3MB,30
2026-07-31 12:17:56,scovox,111.12%,1.288GiB / 30.66GiB,4.20%,0B / 0B,0B / 3.99MB,53
2026-07-31 12:17:56,mapir-ffmpeg,29.33%,171.7MiB / 30.66GiB,0.55%,0B / 0B,0B / 1.48MB,33
2026-07-31 12:17:56,realsense,17.30%,95.11MiB / 30.66GiB,0.30%,0B / 0B,0B / 3.28MB,33
2026-07-31 12:17:56,nav2,5.55%,137.6MiB / 30.66GiB,0.44%,0B / 0B,0B / 1.88MB,92
2026-07-31 12:17:56,domain_bridge,0.95%,75.18MiB / 30.66GiB,0.24%,0B / 0B,0B / 5.02MB,28
2026-07-31 12:17:56,openzen,2.71%,34.18MiB / 30.66GiB,0.11%,0B / 0B,0B / 2.15MB,20
2026-07-31 12:17:59,trav_ros2,29.17%,122.8MiB / 30.66GiB,0.39%,0B / 0B,0B / 1.54MB,30
2026-07-31 12:17:59,docker-recorder-run-d4618acf6366,0.00%,10.3MiB / 30.66GiB,0.03%,0B / 0B,0B / 9.45MB,1
2026-07-31 12:17:59,glim,94.91%,497.8MiB / 30.66GiB,1.59%,0B / 0B,77.8kB / 11.9MB,35
2026-07-31 12:17:59,ouster,7.73%,120.8MiB / 30.66GiB,0.38%,0B / 0B,0B / 3MB,30
2026-07-31 12:17:59,scovox,104.57%,1.32GiB / 30.66GiB,4.30%,0B / 0B,0B / 3.99MB,53
2026-07-31 12:17:59,mapir-ffmpeg,28.69%,171MiB / 30.66GiB,0.54%,0B / 0B,0B / 1.48MB,33
2026-07-31 12:17:59,realsense,16.95%,94.87MiB / 30.66GiB,0.30%,0B / 0B,0B / 3.28MB,33
2026-07-31 12:17:59,nav2,5.17%,137.7MiB / 30.66GiB,0.44%,0B / 0B,0B / 1.88MB,92
2026-07-31 12:17:59,domain_bridge,0.26%,75.58MiB / 30.66GiB,0.24%,0B / 0B,0B / 5.02MB,28
2026-07-31 12:17:59,openzen,2.83%,33.93MiB / 30.66GiB,0.11%,0B / 0B,0B / 2.15MB,20
2026-07-31 12:18:02,trav_ros2,29.77%,123MiB / 30.66GiB,0.39%,0B / 0B,0B / 1.54MB,30
2026-07-31 12:18:02,docker-recorder-run-d4618acf6366,0.00%,10.3MiB / 30.66GiB,0.03%,0B / 0B,0B / 9.45MB,1
2026-07-31 12:18:02,glim,98.15%,497.7MiB / 30.66GiB,1.59%,0B / 0B,77.8kB / 11.9MB,35
2026-07-31 12:18:02,ouster,7.94%,121.6MiB / 30.66GiB,0.39%,0B / 0B,0B / 3MB,30
2026-07-31 12:18:02,scovox,116.96%,1.317GiB / 30.66GiB,4.30%,0B / 0B,0B / 3.99MB,53
2026-07-31 12:18:02,mapir-ffmpeg,29.26%,171.1MiB / 30.66GiB,0.54%,0B / 0B,0B / 1.48MB,33
2026-07-31 12:18:02,realsense,17.06%,95.11MiB / 30.66GiB,0.30%,0B / 0B,0B / 3.28MB,33
2026-07-31 12:18:02,nav2,5.56%,137MiB / 30.66GiB,0.44%,0B / 0B,0B / 1.88MB,92
2026-07-31 12:18:02,domain_bridge,0.89%,75.16MiB / 30.66GiB,0.24%,0B / 0B,0B / 5.02MB,28
2026-07-31 12:18:02,openzen,2.65%,33.95MiB / 30.66GiB,0.11%,0B / 0B,0B / 2.15MB,20
2026-07-31 12:18:05,trav_ros2,3.46%,122.8MiB / 30.66GiB,0.39%,0B / 0B,0B / 1.54MB,30
2026-07-31 12:18:05,docker-recorder-run-d4618acf6366,0.00%,10.3MiB / 30.66GiB,0.03%,0B / 0B,0B / 9.45MB,1
2026-07-31 12:18:05,glim,17.90%,497.2MiB / 30.66GiB,1.58%,0B / 0B,77.8kB / 11.9MB,35
2026-07-31 12:18:05,ouster,1.42%,121.1MiB / 30.66GiB,0.39%,0B / 0B,0B / 3MB,30
2026-07-31 12:18:05,scovox,113.43%,1.308GiB / 30.66GiB,4.27%,0B / 0B,0B / 3.99MB,53
2026-07-31 12:18:05,mapir-ffmpeg,28.95%,171.8MiB / 30.66GiB,0.55%,0B / 0B,0B / 1.48MB,33
2026-07-31 12:18:05,realsense,16.85%,95.64MiB / 30.66GiB,0.30%,0B / 0B,0B / 3.28MB,33
2026-07-31 12:18:05,nav2,4.99%,137.4MiB / 30.66GiB,0.44%,0B / 0B,0B / 1.88MB,92
2026-07-31 12:18:05,domain_bridge,0.74%,75.07MiB / 30.66GiB,0.24%,0B / 0B,0B / 5.02MB,28
2026-07-31 12:18:05,openzen,2.54%,33.93MiB / 30.66GiB,0.11%,0B / 0B,0B / 2.15MB,20
2026-07-31 12:18:08,trav_ros2,1.75%,124.3MiB / 30.66GiB,0.40%,0B / 0B,0B / 1.54MB,30
2026-07-31 12:18:08,docker-recorder-run-d4618acf6366,0.00%,10.3MiB / 30.66GiB,0.03%,0B / 0B,0B / 9.45MB,1
2026-07-31 12:18:08,glim,10.95%,498.1MiB / 30.66GiB,1.59%,0B / 0B,77.8kB / 11.9MB,35
2026-07-31 12:18:08,ouster,1.04%,120.8MiB / 30.66GiB,0.38%,0B / 0B,0B / 3MB,30
2026-07-31 12:18:08,scovox,102.60%,1.317GiB / 30.66GiB,4.29%,0B / 0B,0B / 3.99MB,53
2026-07-31 12:18:08,mapir-ffmpeg,28.46%,171.3MiB / 30.66GiB,0.55%,0B / 0B,0B / 1.48MB,33
2026-07-31 12:18:08,realsense,16.58%,94.86MiB / 30.66GiB,0.30%,0B / 0B,0B / 3.28MB,33
2026-07-31 12:18:08,nav2,4.37%,137.3MiB / 30.66GiB,0.44%,0B / 0B,0B / 1.88MB,92
2026-07-31 12:18:08,domain_bridge,0.51%,75.28MiB / 30.66GiB,0.24%,0B / 0B,0B / 5.02MB,28
2026-07-31 12:18:08,openzen,1.98%,33.68MiB / 30.66GiB,0.11%,0B / 0B,0B / 2.15MB,20
2026-07-31 12:18:11,trav_ros2,40.10%,123.2MiB / 30.66GiB,0.39%,0B / 0B,0B / 1.54MB,30
2026-07-31 12:18:11,docker-recorder-run-d4618acf6366,0.00%,10.3MiB / 30.66GiB,0.03%,0B / 0B,0B / 9.45MB,1
2026-07-31 12:18:11,glim,98.83%,498.6MiB / 30.66GiB,1.59%,0B / 0B,77.8kB / 11.9MB,35
2026-07-31 12:18:11,ouster,7.67%,121MiB / 30.66GiB,0.39%,0B / 0B,0B / 3MB,30
2026-07-31 12:18:11,scovox,7.26%,1.272GiB / 30.66GiB,4.15%,0B / 0B,0B / 3.99MB,53
2026-07-31 12:18:11,mapir-ffmpeg,28.96%,171.9MiB / 30.66GiB,0.55%,0B / 0B,0B / 1.48MB,33
2026-07-31 12:18:11,realsense,16.47%,95.12MiB / 30.66GiB,0.30%,0B / 0B,0B / 3.28MB,33
2026-07-31 12:18:11,nav2,6.07%,137.4MiB / 30.66GiB,0.44%,0B / 0B,0B / 1.88MB,92
2026-07-31 12:18:11,domain_bridge,1.00%,75.25MiB / 30.66GiB,0.24%,0B / 0B,0B / 5.02MB,28
2026-07-31 12:18:11,openzen,2.50%,34.67MiB / 30.66GiB,0.11%,0B / 0B,0B / 2.15MB,20
2026-07-31 12:18:15,trav_ros2,29.14%,122.1MiB / 30.66GiB,0.39%,0B / 0B,0B / 1.54MB,30
2026-07-31 12:18:15,docker-recorder-run-d4618acf6366,0.00%,10.3MiB / 30.66GiB,0.03%,0B / 0B,0B / 9.45MB,1
2026-07-31 12:18:15,glim,93.41%,498MiB / 30.66GiB,1.59%,0B / 0B,77.8kB / 11.9MB,35
2026-07-31 12:18:15,ouster,7.67%,121.9MiB / 30.66GiB,0.39%,0B / 0B,0B / 3MB,30
2026-07-31 12:18:15,scovox,106.73%,1.353GiB / 30.66GiB,4.41%,0B / 0B,0B / 3.99MB,53
2026-07-31 12:18:15,mapir-ffmpeg,28.52%,170.7MiB / 30.66GiB,0.54%,0B / 0B,0B / 1.48MB,33
2026-07-31 12:18:15,realsense,16.64%,94.62MiB / 30.66GiB,0.30%,0B / 0B,0B / 3.28MB,33
2026-07-31 12:18:15,nav2,5.34%,137.3MiB / 30.66GiB,0.44%,0B / 0B,0B / 1.88MB,92
2026-07-31 12:18:15,domain_bridge,0.51%,75.13MiB / 30.66GiB,0.24%,0B / 0B,0B / 5.02MB,28
2026-07-31 12:18:15,openzen,2.58%,33.93MiB / 30.66GiB,0.11%,0B / 0B,0B / 2.15MB,20
2026-07-31 12:18:18,trav_ros2,29.28%,123.6MiB / 30.66GiB,0.39%,0B / 0B,0B / 1.54MB,30
2026-07-31 12:18:18,docker-recorder-run-d4618acf6366,0.00%,10.3MiB / 30.66GiB,0.03%,0B / 0B,0B / 9.45MB,1
2026-07-31 12:18:18,glim,101.02%,498MiB / 30.66GiB,1.59%,0B / 0B,77.8kB / 11.9MB,35
2026-07-31 12:18:18,ouster,7.61%,121.2MiB / 30.66GiB,0.39%,0B / 0B,0B / 3MB,30
2026-07-31 12:18:18,scovox,105.96%,1.374GiB / 30.66GiB,4.48%,0B / 0B,0B / 3.99MB,53
2026-07-31 12:18:18,mapir-ffmpeg,29.87%,170.9MiB / 30.66GiB,0.54%,0B / 0B,0B / 1.5MB,33
2026-07-31 12:18:18,realsense,16.86%,94.62MiB / 30.66GiB,0.30%,0B / 0B,0B / 3.28MB,33
2026-07-31 12:18:18,nav2,5.41%,136.9MiB / 30.66GiB,0.44%,0B / 0B,0B / 1.88MB,92
2026-07-31 12:18:18,domain_bridge,1.26%,76.3MiB / 30.66GiB,0.24%,0B / 0B,0B / 5.02MB,28
2026-07-31 12:18:18,openzen,2.59%,33.68MiB / 30.66GiB,0.11%,0B / 0B,0B / 2.15MB,20
2026-07-31 12:18:21,trav_ros2,29.11%,122.6MiB / 30.66GiB,0.39%,0B / 0B,0B / 1.54MB,30
2026-07-31 12:18:21,docker-recorder-run-d4618acf6366,0.00%,10.3MiB / 30.66GiB,0.03%,0B / 0B,0B / 9.45MB,1
2026-07-31 12:18:21,glim,92.69%,498MiB / 30.66GiB,1.59%,0B / 0B,77.8kB / 11.9MB,35
2026-07-31 12:18:21,ouster,7.82%,121.1MiB / 30.66GiB,0.39%,0B / 0B,0B / 3MB,30
2026-07-31 12:18:21,scovox,104.75%,1.336GiB / 30.66GiB,4.36%,0B / 0B,0B / 4.02MB,53
2026-07-31 12:18:21,mapir-ffmpeg,28.22%,172.2MiB / 30.66GiB,0.55%,0B / 0B,0B / 1.5MB,33
2026-07-31 12:18:21,realsense,16.57%,95.37MiB / 30.66GiB,0.30%,0B / 0B,0B / 3.28MB,33
2026-07-31 12:18:21,nav2,5.46%,137.5MiB / 30.66GiB,0.44%,0B / 0B,0B / 1.88MB,92
2026-07-31 12:18:21,domain_bridge,0.69%,75.08MiB / 30.66GiB,0.24%,0B / 0B,0B / 5.02MB,28
2026-07-31 12:18:21,openzen,2.58%,34.17MiB / 30.66GiB,0.11%,0B / 0B,0B / 2.15MB,20
2026-07-31 12:18:24,trav_ros2,29.33%,123.1MiB / 30.66GiB,0.39%,0B / 0B,0B / 1.54MB,30
2026-07-31 12:18:24,docker-recorder-run-d4618acf6366,0.00%,10.3MiB / 30.66GiB,0.03%,0B / 0B,0B / 9.45MB,1
2026-07-31 12:18:24,glim,97.94%,498.6MiB / 30.66GiB,1.59%,0B / 0B,77.8kB / 11.9MB,35
2026-07-31 12:18:24,ouster,7.74%,121.1MiB / 30.66GiB,0.39%,0B / 0B,0B / 3MB,30
2026-07-31 12:18:24,scovox,105.43%,1.328GiB / 30.66GiB,4.33%,0B / 0B,0B / 4.02MB,53
2026-07-31 12:18:24,mapir-ffmpeg,28.80%,171MiB / 30.66GiB,0.54%,0B / 0B,0B / 1.5MB,33
2026-07-31 12:18:24,realsense,16.67%,94.86MiB / 30.66GiB,0.30%,0B / 0B,0B / 3.28MB,33
2026-07-31 12:18:24,nav2,5.20%,137.3MiB / 30.66GiB,0.44%,0B / 0B,0B / 1.88MB,92
2026-07-31 12:18:24,domain_bridge,0.77%,75.65MiB / 30.66GiB,0.24%,0B / 0B,0B / 5.02MB,28
2026-07-31 12:18:24,openzen,2.61%,33.68MiB / 30.66GiB,0.11%,0B / 0B,0B / 2.15MB,20
2026-07-31 12:18:27,trav_ros2,29.33%,122.8MiB / 30.66GiB,0.39%,0B / 0B,0B / 1.54MB,30
2026-07-31 12:18:27,docker-recorder-run-d4618acf6366,0.00%,10.3MiB / 30.66GiB,0.03%,0B / 0B,0B / 9.45MB,1
2026-07-31 12:18:27,glim,98.78%,497.7MiB / 30.66GiB,1.58%,0B / 0B,77.8kB / 11.9MB,35
2026-07-31 12:18:27,ouster,8.07%,120.6MiB / 30.66GiB,0.38%,0B / 0B,0B / 3MB,30
2026-07-31 12:18:27,scovox,114.12%,1.369GiB / 30.66GiB,4.46%,0B / 0B,0B / 4.02MB,53
2026-07-31 12:18:27,mapir-ffmpeg,29.05%,171.3MiB / 30.66GiB,0.55%,0B / 0B,0B / 1.5MB,33
2026-07-31 12:18:27,realsense,16.86%,94.62MiB / 30.66GiB,0.30%,0B / 0B,0B / 3.28MB,33
2026-07-31 12:18:27,nav2,6.38%,138.8MiB / 30.66GiB,0.44%,0B / 0B,0B / 1.9MB,92
2026-07-31 12:18:27,domain_bridge,1.32%,75.18MiB / 30.66GiB,0.24%,0B / 0B,0B / 5.02MB,28
2026-07-31 12:18:27,openzen,2.89%,33.93MiB / 30.66GiB,0.11%,0B / 0B,0B / 2.15MB,20
2026-07-31 12:18:30,trav_ros2,29.61%,122.9MiB / 30.66GiB,0.39%,0B / 0B,0B / 1.61MB,30
2026-07-31 12:18:30,docker-recorder-run-d4618acf6366,0.00%,10.3MiB / 30.66GiB,0.03%,0B / 0B,0B / 9.45MB,1
2026-07-31 12:18:30,glim,99.70%,497.6MiB / 30.66GiB,1.58%,0B / 0B,77.8kB / 11.9MB,35
2026-07-31 12:18:30,ouster,7.82%,120.9MiB / 30.66GiB,0.39%,0B / 0B,0B / 3MB,30
2026-07-31 12:18:30,scovox,106.11%,1.329GiB / 30.66GiB,4.33%,0B / 0B,0B / 4.02MB,53
2026-07-31 12:18:30,mapir-ffmpeg,29.01%,171.8MiB / 30.66GiB,0.55%,0B / 0B,0B / 1.5MB,33
2026-07-31 12:18:30,realsense,16.92%,95.11MiB / 30.66GiB,0.30%,0B / 0B,0B / 3.28MB,33
2026-07-31 12:18:30,nav2,5.57%,137.3MiB / 30.66GiB,0.44%,0B / 0B,0B / 1.9MB,92
2026-07-31 12:18:30,domain_bridge,0.56%,75.66MiB / 30.66GiB,0.24%,0B / 0B,0B / 5.02MB,28
2026-07-31 12:18:30,openzen,2.59%,34.18MiB / 30.66GiB,0.11%,0B / 0B,0B / 2.15MB,20
2026-07-31 12:18:33,trav_ros2,29.42%,123.2MiB / 30.66GiB,0.39%,0B / 0B,0B / 1.61MB,30
2026-07-31 12:18:33,docker-recorder-run-d4618acf6366,0.00%,10.3MiB / 30.66GiB,0.03%,0B / 0B,0B / 9.45MB,1
2026-07-31 12:18:33,glim,99.87%,497.5MiB / 30.66GiB,1.58%,0B / 0B,77.8kB / 11.9MB,35
2026-07-31 12:18:33,ouster,7.83%,120.9MiB / 30.66GiB,0.39%,0B / 0B,0B / 3MB,30
2026-07-31 12:18:33,scovox,105.90%,1.363GiB / 30.66GiB,4.44%,0B / 0B,0B / 4.02MB,53
2026-07-31 12:18:33,mapir-ffmpeg,29.20%,170.8MiB / 30.66GiB,0.54%,0B / 0B,0B / 1.5MB,33
2026-07-31 12:18:33,realsense,17.42%,95.11MiB / 30.66GiB,0.30%,0B / 0B,0B / 3.28MB,33
2026-07-31 12:18:33,nav2,5.55%,136.9MiB / 30.66GiB,0.44%,0B / 0B,0B / 1.9MB,92
2026-07-31 12:18:33,domain_bridge,1.78%,76.26MiB / 30.66GiB,0.24%,0B / 0B,0B / 5.02MB,28
2026-07-31 12:18:33,openzen,2.77%,33.68MiB / 30.66GiB,0.11%,0B / 0B,0B / 2.15MB,20
2026-07-31 12:18:36,trav_ros2,29.31%,123.2MiB / 30.66GiB,0.39%,0B / 0B,0B / 1.61MB,30
2026-07-31 12:18:36,docker-recorder-run-d4618acf6366,0.00%,10.3MiB / 30.66GiB,0.03%,0B / 0B,0B / 9.45MB,1
2026-07-31 12:18:36,glim,96.13%,497.4MiB / 30.66GiB,1.58%,0B / 0B,77.8kB / 11.9MB,35
2026-07-31 12:18:36,ouster,7.74%,121.9MiB / 30.66GiB,0.39%,0B / 0B,0B / 3MB,30
2026-07-31 12:18:36,scovox,112.69%,1.358GiB / 30.66GiB,4.43%,0B / 0B,0B / 4.02MB,53
2026-07-31 12:18:36,mapir-ffmpeg,29.12%,170.8MiB / 30.66GiB,0.54%,0B / 0B,0B / 1.5MB,33
2026-07-31 12:18:36,realsense,17.35%,94.87MiB / 30.66GiB,0.30%,0B / 0B,0B / 3.28MB,33
2026-07-31 12:18:36,nav2,5.40%,136.6MiB / 30.66GiB,0.44%,0B / 0B,0B / 1.9MB,92
2026-07-31 12:18:36,domain_bridge,0.51%,74.69MiB / 30.66GiB,0.24%,0B / 0B,0B / 5.02MB,28
2026-07-31 12:18:36,openzen,2.92%,34.2MiB / 30.66GiB,0.11%,0B / 0B,0B / 2.15MB,20
2026-07-31 12:18:39,trav_ros2,29.92%,124.5MiB / 30.66GiB,0.40%,0B / 0B,0B / 1.61MB,30
2026-07-31 12:18:39,docker-recorder-run-d4618acf6366,0.00%,10.3MiB / 30.66GiB,0.03%,0B / 0B,0B / 9.45MB,1
2026-07-31 12:18:39,glim,101.16%,497.5MiB / 30.66GiB,1.58%,0B / 0B,77.8kB / 11.9MB,35
2026-07-31 12:18:39,ouster,7.48%,121MiB / 30.66GiB,0.39%,0B / 0B,0B / 3MB,30
2026-07-31 12:18:39,scovox,105.65%,1.352GiB / 30.66GiB,4.41%,0B / 0B,0B / 4.02MB,53
2026-07-31 12:18:39,mapir-ffmpeg,28.83%,170.8MiB / 30.66GiB,0.54%,0B / 0B,0B / 1.5MB,33
2026-07-31 12:18:39,realsense,17.17%,94.86MiB / 30.66GiB,0.30%,0B / 0B,0B / 3.28MB,33
2026-07-31 12:18:39,nav2,5.59%,137.1MiB / 30.66GiB,0.44%,0B / 0B,0B / 1.9MB,92
2026-07-31 12:18:39,domain_bridge,0.44%,75.24MiB / 30.66GiB,0.24%,0B / 0B,0B / 5.02MB,28
2026-07-31 12:18:39,openzen,2.90%,33.7MiB / 30.66GiB,0.11%,0B / 0B,0B / 2.15MB,20
2026-07-31 12:18:42,trav_ros2,29.28%,122.4MiB / 30.66GiB,0.39%,0B / 0B,0B / 1.61MB,30
2026-07-31 12:18:42,docker-recorder-run-d4618acf6366,0.00%,10.3MiB / 30.66GiB,0.03%,0B / 0B,0B / 9.45MB,1
2026-07-31 12:18:42,glim,102.70%,498.5MiB / 30.66GiB,1.59%,0B / 0B,77.8kB / 11.9MB,35
2026-07-31 12:18:42,ouster,7.51%,121.1MiB / 30.66GiB,0.39%,0B / 0B,0B / 3MB,30
2026-07-31 12:18:42,scovox,104.77%,1.368GiB / 30.66GiB,4.46%,0B / 0B,0B / 4.02MB,53
2026-07-31 12:18:42,mapir-ffmpeg,29.43%,171.3MiB / 30.66GiB,0.55%,0B / 0B,0B / 1.5MB,33
2026-07-31 12:18:42,realsense,17.15%,94.88MiB / 30.66GiB,0.30%,0B / 0B,0B / 3.28MB,33
2026-07-31 12:18:42,nav2,5.43%,136.8MiB / 30.66GiB,0.44%,0B / 0B,0B / 1.9MB,92
2026-07-31 12:18:42,domain_bridge,0.55%,75.73MiB / 30.66GiB,0.24%,0B / 0B,0B / 5.02MB,28
2026-07-31 12:18:42,openzen,2.69%,33.68MiB / 30.66GiB,0.11%,0B / 0B,0B / 2.15MB,20
2026-07-31 12:18:46,trav_ros2,29.24%,123.2MiB / 30.66GiB,0.39%,0B / 0B,0B / 1.61MB,30
2026-07-31 12:18:46,docker-recorder-run-d4618acf6366,0.00%,10.3MiB / 30.66GiB,0.03%,0B / 0B,0B / 9.45MB,1
2026-07-31 12:18:46,glim,97.51%,498.1MiB / 30.66GiB,1.59%,0B / 0B,77.8kB / 11.9MB,35
2026-07-31 12:18:46,ouster,7.71%,121.2MiB / 30.66GiB,0.39%,0B / 0B,0B / 3MB,30
2026-07-31 12:18:46,scovox,106.55%,1.328GiB / 30.66GiB,4.33%,0B / 0B,0B / 4.02MB,53
2026-07-31 12:18:46,mapir-ffmpeg,29.15%,171.6MiB / 30.66GiB,0.55%,0B / 0B,0B / 1.5MB,33
2026-07-31 12:18:46,realsense,17.04%,95.14MiB / 30.66GiB,0.30%,0B / 0B,0B / 3.28MB,33
2026-07-31 12:18:46,nav2,6.01%,137.6MiB / 30.66GiB,0.44%,0B / 0B,0B / 1.9MB,92
2026-07-31 12:18:46,domain_bridge,0.77%,75.46MiB / 30.66GiB,0.24%,0B / 0B,0B / 5.02MB,28
2026-07-31 12:18:46,openzen,2.64%,33.68MiB / 30.66GiB,0.11%,0B / 0B,0B / 2.15MB,20
2026-07-31 12:18:49,trav_ros2,29.44%,123.4MiB / 30.66GiB,0.39%,0B / 0B,0B / 1.61MB,30
2026-07-31 12:18:49,docker-recorder-run-d4618acf6366,0.00%,10.3MiB / 30.66GiB,0.03%,0B / 0B,0B / 9.45MB,1
2026-07-31 12:18:49,glim,100.30%,497.9MiB / 30.66GiB,1.59%,0B / 0B,77.8kB / 11.9MB,35
2026-07-31 12:18:49,ouster,7.49%,121.3MiB / 30.66GiB,0.39%,0B / 0B,0B / 3MB,30
2026-07-31 12:18:49,scovox,105.56%,1.357GiB / 30.66GiB,4.43%,0B / 0B,0B / 4.02MB,53
2026-07-31 12:18:49,mapir-ffmpeg,28.86%,170.8MiB / 30.66GiB,0.54%,0B / 0B,0B / 1.5MB,33
2026-07-31 12:18:49,realsense,16.84%,94.88MiB / 30.66GiB,0.30%,0B / 0B,0B / 3.28MB,33
2026-07-31 12:18:49,nav2,5.46%,137.1MiB / 30.66GiB,0.44%,0B / 0B,0B / 1.9MB,92
2026-07-31 12:18:49,domain_bridge,0.90%,76.42MiB / 30.66GiB,0.24%,0B / 0B,0B / 5.02MB,28
2026-07-31 12:18:49,openzen,2.48%,33.68MiB / 30.66GiB,0.11%,0B / 0B,0B / 2.15MB,20
2026-07-31 12:18:52,trav_ros2,29.87%,122.6MiB / 30.66GiB,0.39%,0B / 0B,0B / 1.61MB,30
2026-07-31 12:18:52,docker-recorder-run-d4618acf6366,0.00%,10.3MiB / 30.66GiB,0.03%,0B / 0B,0B / 9.45MB,1
2026-07-31 12:18:52,glim,101.38%,498.4MiB / 30.66GiB,1.59%,0B / 0B,77.8kB / 11.9MB,35
2026-07-31 12:18:52,ouster,7.91%,122MiB / 30.66GiB,0.39%,0B / 0B,0B / 3MB,30
2026-07-31 12:18:52,scovox,106.41%,1.374GiB / 30.66GiB,4.48%,0B / 0B,0B / 4.02MB,53
2026-07-31 12:18:52,mapir-ffmpeg,29.96%,170.8MiB / 30.66GiB,0.54%,0B / 0B,0B / 1.51MB,33
2026-07-31 12:18:52,realsense,16.96%,94.64MiB / 30.66GiB,0.30%,0B / 0B,0B / 3.28MB,33
2026-07-31 12:18:52,nav2,5.94%,136.7MiB / 30.66GiB,0.44%,0B / 0B,0B / 1.9MB,92
2026-07-31 12:18:52,domain_bridge,0.89%,75.31MiB / 30.66GiB,0.24%,0B / 0B,0B / 5.02MB,28
2026-07-31 12:18:52,openzen,2.81%,34.17MiB / 30.66GiB,0.11%,0B / 0B,0B / 2.15MB,20
2026-07-31 12:18:55,trav_ros2,29.37%,122.8MiB / 30.66GiB,0.39%,0B / 0B,0B / 1.61MB,30
2026-07-31 12:18:55,docker-recorder-run-d4618acf6366,0.00%,10.3MiB / 30.66GiB,0.03%,0B / 0B,0B / 9.45MB,1
2026-07-31 12:18:55,glim,101.72%,498.1MiB / 30.66GiB,1.59%,0B / 0B,77.8kB / 11.9MB,35
2026-07-31 12:18:55,ouster,7.61%,121.7MiB / 30.66GiB,0.39%,0B / 0B,0B / 3MB,30
2026-07-31 12:18:55,scovox,105.10%,1.337GiB / 30.66GiB,4.36%,0B / 0B,0B / 4.04MB,53
2026-07-31 12:18:55,mapir-ffmpeg,29.08%,170.8MiB / 30.66GiB,0.54%,0B / 0B,0B / 1.51MB,33
2026-07-31 12:18:55,realsense,16.82%,94.63MiB / 30.66GiB,0.30%,0B / 0B,0B / 3.28MB,33
2026-07-31 12:18:55,nav2,5.29%,137.3MiB / 30.66GiB,0.44%,0B / 0B,0B / 1.9MB,92
2026-07-31 12:18:55,domain_bridge,0.17%,75.62MiB / 30.66GiB,0.24%,0B / 0B,0B / 5.02MB,28
2026-07-31 12:18:55,openzen,2.70%,34.43MiB / 30.66GiB,0.11%,0B / 0B,0B / 2.15MB,20
2026-07-31 12:18:58,trav_ros2,29.33%,123.5MiB / 30.66GiB,0.39%,0B / 0B,0B / 1.61MB,30
2026-07-31 12:18:58,docker-recorder-run-d4618acf6366,0.00%,10.3MiB / 30.66GiB,0.03%,0B / 0B,0B / 9.45MB,1
2026-07-31 12:18:58,glim,99.48%,499.1MiB / 30.66GiB,1.59%,0B / 0B,77.8kB / 11.9MB,35
2026-07-31 12:18:58,ouster,7.61%,121.6MiB / 30.66GiB,0.39%,0B / 0B,0B / 3MB,30
2026-07-31 12:18:58,scovox,111.64%,1.328GiB / 30.66GiB,4.33%,0B / 0B,0B / 4.04MB,53
2026-07-31 12:18:58,mapir-ffmpeg,28.87%,170.8MiB / 30.66GiB,0.54%,0B / 0B,0B / 1.51MB,33
2026-07-31 12:18:58,realsense,17.05%,94.86MiB / 30.66GiB,0.30%,0B / 0B,0B / 3.28MB,33
2026-07-31 12:18:58,nav2,5.29%,137.4MiB / 30.66GiB,0.44%,0B / 0B,0B / 1.9MB,92
2026-07-31 12:18:58,domain_bridge,0.86%,76.25MiB / 30.66GiB,0.24%,0B / 0B,0B / 5.02MB,28
2026-07-31 12:18:58,openzen,2.61%,33.68MiB / 30.66GiB,0.11%,0B / 0B,0B / 2.15MB,20
2026-07-31 12:19:01,trav_ros2,29.50%,122.7MiB / 30.66GiB,0.39%,0B / 0B,0B / 1.7MB,30
2026-07-31 12:19:01,docker-recorder-run-d4618acf6366,0.00%,10.3MiB / 30.66GiB,0.03%,0B / 0B,0B / 9.45MB,1
2026-07-31 12:19:01,glim,103.47%,497.5MiB / 30.66GiB,1.58%,0B / 0B,77.8kB / 11.9MB,35
2026-07-31 12:19:01,ouster,7.79%,122.4MiB / 30.66GiB,0.39%,0B / 0B,0B / 3MB,30
2026-07-31 12:19:01,scovox,105.82%,1.362GiB / 30.66GiB,4.44%,0B / 0B,0B / 4.04MB,53
2026-07-31 12:19:01,mapir-ffmpeg,29.65%,171.3MiB / 30.66GiB,0.55%,0B / 0B,0B / 1.51MB,33
2026-07-31 12:19:01,realsense,17.29%,95.1MiB / 30.66GiB,0.30%,0B / 0B,0B / 3.28MB,33
2026-07-31 12:19:01,nav2,5.46%,137.1MiB / 30.66GiB,0.44%,0B / 0B,0B / 1.92MB,92
2026-07-31 12:19:01,domain_bridge,0.56%,75.96MiB / 30.66GiB,0.24%,0B / 0B,0B / 5.02MB,28
2026-07-31 12:19:01,openzen,2.71%,33.68MiB / 30.66GiB,0.11%,0B / 0B,0B / 2.15MB,20
2026-07-31 12:19:04,trav_ros2,28.85%,123.3MiB / 30.66GiB,0.39%,0B / 0B,0B / 1.7MB,30
2026-07-31 12:19:04,docker-recorder-run-d4618acf6366,0.00%,10.3MiB / 30.66GiB,0.03%,0B / 0B,0B / 9.45MB,1
2026-07-31 12:19:04,glim,99.89%,498.8MiB / 30.66GiB,1.59%,0B / 0B,77.8kB / 11.9MB,35
2026-07-31 12:19:04,ouster,7.59%,121.6MiB / 30.66GiB,0.39%,0B / 0B,0B / 3MB,30
2026-07-31 12:19:04,scovox,105.58%,1.352GiB / 30.66GiB,4.41%,0B / 0B,0B / 4.04MB,53
2026-07-31 12:19:04,mapir-ffmpeg,28.39%,170.8MiB / 30.66GiB,0.54%,0B / 0B,0B / 1.51MB,33
2026-07-31 12:19:04,realsense,16.72%,94.87MiB / 30.66GiB,0.30%,0B / 0B,0B / 3.28MB,33
2026-07-31 12:19:04,nav2,5.24%,136.7MiB / 30.66GiB,0.44%,0B / 0B,0B / 1.92MB,92
2026-07-31 12:19:04,domain_bridge,0.79%,76.34MiB / 30.66GiB,0.24%,0B / 0B,0B / 5.02MB,28
2026-07-31 12:19:04,openzen,2.66%,33.68MiB / 30.66GiB,0.11%,0B / 0B,0B / 2.15MB,20
2026-07-31 12:19:07,trav_ros2,29.48%,123MiB / 30.66GiB,0.39%,0B / 0B,0B / 1.7MB,30
2026-07-31 12:19:07,docker-recorder-run-d4618acf6366,0.00%,10.3MiB / 30.66GiB,0.03%,0B / 0B,0B / 9.45MB,1
2026-07-31 12:19:07,glim,98.67%,497.8MiB / 30.66GiB,1.59%,0B / 0B,77.8kB / 11.9MB,35
2026-07-31 12:19:07,ouster,7.89%,121.2MiB / 30.66GiB,0.39%,0B / 0B,0B / 3MB,30
2026-07-31 12:19:07,scovox,107.44%,1.351GiB / 30.66GiB,4.41%,0B / 0B,0B / 4.04MB,53
2026-07-31 12:19:07,mapir-ffmpeg,29.14%,171.4MiB / 30.66GiB,0.55%,0B / 0B,0B / 1.51MB,33
2026-07-31 12:19:07,realsense,16.66%,94.62MiB / 30.66GiB,0.30%,0B / 0B,0B / 3.28MB,33
2026-07-31 12:19:07,nav2,5.94%,137.9MiB / 30.66GiB,0.44%,0B / 0B,0B / 1.92MB,92
2026-07-31 12:19:07,domain_bridge,1.17%,75.8MiB / 30.66GiB,0.24%,0B / 0B,0B / 5.02MB,28
2026-07-31 12:19:07,openzen,2.49%,33.96MiB / 30.66GiB,0.11%,0B / 0B,0B / 2.15MB,20
2026-07-31 12:19:10,trav_ros2,29.23%,122.2MiB / 30.66GiB,0.39%,0B / 0B,0B / 1.7MB,30
2026-07-31 12:19:10,docker-recorder-run-d4618acf6366,0.00%,10.3MiB / 30.66GiB,0.03%,0B / 0B,0B / 9.45MB,1
2026-07-31 12:19:10,glim,100.68%,498.1MiB / 30.66GiB,1.59%,0B / 0B,77.8kB / 11.9MB,35
2026-07-31 12:19:10,ouster,7.60%,121.6MiB / 30.66GiB,0.39%,0B / 0B,0B / 3MB,30
2026-07-31 12:19:10,scovox,105.03%,1.345GiB / 30.66GiB,4.39%,0B / 0B,0B / 4.04MB,53
2026-07-31 12:19:10,mapir-ffmpeg,29.02%,171.6MiB / 30.66GiB,0.55%,0B / 0B,0B / 1.51MB,33
2026-07-31 12:19:10,realsense,16.66%,95.44MiB / 30.66GiB,0.30%,0B / 0B,0B / 3.28MB,33
2026-07-31 12:19:10,nav2,5.26%,137MiB / 30.66GiB,0.44%,0B / 0B,0B / 1.92MB,92
2026-07-31 12:19:10,domain_bridge,0.42%,75.8MiB / 30.66GiB,0.24%,0B / 0B,0B / 5.02MB,28
2026-07-31 12:19:10,openzen,2.48%,33.95MiB / 30.66GiB,0.11%,0B / 0B,0B / 2.15MB,20
2026-07-31 12:19:13,trav_ros2,29.24%,123MiB / 30.66GiB,0.39%,0B / 0B,0B / 1.7MB,30
2026-07-31 12:19:13,docker-recorder-run-d4618acf6366,0.00%,10.3MiB / 30.66GiB,0.03%,0B / 0B,0B / 9.45MB,1
2026-07-31 12:19:13,glim,101.83%,498.2MiB / 30.66GiB,1.59%,0B / 0B,77.8kB / 11.9MB,35
2026-07-31 12:19:13,ouster,7.76%,120.9MiB / 30.66GiB,0.38%,0B / 0B,0B / 3MB,30
2026-07-31 12:19:13,scovox,105.50%,1.363GiB / 30.66GiB,4.44%,0B / 0B,0B / 4.04MB,53
2026-07-31 12:19:13,mapir-ffmpeg,29.52%,170.8MiB / 30.66GiB,0.54%,0B / 0B,0B / 1.51MB,33
2026-07-31 12:19:13,realsense,17.28%,95.2MiB / 30.66GiB,0.30%,0B / 0B,0B / 3.28MB,33
2026-07-31 12:19:13,nav2,5.56%,136.6MiB / 30.66GiB,0.44%,0B / 0B,0B / 1.92MB,92
2026-07-31 12:19:13,domain_bridge,1.61%,76.75MiB / 30.66GiB,0.24%,0B / 0B,0B / 5.02MB,28
2026-07-31 12:19:13,openzen,2.58%,33.68MiB / 30.66GiB,0.11%,0B / 0B,0B / 2.15MB,20
2026-07-31 12:19:17,trav_ros2,29.57%,123.3MiB / 30.66GiB,0.39%,0B / 0B,0B / 1.7MB,30
2026-07-31 12:19:17,docker-recorder-run-d4618acf6366,0.00%,10.3MiB / 30.66GiB,0.03%,0B / 0B,0B / 9.45MB,1
2026-07-31 12:19:17,glim,102.77%,497.9MiB / 30.66GiB,1.59%,0B / 0B,77.8kB / 11.9MB,35
2026-07-31 12:19:17,ouster,8.91%,121.2MiB / 30.66GiB,0.39%,0B / 0B,0B / 3MB,30
2026-07-31 12:19:17,scovox,105.34%,1.369GiB / 30.66GiB,4.46%,0B / 0B,0B / 4.04MB,53
2026-07-31 12:19:17,mapir-ffmpeg,29.96%,171.3MiB / 30.66GiB,0.55%,0B / 0B,0B / 1.51MB,33
2026-07-31 12:19:17,realsense,17.86%,95.7MiB / 30.66GiB,0.30%,0B / 0B,0B / 3.28MB,33
2026-07-31 12:19:17,nav2,5.56%,137.5MiB / 30.66GiB,0.44%,0B / 0B,0B / 1.92MB,92
2026-07-31 12:19:17,domain_bridge,0.58%,76.04MiB / 30.66GiB,0.24%,0B / 0B,0B / 5.02MB,28
2026-07-31 12:19:17,openzen,3.05%,34.17MiB / 30.66GiB,0.11%,0B / 0B,0B / 2.15MB,20
2026-07-31 12:19:20,trav_ros2,29.95%,123.3MiB / 30.66GiB,0.39%,0B / 0B,0B / 1.7MB,30
2026-07-31 12:19:20,docker-recorder-run-d4618acf6366,0.00%,10.3MiB / 30.66GiB,0.03%,0B / 0B,0B / 9.45MB,1
2026-07-31 12:19:20,glim,106.41%,497.9MiB / 30.66GiB,1.59%,0B / 0B,77.8kB / 11.9MB,35
2026-07-31 12:19:20,ouster,8.00%,121MiB / 30.66GiB,0.39%,0B / 0B,0B / 3MB,30
2026-07-31 12:19:20,scovox,112.79%,1.328GiB / 30.66GiB,4.33%,0B / 0B,0B / 4.04MB,53
2026-07-31 12:19:20,mapir-ffmpeg,30.55%,170.8MiB / 30.66GiB,0.54%,0B / 0B,0B / 1.51MB,33
2026-07-31 12:19:20,realsense,17.18%,95.94MiB / 30.66GiB,0.31%,0B / 0B,0B / 3.28MB,33
2026-07-31 12:19:20,nav2,5.53%,137.3MiB / 30.66GiB,0.44%,0B / 0B,0B / 1.92MB,92
2026-07-31 12:19:20,domain_bridge,0.64%,76MiB / 30.66GiB,0.24%,0B / 0B,0B / 5.02MB,28
2026-07-31 12:19:20,openzen,2.63%,33.68MiB / 30.66GiB,0.11%,0B / 0B,0B / 2.15MB,20
2026-07-31 12:19:23,trav_ros2,29.89%,122.8MiB / 30.66GiB,0.39%,0B / 0B,0B / 1.7MB,30
2026-07-31 12:19:23,docker-recorder-run-d4618acf6366,0.00%,10.3MiB / 30.66GiB,0.03%,0B / 0B,0B / 9.45MB,1
2026-07-31 12:19:23,glim,108.11%,498.1MiB / 30.66GiB,1.59%,0B / 0B,77.8kB / 11.9MB,35
2026-07-31 12:19:23,ouster,7.88%,121.1MiB / 30.66GiB,0.39%,0B / 0B,0B / 3MB,30
2026-07-31 12:19:23,scovox,106.14%,1.336GiB / 30.66GiB,4.36%,0B / 0B,0B / 4.04MB,53
2026-07-31 12:19:23,mapir-ffmpeg,29.54%,170.8MiB / 30.66GiB,0.54%,0B / 0B,0B / 1.51MB,33
2026-07-31 12:19:23,realsense,17.13%,95.7MiB / 30.66GiB,0.30%,0B / 0B,0B / 3.28MB,33
2026-07-31 12:19:23,nav2,5.95%,137.7MiB / 30.66GiB,0.44%,0B / 0B,0B / 1.92MB,92
2026-07-31 12:19:23,domain_bridge,1.04%,76.02MiB / 30.66GiB,0.24%,0B / 0B,0B / 5.02MB,28
2026-07-31 12:19:23,openzen,2.72%,33.93MiB / 30.66GiB,0.11%,0B / 0B,0B / 2.15MB,20
2026-07-31 12:19:26,trav_ros2,29.70%,123.4MiB / 30.66GiB,0.39%,0B / 0B,0B / 1.7MB,30
2026-07-31 12:19:26,docker-recorder-run-d4618acf6366,0.00%,10.3MiB / 30.66GiB,0.03%,0B / 0B,0B / 9.45MB,1
2026-07-31 12:19:26,glim,105.38%,497.3MiB / 30.66GiB,1.58%,0B / 0B,77.8kB / 11.9MB,35
2026-07-31 12:19:26,ouster,7.69%,121.7MiB / 30.66GiB,0.39%,0B / 0B,0B / 3MB,30
2026-07-31 12:19:26,scovox,105.76%,1.329GiB / 30.66GiB,4.33%,0B / 0B,0B / 4.04MB,53
2026-07-31 12:19:26,mapir-ffmpeg,29.37%,171.5MiB / 30.66GiB,0.55%,0B / 0B,0B / 1.51MB,33
2026-07-31 12:19:26,realsense,16.78%,95.45MiB / 30.66GiB,0.30%,0B / 0B,0B / 3.28MB,33
2026-07-31 12:19:26,nav2,5.71%,136.9MiB / 30.66GiB,0.44%,0B / 0B,0B / 1.92MB,92
2026-07-31 12:19:26,domain_bridge,0.65%,75.33MiB / 30.66GiB,0.24%,0B / 0B,0B / 5.02MB,28
2026-07-31 12:19:26,openzen,2.77%,33.93MiB / 30.66GiB,0.11%,0B / 0B,0B / 2.15MB,20
2026-07-31 12:19:29,trav_ros2,29.59%,122.8MiB / 30.66GiB,0.39%,0B / 0B,0B / 1.78MB,30
2026-07-31 12:19:29,docker-recorder-run-d4618acf6366,0.00%,10.3MiB / 30.66GiB,0.03%,0B / 0B,0B / 9.45MB,1
2026-07-31 12:19:29,glim,103.79%,498.1MiB / 30.66GiB,1.59%,0B / 0B,77.8kB / 11.9MB,35
2026-07-31 12:19:29,ouster,7.64%,121.6MiB / 30.66GiB,0.39%,0B / 0B,0B / 3MB,30
2026-07-31 12:19:29,scovox,110.47%,1.336GiB / 30.66GiB,4.36%,0B / 0B,0B / 4.07MB,53
2026-07-31 12:19:29,mapir-ffmpeg,29.40%,171MiB / 30.66GiB,0.54%,0B / 0B,0B / 1.52MB,33
2026-07-31 12:19:29,realsense,16.56%,95.7MiB / 30.66GiB,0.30%,0B / 0B,0B / 3.28MB,33
2026-07-31 12:19:29,nav2,5.43%,136.8MiB / 30.66GiB,0.44%,0B / 0B,0B / 1.92MB,92
2026-07-31 12:19:29,domain_bridge,1.58%,77.32MiB / 30.66GiB,0.25%,0B / 0B,0B / 5.02MB,28
2026-07-31 12:19:29,openzen,2.79%,33.68MiB / 30.66GiB,0.11%,0B / 0B,0B / 2.15MB,20
2026-07-31 12:19:32,trav_ros2,29.30%,122.8MiB / 30.66GiB,0.39%,0B / 0B,0B / 1.78MB,30
2026-07-31 12:19:32,docker-recorder-run-d4618acf6366,0.00%,10.3MiB / 30.66GiB,0.03%,0B / 0B,0B / 9.45MB,1
2026-07-31 12:19:32,glim,101.95%,498.6MiB / 30.66GiB,1.59%,0B / 0B,77.8kB / 11.9MB,35
2026-07-31 12:19:32,ouster,8.36%,121.8MiB / 30.66GiB,0.39%,0B / 0B,0B / 3MB,30
2026-07-31 12:19:32,scovox,106.34%,1.321GiB / 30.66GiB,4.31%,0B / 0B,0B / 4.07MB,53
2026-07-31 12:19:32,mapir-ffmpeg,29.86%,171.3MiB / 30.66GiB,0.55%,0B / 0B,0B / 1.52MB,33
2026-07-31 12:19:32,realsense,16.68%,96.19MiB / 30.66GiB,0.31%,0B / 0B,0B / 3.28MB,33
2026-07-31 12:19:32,nav2,5.55%,136.9MiB / 30.66GiB,0.44%,0B / 0B,0B / 1.92MB,92
2026-07-31 12:19:32,domain_bridge,0.74%,76.09MiB / 30.66GiB,0.24%,0B / 0B,0B / 5.02MB,28
2026-07-31 12:19:32,openzen,2.84%,34.65MiB / 30.66GiB,0.11%,0B / 0B,0B / 2.15MB,20
2026-07-31 12:19:35,trav_ros2,29.72%,123.2MiB / 30.66GiB,0.39%,0B / 0B,0B / 1.78MB,30
2026-07-31 12:19:35,docker-recorder-run-d4618acf6366,0.00%,10.3MiB / 30.66GiB,0.03%,0B / 0B,0B / 9.45MB,1
2026-07-31 12:19:35,glim,97.05%,498.1MiB / 30.66GiB,1.59%,0B / 0B,77.8kB / 11.9MB,35
2026-07-31 12:19:35,ouster,7.54%,121.6MiB / 30.66GiB,0.39%,0B / 0B,0B / 3MB,30
2026-07-31 12:19:35,scovox,105.09%,1.357GiB / 30.66GiB,4.43%,0B / 0B,0B / 4.07MB,53
2026-07-31 12:19:35,mapir-ffmpeg,29.49%,171.3MiB / 30.66GiB,0.55%,0B / 0B,0B / 1.52MB,33
2026-07-31 12:19:35,realsense,16.35%,95.45MiB / 30.66GiB,0.30%,0B / 0B,0B / 3.28MB,33
2026-07-31 12:19:35,nav2,5.37%,137.6MiB / 30.66GiB,0.44%,0B / 0B,0B / 1.92MB,92
2026-07-31 12:19:35,domain_bridge,0.34%,76.01MiB / 30.66GiB,0.24%,0B / 0B,0B / 5.02MB,28
2026-07-31 12:19:35,openzen,2.68%,34.18MiB / 30.66GiB,0.11%,0B / 0B,0B / 2.15MB,20
2026-07-31 12:19:38,trav_ros2,29.85%,122.9MiB / 30.66GiB,0.39%,0B / 0B,0B / 1.78MB,30
2026-07-31 12:19:38,docker-recorder-run-d4618acf6366,0.00%,10.3MiB / 30.66GiB,0.03%,0B / 0B,0B / 9.45MB,1
2026-07-31 12:19:38,glim,102.81%,498.6MiB / 30.66GiB,1.59%,0B / 0B,77.8kB / 11.9MB,35
2026-07-31 12:19:38,ouster,7.54%,120.6MiB / 30.66GiB,0.38%,0B / 0B,0B / 3MB,30
2026-07-31 12:19:38,scovox,104.79%,1.345GiB / 30.66GiB,4.39%,0B / 0B,0B / 4.07MB,53
2026-07-31 12:19:38,mapir-ffmpeg,29.35%,171.5MiB / 30.66GiB,0.55%,0B / 0B,0B / 1.52MB,33
2026-07-31 12:19:38,realsense,16.74%,95.46MiB / 30.66GiB,0.30%,0B / 0B,0B / 3.28MB,33
2026-07-31 12:19:38,nav2,5.43%,137MiB / 30.66GiB,0.44%,0B / 0B,0B / 1.94MB,92
2026-07-31 12:19:38,domain_bridge,0.75%,75.6MiB / 30.66GiB,0.24%,0B / 0B,0B / 5.02MB,28
2026-07-31 12:19:38,openzen,2.58%,34.19MiB / 30.66GiB,0.11%,0B / 0B,0B / 2.15MB,20
2026-07-31 12:19:41,trav_ros2,29.67%,123.3MiB / 30.66GiB,0.39%,0B / 0B,0B / 1.78MB,30
2026-07-31 12:19:41,docker-recorder-run-d4618acf6366,0.00%,10.3MiB / 30.66GiB,0.03%,0B / 0B,0B / 9.45MB,1
2026-07-31 12:19:41,glim,100.84%,497.6MiB / 30.66GiB,1.58%,0B / 0B,77.8kB / 11.9MB,35
2026-07-31 12:19:41,ouster,8.06%,121.6MiB / 30.66GiB,0.39%,0B / 0B,0B / 3MB,30
2026-07-31 12:19:41,scovox,106.52%,1.364GiB / 30.66GiB,4.45%,0B / 0B,0B / 4.07MB,53
2026-07-31 12:19:41,mapir-ffmpeg,29.31%,170.8MiB / 30.66GiB,0.54%,0B / 0B,0B / 1.52MB,33
2026-07-31 12:19:41,realsense,17.15%,95.21MiB / 30.66GiB,0.30%,0B / 0B,0B / 3.28MB,33
2026-07-31 12:19:41,nav2,5.87%,137.9MiB / 30.66GiB,0.44%,0B / 0B,0B / 1.94MB,92
2026-07-31 12:19:41,domain_bridge,0.70%,75.71MiB / 30.66GiB,0.24%,0B / 0B,0B / 5.02MB,28
2026-07-31 12:19:41,openzen,2.70%,34.18MiB / 30.66GiB,0.11%,0B / 0B,0B / 2.15MB,20
2026-07-31 12:19:44,trav_ros2,29.06%,123.4MiB / 30.66GiB,0.39%,0B / 0B,0B / 1.78MB,30
2026-07-31 12:19:44,docker-recorder-run-d4618acf6366,0.00%,10.3MiB / 30.66GiB,0.03%,0B / 0B,0B / 9.45MB,1
2026-07-31 12:19:44,glim,102.62%,498.1MiB / 30.66GiB,1.59%,0B / 0B,77.8kB / 11.9MB,35
2026-07-31 12:19:44,ouster,7.63%,121.4MiB / 30.66GiB,0.39%,0B / 0B,0B / 3MB,30
2026-07-31 12:19:44,scovox,105.20%,1.357GiB / 30.66GiB,4.43%,0B / 0B,0B / 4.07MB,53
2026-07-31 12:19:44,mapir-ffmpeg,28.51%,170.8MiB / 30.66GiB,0.54%,0B / 0B,0B / 1.52MB,33
2026-07-31 12:19:44,realsense,16.39%,95.45MiB / 30.66GiB,0.30%,0B / 0B,0B / 3.28MB,33
2026-07-31 12:19:44,nav2,5.28%,137.4MiB / 30.66GiB,0.44%,0B / 0B,0B / 1.94MB,92
2026-07-31 12:19:44,domain_bridge,0.52%,76.48MiB / 30.66GiB,0.24%,0B / 0B,0B / 5.02MB,28
2026-07-31 12:19:44,openzen,2.62%,33.68MiB / 30.66GiB,0.11%,0B / 0B,0B / 2.15MB,20
2026-07-31 12:19:48,trav_ros2,29.26%,122.4MiB / 30.66GiB,0.39%,0B / 0B,0B / 1.78MB,30
2026-07-31 12:19:48,docker-recorder-run-d4618acf6366,0.00%,10.3MiB / 30.66GiB,0.03%,0B / 0B,0B / 9.45MB,1
2026-07-31 12:19:48,glim,102.75%,497.8MiB / 30.66GiB,1.59%,0B / 0B,77.8kB / 11.9MB,35
2026-07-31 12:19:48,ouster,8.05%,121.8MiB / 30.66GiB,0.39%,0B / 0B,0B / 3MB,30
2026-07-31 12:19:48,scovox,110.74%,1.328GiB / 30.66GiB,4.33%,0B / 0B,0B / 4.07MB,53
2026-07-31 12:19:48,mapir-ffmpeg,29.19%,171.3MiB / 30.66GiB,0.55%,0B / 0B,0B / 1.52MB,33
2026-07-31 12:19:48,realsense,17.18%,95.2MiB / 30.66GiB,0.30%,0B / 0B,0B / 3.28MB,33
2026-07-31 12:19:48,nav2,6.39%,137MiB / 30.66GiB,0.44%,0B / 0B,0B / 1.94MB,92
2026-07-31 12:19:48,domain_bridge,1.18%,76.14MiB / 30.66GiB,0.24%,0B / 0B,0B / 5.02MB,28
2026-07-31 12:19:48,openzen,2.79%,34.92MiB / 30.66GiB,0.11%,0B / 0B,0B / 2.15MB,20
2026-07-31 12:19:51,trav_ros2,29.46%,123.2MiB / 30.66GiB,0.39%,0B / 0B,0B / 1.78MB,30
2026-07-31 12:19:51,docker-recorder-run-d4618acf6366,0.00%,10.3MiB / 30.66GiB,0.03%,0B / 0B,0B / 9.45MB,1
2026-07-31 12:19:51,glim,102.43%,497.5MiB / 30.66GiB,1.58%,0B / 0B,77.8kB / 11.9MB,35
2026-07-31 12:19:51,ouster,7.76%,121.1MiB / 30.66GiB,0.39%,0B / 0B,0B / 3MB,30
2026-07-31 12:19:51,scovox,112.34%,1.336GiB / 30.66GiB,4.36%,0B / 0B,0B / 4.07MB,53
2026-07-31 12:19:51,mapir-ffmpeg,28.68%,171.1MiB / 30.66GiB,0.54%,0B / 0B,0B / 1.52MB,33
2026-07-31 12:19:51,realsense,16.62%,95.2MiB / 30.66GiB,0.30%,0B / 0B,0B / 3.28MB,33
2026-07-31 12:19:51,nav2,5.35%,137.5MiB / 30.66GiB,0.44%,0B / 0B,0B / 1.94MB,92
2026-07-31 12:19:51,domain_bridge,0.36%,75.93MiB / 30.66GiB,0.24%,0B / 0B,0B / 5.02MB,28
2026-07-31 12:19:51,openzen,2.66%,34.66MiB / 30.66GiB,0.11%,0B / 0B,0B / 2.15MB,20
2026-07-31 12:19:54,trav_ros2,29.08%,123.1MiB / 30.66GiB,0.39%,0B / 0B,0B / 1.78MB,30
2026-07-31 12:19:54,docker-recorder-run-d4618acf6366,0.00%,10.3MiB / 30.66GiB,0.03%,0B / 0B,0B / 9.45MB,1
2026-07-31 12:19:54,glim,101.82%,497.7MiB / 30.66GiB,1.58%,0B / 0B,77.8kB / 11.9MB,35
2026-07-31 12:19:54,ouster,7.75%,121.4MiB / 30.66GiB,0.39%,0B / 0B,0B / 3MB,30
2026-07-31 12:19:54,scovox,105.55%,1.327GiB / 30.66GiB,4.33%,0B / 0B,0B / 4.07MB,53
2026-07-31 12:19:54,mapir-ffmpeg,28.66%,170.8MiB / 30.66GiB,0.54%,0B / 0B,0B / 1.52MB,33
2026-07-31 12:19:54,realsense,16.64%,95.45MiB / 30.66GiB,0.30%,0B / 0B,0B / 3.28MB,33
2026-07-31 12:19:54,nav2,5.48%,137.3MiB / 30.66GiB,0.44%,0B / 0B,0B / 1.94MB,92
2026-07-31 12:19:54,domain_bridge,1.10%,76.77MiB / 30.66GiB,0.24%,0B / 0B,0B / 5.02MB,28
2026-07-31 12:19:54,openzen,2.49%,33.68MiB / 30.66GiB,0.11%,0B / 0B,0B / 2.15MB,20
2026-07-31 12:19:57,trav_ros2,28.93%,123.3MiB / 30.66GiB,0.39%,0B / 0B,0B / 1.78MB,30
2026-07-31 12:19:57,docker-recorder-run-d4618acf6366,0.00%,10.3MiB / 30.66GiB,0.03%,0B / 0B,0B / 9.45MB,1
2026-07-31 12:19:57,glim,102.71%,497.8MiB / 30.66GiB,1.59%,0B / 0B,77.8kB / 11.9MB,35
2026-07-31 12:19:57,ouster,7.92%,121.1MiB / 30.66GiB,0.39%,0B / 0B,0B / 3MB,30
2026-07-31 12:19:57,scovox,105.19%,1.368GiB / 30.66GiB,4.46%,0B / 0B,0B / 4.07MB,53
2026-07-31 12:19:57,mapir-ffmpeg,28.67%,171.5MiB / 30.66GiB,0.55%,0B / 0B,0B / 1.52MB,33
2026-07-31 12:19:57,realsense,16.77%,96.18MiB / 30.66GiB,0.31%,0B / 0B,0B / 3.28MB,33
2026-07-31 12:19:57,nav2,5.68%,137MiB / 30.66GiB,0.44%,0B / 0B,0B / 1.94MB,92
2026-07-31 12:19:57,domain_bridge,0.72%,76.34MiB / 30.66GiB,0.24%,0B / 0B,0B / 5.02MB,28
2026-07-31 12:19:57,openzen,2.75%,33.92MiB / 30.66GiB,0.11%,0B / 0B,0B / 2.15MB,20
2026-07-31 12:20:00,trav_ros2,29.38%,123.6MiB / 30.66GiB,0.39%,0B / 0B,0B / 1.86MB,30
2026-07-31 12:20:00,docker-recorder-run-d4618acf6366,0.00%,10.3MiB / 30.66GiB,0.03%,0B / 0B,0B / 9.45MB,1
2026-07-31 12:20:00,glim,102.58%,497.4MiB / 30.66GiB,1.58%,0B / 0B,77.8kB / 11.9MB,35
2026-07-31 12:20:00,ouster,7.87%,121.1MiB / 30.66GiB,0.39%,0B / 0B,0B / 3MB,30
2026-07-31 12:20:00,scovox,110.81%,1.328GiB / 30.66GiB,4.33%,0B / 0B,0B / 4.07MB,53
2026-07-31 12:20:00,mapir-ffmpeg,29.06%,170.8MiB / 30.66GiB,0.54%,0B / 0B,0B / 1.52MB,33
2026-07-31 12:20:00,realsense,16.80%,95.7MiB / 30.66GiB,0.30%,0B / 0B,0B / 3.28MB,33
2026-07-31 12:20:00,nav2,5.59%,136.8MiB / 30.66GiB,0.44%,0B / 0B,0B / 1.94MB,92
2026-07-31 12:20:00,domain_bridge,0.69%,76.27MiB / 30.66GiB,0.24%,0B / 0B,0B / 5.02MB,28
2026-07-31 12:20:00,openzen,2.67%,33.93MiB / 30.66GiB,0.11%,0B / 0B,0B / 2.15MB,20
2026-07-31 12:20:03,trav_ros2,29.20%,123MiB / 30.66GiB,0.39%,0B / 0B,0B / 1.86MB,30
2026-07-31 12:20:03,docker-recorder-run-d4618acf6366,0.00%,10.3MiB / 30.66GiB,0.03%,0B / 0B,0B / 9.45MB,1
2026-07-31 12:20:03,glim,106.76%,498MiB / 30.66GiB,1.59%,0B / 0B,77.8kB / 11.9MB,35
2026-07-31 12:20:03,ouster,8.31%,121MiB / 30.66GiB,0.39%,0B / 0B,0B / 3MB,30
2026-07-31 12:20:03,scovox,105.88%,1.352GiB / 30.66GiB,4.41%,0B / 0B,0B / 4.1MB,53
2026-07-31 12:20:03,mapir-ffmpeg,29.41%,170.8MiB / 30.66GiB,0.54%,0B / 0B,0B / 1.53MB,33
2026-07-31 12:20:03,realsense,17.24%,95.7MiB / 30.66GiB,0.30%,0B / 0B,0B / 3.28MB,33
2026-07-31 12:20:03,nav2,6.16%,137.2MiB / 30.66GiB,0.44%,0B / 0B,0B / 1.94MB,92
2026-07-31 12:20:03,domain_bridge,1.21%,76.38MiB / 30.66GiB,0.24%,0B / 0B,0B / 5.02MB,28
2026-07-31 12:20:03,openzen,2.93%,34.17MiB / 30.66GiB,0.11%,0B / 0B,0B / 2.15MB,20
2026-07-31 12:20:06,trav_ros2,28.47%,123.2MiB / 30.66GiB,0.39%,0B / 0B,0B / 1.86MB,30
2026-07-31 12:20:06,docker-recorder-run-d4618acf6366,0.00%,10.3MiB / 30.66GiB,0.03%,0B / 0B,0B / 9.45MB,1
2026-07-31 12:20:06,glim,99.21%,498.2MiB / 30.66GiB,1.59%,0B / 0B,77.8kB / 11.9MB,35
2026-07-31 12:20:06,ouster,7.75%,121MiB / 30.66GiB,0.39%,0B / 0B,0B / 3MB,30
2026-07-31 12:20:06,scovox,101.80%,1.328GiB / 30.66GiB,4.33%,0B / 0B,0B / 4.1MB,53
2026-07-31 12:20:06,mapir-ffmpeg,28.51%,171.1MiB / 30.66GiB,0.54%,0B / 0B,0B / 1.53MB,33
2026-07-31 12:20:06,realsense,16.50%,95.47MiB / 30.66GiB,0.30%,0B / 0B,0B / 3.28MB,33
2026-07-31 12:20:06,nav2,5.13%,136.6MiB / 30.66GiB,0.44%,0B / 0B,0B / 1.94MB,92
2026-07-31 12:20:06,domain_bridge,0.45%,75.69MiB / 30.66GiB,0.24%,0B / 0B,0B / 5.02MB,28
2026-07-31 12:20:06,openzen,2.55%,33.69MiB / 30.66GiB,0.11%,0B / 0B,0B / 2.15MB,20
2026-07-31 12:20:09,trav_ros2,29.87%,123MiB / 30.66GiB,0.39%,0B / 0B,0B / 1.86MB,30
2026-07-31 12:20:09,docker-recorder-run-d4618acf6366,0.00%,10.3MiB / 30.66GiB,0.03%,0B / 0B,0B / 9.45MB,1
2026-07-31 12:20:09,glim,102.16%,498.1MiB / 30.66GiB,1.59%,0B / 0B,77.8kB / 11.9MB,35
2026-07-31 12:20:09,ouster,7.91%,120.8MiB / 30.66GiB,0.38%,0B / 0B,0B / 3MB,30
2026-07-31 12:20:09,scovox,113.48%,1.363GiB / 30.66GiB,4.45%,0B / 0B,0B / 4.1MB,53
2026-07-31 12:20:09,mapir-ffmpeg,29.68%,171.1MiB / 30.66GiB,0.54%,0B / 0B,0B / 1.53MB,33
2026-07-31 12:20:09,realsense,17.12%,95.2MiB / 30.66GiB,0.30%,0B / 0B,0B / 3.28MB,33
2026-07-31 12:20:09,nav2,5.58%,137.2MiB / 30.66GiB,0.44%,0B / 0B,0B / 1.94MB,92
2026-07-31 12:20:09,domain_bridge,1.75%,75.95MiB / 30.66GiB,0.24%,0B / 0B,0B / 5.02MB,28
2026-07-31 12:20:09,openzen,2.66%,33.69MiB / 30.66GiB,0.11%,0B / 0B,0B / 2.15MB,20
2026-07-31 12:20:12,trav_ros2,30.00%,122.9MiB / 30.66GiB,0.39%,0B / 0B,0B / 1.86MB,30
2026-07-31 12:20:12,docker-recorder-run-d4618acf6366,0.00%,10.3MiB / 30.66GiB,0.03%,0B / 0B,0B / 9.45MB,1
2026-07-31 12:20:12,glim,103.27%,499.1MiB / 30.66GiB,1.59%,0B / 0B,77.8kB / 11.9MB,35
2026-07-31 12:20:12,ouster,7.89%,121.6MiB / 30.66GiB,0.39%,0B / 0B,0B / 3MB,30
2026-07-31 12:20:12,scovox,105.74%,1.357GiB / 30.66GiB,4.43%,0B / 0B,0B / 4.1MB,53
2026-07-31 12:20:12,mapir-ffmpeg,29.67%,171.5MiB / 30.66GiB,0.55%,0B / 0B,0B / 1.53MB,33
2026-07-31 12:20:12,realsense,17.21%,95.2MiB / 30.66GiB,0.30%,0B / 0B,0B / 3.28MB,33
2026-07-31 12:20:12,nav2,5.60%,137.2MiB / 30.66GiB,0.44%,0B / 0B,0B / 1.96MB,92
2026-07-31 12:20:12,domain_bridge,0.49%,75.93MiB / 30.66GiB,0.24%,0B / 0B,0B / 5.02MB,28
2026-07-31 12:20:12,openzen,2.81%,34.9MiB / 30.66GiB,0.11%,0B / 0B,0B / 2.15MB,20
2026-07-31 12:20:15,trav_ros2,29.98%,123.3MiB / 30.66GiB,0.39%,0B / 0B,0B / 1.86MB,30
2026-07-31 12:20:15,docker-recorder-run-d4618acf6366,0.00%,10.3MiB / 30.66GiB,0.03%,0B / 0B,0B / 9.45MB,1
2026-07-31 12:20:15,glim,102.99%,497.9MiB / 30.66GiB,1.59%,0B / 0B,77.8kB / 11.9MB,35
2026-07-31 12:20:15,ouster,7.82%,121.1MiB / 30.66GiB,0.39%,0B / 0B,0B / 3MB,30
2026-07-31 12:20:15,scovox,106.33%,1.327GiB / 30.66GiB,4.33%,0B / 0B,0B / 4.1MB,53
2026-07-31 12:20:15,mapir-ffmpeg,29.69%,171.3MiB / 30.66GiB,0.55%,0B / 0B,0B / 1.53MB,33
2026-07-31 12:20:15,realsense,16.82%,95.45MiB / 30.66GiB,0.30%,0B / 0B,0B / 3.28MB,33
2026-07-31 12:20:15,nav2,5.51%,137.1MiB / 30.66GiB,0.44%,0B / 0B,0B / 1.96MB,92
2026-07-31 12:20:15,domain_bridge,0.72%,76.09MiB / 30.66GiB,0.24%,0B / 0B,0B / 5.02MB,28
2026-07-31 12:20:15,openzen,2.62%,33.69MiB / 30.66GiB,0.11%,0B / 0B,0B / 2.15MB,20
2026-07-31 12:20:19,trav_ros2,29.77%,123.5MiB / 30.66GiB,0.39%,0B / 0B,0B / 1.86MB,30
2026-07-31 12:20:19,docker-recorder-run-d4618acf6366,0.00%,10.3MiB / 30.66GiB,0.03%,0B / 0B,0B / 9.45MB,1
2026-07-31 12:20:19,glim,102.60%,498.1MiB / 30.66GiB,1.59%,0B / 0B,77.8kB / 11.9MB,35
2026-07-31 12:20:19,ouster,7.75%,120.9MiB / 30.66GiB,0.39%,0B / 0B,0B / 3MB,30
2026-07-31 12:20:19,scovox,116.97%,1.357GiB / 30.66GiB,4.43%,0B / 0B,0B / 4.1MB,53
2026-07-31 12:20:19,mapir-ffmpeg,29.47%,171.1MiB / 30.66GiB,0.54%,0B / 0B,0B / 1.53MB,33
2026-07-31 12:20:19,realsense,16.78%,95.23MiB / 30.66GiB,0.30%,0B / 0B,0B / 3.28MB,33
2026-07-31 12:20:19,nav2,5.34%,136.8MiB / 30.66GiB,0.44%,0B / 0B,0B / 1.96MB,92
2026-07-31 12:20:19,domain_bridge,0.71%,76.23MiB / 30.66GiB,0.24%,0B / 0B,0B / 5.02MB,28
2026-07-31 12:20:19,openzen,2.68%,33.68MiB / 30.66GiB,0.11%,0B / 0B,0B / 2.15MB,20
2026-07-31 12:20:22,trav_ros2,29.83%,123.2MiB / 30.66GiB,0.39%,0B / 0B,0B / 1.86MB,30
2026-07-31 12:20:22,docker-recorder-run-d4618acf6366,0.00%,10.3MiB / 30.66GiB,0.03%,0B / 0B,0B / 9.45MB,1
2026-07-31 12:20:22,glim,104.05%,497.4MiB / 30.66GiB,1.58%,0B / 0B,77.8kB / 11.9MB,35
2026-07-31 12:20:22,ouster,8.03%,121.8MiB / 30.66GiB,0.39%,0B / 0B,0B / 3MB,30
2026-07-31 12:20:22,scovox,110.01%,1.375GiB / 30.66GiB,4.48%,0B / 0B,0B / 4.1MB,53
2026-07-31 12:20:22,mapir-ffmpeg,30.27%,171.3MiB / 30.66GiB,0.55%,0B / 0B,0B / 1.53MB,33
2026-07-31 12:20:22,realsense,16.55%,95.7MiB / 30.66GiB,0.30%,0B / 0B,0B / 3.28MB,33
2026-07-31 12:20:22,nav2,6.05%,136.9MiB / 30.66GiB,0.44%,0B / 0B,0B / 1.96MB,92
2026-07-31 12:20:22,domain_bridge,0.80%,75.79MiB / 30.66GiB,0.24%,0B / 0B,0B / 5.02MB,28
2026-07-31 12:20:22,openzen,2.72%,34.15MiB / 30.66GiB,0.11%,0B / 0B,0B / 2.15MB,20
2026-07-31 12:20:25,trav_ros2,29.64%,123.1MiB / 30.66GiB,0.39%,0B / 0B,0B / 1.86MB,30
2026-07-31 12:20:25,docker-recorder-run-d4618acf6366,0.00%,10.3MiB / 30.66GiB,0.03%,0B / 0B,0B / 9.45MB,1
2026-07-31 12:20:25,glim,106.17%,498.6MiB / 30.66GiB,1.59%,0B / 0B,77.8kB / 11.9MB,35
2026-07-31 12:20:25,ouster,7.97%,120.9MiB / 30.66GiB,0.39%,0B / 0B,0B / 3MB,30
2026-07-31 12:20:25,scovox,105.03%,1.337GiB / 30.66GiB,4.36%,0B / 0B,0B / 4.1MB,53
2026-07-31 12:20:25,mapir-ffmpeg,30.07%,170.8MiB / 30.66GiB,0.54%,0B / 0B,0B / 1.53MB,33
2026-07-31 12:20:25,realsense,16.67%,95.45MiB / 30.66GiB,0.30%,0B / 0B,0B / 3.28MB,33
2026-07-31 12:20:25,nav2,5.42%,136.9MiB / 30.66GiB,0.44%,0B / 0B,0B / 1.96MB,92
2026-07-31 12:20:25,domain_bridge,1.16%,76.22MiB / 30.66GiB,0.24%,0B / 0B,0B / 5.02MB,28
2026-07-31 12:20:25,openzen,2.81%,33.68MiB / 30.66GiB,0.11%,0B / 0B,0B / 2.15MB,20
2026-07-31 12:20:28,trav_ros2,29.00%,122.9MiB / 30.66GiB,0.39%,0B / 0B,0B / 1.86MB,30
2026-07-31 12:20:28,docker-recorder-run-d4618acf6366,0.00%,10.3MiB / 30.66GiB,0.03%,0B / 0B,0B / 9.45MB,1
2026-07-31 12:20:28,glim,100.44%,497.8MiB / 30.66GiB,1.59%,0B / 0B,77.8kB / 11.9MB,35
2026-07-31 12:20:28,ouster,7.90%,121.7MiB / 30.66GiB,0.39%,0B / 0B,0B / 3MB,30
2026-07-31 12:20:28,scovox,109.37%,1.358GiB / 30.66GiB,4.43%,0B / 0B,0B / 4.1MB,53
2026-07-31 12:20:28,mapir-ffmpeg,29.47%,171.1MiB / 30.66GiB,0.54%,0B / 0B,0B / 1.53MB,33
2026-07-31 12:20:28,realsense,16.30%,95.45MiB / 30.66GiB,0.30%,0B / 0B,0B / 3.28MB,33
2026-07-31 12:20:28,nav2,5.63%,137.4MiB / 30.66GiB,0.44%,0B / 0B,0B / 1.96MB,92
2026-07-31 12:20:28,domain_bridge,0.63%,75.58MiB / 30.66GiB,0.24%,0B / 0B,0B / 5.02MB,28
2026-07-31 12:20:28,openzen,2.58%,33.7MiB / 30.66GiB,0.11%,0B / 0B,0B / 2.15MB,20
2026-07-31 12:20:31,trav_ros2,28.48%,123.3MiB / 30.66GiB,0.39%,0B / 0B,0B / 1.94MB,30
2026-07-31 12:20:31,docker-recorder-run-d4618acf6366,0.00%,10.3MiB / 30.66GiB,0.03%,0B / 0B,0B / 9.45MB,1
2026-07-31 12:20:31,glim,98.43%,498.1MiB / 30.66GiB,1.59%,0B / 0B,77.8kB / 11.9MB,35
2026-07-31 12:20:31,ouster,7.51%,121MiB / 30.66GiB,0.39%,0B / 0B,0B / 3MB,30
2026-07-31 12:20:31,scovox,108.73%,1.363GiB / 30.66GiB,4.44%,0B / 0B,0B / 4.1MB,53
2026-07-31 12:20:31,mapir-ffmpeg,28.09%,171.3MiB / 30.66GiB,0.55%,0B / 0B,0B / 1.53MB,33
2026-07-31 12:20:31,realsense,16.26%,95.7MiB / 30.66GiB,0.30%,0B / 0B,0B / 3.28MB,33
2026-07-31 12:20:31,nav2,5.21%,136.9MiB / 30.66GiB,0.44%,0B / 0B,0B / 1.96MB,92
2026-07-31 12:20:31,domain_bridge,0.17%,76.03MiB / 30.66GiB,0.24%,0B / 0B,0B / 5.02MB,28
2026-07-31 12:20:31,openzen,2.42%,33.7MiB / 30.66GiB,0.11%,0B / 0B,0B / 2.15MB,20
2026-07-31 12:20:34,trav_ros2,29.10%,123.1MiB / 30.66GiB,0.39%,0B / 0B,0B / 1.94MB,30
2026-07-31 12:20:34,docker-recorder-run-d4618acf6366,0.00%,10.3MiB / 30.66GiB,0.03%,0B / 0B,0B / 9.45MB,1
2026-07-31 12:20:34,glim,104.88%,497.8MiB / 30.66GiB,1.59%,0B / 0B,77.8kB / 11.9MB,35
2026-07-31 12:20:34,ouster,7.60%,120.7MiB / 30.66GiB,0.38%,0B / 0B,0B / 3MB,30
2026-07-31 12:20:34,scovox,104.96%,1.344GiB / 30.66GiB,4.38%,0B / 0B,0B / 4.1MB,53
2026-07-31 12:20:34,mapir-ffmpeg,29.24%,171.1MiB / 30.66GiB,0.54%,0B / 0B,0B / 1.53MB,33
2026-07-31 12:20:34,realsense,17.03%,95.7MiB / 30.66GiB,0.30%,0B / 0B,0B / 3.28MB,33
2026-07-31 12:20:34,nav2,5.43%,136.9MiB / 30.66GiB,0.44%,0B / 0B,0B / 1.96MB,92
2026-07-31 12:20:34,domain_bridge,0.86%,76.72MiB / 30.66GiB,0.24%,0B / 0B,0B / 5.02MB,28
2026-07-31 12:20:34,openzen,2.74%,33.68MiB / 30.66GiB,0.11%,0B / 0B,0B / 2.15MB,20
2026-07-31 12:20:37,trav_ros2,29.57%,123.3MiB / 30.66GiB,0.39%,0B / 0B,0B / 1.94MB,30
2026-07-31 12:20:37,docker-recorder-run-d4618acf6366,0.00%,10.3MiB / 30.66GiB,0.03%,0B / 0B,0B / 9.45MB,1
2026-07-31 12:20:37,glim,104.13%,498MiB / 30.66GiB,1.59%,0B / 0B,77.8kB / 11.9MB,35
2026-07-31 12:20:37,ouster,8.33%,121.8MiB / 30.66GiB,0.39%,0B / 0B,0B / 3MB,30
2026-07-31 12:20:37,scovox,106.16%,1.34GiB / 30.66GiB,4.37%,0B / 0B,0B / 4.1MB,53
2026-07-31 12:20:37,mapir-ffmpeg,29.58%,171.1MiB / 30.66GiB,0.54%,0B / 0B,0B / 1.54MB,33
2026-07-31 12:20:37,realsense,17.00%,95.71MiB / 30.66GiB,0.30%,0B / 0B,0B / 3.28MB,33
2026-07-31 12:20:37,nav2,5.78%,136.9MiB / 30.66GiB,0.44%,0B / 0B,0B / 1.96MB,92
2026-07-31 12:20:37,domain_bridge,0.70%,76.25MiB / 30.66GiB,0.24%,0B / 0B,0B / 5.02MB,28
2026-07-31 12:20:37,openzen,2.68%,34.18MiB / 30.66GiB,0.11%,0B / 0B,0B / 2.15MB,20
2026-07-31 12:20:40,trav_ros2,29.21%,124.8MiB / 30.66GiB,0.40%,0B / 0B,0B / 1.94MB,30
2026-07-31 12:20:40,docker-recorder-run-d4618acf6366,0.00%,10.3MiB / 30.66GiB,0.03%,0B / 0B,0B / 9.45MB,1
2026-07-31 12:20:40,glim,100.97%,498.6MiB / 30.66GiB,1.59%,0B / 0B,77.8kB / 11.9MB,35
2026-07-31 12:20:40,ouster,7.84%,121.1MiB / 30.66GiB,0.39%,0B / 0B,0B / 3MB,30
2026-07-31 12:20:40,scovox,112.93%,1.327GiB / 30.66GiB,4.33%,0B / 0B,0B / 4.12MB,53
2026-07-31 12:20:40,mapir-ffmpeg,29.14%,171.5MiB / 30.66GiB,0.55%,0B / 0B,0B / 1.54MB,33
2026-07-31 12:20:40,realsense,17.09%,95.2MiB / 30.66GiB,0.30%,0B / 0B,0B / 3.28MB,33
2026-07-31 12:20:40,nav2,5.47%,136.8MiB / 30.66GiB,0.44%,0B / 0B,0B / 1.96MB,92
2026-07-31 12:20:40,domain_bridge,0.81%,76.89MiB / 30.66GiB,0.24%,0B / 0B,0B / 5.02MB,28
2026-07-31 12:20:40,openzen,2.59%,34.18MiB / 30.66GiB,0.11%,0B / 0B,0B / 2.15MB,20
2026-07-31 12:20:43,trav_ros2,29.63%,122.8MiB / 30.66GiB,0.39%,0B / 0B,0B / 1.94MB,30
2026-07-31 12:20:43,docker-recorder-run-d4618acf6366,0.00%,10.3MiB / 30.66GiB,0.03%,0B / 0B,0B / 9.45MB,1
2026-07-31 12:20:43,glim,105.27%,498.5MiB / 30.66GiB,1.59%,0B / 0B,77.8kB / 11.9MB,35
2026-07-31 12:20:43,ouster,8.32%,121MiB / 30.66GiB,0.39%,0B / 0B,0B / 3MB,30
2026-07-31 12:20:43,scovox,105.96%,1.363GiB / 30.66GiB,4.44%,0B / 0B,0B / 4.12MB,53
2026-07-31 12:20:43,mapir-ffmpeg,29.24%,171.1MiB / 30.66GiB,0.54%,0B / 0B,0B / 1.54MB,33
2026-07-31 12:20:43,realsense,16.86%,95.2MiB / 30.66GiB,0.30%,0B / 0B,0B / 3.28MB,33
2026-07-31 12:20:43,nav2,6.27%,138MiB / 30.66GiB,0.44%,0B / 0B,0B / 1.96MB,92
2026-07-31 12:20:43,domain_bridge,1.26%,75.47MiB / 30.66GiB,0.24%,0B / 0B,0B / 5.02MB,28
2026-07-31 12:20:43,openzen,2.95%,33.68MiB / 30.66GiB,0.11%,0B / 0B,0B / 2.15MB,20
2026-07-31 12:20:46,trav_ros2,29.83%,123.9MiB / 30.66GiB,0.39%,0B / 0B,0B / 1.94MB,30
2026-07-31 12:20:46,docker-recorder-run-d4618acf6366,0.00%,10.3MiB / 30.66GiB,0.03%,0B / 0B,0B / 9.45MB,1
2026-07-31 12:20:46,glim,105.96%,497.8MiB / 30.66GiB,1.59%,0B / 0B,77.8kB / 11.9MB,35
2026-07-31 12:20:46,ouster,7.88%,121.3MiB / 30.66GiB,0.39%,0B / 0B,0B / 3MB,30
2026-07-31 12:20:46,scovox,105.63%,1.351GiB / 30.66GiB,4.41%,0B / 0B,0B / 4.12MB,53
2026-07-31 12:20:46,mapir-ffmpeg,28.92%,170.8MiB / 30.66GiB,0.54%,0B / 0B,0B / 1.54MB,33
2026-07-31 12:20:46,realsense,16.89%,95.95MiB / 30.66GiB,0.31%,0B / 0B,0B / 3.28MB,33
2026-07-31 12:20:46,nav2,5.68%,137.2MiB / 30.66GiB,0.44%,0B / 0B,0B / 1.97MB,92
2026-07-31 12:20:46,domain_bridge,0.39%,75.67MiB / 30.66GiB,0.24%,0B / 0B,0B / 5.02MB,28
2026-07-31 12:20:46,openzen,2.71%,33.93MiB / 30.66GiB,0.11%,0B / 0B,0B / 2.15MB,20
2026-07-31 12:20:50,trav_ros2,28.59%,123.7MiB / 30.66GiB,0.39%,0B / 0B,0B / 1.94MB,30
2026-07-31 12:20:50,docker-recorder-run-d4618acf6366,0.00%,10.3MiB / 30.66GiB,0.03%,0B / 0B,0B / 9.45MB,1
2026-07-31 12:20:50,glim,114.78%,497.9MiB / 30.66GiB,1.59%,0B / 0B,77.8kB / 11.9MB,35
2026-07-31 12:20:50,ouster,8.07%,120.7MiB / 30.66GiB,0.38%,0B / 0B,0B / 3MB,30
2026-07-31 12:20:50,scovox,103.58%,1.34GiB / 30.66GiB,4.37%,0B / 0B,0B / 4.12MB,53
2026-07-31 12:20:50,mapir-ffmpeg,28.82%,170.8MiB / 30.66GiB,0.54%,0B / 0B,0B / 1.54MB,33
2026-07-31 12:20:50,realsense,16.76%,95.45MiB / 30.66GiB,0.30%,0B / 0B,0B / 3.28MB,33
2026-07-31 12:20:50,nav2,5.53%,137.2MiB / 30.66GiB,0.44%,0B / 0B,0B / 1.97MB,92
2026-07-31 12:20:50,domain_bridge,1.87%,75.83MiB / 30.66GiB,0.24%,0B / 0B,0B / 5.02MB,28
2026-07-31 12:20:50,openzen,2.66%,33.68MiB / 30.66GiB,0.11%,0B / 0B,0B / 2.15MB,20
2026-07-31 12:20:53,trav_ros2,28.95%,122.9MiB / 30.66GiB,0.39%,0B / 0B,0B / 1.94MB,30
2026-07-31 12:20:53,docker-recorder-run-d4618acf6366,0.00%,10.3MiB / 30.66GiB,0.03%,0B / 0B,0B / 9.45MB,1
2026-07-31 12:20:53,glim,104.65%,497.7MiB / 30.66GiB,1.59%,0B / 0B,77.8kB / 11.9MB,35
2026-07-31 12:20:53,ouster,8.03%,121.8MiB / 30.66GiB,0.39%,0B / 0B,0B / 3MB,30
2026-07-31 12:20:53,scovox,103.09%,1.373GiB / 30.66GiB,4.48%,0B / 0B,0B / 4.12MB,53
2026-07-31 12:20:53,mapir-ffmpeg,29.24%,171.8MiB / 30.66GiB,0.55%,0B / 0B,0B / 1.54MB,33
2026-07-31 12:20:53,realsense,16.79%,96.21MiB / 30.66GiB,0.31%,0B / 0B,0B / 3.28MB,33
2026-07-31 12:20:53,nav2,5.33%,136.8MiB / 30.66GiB,0.44%,0B / 0B,0B / 1.97MB,92
2026-07-31 12:20:53,domain_bridge,0.43%,75.48MiB / 30.66GiB,0.24%,0B / 0B,0B / 5.02MB,28
2026-07-31 12:20:53,openzen,2.73%,34.16MiB / 30.66GiB,0.11%,0B / 0B,0B / 2.15MB,20
2026-07-31 12:20:56,trav_ros2,28.84%,124MiB / 30.66GiB,0.39%,0B / 0B,0B / 1.94MB,30
2026-07-31 12:20:56,docker-recorder-run-d4618acf6366,0.00%,10.3MiB / 30.66GiB,0.03%,0B / 0B,0B / 9.45MB,1
2026-07-31 12:20:56,glim,131.89%,498.2MiB / 30.66GiB,1.59%,0B / 0B,77.8kB / 11.9MB,35
2026-07-31 12:20:56,ouster,7.75%,120.7MiB / 30.66GiB,0.38%,0B / 0B,0B / 3MB,30
2026-07-31 12:20:56,scovox,102.28%,1.34GiB / 30.66GiB,4.37%,0B / 0B,0B / 4.12MB,53
2026-07-31 12:20:56,mapir-ffmpeg,28.03%,171.1MiB / 30.66GiB,0.54%,0B / 0B,0B / 1.54MB,33
2026-07-31 12:20:56,realsense,16.54%,96.18MiB / 30.66GiB,0.31%,0B / 0B,0B / 3.28MB,33
2026-07-31 12:20:56,nav2,5.32%,136.8MiB / 30.66GiB,0.44%,0B / 0B,0B / 1.97MB,92
2026-07-31 12:20:56,domain_bridge,0.57%,76.45MiB / 30.66GiB,0.24%,0B / 0B,0B / 5.02MB,28
2026-07-31 12:20:56,openzen,2.44%,33.93MiB / 30.66GiB,0.11%,0B / 0B,0B / 2.15MB,20
2026-07-31 12:20:59,trav_ros2,30.60%,123.9MiB / 30.66GiB,0.39%,0B / 0B,0B / 1.94MB,30
2026-07-31 12:20:59,docker-recorder-run-d4618acf6366,0.00%,10.3MiB / 30.66GiB,0.03%,0B / 0B,0B / 9.45MB,1
2026-07-31 12:20:59,glim,122.08%,498.7MiB / 30.66GiB,1.59%,0B / 0B,77.8kB / 11.9MB,35
2026-07-31 12:20:59,ouster,8.06%,120.9MiB / 30.66GiB,0.38%,0B / 0B,0B / 3MB,30
2026-07-31 12:20:59,scovox,105.69%,1.379GiB / 30.66GiB,4.50%,0B / 0B,0B / 4.12MB,53
2026-07-31 12:20:59,mapir-ffmpeg,30.09%,170.8MiB / 30.66GiB,0.54%,0B / 0B,0B / 1.54MB,33
2026-07-31 12:20:59,realsense,17.27%,95.2MiB / 30.66GiB,0.30%,0B / 0B,0B / 3.28MB,33
2026-07-31 12:20:59,nav2,6.23%,138.9MiB / 30.66GiB,0.44%,0B / 0B,0B / 1.97MB,92
2026-07-31 12:20:59,domain_bridge,1.18%,76.36MiB / 30.66GiB,0.24%,0B / 0B,0B / 5.02MB,28
2026-07-31 12:20:59,openzen,2.72%,34.47MiB / 30.66GiB,0.11%,0B / 0B,0B / 2.15MB,20
2026-07-31 12:21:02,trav_ros2,30.04%,122.7MiB / 30.66GiB,0.39%,0B / 0B,0B / 2.02MB,30
2026-07-31 12:21:02,docker-recorder-run-d4618acf6366,0.00%,10.3MiB / 30.66GiB,0.03%,0B / 0B,0B / 9.45MB,1
2026-07-31 12:21:02,glim,115.80%,497.5MiB / 30.66GiB,1.58%,0B / 0B,77.8kB / 11.9MB,35
2026-07-31 12:21:02,ouster,7.94%,121.2MiB / 30.66GiB,0.39%,0B / 0B,0B / 3MB,30
2026-07-31 12:21:02,scovox,106.64%,1.366GiB / 30.66GiB,4.45%,0B / 0B,0B / 4.12MB,53
2026-07-31 12:21:02,mapir-ffmpeg,29.95%,170.8MiB / 30.66GiB,0.54%,0B / 0B,0B / 1.54MB,33
2026-07-31 12:21:02,realsense,17.04%,95.7MiB / 30.66GiB,0.30%,0B / 0B,0B / 3.28MB,33
2026-07-31 12:21:02,nav2,5.77%,137.2MiB / 30.66GiB,0.44%,0B / 0B,0B / 1.97MB,92
2026-07-31 12:21:02,domain_bridge,0.68%,76.21MiB / 30.66GiB,0.24%,0B / 0B,0B / 5.02MB,28
2026-07-31 12:21:02,openzen,2.80%,33.95MiB / 30.66GiB,0.11%,0B / 0B,0B / 2.15MB,20
2026-07-31 12:21:05,trav_ros2,29.89%,123.8MiB / 30.66GiB,0.39%,0B / 0B,0B / 2.02MB,30
2026-07-31 12:21:05,docker-recorder-run-d4618acf6366,0.00%,10.3MiB / 30.66GiB,0.03%,0B / 0B,0B / 9.45MB,1
2026-07-31 12:21:05,glim,119.62%,498.9MiB / 30.66GiB,1.59%,0B / 0B,77.8kB / 11.9MB,35
2026-07-31 12:21:05,ouster,7.93%,121.4MiB / 30.66GiB,0.39%,0B / 0B,0B / 3MB,30
2026-07-31 12:21:05,scovox,105.45%,1.383GiB / 30.66GiB,4.51%,0B / 0B,0B / 4.12MB,53
2026-07-31 12:21:05,mapir-ffmpeg,29.59%,171.3MiB / 30.66GiB,0.55%,0B / 0B,0B / 1.54MB,33
2026-07-31 12:21:05,realsense,17.02%,95.45MiB / 30.66GiB,0.30%,0B / 0B,0B / 3.28MB,33
2026-07-31 12:21:05,nav2,5.61%,137.8MiB / 30.66GiB,0.44%,0B / 0B,0B / 1.97MB,92
2026-07-31 12:21:05,domain_bridge,1.40%,77.32MiB / 30.66GiB,0.25%,0B / 0B,0B / 5.02MB,28
2026-07-31 12:21:05,openzen,2.86%,33.93MiB / 30.66GiB,0.11%,0B / 0B,0B / 2.15MB,20
2026-07-31 12:21:08,trav_ros2,29.70%,123.2MiB / 30.66GiB,0.39%,0B / 0B,0B / 2.02MB,30
2026-07-31 12:21:08,docker-recorder-run-d4618acf6366,0.00%,10.3MiB / 30.66GiB,0.03%,0B / 0B,0B / 9.45MB,1
2026-07-31 12:21:08,glim,132.74%,517.1MiB / 30.66GiB,1.65%,0B / 0B,77.8kB / 11.9MB,35
2026-07-31 12:21:08,ouster,8.27%,121.3MiB / 30.66GiB,0.39%,0B / 0B,0B / 3MB,30
2026-07-31 12:21:08,scovox,105.29%,1.371GiB / 30.66GiB,4.47%,0B / 0B,0B / 4.12MB,53
2026-07-31 12:21:08,mapir-ffmpeg,29.78%,171.3MiB / 30.66GiB,0.55%,0B / 0B,0B / 1.54MB,33
2026-07-31 12:21:08,realsense,16.76%,95.45MiB / 30.66GiB,0.30%,0B / 0B,0B / 3.28MB,33
2026-07-31 12:21:08,nav2,5.81%,138.2MiB / 30.66GiB,0.44%,0B / 0B,0B / 1.97MB,92
2026-07-31 12:21:08,domain_bridge,0.59%,76.36MiB / 30.66GiB,0.24%,0B / 0B,0B / 5.02MB,28
2026-07-31 12:21:08,openzen,2.93%,34.65MiB / 30.66GiB,0.11%,0B / 0B,0B / 2.15MB,20
2026-07-31 12:21:11,trav_ros2,29.55%,123.6MiB / 30.66GiB,0.39%,0B / 0B,0B / 2.02MB,30
2026-07-31 12:21:11,docker-recorder-run-d4618acf6366,0.00%,10.3MiB / 30.66GiB,0.03%,0B / 0B,0B / 9.45MB,1
2026-07-31 12:21:11,glim,105.78%,517MiB / 30.66GiB,1.65%,0B / 0B,77.8kB / 11.9MB,35
2026-07-31 12:21:11,ouster,7.94%,120.9MiB / 30.66GiB,0.39%,0B / 0B,0B / 3MB,30
2026-07-31 12:21:11,scovox,111.94%,1.432GiB / 30.66GiB,4.67%,0B / 0B,0B / 4.12MB,53
2026-07-31 12:21:11,mapir-ffmpeg,29.55%,170.8MiB / 30.66GiB,0.54%,0B / 0B,0B / 1.56MB,33
2026-07-31 12:21:11,realsense,16.64%,95.68MiB / 30.66GiB,0.30%,0B / 0B,0B / 3.28MB,33
2026-07-31 12:21:11,nav2,5.73%,136.9MiB / 30.66GiB,0.44%,0B / 0B,0B / 1.97MB,92
2026-07-31 12:21:11,domain_bridge,0.31%,75.76MiB / 30.66GiB,0.24%,0B / 0B,0B / 5.02MB,28
2026-07-31 12:21:11,openzen,2.62%,34.17MiB / 30.66GiB,0.11%,0B / 0B,0B / 2.15MB,20
2026-07-31 12:21:14,trav_ros2,29.27%,123.1MiB / 30.66GiB,0.39%,0B / 0B,0B / 2.02MB,30
2026-07-31 12:21:14,docker-recorder-run-d4618acf6366,0.00%,10.3MiB / 30.66GiB,0.03%,0B / 0B,0B / 9.45MB,1
2026-07-31 12:21:14,glim,108.59%,517.8MiB / 30.66GiB,1.65%,0B / 0B,77.8kB / 11.9MB,35
2026-07-31 12:21:14,ouster,7.72%,121MiB / 30.66GiB,0.39%,0B / 0B,0B / 3MB,30
2026-07-31 12:21:14,scovox,103.90%,1.399GiB / 30.66GiB,4.56%,0B / 0B,0B / 4.15MB,53
2026-07-31 12:21:14,mapir-ffmpeg,29.31%,171.1MiB / 30.66GiB,0.54%,0B / 0B,0B / 1.56MB,33
2026-07-31 12:21:14,realsense,16.37%,95.2MiB / 30.66GiB,0.30%,0B / 0B,0B / 3.28MB,33
2026-07-31 12:21:14,nav2,5.62%,137.4MiB / 30.66GiB,0.44%,0B / 0B,0B / 1.97MB,92
2026-07-31 12:21:14,domain_bridge,0.86%,76.31MiB / 30.66GiB,0.24%,0B / 0B,0B / 5.02MB,28
2026-07-31 12:21:14,openzen,2.54%,33.68MiB / 30.66GiB,0.11%,0B / 0B,0B / 2.15MB,20
2026-07-31 12:21:17,trav_ros2,29.95%,123.5MiB / 30.66GiB,0.39%,0B / 0B,0B / 2.02MB,30
2026-07-31 12:21:17,docker-recorder-run-d4618acf6366,0.00%,10.3MiB / 30.66GiB,0.03%,0B / 0B,0B / 9.45MB,1
2026-07-31 12:21:17,glim,107.69%,502.4MiB / 30.66GiB,1.60%,0B / 0B,77.8kB / 11.9MB,35
2026-07-31 12:21:17,ouster,7.96%,120.7MiB / 30.66GiB,0.38%,0B / 0B,0B / 3MB,30
2026-07-31 12:21:17,scovox,106.85%,1.42GiB / 30.66GiB,4.63%,0B / 0B,0B / 4.15MB,53
2026-07-31 12:21:17,mapir-ffmpeg,29.30%,171.1MiB / 30.66GiB,0.54%,0B / 0B,0B / 1.56MB,33
2026-07-31 12:21:17,realsense,17.04%,95.45MiB / 30.66GiB,0.30%,0B / 0B,0B / 3.28MB,33
2026-07-31 12:21:17,nav2,5.90%,136.8MiB / 30.66GiB,0.44%,0B / 0B,0B / 1.97MB,92
2026-07-31 12:21:17,domain_bridge,0.71%,76.16MiB / 30.66GiB,0.24%,0B / 0B,0B / 5.02MB,28
2026-07-31 12:21:17,openzen,2.52%,33.68MiB / 30.66GiB,0.11%,0B / 0B,0B / 2.15MB,20
2026-07-31 12:21:21,trav_ros2,29.85%,123MiB / 30.66GiB,0.39%,0B / 0B,0B / 2.02MB,30
2026-07-31 12:21:21,docker-recorder-run-d4618acf6366,0.00%,10.3MiB / 30.66GiB,0.03%,0B / 0B,0B / 9.45MB,1
2026-07-31 12:21:21,glim,106.84%,502.6MiB / 30.66GiB,1.60%,0B / 0B,77.8kB / 11.9MB,35
2026-07-31 12:21:21,ouster,7.98%,121MiB / 30.66GiB,0.39%,0B / 0B,0B / 3MB,30
2026-07-31 12:21:21,scovox,106.23%,1.405GiB / 30.66GiB,4.58%,0B / 0B,0B / 4.15MB,53
2026-07-31 12:21:21,mapir-ffmpeg,29.04%,171.1MiB / 30.66GiB,0.54%,0B / 0B,0B / 1.56MB,33
2026-07-31 12:21:21,realsense,16.56%,95.2MiB / 30.66GiB,0.30%,0B / 0B,0B / 3.28MB,33
2026-07-31 12:21:21,nav2,5.54%,137MiB / 30.66GiB,0.44%,0B / 0B,0B / 1.99MB,92
2026-07-31 12:21:21,domain_bridge,0.67%,76.88MiB / 30.66GiB,0.24%,0B / 0B,0B / 5.02MB,28
2026-07-31 12:21:21,openzen,2.70%,33.68MiB / 30.66GiB,0.11%,0B / 0B,0B / 2.15MB,20
2026-07-31 12:21:24,trav_ros2,30.00%,123.5MiB / 30.66GiB,0.39%,0B / 0B,0B / 2.02MB,30
2026-07-31 12:21:24,docker-recorder-run-d4618acf6366,0.00%,10.3MiB / 30.66GiB,0.03%,0B / 0B,0B / 9.45MB,1
2026-07-31 12:21:24,glim,111.95%,502.3MiB / 30.66GiB,1.60%,0B / 0B,77.8kB / 11.9MB,35
2026-07-31 12:21:24,ouster,8.36%,121.2MiB / 30.66GiB,0.39%,0B / 0B,0B / 3MB,30
2026-07-31 12:21:24,scovox,113.53%,1.42GiB / 30.66GiB,4.63%,0B / 0B,0B / 4.15MB,53
2026-07-31 12:21:24,mapir-ffmpeg,29.28%,171.8MiB / 30.66GiB,0.55%,0B / 0B,0B / 1.56MB,33
2026-07-31 12:21:24,realsense,17.21%,95.45MiB / 30.66GiB,0.30%,0B / 0B,0B / 3.28MB,33
2026-07-31 12:21:24,nav2,6.53%,137.6MiB / 30.66GiB,0.44%,0B / 0B,0B / 1.99MB,92
2026-07-31 12:21:24,domain_bridge,1.19%,75.95MiB / 30.66GiB,0.24%,0B / 0B,0B / 5.02MB,28
2026-07-31 12:21:24,openzen,2.89%,34.17MiB / 30.66GiB,0.11%,0B / 0B,0B / 2.15MB,20
2026-07-31 12:21:27,trav_ros2,29.28%,123.3MiB / 30.66GiB,0.39%,0B / 0B,0B / 2.02MB,30
2026-07-31 12:21:27,docker-recorder-run-d4618acf6366,0.00%,10.3MiB / 30.66GiB,0.03%,0B / 0B,0B / 9.45MB,1
2026-07-31 12:21:27,glim,105.17%,502.9MiB / 30.66GiB,1.60%,0B / 0B,77.8kB / 11.9MB,35
2026-07-31 12:21:27,ouster,7.96%,120.8MiB / 30.66GiB,0.38%,0B / 0B,0B / 3MB,30
2026-07-31 12:21:27,scovox,104.92%,1.382GiB / 30.66GiB,4.51%,0B / 0B,0B / 4.15MB,53
2026-07-31 12:21:27,mapir-ffmpeg,28.42%,171.1MiB / 30.66GiB,0.54%,0B / 0B,0B / 1.56MB,33
2026-07-31 12:21:27,realsense,16.67%,96.2MiB / 30.66GiB,0.31%,0B / 0B,0B / 3.28MB,33
2026-07-31 12:21:27,nav2,5.32%,136.6MiB / 30.66GiB,0.44%,0B / 0B,0B / 1.99MB,92
2026-07-31 12:21:27,domain_bridge,0.31%,76.22MiB / 30.66GiB,0.24%,0B / 0B,0B / 5.02MB,28
2026-07-31 12:21:27,openzen,2.84%,33.68MiB / 30.66GiB,0.11%,0B / 0B,0B / 2.15MB,20
2026-07-31 12:21:30,trav_ros2,29.25%,122.7MiB / 30.66GiB,0.39%,0B / 0B,0B / 2.02MB,30
2026-07-31 12:21:30,docker-recorder-run-d4618acf6366,0.00%,10.3MiB / 30.66GiB,0.03%,0B / 0B,0B / 9.45MB,1
2026-07-31 12:21:30,glim,110.00%,502.4MiB / 30.66GiB,1.60%,0B / 0B,77.8kB / 11.9MB,35
2026-07-31 12:21:30,ouster,7.84%,120.8MiB / 30.66GiB,0.38%,0B / 0B,0B / 3MB,30
2026-07-31 12:21:30,scovox,105.26%,1.372GiB / 30.66GiB,4.48%,0B / 0B,0B / 4.15MB,53
2026-07-31 12:21:30,mapir-ffmpeg,28.45%,171.1MiB / 30.66GiB,0.54%,0B / 0B,0B / 1.56MB,33
2026-07-31 12:21:30,realsense,16.65%,95.45MiB / 30.66GiB,0.30%,0B / 0B,0B / 3.28MB,33
2026-07-31 12:21:30,nav2,5.39%,136.6MiB / 30.66GiB,0.44%,0B / 0B,0B / 1.99MB,92
2026-07-31 12:21:30,domain_bridge,0.92%,77.02MiB / 30.66GiB,0.25%,0B / 0B,0B / 5.02MB,28
2026-07-31 12:21:30,openzen,2.63%,33.93MiB / 30.66GiB,0.11%,0B / 0B,0B / 2.15MB,20
2026-07-31 12:21:33,trav_ros2,29.34%,123.3MiB / 30.66GiB,0.39%,0B / 0B,0B / 2.1MB,30
2026-07-31 12:21:33,docker-recorder-run-d4618acf6366,0.00%,10.3MiB / 30.66GiB,0.03%,0B / 0B,0B / 9.45MB,1
2026-07-31 12:21:33,glim,106.72%,501.7MiB / 30.66GiB,1.60%,0B / 0B,77.8kB / 11.9MB,35
2026-07-31 12:21:33,ouster,8.27%,121.8MiB / 30.66GiB,0.39%,0B / 0B,0B / 3MB,30
2026-07-31 12:21:33,scovox,111.96%,1.382GiB / 30.66GiB,4.51%,0B / 0B,0B / 4.15MB,53
2026-07-31 12:21:33,mapir-ffmpeg,28.56%,171.3MiB / 30.66GiB,0.55%,0B / 0B,0B / 1.56MB,33
2026-07-31 12:21:33,realsense,16.97%,95.95MiB / 30.66GiB,0.31%,0B / 0B,0B / 3.28MB,33
2026-07-31 12:21:33,nav2,5.94%,137.4MiB / 30.66GiB,0.44%,0B / 0B,0B / 1.99MB,92
2026-07-31 12:21:33,domain_bridge,0.85%,76.18MiB / 30.66GiB,0.24%,0B / 0B,0B / 5.02MB,28
2026-07-31 12:21:33,openzen,2.81%,33.68MiB / 30.66GiB,0.11%,0B / 0B,0B / 2.15MB,20
2026-07-31 12:21:36,trav_ros2,29.36%,124MiB / 30.66GiB,0.39%,0B / 0B,0B / 2.1MB,30
2026-07-31 12:21:36,docker-recorder-run-d4618acf6366,0.00%,10.3MiB / 30.66GiB,0.03%,0B / 0B,0B / 9.45MB,1
2026-07-31 12:21:36,glim,105.27%,502.2MiB / 30.66GiB,1.60%,0B / 0B,77.8kB / 11.9MB,35
2026-07-31 12:21:36,ouster,8.12%,120.7MiB / 30.66GiB,0.38%,0B / 0B,0B / 3MB,30
2026-07-31 12:21:36,scovox,105.14%,1.372GiB / 30.66GiB,4.47%,0B / 0B,0B / 4.15MB,53
2026-07-31 12:21:36,mapir-ffmpeg,29.22%,170.8MiB / 30.66GiB,0.54%,0B / 0B,0B / 1.56MB,33
2026-07-31 12:21:36,realsense,16.90%,95.45MiB / 30.66GiB,0.30%,0B / 0B,0B / 3.28MB,33
2026-07-31 12:21:36,nav2,5.58%,137.1MiB / 30.66GiB,0.44%,0B / 0B,0B / 1.99MB,92
2026-07-31 12:21:36,domain_bridge,0.76%,76.63MiB / 30.66GiB,0.24%,0B / 0B,0B / 5.02MB,28
2026-07-31 12:21:36,openzen,2.61%,33.68MiB / 30.66GiB,0.11%,0B / 0B,0B / 2.15MB,20
2026-07-31 12:21:39,trav_ros2,29.69%,122.7MiB / 30.66GiB,0.39%,0B / 0B,0B / 2.1MB,30
2026-07-31 12:21:39,docker-recorder-run-d4618acf6366,0.00%,10.3MiB / 30.66GiB,0.03%,0B / 0B,0B / 9.45MB,1
2026-07-31 12:21:39,glim,107.73%,502.8MiB / 30.66GiB,1.60%,0B / 0B,77.8kB / 11.9MB,35
2026-07-31 12:21:39,ouster,8.48%,121MiB / 30.66GiB,0.39%,0B / 0B,0B / 3MB,30
2026-07-31 12:21:39,scovox,106.28%,1.408GiB / 30.66GiB,4.59%,0B / 0B,0B / 4.15MB,53
2026-07-31 12:21:39,mapir-ffmpeg,29.69%,171.8MiB / 30.66GiB,0.55%,0B / 0B,0B / 1.56MB,33
2026-07-31 12:21:39,realsense,17.35%,95.7MiB / 30.66GiB,0.30%,0B / 0B,0B / 3.28MB,33
2026-07-31 12:21:39,nav2,6.19%,137.6MiB / 30.66GiB,0.44%,0B / 0B,0B / 1.99MB,92
2026-07-31 12:21:39,domain_bridge,1.12%,76.75MiB / 30.66GiB,0.24%,0B / 0B,0B / 5.02MB,28
2026-07-31 12:21:39,openzen,2.76%,34.66MiB / 30.66GiB,0.11%,0B / 0B,0B / 2.15MB,20
2026-07-31 12:21:42,trav_ros2,29.56%,123.5MiB / 30.66GiB,0.39%,0B / 0B,0B / 2.1MB,30
2026-07-31 12:21:42,docker-recorder-run-d4618acf6366,0.00%,10.3MiB / 30.66GiB,0.03%,0B / 0B,0B / 9.45MB,1
2026-07-31 12:21:42,glim,105.72%,502.1MiB / 30.66GiB,1.60%,0B / 0B,77.8kB / 11.9MB,35
2026-07-31 12:21:42,ouster,7.77%,121MiB / 30.66GiB,0.39%,0B / 0B,0B / 3MB,30
2026-07-31 12:21:42,scovox,105.19%,1.405GiB / 30.66GiB,4.58%,0B / 0B,0B / 4.15MB,53
2026-07-31 12:21:42,mapir-ffmpeg,30.06%,171.1MiB / 30.66GiB,0.54%,0B / 0B,0B / 1.56MB,33
2026-07-31 12:21:42,realsense,17.59%,95.71MiB / 30.66GiB,0.30%,0B / 0B,0B / 3.28MB,33
2026-07-31 12:21:42,nav2,5.66%,137MiB / 30.66GiB,0.44%,0B / 0B,0B / 1.99MB,92
2026-07-31 12:21:42,domain_bridge,0.42%,76.05MiB / 30.66GiB,0.24%,0B / 0B,0B / 5.02MB,28
2026-07-31 12:21:42,openzen,2.44%,34.17MiB / 30.66GiB,0.11%,0B / 0B,0B / 2.15MB,20
2026-07-31 12:21:45,trav_ros2,29.74%,123.3MiB / 30.66GiB,0.39%,0B / 0B,0B / 2.1MB,30
2026-07-31 12:21:45,docker-recorder-run-d4618acf6366,0.00%,10.3MiB / 30.66GiB,0.03%,0B / 0B,0B / 9.45MB,1
2026-07-31 12:21:45,glim,107.44%,502.1MiB / 30.66GiB,1.60%,0B / 0B,77.8kB / 11.9MB,35
2026-07-31 12:21:45,ouster,7.84%,120.7MiB / 30.66GiB,0.38%,0B / 0B,0B / 3MB,30
2026-07-31 12:21:45,scovox,106.78%,1.408GiB / 30.66GiB,4.59%,0B / 0B,0B / 4.15MB,53
2026-07-31 12:21:45,mapir-ffmpeg,29.88%,171.3MiB / 30.66GiB,0.55%,0B / 0B,0B / 1.56MB,33
2026-07-31 12:21:45,realsense,17.10%,95.2MiB / 30.66GiB,0.30%,0B / 0B,0B / 3.28MB,33
2026-07-31 12:21:45,nav2,5.59%,136.8MiB / 30.66GiB,0.44%,0B / 0B,0B / 1.99MB,92
2026-07-31 12:21:45,domain_bridge,2.13%,76.04MiB / 30.66GiB,0.24%,0B / 0B,0B / 5.02MB,28
2026-07-31 12:21:45,openzen,2.77%,33.68MiB / 30.66GiB,0.11%,0B / 0B,0B / 2.15MB,20
2026-07-31 12:21:48,trav_ros2,29.77%,122.8MiB / 30.66GiB,0.39%,0B / 0B,0B / 2.1MB,30
2026-07-31 12:21:48,docker-recorder-run-d4618acf6366,0.00%,10.3MiB / 30.66GiB,0.03%,0B / 0B,0B / 9.45MB,1
2026-07-31 12:21:48,glim,110.97%,502.7MiB / 30.66GiB,1.60%,0B / 0B,77.8kB / 11.9MB,35
2026-07-31 12:21:48,ouster,8.47%,121.3MiB / 30.66GiB,0.39%,0B / 0B,0B / 3MB,30
2026-07-31 12:21:48,scovox,105.47%,1.396GiB / 30.66GiB,4.55%,0B / 0B,0B / 4.17MB,53
2026-07-31 12:21:48,mapir-ffmpeg,29.69%,171.8MiB / 30.66GiB,0.55%,0B / 0B,0B / 1.57MB,33
2026-07-31 12:21:48,realsense,16.89%,95.45MiB / 30.66GiB,0.30%,0B / 0B,0B / 3.28MB,33
2026-07-31 12:21:48,nav2,5.90%,137.1MiB / 30.66GiB,0.44%,0B / 0B,0B / 1.99MB,92
2026-07-31 12:21:48,domain_bridge,0.57%,76.39MiB / 30.66GiB,0.24%,0B / 0B,0B / 5.02MB,28
2026-07-31 12:21:48,openzen,2.60%,33.68MiB / 30.66GiB,0.11%,0B / 0B,0B / 2.15MB,20
2026-07-31 12:21:52,trav_ros2,31.22%,122.2MiB / 30.66GiB,0.39%,0B / 0B,0B / 2.1MB,30
2026-07-31 12:21:52,docker-recorder-run-d4618acf6366,0.00%,10.3MiB / 30.66GiB,0.03%,0B / 0B,0B / 9.45MB,1
2026-07-31 12:21:52,glim,113.48%,502.4MiB / 30.66GiB,1.60%,0B / 0B,77.8kB / 11.9MB,35
2026-07-31 12:21:52,ouster,7.81%,120.8MiB / 30.66GiB,0.38%,0B / 0B,0B / 3MB,30
2026-07-31 12:21:52,scovox,106.18%,1.431GiB / 30.66GiB,4.67%,0B / 0B,0B / 4.17MB,53
2026-07-31 12:21:52,mapir-ffmpeg,29.94%,170.8MiB / 30.66GiB,0.54%,0B / 0B,0B / 1.57MB,33
2026-07-31 12:21:52,realsense,17.00%,95.46MiB / 30.66GiB,0.30%,0B / 0B,0B / 3.28MB,33
2026-07-31 12:21:52,nav2,5.62%,136.6MiB / 30.66GiB,0.44%,0B / 0B,0B / 1.99MB,92
2026-07-31 12:21:52,domain_bridge,0.59%,76.23MiB / 30.66GiB,0.24%,0B / 0B,0B / 5.02MB,28
2026-07-31 12:21:52,openzen,2.77%,33.93MiB / 30.66GiB,0.11%,0B / 0B,0B / 2.15MB,20
2026-07-31 12:21:55,trav_ros2,30.31%,124.1MiB / 30.66GiB,0.40%,0B / 0B,0B / 2.1MB,30
2026-07-31 12:21:55,docker-recorder-run-d4618acf6366,0.00%,10.3MiB / 30.66GiB,0.03%,0B / 0B,0B / 9.45MB,1
2026-07-31 12:21:55,glim,110.51%,502.2MiB / 30.66GiB,1.60%,0B / 0B,77.8kB / 11.9MB,35
2026-07-31 12:21:55,ouster,8.27%,121MiB / 30.66GiB,0.39%,0B / 0B,0B / 3MB,30
2026-07-31 12:21:55,scovox,109.36%,1.42GiB / 30.66GiB,4.63%,0B / 0B,0B / 4.17MB,53
2026-07-31 12:21:55,mapir-ffmpeg,29.82%,170.8MiB / 30.66GiB,0.54%,0B / 0B,0B / 1.57MB,33
2026-07-31 12:21:55,realsense,16.69%,96.17MiB / 30.66GiB,0.31%,0B / 0B,0B / 3.28MB,33
2026-07-31 12:21:55,nav2,5.82%,137.5MiB / 30.66GiB,0.44%,0B / 0B,0B / 1.99MB,92
2026-07-31 12:21:55,domain_bridge,0.92%,75.81MiB / 30.66GiB,0.24%,0B / 0B,0B / 5.02MB,28
2026-07-31 12:21:55,openzen,2.78%,34.17MiB / 30.66GiB,0.11%,0B / 0B,0B / 2.15MB,20
2026-07-31 12:21:58,trav_ros2,29.83%,124.1MiB / 30.66GiB,0.40%,0B / 0B,0B / 2.1MB,30
2026-07-31 12:21:58,docker-recorder-run-d4618acf6366,0.00%,10.3MiB / 30.66GiB,0.03%,0B / 0B,0B / 9.45MB,1
2026-07-31 12:21:58,glim,108.10%,501.9MiB / 30.66GiB,1.60%,0B / 0B,77.8kB / 11.9MB,35
2026-07-31 12:21:58,ouster,8.19%,121.4MiB / 30.66GiB,0.39%,0B / 0B,0B / 3MB,30
2026-07-31 12:21:58,scovox,106.07%,1.397GiB / 30.66GiB,4.55%,0B / 0B,0B / 4.17MB,53
2026-07-31 12:21:58,mapir-ffmpeg,30.07%,171.3MiB / 30.66GiB,0.55%,0B / 0B,0B / 1.57MB,33
2026-07-31 12:21:58,realsense,16.59%,95.45MiB / 30.66GiB,0.30%,0B / 0B,0B / 3.28MB,33
2026-07-31 12:21:58,nav2,6.14%,137.2MiB / 30.66GiB,0.44%,0B / 0B,0B / 2.02MB,92
2026-07-31 12:21:58,domain_bridge,0.86%,76.45MiB / 30.66GiB,0.24%,0B / 0B,0B / 5.02MB,28
2026-07-31 12:21:58,openzen,2.57%,34.19MiB / 30.66GiB,0.11%,0B / 0B,0B / 2.15MB,20
2026-07-31 12:22:01,trav_ros2,29.64%,123.8MiB / 30.66GiB,0.39%,0B / 0B,0B / 2.1MB,30
2026-07-31 12:22:01,docker-recorder-run-d4618acf6366,0.00%,10.3MiB / 30.66GiB,0.03%,0B / 0B,0B / 9.45MB,1
2026-07-31 12:22:01,glim,106.75%,503.2MiB / 30.66GiB,1.60%,0B / 0B,77.8kB / 11.9MB,35
2026-07-31 12:22:01,ouster,8.17%,121.1MiB / 30.66GiB,0.39%,0B / 0B,0B / 3MB,30
2026-07-31 12:22:01,scovox,105.02%,1.396GiB / 30.66GiB,4.55%,0B / 0B,0B / 4.17MB,53
2026-07-31 12:22:01,mapir-ffmpeg,29.38%,171.1MiB / 30.66GiB,0.54%,0B / 0B,0B / 1.57MB,33
2026-07-31 12:22:01,realsense,16.56%,95.2MiB / 30.66GiB,0.30%,0B / 0B,0B / 3.28MB,33
2026-07-31 12:22:01,nav2,5.75%,137.2MiB / 30.66GiB,0.44%,0B / 0B,0B / 2.02MB,92
2026-07-31 12:22:01,domain_bridge,1.53%,76.93MiB / 30.66GiB,0.25%,0B / 0B,0B / 5.02MB,28
2026-07-31 12:22:01,openzen,2.58%,33.68MiB / 30.66GiB,0.11%,0B / 0B,0B / 2.15MB,20
2026-07-31 12:22:04,trav_ros2,29.42%,123.6MiB / 30.66GiB,0.39%,0B / 0B,0B / 2.18MB,30
2026-07-31 12:22:04,docker-recorder-run-d4618acf6366,0.00%,10.3MiB / 30.66GiB,0.03%,0B / 0B,0B / 9.45MB,1
2026-07-31 12:22:04,glim,106.17%,503.6MiB / 30.66GiB,1.60%,0B / 0B,77.8kB / 11.9MB,35
2026-07-31 12:22:04,ouster,8.11%,122MiB / 30.66GiB,0.39%,0B / 0B,0B / 3MB,30
2026-07-31 12:22:04,scovox,110.55%,1.395GiB / 30.66GiB,4.55%,0B / 0B,0B / 4.17MB,53
2026-07-31 12:22:04,mapir-ffmpeg,29.42%,171.3MiB / 30.66GiB,0.55%,0B / 0B,0B / 1.57MB,33
2026-07-31 12:22:04,realsense,16.56%,95.45MiB / 30.66GiB,0.30%,0B / 0B,0B / 3.28MB,33
2026-07-31 12:22:04,nav2,5.99%,137.3MiB / 30.66GiB,0.44%,0B / 0B,0B / 2.02MB,92
2026-07-31 12:22:04,domain_bridge,0.61%,76.12MiB / 30.66GiB,0.24%,0B / 0B,0B / 5.02MB,28
2026-07-31 12:22:04,openzen,2.61%,33.93MiB / 30.66GiB,0.11%,0B / 0B,0B / 2.15MB,20
2026-07-31 12:22:07,trav_ros2,29.32%,122.7MiB / 30.66GiB,0.39%,0B / 0B,0B / 2.18MB,30
2026-07-31 12:22:07,docker-recorder-run-d4618acf6366,0.00%,10.3MiB / 30.66GiB,0.03%,0B / 0B,0B / 9.45MB,1
2026-07-31 12:22:07,glim,104.30%,501.6MiB / 30.66GiB,1.60%,0B / 0B,77.8kB / 11.9MB,35
2026-07-31 12:22:07,ouster,7.58%,121.4MiB / 30.66GiB,0.39%,0B / 0B,0B / 3MB,30
2026-07-31 12:22:07,scovox,104.46%,1.431GiB / 30.66GiB,4.67%,0B / 0B,0B / 4.17MB,53
2026-07-31 12:22:07,mapir-ffmpeg,28.40%,171.1MiB / 30.66GiB,0.54%,0B / 0B,0B / 1.57MB,33
2026-07-31 12:22:07,realsense,16.66%,95.45MiB / 30.66GiB,0.30%,0B / 0B,0B / 3.28MB,33
2026-07-31 12:22:07,nav2,5.58%,137.6MiB / 30.66GiB,0.44%,0B / 0B,0B / 2.02MB,92
2026-07-31 12:22:07,domain_bridge,0.32%,76.39MiB / 30.66GiB,0.24%,0B / 0B,0B / 5.02MB,28
2026-07-31 12:22:07,openzen,2.65%,34.41MiB / 30.66GiB,0.11%,0B / 0B,0B / 2.15MB,20
2026-07-31 12:22:10,trav_ros2,29.36%,123.7MiB / 30.66GiB,0.39%,0B / 0B,0B / 2.18MB,30
2026-07-31 12:22:10,docker-recorder-run-d4618acf6366,0.00%,10.3MiB / 30.66GiB,0.03%,0B / 0B,0B / 9.45MB,1
2026-07-31 12:22:10,glim,105.82%,502.1MiB / 30.66GiB,1.60%,0B / 0B,77.8kB / 11.9MB,35
2026-07-31 12:22:10,ouster,7.71%,121MiB / 30.66GiB,0.39%,0B / 0B,0B / 3MB,30
2026-07-31 12:22:10,scovox,104.89%,1.39GiB / 30.66GiB,4.53%,0B / 0B,0B / 4.17MB,53
2026-07-31 12:22:10,mapir-ffmpeg,28.79%,171.1MiB / 30.66GiB,0.54%,0B / 0B,0B / 1.57MB,33
2026-07-31 12:22:10,realsense,17.04%,95.45MiB / 30.66GiB,0.30%,0B / 0B,0B / 3.28MB,33
2026-07-31 12:22:10,nav2,5.66%,137MiB / 30.66GiB,0.44%,0B / 0B,0B / 2.02MB,92
2026-07-31 12:22:10,domain_bridge,0.81%,76.8MiB / 30.66GiB,0.24%,0B / 0B,0B / 5.02MB,28
2026-07-31 12:22:10,openzen,2.60%,34.43MiB / 30.66GiB,0.11%,0B / 0B,0B / 2.15MB,20
2026-07-31 12:22:13,trav_ros2,29.80%,124.1MiB / 30.66GiB,0.40%,0B / 0B,0B / 2.18MB,30
2026-07-31 12:22:13,docker-recorder-run-d4618acf6366,0.00%,10.3MiB / 30.66GiB,0.03%,0B / 0B,0B / 9.45MB,1
2026-07-31 12:22:13,glim,108.73%,502.4MiB / 30.66GiB,1.60%,0B / 0B,77.8kB / 11.9MB,35
2026-07-31 12:22:13,ouster,8.15%,120.8MiB / 30.66GiB,0.38%,0B / 0B,0B / 3MB,30
2026-07-31 12:22:13,scovox,107.39%,1.403GiB / 30.66GiB,4.57%,0B / 0B,0B / 4.17MB,53
2026-07-31 12:22:13,mapir-ffmpeg,29.49%,171.3MiB / 30.66GiB,0.55%,0B / 0B,0B / 1.57MB,33
2026-07-31 12:22:13,realsense,17.41%,95.91MiB / 30.66GiB,0.31%,0B / 0B,0B / 3.28MB,33
2026-07-31 12:22:13,nav2,6.36%,136.9MiB / 30.66GiB,0.44%,0B / 0B,0B / 2.02MB,92
2026-07-31 12:22:13,domain_bridge,0.79%,76.22MiB / 30.66GiB,0.24%,0B / 0B,0B / 5.02MB,28
2026-07-31 12:22:13,openzen,2.57%,33.93MiB / 30.66GiB,0.11%,0B / 0B,0B / 2.15MB,20
2026-07-31 12:22:16,trav_ros2,29.96%,123.3MiB / 30.66GiB,0.39%,0B / 0B,0B / 2.18MB,30
2026-07-31 12:22:16,docker-recorder-run-d4618acf6366,0.00%,10.3MiB / 30.66GiB,0.03%,0B / 0B,0B / 9.45MB,1
2026-07-31 12:22:16,glim,109.67%,502.5MiB / 30.66GiB,1.60%,0B / 0B,77.8kB / 11.9MB,35
2026-07-31 12:22:16,ouster,7.90%,120.8MiB / 30.66GiB,0.38%,0B / 0B,0B / 3MB,30
2026-07-31 12:22:16,scovox,114.69%,1.412GiB / 30.66GiB,4.61%,0B / 0B,0B / 4.17MB,53
2026-07-31 12:22:16,mapir-ffmpeg,28.74%,170.8MiB / 30.66GiB,0.54%,0B / 0B,0B / 1.57MB,33
2026-07-31 12:22:16,realsense,17.15%,95.7MiB / 30.66GiB,0.30%,0B / 0B,0B / 3.28MB,33
2026-07-31 12:22:16,nav2,5.89%,137.2MiB / 30.66GiB,0.44%,0B / 0B,0B / 2.02MB,92
2026-07-31 12:22:16,domain_bridge,0.49%,76.24MiB / 30.66GiB,0.24%,0B / 0B,0B / 5.02MB,28
2026-07-31 12:22:16,openzen,2.69%,33.68MiB / 30.66GiB,0.11%,0B / 0B,0B / 2.15MB,20
2026-07-31 12:22:19,trav_ros2,30.02%,123.3MiB / 30.66GiB,0.39%,0B / 0B,0B / 2.18MB,30
2026-07-31 12:22:19,docker-recorder-run-d4618acf6366,0.00%,10.3MiB / 30.66GiB,0.03%,0B / 0B,0B / 9.45MB,1
2026-07-31 12:22:19,glim,108.96%,502MiB / 30.66GiB,1.60%,0B / 0B,77.8kB / 11.9MB,35
2026-07-31 12:22:19,ouster,8.46%,121.4MiB / 30.66GiB,0.39%,0B / 0B,0B / 3MB,30
2026-07-31 12:22:19,scovox,114.53%,1.415GiB / 30.66GiB,4.62%,0B / 0B,0B / 4.17MB,53
2026-07-31 12:22:19,mapir-ffmpeg,29.10%,172.6MiB / 30.66GiB,0.55%,0B / 0B,0B / 1.57MB,33
2026-07-31 12:22:19,realsense,17.14%,95.2MiB / 30.66GiB,0.30%,0B / 0B,0B / 3.28MB,33
2026-07-31 12:22:19,nav2,7.14%,137.4MiB / 30.66GiB,0.44%,0B / 0B,0B / 2.02MB,92
2026-07-31 12:22:19,domain_bridge,1.28%,75.86MiB / 30.66GiB,0.24%,0B / 0B,0B / 5.02MB,28
2026-07-31 12:22:19,openzen,2.71%,33.94MiB / 30.66GiB,0.11%,0B / 0B,0B / 2.15MB,20
2026-07-31 12:22:23,trav_ros2,29.77%,123.8MiB / 30.66GiB,0.39%,0B / 0B,0B / 2.18MB,30
2026-07-31 12:22:23,docker-recorder-run-d4618acf6366,0.00%,10.3MiB / 30.66GiB,0.03%,0B / 0B,0B / 9.45MB,1
2026-07-31 12:22:23,glim,106.65%,501.9MiB / 30.66GiB,1.60%,0B / 0B,77.8kB / 11.9MB,35
2026-07-31 12:22:23,ouster,8.31%,121.1MiB / 30.66GiB,0.39%,0B / 0B,0B / 3MB,30
2026-07-31 12:22:23,scovox,106.06%,1.413GiB / 30.66GiB,4.61%,0B / 0B,0B / 4.17MB,53
2026-07-31 12:22:23,mapir-ffmpeg,29.16%,170.8MiB / 30.66GiB,0.54%,0B / 0B,0B / 1.58MB,33
2026-07-31 12:22:23,realsense,17.22%,95.45MiB / 30.66GiB,0.30%,0B / 0B,0B / 3.28MB,33
2026-07-31 12:22:23,nav2,5.91%,136.8MiB / 30.66GiB,0.44%,0B / 0B,0B / 2.02MB,92
2026-07-31 12:22:23,domain_bridge,0.31%,76.83MiB / 30.66GiB,0.24%,0B / 0B,0B / 5.02MB,28
2026-07-31 12:22:23,openzen,2.86%,33.68MiB / 30.66GiB,0.11%,0B / 0B,0B / 2.15MB,20
2026-07-31 12:22:26,trav_ros2,29.45%,123.6MiB / 30.66GiB,0.39%,0B / 0B,0B / 2.18MB,30
2026-07-31 12:22:26,docker-recorder-run-d4618acf6366,0.00%,10.3MiB / 30.66GiB,0.03%,0B / 0B,0B / 9.45MB,1
2026-07-31 12:22:26,glim,107.86%,501.8MiB / 30.66GiB,1.60%,0B / 0B,77.8kB / 11.9MB,35
2026-07-31 12:22:26,ouster,7.93%,121.4MiB / 30.66GiB,0.39%,0B / 0B,0B / 3MB,30
2026-07-31 12:22:26,scovox,105.43%,1.37GiB / 30.66GiB,4.47%,0B / 0B,0B / 4.2MB,53
2026-07-31 12:22:26,mapir-ffmpeg,29.61%,171.1MiB / 30.66GiB,0.54%,0B / 0B,0B / 1.58MB,33
2026-07-31 12:22:26,realsense,17.09%,95.2MiB / 30.66GiB,0.30%,0B / 0B,0B / 3.28MB,33
2026-07-31 12:22:26,nav2,5.77%,137.4MiB / 30.66GiB,0.44%,0B / 0B,0B / 2.02MB,92
2026-07-31 12:22:26,domain_bridge,1.34%,76.74MiB / 30.66GiB,0.24%,0B / 0B,0B / 5.02MB,28
2026-07-31 12:22:26,openzen,2.70%,33.93MiB / 30.66GiB,0.11%,0B / 0B,0B / 2.15MB,20
2026-07-31 12:22:29,trav_ros2,29.57%,123.3MiB / 30.66GiB,0.39%,0B / 0B,0B / 2.18MB,30
2026-07-31 12:22:29,docker-recorder-run-d4618acf6366,0.00%,10.3MiB / 30.66GiB,0.03%,0B / 0B,0B / 9.45MB,1
2026-07-31 12:22:29,glim,106.50%,502.1MiB / 30.66GiB,1.60%,0B / 0B,77.8kB / 11.9MB,35
2026-07-31 12:22:29,ouster,7.90%,121.5MiB / 30.66GiB,0.39%,0B / 0B,0B / 3MB,30
2026-07-31 12:22:29,scovox,105.39%,1.387GiB / 30.66GiB,4.52%,0B / 0B,0B / 4.2MB,53
2026-07-31 12:22:29,mapir-ffmpeg,29.75%,170.8MiB / 30.66GiB,0.54%,0B / 0B,0B / 1.58MB,33
2026-07-31 12:22:29,realsense,17.31%,95.47MiB / 30.66GiB,0.30%,0B / 0B,0B / 3.28MB,33
2026-07-31 12:22:29,nav2,6.16%,137.8MiB / 30.66GiB,0.44%,0B / 0B,0B / 2.02MB,92
2026-07-31 12:22:29,domain_bridge,0.64%,76.83MiB / 30.66GiB,0.24%,0B / 0B,0B / 5.02MB,28
2026-07-31 12:22:29,openzen,2.83%,33.93MiB / 30.66GiB,0.11%,0B / 0B,0B / 2.15MB,20
2026-07-31 12:22:32,trav_ros2,29.57%,124.2MiB / 30.66GiB,0.40%,0B / 0B,0B / 2.18MB,30
2026-07-31 12:22:32,docker-recorder-run-d4618acf6366,0.00%,10.3MiB / 30.66GiB,0.03%,0B / 0B,0B / 9.45MB,1
2026-07-31 12:22:32,glim,103.82%,501.8MiB / 30.66GiB,1.60%,0B / 0B,77.8kB / 11.9MB,35
2026-07-31 12:22:32,ouster,7.77%,120.5MiB / 30.66GiB,0.38%,0B / 0B,0B / 3MB,30
2026-07-31 12:22:32,scovox,105.30%,1.391GiB / 30.66GiB,4.54%,0B / 0B,0B / 4.2MB,53
2026-07-31 12:22:32,mapir-ffmpeg,29.50%,170.8MiB / 30.66GiB,0.54%,0B / 0B,0B / 1.58MB,33
2026-07-31 12:22:32,realsense,17.23%,96.19MiB / 30.66GiB,0.31%,0B / 0B,0B / 3.28MB,33
2026-07-31 12:22:32,nav2,5.96%,137.5MiB / 30.66GiB,0.44%,0B / 0B,0B / 2.04MB,92
2026-07-31 12:22:32,domain_bridge,0.71%,76.46MiB / 30.66GiB,0.24%,0B / 0B,0B / 5.02MB,28
2026-07-31 12:22:32,openzen,2.61%,33.68MiB / 30.66GiB,0.11%,0B / 0B,0B / 2.15MB,20
2026-07-31 12:22:35,docker-recorder-run-d4618acf6366,0.00%,10.3MiB / 30.66GiB,0.03%,0B / 0B,0B / 9.45MB,1
2026-07-31 12:22:35,glim,104.76%,501.5MiB / 30.66GiB,1.60%,0B / 0B,77.8kB / 11.9MB,35
2026-07-31 12:22:35,ouster,7.80%,120.9MiB / 30.66GiB,0.39%,0B / 0B,0B / 3MB,30
2026-07-31 12:22:35,scovox,106.74%,1.39GiB / 30.66GiB,4.53%,0B / 0B,0B / 4.21MB,53
2026-07-31 12:22:35,mapir-ffmpeg,28.76%,170.9MiB / 30.66GiB,0.54%,0B / 0B,0B / 1.59MB,33
2026-07-31 12:22:35,realsense,17.21%,95.68MiB / 30.66GiB,0.30%,0B / 0B,0B / 3.28MB,33
2026-07-31 12:22:35,nav2,6.68%,137.3MiB / 30.66GiB,0.44%,0B / 0B,0B / 2.04MB,92
2026-07-31 12:22:35,domain_bridge,1.28%,76MiB / 30.66GiB,0.24%,0B / 0B,0B / 5.02MB,28
2026-07-31 12:22:35,openzen,2.89%,34.89MiB / 30.66GiB,0.11%,0B / 0B,0B / 2.15MB,20
2026-07-31 12:22:38,docker-recorder-run-d4618acf6366,35.15%,27.9MiB / 30.66GiB,0.09%,0B / 0B,0B / 9.45MB,4
2026-07-31 12:22:38,glim,107.10%,502.2MiB / 30.66GiB,1.60%,0B / 0B,77.8kB / 11.9MB,35
2026-07-31 12:22:38,ouster,8.40%,121.3MiB / 30.66GiB,0.39%,0B / 0B,0B / 3MB,30
2026-07-31 12:22:38,scovox,109.61%,1.371GiB / 30.66GiB,4.47%,0B / 0B,0B / 4.21MB,53
2026-07-31 12:22:38,mapir-ffmpeg,30.15%,172.3MiB / 30.66GiB,0.55%,0B / 0B,0B / 1.59MB,33
2026-07-31 12:22:38,realsense,17.38%,96.67MiB / 30.66GiB,0.31%,0B / 0B,0B / 3.28MB,33
2026-07-31 12:22:38,nav2,7.01%,137.7MiB / 30.66GiB,0.44%,0B / 0B,0B / 2.04MB,92
2026-07-31 12:22:38,domain_bridge,1.58%,76.19MiB / 30.66GiB,0.24%,0B / 0B,0B / 5.02MB,28
2026-07-31 12:22:38,openzen,3.02%,33.94MiB / 30.66GiB,0.11%,0B / 0B,0B / 2.15MB,20
2026-07-31 12:22:41,glim,104.04%,500.9MiB / 30.66GiB,1.60%,0B / 0B,77.8kB / 11.9MB,35
2026-07-31 12:22:41,ouster,7.99%,121MiB / 30.66GiB,0.39%,0B / 0B,0B / 3MB,30
2026-07-31 12:22:41,scovox,106.56%,1.413GiB / 30.66GiB,4.61%,0B / 0B,0B / 4.23MB,53
2026-07-31 12:22:41,nav2,6.25%,136.3MiB / 30.66GiB,0.43%,0B / 0B,0B / 2.05MB,92
2026-07-31 12:22:41,domain_bridge,2.72%,76.84MiB / 30.66GiB,0.24%,0B / 0B,0B / 5.02MB,28
2026-07-31 12:22:41,openzen,2.96%,35.01MiB / 30.66GiB,0.11%,0B / 0B,0B / 2.15MB,20
2026-07-31 12:22:44,glim,110.44%,502.6MiB / 30.66GiB,1.60%,0B / 0B,77.8kB / 11.9MB,35
2026-07-31 12:22:44,ouster,8.16%,123.2MiB / 30.66GiB,0.39%,0B / 0B,0B / 3MB,30
2026-07-31 12:22:44,scovox,106.79%,1.375GiB / 30.66GiB,4.49%,0B / 0B,0B / 4.23MB,53
2026-07-31 12:22:44,nav2,7.04%,138.8MiB / 30.66GiB,0.44%,0B / 0B,0B / 2.05MB,92
2026-07-31 12:22:44,domain_bridge,1.21%,76.57MiB / 30.66GiB,0.24%,0B / 0B,0B / 5.02MB,28
2026-07-31 12:22:44,openzen,2.82%,34.67MiB / 30.66GiB,0.11%,0B / 0B,0B / 2.15MB,20
2026-07-31 12:22:47,glim,104.48%,501.6MiB / 30.66GiB,1.60%,0B / 0B,77.8kB / 11.9MB,35
2026-07-31 12:22:47,ouster,7.36%,121.5MiB / 30.66GiB,0.39%,0B / 0B,0B / 3MB,30
2026-07-31 12:22:47,scovox,106.81%,1.42GiB / 30.66GiB,4.63%,0B / 0B,0B / 4.23MB,53
2026-07-31 12:22:47,nav2,5.34%,138.5MiB / 30.66GiB,0.44%,0B / 0B,0B / 2.05MB,92
2026-07-31 12:22:47,domain_bridge,0.96%,75.89MiB / 30.66GiB,0.24%,0B / 0B,0B / 5.02MB,28
2026-07-31 12:22:47,openzen,2.58%,34.21MiB / 30.66GiB,0.11%,0B / 0B,0B / 2.15MB,20
2026-07-31 12:22:50,glim,106.08%,502.4MiB / 30.66GiB,1.60%,0B / 0B,77.8kB / 11.9MB,35
2026-07-31 12:22:50,ouster,7.56%,121.1MiB / 30.66GiB,0.39%,0B / 0B,0B / 3MB,30
2026-07-31 12:22:50,scovox,106.64%,1.392GiB / 30.66GiB,4.54%,0B / 0B,0B / 4.23MB,53
2026-07-31 12:22:50,nav2,6.23%,137.9MiB / 30.66GiB,0.44%,0B / 0B,0B / 2.05MB,92
2026-07-31 12:22:50,domain_bridge,1.24%,77.06MiB / 30.66GiB,0.25%,0B / 0B,0B / 5.02MB,28
2026-07-31 12:22:50,openzen,2.66%,34.97MiB / 30.66GiB,0.11%,0B / 0B,0B / 2.15MB,20
2026-07-31 12:23:02,scovox,107.05%,39.78MiB / 30.66GiB,0.13%,0B / 0B,0B / 705kB,5
2026-07-31 12:23:02,ouster,78.66%,74.99MiB / 30.66GiB,0.24%,0B / 0B,0B / 2.86MB,27
2026-07-31 12:23:02,openzen,3.80%,31.27MiB / 30.66GiB,0.10%,0B / 0B,0B / 2.14MB,20
2026-07-31 12:23:02,realsense,133.05%,41.16MiB / 30.66GiB,0.13%,0B / 0B,0B / 274kB,5
2026-07-31 12:23:02,mapir-ffmpeg,42.90%,125.1MiB / 30.66GiB,0.40%,0B / 0B,0B / 852kB,32
2026-07-31 12:23:02,domain_bridge,201.54%,43.53MiB / 30.66GiB,0.14%,0B / 0B,0B / 696kB,9
2026-07-31 12:23:02,nav2,97.83%,105.8MiB / 30.66GiB,0.34%,0B / 0B,0B / 1.13MB,89
2026-07-31 12:23:02,glim,120.86%,37.05MiB / 30.66GiB,0.12%,0B / 0B,0B / 11MB,2
2026-07-31 12:23:06,docker-recorder-run-a563b0293c6b,92.19%,67.52MiB / 30.66GiB,0.22%,0B / 0B,0B / 0B,19
2026-07-31 12:23:06,glim,45.97%,88.43MiB / 30.66GiB,0.28%,0B / 0B,0B / 11MB,20
2026-07-31 12:23:06,scovox,17.69%,244.4MiB / 30.66GiB,0.78%,0B / 0B,0B / 1.03MB,53
2026-07-31 12:23:06,ouster,6.90%,117.5MiB / 30.66GiB,0.37%,0B / 0B,0B / 2.86MB,30
2026-07-31 12:23:06,openzen,3.57%,32.82MiB / 30.66GiB,0.10%,0B / 0B,0B / 2.14MB,20
2026-07-31 12:23:06,realsense,17.17%,91.98MiB / 30.66GiB,0.29%,0B / 0B,0B / 2.29MB,33
2026-07-31 12:23:06,mapir-ffmpeg,28.77%,167.1MiB / 30.66GiB,0.53%,0B / 0B,0B / 1.27MB,33
2026-07-31 12:23:06,domain_bridge,112.80%,40.83MiB / 30.66GiB,0.13%,0B / 0B,0B / 725kB,7
2026-07-31 12:23:06,nav2,6.35%,118.6MiB / 30.66GiB,0.38%,0B / 0B,0B / 1.13MB,90
2026-07-31 12:23:09,docker-recorder-run-a563b0293c6b,99.39%,41.69MiB / 30.66GiB,0.13%,0B / 0B,0B / 0B,11
2026-07-31 12:23:09,glim,78.69%,162.8MiB / 30.66GiB,0.52%,0B / 0B,0B / 11MB,35
2026-07-31 12:23:09,scovox,4.75%,247.7MiB / 30.66GiB,0.79%,0B / 0B,0B / 1.03MB,53
2026-07-31 12:23:09,ouster,6.87%,116MiB / 30.66GiB,0.37%,0B / 0B,0B / 2.86MB,30
2026-07-31 12:23:09,openzen,3.39%,31.45MiB / 30.66GiB,0.10%,0B / 0B,0B / 2.14MB,20
2026-07-31 12:23:09,realsense,16.77%,90.97MiB / 30.66GiB,0.29%,0B / 0B,0B / 2.29MB,33
2026-07-31 12:23:09,mapir-ffmpeg,28.54%,165.6MiB / 30.66GiB,0.53%,0B / 0B,0B / 1.27MB,33
2026-07-31 12:23:09,domain_bridge,105.36%,44.24MiB / 30.66GiB,0.14%,0B / 0B,0B / 725kB,7
2026-07-31 12:23:09,nav2,5.24%,121.1MiB / 30.66GiB,0.39%,0B / 0B,0B / 1.13MB,92
2026-07-31 12:23:11,trav_ros2,101.84%,42.85MiB / 30.66GiB,0.14%,0B / 0B,0B / 61.4kB,5
2026-07-31 12:23:11,docker-recorder-run-a563b0293c6b,130.00%,39.84MiB / 30.66GiB,0.13%,0B / 0B,0B / 147kB,11
2026-07-31 12:23:11,glim,77.34%,265MiB / 30.66GiB,0.84%,0B / 0B,0B / 11.6MB,35
2026-07-31 12:23:11,scovox,92.01%,380.9MiB / 30.66GiB,1.21%,0B / 0B,0B / 3.51MB,53
2026-07-31 12:23:11,ouster,7.00%,116.2MiB / 30.66GiB,0.37%,0B / 0B,0B / 2.88MB,30
2026-07-31 12:23:11,openzen,3.32%,31.1MiB / 30.66GiB,0.10%,0B / 0B,0B / 2.15MB,20
2026-07-31 12:23:11,realsense,17.27%,90.54MiB / 30.66GiB,0.29%,0B / 0B,0B / 3.28MB,33
2026-07-31 12:23:11,mapir-ffmpeg,29.03%,166.5MiB / 30.66GiB,0.53%,0B / 0B,0B / 1.27MB,33
2026-07-31 12:23:11,domain_bridge,73.73%,63.08MiB / 30.66GiB,0.20%,0B / 0B,0B / 3.48MB,9
2026-07-31 12:23:11,nav2,7.47%,120.7MiB / 30.66GiB,0.38%,0B / 0B,0B / 1.17MB,92
2026-07-31 12:23:14,trav_ros2,36.03%,129.8MiB / 30.66GiB,0.41%,0B / 0B,0B / 98.3kB,44
2026-07-31 12:23:14,docker-recorder-run-a563b0293c6b,113.29%,43.26MiB / 30.66GiB,0.14%,0B / 0B,0B / 209kB,14
2026-07-31 12:23:14,glim,76.34%,290.3MiB / 30.66GiB,0.92%,0B / 0B,0B / 11.6MB,35
2026-07-31 12:23:14,scovox,111.05%,565.5MiB / 30.66GiB,1.80%,0B / 0B,0B / 3.51MB,53
2026-07-31 12:23:14,ouster,7.76%,116.7MiB / 30.66GiB,0.37%,0B / 0B,0B / 2.88MB,30
2026-07-31 12:23:14,openzen,3.30%,31.49MiB / 30.66GiB,0.10%,0B / 0B,0B / 2.15MB,20
2026-07-31 12:23:14,realsense,17.46%,91.45MiB / 30.66GiB,0.29%,0B / 0B,0B / 3.28MB,33
2026-07-31 12:23:14,mapir-ffmpeg,28.99%,166.4MiB / 30.66GiB,0.53%,0B / 0B,0B / 1.27MB,33
2026-07-31 12:23:14,domain_bridge,88.57%,38.29MiB / 30.66GiB,0.12%,0B / 0B,0B / 3.51MB,2
2026-07-31 12:23:14,nav2,6.42%,121.6MiB / 30.66GiB,0.39%,0B / 0B,0B / 1.17MB,92
2026-07-31 12:23:17,trav_ros2,37.36%,131.8MiB / 30.66GiB,0.42%,0B / 0B,0B / 98.3kB,44
2026-07-31 12:23:17,docker-recorder-run-a563b0293c6b,191.36%,43.42MiB / 30.66GiB,0.14%,0B / 0B,0B / 209kB,11
2026-07-31 12:23:17,glim,76.53%,290.6MiB / 30.66GiB,0.93%,0B / 0B,0B / 11.6MB,35
2026-07-31 12:23:17,scovox,129.81%,579.6MiB / 30.66GiB,1.85%,0B / 0B,0B / 3.51MB,53
2026-07-31 12:23:17,ouster,8.15%,117.1MiB / 30.66GiB,0.37%,0B / 0B,0B / 2.88MB,30
2026-07-31 12:23:17,openzen,3.83%,31.86MiB / 30.66GiB,0.10%,0B / 0B,0B / 2.15MB,20
2026-07-31 12:23:17,realsense,17.88%,91.6MiB / 30.66GiB,0.29%,0B / 0B,0B / 3.28MB,33
2026-07-31 12:23:17,mapir-ffmpeg,29.80%,167.3MiB / 30.66GiB,0.53%,0B / 0B,0B / 1.27MB,33
2026-07-31 12:23:17,domain_bridge,10.91%,54.73MiB / 30.66GiB,0.17%,0B / 0B,0B / 3.51MB,28
2026-07-31 12:23:17,nav2,7.33%,122.4MiB / 30.66GiB,0.39%,0B / 0B,0B / 1.17MB,92
2026-07-31 12:23:20,trav_ros2,35.57%,132MiB / 30.66GiB,0.42%,0B / 0B,0B / 98.3kB,44
2026-07-31 12:23:20,docker-recorder-run-a563b0293c6b,30.10%,10.67MiB / 30.66GiB,0.03%,0B / 0B,0B / 381kB,2
2026-07-31 12:23:20,glim,75.97%,292.9MiB / 30.66GiB,0.93%,0B / 0B,0B / 11.6MB,35
2026-07-31 12:23:20,scovox,106.10%,591.5MiB / 30.66GiB,1.88%,0B / 0B,0B / 3.51MB,53
2026-07-31 12:23:20,ouster,7.46%,117.1MiB / 30.66GiB,0.37%,0B / 0B,0B / 2.88MB,30
2026-07-31 12:23:20,openzen,3.29%,31.92MiB / 30.66GiB,0.10%,0B / 0B,0B / 2.15MB,20
2026-07-31 12:23:20,realsense,17.04%,91.67MiB / 30.66GiB,0.29%,0B / 0B,0B / 3.28MB,33
2026-07-31 12:23:20,mapir-ffmpeg,28.83%,167.4MiB / 30.66GiB,0.53%,0B / 0B,0B / 1.27MB,33
2026-07-31 12:23:20,domain_bridge,1.06%,60.2MiB / 30.66GiB,0.19%,0B / 0B,0B / 3.51MB,28
2026-07-31 12:23:20,nav2,6.61%,122.8MiB / 30.66GiB,0.39%,0B / 0B,0B / 1.17MB,92
2026-07-31 12:23:23,trav_ros2,35.93%,132.9MiB / 30.66GiB,0.42%,0B / 0B,0B / 98.3kB,44
2026-07-31 12:23:23,docker-recorder-run-a563b0293c6b,0.00%,10.5MiB / 30.66GiB,0.03%,0B / 0B,0B / 381kB,2
2026-07-31 12:23:23,glim,77.10%,304.9MiB / 30.66GiB,0.97%,0B / 0B,0B / 11.6MB,35
2026-07-31 12:23:23,scovox,119.51%,617.5MiB / 30.66GiB,1.97%,0B / 0B,0B / 3.51MB,53
2026-07-31 12:23:23,ouster,7.36%,117.6MiB / 30.66GiB,0.37%,0B / 0B,0B / 2.88MB,30
2026-07-31 12:23:23,openzen,3.08%,31.92MiB / 30.66GiB,0.10%,0B / 0B,0B / 2.15MB,20
2026-07-31 12:23:23,realsense,16.97%,91.43MiB / 30.66GiB,0.29%,0B / 0B,0B / 3.28MB,33
2026-07-31 12:23:23,mapir-ffmpeg,28.63%,167MiB / 30.66GiB,0.53%,0B / 0B,0B / 1.27MB,33
2026-07-31 12:23:23,domain_bridge,2.69%,61.42MiB / 30.66GiB,0.20%,0B / 0B,0B / 3.51MB,28
2026-07-31 12:23:23,nav2,6.07%,123MiB / 30.66GiB,0.39%,0B / 0B,0B / 1.17MB,92
2026-07-31 12:23:26,trav_ros2,35.80%,131.8MiB / 30.66GiB,0.42%,0B / 0B,0B / 98.3kB,44
2026-07-31 12:23:26,docker-recorder-run-a563b0293c6b,0.00%,10.5MiB / 30.66GiB,0.03%,0B / 0B,0B / 381kB,2
2026-07-31 12:23:26,glim,76.51%,323.8MiB / 30.66GiB,1.03%,0B / 0B,0B / 11.6MB,35
2026-07-31 12:23:26,scovox,106.24%,647.7MiB / 30.66GiB,2.06%,0B / 0B,0B / 3.51MB,53
2026-07-31 12:23:26,ouster,7.57%,118.3MiB / 30.66GiB,0.38%,0B / 0B,0B / 2.88MB,30
2026-07-31 12:23:26,openzen,3.20%,32.21MiB / 30.66GiB,0.10%,0B / 0B,0B / 2.15MB,20
2026-07-31 12:23:26,realsense,16.50%,91.97MiB / 30.66GiB,0.29%,0B / 0B,0B / 3.28MB,33
2026-07-31 12:23:26,mapir-ffmpeg,29.16%,167.5MiB / 30.66GiB,0.53%,0B / 0B,0B / 1.27MB,33
2026-07-31 12:23:26,domain_bridge,1.07%,60.76MiB / 30.66GiB,0.19%,0B / 0B,0B / 3.51MB,28
2026-07-31 12:23:26,nav2,6.93%,123.5MiB / 30.66GiB,0.39%,0B / 0B,0B / 1.17MB,92
2026-07-31 12:23:29,trav_ros2,35.76%,132.2MiB / 30.66GiB,0.42%,0B / 0B,0B / 98.3kB,44
2026-07-31 12:23:29,docker-recorder-run-a563b0293c6b,0.65%,10.51MiB / 30.66GiB,0.03%,0B / 0B,0B / 381kB,1
2026-07-31 12:23:29,glim,73.78%,334.5MiB / 30.66GiB,1.07%,0B / 0B,0B / 11.6MB,35
2026-07-31 12:23:29,scovox,113.58%,675.4MiB / 30.66GiB,2.15%,0B / 0B,0B / 3.51MB,53
2026-07-31 12:23:29,ouster,7.33%,117.1MiB / 30.66GiB,0.37%,0B / 0B,0B / 2.88MB,30
2026-07-31 12:23:29,openzen,3.09%,31.99MiB / 30.66GiB,0.10%,0B / 0B,0B / 2.15MB,20
2026-07-31 12:23:29,realsense,16.65%,91.5MiB / 30.66GiB,0.29%,0B / 0B,0B / 3.28MB,33
2026-07-31 12:23:29,mapir-ffmpeg,28.53%,166.6MiB / 30.66GiB,0.53%,0B / 0B,0B / 1.27MB,33
2026-07-31 12:23:29,domain_bridge,0.53%,61.84MiB / 30.66GiB,0.20%,0B / 0B,0B / 3.51MB,28
2026-07-31 12:23:29,nav2,6.26%,123.5MiB / 30.66GiB,0.39%,0B / 0B,0B / 1.17MB,92
2026-07-31 12:23:32,trav_ros2,36.25%,132.4MiB / 30.66GiB,0.42%,0B / 0B,0B / 98.3kB,44
2026-07-31 12:23:32,docker-recorder-run-a563b0293c6b,0.00%,10.45MiB / 30.66GiB,0.03%,0B / 0B,0B / 381kB,1
2026-07-31 12:23:32,glim,73.94%,334.8MiB / 30.66GiB,1.07%,0B / 0B,0B / 11.6MB,35
2026-07-31 12:23:32,scovox,111.25%,586MiB / 30.66GiB,1.87%,0B / 0B,0B / 3.51MB,53
2026-07-31 12:23:32,ouster,7.36%,117.2MiB / 30.66GiB,0.37%,0B / 0B,0B / 2.88MB,30
2026-07-31 12:23:32,openzen,2.94%,32MiB / 30.66GiB,0.10%,0B / 0B,0B / 2.15MB,20
2026-07-31 12:23:32,realsense,16.80%,91.26MiB / 30.66GiB,0.29%,0B / 0B,0B / 3.28MB,33
2026-07-31 12:23:32,mapir-ffmpeg,28.47%,167.4MiB / 30.66GiB,0.53%,0B / 0B,0B / 1.27MB,33
2026-07-31 12:23:32,domain_bridge,2.58%,61.96MiB / 30.66GiB,0.20%,0B / 0B,0B / 3.51MB,28
2026-07-31 12:23:32,nav2,6.19%,123.7MiB / 30.66GiB,0.39%,0B / 0B,0B / 1.17MB,92
2026-07-31 12:23:36,trav_ros2,35.89%,133.9MiB / 30.66GiB,0.43%,0B / 0B,0B / 98.3kB,44
2026-07-31 12:23:36,docker-recorder-run-a563b0293c6b,0.00%,10.3MiB / 30.66GiB,0.03%,0B / 0B,0B / 381kB,1
2026-07-31 12:23:36,glim,94.76%,335.3MiB / 30.66GiB,1.07%,0B / 0B,0B / 11.6MB,35
2026-07-31 12:23:36,scovox,105.44%,621.4MiB / 30.66GiB,1.98%,0B / 0B,0B / 3.51MB,53
2026-07-31 12:23:36,ouster,7.83%,117.5MiB / 30.66GiB,0.37%,0B / 0B,0B / 2.88MB,30
2026-07-31 12:23:36,openzen,2.77%,32.54MiB / 30.66GiB,0.10%,0B / 0B,0B / 2.15MB,20
2026-07-31 12:23:36,realsense,17.17%,91.8MiB / 30.66GiB,0.29%,0B / 0B,0B / 3.28MB,33
2026-07-31 12:23:36,mapir-ffmpeg,28.66%,167.5MiB / 30.66GiB,0.53%,0B / 0B,0B / 1.27MB,33
2026-07-31 12:23:36,domain_bridge,1.20%,63.93MiB / 30.66GiB,0.20%,0B / 0B,0B / 3.51MB,28
2026-07-31 12:23:36,nav2,6.36%,123.6MiB / 30.66GiB,0.39%,0B / 0B,0B / 1.17MB,92
2026-07-31 12:23:39,trav_ros2,35.90%,132.2MiB / 30.66GiB,0.42%,0B / 0B,0B / 98.3kB,44
2026-07-31 12:23:39,docker-recorder-run-a563b0293c6b,0.00%,10.3MiB / 30.66GiB,0.03%,0B / 0B,0B / 381kB,1
2026-07-31 12:23:39,glim,75.63%,344MiB / 30.66GiB,1.10%,0B / 0B,0B / 11.6MB,35
2026-07-31 12:23:39,scovox,113.74%,615.2MiB / 30.66GiB,1.96%,0B / 0B,0B / 3.51MB,53
2026-07-31 12:23:39,ouster,7.69%,117.8MiB / 30.66GiB,0.38%,0B / 0B,0B / 2.88MB,30
2026-07-31 12:23:39,openzen,2.73%,31.83MiB / 30.66GiB,0.10%,0B / 0B,0B / 2.15MB,20
2026-07-31 12:23:39,realsense,16.66%,91.35MiB / 30.66GiB,0.29%,0B / 0B,0B / 3.28MB,33
2026-07-31 12:23:39,mapir-ffmpeg,28.58%,167.3MiB / 30.66GiB,0.53%,0B / 0B,0B / 1.27MB,33
2026-07-31 12:23:39,domain_bridge,1.40%,66MiB / 30.66GiB,0.21%,0B / 0B,0B / 3.51MB,28
2026-07-31 12:23:39,nav2,6.21%,123.1MiB / 30.66GiB,0.39%,0B / 0B,0B / 1.17MB,92
2026-07-31 12:23:42,trav_ros2,37.23%,133.1MiB / 30.66GiB,0.42%,0B / 0B,0B / 246kB,44
2026-07-31 12:23:42,docker-recorder-run-a563b0293c6b,0.00%,10.3MiB / 30.66GiB,0.03%,0B / 0B,0B / 852kB,1
2026-07-31 12:23:42,glim,77.08%,352.7MiB / 30.66GiB,1.12%,0B / 0B,0B / 11.6MB,35
2026-07-31 12:23:42,scovox,107.14%,651.9MiB / 30.66GiB,2.08%,0B / 0B,0B / 3.55MB,53
2026-07-31 12:23:42,ouster,7.58%,117.9MiB / 30.66GiB,0.38%,0B / 0B,0B / 2.88MB,30
2026-07-31 12:23:42,openzen,2.90%,32.85MiB / 30.66GiB,0.10%,0B / 0B,0B / 2.15MB,20
2026-07-31 12:23:42,realsense,17.01%,91.62MiB / 30.66GiB,0.29%,0B / 0B,0B / 3.28MB,33
2026-07-31 12:23:42,mapir-ffmpeg,29.59%,166.9MiB / 30.66GiB,0.53%,0B / 0B,0B / 1.27MB,33
2026-07-31 12:23:42,domain_bridge,1.07%,60.27MiB / 30.66GiB,0.19%,0B / 0B,0B / 3.94MB,28
2026-07-31 12:23:42,nav2,7.34%,124.3MiB / 30.66GiB,0.40%,0B / 0B,0B / 1.17MB,92
2026-07-31 12:23:45,trav_ros2,36.24%,133MiB / 30.66GiB,0.42%,0B / 0B,0B / 1.64MB,44
2026-07-31 12:23:45,docker-recorder-run-a563b0293c6b,0.00%,10.3MiB / 30.66GiB,0.03%,0B / 0B,0B / 1.92MB,1
2026-07-31 12:23:45,glim,77.36%,353MiB / 30.66GiB,1.12%,0B / 0B,0B / 11.6MB,35
2026-07-31 12:23:45,scovox,116.88%,647.6MiB / 30.66GiB,2.06%,0B / 0B,0B / 3.55MB,53
2026-07-31 12:23:45,ouster,7.69%,117.6MiB / 30.66GiB,0.37%,0B / 0B,0B / 2.88MB,30
2026-07-31 12:23:45,openzen,2.71%,32.14MiB / 30.66GiB,0.10%,0B / 0B,0B / 2.15MB,20
2026-07-31 12:23:45,realsense,17.20%,92.14MiB / 30.66GiB,0.29%,0B / 0B,0B / 3.28MB,33
2026-07-31 12:23:45,mapir-ffmpeg,28.54%,167.4MiB / 30.66GiB,0.53%,0B / 0B,0B / 1.29MB,33
2026-07-31 12:23:45,domain_bridge,1.65%,60.08MiB / 30.66GiB,0.19%,0B / 0B,0B / 4.62MB,28
2026-07-31 12:23:45,nav2,6.23%,123.4MiB / 30.66GiB,0.39%,0B / 0B,0B / 1.2MB,92
2026-07-31 12:23:48,trav_ros2,35.85%,132.7MiB / 30.66GiB,0.42%,0B / 0B,0B / 1.64MB,44
2026-07-31 12:23:48,docker-recorder-run-a563b0293c6b,0.00%,10.3MiB / 30.66GiB,0.03%,0B / 0B,0B / 1.92MB,1
2026-07-31 12:23:48,glim,77.16%,338.7MiB / 30.66GiB,1.08%,0B / 0B,0B / 11.6MB,35
2026-07-31 12:23:48,scovox,105.36%,663.4MiB / 30.66GiB,2.11%,0B / 0B,0B / 3.55MB,53
2026-07-31 12:23:48,ouster,8.40%,117.6MiB / 30.66GiB,0.37%,0B / 0B,0B / 2.88MB,30
2026-07-31 12:23:48,openzen,2.72%,32.15MiB / 30.66GiB,0.10%,0B / 0B,0B / 2.15MB,20
2026-07-31 12:23:48,realsense,17.20%,91.91MiB / 30.66GiB,0.29%,0B / 0B,0B / 3.28MB,33
2026-07-31 12:23:48,mapir-ffmpeg,29.35%,167.2MiB / 30.66GiB,0.53%,0B / 0B,0B / 1.29MB,33
2026-07-31 12:23:48,domain_bridge,1.96%,64.93MiB / 30.66GiB,0.21%,0B / 0B,0B / 4.62MB,28
2026-07-31 12:23:48,nav2,6.54%,124.1MiB / 30.66GiB,0.40%,0B / 0B,0B / 1.23MB,92
2026-07-31 12:23:51,trav_ros2,36.18%,133MiB / 30.66GiB,0.42%,0B / 0B,0B / 1.65MB,44
2026-07-31 12:23:51,docker-recorder-run-a563b0293c6b,0.00%,10.3MiB / 30.66GiB,0.03%,0B / 0B,0B / 9.49MB,1
2026-07-31 12:23:51,glim,76.36%,351.8MiB / 30.66GiB,1.12%,0B / 0B,0B / 11.6MB,35
2026-07-31 12:23:51,scovox,111.19%,636.4MiB / 30.66GiB,2.03%,0B / 0B,0B / 3.55MB,53
2026-07-31 12:23:51,ouster,8.25%,118.7MiB / 30.66GiB,0.38%,0B / 0B,0B / 2.88MB,30
2026-07-31 12:23:51,openzen,2.86%,31.96MiB / 30.66GiB,0.10%,0B / 0B,0B / 2.15MB,20
2026-07-31 12:23:51,realsense,17.63%,91.71MiB / 30.66GiB,0.29%,0B / 0B,0B / 3.28MB,33
2026-07-31 12:23:51,mapir-ffmpeg,29.48%,167.6MiB / 30.66GiB,0.53%,0B / 0B,0B / 1.29MB,33
2026-07-31 12:23:51,domain_bridge,1.40%,64.22MiB / 30.66GiB,0.20%,0B / 0B,0B / 5.12MB,28
2026-07-31 12:23:51,nav2,6.45%,124.4MiB / 30.66GiB,0.40%,0B / 0B,0B / 1.23MB,92
2026-07-31 12:23:54,trav_ros2,36.08%,132.5MiB / 30.66GiB,0.42%,0B / 0B,0B / 1.65MB,44
2026-07-31 12:23:54,docker-recorder-run-a563b0293c6b,0.00%,10.3MiB / 30.66GiB,0.03%,0B / 0B,0B / 9.49MB,1
2026-07-31 12:23:54,glim,75.02%,352.7MiB / 30.66GiB,1.12%,0B / 0B,0B / 11.6MB,35
2026-07-31 12:23:54,scovox,104.99%,675.5MiB / 30.66GiB,2.15%,0B / 0B,0B / 3.55MB,53
2026-07-31 12:23:54,ouster,8.23%,118MiB / 30.66GiB,0.38%,0B / 0B,0B / 2.88MB,30
2026-07-31 12:23:54,openzen,2.80%,32.24MiB / 30.66GiB,0.10%,0B / 0B,0B / 2.15MB,20
2026-07-31 12:23:54,realsense,17.00%,92.23MiB / 30.66GiB,0.29%,0B / 0B,0B / 3.28MB,33
2026-07-31 12:23:54,mapir-ffmpeg,28.44%,167.1MiB / 30.66GiB,0.53%,0B / 0B,0B / 1.29MB,33
2026-07-31 12:23:54,domain_bridge,0.58%,64.53MiB / 30.66GiB,0.21%,0B / 0B,0B / 5.12MB,28
2026-07-31 12:23:54,nav2,6.46%,123.7MiB / 30.66GiB,0.39%,0B / 0B,0B / 1.23MB,92
2026-07-31 12:23:57,trav_ros2,36.34%,132.4MiB / 30.66GiB,0.42%,0B / 0B,0B / 1.65MB,44
2026-07-31 12:23:57,docker-recorder-run-a563b0293c6b,0.00%,10.3MiB / 30.66GiB,0.03%,0B / 0B,0B / 9.49MB,1
2026-07-31 12:23:57,glim,78.07%,353.4MiB / 30.66GiB,1.13%,0B / 0B,0B / 11.6MB,35
2026-07-31 12:23:57,scovox,112.24%,660.2MiB / 30.66GiB,2.10%,0B / 0B,0B / 3.55MB,53
2026-07-31 12:23:57,ouster,7.69%,118.5MiB / 30.66GiB,0.38%,0B / 0B,0B / 2.88MB,30
2026-07-31 12:23:57,openzen,2.92%,32.02MiB / 30.66GiB,0.10%,0B / 0B,0B / 2.15MB,20
2026-07-31 12:23:57,realsense,17.66%,92.27MiB / 30.66GiB,0.29%,0B / 0B,0B / 3.28MB,33
2026-07-31 12:23:57,mapir-ffmpeg,29.25%,168.2MiB / 30.66GiB,0.54%,0B / 0B,0B / 1.29MB,33
2026-07-31 12:23:57,domain_bridge,1.30%,70.06MiB / 30.66GiB,0.22%,0B / 0B,0B / 5.12MB,28
2026-07-31 12:23:57,nav2,7.26%,125.9MiB / 30.66GiB,0.40%,0B / 0B,0B / 1.23MB,92
2026-07-31 12:24:00,trav_ros2,37.42%,132.4MiB / 30.66GiB,0.42%,0B / 0B,0B / 1.65MB,44
2026-07-31 12:24:00,docker-recorder-run-a563b0293c6b,0.00%,10.3MiB / 30.66GiB,0.03%,0B / 0B,0B / 9.49MB,1
2026-07-31 12:24:00,glim,78.29%,361.9MiB / 30.66GiB,1.15%,0B / 0B,0B / 11.6MB,35
2026-07-31 12:24:00,scovox,111.17%,675.4MiB / 30.66GiB,2.15%,0B / 0B,0B / 3.55MB,53
2026-07-31 12:24:00,ouster,7.90%,117.9MiB / 30.66GiB,0.38%,0B / 0B,0B / 2.88MB,30
2026-07-31 12:24:00,openzen,2.65%,32.3MiB / 30.66GiB,0.10%,0B / 0B,0B / 2.15MB,20
2026-07-31 12:24:00,realsense,17.62%,92.07MiB / 30.66GiB,0.29%,0B / 0B,0B / 3.28MB,33
2026-07-31 12:24:00,mapir-ffmpeg,29.17%,167.7MiB / 30.66GiB,0.53%,0B / 0B,0B / 1.29MB,33
2026-07-31 12:24:00,domain_bridge,1.14%,70.07MiB / 30.66GiB,0.22%,0B / 0B,0B / 5.12MB,28
2026-07-31 12:24:00,nav2,6.67%,124.3MiB / 30.66GiB,0.40%,0B / 0B,0B / 1.23MB,92
2026-07-31 12:24:03,trav_ros2,36.85%,132.7MiB / 30.66GiB,0.42%,0B / 0B,0B / 1.65MB,44
2026-07-31 12:24:03,docker-recorder-run-a563b0293c6b,0.00%,10.3MiB / 30.66GiB,0.03%,0B / 0B,0B / 9.49MB,1
2026-07-31 12:24:03,glim,77.17%,362MiB / 30.66GiB,1.15%,0B / 0B,0B / 11.6MB,35
2026-07-31 12:24:03,scovox,111.00%,672MiB / 30.66GiB,2.14%,0B / 0B,0B / 3.55MB,53
2026-07-31 12:24:03,ouster,7.68%,117.7MiB / 30.66GiB,0.37%,0B / 0B,0B / 2.88MB,30
2026-07-31 12:24:03,openzen,2.69%,32.55MiB / 30.66GiB,0.10%,0B / 0B,0B / 2.15MB,20
2026-07-31 12:24:03,realsense,17.19%,92.07MiB / 30.66GiB,0.29%,0B / 0B,0B / 3.28MB,33
2026-07-31 12:24:03,mapir-ffmpeg,29.29%,167.3MiB / 30.66GiB,0.53%,0B / 0B,0B / 1.29MB,33
2026-07-31 12:24:03,domain_bridge,4.12%,70.96MiB / 30.66GiB,0.23%,0B / 0B,0B / 5.12MB,28
2026-07-31 12:24:03,nav2,6.43%,124.8MiB / 30.66GiB,0.40%,0B / 0B,0B / 1.23MB,92
2026-07-31 12:24:07,trav_ros2,37.16%,129MiB / 30.66GiB,0.41%,0B / 0B,0B / 1.65MB,44
2026-07-31 12:24:07,docker-recorder-run-a563b0293c6b,0.00%,10.3MiB / 30.66GiB,0.03%,0B / 0B,0B / 9.49MB,1
2026-07-31 12:24:07,glim,78.08%,360.6MiB / 30.66GiB,1.15%,0B / 0B,0B / 11.6MB,35
2026-07-31 12:24:07,scovox,115.93%,649.9MiB / 30.66GiB,2.07%,0B / 0B,0B / 3.55MB,53
2026-07-31 12:24:07,ouster,8.06%,119.2MiB / 30.66GiB,0.38%,0B / 0B,0B / 2.88MB,30
2026-07-31 12:24:07,openzen,2.79%,32.84MiB / 30.66GiB,0.10%,0B / 0B,0B / 2.15MB,20
2026-07-31 12:24:07,realsense,16.67%,92.11MiB / 30.66GiB,0.29%,0B / 0B,0B / 3.28MB,33
2026-07-31 12:24:07,mapir-ffmpeg,29.84%,168.1MiB / 30.66GiB,0.54%,0B / 0B,0B / 1.29MB,33
2026-07-31 12:24:07,domain_bridge,1.41%,71.14MiB / 30.66GiB,0.23%,0B / 0B,0B / 5.12MB,28
2026-07-31 12:24:07,nav2,6.49%,125.8MiB / 30.66GiB,0.40%,0B / 0B,0B / 1.23MB,92
2026-07-31 12:24:10,trav_ros2,36.72%,133.4MiB / 30.66GiB,0.42%,0B / 0B,0B / 1.65MB,44
2026-07-31 12:24:10,docker-recorder-run-a563b0293c6b,0.00%,10.3MiB / 30.66GiB,0.03%,0B / 0B,0B / 9.49MB,1
2026-07-31 12:24:10,glim,79.08%,360.3MiB / 30.66GiB,1.15%,0B / 0B,0B / 11.6MB,35
2026-07-31 12:24:10,scovox,105.90%,654.2MiB / 30.66GiB,2.08%,0B / 0B,0B / 3.55MB,53
2026-07-31 12:24:10,ouster,7.20%,117.8MiB / 30.66GiB,0.38%,0B / 0B,0B / 2.88MB,30
2026-07-31 12:24:10,openzen,2.63%,32.13MiB / 30.66GiB,0.10%,0B / 0B,0B / 2.15MB,20
2026-07-31 12:24:10,realsense,16.73%,92.39MiB / 30.66GiB,0.29%,0B / 0B,0B / 3.28MB,33
2026-07-31 12:24:10,mapir-ffmpeg,29.49%,167.7MiB / 30.66GiB,0.53%,0B / 0B,0B / 1.29MB,33
2026-07-31 12:24:10,domain_bridge,0.19%,71.09MiB / 30.66GiB,0.23%,0B / 0B,0B / 5.12MB,28
2026-07-31 12:24:10,nav2,6.40%,124.8MiB / 30.66GiB,0.40%,0B / 0B,0B / 1.23MB,92
2026-07-31 12:24:13,trav_ros2,39.34%,133.5MiB / 30.66GiB,0.43%,0B / 0B,0B / 1.65MB,44
2026-07-31 12:24:13,docker-recorder-run-a563b0293c6b,79.94%,221.6MiB / 30.66GiB,0.71%,0B / 0B,0B / 9.49MB,19
2026-07-31 12:24:13,glim,76.47%,362MiB / 30.66GiB,1.15%,0B / 0B,0B / 11.6MB,35
2026-07-31 12:24:13,scovox,208.56%,688.6MiB / 30.66GiB,2.19%,0B / 0B,0B / 3.55MB,53
2026-07-31 12:24:13,ouster,9.57%,119.1MiB / 30.66GiB,0.38%,0B / 0B,0B / 2.88MB,30
2026-07-31 12:24:13,openzen,3.69%,32.93MiB / 30.66GiB,0.10%,0B / 0B,0B / 2.15MB,20
2026-07-31 12:24:13,realsense,41.63%,94.29MiB / 30.66GiB,0.30%,0B / 0B,0B / 3.28MB,36
2026-07-31 12:24:13,mapir-ffmpeg,126.44%,460.4MiB / 30.66GiB,1.47%,0B / 0B,0B / 1.29MB,40
2026-07-31 12:24:13,domain_bridge,2.57%,68.23MiB / 30.66GiB,0.22%,0B / 0B,0B / 5.12MB,28
2026-07-31 12:24:13,nav2,6.97%,126.8MiB / 30.66GiB,0.40%,0B / 0B,0B / 1.23MB,92
2026-07-31 12:24:16,trav_ros2,39.36%,134.1MiB / 30.66GiB,0.43%,0B / 0B,0B / 1.73MB,44
2026-07-31 12:24:16,docker-recorder-run-a563b0293c6b,63.92%,214.5MiB / 30.66GiB,0.68%,0B / 0B,0B / 9.49MB,19
2026-07-31 12:24:16,glim,78.84%,363.8MiB / 30.66GiB,1.16%,0B / 0B,0B / 11.6MB,35
2026-07-31 12:24:16,scovox,125.29%,839.5MiB / 30.66GiB,2.67%,0B / 0B,0B / 3.58MB,53
2026-07-31 12:24:16,ouster,9.33%,119.5MiB / 30.66GiB,0.38%,0B / 0B,0B / 2.88MB,30
2026-07-31 12:24:16,openzen,3.66%,32.51MiB / 30.66GiB,0.10%,0B / 0B,0B / 2.15MB,20
2026-07-31 12:24:16,realsense,40.71%,94.5MiB / 30.66GiB,0.30%,0B / 0B,0B / 3.28MB,36
2026-07-31 12:24:16,mapir-ffmpeg,125.37%,463.1MiB / 30.66GiB,1.47%,0B / 0B,0B / 1.29MB,40
2026-07-31 12:24:16,domain_bridge,0.81%,68.45MiB / 30.66GiB,0.22%,0B / 0B,0B / 5.12MB,28
2026-07-31 12:24:16,nav2,7.45%,127.2MiB / 30.66GiB,0.40%,0B / 0B,0B / 1.23MB,92
2026-07-31 12:24:19,trav_ros2,38.58%,133.7MiB / 30.66GiB,0.43%,0B / 0B,0B / 1.73MB,44
2026-07-31 12:24:19,docker-recorder-run-a563b0293c6b,67.86%,260.9MiB / 30.66GiB,0.83%,0B / 0B,0B / 56.2MB,19
2026-07-31 12:24:19,glim,78.33%,368.9MiB / 30.66GiB,1.17%,0B / 0B,0B / 11.6MB,35
2026-07-31 12:24:19,scovox,189.64%,832.4MiB / 30.66GiB,2.65%,0B / 0B,0B / 3.58MB,53
2026-07-31 12:24:19,ouster,9.58%,119.1MiB / 30.66GiB,0.38%,0B / 0B,0B / 2.88MB,30
2026-07-31 12:24:19,openzen,3.67%,32.76MiB / 30.66GiB,0.10%,0B / 0B,0B / 2.15MB,20
2026-07-31 12:24:19,realsense,41.10%,94.39MiB / 30.66GiB,0.30%,0B / 0B,0B / 3.28MB,36
2026-07-31 12:24:19,mapir-ffmpeg,127.55%,420.9MiB / 30.66GiB,1.34%,0B / 0B,0B / 1.3MB,40
2026-07-31 12:24:19,domain_bridge,0.39%,68.52MiB / 30.66GiB,0.22%,0B / 0B,0B / 5.12MB,28
2026-07-31 12:24:19,nav2,7.15%,127.2MiB / 30.66GiB,0.41%,0B / 0B,0B / 1.25MB,92
2026-07-31 12:24:22,trav_ros2,38.51%,133.9MiB / 30.66GiB,0.43%,0B / 0B,0B / 1.73MB,44
2026-07-31 12:24:22,docker-recorder-run-a563b0293c6b,62.84%,247.7MiB / 30.66GiB,0.79%,0B / 0B,0B / 102MB,19
2026-07-31 12:24:22,glim,78.49%,373.6MiB / 30.66GiB,1.19%,0B / 0B,0B / 11.6MB,35
2026-07-31 12:24:22,scovox,148.70%,878.2MiB / 30.66GiB,2.80%,0B / 0B,0B / 3.58MB,53
2026-07-31 12:24:22,ouster,9.59%,118.2MiB / 30.66GiB,0.38%,0B / 0B,0B / 2.88MB,30
2026-07-31 12:24:22,openzen,3.72%,31.93MiB / 30.66GiB,0.10%,0B / 0B,0B / 2.15MB,20
2026-07-31 12:24:22,realsense,41.44%,94.75MiB / 30.66GiB,0.30%,0B / 0B,0B / 3.28MB,36
2026-07-31 12:24:22,mapir-ffmpeg,127.26%,467.6MiB / 30.66GiB,1.49%,0B / 0B,0B / 1.3MB,40
2026-07-31 12:24:22,domain_bridge,1.36%,71.22MiB / 30.66GiB,0.23%,0B / 0B,0B / 5.12MB,28
2026-07-31 12:24:22,nav2,8.00%,127.6MiB / 30.66GiB,0.41%,0B / 0B,0B / 1.25MB,92
2026-07-31 12:24:25,trav_ros2,37.50%,133.4MiB / 30.66GiB,0.42%,0B / 0B,0B / 1.73MB,44
2026-07-31 12:24:25,docker-recorder-run-a563b0293c6b,78.84%,271.9MiB / 30.66GiB,0.87%,0B / 0B,0B / 102MB,19
2026-07-31 12:24:25,glim,88.33%,384.7MiB / 30.66GiB,1.23%,0B / 0B,0B / 11.6MB,35
2026-07-31 12:24:25,scovox,156.24%,812.6MiB / 30.66GiB,2.59%,0B / 0B,0B / 3.58MB,53
2026-07-31 12:24:25,ouster,9.30%,117.9MiB / 30.66GiB,0.38%,0B / 0B,0B / 2.88MB,30
2026-07-31 12:24:25,openzen,3.88%,31.71MiB / 30.66GiB,0.10%,0B / 0B,0B / 2.15MB,20
2026-07-31 12:24:25,realsense,43.63%,93.13MiB / 30.66GiB,0.30%,0B / 0B,0B / 3.28MB,36
2026-07-31 12:24:25,mapir-ffmpeg,129.97%,467.6MiB / 30.66GiB,1.49%,0B / 0B,0B / 1.3MB,40
2026-07-31 12:24:25,domain_bridge,0.67%,71.88MiB / 30.66GiB,0.23%,0B / 0B,0B / 5.12MB,28
2026-07-31 12:24:25,nav2,6.85%,127MiB / 30.66GiB,0.40%,0B / 0B,0B / 1.28MB,92
2026-07-31 12:24:28,trav_ros2,36.50%,133.9MiB / 30.66GiB,0.43%,0B / 0B,0B / 1.73MB,44
2026-07-31 12:24:28,docker-recorder-run-a563b0293c6b,63.49%,280.7MiB / 30.66GiB,0.89%,0B / 0B,0B / 610MB,19
2026-07-31 12:24:28,glim,128.60%,396.6MiB / 30.66GiB,1.26%,0B / 0B,0B / 11.6MB,35
2026-07-31 12:24:28,scovox,168.73%,970.7MiB / 30.66GiB,3.09%,0B / 0B,0B / 3.58MB,53
2026-07-31 12:24:28,ouster,9.51%,118.3MiB / 30.66GiB,0.38%,0B / 0B,0B / 2.88MB,30
2026-07-31 12:24:28,openzen,3.87%,31.73MiB / 30.66GiB,0.10%,0B / 0B,0B / 2.15MB,20
2026-07-31 12:24:28,realsense,40.33%,93.4MiB / 30.66GiB,0.30%,0B / 0B,0B / 3.28MB,36
2026-07-31 12:24:28,mapir-ffmpeg,143.63%,497.7MiB / 30.66GiB,1.58%,0B / 0B,0B / 1.3MB,40
2026-07-31 12:24:28,domain_bridge,1.49%,71.63MiB / 30.66GiB,0.23%,0B / 0B,0B / 5.12MB,28
2026-07-31 12:24:28,nav2,15.45%,130.4MiB / 30.66GiB,0.42%,0B / 0B,0B / 1.28MB,94
2026-07-31 12:24:31,trav_ros2,37.72%,134.3MiB / 30.66GiB,0.43%,0B / 0B,0B / 1.73MB,44
2026-07-31 12:24:31,docker-recorder-run-a563b0293c6b,91.38%,300.7MiB / 30.66GiB,0.96%,0B / 0B,0B / 1.22GB,19
2026-07-31 12:24:31,glim,133.77%,398.3MiB / 30.66GiB,1.27%,0B / 0B,0B / 11.6MB,35
2026-07-31 12:24:31,scovox,149.75%,855.5MiB / 30.66GiB,2.72%,0B / 0B,0B / 3.58MB,53
2026-07-31 12:24:31,ouster,10.34%,118.5MiB / 30.66GiB,0.38%,0B / 0B,0B / 2.88MB,30
2026-07-31 12:24:31,openzen,3.98%,32.02MiB / 30.66GiB,0.10%,0B / 0B,0B / 2.15MB,20
2026-07-31 12:24:31,realsense,43.55%,94.34MiB / 30.66GiB,0.30%,0B / 0B,0B / 3.28MB,36
2026-07-31 12:24:31,mapir-ffmpeg,150.53%,500.6MiB / 30.66GiB,1.59%,0B / 0B,0B / 1.3MB,40
2026-07-31 12:24:31,domain_bridge,1.59%,73.36MiB / 30.66GiB,0.23%,0B / 0B,0B / 5.12MB,28
2026-07-31 12:24:31,nav2,15.92%,129.5MiB / 30.66GiB,0.41%,0B / 0B,0B / 1.28MB,94
2026-07-31 12:24:35,trav_ros2,38.63%,133.9MiB / 30.66GiB,0.43%,0B / 0B,0B / 1.73MB,44
2026-07-31 12:24:35,docker-recorder-run-a563b0293c6b,64.03%,319.9MiB / 30.66GiB,1.02%,0B / 0B,0B / 1.93GB,19
2026-07-31 12:24:35,glim,137.20%,433.2MiB / 30.66GiB,1.38%,0B / 0B,0B / 11.6MB,35
2026-07-31 12:24:35,scovox,192.69%,1.013GiB / 30.66GiB,3.31%,0B / 0B,0B / 3.58MB,53
2026-07-31 12:24:35,ouster,9.52%,118.3MiB / 30.66GiB,0.38%,0B / 0B,0B / 2.88MB,30
2026-07-31 12:24:35,openzen,3.87%,31.79MiB / 30.66GiB,0.10%,0B / 0B,0B / 2.15MB,20
2026-07-31 12:24:35,realsense,43.38%,93.33MiB / 30.66GiB,0.30%,0B / 0B,0B / 3.28MB,36
2026-07-31 12:24:35,mapir-ffmpeg,146.87%,484.7MiB / 30.66GiB,1.54%,0B / 0B,0B / 1.3MB,40
2026-07-31 12:24:35,domain_bridge,0.76%,72.92MiB / 30.66GiB,0.23%,0B / 0B,0B / 5.12MB,28
2026-07-31 12:24:35,nav2,15.44%,129.2MiB / 30.66GiB,0.41%,0B / 0B,0B / 1.28MB,94
2026-07-31 12:24:38,trav_ros2,40.88%,134.7MiB / 30.66GiB,0.43%,0B / 0B,0B / 1.73MB,44
2026-07-31 12:24:38,docker-recorder-run-a563b0293c6b,96.64%,343.2MiB / 30.66GiB,1.09%,0B / 0B,0B / 2.68GB,19
2026-07-31 12:24:38,glim,137.95%,442.1MiB / 30.66GiB,1.41%,0B / 0B,0B / 11.6MB,35
2026-07-31 12:24:38,scovox,146.62%,907.9MiB / 30.66GiB,2.89%,0B / 0B,0B / 3.58MB,53
2026-07-31 12:24:38,ouster,9.81%,119MiB / 30.66GiB,0.38%,0B / 0B,0B / 2.88MB,30
2026-07-31 12:24:38,openzen,4.20%,32.34MiB / 30.66GiB,0.10%,0B / 0B,0B / 2.15MB,20
2026-07-31 12:24:38,realsense,46.98%,93.61MiB / 30.66GiB,0.30%,0B / 0B,0B / 3.28MB,36
2026-07-31 12:24:38,mapir-ffmpeg,155.51%,509MiB / 30.66GiB,1.62%,0B / 0B,0B / 1.3MB,40
2026-07-31 12:24:38,domain_bridge,0.95%,73.48MiB / 30.66GiB,0.23%,0B / 0B,0B / 5.12MB,28
2026-07-31 12:24:38,nav2,17.18%,127.9MiB / 30.66GiB,0.41%,0B / 0B,0B / 1.28MB,94
2026-07-31 12:24:41,trav_ros2,39.25%,136.4MiB / 30.66GiB,0.43%,0B / 0B,0B / 1.73MB,44
2026-07-31 12:24:41,docker-recorder-run-a563b0293c6b,87.58%,423.8MiB / 30.66GiB,1.35%,0B / 0B,0B / 3.42GB,19
2026-07-31 12:24:41,glim,147.33%,442MiB / 30.66GiB,1.41%,0B / 0B,0B / 11.6MB,35
2026-07-31 12:24:41,scovox,207.34%,1.072GiB / 30.66GiB,3.50%,0B / 0B,0B / 3.58MB,53
2026-07-31 12:24:41,ouster,9.54%,118.7MiB / 30.66GiB,0.38%,0B / 0B,0B / 2.88MB,30
2026-07-31 12:24:41,openzen,3.90%,31.88MiB / 30.66GiB,0.10%,0B / 0B,0B / 2.15MB,20
2026-07-31 12:24:41,realsense,46.05%,93.41MiB / 30.66GiB,0.30%,0B / 0B,0B / 3.28MB,36
2026-07-31 12:24:41,mapir-ffmpeg,152.90%,485.9MiB / 30.66GiB,1.55%,0B / 0B,0B / 1.3MB,40
2026-07-31 12:24:41,domain_bridge,1.09%,72.94MiB / 30.66GiB,0.23%,0B / 0B,0B / 5.12MB,28
2026-07-31 12:24:41,nav2,15.58%,126.9MiB / 30.66GiB,0.40%,0B / 0B,0B / 1.28MB,94
2026-07-31 12:24:44,trav_ros2,38.98%,135.3MiB / 30.66GiB,0.43%,0B / 0B,0B / 1.73MB,44
2026-07-31 12:24:44,docker-recorder-run-a563b0293c6b,99.45%,439.7MiB / 30.66GiB,1.40%,0B / 0B,0B / 5.81GB,19
2026-07-31 12:24:44,glim,136.14%,442.1MiB / 30.66GiB,1.41%,0B / 0B,0B / 11.6MB,35
2026-07-31 12:24:44,scovox,171.23%,1.057GiB / 30.66GiB,3.45%,0B / 0B,0B / 3.58MB,53
2026-07-31 12:24:44,ouster,9.31%,118.4MiB / 30.66GiB,0.38%,0B / 0B,0B / 2.88MB,30
2026-07-31 12:24:44,openzen,3.83%,31.88MiB / 30.66GiB,0.10%,0B / 0B,0B / 2.15MB,20
2026-07-31 12:24:44,realsense,46.00%,93.67MiB / 30.66GiB,0.30%,0B / 0B,0B / 3.42MB,36
2026-07-31 12:24:44,mapir-ffmpeg,146.64%,484.3MiB / 30.66GiB,1.54%,0B / 0B,0B / 1.3MB,40
2026-07-31 12:24:44,domain_bridge,1.34%,74.62MiB / 30.66GiB,0.24%,0B / 0B,0B / 5.12MB,28
2026-07-31 12:24:44,nav2,14.98%,128.1MiB / 30.66GiB,0.41%,0B / 0B,0B / 1.28MB,94
2026-07-31 12:24:47,trav_ros2,40.92%,136.3MiB / 30.66GiB,0.43%,0B / 0B,0B / 1.81MB,44
2026-07-31 12:24:47,docker-recorder-run-a563b0293c6b,75.16%,457.4MiB / 30.66GiB,1.46%,0B / 0B,0B / 5.81GB,19
2026-07-31 12:24:47,glim,112.37%,447.6MiB / 30.66GiB,1.43%,0B / 0B,0B / 11.6MB,35
2026-07-31 12:24:47,scovox,212.94%,953.5MiB / 30.66GiB,3.04%,0B / 0B,0B / 3.58MB,53
2026-07-31 12:24:47,ouster,9.62%,118.3MiB / 30.66GiB,0.38%,0B / 0B,0B / 2.88MB,30
2026-07-31 12:24:47,openzen,3.87%,31.93MiB / 30.66GiB,0.10%,0B / 0B,0B / 2.15MB,20
2026-07-31 12:24:47,realsense,47.52%,93.74MiB / 30.66GiB,0.30%,0B / 0B,0B / 3.42MB,36
2026-07-31 12:24:47,mapir-ffmpeg,141.89%,481.8MiB / 30.66GiB,1.53%,0B / 0B,0B / 1.3MB,40
2026-07-31 12:24:47,domain_bridge,2.40%,61.75MiB / 30.66GiB,0.20%,0B / 0B,0B / 5.12MB,28
2026-07-31 12:24:47,nav2,8.22%,127MiB / 30.66GiB,0.40%,0B / 0B,0B / 1.28MB,92
2026-07-31 12:24:50,trav_ros2,41.48%,136.8MiB / 30.66GiB,0.44%,0B / 0B,0B / 1.81MB,44
2026-07-31 12:24:50,docker-recorder-run-a563b0293c6b,92.03%,478.6MiB / 30.66GiB,1.52%,0B / 0B,0B / 5.81GB,19
2026-07-31 12:24:50,glim,107.53%,447.9MiB / 30.66GiB,1.43%,0B / 0B,0B / 11.6MB,35
2026-07-31 12:24:50,scovox,174.31%,1.109GiB / 30.66GiB,3.62%,0B / 0B,0B / 3.61MB,53
2026-07-31 12:24:50,ouster,9.80%,118.5MiB / 30.66GiB,0.38%,0B / 0B,0B / 2.88MB,30
2026-07-31 12:24:50,openzen,3.82%,32.2MiB / 30.66GiB,0.10%,0B / 0B,0B / 2.15MB,20
2026-07-31 12:24:50,realsense,44.72%,93.76MiB / 30.66GiB,0.30%,0B / 0B,0B / 3.42MB,36
2026-07-31 12:24:50,mapir-ffmpeg,137.90%,484.5MiB / 30.66GiB,1.54%,0B / 0B,0B / 1.3MB,40
2026-07-31 12:24:50,domain_bridge,0.55%,71.39MiB / 30.66GiB,0.23%,0B / 0B,0B / 5.12MB,28
2026-07-31 12:24:50,nav2,7.20%,125.9MiB / 30.66GiB,0.40%,0B / 0B,0B / 1.28MB,92
2026-07-31 12:24:53,trav_ros2,42.19%,136.1MiB / 30.66GiB,0.43%,0B / 0B,0B / 1.81MB,44
2026-07-31 12:24:53,docker-recorder-run-a563b0293c6b,76.83%,496.2MiB / 30.66GiB,1.58%,0B / 0B,0B / 5.98GB,19
2026-07-31 12:24:53,glim,107.62%,447MiB / 30.66GiB,1.42%,0B / 0B,0B / 11.6MB,35
2026-07-31 12:24:53,scovox,194.85%,1003MiB / 30.66GiB,3.19%,0B / 0B,0B / 3.61MB,53
2026-07-31 12:24:53,ouster,9.37%,118.4MiB / 30.66GiB,0.38%,0B / 0B,0B / 2.88MB,30
2026-07-31 12:24:53,openzen,4.06%,32.73MiB / 30.66GiB,0.10%,0B / 0B,0B / 2.15MB,20
2026-07-31 12:24:53,realsense,44.88%,93.45MiB / 30.66GiB,0.30%,0B / 0B,0B / 3.42MB,36
2026-07-31 12:24:53,mapir-ffmpeg,134.37%,463.8MiB / 30.66GiB,1.48%,0B / 0B,0B / 1.3MB,40
2026-07-31 12:24:53,domain_bridge,1.07%,71.16MiB / 30.66GiB,0.23%,0B / 0B,0B / 5.12MB,28
2026-07-31 12:24:53,nav2,7.28%,126.6MiB / 30.66GiB,0.40%,0B / 0B,0B / 1.28MB,92
2026-07-31 12:24:56,trav_ros2,42.17%,136.8MiB / 30.66GiB,0.44%,0B / 0B,0B / 1.81MB,44
2026-07-31 12:24:56,docker-recorder-run-a563b0293c6b,72.92%,512.9MiB / 30.66GiB,1.63%,0B / 0B,0B / 6.63GB,19
2026-07-31 12:24:56,glim,104.11%,447.4MiB / 30.66GiB,1.42%,0B / 0B,0B / 11.6MB,35
2026-07-31 12:24:56,scovox,175.00%,1.134GiB / 30.66GiB,3.70%,0B / 0B,0B / 3.61MB,53
2026-07-31 12:24:56,ouster,9.16%,118.9MiB / 30.66GiB,0.38%,0B / 0B,0B / 2.88MB,30
2026-07-31 12:24:56,openzen,3.75%,32.53MiB / 30.66GiB,0.10%,0B / 0B,0B / 2.15MB,20
2026-07-31 12:24:56,realsense,42.06%,94.05MiB / 30.66GiB,0.30%,0B / 0B,0B / 3.42MB,36
2026-07-31 12:24:56,mapir-ffmpeg,126.91%,475.1MiB / 30.66GiB,1.51%,0B / 0B,0B / 1.31MB,40
2026-07-31 12:24:56,domain_bridge,0.69%,71.69MiB / 30.66GiB,0.23%,0B / 0B,0B / 5.12MB,28
2026-07-31 12:24:56,nav2,7.54%,126.4MiB / 30.66GiB,0.40%,0B / 0B,0B / 1.31MB,92
2026-07-31 12:24:59,trav_ros2,41.87%,136.8MiB / 30.66GiB,0.44%,0B / 0B,0B / 1.81MB,44
2026-07-31 12:24:59,docker-recorder-run-a563b0293c6b,84.67%,530.9MiB / 30.66GiB,1.69%,0B / 0B,0B / 7.29GB,19
2026-07-31 12:24:59,glim,103.22%,448MiB / 30.66GiB,1.43%,0B / 0B,0B / 11.6MB,35
2026-07-31 12:24:59,scovox,159.24%,984MiB / 30.66GiB,3.13%,0B / 0B,0B / 3.61MB,53
2026-07-31 12:24:59,ouster,9.11%,118.9MiB / 30.66GiB,0.38%,0B / 0B,0B / 2.88MB,30
2026-07-31 12:24:59,openzen,3.70%,32.29MiB / 30.66GiB,0.10%,0B / 0B,0B / 2.15MB,20
2026-07-31 12:24:59,realsense,43.42%,93.68MiB / 30.66GiB,0.30%,0B / 0B,0B / 3.42MB,36
2026-07-31 12:24:59,mapir-ffmpeg,125.59%,475.5MiB / 30.66GiB,1.51%,0B / 0B,0B / 1.31MB,40
2026-07-31 12:24:59,domain_bridge,1.42%,72.22MiB / 30.66GiB,0.23%,0B / 0B,0B / 5.12MB,28
2026-07-31 12:24:59,nav2,7.20%,126.3MiB / 30.66GiB,0.40%,0B / 0B,0B / 1.34MB,92
2026-07-31 12:25:03,trav_ros2,40.66%,135.8MiB / 30.66GiB,0.43%,0B / 0B,0B / 1.81MB,44
2026-07-31 12:25:03,docker-recorder-run-a563b0293c6b,60.91%,546.8MiB / 30.66GiB,1.74%,0B / 0B,0B / 7.93GB,19
2026-07-31 12:25:03,glim,106.77%,441.1MiB / 30.66GiB,1.40%,0B / 0B,0B / 11.6MB,35
2026-07-31 12:25:03,scovox,196.58%,1.139GiB / 30.66GiB,3.72%,0B / 0B,0B / 3.61MB,53
2026-07-31 12:25:03,ouster,9.68%,119.4MiB / 30.66GiB,0.38%,0B / 0B,0B / 2.88MB,30
2026-07-31 12:25:03,openzen,3.75%,32.33MiB / 30.66GiB,0.10%,0B / 0B,0B / 2.15MB,20
2026-07-31 12:25:03,realsense,40.37%,93.75MiB / 30.66GiB,0.30%,0B / 0B,0B / 3.42MB,36
2026-07-31 12:25:03,mapir-ffmpeg,126.78%,476.1MiB / 30.66GiB,1.52%,0B / 0B,0B / 1.31MB,40
2026-07-31 12:25:03,domain_bridge,1.20%,72.64MiB / 30.66GiB,0.23%,0B / 0B,0B / 5.12MB,28
2026-07-31 12:25:03,nav2,8.35%,127.1MiB / 30.66GiB,0.40%,0B / 0B,0B / 1.34MB,92
2026-07-31 12:25:06,trav_ros2,40.18%,136.7MiB / 30.66GiB,0.44%,0B / 0B,0B / 1.81MB,44
2026-07-31 12:25:06,docker-recorder-run-a563b0293c6b,94.48%,585.4MiB / 30.66GiB,1.86%,0B / 0B,0B / 8.56GB,19
2026-07-31 12:25:06,glim,129.58%,441.5MiB / 30.66GiB,1.41%,0B / 0B,0B / 11.6MB,35
2026-07-31 12:25:06,scovox,143.30%,993.3MiB / 30.66GiB,3.16%,0B / 0B,0B / 3.61MB,53
2026-07-31 12:25:06,ouster,9.19%,119.2MiB / 30.66GiB,0.38%,0B / 0B,0B / 2.88MB,30
2026-07-31 12:25:06,openzen,3.82%,32.36MiB / 30.66GiB,0.10%,0B / 0B,0B / 2.15MB,20
2026-07-31 12:25:06,realsense,42.66%,93.69MiB / 30.66GiB,0.30%,0B / 0B,0B / 3.42MB,36
2026-07-31 12:25:06,mapir-ffmpeg,141.93%,485MiB / 30.66GiB,1.54%,0B / 0B,0B / 1.31MB,40
2026-07-31 12:25:06,domain_bridge,0.24%,71.74MiB / 30.66GiB,0.23%,0B / 0B,0B / 5.12MB,28
2026-07-31 12:25:06,nav2,8.30%,127.6MiB / 30.66GiB,0.41%,0B / 0B,0B / 1.34MB,94
2026-07-31 12:25:09,trav_ros2,39.69%,137.1MiB / 30.66GiB,0.44%,0B / 0B,0B / 1.81MB,44
2026-07-31 12:25:09,docker-recorder-run-a563b0293c6b,74.42%,587.1MiB / 30.66GiB,1.87%,0B / 0B,0B / 9.16GB,19
2026-07-31 12:25:09,glim,138.06%,441.8MiB / 30.66GiB,1.41%,0B / 0B,0B / 11.6MB,35
2026-07-31 12:25:09,scovox,208.06%,1.146GiB / 30.66GiB,3.74%,0B / 0B,0B / 3.61MB,53
2026-07-31 12:25:09,ouster,9.74%,118.8MiB / 30.66GiB,0.38%,0B / 0B,0B / 2.88MB,30
2026-07-31 12:25:09,openzen,3.89%,32.61MiB / 30.66GiB,0.10%,0B / 0B,0B / 2.15MB,20
2026-07-31 12:25:09,realsense,43.62%,93.84MiB / 30.66GiB,0.30%,0B / 0B,0B / 3.42MB,36
2026-07-31 12:25:09,mapir-ffmpeg,149.74%,487.1MiB / 30.66GiB,1.55%,0B / 0B,0B / 1.31MB,40
2026-07-31 12:25:09,domain_bridge,1.38%,71.38MiB / 30.66GiB,0.23%,0B / 0B,0B / 5.12MB,28
2026-07-31 12:25:09,nav2,16.99%,128MiB / 30.66GiB,0.41%,0B / 0B,0B / 1.34MB,94
2026-07-31 12:25:12,trav_ros2,41.81%,137.8MiB / 30.66GiB,0.44%,0B / 0B,0B / 1.88MB,44
2026-07-31 12:25:12,docker-recorder-run-a563b0293c6b,98.92%,606.3MiB / 30.66GiB,1.93%,0B / 0B,0B / 9.78GB,19
2026-07-31 12:25:12,glim,127.02%,443MiB / 30.66GiB,1.41%,0B / 0B,0B / 11.6MB,35
2026-07-31 12:25:12,scovox,170.61%,1.118GiB / 30.66GiB,3.65%,0B / 0B,0B / 3.61MB,53
2026-07-31 12:25:12,ouster,9.72%,120MiB / 30.66GiB,0.38%,0B / 0B,0B / 2.88MB,30
2026-07-31 12:25:12,openzen,4.00%,32.18MiB / 30.66GiB,0.10%,0B / 0B,0B / 2.15MB,20
2026-07-31 12:25:12,realsense,45.15%,93.85MiB / 30.66GiB,0.30%,0B / 0B,0B / 3.42MB,36
2026-07-31 12:25:12,mapir-ffmpeg,149.91%,500.8MiB / 30.66GiB,1.59%,0B / 0B,0B / 1.31MB,40
2026-07-31 12:25:12,domain_bridge,0.82%,71.86MiB / 30.66GiB,0.23%,0B / 0B,0B / 5.12MB,28
2026-07-31 12:25:12,nav2,15.93%,127.7MiB / 30.66GiB,0.41%,0B / 0B,0B / 1.34MB,94
2026-07-31 12:25:15,trav_ros2,41.32%,137.1MiB / 30.66GiB,0.44%,0B / 0B,0B / 1.88MB,44
2026-07-31 12:25:15,docker-recorder-run-a563b0293c6b,138.79%,625.2MiB / 30.66GiB,1.99%,0B / 0B,0B / 10.7GB,19
2026-07-31 12:25:15,glim,147.26%,464.2MiB / 30.66GiB,1.48%,0B / 0B,0B / 11.6MB,35
2026-07-31 12:25:15,scovox,206.49%,1.205GiB / 30.66GiB,3.93%,0B / 0B,0B / 3.61MB,53
2026-07-31 12:25:15,ouster,9.81%,119.1MiB / 30.66GiB,0.38%,0B / 0B,0B / 2.88MB,30
2026-07-31 12:25:15,openzen,4.04%,32.44MiB / 30.66GiB,0.10%,0B / 0B,0B / 2.15MB,20
2026-07-31 12:25:15,realsense,48.05%,99.88MiB / 30.66GiB,0.32%,0B / 0B,0B / 3.55MB,36
2026-07-31 12:25:15,mapir-ffmpeg,165.03%,516.9MiB / 30.66GiB,1.65%,0B / 0B,0B / 1.32MB,40
2026-07-31 12:25:15,domain_bridge,1.22%,72.57MiB / 30.66GiB,0.23%,0B / 0B,0B / 5.12MB,28
2026-07-31 12:25:15,nav2,16.78%,127.7MiB / 30.66GiB,0.41%,0B / 0B,0B / 1.34MB,94
2026-07-31 12:25:18,trav_ros2,42.91%,138.5MiB / 30.66GiB,0.44%,0B / 0B,0B / 1.88MB,44
2026-07-31 12:25:18,docker-recorder-run-a563b0293c6b,131.97%,752.2MiB / 30.66GiB,2.40%,0B / 0B,0B / 12.1GB,19
2026-07-31 12:25:18,glim,149.01%,465.7MiB / 30.66GiB,1.48%,0B / 0B,0B / 11.6MB,35
2026-07-31 12:25:18,scovox,190.86%,1.162GiB / 30.66GiB,3.79%,0B / 0B,0B / 3.61MB,53
2026-07-31 12:25:18,ouster,10.84%,120.1MiB / 30.66GiB,0.38%,0B / 0B,0B / 2.88MB,30
2026-07-31 12:25:18,openzen,4.36%,32.25MiB / 30.66GiB,0.10%,0B / 0B,0B / 2.15MB,20
2026-07-31 12:25:18,realsense,49.41%,99.59MiB / 30.66GiB,0.32%,0B / 0B,0B / 3.55MB,36
2026-07-31 12:25:18,mapir-ffmpeg,166.40%,488.9MiB / 30.66GiB,1.56%,0B / 0B,0B / 1.32MB,40
2026-07-31 12:25:18,domain_bridge,1.25%,71.96MiB / 30.66GiB,0.23%,0B / 0B,0B / 5.12MB,28
2026-07-31 12:25:18,nav2,17.25%,127.4MiB / 30.66GiB,0.41%,0B / 0B,0B / 1.34MB,94
2026-07-31 12:25:21,trav_ros2,43.55%,140.1MiB / 30.66GiB,0.45%,0B / 0B,0B / 1.88MB,44
2026-07-31 12:25:21,docker-recorder-run-a563b0293c6b,143.63%,670.9MiB / 30.66GiB,2.14%,0B / 0B,0B / 12.1GB,19
2026-07-31 12:25:21,glim,148.55%,437.8MiB / 30.66GiB,1.39%,0B / 0B,0B / 11.6MB,35
2026-07-31 12:25:21,scovox,208.74%,1.053GiB / 30.66GiB,3.43%,0B / 0B,0B / 3.61MB,53
2026-07-31 12:25:21,ouster,9.75%,119.6MiB / 30.66GiB,0.38%,0B / 0B,0B / 2.88MB,30
2026-07-31 12:25:21,openzen,4.06%,32.53MiB / 30.66GiB,0.10%,0B / 0B,0B / 2.15MB,20
2026-07-31 12:25:21,realsense,50.08%,97.68MiB / 30.66GiB,0.31%,0B / 0B,0B / 3.55MB,36
2026-07-31 12:25:21,mapir-ffmpeg,175.43%,521.9MiB / 30.66GiB,1.66%,0B / 0B,0B / 1.32MB,40
2026-07-31 12:25:21,domain_bridge,0.85%,72.07MiB / 30.66GiB,0.23%,0B / 0B,0B / 5.12MB,28
2026-07-31 12:25:21,nav2,15.98%,127.9MiB / 30.66GiB,0.41%,0B / 0B,0B / 1.34MB,94
2026-07-31 12:25:24,trav_ros2,41.37%,140.6MiB / 30.66GiB,0.45%,0B / 0B,0B / 1.88MB,44
2026-07-31 12:25:24,docker-recorder-run-a563b0293c6b,90.74%,688.2MiB / 30.66GiB,2.19%,0B / 0B,0B / 12.7GB,19
2026-07-31 12:25:24,glim,122.91%,437.3MiB / 30.66GiB,1.39%,0B / 0B,0B / 11.6MB,35
2026-07-31 12:25:24,scovox,193.15%,1.186GiB / 30.66GiB,3.87%,0B / 0B,0B / 3.61MB,53
2026-07-31 12:25:24,ouster,9.26%,119.7MiB / 30.66GiB,0.38%,0B / 0B,0B / 2.88MB,30
2026-07-31 12:25:24,openzen,3.84%,32.53MiB / 30.66GiB,0.10%,0B / 0B,0B / 2.15MB,20
2026-07-31 12:25:24,realsense,46.65%,99.73MiB / 30.66GiB,0.32%,0B / 0B,0B / 3.59MB,36
2026-07-31 12:25:24,mapir-ffmpeg,130.20%,485.8MiB / 30.66GiB,1.55%,0B / 0B,0B / 1.32MB,40
2026-07-31 12:25:24,domain_bridge,2.27%,73.28MiB / 30.66GiB,0.23%,0B / 0B,0B / 5.12MB,28
2026-07-31 12:25:24,nav2,7.47%,127.7MiB / 30.66GiB,0.41%,0B / 0B,0B / 1.34MB,92
2026-07-31 12:25:27,trav_ros2,41.54%,141MiB / 30.66GiB,0.45%,0B / 0B,0B / 1.88MB,44
2026-07-31 12:25:27,docker-recorder-run-a563b0293c6b,74.37%,703.7MiB / 30.66GiB,2.24%,0B / 0B,0B / 13.5GB,19
2026-07-31 12:25:27,glim,107.10%,454.7MiB / 30.66GiB,1.45%,0B / 0B,0B / 11.6MB,35
2026-07-31 12:25:27,scovox,194.58%,1.069GiB / 30.66GiB,3.49%,0B / 0B,0B / 3.63MB,53
2026-07-31 12:25:27,ouster,9.31%,119.6MiB / 30.66GiB,0.38%,0B / 0B,0B / 2.88MB,30
2026-07-31 12:25:27,openzen,3.80%,32.59MiB / 30.66GiB,0.10%,0B / 0B,0B / 2.15MB,20
2026-07-31 12:25:27,realsense,44.91%,94.58MiB / 30.66GiB,0.30%,0B / 0B,0B / 3.59MB,36
2026-07-31 12:25:27,mapir-ffmpeg,125.56%,498.1MiB / 30.66GiB,1.59%,0B / 0B,0B / 1.32MB,40
2026-07-31 12:25:27,domain_bridge,1.31%,72.95MiB / 30.66GiB,0.23%,0B / 0B,0B / 5.12MB,28
2026-07-31 12:25:27,nav2,7.49%,128.6MiB / 30.66GiB,0.41%,0B / 0B,0B / 1.39MB,92
2026-07-31 12:25:31,trav_ros2,40.59%,140MiB / 30.66GiB,0.45%,0B / 0B,0B / 1.88MB,44
2026-07-31 12:25:31,docker-recorder-run-a563b0293c6b,96.75%,723.2MiB / 30.66GiB,2.30%,0B / 0B,0B / 14GB,19
2026-07-31 12:25:31,glim,100.46%,456.4MiB / 30.66GiB,1.45%,0B / 0B,0B / 11.6MB,35
2026-07-31 12:25:31,scovox,205.21%,1.199GiB / 30.66GiB,3.91%,0B / 0B,0B / 3.63MB,53
2026-07-31 12:25:31,ouster,9.16%,119.1MiB / 30.66GiB,0.38%,0B / 0B,0B / 2.88MB,30
2026-07-31 12:25:31,openzen,3.72%,32.36MiB / 30.66GiB,0.10%,0B / 0B,0B / 2.15MB,20
2026-07-31 12:25:31,realsense,47.90%,99.12MiB / 30.66GiB,0.32%,0B / 0B,0B / 3.59MB,36
2026-07-31 12:25:31,mapir-ffmpeg,130.33%,498.1MiB / 30.66GiB,1.59%,0B / 0B,0B / 1.32MB,40
2026-07-31 12:25:31,domain_bridge,0.84%,73.53MiB / 30.66GiB,0.23%,0B / 0B,0B / 5.12MB,28
2026-07-31 12:25:31,nav2,6.93%,128.2MiB / 30.66GiB,0.41%,0B / 0B,0B / 1.39MB,92
2026-07-31 12:25:34,trav_ros2,41.00%,140.4MiB / 30.66GiB,0.45%,0B / 0B,0B / 1.88MB,44
2026-07-31 12:25:34,docker-recorder-run-a563b0293c6b,85.15%,821.3MiB / 30.66GiB,2.62%,0B / 0B,0B / 15GB,19
2026-07-31 12:25:34,glim,96.69%,467.5MiB / 30.66GiB,1.49%,0B / 0B,0B / 11.6MB,35
2026-07-31 12:25:34,scovox,194.89%,1.157GiB / 30.66GiB,3.77%,0B / 0B,0B / 3.63MB,53
2026-07-31 12:25:34,ouster,9.72%,119.4MiB / 30.66GiB,0.38%,0B / 0B,0B / 2.88MB,30
2026-07-31 12:25:34,openzen,4.16%,32.65MiB / 30.66GiB,0.10%,0B / 0B,0B / 2.15MB,20
2026-07-31 12:25:34,realsense,48.55%,104.7MiB / 30.66GiB,0.33%,0B / 0B,0B / 3.59MB,36
2026-07-31 12:25:34,mapir-ffmpeg,134.34%,478.8MiB / 30.66GiB,1.52%,0B / 0B,0B / 1.32MB,40
2026-07-31 12:25:34,domain_bridge,1.31%,72.71MiB / 30.66GiB,0.23%,0B / 0B,0B / 5.12MB,28
2026-07-31 12:25:34,nav2,7.10%,128.2MiB / 30.66GiB,0.41%,0B / 0B,0B / 1.39MB,92
2026-07-31 12:25:37,trav_ros2,42.65%,140.2MiB / 30.66GiB,0.45%,0B / 0B,0B / 1.88MB,44
2026-07-31 12:25:37,docker-recorder-run-a563b0293c6b,124.08%,757.4MiB / 30.66GiB,2.41%,0B / 0B,0B / 15.7GB,19
2026-07-31 12:25:37,glim,98.34%,464.9MiB / 30.66GiB,1.48%,0B / 0B,0B / 11.6MB,35
2026-07-31 12:25:37,scovox,210.88%,1.257GiB / 30.66GiB,4.10%,0B / 0B,0B / 3.63MB,53
2026-07-31 12:25:37,ouster,10.03%,119.8MiB / 30.66GiB,0.38%,0B / 0B,0B / 2.88MB,30
2026-07-31 12:25:37,openzen,3.94%,32.43MiB / 30.66GiB,0.10%,0B / 0B,0B / 2.15MB,20
2026-07-31 12:25:37,realsense,49.91%,99.04MiB / 30.66GiB,0.32%,0B / 0B,0B / 3.59MB,36
2026-07-31 12:25:37,mapir-ffmpeg,135.81%,494.7MiB / 30.66GiB,1.58%,0B / 0B,0B / 1.32MB,40
2026-07-31 12:25:37,domain_bridge,0.79%,73.25MiB / 30.66GiB,0.23%,0B / 0B,0B / 5.12MB,28
2026-07-31 12:25:37,nav2,6.84%,128.4MiB / 30.66GiB,0.41%,0B / 0B,0B / 1.39MB,92
2026-07-31 12:25:40,trav_ros2,42.86%,136.1MiB / 30.66GiB,0.43%,0B / 0B,0B / 1.88MB,44
2026-07-31 12:25:40,docker-recorder-run-a563b0293c6b,88.17%,914.5MiB / 30.66GiB,2.91%,0B / 0B,0B / 16.1GB,19
2026-07-31 12:25:40,glim,102.21%,464.1MiB / 30.66GiB,1.48%,0B / 0B,0B / 11.6MB,35
2026-07-31 12:25:40,scovox,191.45%,1.207GiB / 30.66GiB,3.94%,0B / 0B,0B / 3.63MB,53
2026-07-31 12:25:40,ouster,9.54%,119.6MiB / 30.66GiB,0.38%,0B / 0B,0B / 2.88MB,30
2026-07-31 12:25:40,openzen,3.85%,32.68MiB / 30.66GiB,0.10%,0B / 0B,0B / 2.15MB,20
2026-07-31 12:25:40,realsense,45.84%,98.79MiB / 30.66GiB,0.31%,0B / 0B,0B / 3.59MB,36
2026-07-31 12:25:40,mapir-ffmpeg,133.62%,482.5MiB / 30.66GiB,1.54%,0B / 0B,0B / 1.32MB,40
2026-07-31 12:25:40,domain_bridge,1.59%,73.27MiB / 30.66GiB,0.23%,0B / 0B,0B / 5.12MB,28
2026-07-31 12:25:40,nav2,7.38%,129MiB / 30.66GiB,0.41%,0B / 0B,0B / 1.39MB,92
2026-07-31 12:25:43,trav_ros2,42.87%,140.2MiB / 30.66GiB,0.45%,0B / 0B,0B / 1.96MB,44
2026-07-31 12:25:43,docker-recorder-run-a563b0293c6b,113.85%,791.4MiB / 30.66GiB,2.52%,0B / 0B,0B / 17.6GB,19
2026-07-31 12:25:43,glim,104.22%,448.5MiB / 30.66GiB,1.43%,0B / 0B,0B / 11.6MB,35
2026-07-31 12:25:43,scovox,208.49%,1.252GiB / 30.66GiB,4.08%,0B / 0B,0B / 3.63MB,53
2026-07-31 12:25:43,ouster,9.71%,120.4MiB / 30.66GiB,0.38%,0B / 0B,0B / 2.88MB,30
2026-07-31 12:25:43,openzen,3.74%,32.98MiB / 30.66GiB,0.11%,0B / 0B,0B / 2.15MB,20
2026-07-31 12:25:43,realsense,46.83%,98.45MiB / 30.66GiB,0.31%,0B / 0B,0B / 3.59MB,36
2026-07-31 12:25:43,mapir-ffmpeg,132.17%,494.3MiB / 30.66GiB,1.57%,0B / 0B,0B / 1.32MB,40
2026-07-31 12:25:43,domain_bridge,1.05%,72.86MiB / 30.66GiB,0.23%,0B / 0B,0B / 5.12MB,28
2026-07-31 12:25:43,nav2,7.14%,129.4MiB / 30.66GiB,0.41%,0B / 0B,0B / 1.39MB,92
2026-07-31 12:25:46,trav_ros2,42.38%,141.2MiB / 30.66GiB,0.45%,0B / 0B,0B / 1.96MB,44
2026-07-31 12:25:46,docker-recorder-run-a563b0293c6b,89.60%,811.1MiB / 30.66GiB,2.58%,0B / 0B,0B / 17.6GB,19
2026-07-31 12:25:46,glim,105.24%,463.8MiB / 30.66GiB,1.48%,0B / 0B,0B / 11.6MB,35
2026-07-31 12:25:46,scovox,164.57%,1.189GiB / 30.66GiB,3.88%,0B / 0B,0B / 3.63MB,53
2026-07-31 12:25:46,ouster,9.31%,119.9MiB / 30.66GiB,0.38%,0B / 0B,0B / 2.88MB,30
2026-07-31 12:25:46,openzen,3.80%,32.76MiB / 30.66GiB,0.10%,0B / 0B,0B / 2.15MB,20
2026-07-31 12:25:46,realsense,47.48%,99.23MiB / 30.66GiB,0.32%,0B / 0B,0B / 3.59MB,36
2026-07-31 12:25:46,mapir-ffmpeg,132.46%,491.5MiB / 30.66GiB,1.57%,0B / 0B,0B / 1.32MB,40
2026-07-31 12:25:46,domain_bridge,0.90%,73.09MiB / 30.66GiB,0.23%,0B / 0B,0B / 5.12MB,28
2026-07-31 12:25:46,nav2,6.84%,129.1MiB / 30.66GiB,0.41%,0B / 0B,0B / 1.39MB,92
2026-07-31 12:25:49,trav_ros2,42.44%,139.9MiB / 30.66GiB,0.45%,0B / 0B,0B / 1.96MB,44
2026-07-31 12:25:49,docker-recorder-run-a563b0293c6b,78.68%,826MiB / 30.66GiB,2.63%,0B / 0B,0B / 18.1GB,19
2026-07-31 12:25:49,glim,105.46%,464MiB / 30.66GiB,1.48%,0B / 0B,0B / 11.6MB,35
2026-07-31 12:25:49,scovox,209.52%,1.073GiB / 30.66GiB,3.50%,0B / 0B,0B / 3.63MB,53
2026-07-31 12:25:49,ouster,9.90%,119.8MiB / 30.66GiB,0.38%,0B / 0B,0B / 2.88MB,30
2026-07-31 12:25:49,openzen,4.12%,32.79MiB / 30.66GiB,0.10%,0B / 0B,0B / 2.15MB,20
2026-07-31 12:25:49,realsense,46.20%,104.7MiB / 30.66GiB,0.33%,0B / 0B,0B / 3.59MB,36
2026-07-31 12:25:49,mapir-ffmpeg,134.57%,493.1MiB / 30.66GiB,1.57%,0B / 0B,0B / 1.34MB,40
2026-07-31 12:25:49,domain_bridge,1.47%,73.68MiB / 30.66GiB,0.23%,0B / 0B,0B / 5.12MB,28
2026-07-31 12:25:49,nav2,8.05%,130.3MiB / 30.66GiB,0.42%,0B / 0B,0B / 1.39MB,92
2026-07-31 12:25:52,trav_ros2,41.13%,140.5MiB / 30.66GiB,0.45%,0B / 0B,0B / 1.96MB,44
2026-07-31 12:25:52,docker-recorder-run-a563b0293c6b,92.65%,844.3MiB / 30.66GiB,2.69%,0B / 0B,0B / 18.9GB,19
2026-07-31 12:25:52,glim,104.56%,463.7MiB / 30.66GiB,1.48%,0B / 0B,0B / 11.6MB,35
2026-07-31 12:25:52,scovox,185.96%,1.185GiB / 30.66GiB,3.86%,0B / 0B,0B / 3.63MB,53
2026-07-31 12:25:52,ouster,9.81%,119.8MiB / 30.66GiB,0.38%,0B / 0B,0B / 2.88MB,30
2026-07-31 12:25:52,openzen,3.77%,32.84MiB / 30.66GiB,0.10%,0B / 0B,0B / 2.15MB,20
2026-07-31 12:25:52,realsense,46.64%,98.88MiB / 30.66GiB,0.31%,0B / 0B,0B / 3.59MB,36
2026-07-31 12:25:52,mapir-ffmpeg,132.62%,497.9MiB / 30.66GiB,1.59%,0B / 0B,0B / 1.34MB,40
2026-07-31 12:25:52,domain_bridge,1.11%,72.8MiB / 30.66GiB,0.23%,0B / 0B,0B / 5.12MB,28
2026-07-31 12:25:52,nav2,7.30%,129.4MiB / 30.66GiB,0.41%,0B / 0B,0B / 1.39MB,92
2026-07-31 12:25:55,trav_ros2,41.41%,140.2MiB / 30.66GiB,0.45%,0B / 0B,0B / 1.96MB,44
2026-07-31 12:25:55,docker-recorder-run-a563b0293c6b,70.35%,788.6MiB / 30.66GiB,2.51%,0B / 0B,0B / 19.7GB,19
2026-07-31 12:25:55,glim,100.16%,464.3MiB / 30.66GiB,1.48%,0B / 0B,0B / 11.6MB,35
2026-07-31 12:25:55,scovox,186.09%,1.19GiB / 30.66GiB,3.88%,0B / 0B,0B / 3.63MB,53
2026-07-31 12:25:55,ouster,9.39%,120.1MiB / 30.66GiB,0.38%,0B / 0B,0B / 2.88MB,30
2026-07-31 12:25:55,openzen,3.80%,32.86MiB / 30.66GiB,0.10%,0B / 0B,0B / 2.15MB,20
2026-07-31 12:25:55,realsense,44.51%,99.01MiB / 30.66GiB,0.32%,0B / 0B,0B / 3.72MB,36
2026-07-31 12:25:55,mapir-ffmpeg,128.83%,482.5MiB / 30.66GiB,1.54%,0B / 0B,0B / 1.34MB,40
2026-07-31 12:25:55,domain_bridge,0.70%,72.93MiB / 30.66GiB,0.23%,0B / 0B,0B / 5.12MB,28
2026-07-31 12:25:55,nav2,7.34%,129MiB / 30.66GiB,0.41%,0B / 0B,0B / 1.39MB,92
2026-07-31 12:25:59,trav_ros2,42.28%,140.1MiB / 30.66GiB,0.45%,0B / 0B,0B / 2MB,44
2026-07-31 12:25:59,docker-recorder-run-a563b0293c6b,86.53%,877.7MiB / 30.66GiB,2.80%,0B / 0B,0B / 20GB,19
2026-07-31 12:25:59,glim,101.17%,463.9MiB / 30.66GiB,1.48%,0B / 0B,0B / 11.6MB,35
2026-07-31 12:25:59,scovox,208.54%,1.215GiB / 30.66GiB,3.96%,0B / 0B,0B / 3.63MB,53
2026-07-31 12:25:59,ouster,9.52%,120.4MiB / 30.66GiB,0.38%,0B / 0B,0B / 2.88MB,30
2026-07-31 12:25:59,openzen,3.91%,32.65MiB / 30.66GiB,0.10%,0B / 0B,0B / 2.15MB,20
2026-07-31 12:25:59,realsense,44.84%,99.06MiB / 30.66GiB,0.32%,0B / 0B,0B / 3.72MB,36
2026-07-31 12:25:59,mapir-ffmpeg,125.34%,502.3MiB / 30.66GiB,1.60%,0B / 0B,0B / 1.34MB,40
2026-07-31 12:25:59,domain_bridge,0.69%,73.23MiB / 30.66GiB,0.23%,0B / 0B,0B / 5.12MB,28
2026-07-31 12:25:59,nav2,8.29%,129.5MiB / 30.66GiB,0.41%,0B / 0B,0B / 1.41MB,92
2026-07-31 12:26:02,trav_ros2,41.37%,140.4MiB / 30.66GiB,0.45%,0B / 0B,0B / 2MB,44
2026-07-31 12:26:02,docker-recorder-run-a563b0293c6b,74.79%,893.4MiB / 30.66GiB,2.85%,0B / 0B,0B / 20.6GB,19
2026-07-31 12:26:02,glim,99.76%,440.9MiB / 30.66GiB,1.40%,0B / 0B,0B / 11.6MB,35
2026-07-31 12:26:02,scovox,185.02%,1.138GiB / 30.66GiB,3.71%,0B / 0B,0B / 3.66MB,53
2026-07-31 12:26:02,ouster,9.47%,120.2MiB / 30.66GiB,0.38%,0B / 0B,0B / 2.88MB,30
2026-07-31 12:26:02,openzen,3.74%,32.93MiB / 30.66GiB,0.10%,0B / 0B,0B / 2.15MB,20
2026-07-31 12:26:02,realsense,44.82%,105.1MiB / 30.66GiB,0.33%,0B / 0B,0B / 3.72MB,36
2026-07-31 12:26:02,mapir-ffmpeg,123.59%,494.9MiB / 30.66GiB,1.58%,0B / 0B,0B / 1.34MB,40
2026-07-31 12:26:02,domain_bridge,0.25%,72.94MiB / 30.66GiB,0.23%,0B / 0B,0B / 5.12MB,28
2026-07-31 12:26:02,nav2,6.71%,129.3MiB / 30.66GiB,0.41%,0B / 0B,0B / 1.45MB,92
2026-07-31 12:26:05,trav_ros2,43.94%,142.6MiB / 30.66GiB,0.45%,0B / 0B,0B / 2MB,44
2026-07-31 12:26:05,docker-recorder-run-a563b0293c6b,91.00%,903.2MiB / 30.66GiB,2.88%,0B / 0B,0B / 21.4GB,19
2026-07-31 12:26:05,glim,103.76%,441.4MiB / 30.66GiB,1.41%,0B / 0B,0B / 11.6MB,35
2026-07-31 12:26:05,scovox,208.86%,1.242GiB / 30.66GiB,4.05%,0B / 0B,8.19kB / 3.66MB,53
2026-07-31 12:26:05,ouster,9.83%,119.7MiB / 30.66GiB,0.38%,0B / 0B,0B / 2.88MB,30
2026-07-31 12:26:05,openzen,3.76%,33.52MiB / 30.66GiB,0.11%,0B / 0B,0B / 2.15MB,20
2026-07-31 12:26:05,realsense,45.14%,98.62MiB / 30.66GiB,0.31%,0B / 0B,119kB / 3.72MB,36
2026-07-31 12:26:05,mapir-ffmpeg,125.76%,506.9MiB / 30.66GiB,1.61%,0B / 0B,0B / 1.34MB,40
2026-07-31 12:26:05,domain_bridge,0.79%,73.73MiB / 30.66GiB,0.23%,0B / 0B,242kB / 5.12MB,28
2026-07-31 12:26:05,nav2,7.41%,130.1MiB / 30.66GiB,0.41%,0B / 0B,0B / 1.45MB,92
2026-07-31 12:26:08,trav_ros2,43.55%,140.2MiB / 30.66GiB,0.45%,0B / 0B,0B / 2MB,44
2026-07-31 12:26:08,docker-recorder-run-a563b0293c6b,83.92%,994MiB / 30.66GiB,3.17%,0B / 0B,0B / 21.9GB,19
2026-07-31 12:26:08,glim,119.94%,441.1MiB / 30.66GiB,1.40%,0B / 0B,0B / 11.6MB,35
2026-07-31 12:26:08,scovox,190.91%,1.175GiB / 30.66GiB,3.83%,0B / 0B,8.19kB / 3.66MB,53
2026-07-31 12:26:08,ouster,9.46%,120.5MiB / 30.66GiB,0.38%,0B / 0B,0B / 2.88MB,30
2026-07-31 12:26:08,openzen,4.08%,33.06MiB / 30.66GiB,0.11%,0B / 0B,0B / 2.15MB,20
2026-07-31 12:26:08,realsense,47.49%,99.09MiB / 30.66GiB,0.32%,0B / 0B,119kB / 3.72MB,36
2026-07-31 12:26:08,mapir-ffmpeg,143.15%,510.1MiB / 30.66GiB,1.62%,0B / 0B,0B / 1.34MB,40
2026-07-31 12:26:08,domain_bridge,1.08%,73.65MiB / 30.66GiB,0.23%,0B / 0B,242kB / 5.12MB,28
2026-07-31 12:26:08,nav2,8.17%,130.3MiB / 30.66GiB,0.42%,0B / 0B,0B / 1.46MB,94
2026-07-31 12:26:11,trav_ros2,43.14%,140.4MiB / 30.66GiB,0.45%,0B / 0B,0B / 2MB,44
2026-07-31 12:26:11,docker-recorder-run-a563b0293c6b,159.84%,902.6MiB / 30.66GiB,2.87%,0B / 0B,0B / 22.8GB,19
2026-07-31 12:26:11,glim,146.03%,440.8MiB / 30.66GiB,1.40%,0B / 0B,0B / 11.6MB,35
2026-07-31 12:26:11,scovox,208.93%,1.273GiB / 30.66GiB,4.15%,0B / 0B,8.19kB / 3.66MB,53
2026-07-31 12:26:11,ouster,9.61%,119.9MiB / 30.66GiB,0.38%,0B / 0B,0B / 2.88MB,30
2026-07-31 12:26:11,openzen,4.07%,32.91MiB / 30.66GiB,0.10%,0B / 0B,0B / 2.15MB,20
2026-07-31 12:26:11,realsense,47.98%,99.38MiB / 30.66GiB,0.32%,0B / 0B,119kB / 3.72MB,36
2026-07-31 12:26:11,mapir-ffmpeg,156.83%,502.2MiB / 30.66GiB,1.60%,0B / 0B,0B / 1.34MB,40
2026-07-31 12:26:11,domain_bridge,0.50%,73.14MiB / 30.66GiB,0.23%,0B / 0B,242kB / 5.12MB,28
2026-07-31 12:26:11,nav2,9.60%,130.9MiB / 30.66GiB,0.42%,0B / 0B,0B / 1.46MB,94
2026-07-31 12:26:14,trav_ros2,42.19%,140.5MiB / 30.66GiB,0.45%,0B / 0B,0B / 2MB,44
2026-07-31 12:26:14,docker-recorder-run-a563b0293c6b,105.72%,923.6MiB / 30.66GiB,2.94%,0B / 0B,0B / 23.6GB,19
2026-07-31 12:26:14,glim,134.97%,443.8MiB / 30.66GiB,1.41%,0B / 0B,0B / 11.6MB,35
2026-07-31 12:26:14,scovox,205.12%,1.242GiB / 30.66GiB,4.05%,0B / 0B,8.19kB / 3.66MB,53
2026-07-31 12:26:14,ouster,9.78%,120.6MiB / 30.66GiB,0.38%,0B / 0B,0B / 2.88MB,30
2026-07-31 12:26:14,openzen,4.14%,33.2MiB / 30.66GiB,0.11%,0B / 0B,0B / 2.15MB,20
2026-07-31 12:26:14,realsense,48.11%,99.47MiB / 30.66GiB,0.32%,0B / 0B,119kB / 3.72MB,36
2026-07-31 12:26:14,mapir-ffmpeg,161.74%,559.6MiB / 30.66GiB,1.78%,0B / 0B,0B / 1.34MB,40
2026-07-31 12:26:14,domain_bridge,1.59%,73.15MiB / 30.66GiB,0.23%,0B / 0B,242kB / 5.12MB,28
2026-07-31 12:26:14,nav2,9.86%,131.3MiB / 30.66GiB,0.42%,0B / 0B,8.19kB / 1.46MB,94
2026-07-31 12:26:17,trav_ros2,43.70%,140.4MiB / 30.66GiB,0.45%,0B / 0B,0B / 2MB,44
2026-07-31 12:26:17,docker-recorder-run-a563b0293c6b,129.86%,899.3MiB / 30.66GiB,2.86%,0B / 0B,0B / 24.1GB,19
2026-07-31 12:26:17,glim,117.64%,446MiB / 30.66GiB,1.42%,0B / 0B,106kB / 11.6MB,35
2026-07-31 12:26:17,scovox,208.92%,1.314GiB / 30.66GiB,4.29%,0B / 0B,8.19kB / 3.66MB,53
2026-07-31 12:26:17,ouster,8.74%,120.2MiB / 30.66GiB,0.38%,0B / 0B,0B / 2.88MB,30
2026-07-31 12:26:17,openzen,3.63%,32.99MiB / 30.66GiB,0.11%,0B / 0B,0B / 2.15MB,20
2026-07-31 12:26:17,realsense,46.86%,104.8MiB / 30.66GiB,0.33%,0B / 0B,119kB / 3.72MB,36
2026-07-31 12:26:17,mapir-ffmpeg,122.81%,495.4MiB / 30.66GiB,1.58%,0B / 0B,0B / 1.34MB,40
2026-07-31 12:26:17,domain_bridge,0.84%,73.53MiB / 30.66GiB,0.23%,0B / 0B,242kB / 5.12MB,28
2026-07-31 12:26:17,nav2,10.43%,131.2MiB / 30.66GiB,0.42%,0B / 0B,8.19kB / 1.46MB,94
2026-07-31 12:26:20,trav_ros2,42.73%,140.6MiB / 30.66GiB,0.45%,0B / 0B,0B / 2MB,44
2026-07-31 12:26:20,docker-recorder-run-a563b0293c6b,101.17%,930.7MiB / 30.66GiB,2.96%,0B / 0B,0B / 24.7GB,19
2026-07-31 12:26:20,glim,110.46%,446.6MiB / 30.66GiB,1.42%,0B / 0B,111kB / 11.6MB,35
2026-07-31 12:26:20,scovox,202.19%,1.237GiB / 30.66GiB,4.03%,0B / 0B,8.19kB / 3.66MB,53
2026-07-31 12:26:20,ouster,9.60%,120.5MiB / 30.66GiB,0.38%,0B / 0B,0B / 2.88MB,30
2026-07-31 12:26:20,openzen,3.68%,33MiB / 30.66GiB,0.11%,0B / 0B,0B / 2.15MB,20
2026-07-31 12:26:20,realsense,46.22%,99.37MiB / 30.66GiB,0.32%,0B / 0B,119kB / 3.72MB,36
2026-07-31 12:26:20,mapir-ffmpeg,124.38%,479.7MiB / 30.66GiB,1.53%,0B / 0B,0B / 1.34MB,40
2026-07-31 12:26:20,domain_bridge,2.37%,74.09MiB / 30.66GiB,0.24%,0B / 0B,242kB / 5.12MB,28
2026-07-31 12:26:20,nav2,9.24%,130.3MiB / 30.66GiB,0.41%,0B / 0B,8.19kB / 1.46MB,94
2026-07-31 12:26:24,trav_ros2,43.62%,140.9MiB / 30.66GiB,0.45%,0B / 0B,0B / 2.07MB,44
2026-07-31 12:26:24,docker-recorder-run-a563b0293c6b,145.91%,916MiB / 30.66GiB,2.92%,0B / 0B,0B / 25.2GB,19
2026-07-31 12:26:24,glim,142.17%,446MiB / 30.66GiB,1.42%,0B / 0B,111kB / 11.6MB,35
2026-07-31 12:26:24,scovox,208.93%,1.086GiB / 30.66GiB,3.54%,0B / 0B,8.19kB / 3.66MB,53
2026-07-31 12:26:24,ouster,9.29%,120.7MiB / 30.66GiB,0.38%,0B / 0B,0B / 2.88MB,30
2026-07-31 12:26:24,openzen,4.13%,33.31MiB / 30.66GiB,0.11%,0B / 0B,0B / 2.15MB,20
2026-07-31 12:26:24,realsense,48.79%,99.17MiB / 30.66GiB,0.32%,0B / 0B,119kB / 3.72MB,36
2026-07-31 12:26:24,mapir-ffmpeg,167.41%,479.9MiB / 30.66GiB,1.53%,0B / 0B,0B / 1.35MB,40
2026-07-31 12:26:24,domain_bridge,0.73%,73.5MiB / 30.66GiB,0.23%,0B / 0B,242kB / 5.12MB,28
2026-07-31 12:26:24,nav2,9.19%,130.8MiB / 30.66GiB,0.42%,0B / 0B,8.19kB / 1.46MB,94
2026-07-31 12:26:27,trav_ros2,42.01%,141.2MiB / 30.66GiB,0.45%,0B / 0B,0B / 2.07MB,44
2026-07-31 12:26:27,docker-recorder-run-a563b0293c6b,129.39%,1.002GiB / 30.66GiB,3.27%,0B / 0B,0B / 26.7GB,19
2026-07-31 12:26:27,glim,142.42%,445.5MiB / 30.66GiB,1.42%,0B / 0B,111kB / 11.6MB,35
2026-07-31 12:26:27,scovox,209.50%,1.22GiB / 30.66GiB,3.98%,0B / 0B,8.19kB / 3.66MB,53
2026-07-31 12:26:27,ouster,9.65%,120.9MiB / 30.66GiB,0.39%,0B / 0B,0B / 2.88MB,30
2026-07-31 12:26:27,openzen,4.30%,33.59MiB / 30.66GiB,0.11%,0B / 0B,0B / 2.15MB,20
2026-07-31 12:26:27,realsense,51.35%,99.49MiB / 30.66GiB,0.32%,0B / 0B,119kB / 3.85MB,36
2026-07-31 12:26:27,mapir-ffmpeg,173.13%,479.2MiB / 30.66GiB,1.53%,0B / 0B,0B / 1.35MB,40
2026-07-31 12:26:27,domain_bridge,0.93%,73.49MiB / 30.66GiB,0.23%,0B / 0B,242kB / 5.12MB,28
2026-07-31 12:26:27,nav2,9.17%,131MiB / 30.66GiB,0.42%,0B / 0B,8.19kB / 1.46MB,94
2026-07-31 12:26:30,trav_ros2,48.13%,140.7MiB / 30.66GiB,0.45%,0B / 0B,0B / 2.07MB,44
2026-07-31 12:26:30,docker-recorder-run-a563b0293c6b,142.52%,919.4MiB / 30.66GiB,2.93%,0B / 0B,0B / 27.3GB,19
2026-07-31 12:26:30,glim,152.85%,445.9MiB / 30.66GiB,1.42%,0B / 0B,111kB / 11.6MB,35
2026-07-31 12:26:30,scovox,204.53%,1.114GiB / 30.66GiB,3.63%,0B / 0B,8.19kB / 3.66MB,53
2026-07-31 12:26:30,ouster,9.69%,120.1MiB / 30.66GiB,0.38%,0B / 0B,0B / 2.88MB,30
2026-07-31 12:26:30,openzen,4.50%,33.39MiB / 30.66GiB,0.11%,0B / 0B,0B / 2.15MB,20
2026-07-31 12:26:30,realsense,46.13%,99.54MiB / 30.66GiB,0.32%,0B / 0B,119kB / 3.85MB,36
2026-07-31 12:26:30,mapir-ffmpeg,160.14%,479.4MiB / 30.66GiB,1.53%,0B / 0B,0B / 1.35MB,40
2026-07-31 12:26:30,domain_bridge,1.25%,73.44MiB / 30.66GiB,0.23%,0B / 0B,242kB / 5.12MB,28
2026-07-31 12:26:30,nav2,10.41%,131.9MiB / 30.66GiB,0.42%,0B / 0B,8.19kB / 1.46MB,94
2026-07-31 12:26:33,trav_ros2,44.77%,142MiB / 30.66GiB,0.45%,0B / 0B,0B / 2.07MB,44
2026-07-31 12:26:33,docker-recorder-run-a563b0293c6b,80.55%,919.4MiB / 30.66GiB,2.93%,0B / 0B,0B / 27.9GB,19
2026-07-31 12:26:33,glim,150.97%,442.2MiB / 30.66GiB,1.41%,0B / 0B,111kB / 11.6MB,35
2026-07-31 12:26:33,scovox,204.73%,1.274GiB / 30.66GiB,4.15%,0B / 0B,8.19kB / 3.66MB,53
2026-07-31 12:26:33,ouster,9.26%,120.2MiB / 30.66GiB,0.38%,0B / 0B,0B / 2.88MB,30
2026-07-31 12:26:33,openzen,3.92%,33.16MiB / 30.66GiB,0.11%,0B / 0B,0B / 2.15MB,20
2026-07-31 12:26:33,realsense,44.48%,105.3MiB / 30.66GiB,0.34%,0B / 0B,119kB / 3.85MB,36
2026-07-31 12:26:33,mapir-ffmpeg,146.82%,497.2MiB / 30.66GiB,1.58%,0B / 0B,0B / 1.35MB,40
2026-07-31 12:26:33,domain_bridge,1.12%,73.21MiB / 30.66GiB,0.23%,0B / 0B,242kB / 5.12MB,28
2026-07-31 12:26:33,nav2,9.44%,132.3MiB / 30.66GiB,0.42%,0B / 0B,8.19kB / 1.46MB,94
2026-07-31 12:26:36,trav_ros2,45.87%,141.5MiB / 30.66GiB,0.45%,0B / 0B,0B / 2.07MB,44
2026-07-31 12:26:36,docker-recorder-run-a563b0293c6b,108.98%,1.001GiB / 30.66GiB,3.26%,0B / 0B,0B / 28.5GB,19
2026-07-31 12:26:36,glim,137.50%,441MiB / 30.66GiB,1.40%,0B / 0B,111kB / 11.6MB,35
2026-07-31 12:26:36,scovox,210.37%,1.251GiB / 30.66GiB,4.08%,0B / 0B,8.19kB / 3.69MB,53
2026-07-31 12:26:36,ouster,9.81%,120.3MiB / 30.66GiB,0.38%,0B / 0B,0B / 2.88MB,30
2026-07-31 12:26:36,openzen,3.97%,33.43MiB / 30.66GiB,0.11%,0B / 0B,0B / 2.15MB,20
2026-07-31 12:26:36,realsense,45.91%,99.04MiB / 30.66GiB,0.32%,0B / 0B,119kB / 3.85MB,36
2026-07-31 12:26:36,mapir-ffmpeg,150.69%,521.2MiB / 30.66GiB,1.66%,0B / 0B,0B / 1.35MB,40
2026-07-31 12:26:36,domain_bridge,2.07%,74.25MiB / 30.66GiB,0.24%,0B / 0B,242kB / 5.12MB,28
2026-07-31 12:26:36,nav2,7.32%,131.6MiB / 30.66GiB,0.42%,0B / 0B,8.19kB / 1.46MB,92
2026-07-31 12:26:39,trav_ros2,49.07%,141.3MiB / 30.66GiB,0.45%,0B / 0B,0B / 2.07MB,44
2026-07-31 12:26:39,docker-recorder-run-a563b0293c6b,149.19%,1.081GiB / 30.66GiB,3.52%,0B / 0B,0B / 28.6GB,19
2026-07-31 12:26:39,glim,141.55%,442.3MiB / 30.66GiB,1.41%,0B / 0B,111kB / 11.6MB,35
2026-07-31 12:26:39,scovox,211.42%,1.302GiB / 30.66GiB,4.24%,0B / 0B,8.19kB / 3.69MB,53
2026-07-31 12:26:39,ouster,9.98%,121MiB / 30.66GiB,0.39%,0B / 0B,0B / 2.88MB,30
2026-07-31 12:26:39,openzen,4.17%,33.95MiB / 30.66GiB,0.11%,0B / 0B,0B / 2.15MB,20
2026-07-31 12:26:39,realsense,47.59%,100MiB / 30.66GiB,0.32%,0B / 0B,119kB / 3.85MB,36
2026-07-31 12:26:39,mapir-ffmpeg,159.36%,479.1MiB / 30.66GiB,1.53%,0B / 0B,0B / 1.35MB,40
2026-07-31 12:26:39,domain_bridge,0.97%,74.11MiB / 30.66GiB,0.24%,0B / 0B,242kB / 5.12MB,28
2026-07-31 12:26:39,nav2,7.25%,131.8MiB / 30.66GiB,0.42%,0B / 0B,8.19kB / 1.56MB,92
2026-07-31 12:26:42,trav_ros2,49.67%,140.8MiB / 30.66GiB,0.45%,0B / 0B,0B / 2.11MB,44
2026-07-31 12:26:42,docker-recorder-run-a563b0293c6b,97.70%,951.3MiB / 30.66GiB,3.03%,0B / 0B,0B / 30.5GB,19
2026-07-31 12:26:42,glim,150.25%,442.1MiB / 30.66GiB,1.41%,0B / 0B,111kB / 11.6MB,35
2026-07-31 12:26:42,scovox,218.80%,1.256GiB / 30.66GiB,4.09%,0B / 0B,8.19kB / 3.69MB,53
2026-07-31 12:26:42,ouster,9.92%,120.7MiB / 30.66GiB,0.38%,0B / 0B,0B / 2.88MB,30
2026-07-31 12:26:42,openzen,4.13%,33.49MiB / 30.66GiB,0.11%,0B / 0B,0B / 2.15MB,20
2026-07-31 12:26:42,realsense,48.50%,100.9MiB / 30.66GiB,0.32%,0B / 0B,119kB / 3.92MB,36
2026-07-31 12:26:42,mapir-ffmpeg,166.02%,525.2MiB / 30.66GiB,1.67%,0B / 0B,0B / 1.35MB,40
2026-07-31 12:26:42,domain_bridge,0.21%,73.43MiB / 30.66GiB,0.23%,0B / 0B,242kB / 5.12MB,28
2026-07-31 12:26:42,nav2,7.53%,132.4MiB / 30.66GiB,0.42%,0B / 0B,8.19kB / 1.56MB,92
2026-07-31 12:26:45,trav_ros2,54.81%,141.6MiB / 30.66GiB,0.45%,0B / 0B,0B / 2.11MB,44
2026-07-31 12:26:45,docker-recorder-run-a563b0293c6b,134.51%,928.4MiB / 30.66GiB,2.96%,0B / 0B,0B / 30.5GB,19
2026-07-31 12:26:45,glim,157.31%,441.6MiB / 30.66GiB,1.41%,0B / 0B,111kB / 11.6MB,35
2026-07-31 12:26:45,scovox,141.50%,1.109GiB / 30.66GiB,3.62%,0B / 0B,8.19kB / 3.69MB,53
2026-07-31 12:26:45,ouster,10.27%,120.4MiB / 30.66GiB,0.38%,0B / 0B,0B / 2.88MB,30
2026-07-31 12:26:45,openzen,4.60%,33.99MiB / 30.66GiB,0.11%,0B / 0B,0B / 2.15MB,20
2026-07-31 12:26:45,realsense,48.93%,99.64MiB / 30.66GiB,0.32%,0B / 0B,119kB / 3.92MB,36
2026-07-31 12:26:45,mapir-ffmpeg,169.48%,530.3MiB / 30.66GiB,1.69%,0B / 0B,0B / 1.35MB,40
2026-07-31 12:26:45,domain_bridge,3.34%,74.05MiB / 30.66GiB,0.24%,0B / 0B,242kB / 5.12MB,28
2026-07-31 12:26:45,nav2,7.32%,131.7MiB / 30.66GiB,0.42%,0B / 0B,8.19kB / 1.57MB,92
2026-07-31 12:26:48,trav_ros2,51.08%,142.2MiB / 30.66GiB,0.45%,0B / 0B,0B / 2.11MB,44
2026-07-31 12:26:48,docker-recorder-run-a563b0293c6b,91.63%,1021MiB / 30.66GiB,3.25%,0B / 0B,0B / 30.9GB,19
2026-07-31 12:26:48,glim,108.96%,441.9MiB / 30.66GiB,1.41%,0B / 0B,111kB / 11.6MB,35
2026-07-31 12:26:48,scovox,228.81%,1.237GiB / 30.66GiB,4.03%,0B / 0B,8.19kB / 3.69MB,53
2026-07-31 12:26:48,ouster,9.39%,120.7MiB / 30.66GiB,0.38%,0B / 0B,0B / 2.88MB,30
2026-07-31 12:26:48,openzen,3.97%,33.8MiB / 30.66GiB,0.11%,0B / 0B,0B / 2.15MB,20
2026-07-31 12:26:48,realsense,47.58%,99.75MiB / 30.66GiB,0.32%,0B / 0B,119kB / 3.92MB,36
2026-07-31 12:26:48,mapir-ffmpeg,126.39%,487.6MiB / 30.66GiB,1.55%,0B / 0B,0B / 1.35MB,40
2026-07-31 12:26:48,domain_bridge,0.75%,74.2MiB / 30.66GiB,0.24%,0B / 0B,242kB / 5.12MB,28
2026-07-31 12:26:48,nav2,7.36%,132.5MiB / 30.66GiB,0.42%,0B / 0B,8.19kB / 1.57MB,92
2026-07-31 12:26:52,trav_ros2,51.11%,142.1MiB / 30.66GiB,0.45%,0B / 0B,0B / 2.11MB,44
2026-07-31 12:26:52,docker-recorder-run-a563b0293c6b,142.39%,932.9MiB / 30.66GiB,2.97%,0B / 0B,0B / 31.4GB,19
2026-07-31 12:26:52,glim,132.78%,442MiB / 30.66GiB,1.41%,0B / 0B,111kB / 11.6MB,35
2026-07-31 12:26:52,scovox,216.95%,1.121GiB / 30.66GiB,3.66%,0B / 0B,8.19kB / 3.69MB,53
2026-07-31 12:26:52,ouster,9.91%,120.1MiB / 30.66GiB,0.38%,0B / 0B,0B / 2.88MB,30
2026-07-31 12:26:52,openzen,4.07%,33.58MiB / 30.66GiB,0.11%,0B / 0B,0B / 2.15MB,20
2026-07-31 12:26:52,realsense,48.74%,104.8MiB / 30.66GiB,0.33%,0B / 0B,119kB / 3.92MB,36
2026-07-31 12:26:52,mapir-ffmpeg,150.36%,479.4MiB / 30.66GiB,1.53%,0B / 0B,0B / 1.35MB,40
2026-07-31 12:26:52,domain_bridge,1.64%,74.36MiB / 30.66GiB,0.24%,0B / 0B,242kB / 5.12MB,28
2026-07-31 12:26:52,nav2,15.55%,132.4MiB / 30.66GiB,0.42%,0B / 0B,8.19kB / 1.57MB,94
2026-07-31 12:26:55,trav_ros2,55.45%,142.1MiB / 30.66GiB,0.45%,0B / 0B,0B / 2.11MB,44
2026-07-31 12:26:55,docker-recorder-run-a563b0293c6b,153.76%,1.175GiB / 30.66GiB,3.83%,0B / 0B,0B / 32.6GB,19
2026-07-31 12:26:55,glim,148.79%,441.8MiB / 30.66GiB,1.41%,0B / 0B,111kB / 11.6MB,35
2026-07-31 12:26:55,scovox,217.22%,1.252GiB / 30.66GiB,4.08%,0B / 0B,8.19kB / 3.69MB,53
2026-07-31 12:26:55,ouster,9.79%,120.8MiB / 30.66GiB,0.38%,0B / 0B,0B / 2.88MB,30
2026-07-31 12:26:55,openzen,4.15%,33.62MiB / 30.66GiB,0.11%,0B / 0B,0B / 2.15MB,20
2026-07-31 12:26:55,realsense,49.73%,99.38MiB / 30.66GiB,0.32%,0B / 0B,119kB / 3.92MB,36
2026-07-31 12:26:55,mapir-ffmpeg,166.62%,480.1MiB / 30.66GiB,1.53%,0B / 0B,0B / 1.35MB,40
2026-07-31 12:26:55,domain_bridge,0.86%,73.8MiB / 30.66GiB,0.24%,0B / 0B,242kB / 5.12MB,28
2026-07-31 12:26:55,nav2,17.81%,133MiB / 30.66GiB,0.42%,0B / 0B,8.19kB / 1.57MB,94
2026-07-31 12:26:58,trav_ros2,50.18%,142MiB / 30.66GiB,0.45%,0B / 0B,0B / 2.11MB,44
2026-07-31 12:26:58,docker-recorder-run-a563b0293c6b,167.74%,933.5MiB / 30.66GiB,2.97%,0B / 0B,0B / 33.2GB,19
2026-07-31 12:26:58,glim,147.50%,442.2MiB / 30.66GiB,1.41%,0B / 0B,111kB / 11.6MB,35
2026-07-31 12:26:58,scovox,206.54%,1.203GiB / 30.66GiB,3.92%,0B / 0B,8.19kB / 3.69MB,53
2026-07-31 12:26:58,ouster,9.67%,120.6MiB / 30.66GiB,0.38%,0B / 0B,0B / 2.88MB,30
2026-07-31 12:26:58,openzen,4.01%,33.65MiB / 30.66GiB,0.11%,0B / 0B,0B / 2.15MB,20
2026-07-31 12:26:58,realsense,49.22%,99.91MiB / 30.66GiB,0.32%,0B / 0B,119kB / 3.92MB,36
2026-07-31 12:26:58,mapir-ffmpeg,168.15%,507.4MiB / 30.66GiB,1.62%,0B / 0B,0B / 1.36MB,40
2026-07-31 12:26:58,domain_bridge,2.48%,73.65MiB / 30.66GiB,0.23%,0B / 0B,242kB / 5.12MB,28
2026-07-31 12:26:58,nav2,9.71%,132.9MiB / 30.66GiB,0.42%,0B / 0B,20.5kB / 1.57MB,94
2026-07-31 12:27:01,trav_ros2,50.04%,143MiB / 30.66GiB,0.46%,0B / 0B,0B / 2.11MB,44
2026-07-31 12:27:01,docker-recorder-run-a563b0293c6b,146.80%,981.2MiB / 30.66GiB,3.13%,0B / 0B,0B / 33.8GB,19
2026-07-31 12:27:01,glim,152.57%,442MiB / 30.66GiB,1.41%,0B / 0B,111kB / 11.6MB,35
2026-07-31 12:27:01,scovox,224.42%,1.276GiB / 30.66GiB,4.16%,0B / 0B,8.19kB / 3.69MB,53
2026-07-31 12:27:01,ouster,9.67%,121.5MiB / 30.66GiB,0.39%,0B / 0B,0B / 2.88MB,30
2026-07-31 12:27:01,openzen,4.19%,33.91MiB / 30.66GiB,0.11%,0B / 0B,0B / 2.15MB,20
2026-07-31 12:27:01,realsense,51.63%,99.59MiB / 30.66GiB,0.32%,0B / 0B,119kB / 3.92MB,36
2026-07-31 12:27:01,mapir-ffmpeg,165.07%,518.8MiB / 30.66GiB,1.65%,0B / 0B,0B / 1.36MB,40
2026-07-31 12:27:01,domain_bridge,1.50%,73.77MiB / 30.66GiB,0.23%,0B / 0B,242kB / 5.12MB,28
2026-07-31 12:27:01,nav2,10.22%,132.9MiB / 30.66GiB,0.42%,0B / 0B,20.5kB / 1.57MB,94
2026-07-31 12:27:04,trav_ros2,57.19%,142.6MiB / 30.66GiB,0.45%,0B / 0B,0B / 2.11MB,44
2026-07-31 12:27:04,docker-recorder-run-a563b0293c6b,137.35%,1.039GiB / 30.66GiB,3.39%,0B / 0B,0B / 34.3GB,19
2026-07-31 12:27:04,glim,149.91%,442.4MiB / 30.66GiB,1.41%,0B / 0B,111kB / 11.6MB,35
2026-07-31 12:27:04,scovox,145.33%,1.29GiB / 30.66GiB,4.21%,0B / 0B,8.19kB / 3.69MB,53
2026-07-31 12:27:04,ouster,9.66%,120.9MiB / 30.66GiB,0.39%,0B / 0B,0B / 2.88MB,30
2026-07-31 12:27:04,openzen,4.08%,33.72MiB / 30.66GiB,0.11%,0B / 0B,0B / 2.15MB,20
2026-07-31 12:27:04,realsense,49.21%,99.71MiB / 30.66GiB,0.32%,0B / 0B,119kB / 3.92MB,36
2026-07-31 12:27:04,mapir-ffmpeg,159.78%,480MiB / 30.66GiB,1.53%,0B / 0B,0B / 1.36MB,40
2026-07-31 12:27:04,domain_bridge,1.09%,74.2MiB / 30.66GiB,0.24%,0B / 0B,242kB / 5.12MB,28
2026-07-31 12:27:04,nav2,9.87%,133.5MiB / 30.66GiB,0.43%,0B / 0B,20.5kB / 1.57MB,94
2026-07-31 12:27:07,trav_ros2,47.51%,141.9MiB / 30.66GiB,0.45%,0B / 0B,0B / 2.11MB,44
2026-07-31 12:27:07,docker-recorder-run-a563b0293c6b,121.34%,1005MiB / 30.66GiB,3.20%,0B / 0B,0B / 35GB,19
2026-07-31 12:27:07,glim,153.47%,442MiB / 30.66GiB,1.41%,0B / 0B,111kB / 11.6MB,35
2026-07-31 12:27:07,scovox,131.63%,1.092GiB / 30.66GiB,3.56%,0B / 0B,8.19kB / 3.69MB,53
2026-07-31 12:27:07,ouster,9.60%,121.2MiB / 30.66GiB,0.39%,0B / 0B,0B / 2.88MB,30
2026-07-31 12:27:07,openzen,4.08%,33.48MiB / 30.66GiB,0.11%,0B / 0B,0B / 2.15MB,20
2026-07-31 12:27:07,realsense,47.65%,99.71MiB / 30.66GiB,0.32%,0B / 0B,119kB / 3.92MB,36
2026-07-31 12:27:07,mapir-ffmpeg,157.25%,535MiB / 30.66GiB,1.70%,0B / 0B,0B / 1.36MB,40
2026-07-31 12:27:07,domain_bridge,0.76%,74.16MiB / 30.66GiB,0.24%,0B / 0B,242kB / 5.12MB,28
2026-07-31 12:27:07,nav2,16.05%,133MiB / 30.66GiB,0.42%,0B / 0B,20.5kB / 1.57MB,94
2026-07-31 12:27:10,trav_ros2,52.37%,142.5MiB / 30.66GiB,0.45%,0B / 0B,0B / 2.2MB,44
2026-07-31 12:27:10,docker-recorder-run-a563b0293c6b,107.66%,848.3MiB / 30.66GiB,2.70%,0B / 0B,0B / 35.6GB,19
2026-07-31 12:27:10,glim,152.10%,442.2MiB / 30.66GiB,1.41%,0B / 0B,111kB / 11.6MB,35
2026-07-31 12:27:10,scovox,182.74%,1.086GiB / 30.66GiB,3.54%,0B / 0B,8.19kB / 3.71MB,53
2026-07-31 12:27:10,ouster,10.33%,120.7MiB / 30.66GiB,0.38%,0B / 0B,0B / 2.88MB,30
2026-07-31 12:27:10,openzen,4.29%,33.78MiB / 30.66GiB,0.11%,0B / 0B,0B / 2.15MB,20
2026-07-31 12:27:10,realsense,49.18%,99.9MiB / 30.66GiB,0.32%,0B / 0B,119kB / 3.92MB,36
2026-07-31 12:27:10,mapir-ffmpeg,163.37%,531MiB / 30.66GiB,1.69%,0B / 0B,0B / 1.36MB,40
2026-07-31 12:27:10,domain_bridge,1.62%,73.79MiB / 30.66GiB,0.24%,0B / 0B,242kB / 5.12MB,28
2026-07-31 12:27:10,nav2,17.76%,132.9MiB / 30.66GiB,0.42%,0B / 0B,20.5kB / 1.57MB,94
2026-07-31 12:27:13,trav_ros2,51.49%,142.7MiB / 30.66GiB,0.45%,0B / 0B,0B / 2.2MB,44
2026-07-31 12:27:13,docker-recorder-run-a563b0293c6b,87.63%,925.9MiB / 30.66GiB,2.95%,0B / 0B,0B / 36.2GB,19
2026-07-31 12:27:13,glim,147.99%,442.3MiB / 30.66GiB,1.41%,0B / 0B,111kB / 11.6MB,35
2026-07-31 12:27:13,scovox,207.98%,1.347GiB / 30.66GiB,4.39%,0B / 0B,8.19kB / 3.71MB,53
2026-07-31 12:27:13,ouster,9.78%,120.5MiB / 30.66GiB,0.38%,0B / 0B,0B / 2.88MB,30
2026-07-31 12:27:13,openzen,4.11%,33.8MiB / 30.66GiB,0.11%,0B / 0B,0B / 2.15MB,20
2026-07-31 12:27:13,realsense,47.92%,105.5MiB / 30.66GiB,0.34%,0B / 0B,119kB / 4.05MB,36
2026-07-31 12:27:13,mapir-ffmpeg,168.08%,543MiB / 30.66GiB,1.73%,0B / 0B,0B / 1.37MB,40
2026-07-31 12:27:13,domain_bridge,0.59%,73.64MiB / 30.66GiB,0.23%,0B / 0B,242kB / 5.12MB,28
2026-07-31 12:27:13,nav2,16.46%,133.7MiB / 30.66GiB,0.43%,0B / 0B,20.5kB / 1.64MB,94
2026-07-31 12:27:16,trav_ros2,46.55%,143.5MiB / 30.66GiB,0.46%,0B / 0B,0B / 2.2MB,44
2026-07-31 12:27:16,docker-recorder-run-a563b0293c6b,105.34%,959.2MiB / 30.66GiB,3.05%,0B / 0B,0B / 37.7GB,19
2026-07-31 12:27:16,glim,161.59%,443.3MiB / 30.66GiB,1.41%,0B / 0B,111kB / 11.6MB,35
2026-07-31 12:27:16,scovox,186.82%,1.321GiB / 30.66GiB,4.31%,0B / 0B,8.19kB / 3.71MB,53
2026-07-31 12:27:16,ouster,9.70%,120.8MiB / 30.66GiB,0.38%,0B / 0B,0B / 2.88MB,30
2026-07-31 12:27:16,openzen,4.27%,34.05MiB / 30.66GiB,0.11%,0B / 0B,0B / 2.15MB,20
2026-07-31 12:27:16,realsense,49.59%,99.34MiB / 30.66GiB,0.32%,0B / 0B,119kB / 4.05MB,36
2026-07-31 12:27:16,mapir-ffmpeg,170.18%,535.1MiB / 30.66GiB,1.70%,0B / 0B,0B / 1.37MB,40
2026-07-31 12:27:16,domain_bridge,2.04%,74.49MiB / 30.66GiB,0.24%,0B / 0B,242kB / 5.12MB,28
2026-07-31 12:27:16,nav2,16.94%,133.5MiB / 30.66GiB,0.43%,0B / 0B,20.5kB / 1.64MB,94
2026-07-31 12:27:20,trav_ros2,44.18%,143MiB / 30.66GiB,0.46%,0B / 0B,0B / 2.2MB,44
2026-07-31 12:27:20,docker-recorder-run-a563b0293c6b,114.47%,959.6MiB / 30.66GiB,3.06%,0B / 0B,0B / 37.7GB,19
2026-07-31 12:27:20,glim,155.90%,450.8MiB / 30.66GiB,1.44%,0B / 0B,111kB / 11.6MB,35
2026-07-31 12:27:20,scovox,164.90%,1.097GiB / 30.66GiB,3.58%,0B / 0B,8.19kB / 3.71MB,53
2026-07-31 12:27:20,ouster,10.26%,121MiB / 30.66GiB,0.39%,0B / 0B,0B / 2.88MB,30
2026-07-31 12:27:20,openzen,4.11%,33.86MiB / 30.66GiB,0.11%,0B / 0B,0B / 2.15MB,20
2026-07-31 12:27:20,realsense,49.01%,100MiB / 30.66GiB,0.32%,0B / 0B,119kB / 4.05MB,36
2026-07-31 12:27:20,mapir-ffmpeg,167.50%,510.9MiB / 30.66GiB,1.63%,0B / 0B,0B / 1.37MB,40
2026-07-31 12:27:20,domain_bridge,0.90%,74.03MiB / 30.66GiB,0.24%,0B / 0B,242kB / 5.12MB,28
2026-07-31 12:27:20,nav2,17.69%,133.8MiB / 30.66GiB,0.43%,0B / 0B,20.5kB / 1.64MB,94
2026-07-31 12:27:23,trav_ros2,40.42%,143.1MiB / 30.66GiB,0.46%,0B / 0B,0B / 2.2MB,44
2026-07-31 12:27:23,docker-recorder-run-a563b0293c6b,108.05%,958.3MiB / 30.66GiB,3.05%,0B / 0B,0B / 38.7GB,19
2026-07-31 12:27:23,glim,152.00%,457.2MiB / 30.66GiB,1.46%,0B / 0B,111kB / 11.6MB,35
2026-07-31 12:27:23,scovox,168.40%,1.109GiB / 30.66GiB,3.62%,0B / 0B,8.19kB / 3.71MB,53
2026-07-31 12:27:23,ouster,9.79%,121.3MiB / 30.66GiB,0.39%,0B / 0B,0B / 2.88MB,30
2026-07-31 12:27:23,openzen,3.88%,33.63MiB / 30.66GiB,0.11%,0B / 0B,0B / 2.15MB,20
2026-07-31 12:27:23,realsense,46.20%,100.1MiB / 30.66GiB,0.32%,0B / 0B,119kB / 4.05MB,36
2026-07-31 12:27:23,mapir-ffmpeg,166.12%,524.9MiB / 30.66GiB,1.67%,0B / 0B,0B / 1.37MB,40
2026-07-31 12:27:23,domain_bridge,0.90%,74.41MiB / 30.66GiB,0.24%,0B / 0B,242kB / 5.12MB,28
2026-07-31 12:27:23,nav2,16.15%,134.1MiB / 30.66GiB,0.43%,0B / 0B,20.5kB / 1.64MB,94
2026-07-31 12:27:26,trav_ros2,43.66%,153MiB / 30.66GiB,0.49%,0B / 0B,0B / 2.2MB,44
2026-07-31 12:27:26,docker-recorder-run-a563b0293c6b,88.10%,958.8MiB / 30.66GiB,3.05%,0B / 0B,0B / 39.3GB,19
2026-07-31 12:27:26,glim,134.67%,456.5MiB / 30.66GiB,1.45%,0B / 0B,111kB / 11.6MB,35
2026-07-31 12:27:26,scovox,208.15%,1.415GiB / 30.66GiB,4.62%,0B / 0B,8.19kB / 3.71MB,53
2026-07-31 12:27:26,ouster,9.84%,121MiB / 30.66GiB,0.39%,0B / 0B,0B / 2.88MB,30
2026-07-31 12:27:26,openzen,4.33%,34.12MiB / 30.66GiB,0.11%,0B / 0B,0B / 2.15MB,20
2026-07-31 12:27:26,realsense,46.05%,99.89MiB / 30.66GiB,0.32%,0B / 0B,119kB / 4.05MB,36
2026-07-31 12:27:26,mapir-ffmpeg,163.81%,544.4MiB / 30.66GiB,1.73%,0B / 0B,0B / 1.37MB,40
2026-07-31 12:27:26,domain_bridge,1.49%,74.16MiB / 30.66GiB,0.24%,0B / 0B,242kB / 5.12MB,28
2026-07-31 12:27:26,nav2,9.82%,133.5MiB / 30.66GiB,0.43%,0B / 0B,20.5kB / 1.64MB,92
2026-07-31 12:27:29,trav_ros2,41.43%,146.4MiB / 30.66GiB,0.47%,0B / 0B,0B / 2.2MB,44
2026-07-31 12:27:29,docker-recorder-run-a563b0293c6b,66.00%,959.6MiB / 30.66GiB,3.06%,0B / 0B,0B / 39.6GB,19
2026-07-31 12:27:29,glim,109.40%,439.7MiB / 30.66GiB,1.40%,0B / 0B,111kB / 11.6MB,35
2026-07-31 12:27:29,scovox,205.65%,1.418GiB / 30.66GiB,4.62%,0B / 0B,8.19kB / 3.72MB,53
2026-07-31 12:27:29,ouster,9.68%,121MiB / 30.66GiB,0.39%,0B / 0B,0B / 2.88MB,30
2026-07-31 12:27:29,openzen,3.90%,33.63MiB / 30.66GiB,0.11%,0B / 0B,0B / 2.15MB,20
2026-07-31 12:27:29,realsense,44.37%,100.3MiB / 30.66GiB,0.32%,0B / 0B,119kB / 4.05MB,36
2026-07-31 12:27:29,mapir-ffmpeg,138.50%,502.5MiB / 30.66GiB,1.60%,0B / 0B,0B / 1.37MB,40
2026-07-31 12:27:29,domain_bridge,0.97%,74.68MiB / 30.66GiB,0.24%,0B / 0B,242kB / 5.12MB,28
2026-07-31 12:27:29,nav2,7.52%,133MiB / 30.66GiB,0.42%,0B / 0B,20.5kB / 1.64MB,92
2026-07-31 12:27:32,trav_ros2,44.41%,145.4MiB / 30.66GiB,0.46%,0B / 0B,0B / 2.2MB,44
2026-07-31 12:27:32,docker-recorder-run-a563b0293c6b,102.13%,1.054GiB / 30.66GiB,3.44%,0B / 0B,0B / 40.7GB,19
2026-07-31 12:27:32,glim,99.49%,443.7MiB / 30.66GiB,1.41%,0B / 0B,111kB / 11.6MB,35
2026-07-31 12:27:32,scovox,192.84%,1.389GiB / 30.66GiB,4.53%,0B / 0B,8.19kB / 3.73MB,53
2026-07-31 12:27:32,ouster,9.58%,121.1MiB / 30.66GiB,0.39%,0B / 0B,0B / 2.88MB,30
2026-07-31 12:27:32,openzen,3.94%,33.63MiB / 30.66GiB,0.11%,0B / 0B,0B / 2.15MB,20
2026-07-31 12:27:32,realsense,47.96%,100.4MiB / 30.66GiB,0.32%,0B / 0B,119kB / 4.05MB,36
2026-07-31 12:27:32,mapir-ffmpeg,132.01%,490.6MiB / 30.66GiB,1.56%,0B / 0B,0B / 1.37MB,40
2026-07-31 12:27:32,domain_bridge,1.61%,74.89MiB / 30.66GiB,0.24%,0B / 0B,242kB / 5.12MB,28
2026-07-31 12:27:32,nav2,7.17%,133.7MiB / 30.66GiB,0.43%,0B / 0B,20.5kB / 1.64MB,93
2026-07-31 12:27:35,trav_ros2,43.19%,146.2MiB / 30.66GiB,0.47%,0B / 0B,0B / 2.2MB,44
2026-07-31 12:27:35,docker-recorder-run-a563b0293c6b,159.84%,1.004GiB / 30.66GiB,3.27%,0B / 0B,131kB / 41.5GB,19
2026-07-31 12:27:35,glim,136.96%,443.8MiB / 30.66GiB,1.41%,0B / 0B,111kB / 11.6MB,35
2026-07-31 12:27:35,scovox,205.89%,1.413GiB / 30.66GiB,4.61%,0B / 0B,8.19kB / 3.73MB,53
2026-07-31 12:27:35,ouster,10.16%,121.8MiB / 30.66GiB,0.39%,0B / 0B,0B / 2.88MB,30
2026-07-31 12:27:35,openzen,4.19%,33.63MiB / 30.66GiB,0.11%,0B / 0B,0B / 2.15MB,20
2026-07-31 12:27:35,realsense,48.16%,100.4MiB / 30.66GiB,0.32%,0B / 0B,119kB / 4.05MB,36
2026-07-31 12:27:35,mapir-ffmpeg,170.63%,507.1MiB / 30.66GiB,1.62%,0B / 0B,0B / 1.37MB,40
2026-07-31 12:27:35,domain_bridge,0.53%,73.78MiB / 30.66GiB,0.23%,0B / 0B,242kB / 5.12MB,28
2026-07-31 12:27:35,nav2,17.62%,134MiB / 30.66GiB,0.43%,0B / 0B,20.5kB / 1.64MB,94
2026-07-31 12:27:38,trav_ros2,42.86%,145.9MiB / 30.66GiB,0.46%,0B / 0B,0B / 2.2MB,44
2026-07-31 12:27:38,docker-recorder-run-a563b0293c6b,117.45%,933.4MiB / 30.66GiB,2.97%,0B / 0B,135kB / 42.2GB,19
2026-07-31 12:27:38,glim,140.18%,443.5MiB / 30.66GiB,1.41%,0B / 0B,111kB / 11.6MB,35
2026-07-31 12:27:38,scovox,222.87%,1.367GiB / 30.66GiB,4.46%,0B / 0B,8.19kB / 3.73MB,53
2026-07-31 12:27:38,ouster,10.29%,120.8MiB / 30.66GiB,0.38%,0B / 0B,0B / 2.88MB,30
2026-07-31 12:27:38,openzen,4.14%,33.63MiB / 30.66GiB,0.11%,0B / 0B,0B / 2.15MB,20
2026-07-31 12:27:38,realsense,48.36%,100.5MiB / 30.66GiB,0.32%,0B / 0B,119kB / 4.05MB,36
2026-07-31 12:27:38,mapir-ffmpeg,165.58%,525.2MiB / 30.66GiB,1.67%,0B / 0B,0B / 1.37MB,40
2026-07-31 12:27:38,domain_bridge,0.47%,73.68MiB / 30.66GiB,0.23%,0B / 0B,242kB / 5.12MB,28
2026-07-31 12:27:38,nav2,16.71%,134.1MiB / 30.66GiB,0.43%,0B / 0B,20.5kB / 1.64MB,94
2026-07-31 12:27:41,trav_ros2,43.82%,145.4MiB / 30.66GiB,0.46%,0B / 0B,0B / 2.28MB,44
2026-07-31 12:27:41,docker-recorder-run-a563b0293c6b,135.36%,1.002GiB / 30.66GiB,3.27%,0B / 0B,135kB / 42.8GB,19
2026-07-31 12:27:41,glim,139.37%,443.6MiB / 30.66GiB,1.41%,0B / 0B,111kB / 11.6MB,35
2026-07-31 12:27:41,scovox,218.03%,1.463GiB / 30.66GiB,4.77%,0B / 0B,8.19kB / 3.73MB,53
2026-07-31 12:27:41,ouster,9.88%,121.3MiB / 30.66GiB,0.39%,0B / 0B,0B / 2.88MB,30
2026-07-31 12:27:41,openzen,4.46%,34.87MiB / 30.66GiB,0.11%,0B / 0B,0B / 2.15MB,20
2026-07-31 12:27:41,realsense,49.21%,102.7MiB / 30.66GiB,0.33%,0B / 0B,119kB / 4.05MB,36
2026-07-31 12:27:41,mapir-ffmpeg,158.71%,480.3MiB / 30.66GiB,1.53%,0B / 0B,0B / 1.37MB,40
2026-07-31 12:27:41,domain_bridge,0.84%,74.67MiB / 30.66GiB,0.24%,0B / 0B,242kB / 5.12MB,28
2026-07-31 12:27:41,nav2,18.07%,134.9MiB / 30.66GiB,0.43%,0B / 0B,20.5kB / 1.64MB,94
2026-07-31 12:27:45,trav_ros2,43.40%,146.2MiB / 30.66GiB,0.47%,0B / 0B,0B / 2.28MB,44
2026-07-31 12:27:45,docker-recorder-run-a563b0293c6b,124.32%,995.9MiB / 30.66GiB,3.17%,0B / 0B,135kB / 43.5GB,19
2026-07-31 12:27:45,glim,134.15%,443.1MiB / 30.66GiB,1.41%,0B / 0B,111kB / 11.6MB,35
2026-07-31 12:27:45,scovox,235.20%,1.37GiB / 30.66GiB,4.47%,0B / 0B,8.19kB / 3.73MB,53
2026-07-31 12:27:45,ouster,10.12%,121.1MiB / 30.66GiB,0.39%,0B / 0B,0B / 2.88MB,30
2026-07-31 12:27:45,openzen,4.19%,33.9MiB / 30.66GiB,0.11%,0B / 0B,0B / 2.15MB,20
2026-07-31 12:27:45,realsense,49.81%,105.8MiB / 30.66GiB,0.34%,0B / 0B,119kB / 4.17MB,36
2026-07-31 12:27:45,mapir-ffmpeg,160.97%,519.6MiB / 30.66GiB,1.65%,0B / 0B,0B / 1.37MB,40
2026-07-31 12:27:45,domain_bridge,2.09%,75.05MiB / 30.66GiB,0.24%,0B / 0B,242kB / 5.12MB,28
2026-07-31 12:27:45,nav2,16.49%,134MiB / 30.66GiB,0.43%,0B / 0B,20.5kB / 1.64MB,94
2026-07-31 12:27:48,trav_ros2,42.68%,146MiB / 30.66GiB,0.46%,0B / 0B,0B / 2.28MB,44
2026-07-31 12:27:48,docker-recorder-run-a563b0293c6b,162.09%,937.5MiB / 30.66GiB,2.99%,0B / 0B,135kB / 43.8GB,19
2026-07-31 12:27:48,glim,142.16%,443.1MiB / 30.66GiB,1.41%,0B / 0B,111kB / 11.6MB,35
2026-07-31 12:27:48,scovox,212.13%,1.456GiB / 30.66GiB,4.75%,0B / 0B,8.19kB / 3.73MB,53
2026-07-31 12:27:48,ouster,9.53%,121.3MiB / 30.66GiB,0.39%,0B / 0B,0B / 2.88MB,30
2026-07-31 12:27:48,openzen,4.19%,33.9MiB / 30.66GiB,0.11%,0B / 0B,0B / 2.15MB,20
2026-07-31 12:27:48,realsense,49.79%,103.6MiB / 30.66GiB,0.33%,0B / 0B,119kB / 4.17MB,36
2026-07-31 12:27:48,mapir-ffmpeg,164.48%,516.5MiB / 30.66GiB,1.65%,0B / 0B,0B / 1.37MB,40
2026-07-31 12:27:48,domain_bridge,5.11%,75.55MiB / 30.66GiB,0.24%,0B / 0B,242kB / 5.12MB,28
2026-07-31 12:27:48,nav2,17.26%,134.6MiB / 30.66GiB,0.43%,0B / 0B,20.5kB / 1.7MB,94
2026-07-31 12:27:51,trav_ros2,40.57%,147.4MiB / 30.66GiB,0.47%,0B / 0B,0B / 2.28MB,44
2026-07-31 12:27:51,docker-recorder-run-a563b0293c6b,88.39%,933.9MiB / 30.66GiB,2.97%,0B / 0B,135kB / 45GB,19
2026-07-31 12:27:51,glim,120.12%,444.1MiB / 30.66GiB,1.41%,0B / 0B,111kB / 11.6MB,35
2026-07-31 12:27:51,scovox,179.70%,1.34GiB / 30.66GiB,4.37%,0B / 0B,8.19kB / 3.73MB,53
2026-07-31 12:27:51,ouster,10.06%,121.6MiB / 30.66GiB,0.39%,0B / 0B,0B / 2.88MB,30
2026-07-31 12:27:51,openzen,3.77%,34.15MiB / 30.66GiB,0.11%,0B / 0B,0B / 2.15MB,20
2026-07-31 12:27:51,realsense,47.33%,100.7MiB / 30.66GiB,0.32%,0B / 0B,119kB / 4.17MB,36
2026-07-31 12:27:51,mapir-ffmpeg,154.13%,512.8MiB / 30.66GiB,1.63%,0B / 0B,0B / 1.38MB,40
2026-07-31 12:27:51,domain_bridge,2.19%,75.24MiB / 30.66GiB,0.24%,0B / 0B,242kB / 5.12MB,28
2026-07-31 12:27:51,nav2,7.58%,134MiB / 30.66GiB,0.43%,0B / 0B,20.5kB / 1.7MB,92
2026-07-31 12:27:54,trav_ros2,41.89%,147.4MiB / 30.66GiB,0.47%,0B / 0B,0B / 2.28MB,44
2026-07-31 12:27:54,docker-recorder-run-a563b0293c6b,62.47%,932.4MiB / 30.66GiB,2.97%,0B / 0B,135kB / 45.5GB,19
2026-07-31 12:27:54,glim,108.73%,443.4MiB / 30.66GiB,1.41%,0B / 0B,111kB / 11.6MB,35
2026-07-31 12:27:54,scovox,131.91%,1.361GiB / 30.66GiB,4.44%,0B / 0B,8.19kB / 3.73MB,53
2026-07-31 12:27:54,ouster,9.67%,121.4MiB / 30.66GiB,0.39%,0B / 0B,0B / 2.88MB,30
2026-07-31 12:27:54,openzen,3.83%,33.66MiB / 30.66GiB,0.11%,0B / 0B,0B / 2.15MB,20
2026-07-31 12:27:54,realsense,47.14%,100.5MiB / 30.66GiB,0.32%,0B / 0B,119kB / 4.17MB,36
2026-07-31 12:27:54,mapir-ffmpeg,132.79%,487.9MiB / 30.66GiB,1.55%,0B / 0B,0B / 1.38MB,40
2026-07-31 12:27:54,domain_bridge,0.29%,74.9MiB / 30.66GiB,0.24%,0B / 0B,242kB / 5.12MB,28
2026-07-31 12:27:54,nav2,7.44%,135MiB / 30.66GiB,0.43%,0B / 0B,20.5kB / 1.7MB,92
2026-07-31 12:27:57,trav_ros2,42.61%,155.5MiB / 30.66GiB,0.50%,0B / 0B,0B / 2.28MB,44
2026-07-31 12:27:57,docker-recorder-run-a563b0293c6b,147.75%,1.098GiB / 30.66GiB,3.58%,0B / 0B,135kB / 45.6GB,19
2026-07-31 12:27:57,glim,95.90%,443.6MiB / 30.66GiB,1.41%,0B / 0B,111kB / 11.6MB,35
2026-07-31 12:27:57,scovox,214.51%,1.409GiB / 30.66GiB,4.60%,0B / 0B,8.19kB / 3.73MB,53
2026-07-31 12:27:57,ouster,9.79%,121.1MiB / 30.66GiB,0.39%,0B / 0B,0B / 2.88MB,30
2026-07-31 12:27:57,openzen,3.69%,33.68MiB / 30.66GiB,0.11%,0B / 0B,0B / 2.15MB,20
2026-07-31 12:27:57,realsense,46.82%,105.2MiB / 30.66GiB,0.33%,0B / 0B,119kB / 4.17MB,36
2026-07-31 12:27:57,mapir-ffmpeg,135.41%,495.3MiB / 30.66GiB,1.58%,0B / 0B,0B / 1.38MB,40
2026-07-31 12:27:57,domain_bridge,1.55%,75.62MiB / 30.66GiB,0.24%,0B / 0B,242kB / 5.12MB,28
2026-07-31 12:27:57,nav2,7.34%,134.8MiB / 30.66GiB,0.43%,0B / 0B,20.5kB / 1.7MB,92
2026-07-31 12:28:00,trav_ros2,42.68%,148.5MiB / 30.66GiB,0.47%,0B / 0B,0B / 2.28MB,44
2026-07-31 12:28:00,docker-recorder-run-a563b0293c6b,122.42%,867.3MiB / 30.66GiB,2.76%,0B / 0B,135kB / 46.1GB,19
2026-07-31 12:28:00,glim,97.93%,443.6MiB / 30.66GiB,1.41%,0B / 0B,111kB / 11.7MB,35
2026-07-31 12:28:00,scovox,192.32%,1.215GiB / 30.66GiB,3.96%,0B / 0B,8.19kB / 3.75MB,53
2026-07-31 12:28:00,ouster,9.98%,121MiB / 30.66GiB,0.39%,0B / 0B,0B / 2.88MB,30
2026-07-31 12:28:00,openzen,3.96%,33.91MiB / 30.66GiB,0.11%,0B / 0B,0B / 2.15MB,20
2026-07-31 12:28:00,realsense,41.41%,101.8MiB / 30.66GiB,0.32%,0B / 0B,119kB / 4.17MB,36
2026-07-31 12:28:00,mapir-ffmpeg,137.96%,494.7MiB / 30.66GiB,1.58%,0B / 0B,0B / 1.38MB,40
2026-07-31 12:28:00,domain_bridge,1.28%,74.7MiB / 30.66GiB,0.24%,0B / 0B,242kB / 5.12MB,28
2026-07-31 12:28:00,nav2,7.62%,134.4MiB / 30.66GiB,0.43%,0B / 0B,20.5kB / 1.7MB,92
2026-07-31 12:28:03,trav_ros2,43.16%,147.7MiB / 30.66GiB,0.47%,0B / 0B,0B / 2.28MB,44
2026-07-31 12:28:03,docker-recorder-run-a563b0293c6b,72.80%,946.5MiB / 30.66GiB,3.01%,0B / 0B,135kB / 47.3GB,19
2026-07-31 12:28:03,glim,101.26%,443.7MiB / 30.66GiB,1.41%,0B / 0B,111kB / 11.7MB,35
2026-07-31 12:28:03,scovox,206.83%,1.464GiB / 30.66GiB,4.77%,0B / 0B,8.19kB / 3.75MB,53
2026-07-31 12:28:03,ouster,9.56%,121.1MiB / 30.66GiB,0.39%,0B / 0B,0B / 2.88MB,30
2026-07-31 12:28:03,openzen,3.80%,33.9MiB / 30.66GiB,0.11%,0B / 0B,0B / 2.15MB,20
2026-07-31 12:28:03,realsense,45.62%,100.2MiB / 30.66GiB,0.32%,0B / 0B,119kB / 4.17MB,36
2026-07-31 12:28:03,mapir-ffmpeg,134.94%,497.8MiB / 30.66GiB,1.59%,0B / 0B,0B / 1.38MB,40
2026-07-31 12:28:03,domain_bridge,1.53%,75.27MiB / 30.66GiB,0.24%,0B / 0B,242kB / 5.12MB,28
2026-07-31 12:28:03,nav2,6.99%,134.4MiB / 30.66GiB,0.43%,0B / 0B,20.5kB / 1.7MB,92
2026-07-31 12:28:06,trav_ros2,43.92%,148.4MiB / 30.66GiB,0.47%,0B / 0B,0B / 2.28MB,44
2026-07-31 12:28:06,docker-recorder-run-a563b0293c6b,146.21%,1.008GiB / 30.66GiB,3.29%,0B / 0B,135kB / 47.3GB,19
2026-07-31 12:28:06,glim,95.62%,443.8MiB / 30.66GiB,1.41%,0B / 0B,111kB / 11.7MB,35
2026-07-31 12:28:06,scovox,232.82%,1.354GiB / 30.66GiB,4.42%,0B / 0B,8.19kB / 3.75MB,53
2026-07-31 12:28:06,ouster,10.33%,121.6MiB / 30.66GiB,0.39%,0B / 0B,0B / 2.88MB,30
2026-07-31 12:28:06,openzen,4.00%,33.91MiB / 30.66GiB,0.11%,0B / 0B,0B / 2.15MB,20
2026-07-31 12:28:06,realsense,46.95%,100.1MiB / 30.66GiB,0.32%,0B / 0B,119kB / 4.17MB,36
2026-07-31 12:28:06,mapir-ffmpeg,136.93%,495.2MiB / 30.66GiB,1.58%,0B / 0B,0B / 1.38MB,40
2026-07-31 12:28:06,domain_bridge,1.58%,74.55MiB / 30.66GiB,0.24%,0B / 0B,242kB / 5.12MB,28
2026-07-31 12:28:06,nav2,7.71%,134.8MiB / 30.66GiB,0.43%,0B / 0B,20.5kB / 1.7MB,92
2026-07-31 12:28:09,trav_ros2,43.56%,147.8MiB / 30.66GiB,0.47%,0B / 0B,0B / 2.28MB,44
2026-07-31 12:28:09,docker-recorder-run-a563b0293c6b,148.40%,991.6MiB / 30.66GiB,3.16%,0B / 0B,135kB / 48.4GB,19
2026-07-31 12:28:09,glim,120.32%,443.6MiB / 30.66GiB,1.41%,0B / 0B,111kB / 11.7MB,35
2026-07-31 12:28:09,scovox,209.31%,1.473GiB / 30.66GiB,4.80%,0B / 0B,8.19kB / 3.75MB,53
2026-07-31 12:28:09,ouster,9.72%,121.2MiB / 30.66GiB,0.39%,0B / 0B,0B / 2.88MB,30
2026-07-31 12:28:09,openzen,4.12%,33.9MiB / 30.66GiB,0.11%,0B / 0B,0B / 2.15MB,20
2026-07-31 12:28:09,realsense,46.10%,100MiB / 30.66GiB,0.32%,0B / 0B,119kB / 4.17MB,36
2026-07-31 12:28:09,mapir-ffmpeg,169.50%,494.3MiB / 30.66GiB,1.57%,0B / 0B,0B / 1.38MB,40
2026-07-31 12:28:09,domain_bridge,0.85%,74.7MiB / 30.66GiB,0.24%,0B / 0B,242kB / 5.12MB,28
2026-07-31 12:28:09,nav2,15.83%,134.8MiB / 30.66GiB,0.43%,0B / 0B,20.5kB / 1.7MB,94
2026-07-31 12:28:13,trav_ros2,43.50%,148.3MiB / 30.66GiB,0.47%,0B / 0B,0B / 2.36MB,44
2026-07-31 12:28:13,docker-recorder-run-a563b0293c6b,144.71%,991.8MiB / 30.66GiB,3.16%,0B / 0B,135kB / 49.2GB,19
2026-07-31 12:28:13,glim,130.28%,443.7MiB / 30.66GiB,1.41%,0B / 0B,111kB / 11.7MB,35
2026-07-31 12:28:13,scovox,199.71%,1.413GiB / 30.66GiB,4.61%,0B / 0B,8.19kB / 3.75MB,53
2026-07-31 12:28:13,ouster,10.07%,120.7MiB / 30.66GiB,0.38%,0B / 0B,0B / 2.88MB,30
2026-07-31 12:28:13,openzen,4.04%,33.66MiB / 30.66GiB,0.11%,0B / 0B,0B / 2.15MB,20
2026-07-31 12:28:13,realsense,48.52%,99.79MiB / 30.66GiB,0.32%,0B / 0B,119kB / 4.17MB,36
2026-07-31 12:28:13,mapir-ffmpeg,170.92%,483.8MiB / 30.66GiB,1.54%,0B / 0B,0B / 1.38MB,40
2026-07-31 12:28:13,domain_bridge,1.17%,74.82MiB / 30.66GiB,0.24%,0B / 0B,242kB / 5.12MB,28
2026-07-31 12:28:13,nav2,16.15%,134.8MiB / 30.66GiB,0.43%,0B / 0B,20.5kB / 1.7MB,94
2026-07-31 12:28:16,trav_ros2,47.43%,151.9MiB / 30.66GiB,0.48%,0B / 0B,0B / 2.36MB,44
2026-07-31 12:28:16,docker-recorder-run-a563b0293c6b,155.79%,1.029GiB / 30.66GiB,3.35%,0B / 0B,135kB / 50GB,19
2026-07-31 12:28:16,glim,143.28%,443.4MiB / 30.66GiB,1.41%,0B / 0B,111kB / 11.7MB,35
2026-07-31 12:28:16,scovox,121.39%,1.242GiB / 30.66GiB,4.05%,0B / 0B,8.19kB / 3.75MB,53
2026-07-31 12:28:16,ouster,10.12%,121.3MiB / 30.66GiB,0.39%,0B / 0B,0B / 2.88MB,30
2026-07-31 12:28:16,openzen,4.31%,33.66MiB / 30.66GiB,0.11%,0B / 0B,0B / 2.15MB,20
2026-07-31 12:28:16,realsense,49.54%,100.7MiB / 30.66GiB,0.32%,0B / 0B,119kB / 4.3MB,36
2026-07-31 12:28:16,mapir-ffmpeg,169.73%,511.3MiB / 30.66GiB,1.63%,0B / 0B,0B / 1.38MB,40
2026-07-31 12:28:16,domain_bridge,0.78%,74.54MiB / 30.66GiB,0.24%,0B / 0B,242kB / 5.12MB,28
2026-07-31 12:28:16,nav2,16.33%,134.6MiB / 30.66GiB,0.43%,0B / 0B,20.5kB / 1.7MB,94
2026-07-31 12:28:19,trav_ros2,47.55%,152.4MiB / 30.66GiB,0.49%,0B / 0B,0B / 2.36MB,44
2026-07-31 12:28:19,docker-recorder-run-a563b0293c6b,119.39%,1.104GiB / 30.66GiB,3.60%,0B / 0B,135kB / 50.2GB,19
2026-07-31 12:28:19,glim,145.35%,443.4MiB / 30.66GiB,1.41%,0B / 0B,111kB / 11.7MB,35
2026-07-31 12:28:19,scovox,178.14%,1.241GiB / 30.66GiB,4.05%,0B / 0B,8.19kB / 3.75MB,53
2026-07-31 12:28:19,ouster,9.92%,121.1MiB / 30.66GiB,0.39%,0B / 0B,0B / 2.88MB,30
2026-07-31 12:28:19,openzen,4.40%,33.68MiB / 30.66GiB,0.11%,0B / 0B,0B / 2.15MB,20
2026-07-31 12:28:19,realsense,46.91%,100.2MiB / 30.66GiB,0.32%,0B / 0B,119kB / 4.3MB,36
2026-07-31 12:28:19,mapir-ffmpeg,163.37%,528MiB / 30.66GiB,1.68%,0B / 0B,0B / 1.38MB,40
2026-07-31 12:28:19,domain_bridge,0.69%,74.52MiB / 30.66GiB,0.24%,0B / 0B,242kB / 5.12MB,28
2026-07-31 12:28:19,nav2,12.93%,134.8MiB / 30.66GiB,0.43%,0B / 0B,20.5kB / 1.7MB,92
2026-07-31 12:28:22,trav_ros2,52.85%,155.6MiB / 30.66GiB,0.50%,0B / 0B,0B / 2.36MB,44
2026-07-31 12:28:22,docker-recorder-run-a563b0293c6b,77.35%,996.4MiB / 30.66GiB,3.17%,0B / 0B,135kB / 50.8GB,19
2026-07-31 12:28:22,glim,126.65%,443.2MiB / 30.66GiB,1.41%,0B / 0B,111kB / 11.7MB,35
2026-07-31 12:28:22,scovox,211.46%,1.576GiB / 30.66GiB,5.14%,0B / 0B,8.19kB / 3.75MB,53
2026-07-31 12:28:22,ouster,10.23%,121.3MiB / 30.66GiB,0.39%,0B / 0B,0B / 2.88MB,30
2026-07-31 12:28:22,openzen,4.07%,33.93MiB / 30.66GiB,0.11%,0B / 0B,0B / 2.15MB,20
2026-07-31 12:28:22,realsense,46.40%,100.3MiB / 30.66GiB,0.32%,0B / 0B,119kB / 4.3MB,36
2026-07-31 12:28:22,mapir-ffmpeg,137.91%,503.4MiB / 30.66GiB,1.60%,0B / 0B,0B / 1.38MB,40
2026-07-31 12:28:22,domain_bridge,0.80%,74.65MiB / 30.66GiB,0.24%,0B / 0B,242kB / 5.12MB,28
2026-07-31 12:28:22,nav2,8.23%,135.6MiB / 30.66GiB,0.43%,0B / 0B,20.5kB / 1.7MB,92
2026-07-31 12:28:25,trav_ros2,52.33%,150.2MiB / 30.66GiB,0.48%,0B / 0B,0B / 2.36MB,44
2026-07-31 12:28:25,docker-recorder-run-a563b0293c6b,66.36%,997.5MiB / 30.66GiB,3.18%,0B / 0B,135kB / 51.7GB,19
2026-07-31 12:28:25,glim,116.34%,443.8MiB / 30.66GiB,1.41%,0B / 0B,111kB / 11.7MB,35
2026-07-31 12:28:25,scovox,207.58%,1.536GiB / 30.66GiB,5.01%,0B / 0B,8.19kB / 3.75MB,53
2026-07-31 12:28:25,ouster,10.03%,121.6MiB / 30.66GiB,0.39%,0B / 0B,0B / 2.88MB,30
2026-07-31 12:28:25,openzen,3.95%,33.93MiB / 30.66GiB,0.11%,0B / 0B,0B / 2.15MB,20
2026-07-31 12:28:25,realsense,52.20%,99.89MiB / 30.66GiB,0.32%,0B / 0B,119kB / 4.3MB,36
2026-07-31 12:28:25,mapir-ffmpeg,141.17%,494.9MiB / 30.66GiB,1.58%,0B / 0B,0B / 1.39MB,40
2026-07-31 12:28:25,domain_bridge,0.23%,74.35MiB / 30.66GiB,0.24%,0B / 0B,242kB / 5.12MB,28
2026-07-31 12:28:25,nav2,6.73%,135.3MiB / 30.66GiB,0.43%,0B / 0B,20.5kB / 1.75MB,92
2026-07-31 12:28:28,trav_ros2,54.25%,153.2MiB / 30.66GiB,0.49%,0B / 0B,0B / 2.36MB,44
2026-07-31 12:28:28,docker-recorder-run-a563b0293c6b,137.36%,943.2MiB / 30.66GiB,3.00%,0B / 0B,135kB / 52.3GB,19
2026-07-31 12:28:28,glim,114.68%,443.4MiB / 30.66GiB,1.41%,0B / 0B,111kB / 11.7MB,35
2026-07-31 12:28:28,scovox,190.85%,1.267GiB / 30.66GiB,4.13%,0B / 0B,8.19kB / 3.75MB,53
2026-07-31 12:28:28,ouster,9.79%,121.1MiB / 30.66GiB,0.39%,0B / 0B,0B / 2.88MB,30
2026-07-31 12:28:28,openzen,3.83%,33.68MiB / 30.66GiB,0.11%,0B / 0B,0B / 2.15MB,20
2026-07-31 12:28:28,realsense,49.73%,100.5MiB / 30.66GiB,0.32%,0B / 0B,119kB / 4.3MB,36
2026-07-31 12:28:28,mapir-ffmpeg,132.21%,495.2MiB / 30.66GiB,1.58%,0B / 0B,0B / 1.39MB,40
2026-07-31 12:28:28,domain_bridge,0.88%,74.21MiB / 30.66GiB,0.24%,0B / 0B,242kB / 5.12MB,28
2026-07-31 12:28:28,nav2,7.14%,135MiB / 30.66GiB,0.43%,0B / 0B,20.5kB / 1.75MB,92
2026-07-31 12:28:31,trav_ros2,53.75%,154MiB / 30.66GiB,0.49%,0B / 0B,0B / 2.36MB,44
2026-07-31 12:28:31,docker-recorder-run-a563b0293c6b,72.22%,945.8MiB / 30.66GiB,3.01%,0B / 0B,135kB / 52.7GB,19
2026-07-31 12:28:31,glim,112.04%,442.8MiB / 30.66GiB,1.41%,0B / 0B,111kB / 11.7MB,35
2026-07-31 12:28:31,scovox,208.86%,1.576GiB / 30.66GiB,5.14%,0B / 0B,8.19kB / 3.75MB,53
2026-07-31 12:28:31,ouster,11.97%,122.6MiB / 30.66GiB,0.39%,0B / 0B,0B / 2.88MB,30
2026-07-31 12:28:31,openzen,4.01%,33.73MiB / 30.66GiB,0.11%,0B / 0B,0B / 2.15MB,20
2026-07-31 12:28:31,realsense,47.29%,100.2MiB / 30.66GiB,0.32%,0B / 0B,119kB / 4.3MB,36
2026-07-31 12:28:31,mapir-ffmpeg,125.78%,495.9MiB / 30.66GiB,1.58%,0B / 0B,0B / 1.39MB,40
2026-07-31 12:28:31,domain_bridge,1.65%,75.59MiB / 30.66GiB,0.24%,0B / 0B,242kB / 5.12MB,28
2026-07-31 12:28:31,nav2,12.13%,136.4MiB / 30.66GiB,0.43%,0B / 0B,20.5kB / 1.75MB,92
2026-07-31 12:28:34,trav_ros2,55.20%,153.6MiB / 30.66GiB,0.49%,0B / 0B,0B / 2.36MB,44
2026-07-31 12:28:34,docker-recorder-run-a563b0293c6b,86.01%,944.4MiB / 30.66GiB,3.01%,0B / 0B,135kB / 53.5GB,19
2026-07-31 12:28:34,glim,139.32%,442.9MiB / 30.66GiB,1.41%,0B / 0B,111kB / 11.7MB,35
2026-07-31 12:28:34,scovox,178.10%,1.457GiB / 30.66GiB,4.75%,0B / 0B,8.19kB / 3.75MB,53
2026-07-31 12:28:34,ouster,9.68%,121.3MiB / 30.66GiB,0.39%,0B / 0B,0B / 2.88MB,30
2026-07-31 12:28:34,openzen,4.01%,33.96MiB / 30.66GiB,0.11%,0B / 0B,0B / 2.15MB,20
2026-07-31 12:28:34,realsense,50.16%,100.5MiB / 30.66GiB,0.32%,0B / 0B,119kB / 4.3MB,36
2026-07-31 12:28:34,mapir-ffmpeg,165.57%,522.3MiB / 30.66GiB,1.66%,0B / 0B,0B / 1.39MB,40
2026-07-31 12:28:34,domain_bridge,5.73%,75.89MiB / 30.66GiB,0.24%,0B / 0B,385kB / 5.12MB,28
2026-07-31 12:28:34,nav2,16.55%,136.9MiB / 30.66GiB,0.44%,0B / 0B,20.5kB / 1.75MB,94
2026-07-31 12:28:37,trav_ros2,53.93%,153.6MiB / 30.66GiB,0.49%,0B / 0B,0B / 2.36MB,44
2026-07-31 12:28:37,docker-recorder-run-a563b0293c6b,148.66%,1.064GiB / 30.66GiB,3.47%,0B / 0B,135kB / 54.4GB,19
2026-07-31 12:28:37,glim,148.51%,443.5MiB / 30.66GiB,1.41%,0B / 0B,111kB / 11.7MB,35
2026-07-31 12:28:37,scovox,122.02%,1.293GiB / 30.66GiB,4.22%,0B / 0B,8.19kB / 3.78MB,53
2026-07-31 12:28:37,ouster,9.69%,121.1MiB / 30.66GiB,0.39%,0B / 0B,0B / 2.88MB,30
2026-07-31 12:28:37,openzen,4.56%,34.21MiB / 30.66GiB,0.11%,0B / 0B,0B / 2.15MB,20
2026-07-31 12:28:37,realsense,51.69%,105.3MiB / 30.66GiB,0.34%,0B / 0B,119kB / 4.3MB,36
2026-07-31 12:28:37,mapir-ffmpeg,164.52%,484.1MiB / 30.66GiB,1.54%,0B / 0B,0B / 1.39MB,40
2026-07-31 12:28:37,domain_bridge,5.68%,76.36MiB / 30.66GiB,0.24%,0B / 0B,385kB / 5.12MB,28
2026-07-31 12:28:37,nav2,16.47%,136.3MiB / 30.66GiB,0.43%,0B / 0B,20.5kB / 1.75MB,94
2026-07-31 12:28:41,trav_ros2,60.17%,153.8MiB / 30.66GiB,0.49%,0B / 0B,0B / 2.36MB,44
2026-07-31 12:28:41,docker-recorder-run-a563b0293c6b,109.77%,942.7MiB / 30.66GiB,3.00%,0B / 0B,135kB / 54.4GB,19
2026-07-31 12:28:41,glim,147.83%,443.8MiB / 30.66GiB,1.41%,0B / 0B,111kB / 11.7MB,35
2026-07-31 12:28:41,scovox,177.04%,1.295GiB / 30.66GiB,4.22%,0B / 0B,8.19kB / 3.78MB,53
2026-07-31 12:28:41,ouster,10.12%,121.1MiB / 30.66GiB,0.39%,0B / 0B,0B / 2.88MB,30
2026-07-31 12:28:41,openzen,4.33%,34.21MiB / 30.66GiB,0.11%,0B / 0B,0B / 2.15MB,20
2026-07-31 12:28:41,realsense,51.41%,105.6MiB / 30.66GiB,0.34%,0B / 0B,119kB / 4.3MB,36
2026-07-31 12:28:41,mapir-ffmpeg,168.51%,530.7MiB / 30.66GiB,1.69%,0B / 0B,0B / 1.39MB,40
2026-07-31 12:28:41,domain_bridge,6.46%,75.89MiB / 30.66GiB,0.24%,0B / 0B,385kB / 5.12MB,28
2026-07-31 12:28:41,nav2,16.67%,136.2MiB / 30.66GiB,0.43%,0B / 0B,20.5kB / 1.75MB,94
2026-07-31 12:28:44,trav_ros2,58.71%,154.3MiB / 30.66GiB,0.49%,0B / 0B,0B / 2.44MB,44
2026-07-31 12:28:44,docker-recorder-run-a563b0293c6b,86.64%,945.2MiB / 30.66GiB,3.01%,0B / 0B,135kB / 55.3GB,19
2026-07-31 12:28:44,glim,153.49%,443.1MiB / 30.66GiB,1.41%,0B / 0B,111kB / 11.7MB,35
2026-07-31 12:28:44,scovox,209.69%,1.563GiB / 30.66GiB,5.10%,0B / 0B,8.19kB / 3.78MB,53
2026-07-31 12:28:44,ouster,9.82%,121.5MiB / 30.66GiB,0.39%,0B / 0B,0B / 2.88MB,30
2026-07-31 12:28:44,openzen,4.25%,33.97MiB / 30.66GiB,0.11%,0B / 0B,0B / 2.15MB,20
2026-07-31 12:28:44,realsense,49.70%,100.3MiB / 30.66GiB,0.32%,0B / 0B,119kB / 4.43MB,36
2026-07-31 12:28:44,mapir-ffmpeg,161.17%,518.8MiB / 30.66GiB,1.65%,0B / 0B,0B / 1.39MB,40
2026-07-31 12:28:44,domain_bridge,8.27%,76.5MiB / 30.66GiB,0.24%,0B / 0B,385kB / 5.12MB,28
2026-07-31 12:28:44,nav2,16.62%,136.6MiB / 30.66GiB,0.44%,0B / 0B,20.5kB / 1.75MB,94
2026-07-31 12:28:47,trav_ros2,54.93%,155MiB / 30.66GiB,0.49%,0B / 0B,0B / 2.44MB,44
2026-07-31 12:28:47,docker-recorder-run-a563b0293c6b,168.67%,944.6MiB / 30.66GiB,3.01%,0B / 0B,135kB / 56.4GB,19
2026-07-31 12:28:47,glim,155.64%,444MiB / 30.66GiB,1.41%,0B / 0B,111kB / 11.7MB,35
2026-07-31 12:28:47,scovox,212.53%,1.495GiB / 30.66GiB,4.87%,0B / 0B,8.19kB / 3.78MB,53
2026-07-31 12:28:47,ouster,9.95%,121.1MiB / 30.66GiB,0.39%,0B / 0B,0B / 2.88MB,30
2026-07-31 12:28:47,openzen,4.36%,33.96MiB / 30.66GiB,0.11%,0B / 0B,0B / 2.15MB,20
2026-07-31 12:28:47,realsense,49.67%,100.3MiB / 30.66GiB,0.32%,0B / 0B,119kB / 4.43MB,36
2026-07-31 12:28:47,mapir-ffmpeg,169.08%,512.9MiB / 30.66GiB,1.63%,0B / 0B,0B / 1.39MB,40
2026-07-31 12:28:47,domain_bridge,3.22%,76.5MiB / 30.66GiB,0.24%,0B / 0B,385kB / 5.12MB,28
2026-07-31 12:28:47,nav2,13.89%,137MiB / 30.66GiB,0.44%,0B / 0B,20.5kB / 1.76MB,94
2026-07-31 12:28:50,trav_ros2,52.85%,155.5MiB / 30.66GiB,0.50%,0B / 0B,0B / 2.44MB,44
2026-07-31 12:28:50,docker-recorder-run-a563b0293c6b,123.37%,1.083GiB / 30.66GiB,3.53%,0B / 0B,135kB / 56.4GB,19
2026-07-31 12:28:50,glim,150.65%,443.2MiB / 30.66GiB,1.41%,0B / 0B,111kB / 11.7MB,35
2026-07-31 12:28:50,scovox,156.06%,1.554GiB / 30.66GiB,5.07%,0B / 0B,8.19kB / 3.78MB,53
2026-07-31 12:28:50,ouster,9.67%,121.3MiB / 30.66GiB,0.39%,0B / 0B,0B / 2.88MB,30
2026-07-31 12:28:50,openzen,3.99%,33.71MiB / 30.66GiB,0.11%,0B / 0B,0B / 2.15MB,20
2026-07-31 12:28:50,realsense,47.43%,100.1MiB / 30.66GiB,0.32%,0B / 0B,119kB / 4.43MB,36
2026-07-31 12:28:50,mapir-ffmpeg,159.03%,509.5MiB / 30.66GiB,1.62%,0B / 0B,0B / 1.39MB,40
2026-07-31 12:28:50,domain_bridge,3.44%,76.65MiB / 30.66GiB,0.24%,0B / 0B,385kB / 5.12MB,28
2026-07-31 12:28:50,nav2,16.40%,138.8MiB / 30.66GiB,0.44%,0B / 0B,20.5kB / 1.76MB,94
2026-07-31 12:28:53,trav_ros2,70.95%,156.4MiB / 30.66GiB,0.50%,0B / 0B,0B / 2.44MB,44
2026-07-31 12:28:53,docker-recorder-run-a563b0293c6b,99.81%,848.9MiB / 30.66GiB,2.70%,0B / 0B,135kB / 57.2GB,19
2026-07-31 12:28:53,glim,138.80%,444MiB / 30.66GiB,1.41%,0B / 0B,111kB / 11.7MB,35
2026-07-31 12:28:53,scovox,209.45%,1.333GiB / 30.66GiB,4.35%,0B / 0B,8.19kB / 3.78MB,53
2026-07-31 12:28:53,ouster,9.81%,120.5MiB / 30.66GiB,0.38%,0B / 0B,0B / 2.88MB,30
2026-07-31 12:28:53,openzen,4.04%,33.71MiB / 30.66GiB,0.11%,0B / 0B,0B / 2.15MB,20
2026-07-31 12:28:53,realsense,47.60%,100.3MiB / 30.66GiB,0.32%,0B / 0B,119kB / 4.43MB,36
2026-07-31 12:28:53,mapir-ffmpeg,151.66%,518.2MiB / 30.66GiB,1.65%,0B / 0B,0B / 1.39MB,40
2026-07-31 12:28:53,domain_bridge,2.28%,76.3MiB / 30.66GiB,0.24%,0B / 0B,385kB / 5.12MB,28
2026-07-31 12:28:53,nav2,7.98%,136.6MiB / 30.66GiB,0.43%,0B / 0B,20.5kB / 1.76MB,92
2026-07-31 12:28:56,trav_ros2,68.44%,158.1MiB / 30.66GiB,0.50%,0B / 0B,0B / 2.44MB,44
2026-07-31 12:28:56,docker-recorder-run-a563b0293c6b,79.14%,945.6MiB / 30.66GiB,3.01%,0B / 0B,135kB / 57.9GB,19
2026-07-31 12:28:56,glim,117.52%,433.9MiB / 30.66GiB,1.38%,0B / 0B,111kB / 11.7MB,35
2026-07-31 12:28:56,scovox,209.84%,1.566GiB / 30.66GiB,5.11%,0B / 0B,8.19kB / 3.8MB,53
2026-07-31 12:28:56,ouster,10.37%,121.8MiB / 30.66GiB,0.39%,0B / 0B,0B / 2.88MB,30
2026-07-31 12:28:56,openzen,4.20%,33.97MiB / 30.66GiB,0.11%,0B / 0B,0B / 2.15MB,20
2026-07-31 12:28:56,realsense,43.99%,100.9MiB / 30.66GiB,0.32%,0B / 0B,119kB / 4.43MB,36
2026-07-31 12:28:56,mapir-ffmpeg,133.34%,500.6MiB / 30.66GiB,1.59%,0B / 0B,0B / 1.39MB,40
2026-07-31 12:28:56,domain_bridge,2.81%,75.36MiB / 30.66GiB,0.24%,0B / 0B,385kB / 5.12MB,28
2026-07-31 12:28:56,nav2,8.61%,137MiB / 30.66GiB,0.44%,0B / 0B,20.5kB / 1.76MB,92
2026-07-31 12:28:59,trav_ros2,67.26%,157.4MiB / 30.66GiB,0.50%,0B / 0B,0B / 2.44MB,44
2026-07-31 12:28:59,docker-recorder-run-a563b0293c6b,149.40%,949.5MiB / 30.66GiB,3.02%,0B / 0B,135kB / 58.2GB,19
2026-07-31 12:28:59,glim,111.75%,434.4MiB / 30.66GiB,1.38%,0B / 0B,111kB / 11.7MB,35
2026-07-31 12:28:59,scovox,206.49%,1.563GiB / 30.66GiB,5.10%,0B / 0B,8.19kB / 3.8MB,53
2026-07-31 12:28:59,ouster,9.50%,121.1MiB / 30.66GiB,0.39%,0B / 0B,0B / 2.88MB,30
2026-07-31 12:28:59,openzen,3.85%,33.72MiB / 30.66GiB,0.11%,0B / 0B,0B / 2.15MB,20
2026-07-31 12:28:59,realsense,47.39%,99.96MiB / 30.66GiB,0.32%,0B / 0B,119kB / 4.43MB,36
2026-07-31 12:28:59,mapir-ffmpeg,134.96%,495.1MiB / 30.66GiB,1.58%,0B / 0B,0B / 1.4MB,40
2026-07-31 12:28:59,domain_bridge,0.91%,76.65MiB / 30.66GiB,0.24%,0B / 0B,385kB / 5.12MB,28
2026-07-31 12:28:59,nav2,6.98%,136.2MiB / 30.66GiB,0.43%,0B / 0B,20.5kB / 1.81MB,92
2026-07-31 12:29:02,trav_ros2,69.36%,157.3MiB / 30.66GiB,0.50%,0B / 0B,0B / 2.44MB,44
2026-07-31 12:29:02,docker-recorder-run-a563b0293c6b,124.73%,1.114GiB / 30.66GiB,3.63%,0B / 0B,135kB / 59GB,19
2026-07-31 12:29:02,glim,109.58%,434MiB / 30.66GiB,1.38%,0B / 0B,111kB / 11.7MB,35
2026-07-31 12:29:02,scovox,194.58%,1.561GiB / 30.66GiB,5.09%,0B / 0B,8.19kB / 3.8MB,53
2026-07-31 12:29:02,ouster,9.70%,121.4MiB / 30.66GiB,0.39%,0B / 0B,0B / 2.88MB,30
2026-07-31 12:29:02,openzen,3.99%,33.98MiB / 30.66GiB,0.11%,0B / 0B,0B / 2.15MB,20
2026-07-31 12:29:02,realsense,45.58%,106MiB / 30.66GiB,0.34%,0B / 0B,119kB / 4.43MB,36
2026-07-31 12:29:02,mapir-ffmpeg,133.16%,495.7MiB / 30.66GiB,1.58%,0B / 0B,0B / 1.4MB,40
2026-07-31 12:29:02,domain_bridge,0.83%,76.07MiB / 30.66GiB,0.24%,0B / 0B,385kB / 5.12MB,28
2026-07-31 12:29:02,nav2,7.37%,137.5MiB / 30.66GiB,0.44%,0B / 0B,20.5kB / 1.81MB,92
2026-07-31 12:29:06,trav_ros2,74.71%,158.3MiB / 30.66GiB,0.50%,0B / 0B,0B / 2.44MB,44
2026-07-31 12:29:06,docker-recorder-run-a563b0293c6b,118.58%,1.069GiB / 30.66GiB,3.49%,0B / 0B,135kB / 59.8GB,19
2026-07-31 12:29:06,glim,111.70%,434.6MiB / 30.66GiB,1.38%,0B / 0B,111kB / 11.7MB,35
2026-07-31 12:29:06,scovox,125.83%,1.35GiB / 30.66GiB,4.40%,0B / 0B,8.19kB / 3.8MB,53
2026-07-31 12:29:06,ouster,9.35%,122MiB / 30.66GiB,0.39%,0B / 0B,0B / 2.88MB,30
2026-07-31 12:29:06,openzen,4.15%,33.96MiB / 30.66GiB,0.11%,0B / 0B,0B / 2.15MB,20
2026-07-31 12:29:06,realsense,46.53%,100.1MiB / 30.66GiB,0.32%,0B / 0B,119kB / 4.43MB,36
2026-07-31 12:29:06,mapir-ffmpeg,128.99%,495.9MiB / 30.66GiB,1.58%,0B / 0B,0B / 1.4MB,40
2026-07-31 12:29:06,domain_bridge,1.14%,76.41MiB / 30.66GiB,0.24%,0B / 0B,385kB / 5.14MB,28
2026-07-31 12:29:06,nav2,7.82%,137.6MiB / 30.66GiB,0.44%,0B / 0B,20.5kB / 1.81MB,92
2026-07-31 12:29:09,trav_ros2,74.29%,157.6MiB / 30.66GiB,0.50%,0B / 0B,0B / 2.44MB,44
2026-07-31 12:29:09,docker-recorder-run-a563b0293c6b,88.76%,950.1MiB / 30.66GiB,3.03%,0B / 0B,135kB / 60.6GB,19
2026-07-31 12:29:09,glim,112.66%,437.2MiB / 30.66GiB,1.39%,0B / 0B,111kB / 11.7MB,35
2026-07-31 12:29:09,scovox,192.28%,1.349GiB / 30.66GiB,4.40%,0B / 0B,8.19kB / 3.8MB,53
2026-07-31 12:29:09,ouster,9.74%,120.9MiB / 30.66GiB,0.39%,0B / 0B,0B / 2.88MB,30
2026-07-31 12:29:09,openzen,3.87%,33.73MiB / 30.66GiB,0.11%,0B / 0B,0B / 2.15MB,20
2026-07-31 12:29:09,realsense,46.31%,100.1MiB / 30.66GiB,0.32%,0B / 0B,119kB / 4.43MB,36
2026-07-31 12:29:09,mapir-ffmpeg,129.67%,491.2MiB / 30.66GiB,1.56%,0B / 0B,0B / 1.4MB,40
2026-07-31 12:29:09,domain_bridge,2.29%,75.79MiB / 30.66GiB,0.24%,0B / 0B,385kB / 5.14MB,28
2026-07-31 12:29:09,nav2,8.34%,137.3MiB / 30.66GiB,0.44%,0B / 0B,20.5kB / 1.81MB,92
2026-07-31 12:29:12,trav_ros2,77.43%,157.3MiB / 30.66GiB,0.50%,0B / 0B,0B / 2.44MB,44
2026-07-31 12:29:12,docker-recorder-run-a563b0293c6b,76.72%,948MiB / 30.66GiB,3.02%,0B / 0B,135kB / 60.6GB,19
2026-07-31 12:29:12,glim,109.48%,437.7MiB / 30.66GiB,1.39%,0B / 0B,111kB / 11.7MB,35
2026-07-31 12:29:12,scovox,211.25%,1.648GiB / 30.66GiB,5.37%,0B / 0B,8.19kB / 3.8MB,53
2026-07-31 12:29:12,ouster,10.25%,122MiB / 30.66GiB,0.39%,0B / 0B,0B / 2.88MB,30
2026-07-31 12:29:12,openzen,4.13%,33.96MiB / 30.66GiB,0.11%,0B / 0B,0B / 2.15MB,20
2026-07-31 12:29:12,realsense,48.48%,100.6MiB / 30.66GiB,0.32%,0B / 0B,119kB / 4.43MB,36
2026-07-31 12:29:12,mapir-ffmpeg,133.27%,496.5MiB / 30.66GiB,1.58%,0B / 0B,0B / 1.4MB,40
2026-07-31 12:29:12,domain_bridge,1.56%,76.38MiB / 30.66GiB,0.24%,0B / 0B,385kB / 5.15MB,28
2026-07-31 12:29:12,nav2,8.27%,137.6MiB / 30.66GiB,0.44%,0B / 0B,20.5kB / 1.81MB,92
2026-07-31 12:29:15,trav_ros2,74.90%,156MiB / 30.66GiB,0.50%,0B / 0B,0B / 2.52MB,44
2026-07-31 12:29:15,docker-recorder-run-a563b0293c6b,76.00%,950.3MiB / 30.66GiB,3.03%,0B / 0B,135kB / 61.4GB,19
2026-07-31 12:29:15,glim,110.09%,437.7MiB / 30.66GiB,1.39%,0B / 0B,111kB / 11.7MB,35
2026-07-31 12:29:15,scovox,208.75%,1.543GiB / 30.66GiB,5.03%,0B / 0B,8.19kB / 3.8MB,53
2026-07-31 12:29:15,ouster,9.28%,121.4MiB / 30.66GiB,0.39%,0B / 0B,0B / 2.88MB,30
2026-07-31 12:29:15,openzen,3.71%,33.72MiB / 30.66GiB,0.11%,0B / 0B,0B / 2.15MB,20
2026-07-31 12:29:15,realsense,47.94%,100.4MiB / 30.66GiB,0.32%,0B / 0B,119kB / 4.56MB,36
2026-07-31 12:29:15,mapir-ffmpeg,131.51%,492.4MiB / 30.66GiB,1.57%,0B / 0B,0B / 1.4MB,40
2026-07-31 12:29:15,domain_bridge,0.67%,75.73MiB / 30.66GiB,0.24%,0B / 0B,385kB / 5.15MB,28
2026-07-31 12:29:15,nav2,7.42%,137.8MiB / 30.66GiB,0.44%,0B / 0B,20.5kB / 1.81MB,92
2026-07-31 12:29:18,trav_ros2,87.98%,158.7MiB / 30.66GiB,0.51%,0B / 0B,0B / 2.52MB,44
2026-07-31 12:29:18,docker-recorder-run-a563b0293c6b,154.51%,1005MiB / 30.66GiB,3.20%,0B / 0B,135kB / 61.9GB,19
2026-07-31 12:29:18,glim,129.78%,438MiB / 30.66GiB,1.39%,0B / 0B,111kB / 11.7MB,35
2026-07-31 12:29:18,scovox,143.30%,1.652GiB / 30.66GiB,5.39%,0B / 0B,8.19kB / 3.8MB,53
2026-07-31 12:29:18,ouster,9.71%,120.9MiB / 30.66GiB,0.38%,0B / 0B,0B / 2.88MB,30
2026-07-31 12:29:18,openzen,4.30%,34.21MiB / 30.66GiB,0.11%,0B / 0B,0B / 2.15MB,20
2026-07-31 12:29:18,realsense,50.09%,100.4MiB / 30.66GiB,0.32%,0B / 0B,119kB / 4.56MB,36
2026-07-31 12:29:18,mapir-ffmpeg,176.78%,480.7MiB / 30.66GiB,1.53%,0B / 0B,0B / 1.4MB,40
2026-07-31 12:29:18,domain_bridge,0.85%,76.34MiB / 30.66GiB,0.24%,0B / 0B,385kB / 5.15MB,28
2026-07-31 12:29:18,nav2,18.18%,138.2MiB / 30.66GiB,0.44%,0B / 0B,20.5kB / 1.81MB,94
2026-07-31 12:29:21,trav_ros2,103.30%,158.8MiB / 30.66GiB,0.51%,0B / 0B,0B / 2.52MB,44
2026-07-31 12:29:21,docker-recorder-run-a563b0293c6b,131.68%,875.2MiB / 30.66GiB,2.79%,0B / 0B,135kB / 62.4GB,19
2026-07-31 12:29:21,glim,144.99%,438MiB / 30.66GiB,1.39%,0B / 0B,111kB / 11.7MB,35
2026-07-31 12:29:21,scovox,167.68%,1.368GiB / 30.66GiB,4.46%,0B / 0B,8.19kB / 3.8MB,53
2026-07-31 12:29:21,ouster,9.62%,121.3MiB / 30.66GiB,0.39%,0B / 0B,0B / 2.88MB,30
2026-07-31 12:29:21,openzen,4.45%,33.98MiB / 30.66GiB,0.11%,0B / 0B,0B / 2.15MB,20
2026-07-31 12:29:21,realsense,52.96%,106.4MiB / 30.66GiB,0.34%,0B / 0B,119kB / 4.56MB,36
2026-07-31 12:29:21,mapir-ffmpeg,170.64%,539.4MiB / 30.66GiB,1.72%,0B / 0B,0B / 1.4MB,40
2026-07-31 12:29:21,domain_bridge,1.45%,75.48MiB / 30.66GiB,0.24%,0B / 0B,385kB / 5.15MB,28
2026-07-31 12:29:21,nav2,18.00%,137.8MiB / 30.66GiB,0.44%,0B / 0B,20.5kB / 1.82MB,94
2026-07-31 12:29:24,trav_ros2,102.17%,159.7MiB / 30.66GiB,0.51%,0B / 0B,0B / 2.52MB,44
2026-07-31 12:29:24,docker-recorder-run-a563b0293c6b,86.90%,951.4MiB / 30.66GiB,3.03%,0B / 0B,135kB / 63.1GB,19
2026-07-31 12:29:24,glim,120.66%,437.6MiB / 30.66GiB,1.39%,0B / 0B,111kB / 11.7MB,35
2026-07-31 12:29:24,scovox,208.23%,1.599GiB / 30.66GiB,5.21%,0B / 0B,8.19kB / 3.8MB,53
2026-07-31 12:29:24,ouster,9.88%,121.4MiB / 30.66GiB,0.39%,0B / 0B,0B / 2.88MB,30
2026-07-31 12:29:24,openzen,4.10%,34.44MiB / 30.66GiB,0.11%,0B / 0B,0B / 2.15MB,20
2026-07-31 12:29:24,realsense,48.27%,101MiB / 30.66GiB,0.32%,0B / 0B,119kB / 4.56MB,36
2026-07-31 12:29:24,mapir-ffmpeg,157.30%,526.4MiB / 30.66GiB,1.68%,0B / 0B,0B / 1.4MB,40
2026-07-31 12:29:24,domain_bridge,1.58%,75.28MiB / 30.66GiB,0.24%,0B / 0B,385kB / 5.15MB,28
2026-07-31 12:29:24,nav2,17.18%,138.7MiB / 30.66GiB,0.44%,0B / 0B,20.5kB / 1.82MB,94
2026-07-31 12:29:27,trav_ros2,101.60%,157.1MiB / 30.66GiB,0.50%,0B / 0B,0B / 2.52MB,44
2026-07-31 12:29:27,docker-recorder-run-a563b0293c6b,166.82%,986MiB / 30.66GiB,3.14%,0B / 0B,135kB / 65.7GB,19
2026-07-31 12:29:27,glim,149.23%,437.8MiB / 30.66GiB,1.39%,0B / 0B,111kB / 11.7MB,35
2026-07-31 12:29:27,scovox,207.43%,1.545GiB / 30.66GiB,5.04%,0B / 0B,8.19kB / 3.8MB,53
2026-07-31 12:29:27,ouster,9.94%,121.5MiB / 30.66GiB,0.39%,0B / 0B,0B / 2.88MB,30
2026-07-31 12:29:27,openzen,4.18%,33.96MiB / 30.66GiB,0.11%,0B / 0B,0B / 2.15MB,20
2026-07-31 12:29:27,realsense,50.64%,100.5MiB / 30.66GiB,0.32%,0B / 0B,119kB / 4.56MB,36
2026-07-31 12:29:27,mapir-ffmpeg,170.97%,488.6MiB / 30.66GiB,1.56%,0B / 0B,0B / 1.4MB,40
2026-07-31 12:29:27,domain_bridge,3.32%,78.31MiB / 30.66GiB,0.25%,0B / 0B,385kB / 5.15MB,28
2026-07-31 12:29:27,nav2,18.25%,138.2MiB / 30.66GiB,0.44%,0B / 0B,20.5kB / 1.82MB,94
2026-07-31 12:29:30,trav_ros2,102.03%,161.9MiB / 30.66GiB,0.52%,0B / 0B,0B / 2.52MB,44
2026-07-31 12:29:30,docker-recorder-run-a563b0293c6b,92.12%,958.5MiB / 30.66GiB,3.05%,0B / 0B,135kB / 65.7GB,19
2026-07-31 12:29:30,glim,134.45%,437.4MiB / 30.66GiB,1.39%,0B / 0B,111kB / 11.7MB,35
2026-07-31 12:29:30,scovox,180.68%,1.373GiB / 30.66GiB,4.48%,0B / 0B,8.19kB / 3.83MB,53
2026-07-31 12:29:30,ouster,9.52%,121.8MiB / 30.66GiB,0.39%,0B / 0B,0B / 2.88MB,30
2026-07-31 12:29:30,openzen,4.17%,33.72MiB / 30.66GiB,0.11%,0B / 0B,0B / 2.15MB,20
2026-07-31 12:29:30,realsense,46.29%,100MiB / 30.66GiB,0.32%,0B / 0B,119kB / 4.56MB,36
2026-07-31 12:29:30,mapir-ffmpeg,139.59%,529.1MiB / 30.66GiB,1.68%,0B / 0B,0B / 1.4MB,40
2026-07-31 12:29:30,domain_bridge,2.11%,76.07MiB / 30.66GiB,0.24%,0B / 0B,385kB / 5.15MB,28
2026-07-31 12:29:30,nav2,8.46%,139.6MiB / 30.66GiB,0.44%,0B / 0B,20.5kB / 1.82MB,92
2026-07-31 12:29:34,trav_ros2,102.27%,161.8MiB / 30.66GiB,0.52%,0B / 0B,0B / 2.52MB,44
2026-07-31 12:29:34,docker-recorder-run-a563b0293c6b,92.08%,953MiB / 30.66GiB,3.04%,0B / 0B,135kB / 65.7GB,19
2026-07-31 12:29:34,glim,163.09%,437.2MiB / 30.66GiB,1.39%,0B / 0B,111kB / 11.7MB,35
2026-07-31 12:29:34,scovox,211.55%,1.568GiB / 30.66GiB,5.11%,0B / 0B,8.19kB / 3.83MB,53
2026-07-31 12:29:34,ouster,11.04%,120.9MiB / 30.66GiB,0.38%,0B / 0B,0B / 2.88MB,30
2026-07-31 12:29:34,openzen,4.69%,35.26MiB / 30.66GiB,0.11%,0B / 0B,0B / 2.15MB,20
2026-07-31 12:29:34,realsense,48.23%,100.8MiB / 30.66GiB,0.32%,0B / 0B,119kB / 4.56MB,36
2026-07-31 12:29:34,mapir-ffmpeg,168.74%,536.7MiB / 30.66GiB,1.71%,0B / 0B,0B / 1.42MB,40
2026-07-31 12:29:34,domain_bridge,7.36%,76.2MiB / 30.66GiB,0.24%,0B / 0B,385kB / 5.15MB,28
2026-07-31 12:29:34,nav2,11.16%,138.9MiB / 30.66GiB,0.44%,0B / 0B,20.5kB / 1.82MB,92
2026-07-31 12:29:37,trav_ros2,102.49%,164.4MiB / 30.66GiB,0.52%,0B / 0B,0B / 2.52MB,44
2026-07-31 12:29:37,docker-recorder-run-a563b0293c6b,133.18%,1.079GiB / 30.66GiB,3.52%,0B / 0B,135kB / 65.7GB,19
2026-07-31 12:29:37,glim,173.83%,437.3MiB / 30.66GiB,1.39%,0B / 0B,111kB / 11.7MB,35
2026-07-31 12:29:37,scovox,168.36%,1.382GiB / 30.66GiB,4.51%,0B / 0B,8.19kB / 3.83MB,53
2026-07-31 12:29:37,ouster,9.41%,121MiB / 30.66GiB,0.39%,0B / 0B,0B / 2.88MB,30
2026-07-31 12:29:37,openzen,4.36%,34.42MiB / 30.66GiB,0.11%,0B / 0B,0B / 2.15MB,20
2026-07-31 12:29:37,realsense,49.79%,100.2MiB / 30.66GiB,0.32%,0B / 0B,119kB / 4.56MB,36
2026-07-31 12:29:37,mapir-ffmpeg,169.99%,513.2MiB / 30.66GiB,1.63%,0B / 0B,0B / 1.42MB,40
2026-07-31 12:29:37,domain_bridge,4.39%,76.31MiB / 30.66GiB,0.24%,0B / 0B,385kB / 5.15MB,28
2026-07-31 12:29:37,nav2,8.96%,138.4MiB / 30.66GiB,0.44%,0B / 0B,20.5kB / 1.87MB,92
2026-07-31 12:29:40,trav_ros2,102.50%,163.8MiB / 30.66GiB,0.52%,0B / 0B,0B / 2.52MB,44
2026-07-31 12:29:40,docker-recorder-run-a563b0293c6b,93.59%,949.9MiB / 30.66GiB,3.03%,0B / 0B,135kB / 66.6GB,19
2026-07-31 12:29:40,glim,177.76%,437.7MiB / 30.66GiB,1.39%,0B / 0B,111kB / 11.7MB,35
2026-07-31 12:29:40,scovox,209.07%,1.559GiB / 30.66GiB,5.08%,0B / 0B,8.19kB / 3.83MB,53
2026-07-31 12:29:40,ouster,10.02%,121.7MiB / 30.66GiB,0.39%,0B / 0B,0B / 2.88MB,30
2026-07-31 12:29:40,openzen,4.19%,33.96MiB / 30.66GiB,0.11%,0B / 0B,0B / 2.15MB,20
2026-07-31 12:29:40,realsense,45.86%,100MiB / 30.66GiB,0.32%,0B / 0B,119kB / 4.56MB,36
2026-07-31 12:29:40,mapir-ffmpeg,157.00%,526.7MiB / 30.66GiB,1.68%,0B / 0B,0B / 1.42MB,40
2026-07-31 12:29:40,domain_bridge,15.26%,77.37MiB / 30.66GiB,0.25%,0B / 0B,385kB / 5.15MB,28
2026-07-31 12:29:40,nav2,16.88%,138.6MiB / 30.66GiB,0.44%,0B / 0B,20.5kB / 1.87MB,94
2026-07-31 12:29:43,trav_ros2,102.97%,166.1MiB / 30.66GiB,0.53%,0B / 0B,0B / 2.52MB,44
2026-07-31 12:29:43,docker-recorder-run-a563b0293c6b,126.77%,1.007GiB / 30.66GiB,3.28%,0B / 0B,135kB / 67GB,19
2026-07-31 12:29:43,glim,178.95%,439.7MiB / 30.66GiB,1.40%,0B / 0B,111kB / 11.7MB,35
2026-07-31 12:29:43,scovox,145.23%,1.361GiB / 30.66GiB,4.44%,0B / 0B,8.19kB / 3.83MB,53
2026-07-31 12:29:43,ouster,9.89%,121.1MiB / 30.66GiB,0.39%,0B / 0B,0B / 2.88MB,30
2026-07-31 12:29:43,openzen,4.19%,33.98MiB / 30.66GiB,0.11%,0B / 0B,0B / 2.15MB,20
2026-07-31 12:29:43,realsense,49.01%,106.2MiB / 30.66GiB,0.34%,0B / 0B,119kB / 4.56MB,36
2026-07-31 12:29:43,mapir-ffmpeg,163.36%,543.9MiB / 30.66GiB,1.73%,0B / 0B,0B / 1.42MB,40
2026-07-31 12:29:43,domain_bridge,3.86%,76.95MiB / 30.66GiB,0.25%,0B / 0B,385kB / 5.15MB,28
2026-07-31 12:29:43,nav2,16.79%,138.9MiB / 30.66GiB,0.44%,0B / 0B,20.5kB / 1.87MB,94
2026-07-31 12:29:46,trav_ros2,102.92%,167.8MiB / 30.66GiB,0.53%,0B / 0B,0B / 2.6MB,44
2026-07-31 12:29:46,docker-recorder-run-a563b0293c6b,85.82%,949.2MiB / 30.66GiB,3.02%,0B / 0B,135kB / 68GB,19
2026-07-31 12:29:46,glim,195.52%,441MiB / 30.66GiB,1.40%,0B / 0B,111kB / 11.7MB,35
2026-07-31 12:29:46,scovox,209.88%,1.564GiB / 30.66GiB,5.10%,0B / 0B,8.19kB / 3.83MB,53
2026-07-31 12:29:46,ouster,9.54%,121.2MiB / 30.66GiB,0.39%,0B / 0B,0B / 2.88MB,30
2026-07-31 12:29:46,openzen,4.04%,34.46MiB / 30.66GiB,0.11%,0B / 0B,0B / 2.15MB,20
2026-07-31 12:29:46,realsense,46.48%,101.1MiB / 30.66GiB,0.32%,0B / 0B,119kB / 4.69MB,36
2026-07-31 12:29:46,mapir-ffmpeg,160.68%,527.5MiB / 30.66GiB,1.68%,0B / 0B,0B / 1.42MB,40
2026-07-31 12:29:46,domain_bridge,1.49%,77MiB / 30.66GiB,0.25%,0B / 0B,385kB / 5.15MB,28
2026-07-31 12:29:46,nav2,15.75%,138.5MiB / 30.66GiB,0.44%,0B / 0B,20.5kB / 1.87MB,94
2026-07-31 12:29:49,trav_ros2,102.87%,168.3MiB / 30.66GiB,0.54%,0B / 0B,0B / 2.6MB,44
2026-07-31 12:29:49,docker-recorder-run-a563b0293c6b,125.01%,984.5MiB / 30.66GiB,3.14%,0B / 0B,135kB / 68.4GB,19
2026-07-31 12:29:49,glim,122.11%,441.1MiB / 30.66GiB,1.40%,0B / 0B,111kB / 11.7MB,35
2026-07-31 12:29:49,scovox,153.29%,1.346GiB / 30.66GiB,4.39%,0B / 0B,8.19kB / 3.83MB,53
2026-07-31 12:29:49,ouster,9.89%,120.9MiB / 30.66GiB,0.39%,0B / 0B,0B / 2.88MB,30
2026-07-31 12:29:49,openzen,3.96%,33.97MiB / 30.66GiB,0.11%,0B / 0B,0B / 2.15MB,20
2026-07-31 12:29:49,realsense,45.86%,101.3MiB / 30.66GiB,0.32%,0B / 0B,119kB / 4.69MB,36
2026-07-31 12:29:49,mapir-ffmpeg,129.10%,493.4MiB / 30.66GiB,1.57%,0B / 0B,0B / 1.42MB,40
2026-07-31 12:29:49,domain_bridge,1.85%,76.57MiB / 30.66GiB,0.24%,0B / 0B,385kB / 5.15MB,28
2026-07-31 12:29:49,nav2,8.73%,140.4MiB / 30.66GiB,0.45%,0B / 0B,20.5kB / 1.87MB,92
2026-07-31 12:29:52,trav_ros2,102.64%,165.3MiB / 30.66GiB,0.53%,0B / 0B,0B / 2.6MB,44
2026-07-31 12:29:52,docker-recorder-run-a563b0293c6b,78.90%,947.6MiB / 30.66GiB,3.02%,0B / 0B,135kB / 69.4GB,19
2026-07-31 12:29:52,glim,155.50%,442.1MiB / 30.66GiB,1.41%,0B / 0B,111kB / 11.7MB,35
2026-07-31 12:29:52,scovox,209.24%,1.591GiB / 30.66GiB,5.19%,0B / 0B,8.19kB / 3.83MB,53
2026-07-31 12:29:52,ouster,9.35%,121MiB / 30.66GiB,0.39%,0B / 0B,0B / 2.88MB,30
2026-07-31 12:29:52,openzen,3.89%,33.72MiB / 30.66GiB,0.11%,0B / 0B,0B / 2.15MB,20
2026-07-31 12:29:52,realsense,45.56%,100.1MiB / 30.66GiB,0.32%,0B / 0B,119kB / 4.69MB,36
2026-07-31 12:29:52,mapir-ffmpeg,143.46%,495.3MiB / 30.66GiB,1.58%,0B / 0B,0B / 1.42MB,40
2026-07-31 12:29:52,domain_bridge,0.99%,76.76MiB / 30.66GiB,0.24%,0B / 0B,385kB / 5.15MB,28
2026-07-31 12:29:52,nav2,16.00%,139.3MiB / 30.66GiB,0.44%,0B / 0B,20.5kB / 1.87MB,94
2026-07-31 12:29:56,trav_ros2,101.34%,176.8MiB / 30.66GiB,0.56%,0B / 0B,0B / 2.6MB,44
2026-07-31 12:29:56,docker-recorder-run-a563b0293c6b,148.09%,1.133GiB / 30.66GiB,3.70%,0B / 0B,135kB / 69.4GB,19
2026-07-31 12:29:56,glim,174.06%,442.1MiB / 30.66GiB,1.41%,0B / 0B,111kB / 11.7MB,35
2026-07-31 12:29:56,scovox,113.83%,1.344GiB / 30.66GiB,4.38%,0B / 0B,8.19kB / 3.83MB,53
2026-07-31 12:29:56,ouster,9.34%,120.9MiB / 30.66GiB,0.38%,0B / 0B,0B / 2.88MB,30
2026-07-31 12:29:56,openzen,3.99%,33.96MiB / 30.66GiB,0.11%,0B / 0B,0B / 2.15MB,20
2026-07-31 12:29:56,realsense,47.71%,100.4MiB / 30.66GiB,0.32%,0B / 0B,119kB / 4.69MB,36
2026-07-31 12:29:56,mapir-ffmpeg,161.73%,508.2MiB / 30.66GiB,1.62%,0B / 0B,0B / 1.42MB,40
2026-07-31 12:29:56,domain_bridge,1.95%,76.61MiB / 30.66GiB,0.24%,0B / 0B,385kB / 5.15MB,28
2026-07-31 12:29:56,nav2,17.26%,139.4MiB / 30.66GiB,0.44%,0B / 0B,20.5kB / 1.87MB,94
2026-07-31 12:29:59,trav_ros2,101.90%,169.1MiB / 30.66GiB,0.54%,0B / 0B,0B / 2.6MB,44
2026-07-31 12:29:59,docker-recorder-run-a563b0293c6b,87.75%,951.2MiB / 30.66GiB,3.03%,0B / 0B,135kB / 70.4GB,19
2026-07-31 12:29:59,glim,195.41%,443.1MiB / 30.66GiB,1.41%,0B / 0B,111kB / 11.7MB,35
2026-07-31 12:29:59,scovox,207.15%,1.63GiB / 30.66GiB,5.31%,0B / 0B,8.19kB / 3.83MB,53
2026-07-31 12:29:59,ouster,9.84%,121.7MiB / 30.66GiB,0.39%,0B / 0B,0B / 2.88MB,30
2026-07-31 12:29:59,openzen,4.16%,33.96MiB / 30.66GiB,0.11%,0B / 0B,0B / 2.15MB,20
2026-07-31 12:29:59,realsense,47.50%,100.3MiB / 30.66GiB,0.32%,0B / 0B,119kB / 4.69MB,36
2026-07-31 12:29:59,mapir-ffmpeg,167.12%,554.7MiB / 30.66GiB,1.77%,0B / 0B,0B / 1.42MB,40
2026-07-31 12:29:59,domain_bridge,0.70%,76.15MiB / 30.66GiB,0.24%,0B / 0B,385kB / 5.15MB,28
2026-07-31 12:29:59,nav2,16.63%,139.7MiB / 30.66GiB,0.44%,0B / 0B,20.5kB / 1.87MB,94
2026-07-31 12:30:02,trav_ros2,101.46%,170.6MiB / 30.66GiB,0.54%,0B / 0B,0B / 2.6MB,44
2026-07-31 12:30:02,docker-recorder-run-a563b0293c6b,161.91%,945.7MiB / 30.66GiB,3.01%,0B / 0B,135kB / 70.5GB,19
2026-07-31 12:30:02,glim,191.51%,448.1MiB / 30.66GiB,1.43%,0B / 0B,111kB / 11.7MB,35
2026-07-31 12:30:02,scovox,120.88%,1.469GiB / 30.66GiB,4.79%,0B / 0B,8.19kB / 3.83MB,53
2026-07-31 12:30:02,ouster,9.50%,120.7MiB / 30.66GiB,0.38%,0B / 0B,0B / 2.88MB,30
2026-07-31 12:30:02,openzen,3.98%,33.72MiB / 30.66GiB,0.11%,0B / 0B,0B / 2.15MB,20
2026-07-31 12:30:02,realsense,49.87%,106.7MiB / 30.66GiB,0.34%,0B / 0B,119kB / 4.69MB,36
2026-07-31 12:30:02,mapir-ffmpeg,170.84%,527.3MiB / 30.66GiB,1.68%,0B / 0B,0B / 1.42MB,40
2026-07-31 12:30:02,domain_bridge,0.41%,76.88MiB / 30.66GiB,0.24%,0B / 0B,385kB / 5.15MB,28
2026-07-31 12:30:02,nav2,16.55%,139.3MiB / 30.66GiB,0.44%,0B / 0B,20.5kB / 1.87MB,94
2026-07-31 12:30:05,trav_ros2,101.89%,174.7MiB / 30.66GiB,0.56%,0B / 0B,0B / 2.6MB,44
2026-07-31 12:30:05,docker-recorder-run-a563b0293c6b,87.01%,949MiB / 30.66GiB,3.02%,0B / 0B,135kB / 71.2GB,19
2026-07-31 12:30:05,glim,188.10%,448.3MiB / 30.66GiB,1.43%,0B / 0B,111kB / 11.7MB,35
2026-07-31 12:30:05,scovox,207.89%,1.591GiB / 30.66GiB,5.19%,0B / 0B,8.19kB / 3.83MB,53
2026-07-31 12:30:05,ouster,9.25%,120.8MiB / 30.66GiB,0.38%,0B / 0B,0B / 2.88MB,30
2026-07-31 12:30:05,openzen,3.90%,33.72MiB / 30.66GiB,0.11%,0B / 0B,0B / 2.15MB,20
2026-07-31 12:30:05,realsense,45.92%,99.79MiB / 30.66GiB,0.32%,0B / 0B,119kB / 4.69MB,36
2026-07-31 12:30:05,mapir-ffmpeg,163.26%,521.6MiB / 30.66GiB,1.66%,0B / 0B,0B / 1.43MB,40
2026-07-31 12:30:05,domain_bridge,0.81%,76.43MiB / 30.66GiB,0.24%,0B / 0B,385kB / 5.18MB,28
2026-07-31 12:30:05,nav2,16.24%,139.8MiB / 30.66GiB,0.45%,0B / 0B,20.5kB / 1.87MB,94
2026-07-31 12:30:08,trav_ros2,75.77%,171.5MiB / 30.66GiB,0.55%,0B / 0B,0B / 2.66MB,44
2026-07-31 12:30:08,docker-recorder-run-a563b0293c6b,151.73%,949.8MiB / 30.66GiB,3.02%,0B / 0B,135kB / 72.2GB,19
2026-07-31 12:30:08,glim,196.45%,447.4MiB / 30.66GiB,1.42%,0B / 0B,111kB / 11.7MB,35
2026-07-31 12:30:08,scovox,166.70%,1.598GiB / 30.66GiB,5.21%,0B / 0B,8.19kB / 3.85MB,53
2026-07-31 12:30:08,ouster,9.62%,121MiB / 30.66GiB,0.39%,0B / 0B,0B / 2.88MB,30
2026-07-31 12:30:08,openzen,4.01%,33.72MiB / 30.66GiB,0.11%,0B / 0B,0B / 2.15MB,20
2026-07-31 12:30:08,realsense,49.89%,101.6MiB / 30.66GiB,0.32%,0B / 0B,119kB / 4.69MB,36
2026-07-31 12:30:08,mapir-ffmpeg,158.46%,520.7MiB / 30.66GiB,1.66%,0B / 0B,0B / 1.43MB,40
2026-07-31 12:30:08,domain_bridge,1.53%,76.58MiB / 30.66GiB,0.24%,0B / 0B,385kB / 5.18MB,28
2026-07-31 12:30:08,nav2,16.99%,139.6MiB / 30.66GiB,0.44%,0B / 0B,20.5kB / 1.87MB,92
2026-07-31 12:30:11,trav_ros2,74.50%,170.2MiB / 30.66GiB,0.54%,0B / 0B,0B / 2.66MB,44
2026-07-31 12:30:11,docker-recorder-run-a563b0293c6b,72.71%,953.1MiB / 30.66GiB,3.04%,0B / 0B,135kB / 72.7GB,19
2026-07-31 12:30:11,glim,137.06%,478MiB / 30.66GiB,1.52%,0B / 0B,111kB / 11.7MB,35
2026-07-31 12:30:11,scovox,169.15%,1.648GiB / 30.66GiB,5.37%,0B / 0B,8.19kB / 3.85MB,53
2026-07-31 12:30:11,ouster,9.04%,120.7MiB / 30.66GiB,0.38%,0B / 0B,0B / 2.88MB,30
2026-07-31 12:30:11,openzen,3.49%,33.97MiB / 30.66GiB,0.11%,0B / 0B,0B / 2.15MB,20
2026-07-31 12:30:11,realsense,43.03%,100.4MiB / 30.66GiB,0.32%,0B / 0B,119kB / 4.69MB,36
2026-07-31 12:30:11,mapir-ffmpeg,113.87%,488.4MiB / 30.66GiB,1.56%,0B / 0B,0B / 1.43MB,40
2026-07-31 12:30:11,domain_bridge,0.72%,77.25MiB / 30.66GiB,0.25%,0B / 0B,385kB / 5.18MB,28
2026-07-31 12:30:11,nav2,7.24%,139.4MiB / 30.66GiB,0.44%,0B / 0B,20.5kB / 1.93MB,92
2026-07-31 12:30:14,trav_ros2,70.69%,169.6MiB / 30.66GiB,0.54%,0B / 0B,0B / 2.66MB,44
2026-07-31 12:30:14,docker-recorder-run-a563b0293c6b,110.65%,956.6MiB / 30.66GiB,3.05%,0B / 0B,135kB / 73.2GB,19
2026-07-31 12:30:14,glim,138.89%,491.9MiB / 30.66GiB,1.57%,0B / 0B,111kB / 11.7MB,35
2026-07-31 12:30:14,scovox,171.72%,1.594GiB / 30.66GiB,5.20%,0B / 0B,8.19kB / 3.85MB,53
2026-07-31 12:30:14,ouster,9.90%,120.7MiB / 30.66GiB,0.38%,0B / 0B,0B / 2.88MB,30
2026-07-31 12:30:14,openzen,3.72%,34.21MiB / 30.66GiB,0.11%,0B / 0B,0B / 2.15MB,20
2026-07-31 12:30:14,realsense,46.41%,100.3MiB / 30.66GiB,0.32%,0B / 0B,119kB / 4.69MB,36
2026-07-31 12:30:14,mapir-ffmpeg,117.90%,488.6MiB / 30.66GiB,1.56%,0B / 0B,0B / 1.43MB,40
2026-07-31 12:30:14,domain_bridge,0.70%,76.45MiB / 30.66GiB,0.24%,0B / 0B,385kB / 5.18MB,28
2026-07-31 12:30:14,nav2,7.79%,139.7MiB / 30.66GiB,0.44%,0B / 0B,20.5kB / 1.93MB,92
2026-07-31 12:30:17,trav_ros2,72.40%,171.3MiB / 30.66GiB,0.55%,0B / 0B,0B / 2.66MB,44
2026-07-31 12:30:17,docker-recorder-run-a563b0293c6b,71.96%,858.8MiB / 30.66GiB,2.74%,0B / 0B,135kB / 73.7GB,19
2026-07-31 12:30:17,glim,127.18%,500.6MiB / 30.66GiB,1.59%,0B / 0B,111kB / 11.7MB,35
2026-07-31 12:30:17,scovox,209.97%,1.641GiB / 30.66GiB,5.35%,0B / 0B,8.19kB / 3.85MB,53
2026-07-31 12:30:17,ouster,9.16%,121MiB / 30.66GiB,0.39%,0B / 0B,0B / 2.88MB,30
2026-07-31 12:30:17,openzen,3.80%,33.74MiB / 30.66GiB,0.11%,0B / 0B,0B / 2.15MB,20
2026-07-31 12:30:17,realsense,45.61%,105.9MiB / 30.66GiB,0.34%,0B / 0B,119kB / 4.82MB,36
2026-07-31 12:30:17,mapir-ffmpeg,116.83%,488.1MiB / 30.66GiB,1.55%,0B / 0B,0B / 1.43MB,40
2026-07-31 12:30:17,domain_bridge,0.46%,77.56MiB / 30.66GiB,0.25%,0B / 0B,385kB / 5.18MB,28
2026-07-31 12:30:17,nav2,7.42%,139.7MiB / 30.66GiB,0.44%,0B / 0B,20.5kB / 1.93MB,92
2026-07-31 12:30:21,trav_ros2,71.24%,171.2MiB / 30.66GiB,0.55%,0B / 0B,0B / 2.66MB,44
2026-07-31 12:30:21,docker-recorder-run-a563b0293c6b,99.21%,950.5MiB / 30.66GiB,3.03%,0B / 0B,135kB / 74.2GB,19
2026-07-31 12:30:21,glim,118.86%,500.4MiB / 30.66GiB,1.59%,0B / 0B,111kB / 11.7MB,35
2026-07-31 12:30:21,scovox,196.39%,1.551GiB / 30.66GiB,5.06%,0B / 0B,8.19kB / 3.85MB,53
2026-07-31 12:30:21,ouster,9.11%,120.9MiB / 30.66GiB,0.39%,0B / 0B,0B / 2.88MB,30
2026-07-31 12:30:21,openzen,3.64%,33.75MiB / 30.66GiB,0.11%,0B / 0B,0B / 2.15MB,20
2026-07-31 12:30:21,realsense,44.17%,99.96MiB / 30.66GiB,0.32%,0B / 0B,119kB / 4.82MB,36
2026-07-31 12:30:21,mapir-ffmpeg,117.41%,488.1MiB / 30.66GiB,1.55%,0B / 0B,0B / 1.43MB,40
2026-07-31 12:30:21,domain_bridge,1.27%,77MiB / 30.66GiB,0.25%,0B / 0B,385kB / 5.18MB,28
2026-07-31 12:30:21,nav2,6.98%,140MiB / 30.66GiB,0.45%,0B / 0B,20.5kB / 1.93MB,92
2026-07-31 12:30:24,trav_ros2,69.44%,171.5MiB / 30.66GiB,0.55%,0B / 0B,0B / 2.66MB,44
2026-07-31 12:30:24,docker-recorder-run-a563b0293c6b,102.02%,1010MiB / 30.66GiB,3.22%,0B / 0B,135kB / 75.1GB,19
2026-07-31 12:30:24,glim,112.65%,502.2MiB / 30.66GiB,1.60%,0B / 0B,111kB / 11.7MB,35
2026-07-31 12:30:24,scovox,188.83%,1.392GiB / 30.66GiB,4.54%,0B / 0B,8.19kB / 3.85MB,53
2026-07-31 12:30:24,ouster,9.69%,120.9MiB / 30.66GiB,0.38%,0B / 0B,0B / 2.88MB,30
2026-07-31 12:30:24,openzen,3.84%,34.29MiB / 30.66GiB,0.11%,0B / 0B,0B / 2.15MB,20
2026-07-31 12:30:24,realsense,45.79%,103MiB / 30.66GiB,0.33%,0B / 0B,119kB / 4.82MB,36
2026-07-31 12:30:24,mapir-ffmpeg,116.35%,488.6MiB / 30.66GiB,1.56%,0B / 0B,0B / 1.43MB,40
2026-07-31 12:30:24,domain_bridge,1.23%,76.82MiB / 30.66GiB,0.24%,0B / 0B,385kB / 5.18MB,28
2026-07-31 12:30:24,nav2,7.66%,139.9MiB / 30.66GiB,0.45%,0B / 0B,20.5kB / 1.93MB,92
2026-07-31 12:30:27,trav_ros2,69.41%,170.6MiB / 30.66GiB,0.54%,0B / 0B,0B / 2.66MB,44
2026-07-31 12:30:27,docker-recorder-run-a563b0293c6b,83.62%,952MiB / 30.66GiB,3.03%,0B / 0B,135kB / 75.1GB,19
2026-07-31 12:30:27,glim,110.29%,502.7MiB / 30.66GiB,1.60%,0B / 0B,111kB / 11.7MB,35
2026-07-31 12:30:27,scovox,206.36%,1.668GiB / 30.66GiB,5.44%,0B / 0B,8.19kB / 3.85MB,53
2026-07-31 12:30:27,ouster,9.51%,121.3MiB / 30.66GiB,0.39%,0B / 0B,0B / 2.88MB,30
2026-07-31 12:30:27,openzen,3.99%,33.84MiB / 30.66GiB,0.11%,0B / 0B,0B / 2.15MB,20
2026-07-31 12:30:27,realsense,43.71%,100.3MiB / 30.66GiB,0.32%,0B / 0B,119kB / 4.82MB,36
2026-07-31 12:30:27,mapir-ffmpeg,119.72%,488.4MiB / 30.66GiB,1.56%,0B / 0B,0B / 1.43MB,40
2026-07-31 12:30:27,domain_bridge,0.71%,77.03MiB / 30.66GiB,0.25%,0B / 0B,385kB / 5.18MB,28
2026-07-31 12:30:27,nav2,6.73%,139.8MiB / 30.66GiB,0.45%,0B / 0B,20.5kB / 1.93MB,92
2026-07-31 12:30:30,trav_ros2,70.15%,170.2MiB / 30.66GiB,0.54%,0B / 0B,0B / 2.66MB,44
2026-07-31 12:30:30,docker-recorder-run-a563b0293c6b,71.63%,1015MiB / 30.66GiB,3.23%,0B / 0B,135kB / 75.6GB,19
2026-07-31 12:30:30,glim,110.24%,506.8MiB / 30.66GiB,1.61%,0B / 0B,111kB / 11.7MB,35
2026-07-31 12:30:30,scovox,212.62%,1.397GiB / 30.66GiB,4.56%,0B / 0B,8.19kB / 3.85MB,53
2026-07-31 12:30:30,ouster,10.18%,120.9MiB / 30.66GiB,0.39%,0B / 0B,0B / 2.88MB,30
2026-07-31 12:30:30,openzen,3.99%,34.37MiB / 30.66GiB,0.11%,0B / 0B,0B / 2.15MB,20
2026-07-31 12:30:30,realsense,45.24%,99.96MiB / 30.66GiB,0.32%,0B / 0B,119kB / 4.82MB,36
2026-07-31 12:30:30,mapir-ffmpeg,115.16%,488.9MiB / 30.66GiB,1.56%,0B / 0B,0B / 1.44MB,40
2026-07-31 12:30:30,domain_bridge,1.09%,77.18MiB / 30.66GiB,0.25%,0B / 0B,385kB / 5.18MB,28
2026-07-31 12:30:30,nav2,8.19%,141.3MiB / 30.66GiB,0.45%,0B / 0B,20.5kB / 1.93MB,92
2026-07-31 12:30:33,trav_ros2,70.11%,170.6MiB / 30.66GiB,0.54%,0B / 0B,0B / 2.66MB,44
2026-07-31 12:30:33,docker-recorder-run-a563b0293c6b,65.28%,1024MiB / 30.66GiB,3.26%,0B / 0B,135kB / 77GB,19
2026-07-31 12:30:33,glim,105.22%,511MiB / 30.66GiB,1.63%,0B / 0B,111kB / 11.7MB,35
2026-07-31 12:30:33,scovox,206.67%,1.588GiB / 30.66GiB,5.18%,0B / 0B,8.19kB / 3.85MB,53
2026-07-31 12:30:33,ouster,9.35%,121MiB / 30.66GiB,0.39%,0B / 0B,0B / 2.88MB,30
2026-07-31 12:30:33,openzen,3.70%,33.9MiB / 30.66GiB,0.11%,0B / 0B,0B / 2.15MB,20
2026-07-31 12:30:33,realsense,43.84%,100.2MiB / 30.66GiB,0.32%,0B / 0B,119kB / 4.82MB,36
2026-07-31 12:30:33,mapir-ffmpeg,117.21%,488.2MiB / 30.66GiB,1.55%,0B / 0B,0B / 1.44MB,40
2026-07-31 12:30:33,domain_bridge,0.80%,77.68MiB / 30.66GiB,0.25%,0B / 0B,385kB / 5.18MB,28
2026-07-31 12:30:33,nav2,6.85%,141.7MiB / 30.66GiB,0.45%,0B / 0B,20.5kB / 1.93MB,92
2026-07-31 12:30:36,trav_ros2,79.15%,170.4MiB / 30.66GiB,0.54%,0B / 0B,0B / 2.74MB,44
2026-07-31 12:30:36,docker-recorder-run-a563b0293c6b,162.15%,1.09GiB / 30.66GiB,3.56%,0B / 0B,135kB / 77GB,19
2026-07-31 12:30:36,glim,151.54%,510.3MiB / 30.66GiB,1.63%,0B / 0B,111kB / 11.7MB,35
2026-07-31 12:30:36,scovox,135.11%,1.574GiB / 30.66GiB,5.13%,0B / 0B,8.19kB / 3.85MB,53
2026-07-31 12:30:36,ouster,9.71%,121.1MiB / 30.66GiB,0.39%,0B / 0B,0B / 2.88MB,30
2026-07-31 12:30:36,openzen,4.05%,33.91MiB / 30.66GiB,0.11%,0B / 0B,0B / 2.15MB,20
2026-07-31 12:30:36,realsense,48.05%,100.4MiB / 30.66GiB,0.32%,0B / 0B,119kB / 4.82MB,36
2026-07-31 12:30:36,mapir-ffmpeg,155.72%,502.4MiB / 30.66GiB,1.60%,0B / 0B,0B / 1.44MB,40
2026-07-31 12:30:36,domain_bridge,2.06%,77.29MiB / 30.66GiB,0.25%,0B / 0B,385kB / 5.18MB,28
2026-07-31 12:30:36,nav2,16.79%,141.2MiB / 30.66GiB,0.45%,0B / 0B,20.5kB / 1.93MB,94
2026-07-31 12:30:39,trav_ros2,77.58%,170.6MiB / 30.66GiB,0.54%,0B / 0B,0B / 2.74MB,44
2026-07-31 12:30:39,docker-recorder-run-a563b0293c6b,117.82%,1.036GiB / 30.66GiB,3.38%,0B / 0B,135kB / 77.9GB,19
2026-07-31 12:30:39,glim,148.49%,510.1MiB / 30.66GiB,1.62%,0B / 0B,111kB / 11.7MB,35
2026-07-31 12:30:39,scovox,183.40%,1.367GiB / 30.66GiB,4.46%,0B / 0B,8.19kB / 3.85MB,53
2026-07-31 12:30:39,ouster,10.25%,121.6MiB / 30.66GiB,0.39%,0B / 0B,0B / 2.88MB,30
2026-07-31 12:30:39,openzen,4.34%,34.45MiB / 30.66GiB,0.11%,0B / 0B,0B / 2.15MB,20
2026-07-31 12:30:39,realsense,47.80%,100MiB / 30.66GiB,0.32%,0B / 0B,119kB / 4.82MB,36
2026-07-31 12:30:39,mapir-ffmpeg,157.32%,498.4MiB / 30.66GiB,1.59%,0B / 0B,0B / 1.44MB,40
2026-07-31 12:30:39,domain_bridge,1.24%,77.1MiB / 30.66GiB,0.25%,0B / 0B,385kB / 5.18MB,28
2026-07-31 12:30:39,nav2,16.62%,141.6MiB / 30.66GiB,0.45%,0B / 0B,20.5kB / 1.93MB,94
2026-07-31 12:30:42,trav_ros2,68.48%,170.6MiB / 30.66GiB,0.54%,0B / 0B,0B / 2.74MB,44
2026-07-31 12:30:42,docker-recorder-run-a563b0293c6b,79.20%,1017MiB / 30.66GiB,3.24%,0B / 0B,135kB / 78.4GB,19
2026-07-31 12:30:42,glim,126.61%,510.2MiB / 30.66GiB,1.62%,0B / 0B,111kB / 11.7MB,35
2026-07-31 12:30:42,scovox,207.44%,1.631GiB / 30.66GiB,5.32%,0B / 0B,8.19kB / 3.87MB,53
2026-07-31 12:30:42,ouster,9.51%,121.5MiB / 30.66GiB,0.39%,0B / 0B,0B / 2.88MB,30
2026-07-31 12:30:42,openzen,3.84%,34.47MiB / 30.66GiB,0.11%,0B / 0B,0B / 2.15MB,20
2026-07-31 12:30:42,realsense,47.19%,105.7MiB / 30.66GiB,0.34%,0B / 0B,119kB / 4.82MB,36
2026-07-31 12:30:42,mapir-ffmpeg,139.37%,509.1MiB / 30.66GiB,1.62%,0B / 0B,0B / 1.44MB,40
2026-07-31 12:30:42,domain_bridge,0.80%,76.85MiB / 30.66GiB,0.24%,0B / 0B,385kB / 5.18MB,28
2026-07-31 12:30:42,nav2,7.52%,140.4MiB / 30.66GiB,0.45%,0B / 0B,20.5kB / 1.99MB,92
2026-07-31 12:30:45,trav_ros2,68.67%,171.6MiB / 30.66GiB,0.55%,0B / 0B,0B / 2.74MB,44
2026-07-31 12:30:45,docker-recorder-run-a563b0293c6b,149.48%,899.6MiB / 30.66GiB,2.86%,0B / 0B,135kB / 78.9GB,19
2026-07-31 12:30:45,glim,105.23%,510.7MiB / 30.66GiB,1.63%,0B / 0B,111kB / 11.7MB,35
2026-07-31 12:30:45,scovox,209.00%,1.623GiB / 30.66GiB,5.29%,0B / 0B,8.19kB / 3.87MB,53
2026-07-31 12:30:45,ouster,9.87%,121MiB / 30.66GiB,0.39%,0B / 0B,0B / 2.88MB,30
2026-07-31 12:30:45,openzen,3.83%,34.24MiB / 30.66GiB,0.11%,0B / 0B,0B / 2.15MB,20
2026-07-31 12:30:45,realsense,48.22%,99.9MiB / 30.66GiB,0.32%,0B / 0B,119kB / 4.82MB,36
2026-07-31 12:30:45,mapir-ffmpeg,129.29%,495MiB / 30.66GiB,1.58%,0B / 0B,0B / 1.44MB,40
2026-07-31 12:30:45,domain_bridge,1.68%,76.9MiB / 30.66GiB,0.24%,0B / 0B,385kB / 5.18MB,28
2026-07-31 12:30:45,nav2,7.52%,141.1MiB / 30.66GiB,0.45%,0B / 0B,20.5kB / 1.99MB,92
2026-07-31 12:30:48,trav_ros2,70.46%,176.6MiB / 30.66GiB,0.56%,0B / 0B,0B / 2.74MB,44
2026-07-31 12:30:48,docker-recorder-run-a563b0293c6b,157.34%,1.154GiB / 30.66GiB,3.76%,0B / 0B,139kB / 79.1GB,19
2026-07-31 12:30:48,glim,160.53%,510.6MiB / 30.66GiB,1.63%,0B / 0B,111kB / 11.7MB,35
2026-07-31 12:30:48,scovox,154.52%,1.694GiB / 30.66GiB,5.53%,0B / 0B,8.19kB / 3.87MB,53
2026-07-31 12:30:48,ouster,9.71%,121.3MiB / 30.66GiB,0.39%,0B / 0B,0B / 2.88MB,30
2026-07-31 12:30:48,openzen,4.21%,34.06MiB / 30.66GiB,0.11%,0B / 0B,0B / 2.15MB,20
2026-07-31 12:30:48,realsense,48.06%,100.3MiB / 30.66GiB,0.32%,0B / 0B,119kB / 4.95MB,36
2026-07-31 12:30:48,mapir-ffmpeg,169.31%,480.8MiB / 30.66GiB,1.53%,0B / 0B,0B / 1.44MB,40
2026-07-31 12:30:48,domain_bridge,1.17%,77.1MiB / 30.66GiB,0.25%,0B / 0B,385kB / 5.18MB,28
2026-07-31 12:30:48,nav2,17.64%,141MiB / 30.66GiB,0.45%,0B / 0B,20.5kB / 1.99MB,94
2026-07-31 12:30:51,trav_ros2,76.62%,172.3MiB / 30.66GiB,0.55%,0B / 0B,0B / 2.74MB,44
2026-07-31 12:30:51,docker-recorder-run-a563b0293c6b,95.51%,1019MiB / 30.66GiB,3.25%,0B / 0B,139kB / 79.8GB,19
2026-07-31 12:30:51,glim,163.68%,511.1MiB / 30.66GiB,1.63%,0B / 0B,111kB / 11.7MB,35
2026-07-31 12:30:51,scovox,203.37%,1.381GiB / 30.66GiB,4.51%,0B / 0B,8.19kB / 3.87MB,53
2026-07-31 12:30:51,ouster,9.55%,121MiB / 30.66GiB,0.39%,0B / 0B,0B / 2.88MB,30
2026-07-31 12:30:51,openzen,4.14%,34.31MiB / 30.66GiB,0.11%,0B / 0B,0B / 2.15MB,20
2026-07-31 12:30:51,realsense,48.72%,100.2MiB / 30.66GiB,0.32%,0B / 0B,119kB / 4.95MB,36
2026-07-31 12:30:51,mapir-ffmpeg,160.42%,495.2MiB / 30.66GiB,1.58%,0B / 0B,0B / 1.44MB,40
2026-07-31 12:30:51,domain_bridge,1.53%,76.72MiB / 30.66GiB,0.24%,0B / 0B,385kB / 5.18MB,28
2026-07-31 12:30:51,nav2,16.48%,140.7MiB / 30.66GiB,0.45%,0B / 0B,20.5kB / 1.99MB,94
2026-07-31 12:30:54,trav_ros2,95.92%,173.4MiB / 30.66GiB,0.55%,0B / 0B,0B / 2.74MB,44
2026-07-31 12:30:54,docker-recorder-run-a563b0293c6b,102.68%,1.047GiB / 30.66GiB,3.42%,0B / 0B,139kB / 80.4GB,19
2026-07-31 12:30:54,glim,176.17%,511.4MiB / 30.66GiB,1.63%,0B / 0B,111kB / 11.7MB,35
2026-07-31 12:30:54,scovox,109.64%,1.623GiB / 30.66GiB,5.29%,0B / 0B,8.19kB / 3.87MB,53
2026-07-31 12:30:54,ouster,9.59%,121.9MiB / 30.66GiB,0.39%,0B / 0B,0B / 2.88MB,30
2026-07-31 12:30:54,openzen,4.07%,34.11MiB / 30.66GiB,0.11%,0B / 0B,0B / 2.15MB,20
2026-07-31 12:30:54,realsense,48.03%,100.8MiB / 30.66GiB,0.32%,0B / 0B,119kB / 4.95MB,36
2026-07-31 12:30:54,mapir-ffmpeg,164.02%,551.7MiB / 30.66GiB,1.76%,0B / 0B,0B / 1.44MB,40
2026-07-31 12:30:54,domain_bridge,1.29%,76.67MiB / 30.66GiB,0.24%,0B / 0B,385kB / 5.18MB,28
2026-07-31 12:30:54,nav2,17.83%,141.1MiB / 30.66GiB,0.45%,0B / 0B,20.5kB / 1.99MB,94
2026-07-31 12:30:57,trav_ros2,101.74%,173.5MiB / 30.66GiB,0.55%,0B / 0B,0B / 2.74MB,44
2026-07-31 12:30:57,docker-recorder-run-a563b0293c6b,121.77%,1.202GiB / 30.66GiB,3.92%,0B / 0B,139kB / 81.1GB,19
2026-07-31 12:30:57,glim,189.10%,516.4MiB / 30.66GiB,1.64%,0B / 0B,111kB / 11.7MB,35
2026-07-31 12:30:57,scovox,227.94%,1.623GiB / 30.66GiB,5.29%,0B / 0B,8.19kB / 3.87MB,53
2026-07-31 12:30:57,ouster,8.87%,121.5MiB / 30.66GiB,0.39%,0B / 0B,0B / 2.88MB,30
2026-07-31 12:30:57,openzen,4.18%,34.14MiB / 30.66GiB,0.11%,0B / 0B,0B / 2.15MB,20
2026-07-31 12:30:57,realsense,49.56%,100.4MiB / 30.66GiB,0.32%,0B / 0B,119kB / 4.95MB,36
2026-07-31 12:30:57,mapir-ffmpeg,165.51%,534.7MiB / 30.66GiB,1.70%,0B / 0B,0B / 1.44MB,40
2026-07-31 12:30:57,domain_bridge,0.54%,76.39MiB / 30.66GiB,0.24%,0B / 0B,385kB / 5.18MB,28
2026-07-31 12:30:57,nav2,17.51%,141.5MiB / 30.66GiB,0.45%,0B / 0B,20.5kB / 1.99MB,94
2026-07-31 12:31:00,trav_ros2,101.87%,175.6MiB / 30.66GiB,0.56%,0B / 0B,0B / 2.74MB,44
2026-07-31 12:31:00,docker-recorder-run-a563b0293c6b,90.18%,1.041GiB / 30.66GiB,3.40%,0B / 0B,139kB / 82.4GB,19
2026-07-31 12:31:00,glim,147.89%,516.8MiB / 30.66GiB,1.65%,0B / 0B,111kB / 11.7MB,35
2026-07-31 12:31:00,scovox,217.59%,1.433GiB / 30.66GiB,4.67%,0B / 0B,8.19kB / 3.87MB,53
2026-07-31 12:31:00,ouster,9.15%,121.5MiB / 30.66GiB,0.39%,0B / 0B,0B / 2.88MB,30
2026-07-31 12:31:00,openzen,3.81%,34.15MiB / 30.66GiB,0.11%,0B / 0B,0B / 2.15MB,20
2026-07-31 12:31:00,realsense,46.02%,100.2MiB / 30.66GiB,0.32%,0B / 0B,119kB / 4.95MB,36
2026-07-31 12:31:00,mapir-ffmpeg,131.22%,481.2MiB / 30.66GiB,1.53%,0B / 0B,0B / 1.44MB,40
2026-07-31 12:31:00,domain_bridge,1.85%,76.8MiB / 30.66GiB,0.24%,0B / 0B,385kB / 5.18MB,28
2026-07-31 12:31:00,nav2,7.81%,141.4MiB / 30.66GiB,0.45%,0B / 0B,20.5kB / 1.99MB,92
2026-07-31 12:31:03,trav_ros2,101.63%,176MiB / 30.66GiB,0.56%,0B / 0B,0B / 2.74MB,44
2026-07-31 12:31:03,docker-recorder-run-a563b0293c6b,73.47%,1.04GiB / 30.66GiB,3.39%,0B / 0B,139kB / 82.4GB,19
2026-07-31 12:31:03,glim,131.25%,501.9MiB / 30.66GiB,1.60%,0B / 0B,111kB / 11.7MB,35
2026-07-31 12:31:03,scovox,207.19%,1.592GiB / 30.66GiB,5.19%,0B / 0B,8.19kB / 3.87MB,53
2026-07-31 12:31:03,ouster,9.68%,121.4MiB / 30.66GiB,0.39%,0B / 0B,0B / 2.88MB,30
2026-07-31 12:31:03,openzen,3.65%,34.19MiB / 30.66GiB,0.11%,0B / 0B,0B / 2.15MB,20
2026-07-31 12:31:03,realsense,46.61%,100.3MiB / 30.66GiB,0.32%,0B / 0B,119kB / 4.95MB,36
2026-07-31 12:31:03,mapir-ffmpeg,123.59%,495.6MiB / 30.66GiB,1.58%,0B / 0B,0B / 1.45MB,40
2026-07-31 12:31:03,domain_bridge,0.94%,76.28MiB / 30.66GiB,0.24%,0B / 0B,385kB / 5.18MB,28
2026-07-31 12:31:03,nav2,7.50%,142.1MiB / 30.66GiB,0.45%,0B / 0B,20.5kB / 1.99MB,92
2026-07-31 12:31:06,trav_ros2,102.06%,175.6MiB / 30.66GiB,0.56%,0B / 0B,0B / 2.74MB,44
2026-07-31 12:31:06,docker-recorder-run-a563b0293c6b,98.70%,1.048GiB / 30.66GiB,3.42%,0B / 0B,139kB / 83.2GB,19
2026-07-31 12:31:06,glim,196.46%,524.3MiB / 30.66GiB,1.67%,0B / 0B,111kB / 11.7MB,35
2026-07-31 12:31:06,scovox,214.21%,1.435GiB / 30.66GiB,4.68%,0B / 0B,8.19kB / 3.87MB,53
2026-07-31 12:31:06,ouster,9.43%,121.5MiB / 30.66GiB,0.39%,0B / 0B,0B / 2.88MB,30
2026-07-31 12:31:06,openzen,4.10%,34.21MiB / 30.66GiB,0.11%,0B / 0B,0B / 2.15MB,20
2026-07-31 12:31:06,realsense,48.63%,101MiB / 30.66GiB,0.32%,0B / 0B,119kB / 4.95MB,36
2026-07-31 12:31:06,mapir-ffmpeg,169.90%,489.2MiB / 30.66GiB,1.56%,0B / 0B,0B / 1.45MB,40
2026-07-31 12:31:06,domain_bridge,0.52%,76.55MiB / 30.66GiB,0.24%,0B / 0B,385kB / 5.18MB,28
2026-07-31 12:31:06,nav2,7.83%,141.1MiB / 30.66GiB,0.45%,0B / 0B,20.5kB / 1.99MB,92
2026-07-31 12:31:09,trav_ros2,102.62%,176.5MiB / 30.66GiB,0.56%,0B / 0B,0B / 2.83MB,44
2026-07-31 12:31:09,docker-recorder-run-a563b0293c6b,15.85%,634.9MiB / 30.66GiB,2.02%,0B / 0B,446kB / 84.2GB,2
2026-07-31 12:31:09,glim,166.00%,543.8MiB / 30.66GiB,1.73%,0B / 0B,111kB / 11.7MB,35
2026-07-31 12:31:09,scovox,113.82%,1.389GiB / 30.66GiB,4.53%,0B / 0B,8.19kB / 3.89MB,53
2026-07-31 12:31:09,ouster,7.18%,121.7MiB / 30.66GiB,0.39%,0B / 0B,0B / 2.88MB,30
2026-07-31 12:31:09,openzen,2.73%,35.27MiB / 30.66GiB,0.11%,0B / 0B,0B / 2.15MB,20
2026-07-31 12:31:09,realsense,17.15%,100.4MiB / 30.66GiB,0.32%,0B / 0B,119kB / 5.04MB,36
2026-07-31 12:31:09,mapir-ffmpeg,29.52%,481.7MiB / 30.66GiB,1.53%,0B / 0B,0B / 1.46MB,40
2026-07-31 12:31:09,domain_bridge,1.28%,76.39MiB / 30.66GiB,0.24%,0B / 0B,385kB / 5.18MB,28
2026-07-31 12:31:09,nav2,7.79%,142.5MiB / 30.66GiB,0.45%,0B / 0B,20.5kB / 2.04MB,92
2026-07-31 12:31:12,trav_ros2,102.62%,179.2MiB / 30.66GiB,0.57%,0B / 0B,0B / 2.84MB,44
2026-07-31 12:31:12,glim,179.82%,552.3MiB / 30.66GiB,1.76%,0B / 0B,111kB / 11.7MB,35
2026-07-31 12:31:12,scovox,107.37%,1.46GiB / 30.66GiB,4.76%,0B / 0B,8.19kB / 3.9MB,53
2026-07-31 12:31:12,ouster,7.07%,121.6MiB / 30.66GiB,0.39%,0B / 0B,0B / 2.88MB,30
2026-07-31 12:31:12,openzen,2.74%,34.58MiB / 30.66GiB,0.11%,0B / 0B,0B / 2.15MB,20
2026-07-31 12:31:12,realsense,16.92%,100.3MiB / 30.66GiB,0.32%,0B / 0B,119kB / 5.04MB,36
2026-07-31 12:31:12,mapir-ffmpeg,28.97%,480.7MiB / 30.66GiB,1.53%,0B / 0B,0B / 1.46MB,40
2026-07-31 12:31:12,domain_bridge,1.62%,76.55MiB / 30.66GiB,0.24%,0B / 0B,385kB / 5.18MB,28
2026-07-31 12:31:12,nav2,7.30%,141.8MiB / 30.66GiB,0.45%,0B / 0B,20.5kB / 2.04MB,92
2026-07-31 12:31:15,trav_ros2,101.97%,176.8MiB / 30.66GiB,0.56%,0B / 0B,0B / 2.86MB,44
2026-07-31 12:31:15,glim,162.76%,552.1MiB / 30.66GiB,1.76%,0B / 0B,111kB / 11.7MB,35
2026-07-31 12:31:15,scovox,105.17%,1.436GiB / 30.66GiB,4.68%,0B / 0B,8.19kB / 3.9MB,53
2026-07-31 12:31:15,ouster,6.98%,121.6MiB / 30.66GiB,0.39%,0B / 0B,0B / 2.88MB,30
2026-07-31 12:31:15,openzen,2.34%,34.89MiB / 30.66GiB,0.11%,0B / 0B,0B / 2.15MB,20
2026-07-31 12:31:15,domain_bridge,1.04%,76.86MiB / 30.66GiB,0.24%,0B / 0B,385kB / 5.18MB,28
2026-07-31 12:31:15,nav2,7.09%,142MiB / 30.66GiB,0.45%,0B / 0B,20.5kB / 2.05MB,92
2026-07-31 12:31:18,trav_ros2,102.06%,177.4MiB / 30.66GiB,0.56%,0B / 0B,0B / 2.86MB,44
2026-07-31 12:31:18,glim,145.29%,534.6MiB / 30.66GiB,1.70%,0B / 0B,111kB / 11.7MB,35
2026-07-31 12:31:18,scovox,112.47%,1.39GiB / 30.66GiB,4.53%,0B / 0B,8.19kB / 3.9MB,53
2026-07-31 12:31:18,ouster,7.94%,122.3MiB / 30.66GiB,0.39%,0B / 0B,0B / 2.88MB,30
2026-07-31 12:31:18,openzen,3.21%,34.86MiB / 30.66GiB,0.11%,0B / 0B,0B / 2.15MB,20
2026-07-31 12:31:18,domain_bridge,1.58%,76.8MiB / 30.66GiB,0.24%,0B / 0B,385kB / 5.18MB,28
2026-07-31 12:31:18,nav2,8.90%,143.9MiB / 30.66GiB,0.46%,0B / 0B,20.5kB / 2.05MB,92
2026-07-31 12:31:21,trav_ros2,78.23%,178MiB / 30.66GiB,0.57%,0B / 0B,0B / 2.86MB,44
2026-07-31 12:31:21,glim,147.75%,504.4MiB / 30.66GiB,1.61%,0B / 0B,111kB / 11.7MB,35
2026-07-31 12:31:21,scovox,105.68%,1.419GiB / 30.66GiB,4.63%,0B / 0B,8.19kB / 3.9MB,53
2026-07-31 12:31:21,ouster,7.62%,122.2MiB / 30.66GiB,0.39%,0B / 0B,0B / 2.88MB,30
2026-07-31 12:31:21,openzen,2.66%,35.14MiB / 30.66GiB,0.11%,0B / 0B,0B / 2.15MB,20
2026-07-31 12:31:21,domain_bridge,1.03%,76.87MiB / 30.66GiB,0.24%,0B / 0B,385kB / 5.18MB,28
2026-07-31 12:31:21,nav2,7.73%,142.7MiB / 30.66GiB,0.45%,0B / 0B,20.5kB / 2.05MB,92
